Loan_ID,Gender,Married,Dependents,Education,Self_Employed,ApplicantIncome,CoapplicantIncome,LoanAmount,Loan_Amount_Term,Credit_History,Property_Area,Loan_Status
LP000001,,Yes,,Graduate,No,13157,4340,102.0,360.0,1.0,Urban,Y
LP000002,Female,Yes,0,Graduate,Yes,35095,3968,147.0,240.0,1.0,Semiurban,Y
LP000003,Female,Yes,0,Not Graduate,Yes,22031,372,150.0,480.0,1.0,Urban,Y
LP000004,,Yes,1,Graduate,No,7018,247,111.0,300.0,1.0,Semiurban,Y
LP000005,Male,Yes,1,Graduate,No,55809,1444,226.0,360.0,1.0,Urban,Y
LP000006,Male,No,2,Graduate,No,3910,2554,208.0,120.0,1.0,Urban,N
LP000007,Male,Yes,3+,Not Graduate,No,16656,300,167.0,300.0,0.0,Urban,N
LP000008,Female,Yes,0,Graduate,No,6916,1575,129.0,360.0,1.0,Rural,Y
LP000009,Female,No,2,Graduate,No,4065,190,197.0,300.0,1.0,Rural,Y
LP000010,Female,No,0,Graduate,No,5391,3916,175.0,240.0,,Rural,N
LP000011,Male,No,1,Graduate,No,12843,552,128.0,240.0,1.0,Semiurban,N
LP000012,Female,No,0,Not Graduate,,17672,900,198.0,300.0,1.0,Rural,Y
LP000013,Female,No,0,Not Graduate,No,31167,3093,168.0,180.0,0.0,Urban,Y
LP000014,Male,Yes,,Graduate,No,43513,2766,66.0,240.0,1.0,Rural,Y
LP000015,Male,Yes,0,Graduate,No,16683,1936,100.0,360.0,1.0,Semiurban,Y
LP000016,Male,Yes,,Not Graduate,No,9371,3772,83.0,240.0,1.0,Semiurban,N
LP000017,Male,Yes,2,Graduate,No,30675,1791,201.0,180.0,,Semiurban,Y
LP000018,Male,Yes,3+,Graduate,No,8170,6229,114.0,180.0,1.0,Semiurban,Y
LP000019,Male,Yes,1,Graduate,Yes,3727,140,181.0,480.0,1.0,Urban,Y
LP000020,Male,Yes,0,Graduate,No,28316,1020,258.0,180.0,,Semiurban,N
LP000021,Female,Yes,0,Not Graduate,,38527,970,189.0,300.0,1.0,Rural,Y
LP000022,Male,Yes,0,Graduate,No,6922,843,129.0,360.0,0.0,Semiurban,Y
LP000023,,No,0,Graduate,No,64129,1992,112.0,480.0,0.0,Semiurban,N
LP000024,Male,Yes,1,Graduate,,21299,1417,134.0,360.0,1.0,Urban,Y
LP000025,Male,No,1,Not Graduate,No,18904,2950,98.0,240.0,1.0,Rural,Y
LP000026,,Yes,0,Graduate,No,8836,264,92.0,180.0,1.0,Rural,N
LP000027,Male,No,0,Graduate,,30146,17165,109.0,,1.0,Urban,Y
LP000028,Male,No,0,Not Graduate,No,3946,685,176.0,180.0,1.0,Semiurban,Y
LP000029,Male,Yes,0,Graduate,No,10179,1547,123.0,360.0,1.0,Semiurban,Y
LP000030,Male,Yes,0,Graduate,No,7431,856,138.0,360.0,1.0,Rural,Y
LP000031,Female,Yes,2,Graduate,No,4688,1208,173.0,480.0,1.0,Semiurban,Y
LP000032,Male,No,0,Graduate,No,26645,577,186.0,360.0,,Semiurban,Y
LP000033,Male,No,2,Not Graduate,Yes,17551,1403,53.0,300.0,0.0,Urban,Y
LP000034,,No,0,Graduate,No,25431,2199,63.0,360.0,1.0,Semiurban,Y
LP000035,Female,,0,Not Graduate,No,10693,61,130.0,240.0,1.0,Urban,N
LP000036,Female,,2,Graduate,No,29379,739,94.0,300.0,1.0,Rural,Y
LP000037,Male,No,1,Not Graduate,No,14210,706,192.0,480.0,1.0,Semiurban,Y
LP000038,Male,Yes,0,Graduate,No,9157,17770,126.0,360.0,1.0,Urban,Y
LP000039,Female,Yes,2,Graduate,No,8013,3078,239.0,180.0,1.0,Rural,N
LP000040,Male,Yes,0,Graduate,No,2734,6634,125.0,360.0,1.0,Semiurban,N
LP000041,Male,No,0,Graduate,No,33911,2142,165.0,180.0,1.0,Rural,Y
LP000042,Male,Yes,2,Graduate,No,30968,1210,116.0,300.0,1.0,Rural,Y
LP000043,Male,Yes,2,Graduate,No,138953,1697,174.0,360.0,1.0,Rural,Y
LP000044,Female,Yes,0,Graduate,No,10222,4219,175.0,,1.0,Rural,Y
LP000045,Male,No,0,Graduate,,7836,8956,194.0,240.0,1.0,Urban,Y
LP000046,Female,Yes,2,Graduate,No,3424,1575,143.0,,1.0,Urban,Y
LP000047,Male,Yes,0,Graduate,No,28795,519,213.0,360.0,1.0,Rural,Y
LP000048,Male,Yes,0,Not Graduate,No,23953,3325,164.0,180.0,1.0,Semiurban,Y
LP000049,Male,No,1,Graduate,No,46231,393,117.0,360.0,1.0,Rural,Y
LP000050,Male,No,3+,Not Graduate,No,6416,1751,118.0,240.0,1.0,Semiurban,N
LP000051,Female,No,0,Graduate,No,23696,2483,186.0,360.0,1.0,Rural,Y
LP000052,Female,Yes,2,Not Graduate,Yes,8798,963,213.0,240.0,1.0,Urban,N
LP000053,Female,No,1,Graduate,No,39142,370,93.0,360.0,1.0,Urban,Y
LP000054,Female,Yes,1,Not Graduate,Yes,20516,635,187.0,360.0,1.0,Rural,Y
LP000055,Male,Yes,2,Graduate,No,3848,750,75.0,120.0,1.0,Semiurban,Y
LP000056,Female,Yes,3+,Graduate,No,12028,309,119.0,480.0,1.0,Urban,N
LP000057,Male,Yes,0,Not Graduate,No,2811,689,174.0,360.0,1.0,Rural,Y
LP000058,Male,No,0,Graduate,Yes,5267,192,,,1.0,Rural,Y
LP000059,Male,Yes,3+,Graduate,No,5528,2229,,240.0,1.0,Semiurban,N
LP000060,Male,Yes,1,Not Graduate,No,8000,1635,180.0,300.0,1.0,Semiurban,Y
LP000061,Male,Yes,1,Graduate,No,10827,1508,90.0,,1.0,Rural,N
LP000062,Male,Yes,1,Graduate,No,15239,690,182.0,240.0,1.0,Urban,Y
LP000063,Female,Yes,2,Graduate,Yes,14641,810,83.0,360.0,1.0,Semiurban,N
LP000064,Male,Yes,2,Graduate,No,13107,405,150.0,180.0,,Rural,N
LP000065,Male,Yes,,Not Graduate,No,17429,2010,193.0,300.0,1.0,Semiurban,Y
LP000066,Male,Yes,1,Graduate,No,4915,214,185.0,360.0,1.0,Semiurban,Y
LP000067,Male,Yes,0,Graduate,No,14165,1212,145.0,360.0,1.0,Rural,Y
LP000068,Female,No,1,Graduate,No,42090,512,132.0,360.0,,Urban,Y
LP000069,Male,Yes,1,Graduate,No,11700,9034,92.0,240.0,1.0,Semiurban,Y
LP000070,Female,No,1,Not Graduate,No,19845,2063,159.0,240.0,1.0,Urban,Y
LP000071,Female,No,1,Graduate,No,18421,1096,190.0,300.0,1.0,Urban,Y
LP000072,Male,No,0,Graduate,No,26630,290,253.0,300.0,1.0,Rural,Y
LP000073,Male,Yes,1,Graduate,No,16809,213,127.0,360.0,1.0,Rural,Y
LP000074,Female,Yes,1,Not Graduate,No,26272,1988,192.0,120.0,1.0,Urban,Y
LP000075,Female,No,,Graduate,No,20046,9495,188.0,360.0,1.0,Semiurban,Y
LP000076,Female,Yes,1,Graduate,No,22602,1791,126.0,240.0,1.0,Urban,Y
LP000077,Female,Yes,0,Graduate,No,19028,1353,186.0,360.0,1.0,Urban,Y
LP000078,Male,Yes,1,Graduate,No,5970,1377,109.0,300.0,0.0,Urban,Y
LP000079,Male,Yes,,Graduate,Yes,5236,1240,162.0,,1.0,Urban,Y
LP000080,Male,No,,Graduate,No,10071,1399,139.0,300.0,1.0,Semiurban,N
LP000081,Female,Yes,1,Not Graduate,No,46226,481,172.0,300.0,0.0,Rural,N
LP000082,Female,Yes,1,Not Graduate,No,11645,340,176.0,360.0,1.0,Semiurban,N
LP000083,Male,Yes,0,Not Graduate,No,17113,1250,123.0,360.0,1.0,Rural,Y
LP000084,Male,Yes,2,Graduate,No,2768,6582,149.0,180.0,1.0,Urban,Y
LP000085,Male,Yes,0,Graduate,No,15599,2786,143.0,300.0,1.0,Semiurban,Y
LP000086,Male,Yes,1,Graduate,No,14310,249,95.0,360.0,1.0,Rural,Y
LP000087,Female,No,,Graduate,,1573,807,131.0,360.0,1.0,Urban,N
LP000088,Female,Yes,0,Graduate,Yes,16860,2630,121.0,360.0,1.0,Rural,Y
LP000089,Female,,1,Not Graduate,No,3566,6769,93.0,360.0,1.0,Urban,N
LP000090,Male,Yes,1,Graduate,No,7478,9410,109.0,180.0,1.0,Rural,Y
LP000091,Male,Yes,2,Not Graduate,No,29601,851,137.0,360.0,0.0,Rural,Y
LP000092,Female,Yes,2,Graduate,No,15153,2948,152.0,240.0,1.0,Semiurban,Y
LP000093,Female,Yes,2,Graduate,No,9332,1479,87.0,300.0,1.0,Rural,N
LP000094,Male,No,1,Graduate,No,8714,949,210.0,360.0,1.0,Semiurban,Y
LP000095,Female,No,1,Not Graduate,Yes,9562,1181,180.0,240.0,1.0,Urban,Y
LP000096,Male,,1,Not Graduate,No,15194,1199,145.0,300.0,1.0,Urban,Y
LP000097,Male,Yes,1,Graduate,No,5112,4492,89.0,480.0,1.0,Semiurban,N
LP000098,Male,No,1,Graduate,Yes,32844,203,139.0,180.0,,Semiurban,Y
LP000099,Male,Yes,3+,Not Graduate,No,5334,1923,136.0,180.0,1.0,Rural,Y
LP000100,Male,Yes,0,Graduate,No,3355,6955,95.0,360.0,1.0,Semiurban,N
LP000101,Male,No,3+,Graduate,No,29522,6112,91.0,300.0,0.0,Semiurban,N
LP000102,Female,Yes,0,Graduate,No,9418,2170,188.0,360.0,0.0,Semiurban,Y
LP000103,Male,No,0,Graduate,No,14134,442,133.0,300.0,1.0,Urban,Y
LP000104,,Yes,0,Graduate,No,22554,2785,194.0,240.0,1.0,Urban,Y
LP000105,Female,No,1,Not Graduate,No,7513,5377,149.0,240.0,1.0,Semiurban,Y
LP000106,Male,,0,Graduate,No,14908,591,187.0,240.0,1.0,Semiurban,Y
LP000107,Male,Yes,2,Graduate,No,22439,1684,185.0,240.0,,Semiurban,Y
LP000108,Female,Yes,2,Graduate,No,49741,857,173.0,240.0,1.0,Rural,Y
LP000109,Male,Yes,1,Graduate,No,8876,524,209.0,360.0,1.0,Rural,Y
LP000110,Male,Yes,1,Graduate,No,9224,751,155.0,360.0,0.0,Urban,Y
LP000111,Male,Yes,3+,Graduate,No,20966,1279,75.0,240.0,1.0,Rural,Y
LP000112,Male,Yes,2,Graduate,Yes,15785,364,83.0,300.0,0.0,Rural,Y
LP000113,Female,No,1,Graduate,No,11972,299,117.0,480.0,1.0,Urban,Y
LP000114,Female,Yes,2,Graduate,No,47769,377,187.0,240.0,1.0,Rural,Y
LP000115,Female,Yes,1,Graduate,No,3477,1625,129.0,360.0,0.0,Urban,Y
LP000116,Female,Yes,1,Graduate,No,4283,188,160.0,360.0,0.0,Semiurban,N
LP000117,Female,Yes,0,Graduate,No,3509,76,176.0,360.0,0.0,Semiurban,N
LP000118,Male,Yes,1,Graduate,No,34938,5693,158.0,,1.0,Semiurban,Y
LP000119,Female,Yes,0,Graduate,Yes,20166,325,35.0,300.0,0.0,Rural,N
LP000120,Male,No,0,Graduate,No,4462,868,,300.0,1.0,Semiurban,Y
LP000121,Female,Yes,1,Graduate,No,12107,3316,238.0,360.0,1.0,Urban,Y
LP000122,Female,Yes,3+,Graduate,Yes,13067,195,166.0,360.0,0.0,Semiurban,N
LP000123,Male,No,3+,Graduate,No,2281,194,15.0,360.0,1.0,Urban,Y
LP000124,Male,No,1,Graduate,No,15531,513,153.0,360.0,0.0,Rural,Y
LP000125,Male,Yes,,Not Graduate,No,5208,3475,240.0,360.0,0.0,Urban,Y
LP000126,Male,No,0,Not Graduate,No,23513,1068,163.0,300.0,1.0,Urban,Y
LP000127,Female,Yes,1,Not Graduate,Yes,5337,1086,152.0,360.0,1.0,Urban,Y
LP000128,Female,No,0,Graduate,No,15919,769,58.0,,0.0,Rural,N
LP000129,Male,Yes,0,Not Graduate,No,37633,2152,136.0,180.0,1.0,Rural,Y
LP000130,Male,Yes,1,Graduate,No,29133,6113,67.0,360.0,1.0,Urban,Y
LP000131,Male,No,0,Graduate,No,20044,39372,88.0,360.0,1.0,Semiurban,Y
LP000132,Male,Yes,0,Graduate,No,12518,918,77.0,180.0,1.0,Semiurban,Y
LP000133,Male,Yes,2,Not Graduate,No,4023,6844,236.0,180.0,1.0,Rural,Y
LP000134,Male,Yes,0,Graduate,No,9402,3637,186.0,240.0,1.0,Urban,Y
LP000135,Female,Yes,0,Not Graduate,No,11150,1510,220.0,360.0,0.0,Urban,N
LP000136,Male,Yes,0,Graduate,No,10527,77,83.0,180.0,1.0,Urban,N
LP000137,Male,Yes,0,Not Graduate,No,3917,696,159.0,300.0,1.0,Semiurban,N
LP000138,Female,Yes,0,Not Graduate,,18911,730,99.0,240.0,1.0,Semiurban,Y
LP000139,Male,Yes,2,Not Graduate,Yes,5194,1686,104.0,240.0,1.0,Rural,Y
LP000140,Female,Yes,0,Graduate,No,46022,865,173.0,360.0,1.0,Semiurban,Y
LP000141,Female,Yes,2,Not Graduate,No,15039,557,158.0,360.0,1.0,Urban,Y
LP000142,Male,Yes,0,Not Graduate,No,29243,12531,164.0,,1.0,Urban,Y
LP000143,Male,No,1,Graduate,No,28763,5270,87.0,360.0,1.0,Urban,Y
LP000144,Male,Yes,1,Graduate,Yes,70427,96,156.0,360.0,1.0,Rural,Y
LP000145,Male,Yes,1,Graduate,No,15452,782,167.0,240.0,1.0,Urban,Y
LP000146,Male,No,1,Graduate,No,9778,2338,116.0,360.0,1.0,Urban,Y
LP000147,Female,No,3+,Not Graduate,No,9930,5415,136.0,360.0,1.0,Urban,N
LP000148,Male,Yes,0,Graduate,No,44217,662,67.0,360.0,1.0,Semiurban,Y
LP000149,Male,No,1,Graduate,No,4646,846,42.0,360.0,0.0,Urban,Y
LP000150,Male,Yes,2,Graduate,No,6617,1228,250.0,360.0,1.0,Semiurban,Y
LP000151,Female,No,0,Graduate,No,16148,2426,160.0,240.0,1.0,Rural,Y
LP000152,Male,Yes,0,Graduate,Yes,11822,173,,360.0,1.0,Urban,Y
LP000153,Male,Yes,0,Not Graduate,No,28972,97,189.0,360.0,1.0,Urban,Y
LP000154,Male,Yes,1,Graduate,No,4578,4941,,360.0,1.0,Semiurban,Y
LP000155,Female,No,0,Not Graduate,No,12663,334,155.0,,1.0,Urban,Y
LP000156,Male,,0,Not Graduate,No,11503,14005,205.0,180.0,0.0,Semiurban,Y
LP000157,Female,Yes,1,Graduate,,5665,389,94.0,360.0,1.0,Rural,Y
LP000158,Female,Yes,1,Graduate,No,26982,878,125.0,300.0,0.0,Semiurban,N
LP000159,Male,No,0,Graduate,No,12413,1706,80.0,240.0,1.0,Urban,Y
LP000160,Female,No,0,Graduate,No,12000,84,191.0,180.0,1.0,Rural,Y
LP000161,,Yes,1,Graduate,No,6906,34107,160.0,240.0,0.0,Semiurban,Y
LP000162,Female,Yes,3+,Graduate,No,9937,682,208.0,240.0,1.0,Rural,Y
LP000163,Female,Yes,1,Not Graduate,No,5899,400,192.0,480.0,1.0,Rural,N
LP000164,Male,Yes,2,Graduate,No,26662,270,136.0,360.0,1.0,Semiurban,Y
LP000165,Male,No,0,Graduate,No,30523,1692,170.0,180.0,1.0,Semiurban,Y
LP000166,Female,Yes,,Not Graduate,No,51228,1554,171.0,360.0,1.0,Urban,Y
LP000167,Male,Yes,1,Not Graduate,No,18906,281,186.0,360.0,1.0,Urban,Y
LP000168,Male,Yes,2,Not Graduate,No,10184,211,223.0,240.0,1.0,Semiurban,Y
LP000169,Male,Yes,1,Not Graduate,No,9180,3890,95.0,360.0,,Semiurban,Y
LP000170,Male,Yes,2,Graduate,Yes,19781,499,56.0,120.0,1.0,Semiurban,Y
LP000171,Female,Yes,3+,Not Graduate,Yes,15688,139,97.0,360.0,1.0,Rural,N
LP000172,Male,,0,Not Graduate,No,11621,918,173.0,360.0,,Urban,N
LP000173,Male,Yes,0,Graduate,Yes,10832,677,170.0,360.0,1.0,Urban,Y
LP000174,Male,Yes,0,Graduate,No,34096,11384,121.0,360.0,1.0,Urban,Y
LP000175,Female,Yes,0,Graduate,No,9457,586,,480.0,0.0,Semiurban,N
LP000176,Male,Yes,0,Graduate,No,39235,757,108.0,360.0,,Urban,Y
LP000177,Female,No,2,Graduate,No,15455,1427,144.0,360.0,1.0,Rural,Y
LP000178,,Yes,0,Graduate,No,9953,552,115.0,120.0,0.0,Semiurban,N
LP000179,Female,Yes,0,Graduate,No,7127,1861,231.0,240.0,1.0,Rural,Y
LP000180,Male,No,0,Graduate,No,11806,323,216.0,360.0,1.0,Semiurban,Y
LP000181,Male,Yes,3+,Graduate,No,19984,822,186.0,480.0,1.0,Urban,Y
LP000182,Male,Yes,1,Not Graduate,No,9881,1786,151.0,360.0,1.0,Urban,N
LP000183,Female,Yes,3+,Graduate,Yes,26377,4294,206.0,360.0,0.0,Urban,Y
LP000184,Female,Yes,3+,Graduate,No,9494,542,154.0,240.0,0.0,Semiurban,Y
LP000185,Male,Yes,1,Graduate,No,12090,534,158.0,480.0,1.0,Rural,Y
LP000186,Female,Yes,0,Graduate,,4772,6970,63.0,360.0,1.0,Rural,N
LP000187,Female,No,0,Graduate,No,20901,565,163.0,300.0,1.0,Urban,Y
LP000188,,No,0,Graduate,No,10788,1024,85.0,360.0,1.0,Urban,Y
LP000189,Male,Yes,2,Not Graduate,No,47244,8563,129.0,480.0,1.0,Rural,Y
LP000190,Male,Yes,0,Graduate,No,23478,1189,158.0,300.0,1.0,Semiurban,Y
LP000191,Male,Yes,,Graduate,No,14294,814,105.0,360.0,1.0,Urban,Y
LP000192,Female,Yes,,Graduate,No,35601,890,173.0,180.0,1.0,Rural,Y
LP000193,Female,Yes,1,Graduate,No,18473,450,202.0,480.0,0.0,Semiurban,Y
LP000194,Female,No,1,Not Graduate,No,29929,1883,105.0,180.0,1.0,Rural,Y
LP000195,Male,Yes,0,Graduate,,6701,361,155.0,480.0,1.0,Rural,N
LP000196,Male,No,2,Not Graduate,No,19321,2791,87.0,240.0,0.0,Semiurban,Y
LP000197,Female,No,,Graduate,Yes,19973,1116,91.0,480.0,1.0,Semiurban,Y
LP000198,Female,No,0,Graduate,No,3882,1454,165.0,300.0,1.0,Semiurban,Y
LP000199,Female,Yes,2,Not Graduate,,44591,8739,185.0,360.0,1.0,Urban,Y
LP000200,Female,Yes,3+,Not Graduate,Yes,5280,192,74.0,120.0,1.0,Rural,Y
LP000201,Female,Yes,0,Not Graduate,No,4725,1129,252.0,300.0,1.0,Rural,N
LP000202,Male,Yes,0,Graduate,No,1367,2358,,300.0,1.0,Urban,Y
LP000203,Male,Yes,1,Not Graduate,No,19517,523,160.0,120.0,1.0,Rural,Y
LP000204,Female,Yes,0,Graduate,No,3588,3433,123.0,,0.0,Rural,N
LP000205,Female,Yes,2,Not Graduate,No,8834,570,135.0,360.0,1.0,Urban,Y
LP000206,Male,Yes,,Graduate,Yes,26115,1556,225.0,120.0,1.0,Urban,Y
LP000207,Male,No,2,Graduate,Yes,15578,945,225.0,300.0,1.0,Semiurban,Y
LP000208,Female,Yes,1,Not Graduate,No,8111,1331,67.0,120.0,1.0,Urban,Y
LP000209,Male,Yes,1,Graduate,No,3742,1198,121.0,360.0,1.0,Rural,N
LP000210,Male,Yes,0,Graduate,No,12257,1055,297.0,240.0,1.0,Urban,Y
LP000211,Male,No,0,Not Graduate,No,26481,621,128.0,180.0,1.0,Urban,Y
LP000212,Female,Yes,0,Graduate,No,23404,493,171.0,360.0,1.0,Semiurban,Y
LP000213,Female,Yes,0,Graduate,No,55794,1602,206.0,300.0,1.0,Rural,Y
LP000214,Male,Yes,0,Graduate,No,7920,1168,192.0,180.0,1.0,Urban,Y
LP000215,Female,No,2,Graduate,No,4658,477,9.0,360.0,1.0,Urban,Y
LP000216,Male,No,0,Graduate,No,17119,1655,166.0,360.0,1.0,Urban,Y
LP000217,Male,Yes,2,Graduate,No,15821,629,237.0,360.0,1.0,Semiurban,Y
LP000218,Female,Yes,1,Graduate,No,13307,7090,151.0,300.0,1.0,Semiurban,Y
LP000219,Female,Yes,2,Graduate,No,7353,21742,97.0,300.0,1.0,Semiurban,Y
LP000220,Female,Yes,3+,Graduate,No,1599,5807,98.0,480.0,1.0,Rural,Y
LP000221,Female,Yes,0,Graduate,Yes,5971,5431,140.0,360.0,1.0,Urban,Y
LP000222,Male,No,2,Graduate,No,20861,2913,183.0,300.0,1.0,Semiurban,Y
LP000223,Male,No,1,Not Graduate,No,16767,852,294.0,360.0,,Semiurban,Y
LP000224,Male,Yes,2,Graduate,No,28917,112,135.0,180.0,1.0,Rural,Y
LP000225,Male,Yes,1,Graduate,No,17608,320,178.0,240.0,1.0,Semiurban,Y
LP000226,Male,Yes,1,Graduate,Yes,24072,486,72.0,240.0,1.0,Urban,Y
LP000227,Female,No,0,Not Graduate,No,24631,4671,65.0,,1.0,Rural,Y
LP000228,Male,No,0,Graduate,Yes,13580,1491,125.0,360.0,1.0,Rural,Y
LP000229,Female,Yes,1,Not Graduate,No,13656,496,172.0,360.0,1.0,Urban,Y
LP000230,Female,Yes,3+,Graduate,Yes,1303,119,145.0,300.0,1.0,Rural,N
LP000231,,Yes,2,Graduate,No,7900,17708,152.0,240.0,1.0,Rural,Y
LP000232,Male,Yes,0,Graduate,Yes,8178,2079,136.0,240.0,1.0,Semiurban,Y
LP000233,Male,No,2,Not Graduate,Yes,12246,3262,,360.0,1.0,Semiurban,Y
LP000234,Male,Yes,2,Graduate,No,6346,576,135.0,180.0,1.0,Urban,Y
LP000235,Male,No,0,Graduate,No,28283,928,82.0,360.0,1.0,Urban,Y
LP000236,Female,Yes,,Graduate,No,6599,725,75.0,240.0,,Urban,Y
LP000237,Male,No,0,Graduate,No,32271,1184,217.0,240.0,1.0,Urban,Y
LP000238,Male,Yes,2,Graduate,No,6192,10046,108.0,,,Semiurban,Y
LP000239,Female,No,2,Graduate,No,8241,258,137.0,480.0,1.0,Urban,Y
LP000240,Male,Yes,0,Graduate,No,7755,1043,209.0,180.0,1.0,Urban,Y
LP000241,Female,Yes,0,Not Graduate,No,8982,1690,136.0,,0.0,Urban,Y
LP000242,Female,Yes,2,Graduate,Yes,34300,953,193.0,300.0,1.0,Semiurban,Y
LP000243,Female,Yes,3+,Not Graduate,Yes,10283,3620,,300.0,1.0,Urban,N
LP000244,Male,Yes,2,Not Graduate,No,10495,136,227.0,480.0,1.0,Urban,Y
LP000245,Male,Yes,1,Not Graduate,No,7380,10514,161.0,240.0,,Rural,N
LP000246,Female,No,0,Not Graduate,No,10852,211,148.0,360.0,1.0,Urban,Y
LP000247,Male,Yes,1,Not Graduate,No,15885,282,,360.0,0.0,Semiurban,Y
LP000248,Female,No,0,Graduate,No,11247,639,188.0,360.0,0.0,Rural,N
LP000249,Female,No,2,Graduate,No,11846,504,161.0,240.0,1.0,Urban,Y
LP000250,Female,Yes,0,Graduate,No,30116,1825,-9.0,240.0,1.0,Semiurban,Y
LP000251,Male,Yes,2,Graduate,No,16629,1588,127.0,240.0,1.0,Semiurban,Y
LP000252,Male,Yes,0,Graduate,No,5320,1256,166.0,300.0,1.0,Rural,N
LP000253,Female,Yes,2,Graduate,No,12478,200,101.0,180.0,1.0,Rural,Y
LP000254,Male,Yes,0,Graduate,No,8684,927,124.0,480.0,,Urban,N
LP000255,,No,1,Not Graduate,No,20268,1122,130.0,300.0,1.0,Urban,Y
LP000256,Male,Yes,1,Graduate,Yes,14506,4811,229.0,360.0,1.0,Semiurban,Y
LP000257,Female,Yes,0,Graduate,No,32999,1393,179.0,360.0,1.0,Rural,Y
LP000258,Female,Yes,3+,Graduate,No,7390,1735,166.0,240.0,1.0,Rural,N
LP000259,Male,No,1,Graduate,,11453,11556,91.0,300.0,1.0,Rural,Y
LP000260,Male,Yes,,Not Graduate,No,5702,272,115.0,180.0,1.0,Urban,N
LP000261,Female,Yes,2,Graduate,,12920,688,192.0,480.0,1.0,Urban,N
LP000262,Female,Yes,2,Graduate,No,3907,280,183.0,300.0,1.0,Rural,N
LP000263,Male,Yes,1,Graduate,No,17277,7538,78.0,120.0,1.0,Urban,Y
LP000264,Male,No,3+,Graduate,No,12779,8182,219.0,360.0,1.0,Semiurban,Y
LP000265,Female,No,0,Graduate,No,15125,6865,106.0,180.0,1.0,Urban,Y
LP000266,Female,Yes,0,Graduate,Yes,25097,2115,167.0,360.0,1.0,Semiurban,Y
LP000267,Female,Yes,1,Graduate,No,15991,1731,,480.0,1.0,Rural,Y
LP000268,Female,Yes,0,Graduate,,4810,632,129.0,480.0,1.0,Semiurban,Y
LP000269,Male,Yes,1,Not Graduate,,8563,2760,158.0,300.0,1.0,Semiurban,Y
LP000270,Male,,0,Graduate,No,12529,235,122.0,360.0,1.0,Rural,Y
LP000271,Female,Yes,1,Graduate,Yes,10275,234,158.0,240.0,1.0,Urban,N
LP000272,Female,Yes,2,Graduate,No,11330,662,221.0,180.0,1.0,Semiurban,Y
LP000273,Female,No,1,Graduate,Yes,48881,10555,140.0,360.0,0.0,Semiurban,Y
LP000274,Female,Yes,3+,Not Graduate,No,14476,592,135.0,360.0,1.0,Urban,Y
LP000275,Male,No,2,Graduate,No,18138,696,205.0,480.0,1.0,Urban,Y
LP000276,,Yes,0,Not Graduate,No,2678,1548,86.0,480.0,1.0,Semiurban,N
LP000277,Female,Yes,0,Graduate,No,24265,3223,154.0,300.0,0.0,Semiurban,N
LP000278,Female,No,0,Not Graduate,No,130818,4926,113.0,300.0,1.0,Rural,Y
LP000279,Female,Yes,2,Graduate,,39203,285,138.0,300.0,1.0,Urban,Y
LP000280,Female,,0,Graduate,Yes,9394,976,105.0,360.0,1.0,Urban,Y
LP000281,Female,Yes,0,Graduate,Yes,82854,1435,78.0,120.0,1.0,Semiurban,Y
LP000282,Male,Yes,,Graduate,No,13656,1619,39.0,360.0,1.0,Semiurban,Y
LP000283,Male,No,,Graduate,No,17072,3099,127.0,120.0,0.0,Semiurban,Y
LP000284,Male,No,0,Graduate,Yes,10786,2933,161.0,300.0,1.0,Semiurban,N
LP000285,Male,Yes,0,Not Graduate,No,10565,1130,190.0,,1.0,Urban,N
LP000286,Male,Yes,2,Graduate,No,2211,4371,83.0,360.0,1.0,Semiurban,Y
LP000287,Male,Yes,2,Graduate,No,25084,3507,,300.0,1.0,Semiurban,Y
LP000288,Male,,,Not Graduate,No,10534,3184,177.0,300.0,1.0,Semiurban,Y
LP000289,Male,Yes,1,Graduate,,11493,581,168.0,480.0,1.0,Semiurban,Y
LP000290,Male,Yes,2,Not Graduate,No,16625,2579,162.0,300.0,1.0,Urban,Y
LP000291,Male,Yes,2,Graduate,,9588,4648,41.0,360.0,1.0,Semiurban,Y
LP000292,Male,Yes,2,Graduate,,16499,591,144.0,360.0,1.0,Rural,Y
LP000293,Female,,1,Graduate,No,34977,1284,145.0,360.0,1.0,Urban,Y
LP000294,Male,Yes,3+,Not Graduate,No,18469,7170,177.0,300.0,1.0,Urban,Y
LP000295,Male,Yes,0,Not Graduate,No,11815,1764,219.0,180.0,1.0,Urban,Y
LP000296,Male,No,0,Not Graduate,Yes,12102,986,137.0,480.0,1.0,Urban,Y
LP000297,Female,No,2,Graduate,No,15685,6335,132.0,300.0,1.0,Rural,Y
LP000298,Male,Yes,1,Not Graduate,No,6865,623,156.0,240.0,1.0,Rural,N
LP000299,Female,Yes,2,Graduate,No,15776,143,151.0,480.0,1.0,Semiurban,Y
LP000300,Male,No,0,Graduate,Yes,23101,430,171.0,240.0,1.0,Rural,Y
LP000301,Male,No,2,Not Graduate,No,14328,4286,176.0,360.0,1.0,Urban,Y
LP000302,Male,No,0,Graduate,No,9515,2048,141.0,360.0,1.0,Semiurban,Y
LP000303,Male,Yes,1,Graduate,No,10618,1190,174.0,360.0,0.0,Semiurban,Y
LP000304,Female,No,0,Graduate,No,22510,3918,139.0,120.0,1.0,Urban,Y
LP000305,Female,Yes,1,Not Graduate,No,5540,1339,77.0,240.0,1.0,Semiurban,Y
LP000306,,No,2,Graduate,No,6952,839,92.0,360.0,1.0,Rural,Y
LP000307,Male,No,0,Graduate,No,3694,2987,33.0,360.0,1.0,Rural,N
LP000308,Male,Yes,0,Not Graduate,No,13728,693,233.0,360.0,0.0,Urban,N
LP000309,,No,1,Graduate,No,26622,1974,214.0,300.0,1.0,Rural,Y
LP000310,Male,Yes,2,Graduate,No,38761,422,201.0,360.0,1.0,Semiurban,Y
LP000311,Male,No,0,Graduate,No,46116,309,139.0,240.0,1.0,Semiurban,Y
LP000312,Male,Yes,0,Not Graduate,No,7689,388,198.0,240.0,1.0,Urban,N
LP000313,Male,No,0,Graduate,No,16318,1062,194.0,480.0,1.0,Semiurban,Y
LP000314,Female,Yes,3+,Graduate,No,9683,503,77.0,240.0,0.0,Urban,N
LP000315,Female,No,0,Graduate,No,49916,521,,480.0,1.0,Semiurban,Y
LP000316,Female,Yes,0,Graduate,No,37901,912,176.0,480.0,1.0,Urban,Y
LP000317,Male,Yes,2,Graduate,No,15282,1005,125.0,360.0,1.0,Urban,Y
LP000318,Male,Yes,1,Graduate,No,8139,170,114.0,360.0,1.0,Semiurban,N
LP000319,Male,No,0,Graduate,No,846,53,191.0,120.0,1.0,Semiurban,Y
LP000320,Male,Yes,3+,Not Graduate,No,4243,1772,108.0,360.0,1.0,Semiurban,N
LP000321,Male,Yes,1,Graduate,,3035,1296,274.0,360.0,1.0,Semiurban,Y
LP000322,,Yes,1,Not Graduate,Yes,4200,211,229.0,,,Rural,Y
LP000323,Female,No,0,Graduate,No,60058,1851,139.0,240.0,1.0,Urban,Y
LP000324,Male,Yes,2,Graduate,No,4740,1847,212.0,360.0,1.0,Urban,N
LP000325,Female,Yes,,Graduate,No,5717,763,159.0,360.0,1.0,Urban,Y
LP000326,,Yes,,Not Graduate,No,6396,11513,129.0,360.0,1.0,Semiurban,Y
LP000327,Male,Yes,0,Graduate,No,106813,5029,248.0,360.0,0.0,Semiurban,Y
LP000328,Female,Yes,2,Not Graduate,No,12708,679,169.0,360.0,,Semiurban,N
LP000329,Male,Yes,1,Graduate,No,29595,694,105.0,,0.0,Semiurban,Y
LP000330,Male,No,1,Graduate,No,15372,190,173.0,,1.0,Semiurban,Y
LP000331,Male,No,0,Graduate,Yes,2731,4767,233.0,180.0,1.0,Rural,N
LP000332,Female,Yes,1,Graduate,No,45529,1474,150.0,120.0,0.0,Urban,N
LP000333,Male,Yes,2,Graduate,,18414,2944,160.0,300.0,0.0,Semiurban,Y
LP000334,Male,,,Graduate,No,12120,84,135.0,240.0,1.0,Urban,Y
LP000335,Male,Yes,2,Graduate,No,54617,2787,167.0,120.0,1.0,Urban,Y
LP000336,,No,0,Graduate,,10124,594,101.0,180.0,1.0,Urban,Y
LP000337,Female,Yes,2,Graduate,No,11902,2210,110.0,300.0,1.0,Semiurban,N
LP000338,,Yes,0,Graduate,No,10136,2049,132.0,480.0,1.0,Urban,N
LP000339,Male,Yes,1,Graduate,No,31603,1069,158.0,480.0,1.0,Urban,Y
LP000340,Male,No,3+,Graduate,Yes,25618,474,205.0,180.0,1.0,Rural,Y
LP000341,Male,Yes,3+,Graduate,No,16695,1769,142.0,360.0,1.0,Urban,Y
LP000342,Male,Yes,0,Not Graduate,No,5759,402,191.0,300.0,1.0,Semiurban,N
LP000343,,Yes,1,Graduate,No,9934,3868,127.0,360.0,0.0,Rural,Y
LP000344,,No,0,Not Graduate,No,5757,461,179.0,360.0,1.0,Rural,Y
LP000345,Male,No,2,Graduate,No,33802,1126,209.0,480.0,1.0,Semiurban,Y
LP000346,Female,Yes,1,Graduate,No,3790,448,144.0,300.0,1.0,Urban,N
LP000347,Female,Yes,0,Graduate,No,47834,1326,167.0,240.0,0.0,Rural,Y
LP000348,Male,No,0,Graduate,No,37426,317,120.0,360.0,1.0,Urban,Y
LP000349,Male,Yes,,Graduate,No,6407,415,179.0,360.0,1.0,Urban,N
LP000350,Female,Yes,1,Graduate,Yes,9574,17213,9.0,180.0,1.0,Rural,Y
LP000351,Male,Yes,0,Graduate,No,7555,3020,68.0,300.0,0.0,Urban,N
LP000352,Female,Yes,0,Graduate,No,18848,1708,178.0,360.0,1.0,Semiurban,Y
LP000353,Female,Yes,,Not Graduate,No,41355,2032,68.0,240.0,1.0,Urban,Y
LP000354,Male,No,1,Graduate,No,34492,1582,125.0,480.0,1.0,Rural,Y
LP000355,Male,Yes,3+,Graduate,,9448,985,220.0,360.0,1.0,Semiurban,Y
LP000356,Female,Yes,2,Not Graduate,No,36455,2719,193.0,360.0,1.0,Rural,Y
LP000357,Male,No,1,Graduate,No,34113,406,269.0,180.0,1.0,Semiurban,Y
LP000358,Male,Yes,2,Graduate,No,11486,7440,153.0,360.0,1.0,Urban,Y
LP000359,Female,Yes,1,Not Graduate,No,13259,1266,145.0,300.0,1.0,Rural,Y
LP000360,Male,Yes,0,Graduate,No,45861,2869,150.0,360.0,1.0,Semiurban,Y
LP000361,Male,No,3+,Graduate,No,31153,7244,103.0,240.0,1.0,Rural,Y
LP000362,Female,No,0,Graduate,Yes,35590,1977,139.0,360.0,1.0,Rural,Y
LP000363,Male,No,0,Graduate,No,105694,414,86.0,360.0,1.0,Semiurban,Y
LP000364,Male,No,3+,Graduate,No,20698,4738,208.0,360.0,1.0,Semiurban,Y
LP000365,Female,Yes,0,Graduate,No,17335,8395,186.0,180.0,1.0,Urban,Y
LP000366,Male,Yes,2,Graduate,No,39590,106,91.0,300.0,1.0,Semiurban,Y
LP000367,Female,No,3+,Graduate,No,65529,970,116.0,360.0,1.0,Semiurban,Y
LP000368,Female,Yes,1,Not Graduate,No,8191,1555,169.0,480.0,1.0,Urban,Y
LP000369,Male,Yes,0,Not Graduate,No,11367,798,163.0,300.0,1.0,Rural,N
LP000370,Male,Yes,0,Not Graduate,Yes,5914,245,97.0,360.0,1.0,Urban,Y
LP000371,Male,Yes,0,Not Graduate,No,17574,380,153.0,360.0,1.0,Rural,Y
LP000372,Male,No,1,Graduate,No,27211,119,178.0,240.0,1.0,Rural,Y
LP000373,Male,Yes,2,Not Graduate,No,6253,3450,180.0,240.0,1.0,Rural,N
LP000374,Female,Yes,1,Graduate,No,33091,5700,234.0,360.0,1.0,Rural,Y
LP000375,Male,,1,Graduate,No,9295,5605,162.0,360.0,1.0,Rural,N
LP000376,Male,Yes,1,Graduate,No,8709,1058,87.0,360.0,1.0,Rural,Y
LP000377,,Yes,1,Graduate,Yes,32989,1519,96.0,480.0,1.0,Semiurban,Y
LP000378,Male,Yes,2,Not Graduate,No,8102,3959,212.0,240.0,1.0,Urban,Y
LP000379,Female,No,0,Graduate,No,4346,829,230.0,180.0,1.0,Urban,Y
LP000380,Male,No,2,Graduate,No,24219,351,148.0,300.0,,Semiurban,Y
LP000381,Male,No,1,Graduate,No,12023,552,169.0,180.0,1.0,Semiurban,N
LP000382,,No,0,Graduate,,34837,1353,,360.0,1.0,Semiurban,Y
LP000383,Female,Yes,0,Not Graduate,No,26014,465,135.0,180.0,1.0,Rural,Y
LP000384,Female,No,0,Not Graduate,No,3298,1935,75.0,360.0,1.0,Urban,N
LP000385,Female,No,1,Graduate,No,38270,215,173.0,300.0,1.0,Urban,Y
LP000386,Female,Yes,0,Graduate,No,61071,819,239.0,240.0,0.0,Rural,Y
LP000387,Male,Yes,3+,Graduate,No,30542,1784,,360.0,1.0,Semiurban,Y
LP000388,Male,No,1,Not Graduate,No,31542,1285,,360.0,1.0,Urban,Y
LP000389,Female,No,3+,Graduate,No,10958,453,128.0,360.0,0.0,Urban,Y
LP000390,Female,,0,Not Graduate,No,9123,2649,174.0,300.0,1.0,Semiurban,N
LP000391,Female,No,0,Graduate,Yes,15834,1502,,480.0,0.0,Urban,N
LP000392,Male,Yes,0,Not Graduate,Yes,27887,89,176.0,300.0,1.0,Semiurban,Y
LP000393,Male,Yes,0,Graduate,No,27331,1893,56.0,360.0,1.0,Rural,Y
LP000394,Female,Yes,2,Graduate,No,9412,660,237.0,120.0,1.0,Semiurban,N
LP000395,,Yes,0,Graduate,No,8679,584,191.0,360.0,0.0,Semiurban,N
LP000396,Female,No,1,Not Graduate,No,4055,405,140.0,360.0,1.0,Urban,Y
LP000397,Female,,,Not Graduate,No,22416,329,123.0,360.0,1.0,Urban,Y
LP000398,Male,,1,Graduate,No,9780,1405,,300.0,1.0,Semiurban,Y
LP000399,Female,Yes,2,Graduate,No,10500,2111,,360.0,1.0,Urban,Y
LP000400,Female,Yes,1,Not Graduate,No,53225,1317,51.0,480.0,1.0,Semiurban,Y
LP000401,Male,Yes,2,Not Graduate,No,21562,3426,175.0,300.0,0.0,Semiurban,Y
LP000402,Female,Yes,0,Graduate,Yes,17297,2203,164.0,180.0,1.0,Urban,Y
LP000403,Male,Yes,3+,Graduate,No,25955,98,163.0,360.0,1.0,Urban,Y
LP000404,Female,Yes,,Graduate,No,41626,365,91.0,360.0,1.0,Rural,Y
LP000405,Male,,1,Not Graduate,No,3662,4564,64.0,300.0,1.0,Semiurban,N
LP000406,Female,Yes,1,Graduate,No,8497,239,262.0,360.0,1.0,Semiurban,Y
LP000407,Male,,3+,Graduate,No,11095,41,156.0,,1.0,Semiurban,Y
LP000408,Male,Yes,1,Graduate,No,6107,9874,246.0,360.0,1.0,Semiurban,Y
LP000409,,Yes,2,Graduate,No,10805,1565,195.0,,1.0,Semiurban,N
LP000410,Male,Yes,1,Graduate,No,3862,483,155.0,180.0,1.0,Urban,Y
LP000411,Male,No,0,Graduate,No,27938,396,161.0,240.0,1.0,Semiurban,Y
LP000412,Female,No,2,Graduate,No,8830,2333,204.0,360.0,0.0,Semiurban,N
LP000413,Female,Yes,,Not Graduate,No,15689,1946,209.0,360.0,1.0,Urban,Y
LP000414,Male,Yes,1,Not Graduate,No,13919,1623,173.0,240.0,1.0,Semiurban,Y
LP000415,Female,No,1,Graduate,No,20867,874,204.0,240.0,1.0,Urban,Y
LP000416,Male,No,0,Graduate,No,1865,235,207.0,360.0,0.0,Urban,N
LP000417,Male,Yes,2,Graduate,No,19152,1050,166.0,360.0,1.0,Semiurban,Y
LP000418,Male,Yes,3+,Not Graduate,No,10720,3936,,360.0,,Urban,Y
LP000419,Female,Yes,2,Not Graduate,No,18499,572,174.0,480.0,1.0,Semiurban,Y
LP000420,Female,Yes,0,Graduate,No,5200,2255,112.0,180.0,1.0,Semiurban,N
LP000421,Female,Yes,1,Not Graduate,No,18600,674,130.0,480.0,1.0,Urban,Y
LP000422,Female,Yes,2,Graduate,No,37752,2868,169.0,360.0,0.0,Semiurban,Y
LP000423,Male,Yes,,Graduate,No,15549,338,146.0,360.0,1.0,Rural,Y
LP000424,Male,Yes,1,Graduate,No,7526,1114,215.0,360.0,1.0,Semiurban,Y
LP000425,Male,No,3+,Not Graduate,Yes,7794,1896,116.0,300.0,0.0,Urban,Y
LP000426,Male,,1,Graduate,Yes,21183,487,43.0,360.0,,Urban,N
LP000427,Male,Yes,1,Not Graduate,Yes,21072,1694,215.0,360.0,1.0,Rural,Y
LP000428,Female,No,0,Not Graduate,Yes,17769,1058,152.0,480.0,1.0,Semiurban,Y
LP000429,Male,,,Graduate,No,12964,1040,154.0,360.0,1.0,Urban,Y
LP000430,Male,No,0,Graduate,No,15714,486,110.0,120.0,1.0,Urban,Y
LP000431,Male,Yes,3+,Graduate,Yes,12683,3629,55.0,360.0,,Semiurban,Y
LP000432,Female,Yes,1,Not Graduate,No,9850,352,109.0,180.0,1.0,Semiurban,Y
LP000433,Female,Yes,1,Graduate,No,24489,1534,178.0,480.0,1.0,Semiurban,Y
LP000434,Male,Yes,2,Graduate,Yes,17121,395,139.0,300.0,1.0,Rural,Y
LP000435,Male,No,1,Not Graduate,No,37512,1012,133.0,480.0,1.0,Semiurban,Y
LP000436,Female,Yes,1,Not Graduate,No,32646,2371,65.0,,1.0,Semiurban,Y
LP000437,Male,Yes,0,Graduate,Yes,16680,775,240.0,360.0,0.0,Semiurban,N
LP000438,Female,Yes,2,Not Graduate,Yes,21510,27,147.0,240.0,1.0,Urban,Y
LP000439,Female,Yes,0,Graduate,No,6212,218,267.0,,1.0,Semiurban,N
LP000440,Male,Yes,0,Graduate,No,12555,82,168.0,300.0,1.0,Semiurban,Y
LP000441,Male,Yes,0,Graduate,No,17573,1189,227.0,,1.0,Rural,Y
LP000442,Female,No,0,Not Graduate,No,3766,1090,114.0,300.0,1.0,Urban,Y
LP000443,Male,No,0,Graduate,No,18836,719,74.0,,0.0,Semiurban,Y
LP000444,Male,No,1,Graduate,No,6201,517,140.0,180.0,0.0,Urban,Y
LP000445,Female,Yes,0,Graduate,No,6770,1429,178.0,360.0,1.0,Rural,Y
LP000446,Female,No,1,Not Graduate,No,8746,193,183.0,360.0,0.0,Urban,N
LP000447,Female,Yes,0,Graduate,No,13037,3453,169.0,360.0,1.0,Rural,Y
LP000448,Female,Yes,0,Graduate,Yes,4617,1200,264.0,180.0,1.0,Rural,N
LP000449,Male,Yes,1,Graduate,No,26510,352,169.0,120.0,1.0,Urban,Y
LP000450,Male,No,3+,Graduate,No,15397,663,134.0,120.0,1.0,Urban,Y
LP000451,Female,No,2,Graduate,No,62316,936,138.0,360.0,1.0,Urban,Y
LP000452,Male,No,3+,Not Graduate,No,16984,209,109.0,360.0,1.0,Rural,N
LP000453,Male,No,1,Graduate,Yes,21091,2452,164.0,180.0,0.0,Semiurban,Y
LP000454,Female,No,1,Not Graduate,Yes,6747,3493,204.0,300.0,1.0,Rural,N
LP000455,Male,No,1,Graduate,No,5190,1262,220.0,360.0,1.0,Semiurban,N
LP000456,Male,Yes,1,Graduate,No,21923,3390,135.0,360.0,1.0,Urban,Y
LP000457,Male,Yes,0,Graduate,No,5571,26370,147.0,360.0,1.0,Urban,Y
LP000458,Male,Yes,1,Graduate,Yes,22325,115,117.0,,1.0,Urban,Y
LP000459,Male,,0,Not Graduate,No,52324,1167,198.0,120.0,1.0,Semiurban,Y
LP000460,Male,Yes,1,Graduate,No,28470,218,88.0,360.0,1.0,Urban,Y
LP000461,,,1,Graduate,No,21085,7135,113.0,180.0,1.0,Semiurban,Y
LP000462,Female,Yes,0,Graduate,,16574,1473,-57.0,360.0,1.0,Urban,Y
LP000463,Female,No,0,Graduate,No,9826,474,91.0,300.0,1.0,Semiurban,Y
LP000464,Male,No,0,Graduate,No,12189,802,120.0,240.0,1.0,Urban,N
LP000465,Female,Yes,3+,Graduate,No,8498,5451,124.0,300.0,1.0,Semiurban,Y
LP000466,Male,Yes,0,Not Graduate,No,4664,1886,85.0,300.0,1.0,Semiurban,Y
LP000467,Male,Yes,0,Graduate,No,13743,2196,93.0,360.0,0.0,Rural,Y
LP000468,Female,Yes,2,Graduate,No,32412,6540,213.0,240.0,1.0,Urban,Y
LP000469,Male,No,1,Graduate,No,4764,3446,111.0,180.0,1.0,Rural,Y
LP000470,Female,Yes,0,Not Graduate,No,40896,4225,59.0,360.0,1.0,Rural,Y
LP000471,Male,,0,Graduate,No,35374,942,97.0,240.0,0.0,Urban,Y
LP000472,Female,No,0,Graduate,No,18353,73,98.0,120.0,1.0,Rural,Y
LP000473,Male,No,0,Graduate,No,18472,1241,146.0,300.0,1.0,Urban,Y
LP000474,Female,Yes,0,Graduate,Yes,11510,494,167.0,360.0,1.0,Urban,Y
LP000475,Male,No,1,Graduate,,13816,2825,82.0,300.0,1.0,Rural,Y
LP000476,Female,Yes,2,Not Graduate,No,9220,131,165.0,300.0,1.0,Rural,N
LP000477,Male,,1,Not Graduate,No,13702,2962,219.0,120.0,1.0,Semiurban,Y
LP000478,Male,Yes,1,Graduate,No,14940,1375,200.0,360.0,1.0,Urban,Y
LP000479,Female,Yes,0,Graduate,No,60173,1676,178.0,300.0,1.0,Semiurban,Y
LP000480,Male,Yes,0,Graduate,No,21004,2304,170.0,360.0,1.0,Rural,Y
LP000481,Female,Yes,2,Not Graduate,Yes,11299,1059,134.0,300.0,1.0,Semiurban,N
LP000482,Female,Yes,0,Graduate,No,12343,735,220.0,360.0,0.0,Urban,N
LP000483,Male,No,2,Not Graduate,No,7550,4281,171.0,360.0,1.0,Semiurban,Y
LP000484,Female,Yes,1,Not Graduate,No,8614,2234,109.0,240.0,1.0,Semiurban,Y
LP000485,Male,Yes,2,Graduate,No,27682,2506,142.0,240.0,1.0,Rural,Y
LP000486,Female,No,0,Graduate,No,8998,993,116.0,360.0,1.0,Rural,Y
LP000487,Male,Yes,0,Graduate,Yes,8151,1250,143.0,,1.0,Rural,N
LP000488,Male,No,2,Graduate,,8316,1079,210.0,,1.0,Rural,N
LP000489,Female,Yes,2,Graduate,No,7455,135,141.0,360.0,1.0,Urban,Y
LP000490,Female,Yes,0,Graduate,,32917,209,110.0,180.0,1.0,Rural,Y
LP000491,Male,Yes,3+,Graduate,No,14975,945,202.0,480.0,1.0,Rural,Y
LP000492,Female,Yes,0,Not Graduate,No,10658,115,213.0,300.0,0.0,Semiurban,Y
LP000493,Male,Yes,0,Graduate,Yes,13676,960,110.0,180.0,1.0,Semiurban,Y
LP000494,Male,Yes,1,Graduate,Yes,15896,374,223.0,480.0,1.0,Rural,Y
LP000495,Male,Yes,2,Not Graduate,No,7347,1001,198.0,240.0,1.0,Semiurban,N
LP000496,Male,Yes,3+,Graduate,No,4395,1344,122.0,360.0,0.0,Rural,N
LP000497,Male,Yes,,Graduate,No,38979,117,210.0,180.0,0.0,Semiurban,Y
LP000498,Male,Yes,0,Graduate,No,29449,1619,88.0,360.0,1.0,Urban,Y
LP000499,Female,Yes,1,Graduate,No,18074,639,125.0,480.0,,Rural,Y
LP000500,Female,Yes,0,Graduate,No,27871,67,95.0,480.0,1.0,Rural,Y
LP000501,Female,Yes,1,Not Graduate,No,61789,630,101.0,180.0,0.0,Rural,N
LP000502,Male,Yes,1,Not Graduate,No,8705,1729,192.0,360.0,1.0,Rural,Y
LP000503,Male,No,0,Graduate,No,5453,673,149.0,360.0,1.0,Semiurban,Y
LP000504,Female,Yes,1,Not Graduate,No,22679,626,94.0,360.0,0.0,Semiurban,Y
LP000505,Female,No,1,Not Graduate,No,4132,1319,120.0,300.0,1.0,Rural,Y
LP000506,,Yes,2,Graduate,No,13771,617,116.0,300.0,0.0,Urban,Y
LP000507,Female,Yes,1,Graduate,No,10522,795,162.0,300.0,1.0,Urban,Y
LP000508,Female,,0,Graduate,No,22904,223,263.0,360.0,1.0,Urban,Y
LP000509,Female,No,0,Graduate,No,9083,588,160.0,360.0,,Urban,Y
LP000510,Female,Yes,0,Graduate,Yes,34885,10518,163.0,,1.0,Semiurban,Y
LP000511,,Yes,0,Graduate,No,7350,1358,227.0,360.0,1.0,Semiurban,N
LP000512,Male,Yes,1,Graduate,No,23497,1514,122.0,180.0,1.0,Urban,Y
LP000513,Female,Yes,3+,Graduate,No,7839,507,216.0,120.0,1.0,Rural,Y
LP000514,,Yes,1,Graduate,No,20718,682,128.0,360.0,1.0,Urban,Y
LP000515,Male,Yes,1,Graduate,,5932,833,131.0,360.0,0.0,Semiurban,Y
LP000516,Male,Yes,1,Graduate,No,13104,3130,133.0,480.0,,Rural,Y
LP000517,Male,Yes,0,Graduate,No,38471,4622,144.0,360.0,1.0,Semiurban,Y
LP000518,Female,Yes,3+,Not Graduate,,14647,635,141.0,360.0,0.0,Urban,N
LP000519,Female,No,3+,Graduate,No,34422,1066,167.0,300.0,1.0,Urban,Y
LP000520,Male,No,1,Graduate,No,13081,827,128.0,360.0,1.0,Rural,N
LP000521,Male,Yes,0,Graduate,No,8919,2737,155.0,360.0,1.0,Urban,N
LP000522,Male,,2,Graduate,,15330,1924,69.0,300.0,1.0,Semiurban,Y
LP000523,,No,0,Graduate,No,21910,984,189.0,360.0,1.0,Rural,Y
LP000524,Female,Yes,2,Graduate,Yes,2909,3683,206.0,180.0,1.0,Semiurban,Y
LP000525,Female,Yes,2,Graduate,No,20288,2042,161.0,180.0,1.0,Semiurban,Y
LP000526,Male,No,0,Graduate,No,6298,434,187.0,480.0,1.0,Semiurban,Y
LP000527,Male,Yes,3+,Graduate,No,5162,1107,108.0,,1.0,Semiurban,Y
LP000528,Male,Yes,3+,Graduate,No,20555,887,225.0,,1.0,Rural,Y
LP000529,Male,No,3+,Graduate,No,38979,335,159.0,180.0,0.0,Semiurban,Y
LP000530,Female,Yes,1,Graduate,No,15884,836,69.0,360.0,1.0,Urban,Y
LP000531,Female,No,0,Not Graduate,No,4517,4302,210.0,180.0,1.0,Urban,N
LP000532,Female,No,1,Graduate,No,7813,4080,185.0,120.0,,Urban,Y
LP000533,Female,No,1,Graduate,Yes,9560,3280,243.0,480.0,1.0,Rural,N
LP000534,,,0,Graduate,No,15628,2793,233.0,360.0,1.0,Semiurban,Y
LP000535,Female,Yes,1,Not Graduate,No,12613,1407,217.0,300.0,1.0,Rural,N
LP000536,Female,Yes,1,Graduate,Yes,19854,532,173.0,,1.0,Semiurban,Y
LP000537,Female,Yes,0,Graduate,,29731,2157,185.0,360.0,1.0,Semiurban,Y
LP000538,Male,Yes,0,Graduate,Yes,17602,152,96.0,360.0,,Rural,Y
LP000539,Male,,0,Graduate,No,27404,489,136.0,480.0,,Rural,Y
LP000540,Male,Yes,2,Graduate,No,10766,4128,299.0,180.0,1.0,Semiurban,Y
LP000541,Female,Yes,1,Not Graduate,No,186600,607,63.0,360.0,1.0,Semiurban,Y
LP000542,Female,Yes,0,Graduate,No,20796,2363,165.0,300.0,1.0,Semiurban,Y
LP000543,Male,No,3+,Not Graduate,No,23091,709,148.0,240.0,1.0,Urban,Y
LP000544,,No,0,Graduate,No,54510,2122,192.0,360.0,0.0,Rural,N
LP000545,Female,No,1,Not Graduate,No,14336,172,159.0,360.0,1.0,Rural,Y
LP000546,Male,Yes,2,Graduate,Yes,7971,5045,210.0,480.0,1.0,Semiurban,N
LP000547,Male,No,2,Graduate,No,37992,287,150.0,180.0,1.0,Urban,Y
LP000548,Female,No,0,Not Graduate,No,39819,213,188.0,240.0,1.0,Rural,Y
LP000549,Male,Yes,3+,Graduate,No,15105,4729,168.0,360.0,1.0,Rural,Y
LP000550,Female,Yes,3+,Not Graduate,No,54595,1092,135.0,300.0,0.0,Rural,Y
LP000551,Male,Yes,1,Graduate,No,12498,759,128.0,300.0,1.0,Urban,Y
LP000552,Female,Yes,1,Not Graduate,No,28164,7195,213.0,360.0,1.0,Urban,Y
LP000553,Male,Yes,0,Graduate,No,44910,2636,181.0,300.0,1.0,Semiurban,Y
LP000554,Male,Yes,1,Not Graduate,No,14453,639,199.0,120.0,,Urban,N
LP000555,Female,No,1,Graduate,No,19253,933,212.0,360.0,1.0,Semiurban,Y
LP000556,Male,Yes,2,Graduate,No,30357,3978,124.0,240.0,0.0,Semiurban,Y
LP000557,Male,Yes,1,Graduate,Yes,9967,345,136.0,480.0,0.0,Rural,N
LP000558,Male,No,1,Not Graduate,No,6965,6199,132.0,360.0,1.0,Urban,Y
LP000559,Female,Yes,0,Graduate,No,38808,644,201.0,360.0,1.0,Semiurban,Y
LP000560,Female,No,0,Graduate,Yes,17075,385,154.0,480.0,1.0,Semiurban,Y
LP000561,Female,Yes,0,Graduate,No,8915,4041,,180.0,1.0,Urban,Y
LP000562,Male,No,0,Graduate,No,14404,2647,97.0,180.0,1.0,Rural,Y
LP000563,Male,Yes,1,Graduate,,20066,130,191.0,360.0,1.0,Urban,Y
LP000564,Male,Yes,2,Not Graduate,,3806,964,192.0,360.0,1.0,Urban,N
LP000565,Male,Yes,1,Graduate,No,23689,291,178.0,120.0,1.0,Urban,Y
LP000566,Male,No,1,Graduate,No,18522,2858,158.0,480.0,1.0,Rural,Y
LP000567,Male,No,1,Not Graduate,,50215,8634,202.0,300.0,,Urban,Y
LP000568,Male,Yes,0,Graduate,Yes,11212,2090,147.0,300.0,1.0,Semiurban,N
LP000569,,No,0,Graduate,No,40202,440,,360.0,1.0,Semiurban,Y
LP000570,Male,Yes,0,Graduate,No,12890,3190,185.0,240.0,1.0,Urban,Y
LP000571,Male,Yes,2,Not Graduate,Yes,14933,1032,86.0,360.0,1.0,Semiurban,Y
LP000572,Female,No,,Graduate,,16726,1003,143.0,300.0,1.0,Urban,Y
LP000573,Male,Yes,0,Graduate,Yes,71296,612,166.0,180.0,1.0,Semiurban,Y
LP000574,Female,Yes,1,Graduate,,4956,1243,115.0,300.0,1.0,Urban,Y
LP000575,Female,No,3+,Graduate,,19852,1007,203.0,240.0,1.0,Urban,Y
LP000576,Female,,1,Not Graduate,Yes,13818,61,51.0,360.0,1.0,Semiurban,N
LP000577,Male,,2,Graduate,No,13058,1131,190.0,360.0,0.0,Semiurban,N
LP000578,Female,No,1,Graduate,No,21298,929,184.0,300.0,1.0,Urban,Y
LP000579,Male,Yes,1,Not Graduate,No,32363,1662,50.0,240.0,1.0,Urban,Y
LP000580,Male,No,2,Graduate,No,20441,98,155.0,180.0,1.0,Semiurban,Y
LP000581,Male,Yes,2,Graduate,No,35888,2027,128.0,180.0,1.0,Semiurban,Y
LP000582,,No,0,Not Graduate,No,10929,1134,220.0,180.0,1.0,Semiurban,Y
LP000583,Male,Yes,0,Not Graduate,No,12850,1986,108.0,240.0,1.0,Urban,Y
LP000584,Male,Yes,0,Not Graduate,No,5998,155,189.0,120.0,1.0,Urban,N
LP000585,Female,Yes,1,Not Graduate,Yes,65272,249,199.0,180.0,1.0,Urban,Y
LP000586,Male,Yes,2,Graduate,Yes,11506,115,130.0,300.0,1.0,Semiurban,Y
LP000587,Male,Yes,0,Not Graduate,No,10532,1307,214.0,240.0,1.0,Urban,N
LP000588,Male,No,0,Graduate,No,21705,724,129.0,240.0,,Semiurban,Y
LP000589,Male,No,2,Not Graduate,No,32391,922,216.0,300.0,1.0,Rural,Y
LP000590,Male,Yes,1,Not Graduate,No,7679,206,280.0,120.0,1.0,Semiurban,Y
LP000591,Male,No,1,Graduate,Yes,34521,256,196.0,240.0,1.0,Urban,Y
LP000592,Female,Yes,2,Graduate,No,10481,54,180.0,360.0,1.0,Urban,N
LP000593,Male,Yes,1,Graduate,No,41960,218,126.0,,1.0,Semiurban,Y
LP000594,Male,Yes,,Not Graduate,No,8666,502,242.0,240.0,,Urban,N
LP000595,Female,No,0,Not Graduate,No,24061,534,194.0,240.0,0.0,Semiurban,N
LP000596,Male,No,0,Graduate,Yes,13824,1011,126.0,480.0,1.0,Semiurban,Y
LP000597,Female,Yes,1,Graduate,No,5425,2735,224.0,180.0,1.0,Semiurban,Y
LP000598,Male,Yes,1,Not Graduate,No,4303,479,155.0,480.0,1.0,Urban,Y
LP000599,Male,Yes,3+,Graduate,No,7373,1971,183.0,180.0,1.0,Semiurban,N
LP000600,Male,Yes,3+,Graduate,No,29556,2790,129.0,360.0,1.0,Semiurban,Y
LP000601,Male,Yes,2,Graduate,No,2822,4359,103.0,360.0,1.0,Urban,Y
LP000602,Male,Yes,0,Not Graduate,No,17451,1973,105.0,360.0,1.0,Semiurban,Y
LP000603,Male,Yes,3+,Not Graduate,No,16277,1197,130.0,240.0,0.0,Rural,Y
LP000604,Male,No,1,Graduate,No,3477,300,175.0,360.0,1.0,Rural,Y
LP000605,Male,Yes,0,Graduate,No,7062,1520,135.0,360.0,1.0,Urban,Y
LP000606,Male,Yes,2,Graduate,No,7051,698,110.0,360.0,1.0,Semiurban,N
LP000607,Male,Yes,0,Not Graduate,No,13934,5720,102.0,360.0,1.0,Rural,Y
LP000608,,No,0,Graduate,No,43177,1223,213.0,180.0,1.0,Rural,Y
LP000609,Male,No,2,Graduate,No,31570,905,143.0,360.0,1.0,Semiurban,Y
LP000610,Female,No,1,Graduate,Yes,10014,5997,52.0,240.0,1.0,Urban,Y
LP000611,Male,Yes,,Not Graduate,No,6880,614,,240.0,0.0,Urban,N
LP000612,Female,No,1,Graduate,Yes,3840,1092,129.0,360.0,1.0,Urban,Y
LP000613,Female,,3+,Graduate,No,9868,12225,160.0,180.0,1.0,Rural,Y
LP000614,Male,Yes,1,Not Graduate,No,6509,1509,121.0,480.0,1.0,Semiurban,Y
LP000615,Female,Yes,0,Not Graduate,No,12978,4230,214.0,180.0,,Urban,Y
LP000616,Female,Yes,0,Graduate,No,13378,6664,142.0,360.0,,Rural,Y
LP000617,Male,No,0,Graduate,No,9131,565,,360.0,1.0,Rural,Y
LP000618,Male,No,3+,Graduate,No,9286,3263,134.0,360.0,1.0,Rural,N
LP000619,Female,Yes,1,Graduate,No,7669,735,173.0,300.0,1.0,Rural,Y
LP000620,Female,Yes,1,Graduate,Yes,8866,12681,169.0,300.0,1.0,Urban,Y
LP000621,Male,Yes,1,Graduate,Yes,42139,6200,,480.0,0.0,Rural,Y
LP000622,Male,Yes,2,Graduate,No,20216,2675,151.0,360.0,1.0,Urban,Y
LP000623,,Yes,1,Not Graduate,No,20436,3841,137.0,300.0,1.0,Rural,Y
LP000624,Male,No,1,Graduate,Yes,30018,475,192.0,240.0,1.0,Rural,Y
LP000625,Female,No,0,Graduate,No,27968,8613,85.0,360.0,1.0,Semiurban,Y
LP000626,Male,Yes,0,Graduate,No,41764,370,132.0,360.0,0.0,Semiurban,Y
LP000627,,No,3+,Graduate,Yes,21391,1787,140.0,180.0,1.0,Urban,Y
LP000628,Female,Yes,3+,Graduate,No,15742,465,219.0,240.0,,Urban,N
LP000629,Male,Yes,3+,Not Graduate,No,8328,3079,208.0,360.0,,Semiurban,Y
LP000630,Male,Yes,3+,Graduate,No,6909,8902,,360.0,1.0,Semiurban,Y
LP000631,Female,Yes,2,Graduate,No,27059,1885,100.0,300.0,1.0,Urban,Y
LP000632,Female,No,1,Graduate,Yes,12223,1600,152.0,300.0,0.0,Rural,N
LP000633,Male,Yes,2,Graduate,No,4501,956,243.0,240.0,1.0,Urban,Y
LP000634,,Yes,1,Graduate,Yes,2503,1237,142.0,240.0,1.0,Urban,Y
LP000635,Male,Yes,0,Graduate,Yes,74466,732,156.0,300.0,1.0,Urban,Y
LP000636,Male,No,,Not Graduate,No,6070,7785,159.0,180.0,0.0,Rural,Y
LP000637,Male,Yes,3+,Not Graduate,No,7715,2843,107.0,300.0,,Urban,N
LP000638,Male,No,0,Graduate,,35684,722,109.0,240.0,1.0,Semiurban,Y
LP000639,Male,No,2,Graduate,No,5080,1179,109.0,240.0,1.0,Urban,N
LP000640,Male,,0,Graduate,No,20437,36281,135.0,180.0,1.0,Rural,Y
LP000641,Male,Yes,0,Not Graduate,Yes,57387,1520,172.0,180.0,1.0,Semiurban,Y
LP000642,Male,No,0,Graduate,,72479,6270,158.0,240.0,1.0,Rural,Y
LP000643,Male,Yes,0,Graduate,No,9339,549,175.0,300.0,1.0,Urban,Y
LP000644,Male,No,0,Graduate,No,13231,1935,258.0,180.0,1.0,Semiurban,N
LP000645,Male,Yes,0,Graduate,No,9729,518,279.0,360.0,1.0,Rural,N
LP000646,Female,Yes,2,Graduate,No,13169,576,154.0,,1.0,Urban,Y
LP000647,Male,No,0,Graduate,Yes,37745,2842,196.0,360.0,1.0,Rural,Y
LP000648,Female,No,0,Graduate,No,4361,374,182.0,240.0,1.0,Rural,Y
LP000649,Female,No,0,Graduate,No,22434,262,203.0,360.0,1.0,Urban,Y
LP000650,Male,Yes,1,Graduate,No,11425,2495,202.0,360.0,1.0,Urban,N
LP000651,Male,No,1,Graduate,No,39926,610,123.0,120.0,1.0,Urban,Y
LP000652,Male,No,1,Graduate,No,38266,783,249.0,360.0,1.0,Rural,Y
LP000653,,No,0,Graduate,No,9645,126,,240.0,1.0,Semiurban,Y
LP000654,Female,Yes,0,Graduate,Yes,12226,239,198.0,360.0,1.0,Urban,N
LP000655,Male,Yes,2,Graduate,No,27288,1429,184.0,360.0,,Rural,Y
LP000656,Male,No,2,Graduate,No,29338,828,169.0,480.0,1.0,Urban,Y
LP000657,Male,Yes,0,Graduate,Yes,1848,3264,160.0,240.0,1.0,Semiurban,Y
LP000658,Male,Yes,1,Graduate,No,27218,372,189.0,480.0,,Urban,Y
LP000659,,Yes,0,Graduate,No,49870,898,162.0,180.0,1.0,Semiurban,Y
LP000660,Male,Yes,0,Graduate,No,16390,1159,168.0,480.0,1.0,Semiurban,N
LP000661,,Yes,2,Not Graduate,No,28570,858,,360.0,1.0,Urban,Y
LP000662,Female,Yes,1,Graduate,,37160,2246,143.0,480.0,1.0,Urban,Y
LP000663,Female,No,0,Not Graduate,No,15950,297,245.0,300.0,1.0,Semiurban,Y
LP000664,Male,Yes,0,Not Graduate,,25626,2027,160.0,480.0,1.0,Rural,Y
LP000665,Male,Yes,3+,Graduate,No,13496,4302,135.0,360.0,0.0,Rural,Y
LP000666,Male,,2,Not Graduate,No,12813,408,164.0,300.0,,Semiurban,N
LP000667,Male,Yes,2,Graduate,No,7869,1773,95.0,300.0,1.0,Urban,Y
LP000668,Male,Yes,1,Graduate,No,15343,1683,203.0,300.0,0.0,Semiurban,Y
LP000669,Male,No,1,Graduate,No,60444,2222,,360.0,0.0,Urban,Y
LP000670,,Yes,0,Graduate,No,6489,1098,139.0,240.0,1.0,Semiurban,Y
LP000671,Male,No,0,Graduate,No,21883,6014,134.0,300.0,1.0,Urban,Y
LP000672,Female,Yes,1,Graduate,No,17270,13798,77.0,180.0,1.0,Semiurban,Y
LP000673,Male,Yes,1,Graduate,No,43471,2321,247.0,300.0,1.0,Urban,Y
LP000674,Male,,0,Graduate,No,50529,1598,166.0,360.0,1.0,Urban,Y
LP000675,Male,Yes,2,Graduate,No,6377,1114,246.0,360.0,,Semiurban,N
LP000676,Female,No,0,Graduate,No,8439,226,143.0,300.0,0.0,Urban,N
LP000677,Male,No,0,Not Graduate,No,8816,197,179.0,240.0,1.0,Urban,Y
LP000678,Male,Yes,0,Graduate,No,9069,274,193.0,300.0,0.0,Semiurban,N
LP000679,Female,Yes,1,Graduate,No,9713,1508,181.0,180.0,1.0,Rural,N
LP000680,Female,Yes,0,Graduate,Yes,17635,870,134.0,240.0,1.0,Semiurban,Y
LP000681,,Yes,0,Not Graduate,No,6760,6853,68.0,360.0,1.0,Rural,Y
LP000682,Male,No,1,Graduate,No,7565,54,269.0,240.0,1.0,Urban,Y
LP000683,Male,,1,Not Graduate,No,7097,1151,120.0,180.0,1.0,Urban,Y
LP000684,Female,No,1,Graduate,No,19813,1844,283.0,360.0,1.0,Rural,Y
LP000685,Female,,0,Graduate,No,12695,3220,126.0,240.0,1.0,Urban,Y
LP000686,Male,Yes,1,Not Graduate,No,11014,1302,225.0,240.0,1.0,Semiurban,N
LP000687,Male,Yes,1,Not Graduate,No,6812,1698,185.0,300.0,1.0,Semiurban,N
LP000688,,Yes,0,Graduate,No,3702,1354,188.0,300.0,,Semiurban,Y
LP000689,Female,No,2,Graduate,Yes,49277,1858,125.0,240.0,1.0,Rural,Y
LP000690,Male,Yes,1,Graduate,No,10604,1071,136.0,360.0,1.0,Rural,Y
LP000691,Male,No,0,Graduate,Yes,116820,13896,137.0,,1.0,Rural,Y
LP000692,Male,Yes,3+,Graduate,Yes,24790,2193,163.0,300.0,1.0,Urban,Y
LP000693,Male,No,2,Graduate,No,57722,1389,145.0,,1.0,Semiurban,Y
LP000694,Male,Yes,3+,Graduate,No,29578,452,129.0,480.0,1.0,Urban,Y
LP000695,Male,No,1,Graduate,No,15166,727,,360.0,1.0,Semiurban,Y
LP000696,Female,No,0,Graduate,No,8282,6715,114.0,480.0,1.0,Urban,N
LP000697,Male,,0,Not Graduate,No,6115,55,176.0,360.0,1.0,Rural,N
LP000698,Male,Yes,1,Graduate,No,32719,1173,114.0,360.0,0.0,Semiurban,N
LP000699,Male,No,3+,Graduate,No,16515,1064,95.0,360.0,1.0,Semiurban,Y
LP000700,Male,Yes,1,Graduate,No,21877,1998,157.0,480.0,1.0,Rural,Y
LP000701,Male,,,Not Graduate,No,25634,1507,40.0,480.0,1.0,Semiurban,Y
LP000702,Male,Yes,0,Not Graduate,No,17761,6761,149.0,360.0,1.0,Semiurban,N
LP000703,Male,Yes,1,Not Graduate,No,9159,1233,,300.0,1.0,Rural,N
LP000704,Male,No,3+,Graduate,No,30036,1015,178.0,240.0,1.0,Urban,Y
LP000705,Male,Yes,2,Not Graduate,No,11400,3436,167.0,,1.0,Urban,N
LP000706,Female,Yes,3+,Not Graduate,No,14363,6900,86.0,360.0,1.0,Semiurban,Y
LP000707,Male,Yes,2,Graduate,No,23716,2500,140.0,120.0,1.0,Urban,Y
LP000708,Female,Yes,1,Graduate,No,12744,3691,182.0,240.0,1.0,Semiurban,Y
LP000709,Male,,1,Graduate,No,3120,844,170.0,300.0,1.0,Semiurban,Y
LP000710,Female,,3+,Graduate,No,30713,1274,110.0,360.0,1.0,Semiurban,Y
LP000711,Female,Yes,1,Not Graduate,No,36458,6521,170.0,360.0,1.0,Urban,Y
LP000712,Male,Yes,0,Graduate,No,3087,2063,195.0,300.0,1.0,Semiurban,N
LP000713,Male,No,1,Graduate,Yes,5798,820,101.0,,1.0,Urban,Y
LP000714,Male,No,1,Graduate,No,67447,1140,51.0,360.0,1.0,Rural,Y
LP000715,Male,No,0,Graduate,No,16084,3806,238.0,360.0,1.0,Rural,Y
LP000716,Female,Yes,2,Not Graduate,Yes,13397,4236,165.0,360.0,1.0,Semiurban,Y
LP000717,Female,Yes,0,Graduate,No,9498,399,127.0,360.0,1.0,Semiurban,N
LP000718,Female,Yes,1,Graduate,,5857,1694,125.0,360.0,1.0,Urban,N
LP000719,Male,Yes,2,Not Graduate,No,11435,1086,157.0,480.0,1.0,Semiurban,Y
LP000720,Female,Yes,1,Not Graduate,No,29130,1013,202.0,300.0,1.0,Urban,Y
LP000721,Female,Yes,2,Graduate,,13193,5411,74.0,240.0,1.0,Semiurban,Y
LP000722,Male,,0,Graduate,No,21768,824,129.0,360.0,1.0,Semiurban,Y
LP000723,Male,Yes,3+,Graduate,No,54861,549,232.0,360.0,1.0,Urban,Y
LP000724,Female,No,0,Not Graduate,No,8396,412,191.0,180.0,1.0,Rural,Y
LP000725,Male,Yes,0,Not Graduate,No,17022,889,186.0,300.0,0.0,Rural,N
LP000726,Female,Yes,2,Graduate,Yes,29837,453,170.0,360.0,0.0,Urban,N
LP000727,Male,Yes,2,Graduate,No,6333,388,165.0,360.0,1.0,Urban,Y
LP000728,Female,Yes,0,Graduate,No,15404,376,126.0,360.0,0.0,Rural,Y
LP000729,,Yes,3+,Graduate,No,59746,404,122.0,360.0,1.0,Urban,Y
LP000730,Male,Yes,,Graduate,No,10176,440,190.0,300.0,1.0,Urban,Y
LP000731,Male,Yes,3+,Graduate,No,31403,1770,123.0,360.0,,Rural,Y
LP000732,Female,No,1,Graduate,No,11933,104,164.0,,1.0,Semiurban,Y
LP000733,Female,No,1,Graduate,,56368,472,157.0,360.0,1.0,Urban,Y
LP000734,Male,Yes,1,Graduate,Yes,3581,972,259.0,360.0,1.0,Semiurban,Y
LP000735,Male,Yes,0,Not Graduate,No,14072,4351,141.0,240.0,1.0,Rural,Y
LP000736,Female,Yes,1,Graduate,No,4092,816,208.0,360.0,1.0,Urban,Y
LP000737,Male,No,1,Graduate,No,7625,912,185.0,300.0,1.0,Urban,Y
LP000738,Female,Yes,0,Graduate,No,7589,986,144.0,120.0,1.0,Urban,Y
LP000739,Male,,0,Graduate,No,10790,122,87.0,360.0,1.0,Rural,Y
LP000740,Male,Yes,0,Graduate,Yes,5163,2418,,300.0,1.0,Semiurban,N
LP000741,Male,Yes,2,Graduate,Yes,12614,2300,194.0,480.0,0.0,Urban,N
LP000742,Male,No,1,Not Graduate,No,19309,2914,88.0,360.0,1.0,Rural,Y
LP000743,Female,Yes,2,Graduate,Yes,3922,22181,191.0,120.0,1.0,Urban,Y
LP000744,Male,,3+,Graduate,No,8038,230,217.0,300.0,1.0,Urban,Y
LP000745,Male,Yes,1,Graduate,No,102006,183,,240.0,1.0,Urban,Y
LP000746,,Yes,3+,Not Graduate,No,17385,2558,195.0,480.0,1.0,Urban,Y
LP000747,Male,No,0,Graduate,No,3120,731,157.0,300.0,1.0,Rural,N
LP000748,Male,No,0,Graduate,No,4357,336,178.0,360.0,1.0,Semiurban,N
LP000749,Female,Yes,1,Not Graduate,No,16006,781,224.0,300.0,1.0,Semiurban,Y
LP000750,Female,Yes,1,Graduate,No,14480,522,72.0,360.0,1.0,Urban,Y
LP000751,Male,Yes,2,Graduate,Yes,8350,8688,111.0,180.0,1.0,Rural,Y
LP000752,,Yes,1,Graduate,No,77238,16550,212.0,300.0,0.0,Rural,Y
LP000753,Female,Yes,0,Graduate,No,108551,154,221.0,360.0,1.0,Rural,Y
LP000754,Male,Yes,2,Graduate,No,10812,186,79.0,300.0,1.0,Semiurban,Y
LP000755,Male,Yes,1,Graduate,No,26859,440,228.0,300.0,1.0,Rural,Y
LP000756,Female,Yes,0,Not Graduate,No,27960,479,21.0,360.0,1.0,Rural,Y
LP000757,Female,Yes,1,Not Graduate,No,31091,432,181.0,360.0,1.0,Urban,Y
LP000758,Male,No,3+,Not Graduate,No,8005,868,160.0,360.0,,Urban,Y
LP000759,Female,Yes,2,Graduate,,63042,641,113.0,240.0,1.0,Urban,Y
LP000760,Female,No,1,Graduate,No,12646,216,116.0,300.0,1.0,Rural,N
LP000761,Male,Yes,,Not Graduate,No,18724,319,118.0,180.0,1.0,Urban,Y
LP000762,Male,Yes,0,Graduate,No,13381,7013,139.0,300.0,1.0,Urban,Y
LP000763,Male,No,1,Not Graduate,No,11947,714,249.0,360.0,0.0,Rural,N
LP000764,Female,Yes,2,Graduate,No,16692,671,191.0,240.0,1.0,Urban,Y
LP000765,Male,No,0,Not Graduate,No,5173,176,221.0,360.0,0.0,Urban,N
LP000766,Male,Yes,0,Not Graduate,No,2760,629,133.0,300.0,1.0,Rural,N
LP000767,Female,Yes,,Graduate,No,11263,3474,161.0,120.0,0.0,Rural,Y
LP000768,Female,Yes,2,Graduate,No,6605,2240,96.0,480.0,1.0,Semiurban,N
LP000769,Male,Yes,1,Graduate,No,20702,2902,136.0,,1.0,Urban,Y
LP000770,Female,Yes,0,Graduate,No,18902,258,122.0,300.0,1.0,Urban,Y
LP000771,Male,Yes,0,Graduate,No,13504,253,174.0,300.0,0.0,Urban,Y
LP000772,Female,Yes,0,Graduate,Yes,43706,4273,114.0,480.0,,Rural,Y
LP000773,Male,Yes,1,Graduate,No,13293,2955,108.0,360.0,1.0,Urban,Y
LP000774,Male,Yes,0,Graduate,Yes,4160,804,169.0,480.0,1.0,Semiurban,Y
LP000775,Female,Yes,2,Graduate,No,11171,3052,147.0,360.0,1.0,Rural,Y
LP000776,Male,Yes,3+,Graduate,No,34090,258,114.0,240.0,0.0,Rural,Y
LP000777,Male,Yes,0,Graduate,No,2958,246,107.0,360.0,1.0,Semiurban,Y
LP000778,Female,No,1,Graduate,No,12391,157,114.0,180.0,1.0,Urban,Y
LP000779,Female,No,2,Not Graduate,No,21170,1692,190.0,180.0,1.0,Urban,Y
LP000780,Female,Yes,3+,Graduate,Yes,111501,1422,170.0,180.0,1.0,Urban,Y
LP000781,Female,No,2,Graduate,No,35122,585,112.0,120.0,1.0,Semiurban,Y
LP000782,Male,Yes,0,Not Graduate,,14855,429,114.0,240.0,0.0,Semiurban,N
LP000783,Male,No,0,Graduate,No,20264,19879,92.0,300.0,1.0,Semiurban,Y
LP000784,Male,No,2,Graduate,No,2927,803,130.0,180.0,1.0,Urban,Y
LP000785,Male,No,1,Graduate,No,5768,5800,156.0,120.0,1.0,Rural,Y
LP000786,Female,Yes,0,Graduate,No,22488,920,106.0,180.0,1.0,Semiurban,Y
LP000787,Male,Yes,1,Graduate,No,15198,601,259.0,480.0,1.0,Semiurban,N
LP000788,Male,Yes,2,Not Graduate,Yes,16831,6002,181.0,360.0,1.0,Urban,Y
LP000789,Male,No,0,Graduate,Yes,13729,2829,148.0,300.0,1.0,Semiurban,Y
LP000790,Female,Yes,2,Not Graduate,No,13305,1065,154.0,300.0,1.0,Urban,Y
LP000791,Male,,0,Graduate,No,14506,4274,80.0,360.0,1.0,Rural,Y
LP000792,Male,Yes,2,Not Graduate,Yes,5739,22569,90.0,180.0,1.0,Semiurban,Y
LP000793,Male,No,1,Graduate,No,11123,455,216.0,360.0,1.0,Urban,Y
LP000794,Female,Yes,0,Graduate,No,4938,1931,231.0,360.0,1.0,Rural,Y
LP000795,Male,Yes,2,Graduate,No,8138,671,39.0,,1.0,Urban,Y
LP000796,Female,Yes,2,Not Graduate,No,34777,357,173.0,360.0,1.0,Semiurban,Y
LP000797,Female,Yes,3+,Graduate,Yes,11561,345,219.0,180.0,1.0,Urban,N
LP000798,Male,Yes,0,Graduate,No,21518,7411,132.0,360.0,1.0,Urban,Y
LP000799,Female,No,1,Graduate,No,14650,122,225.0,360.0,1.0,Urban,Y
LP000800,Female,Yes,1,Not Graduate,No,9819,2017,188.0,360.0,1.0,Urban,Y
LP000801,Female,Yes,1,Graduate,No,5961,407,172.0,360.0,0.0,Semiurban,Y
LP000802,Male,No,2,Graduate,No,9700,9200,137.0,,1.0,Urban,Y
LP000803,Male,Yes,0,Graduate,,15468,790,154.0,360.0,1.0,Rural,Y
LP000804,Female,No,,Graduate,Yes,21250,708,127.0,300.0,1.0,Semiurban,Y
LP000805,Male,No,1,Not Graduate,No,14733,7211,164.0,180.0,1.0,Rural,Y
LP000806,Female,Yes,0,Graduate,No,22462,3140,162.0,240.0,0.0,Urban,N
LP000807,Female,Yes,3+,Graduate,No,3959,2132,128.0,300.0,0.0,Urban,N
LP000808,Female,Yes,1,Graduate,Yes,26724,2884,,480.0,,Semiurban,Y
LP000809,Male,No,,Graduate,No,5417,298,140.0,300.0,0.0,Rural,N
LP000810,,Yes,2,Graduate,No,29342,2670,99.0,180.0,1.0,Semiurban,Y
LP000811,Female,Yes,1,Graduate,No,19968,863,93.0,480.0,1.0,Semiurban,Y
LP000812,Female,No,1,Not Graduate,No,2992,1691,115.0,120.0,1.0,Urban,N
LP000813,Male,Yes,0,Graduate,No,24090,1961,191.0,180.0,1.0,Semiurban,Y
LP000814,Female,No,0,Graduate,No,29616,289,94.0,300.0,1.0,Semiurban,Y
LP000815,Female,No,0,Not Graduate,No,36545,2236,105.0,180.0,1.0,Semiurban,Y
LP000816,Male,Yes,1,Graduate,No,7223,876,185.0,360.0,1.0,Semiurban,N
LP000817,Male,No,1,Graduate,Yes,15421,247,111.0,240.0,1.0,Semiurban,N
LP000818,Male,No,0,Graduate,No,23284,919,93.0,360.0,1.0,Rural,Y
LP000819,Male,Yes,1,Graduate,No,24078,1123,190.0,,1.0,Urban,Y
LP000820,,Yes,0,Graduate,No,18538,2235,143.0,360.0,1.0,Urban,Y
LP000821,Female,Yes,3+,Graduate,Yes,9496,62,153.0,360.0,,Rural,N
LP000822,Male,Yes,0,Graduate,No,29447,1747,138.0,480.0,1.0,Urban,Y
LP000823,Male,No,2,Graduate,No,29585,593,171.0,180.0,1.0,Semiurban,Y
LP000824,Male,Yes,1,Graduate,No,11808,2898,184.0,360.0,1.0,Urban,Y
LP000825,,Yes,1,Graduate,No,7137,1094,143.0,360.0,1.0,Urban,Y
LP000826,Female,Yes,0,Graduate,Yes,7462,735,75.0,480.0,1.0,Semiurban,N
LP000827,Male,Yes,3+,Graduate,No,39809,886,164.0,300.0,1.0,Urban,Y
LP000828,Male,No,0,Not Graduate,No,28582,1636,132.0,480.0,1.0,Semiurban,N
LP000829,Female,No,1,Graduate,No,13147,3260,192.0,,0.0,Rural,Y
LP000830,Male,Yes,3+,Graduate,No,11391,376,105.0,300.0,1.0,Urban,N
LP000831,Male,Yes,2,Not Graduate,No,3246,726,134.0,240.0,1.0,Semiurban,Y
LP000832,Male,Yes,1,Graduate,No,12487,6394,75.0,240.0,1.0,Rural,Y
LP000833,Male,Yes,3+,Not Graduate,No,5151,710,189.0,240.0,1.0,Semiurban,Y
LP000834,Male,,2,Graduate,No,15171,1703,211.0,360.0,1.0,Semiurban,Y
LP000835,,Yes,0,Not Graduate,No,34482,249,125.0,,1.0,Urban,Y
LP000836,Male,No,1,Graduate,No,6097,140,140.0,,0.0,Semiurban,Y
LP000837,Female,Yes,0,Not Graduate,No,16169,314,109.0,120.0,1.0,Semiurban,Y
LP000838,Male,No,0,Not Graduate,No,29679,479,114.0,480.0,0.0,Rural,Y
LP000839,Male,Yes,2,Graduate,No,15934,3819,184.0,300.0,0.0,Urban,Y
LP000840,Female,Yes,1,Graduate,No,8785,4356,124.0,180.0,1.0,Urban,Y
LP000841,Male,No,0,Graduate,No,13471,108,,180.0,0.0,Urban,N
LP000842,Female,Yes,2,Graduate,Yes,28732,572,149.0,240.0,1.0,Urban,Y
LP000843,Male,No,0,Not Graduate,No,16482,2533,187.0,240.0,1.0,Rural,Y
LP000844,Female,Yes,3+,Graduate,No,13323,966,130.0,240.0,0.0,Rural,N
LP000845,,Yes,3+,Not Graduate,No,33688,6670,204.0,240.0,1.0,Rural,Y
LP000846,Male,No,3+,Graduate,No,20169,2460,243.0,300.0,1.0,Urban,Y
LP000847,Male,Yes,2,Graduate,No,5103,795,64.0,360.0,1.0,Urban,Y
LP000848,Female,No,0,Graduate,No,22139,885,145.0,120.0,1.0,Rural,Y
LP000849,Male,No,1,Graduate,,28556,1024,145.0,240.0,1.0,Urban,Y
LP000850,Male,Yes,0,Graduate,No,4964,397,114.0,360.0,1.0,Semiurban,Y
LP000851,Male,,0,Graduate,Yes,2175,3384,170.0,180.0,1.0,Semiurban,Y
LP000852,Female,Yes,1,Graduate,No,5804,2672,206.0,360.0,1.0,Urban,Y
LP000853,Male,Yes,0,Not Graduate,No,12307,1891,51.0,360.0,1.0,Rural,Y
LP000854,Female,No,3+,Graduate,No,29966,1467,47.0,360.0,1.0,Rural,Y
LP000855,Male,Yes,3+,Not Graduate,No,6550,323,232.0,120.0,1.0,Urban,Y
LP000856,Male,Yes,0,Graduate,No,20828,2008,138.0,360.0,1.0,Semiurban,Y
LP000857,Male,No,1,Graduate,No,1320,1280,154.0,360.0,0.0,Semiurban,N
LP000858,Male,Yes,1,Graduate,No,15432,12121,96.0,300.0,1.0,Semiurban,Y
LP000859,Male,No,2,Graduate,No,9648,232,152.0,180.0,1.0,Semiurban,Y
LP000860,Male,Yes,1,Graduate,No,71602,460,218.0,240.0,1.0,Urban,Y
LP000861,Female,No,0,Graduate,Yes,2940,163,174.0,360.0,0.0,Urban,Y
LP000862,Male,Yes,1,Graduate,No,13205,844,159.0,180.0,0.0,Urban,N
LP000863,Male,Yes,1,Graduate,No,2926,135,61.0,360.0,1.0,Rural,N
LP000864,Male,Yes,3+,Graduate,No,8606,4548,187.0,240.0,0.0,Semiurban,N
LP000865,Male,Yes,0,Graduate,No,3425,4067,150.0,300.0,1.0,Rural,Y
LP000866,Male,No,0,Graduate,No,84173,905,119.0,240.0,1.0,Urban,Y
LP000867,Male,Yes,2,Graduate,No,10052,324,182.0,,1.0,Semiurban,Y
LP000868,Male,No,2,Graduate,No,11284,176,107.0,360.0,1.0,Semiurban,Y
LP000869,Female,Yes,2,Graduate,No,12910,471,178.0,,0.0,Urban,N
LP000870,Female,Yes,1,Graduate,No,5400,2322,210.0,480.0,1.0,Semiurban,N
LP000871,Male,Yes,1,Graduate,No,31075,426,157.0,,0.0,Urban,Y
LP000872,Male,Yes,1,Graduate,No,22295,10832,128.0,,,Urban,N
LP000873,Female,Yes,0,Graduate,No,27843,6560,121.0,240.0,1.0,Urban,Y
LP000874,Male,,1,Graduate,Yes,5042,1097,169.0,300.0,1.0,Rural,Y
LP000875,Male,No,0,Graduate,No,33131,630,,300.0,1.0,Semiurban,Y
LP000876,Male,Yes,0,Graduate,No,30208,553,268.0,360.0,1.0,Semiurban,Y
LP000877,Female,Yes,3+,Graduate,No,11093,7465,79.0,360.0,1.0,Rural,Y
LP000878,Female,Yes,0,Graduate,No,27337,498,143.0,360.0,1.0,Urban,Y
LP000879,Male,Yes,3+,Not Graduate,No,16616,3365,163.0,300.0,1.0,Semiurban,Y
LP000880,Male,No,0,Not Graduate,,3732,1125,157.0,180.0,1.0,Rural,N
LP000881,,Yes,0,Graduate,No,11542,2581,121.0,480.0,1.0,Semiurban,N
LP000882,Female,Yes,1,Not Graduate,No,9088,409,211.0,120.0,1.0,Semiurban,Y
LP000883,Male,Yes,2,Graduate,No,14304,735,183.0,360.0,1.0,Urban,N
LP000884,Male,Yes,1,Graduate,No,30239,1065,186.0,120.0,1.0,Semiurban,Y
LP000885,Female,Yes,2,Graduate,No,3593,514,116.0,480.0,1.0,Rural,N
LP000886,Male,Yes,0,Graduate,No,9368,4910,129.0,120.0,1.0,Urban,N
LP000887,Female,Yes,3+,Not Graduate,No,6922,438,174.0,120.0,1.0,Semiurban,N
LP000888,Male,,,Not Graduate,No,7164,548,94.0,360.0,1.0,Urban,N
LP000889,Male,No,2,Graduate,No,6915,5599,183.0,,1.0,Semiurban,N
LP000890,Male,Yes,1,Graduate,No,14108,4437,144.0,300.0,1.0,Semiurban,Y
LP000891,Female,,2,Graduate,Yes,20303,7372,203.0,360.0,0.0,Urban,N
LP000892,Female,Yes,1,Not Graduate,No,17652,111,,360.0,1.0,Urban,N
LP000893,Female,No,,Graduate,No,15499,1395,240.0,360.0,1.0,Rural,Y
LP000894,,Yes,3+,Graduate,No,21969,1222,170.0,360.0,1.0,Urban,Y
LP000895,Female,Yes,0,Graduate,No,89703,558,176.0,240.0,1.0,Semiurban,Y
LP000896,Male,Yes,0,Not Graduate,No,14893,1618,115.0,240.0,1.0,Rural,Y
LP000897,Male,Yes,2,Not Graduate,No,30239,745,162.0,360.0,1.0,Semiurban,Y
LP000898,Female,Yes,0,Graduate,No,28892,1331,122.0,360.0,1.0,Rural,Y
LP000899,Male,Yes,0,Graduate,No,55394,65007,72.0,180.0,1.0,Semiurban,Y
LP000900,Male,Yes,1,Not Graduate,No,20919,1604,140.0,240.0,1.0,Rural,Y
LP000901,Male,Yes,2,Not Graduate,No,6799,1687,208.0,480.0,1.0,Semiurban,N
LP000902,Male,Yes,0,Graduate,No,17050,2937,146.0,120.0,1.0,Urban,Y
LP000903,Male,No,1,Graduate,Yes,16332,1362,135.0,300.0,1.0,Semiurban,Y
LP000904,Male,Yes,2,Not Graduate,No,25646,293,134.0,240.0,1.0,Semiurban,Y
LP000905,Male,Yes,2,Not Graduate,Yes,6642,152,262.0,360.0,0.0,Rural,N
LP000906,Female,Yes,3+,Not Graduate,No,36792,1058,180.0,360.0,1.0,Urban,Y
LP000907,Female,Yes,2,Graduate,No,13415,793,70.0,240.0,1.0,Rural,N
LP000908,Male,Yes,1,Graduate,No,26147,103,122.0,360.0,1.0,Urban,Y
LP000909,Male,,1,Graduate,No,17115,7748,129.0,360.0,1.0,Semiurban,Y
LP000910,Male,Yes,0,Not Graduate,No,14736,1246,113.0,360.0,0.0,Urban,N
LP000911,Male,Yes,2,Graduate,No,16108,6169,,360.0,1.0,Semiurban,Y
LP000912,Male,Yes,3+,Graduate,No,22870,75,121.0,300.0,1.0,Urban,Y
LP000913,Female,Yes,,Graduate,No,64018,6311,124.0,360.0,1.0,Urban,Y
LP000914,Male,No,0,Not Graduate,No,2660,612,157.0,480.0,1.0,Semiurban,N
LP000915,Male,No,1,Graduate,Yes,20578,4969,72.0,240.0,1.0,Semiurban,Y
LP000916,Male,Yes,1,Graduate,No,13838,1419,42.0,240.0,1.0,Urban,Y
LP000917,Male,Yes,1,Graduate,No,11594,1889,212.0,480.0,,Rural,Y
LP000918,Female,Yes,2,Graduate,No,2017,1892,191.0,180.0,1.0,Urban,N
LP000919,Female,Yes,1,Graduate,No,21251,658,168.0,360.0,1.0,Semiurban,Y
LP000920,Male,Yes,0,Not Graduate,No,12088,504,,480.0,1.0,Rural,Y
LP000921,Female,No,3+,Graduate,Yes,6853,710,140.0,240.0,1.0,Rural,Y
LP000922,Male,Yes,1,Graduate,No,13821,187,300.0,300.0,,Semiurban,Y
LP000923,Female,Yes,0,Graduate,No,10569,615,159.0,180.0,1.0,Urban,Y
LP000924,Female,Yes,0,Not Graduate,Yes,3314,475,280.0,300.0,1.0,Semiurban,N
LP000925,Male,No,3+,Not Graduate,No,14336,182,253.0,300.0,1.0,Urban,N
LP000926,Male,Yes,2,Graduate,No,21248,1901,173.0,360.0,1.0,Semiurban,Y
LP000927,,No,1,Not Graduate,No,8609,1106,139.0,180.0,1.0,Rural,N
LP000928,Male,Yes,0,Graduate,No,16471,1473,150.0,300.0,1.0,Urban,Y
LP000929,Female,Yes,0,Graduate,No,14566,2532,129.0,360.0,1.0,Semiurban,Y
LP000930,Male,No,0,Not Graduate,No,30834,824,173.0,360.0,1.0,Urban,Y
LP000931,Male,No,1,Graduate,No,12296,355,183.0,360.0,1.0,Urban,Y
LP000932,Female,Yes,1,Graduate,No,25358,1579,88.0,,1.0,Urban,Y
LP000933,Female,Yes,1,Not Graduate,No,10397,32,280.0,360.0,1.0,Semiurban,Y
LP000934,Male,No,2,Graduate,No,64463,963,110.0,,1.0,Rural,Y
LP000935,Male,Yes,0,Graduate,,9419,2746,15.0,240.0,1.0,Semiurban,Y
LP000936,Male,Yes,0,Graduate,No,7723,3851,145.0,180.0,,Urban,N
LP000937,Male,No,0,Graduate,No,12327,580,92.0,300.0,1.0,Urban,Y
LP000938,Female,Yes,0,Not Graduate,No,7462,74,,360.0,0.0,Urban,N
LP000939,Male,Yes,0,Graduate,No,4920,46,153.0,120.0,1.0,Rural,N
LP000940,Male,Yes,1,Graduate,No,23910,2358,172.0,240.0,1.0,Urban,Y
LP000941,Male,Yes,2,Not Graduate,No,1152,717,200.0,180.0,,Urban,N
LP000942,Male,Yes,,Graduate,No,7524,12341,99.0,300.0,1.0,Semiurban,Y
LP000943,Female,Yes,2,Graduate,No,4566,201,131.0,480.0,1.0,Semiurban,Y
LP000944,Female,Yes,1,Not Graduate,No,14968,1653,183.0,300.0,1.0,Urban,N
LP000945,Male,Yes,2,Not Graduate,No,2318,8061,,360.0,,Urban,N
LP000946,Male,Yes,0,Not Graduate,No,20708,1404,56.0,300.0,1.0,Rural,Y
LP000947,Male,Yes,3+,Graduate,No,22581,162,180.0,360.0,1.0,Urban,Y
LP000948,Female,No,0,Graduate,Yes,3618,30550,121.0,360.0,1.0,Rural,Y
LP000949,Female,Yes,0,Graduate,No,15560,7307,118.0,180.0,0.0,Urban,Y
LP000950,Male,No,0,Graduate,No,20188,834,156.0,360.0,0.0,Rural,Y
LP000951,Female,Yes,3+,Graduate,No,28345,2929,150.0,300.0,1.0,Semiurban,Y
LP000952,Female,No,3+,Graduate,No,4125,2967,199.0,360.0,0.0,Urban,Y
LP000953,Male,Yes,2,Graduate,No,3686,2368,87.0,240.0,1.0,Semiurban,Y
LP000954,Female,Yes,1,Graduate,No,44449,208,263.0,360.0,1.0,Rural,Y
LP000955,Male,No,1,Graduate,No,6922,1618,79.0,360.0,1.0,Urban,Y
LP000956,Male,No,3+,Graduate,Yes,8761,6328,130.0,240.0,1.0,Semiurban,Y
LP000957,Male,Yes,,Graduate,Yes,22169,2009,106.0,300.0,1.0,Semiurban,Y
LP000958,Male,No,3+,Graduate,No,5242,1766,152.0,120.0,0.0,Urban,Y
LP000959,Male,Yes,0,Graduate,No,10800,575,150.0,480.0,1.0,Urban,N
LP000960,Female,No,0,Not Graduate,Yes,27265,370,158.0,240.0,0.0,Urban,Y
LP000961,Male,Yes,2,Not Graduate,No,4286,166,163.0,480.0,1.0,Semiurban,N
LP000962,Female,Yes,,Graduate,No,8955,2721,215.0,360.0,1.0,Rural,Y
LP000963,Male,Yes,3+,Graduate,No,5424,841,157.0,300.0,1.0,Urban,Y
LP000964,Male,Yes,1,Graduate,Yes,7192,219,219.0,240.0,1.0,Urban,Y
LP000965,Male,No,3+,Graduate,No,34493,3539,62.0,300.0,1.0,Semiurban,Y
LP000966,Male,Yes,0,Not Graduate,,41111,542,40.0,480.0,1.0,Rural,Y
LP000967,Female,Yes,2,Graduate,No,16420,391,156.0,360.0,1.0,Semiurban,Y
LP000968,Male,Yes,1,Graduate,No,20450,604,166.0,300.0,0.0,Urban,Y
LP000969,Male,Yes,1,Graduate,No,20007,869,123.0,360.0,,Urban,Y
LP000970,Male,Yes,1,Graduate,Yes,7801,1900,149.0,300.0,0.0,Urban,Y
LP000971,Female,Yes,3+,Not Graduate,No,16163,383,203.0,480.0,1.0,Urban,Y
LP000972,Female,No,1,Graduate,No,4739,3686,183.0,480.0,1.0,Semiurban,N
LP000973,Female,,0,Graduate,No,6205,1960,133.0,240.0,1.0,Rural,N
LP000974,Male,Yes,3+,Graduate,No,12463,591,159.0,480.0,1.0,Rural,Y
LP000975,Male,No,0,Graduate,No,5717,905,187.0,,1.0,Semiurban,N
LP000976,Male,Yes,0,Graduate,No,4826,660,88.0,300.0,1.0,Rural,Y
LP000977,Male,No,0,Graduate,No,7558,1186,109.0,300.0,1.0,Semiurban,Y
LP000978,Male,No,2,Not Graduate,No,33425,6794,196.0,360.0,1.0,Rural,N
LP000979,Male,Yes,0,Graduate,Yes,46430,652,63.0,480.0,0.0,Urban,N
LP000980,Male,Yes,0,Graduate,No,13016,1376,95.0,300.0,1.0,Urban,Y
LP000981,Male,Yes,3+,Graduate,Yes,21285,474,,300.0,1.0,Rural,Y
LP000982,Female,Yes,2,Not Graduate,Yes,8511,2076,195.0,300.0,1.0,Urban,N
LP000983,Male,No,0,Graduate,No,2559,1527,95.0,240.0,1.0,Semiurban,N
LP000984,Male,Yes,2,Graduate,No,6536,5407,189.0,480.0,1.0,Urban,N
LP000985,Female,,3+,Graduate,Yes,10439,405,132.0,,1.0,Semiurban,N
LP000986,Male,Yes,0,Graduate,No,14954,2511,238.0,360.0,1.0,Semiurban,Y
LP000987,Female,Yes,2,Graduate,No,12322,4998,156.0,300.0,1.0,Rural,Y
LP000988,Male,Yes,1,Graduate,No,10664,648,203.0,180.0,1.0,Rural,Y
LP000989,Male,No,,Graduate,No,8436,941,173.0,300.0,1.0,Urban,Y
LP000990,Female,Yes,1,Not Graduate,,17590,1378,127.0,180.0,1.0,Semiurban,Y
LP000991,Female,Yes,1,Graduate,,4486,825,149.0,480.0,1.0,Rural,Y
LP000992,Female,Yes,0,Not Graduate,No,25378,1356,150.0,240.0,1.0,Semiurban,Y
LP000993,Male,No,2,Not Graduate,No,8357,2460,126.0,360.0,1.0,Semiurban,N
LP000994,Male,Yes,0,Not Graduate,No,69820,956,194.0,300.0,1.0,Urban,Y
LP000995,,No,1,Not Graduate,No,10381,947,,,1.0,Semiurban,N
LP000996,Male,Yes,0,Not Graduate,No,9098,1510,155.0,240.0,1.0,Rural,Y
LP000997,Female,No,,Not Graduate,Yes,8517,679,,180.0,1.0,Rural,Y
LP000998,,Yes,0,Graduate,No,9171,720,176.0,360.0,1.0,Semiurban,Y
LP000999,Female,Yes,1,Graduate,No,21715,372,19.0,360.0,1.0,Urban,Y
LP001000,,Yes,1,Not Graduate,Yes,12915,1042,174.0,,0.0,Semiurban,N
LP001001,Male,Yes,2,Graduate,No,29426,1876,172.0,360.0,0.0,Semiurban,Y
LP001002,Male,Yes,1,Graduate,No,19371,793,87.0,,,Semiurban,N
LP001003,Female,Yes,2,Not Graduate,Yes,13700,433,60.0,240.0,1.0,Rural,N
LP001004,Female,Yes,0,Graduate,No,18004,977,171.0,360.0,1.0,Urban,Y
LP001005,Female,Yes,0,Not Graduate,,34789,1766,232.0,360.0,1.0,Semiurban,N
LP001006,Female,No,1,Graduate,No,22592,1278,131.0,360.0,1.0,Semiurban,Y
LP001007,Female,Yes,3+,Graduate,No,16721,15922,133.0,240.0,1.0,Rural,Y
LP001008,Female,No,0,Graduate,No,18735,498,,360.0,1.0,Urban,Y
LP001009,Male,Yes,0,Not Graduate,No,5312,915,194.0,240.0,0.0,Semiurban,Y
LP001010,Male,Yes,0,Graduate,No,104543,2793,89.0,240.0,1.0,Urban,Y
LP001011,Male,Yes,1,Not Graduate,No,20383,476,114.0,240.0,1.0,Rural,Y
LP001012,Female,Yes,0,Graduate,No,22077,11090,258.0,360.0,1.0,Urban,Y
LP001013,Female,No,2,Graduate,No,13056,1102,116.0,360.0,0.0,Urban,N
LP001014,Male,,0,Graduate,No,2125,2150,123.0,180.0,0.0,Semiurban,N
LP001015,Female,No,0,Graduate,No,10804,1121,,360.0,1.0,Urban,Y
LP001016,Female,No,0,Graduate,Yes,14196,3723,136.0,120.0,1.0,Semiurban,Y
LP001017,Male,Yes,,Graduate,No,6916,306,172.0,480.0,1.0,Urban,Y
LP001018,Male,No,,Graduate,No,6868,7231,164.0,360.0,1.0,Urban,Y
LP001019,Female,Yes,0,Graduate,,10184,1448,142.0,360.0,1.0,Semiurban,N
LP001020,Male,No,3+,Not Graduate,Yes,24765,2416,,240.0,1.0,Semiurban,Y
LP001021,Female,No,0,Graduate,,36483,452,86.0,480.0,1.0,Urban,Y
LP001022,Male,Yes,2,Graduate,No,15317,1643,155.0,480.0,,Rural,N
LP001023,Female,No,1,Graduate,No,8485,343,120.0,300.0,1.0,Urban,Y
LP001024,Female,Yes,0,Not Graduate,No,9997,4495,232.0,120.0,1.0,Rural,Y
LP001025,Female,Yes,,Not Graduate,No,14467,233,141.0,360.0,1.0,Rural,Y
LP001026,Male,Yes,2,Not Graduate,No,15905,1319,246.0,240.0,1.0,Urban,N
LP001027,Female,Yes,0,Graduate,No,18919,688,128.0,360.0,0.0,Rural,Y
LP001028,Female,Yes,1,Not Graduate,No,9400,168,155.0,480.0,,Urban,N
LP001029,Male,No,0,Not Graduate,No,20402,356,204.0,360.0,1.0,Semiurban,Y
LP001030,Female,Yes,1,Not Graduate,Yes,19152,1880,102.0,300.0,0.0,Urban,Y
LP001031,Male,Yes,0,Graduate,No,9739,373,225.0,300.0,1.0,Urban,N
LP001032,Male,Yes,,Not Graduate,No,3375,491,151.0,480.0,1.0,Urban,Y
LP001033,Male,Yes,0,Graduate,Yes,6581,1716,170.0,180.0,1.0,Urban,N
LP001034,Male,No,0,Graduate,No,46820,3287,177.0,360.0,0.0,Rural,Y
LP001035,Male,No,0,Graduate,No,3446,2423,146.0,180.0,1.0,Urban,Y
LP001036,Female,No,0,Graduate,No,38331,1037,109.0,300.0,1.0,Urban,Y
LP001037,Male,Yes,1,Graduate,No,3351,1423,154.0,360.0,1.0,Urban,Y
LP001038,Female,Yes,0,Graduate,No,7197,1264,49.0,300.0,1.0,Urban,Y
LP001039,Male,No,2,Not Graduate,No,9899,316,84.0,360.0,1.0,Urban,Y
LP001040,Male,No,,Graduate,No,55594,1533,142.0,300.0,1.0,Rural,Y
LP001041,Male,Yes,2,Graduate,No,13641,312,227.0,360.0,1.0,Urban,Y
LP001042,Female,Yes,1,Graduate,No,11257,2291,225.0,240.0,1.0,Rural,Y
LP001043,Male,No,3+,Not Graduate,No,6321,1289,198.0,360.0,,Urban,N
LP001044,,No,3+,Graduate,No,20283,81,73.0,480.0,0.0,Rural,N
LP001045,Female,Yes,2,Graduate,No,8864,3550,165.0,240.0,1.0,Rural,Y
LP001046,Female,No,2,Not Graduate,No,11123,586,106.0,180.0,1.0,Urban,Y
LP001047,Male,Yes,0,Graduate,Yes,10029,530,146.0,300.0,1.0,Urban,Y
LP001048,Male,Yes,2,Graduate,No,23763,3453,197.0,300.0,1.0,Urban,Y
LP001049,Female,Yes,3+,Graduate,No,24573,901,182.0,180.0,1.0,Urban,Y
LP001050,,Yes,0,Graduate,No,6553,2245,214.0,360.0,1.0,Urban,Y
LP001051,Female,Yes,1,Graduate,No,8088,500,79.0,300.0,1.0,Semiurban,Y
LP001052,Male,Yes,0,Graduate,Yes,7474,2876,98.0,360.0,1.0,Semiurban,Y
LP001053,Female,Yes,1,Not Graduate,No,15470,1389,225.0,300.0,1.0,Urban,Y
LP001054,Female,No,1,Graduate,No,27594,1782,226.0,480.0,1.0,Rural,Y
LP001055,Female,No,1,Graduate,No,15636,885,149.0,360.0,1.0,Rural,Y
LP001056,Male,Yes,1,Not Graduate,No,2315,7752,148.0,300.0,1.0,Semiurban,Y
LP001057,Female,Yes,3+,Graduate,No,24533,10347,208.0,360.0,0.0,Urban,N
LP001058,Male,,1,Graduate,Yes,4540,77,176.0,360.0,0.0,Urban,N
LP001059,Male,Yes,2,Graduate,No,7538,3332,180.0,360.0,1.0,Urban,N
LP001060,Female,No,0,Graduate,No,15658,300,103.0,360.0,1.0,Rural,Y
LP001061,Female,No,1,Graduate,Yes,12492,2021,207.0,240.0,1.0,Rural,Y
LP001062,Female,Yes,1,Not Graduate,No,26854,129,140.0,300.0,1.0,Urban,Y
LP001063,Female,No,0,Graduate,,8195,1779,80.0,360.0,1.0,Urban,N
LP001064,Male,No,0,Graduate,Yes,6165,402,110.0,360.0,1.0,Rural,Y
LP001065,Male,Yes,1,Not Graduate,No,10411,632,120.0,480.0,0.0,Urban,Y
LP001066,Female,Yes,1,Not Graduate,No,29190,652,223.0,360.0,1.0,Urban,Y
LP001067,Male,Yes,,Graduate,No,22108,454,115.0,300.0,1.0,Rural,Y
LP001068,Male,Yes,,Not Graduate,No,14324,469,169.0,240.0,1.0,Urban,Y
LP001069,Male,Yes,0,Graduate,No,38590,680,44.0,180.0,0.0,Rural,Y
LP001070,Male,Yes,1,Graduate,No,33385,911,196.0,300.0,1.0,Urban,Y
LP001071,Male,Yes,0,Graduate,No,25104,1616,110.0,240.0,1.0,Semiurban,Y
LP001072,Male,No,0,Graduate,No,5206,10227,169.0,120.0,1.0,Semiurban,Y
LP001073,Male,Yes,0,Graduate,No,24999,352,169.0,180.0,1.0,Semiurban,Y
LP001074,Male,Yes,0,Graduate,No,11362,1276,181.0,300.0,1.0,Urban,Y
LP001075,Female,Yes,0,Graduate,No,9740,2771,166.0,360.0,0.0,Urban,N
LP001076,Male,Yes,0,Graduate,No,7738,468,245.0,300.0,0.0,Urban,Y
LP001077,Male,Yes,0,Graduate,No,11644,73,160.0,300.0,1.0,Semiurban,Y
LP001078,Female,Yes,1,Not Graduate,Yes,8098,110,262.0,300.0,1.0,Semiurban,Y
LP001079,Male,Yes,0,Graduate,Yes,15302,76,181.0,300.0,1.0,Urban,Y
LP001080,Female,No,1,Graduate,No,11633,6961,163.0,360.0,1.0,Semiurban,Y
LP001081,Female,No,3+,Not Graduate,No,15937,2291,194.0,360.0,1.0,Urban,Y
LP001082,,Yes,2,Graduate,Yes,20798,2716,159.0,300.0,1.0,Urban,Y
LP001083,Male,Yes,0,Graduate,No,10556,3560,172.0,480.0,1.0,Semiurban,Y
LP001084,Female,Yes,3+,Graduate,Yes,7406,549,167.0,240.0,1.0,Urban,N
LP001085,Female,No,0,Graduate,Yes,2683,17390,162.0,360.0,1.0,Semiurban,Y
LP001086,Male,Yes,0,Not Graduate,,24748,1640,255.0,360.0,,Semiurban,N
LP001087,Female,No,3+,Not Graduate,No,14228,1004,263.0,300.0,0.0,Rural,Y
LP001088,Male,,2,Graduate,Yes,11603,4154,166.0,180.0,1.0,Urban,Y
LP001089,Female,Yes,1,Graduate,No,34116,2442,212.0,360.0,1.0,Semiurban,Y
LP001090,Male,Yes,1,Graduate,No,4765,5442,210.0,240.0,1.0,Urban,Y
LP001091,Female,No,1,Graduate,No,13974,5840,204.0,360.0,1.0,Semiurban,Y
LP001092,Female,No,0,Not Graduate,No,6178,717,177.0,360.0,1.0,Rural,Y
LP001093,Female,Yes,0,Graduate,No,22579,1372,183.0,360.0,1.0,Semiurban,Y
LP001094,Male,Yes,1,Graduate,No,2250,368,178.0,360.0,1.0,Semiurban,Y
LP001095,Male,Yes,3+,Not Graduate,No,25417,155,114.0,300.0,1.0,Semiurban,Y
LP001096,Male,Yes,0,Graduate,No,24590,2993,146.0,360.0,1.0,Urban,Y
LP001097,Male,No,2,Not Graduate,No,6384,3457,90.0,360.0,1.0,Semiurban,Y
LP001098,Male,No,0,Graduate,No,14087,101,178.0,300.0,1.0,Semiurban,N
LP001099,Female,No,1,Graduate,No,6494,463,171.0,360.0,1.0,Rural,Y
LP001100,Male,No,1,Graduate,No,18808,1172,184.0,240.0,1.0,Semiurban,Y
LP001101,Male,Yes,1,Graduate,No,25749,1315,111.0,360.0,1.0,Semiurban,Y
LP001102,Female,,0,Not Graduate,No,5979,12759,198.0,360.0,1.0,Semiurban,Y
LP001103,,No,1,Graduate,No,4734,516,173.0,300.0,1.0,Rural,Y
LP001104,Female,Yes,1,Not Graduate,No,32117,892,261.0,240.0,1.0,Semiurban,Y
LP001105,Female,No,0,Graduate,No,63129,2391,190.0,360.0,1.0,Semiurban,Y
LP001106,Male,Yes,0,Not Graduate,No,19842,720,120.0,360.0,1.0,Urban,Y
LP001107,Male,No,1,Not Graduate,No,21052,598,82.0,180.0,1.0,Rural,Y
LP001108,Female,,1,Graduate,No,10243,542,160.0,300.0,1.0,Rural,Y
LP001109,Female,,0,Graduate,No,15429,1450,98.0,180.0,1.0,Urban,Y
LP001110,,Yes,1,Not Graduate,No,17686,888,113.0,300.0,0.0,Semiurban,Y
LP001111,Female,Yes,3+,Graduate,Yes,11544,2487,101.0,300.0,1.0,Semiurban,Y
LP001112,Male,Yes,0,Not Graduate,No,39335,1684,120.0,240.0,1.0,Urban,Y
LP001113,Male,Yes,1,Graduate,No,15388,33,222.0,300.0,1.0,Semiurban,Y
LP001114,Male,Yes,0,Graduate,No,17059,134,,360.0,1.0,Semiurban,N
LP001115,Male,Yes,0,Graduate,,11736,601,128.0,300.0,0.0,Urban,N
LP001116,Male,No,0,Not Graduate,No,12730,3554,78.0,,1.0,Urban,Y
LP001117,Male,No,1,Graduate,No,35417,501,64.0,300.0,1.0,Urban,Y
LP001118,Female,Yes,2,Not Graduate,No,15013,1719,136.0,360.0,,Semiurban,N
LP001119,Male,,0,Graduate,,15297,2248,160.0,480.0,1.0,Semiurban,Y
LP001120,Male,,1,Graduate,No,15456,2097,92.0,300.0,1.0,Urban,Y
LP001121,Female,No,1,Not Graduate,No,9980,568,74.0,360.0,1.0,Semiurban,Y
LP001122,Female,Yes,0,Not Graduate,No,4331,276,56.0,480.0,1.0,Semiurban,N
LP001123,Female,Yes,1,Not Graduate,No,47007,227,157.0,360.0,1.0,Urban,Y
LP001124,Female,Yes,2,Graduate,Yes,31402,38759,196.0,180.0,1.0,Semiurban,Y
LP001125,Female,Yes,2,Graduate,No,36287,1894,78.0,360.0,1.0,Rural,Y
LP001126,Male,No,2,Graduate,No,5664,9983,117.0,360.0,0.0,Urban,N
LP001127,Male,No,0,Graduate,No,42443,403,204.0,360.0,1.0,Semiurban,Y
LP001128,Male,Yes,2,Graduate,No,64440,4904,139.0,480.0,0.0,Urban,Y
LP001129,Male,Yes,0,Graduate,Yes,30818,618,144.0,240.0,,Urban,Y
LP001130,Male,No,2,Not Graduate,No,49924,1059,169.0,300.0,1.0,Urban,Y
LP001131,Female,No,3+,Graduate,No,25292,777,127.0,360.0,1.0,Rural,Y
LP001132,Male,Yes,0,Not Graduate,No,6786,381,111.0,360.0,0.0,Rural,N
LP001133,Male,Yes,1,Graduate,No,20052,388,165.0,360.0,1.0,Urban,Y
LP001134,Male,Yes,1,Not Graduate,No,5906,1046,80.0,240.0,0.0,Urban,N
LP001135,Female,Yes,2,Graduate,No,8284,542,69.0,360.0,1.0,Rural,Y
LP001136,,Yes,0,Not Graduate,Yes,17206,1276,115.0,480.0,1.0,Semiurban,Y
LP001137,Female,Yes,3+,Graduate,No,15453,401,185.0,240.0,1.0,Urban,Y
LP001138,Male,No,1,Not Graduate,No,19350,2563,208.0,300.0,1.0,Semiurban,Y
LP001139,Male,Yes,0,Graduate,No,3185,631,126.0,,1.0,Semiurban,N
LP001140,Male,No,0,Graduate,No,11808,7819,191.0,180.0,1.0,Urban,Y
LP001141,Female,No,2,Graduate,No,20727,1031,219.0,240.0,1.0,Urban,Y
LP001142,Male,,0,Graduate,,24311,970,151.0,300.0,1.0,Rural,Y
LP001143,Female,Yes,0,Not Graduate,Yes,25617,7511,181.0,180.0,1.0,Urban,Y
LP001144,Male,No,1,Graduate,No,16334,605,243.0,300.0,1.0,Semiurban,Y
LP001145,Male,Yes,1,Graduate,No,9863,672,114.0,,1.0,Urban,Y
LP001146,Female,Yes,1,Graduate,No,19953,472,137.0,360.0,1.0,Semiurban,Y
LP001147,Female,Yes,0,Not Graduate,No,10511,1401,230.0,360.0,1.0,Urban,N
LP001148,Female,Yes,2,Not Graduate,No,27469,453,102.0,360.0,1.0,Rural,Y
LP001149,Female,No,3+,Graduate,No,18804,2784,157.0,240.0,1.0,Semiurban,Y
LP001150,Female,No,0,Graduate,No,12716,1037,118.0,180.0,1.0,Urban,N
LP001151,Female,Yes,2,Graduate,No,7221,3000,218.0,300.0,1.0,Semiurban,N
LP001152,Female,Yes,3+,Graduate,No,32714,2621,90.0,180.0,1.0,Semiurban,Y
LP001153,Female,Yes,1,Graduate,No,20894,592,146.0,360.0,1.0,Urban,Y
LP001154,Female,Yes,1,Graduate,,71852,452,97.0,240.0,0.0,Semiurban,Y
LP001155,Female,No,0,Graduate,No,20352,739,76.0,180.0,1.0,Rural,Y
LP001156,Female,Yes,1,Graduate,No,21762,1108,55.0,360.0,1.0,Urban,Y
LP001157,Male,No,1,Graduate,No,4137,1637,141.0,360.0,0.0,Urban,N
LP001158,Female,Yes,2,Graduate,No,17126,1870,174.0,180.0,1.0,Urban,Y
LP001159,Female,Yes,,Graduate,No,10371,1055,150.0,360.0,1.0,Semiurban,Y
LP001160,Male,Yes,,Graduate,Yes,25877,484,161.0,300.0,1.0,Urban,Y
LP001161,Female,Yes,0,Graduate,No,17461,542,128.0,300.0,1.0,Semiurban,Y
LP001162,Male,Yes,0,Graduate,No,29384,2042,199.0,180.0,1.0,Urban,Y
LP001163,Male,No,2,Not Graduate,No,73576,502,186.0,360.0,1.0,Urban,Y
LP001164,Female,No,0,Graduate,No,7053,2147,156.0,240.0,1.0,Rural,Y
LP001165,Male,Yes,1,Not Graduate,No,28491,2234,160.0,300.0,1.0,Rural,Y
LP001166,Female,Yes,0,Graduate,Yes,23083,6909,126.0,360.0,1.0,Semiurban,Y
LP001167,Female,Yes,1,Graduate,No,65084,615,247.0,300.0,1.0,Semiurban,Y
LP001168,Male,Yes,0,Graduate,No,23489,742,190.0,120.0,0.0,Semiurban,Y
LP001169,Male,Yes,2,Graduate,No,21614,68,144.0,360.0,,Urban,Y
LP001170,Male,Yes,1,Graduate,No,26401,353,141.0,300.0,1.0,Urban,Y
LP001171,Female,No,,Graduate,No,27917,348,130.0,300.0,1.0,Rural,Y
LP001172,Female,No,1,Not Graduate,Yes,42765,2011,135.0,360.0,1.0,Rural,Y
LP001173,Female,No,0,Graduate,No,6936,9593,162.0,240.0,1.0,Rural,Y
LP001174,Male,Yes,0,Graduate,Yes,9760,2201,64.0,360.0,0.0,Rural,N
LP001175,Female,No,3+,Graduate,No,53542,3600,137.0,240.0,1.0,Rural,Y
LP001176,Male,Yes,2,Graduate,No,2787,467,143.0,300.0,1.0,Rural,N
LP001177,,Yes,0,Graduate,No,12484,260,149.0,360.0,,Rural,Y
LP001178,Male,No,2,Graduate,No,15057,820,158.0,360.0,1.0,Urban,Y
LP001179,Female,Yes,1,Not Graduate,No,11596,518,151.0,360.0,1.0,Rural,Y
LP001180,Male,Yes,0,Graduate,No,47323,390,170.0,180.0,1.0,Semiurban,Y
LP001181,Female,No,0,Graduate,No,19550,1424,143.0,360.0,1.0,Semiurban,Y
LP001182,Male,No,2,Graduate,No,9800,264,199.0,360.0,1.0,Urban,N
LP001183,Female,No,0,Graduate,No,8042,2956,182.0,360.0,1.0,Rural,Y
LP001184,Female,Yes,0,Graduate,No,16738,679,262.0,480.0,0.0,Urban,Y
LP001185,Male,Yes,0,Not Graduate,Yes,33954,1038,185.0,,1.0,Urban,Y
LP001186,Female,No,0,Graduate,,14924,1236,112.0,360.0,1.0,Rural,Y
LP001187,Female,Yes,1,Not Graduate,Yes,11997,626,142.0,360.0,,Urban,N
LP001188,Male,Yes,0,Not Graduate,No,7660,5007,124.0,300.0,1.0,Urban,Y
LP001189,Male,Yes,0,Graduate,No,18019,159,150.0,360.0,1.0,Semiurban,Y
LP001190,Female,Yes,3+,Graduate,No,17237,5115,,300.0,1.0,Rural,Y
LP001191,Male,Yes,0,Graduate,,7484,723,133.0,360.0,1.0,Semiurban,Y
LP001192,Male,Yes,0,Graduate,No,30367,3310,121.0,360.0,1.0,Urban,Y
LP001193,Male,Yes,1,Graduate,No,52304,1396,175.0,360.0,1.0,Semiurban,Y
LP001194,Female,,1,Not Graduate,No,13893,3042,109.0,300.0,,Semiurban,N
LP001195,Male,Yes,,Graduate,No,17012,951,106.0,240.0,1.0,Rural,Y
LP001196,Female,Yes,0,Not Graduate,No,5519,1459,,240.0,1.0,Rural,N
LP001197,Female,No,2,Not Graduate,No,24094,4094,60.0,180.0,0.0,Rural,N
LP001198,Female,Yes,2,Not Graduate,Yes,19367,1230,125.0,360.0,,Semiurban,Y
LP001199,Female,Yes,2,Graduate,No,10291,5410,192.0,360.0,1.0,Rural,N
LP001200,Male,No,0,Not Graduate,No,7370,1673,58.0,360.0,,Rural,Y
LP001201,Female,Yes,0,Graduate,No,58574,455,61.0,480.0,1.0,Rural,Y
LP001202,Male,Yes,1,Graduate,No,18146,716,78.0,240.0,1.0,Rural,Y
LP001203,Male,Yes,2,Not Graduate,No,6411,3183,13.0,360.0,1.0,Rural,Y
LP001204,Male,No,1,Not Graduate,,26487,247,244.0,240.0,1.0,Urban,Y
LP001205,Male,,0,Graduate,No,16054,2839,156.0,180.0,1.0,Rural,Y
LP001206,Female,No,0,Not Graduate,No,14004,707,116.0,120.0,1.0,Urban,Y
LP001207,Female,No,1,Graduate,No,29226,233,85.0,360.0,1.0,Rural,Y
LP001208,Male,Yes,2,Graduate,No,1652,1406,260.0,360.0,1.0,Urban,Y
LP001209,Male,Yes,0,Graduate,No,3147,473,182.0,360.0,0.0,Semiurban,Y
LP001210,Female,,0,Graduate,No,40270,552,143.0,300.0,1.0,Semiurban,Y
LP001211,Male,Yes,1,Graduate,No,12050,517,210.0,180.0,0.0,Rural,N
LP001212,Male,No,1,Graduate,No,9495,1258,169.0,120.0,1.0,Urban,N
LP001213,Male,Yes,2,Graduate,No,4581,686,124.0,480.0,1.0,Semiurban,N
LP001214,Female,Yes,2,Graduate,No,15600,1753,119.0,180.0,1.0,Urban,Y
LP001215,Female,No,1,Graduate,No,17219,3695,120.0,360.0,1.0,Semiurban,Y
LP001216,Male,Yes,0,Graduate,Yes,42304,2100,99.0,,1.0,Urban,Y
LP001217,Male,Yes,1,Graduate,Yes,17996,9569,205.0,240.0,1.0,Semiurban,Y
LP001218,Female,Yes,3+,Graduate,No,10485,12856,,240.0,1.0,Urban,Y
LP001219,Female,Yes,3+,Graduate,Yes,18481,774,217.0,240.0,1.0,Rural,Y
LP001220,Male,Yes,2,Graduate,No,32454,275,,300.0,1.0,Urban,Y
LP001221,Female,Yes,0,Graduate,No,27254,775,120.0,180.0,1.0,Semiurban,Y
LP001222,Male,,2,Graduate,Yes,21963,1263,127.0,480.0,,Semiurban,Y
LP001223,Male,No,2,Not Graduate,No,16641,15850,105.0,120.0,1.0,Semiurban,Y
LP001224,Female,No,1,Graduate,,8391,699,120.0,360.0,1.0,Urban,Y
LP001225,Male,Yes,0,Graduate,No,5847,1530,177.0,360.0,,Urban,N
LP001226,Female,Yes,3+,Graduate,No,5152,484,210.0,180.0,,Urban,N
LP001227,Male,No,1,Graduate,No,18309,723,164.0,180.0,1.0,Semiurban,Y
LP001228,Male,No,0,Graduate,No,19902,255,90.0,,0.0,Urban,Y
LP001229,Female,Yes,0,Not Graduate,No,32062,189,120.0,300.0,1.0,Urban,Y
LP001230,Male,Yes,1,Graduate,No,20939,5614,121.0,300.0,1.0,Rural,Y
LP001231,Female,No,1,Graduate,No,30967,3941,235.0,360.0,1.0,Urban,Y
LP001232,Male,Yes,0,Graduate,No,12034,703,199.0,360.0,1.0,Semiurban,N
LP001233,Male,Yes,2,Graduate,Yes,24752,3928,210.0,360.0,1.0,Semiurban,Y
LP001234,Male,Yes,2,Not Graduate,No,5995,228,114.0,180.0,0.0,Rural,Y
LP001235,Female,Yes,2,Graduate,No,12731,890,86.0,360.0,1.0,Semiurban,Y
LP001236,Male,Yes,0,Graduate,No,3086,1351,178.0,240.0,1.0,Urban,Y
LP001237,Female,Yes,1,Graduate,No,13701,5010,126.0,180.0,1.0,Urban,Y
LP001238,Male,No,0,Graduate,No,35590,1389,164.0,180.0,0.0,Semiurban,Y
LP001239,Female,Yes,0,Graduate,No,14131,2108,170.0,240.0,1.0,Urban,Y
LP001240,Male,Yes,0,Graduate,No,23800,623,130.0,360.0,1.0,Rural,Y
LP001241,Female,Yes,2,Graduate,No,16623,1505,200.0,,1.0,Urban,Y
LP001242,Female,No,0,Graduate,No,8464,5000,76.0,180.0,1.0,Rural,Y
LP001243,Female,Yes,0,Graduate,No,11506,157,155.0,120.0,1.0,Urban,N
LP001244,Female,Yes,0,Not Graduate,No,34329,4286,,120.0,1.0,Urban,N
LP001245,Female,Yes,1,Graduate,No,23702,852,235.0,300.0,1.0,Rural,Y
LP001246,Female,No,3+,Graduate,,8151,202,156.0,360.0,1.0,Semiurban,N
LP001247,Male,Yes,3+,Graduate,No,4402,795,212.0,360.0,1.0,Semiurban,Y
LP001248,Male,Yes,0,Graduate,No,15763,5156,209.0,360.0,1.0,Urban,Y
LP001249,Female,Yes,0,Graduate,,8387,614,,300.0,1.0,Urban,Y
LP001250,Female,No,0,Graduate,No,11591,1570,166.0,180.0,1.0,Urban,N
LP001251,Female,Yes,2,Graduate,No,4173,158,252.0,360.0,1.0,Urban,Y
LP001252,Male,No,0,Graduate,No,30717,122,190.0,360.0,,Urban,Y
LP001253,Male,No,0,Graduate,No,12362,301,73.0,360.0,1.0,Urban,Y
LP001254,Male,No,1,Graduate,No,13956,3697,,360.0,1.0,Rural,N
LP001255,Female,Yes,,Graduate,No,6861,1031,104.0,360.0,0.0,Urban,Y
LP001256,Male,No,0,Graduate,No,10700,4103,226.0,360.0,1.0,Rural,Y
LP001257,Male,Yes,0,Not Graduate,No,14734,4401,158.0,360.0,0.0,Semiurban,N
LP001258,Male,Yes,,Graduate,No,8179,441,84.0,360.0,1.0,Urban,Y
LP001259,Male,No,1,Graduate,No,11240,7189,194.0,360.0,1.0,Semiurban,Y
LP001260,Male,Yes,,Graduate,No,40499,570,216.0,240.0,1.0,Rural,Y
LP001261,Male,,0,Graduate,No,3294,3642,129.0,480.0,1.0,Rural,Y
LP001262,Female,Yes,0,Graduate,No,15485,3468,127.0,480.0,1.0,Urban,Y
LP001263,Male,Yes,3+,Graduate,No,7126,1185,,240.0,1.0,Semiurban,Y
LP001264,Male,Yes,2,Graduate,No,38917,1187,59.0,360.0,1.0,Urban,Y
LP001265,Male,No,0,Graduate,No,11561,1610,185.0,360.0,1.0,Semiurban,Y
LP001266,Male,No,1,Not Graduate,,5780,1259,234.0,180.0,1.0,Urban,Y
LP001267,Male,Yes,0,Graduate,Yes,11243,686,117.0,180.0,0.0,Urban,N
LP001268,Male,Yes,2,Graduate,,17671,619,242.0,360.0,1.0,Semiurban,Y
LP001269,Female,No,,Graduate,Yes,123068,693,199.0,120.0,1.0,Rural,Y
LP001270,Male,Yes,1,Graduate,Yes,2470,4730,146.0,360.0,1.0,Rural,N
LP001271,Female,Yes,1,Graduate,No,5118,163,,360.0,1.0,Urban,Y
LP001272,Female,,0,Graduate,No,37955,604,229.0,360.0,,Semiurban,Y
LP001273,Female,Yes,1,Graduate,No,3995,741,157.0,360.0,1.0,Rural,N
LP001274,Male,Yes,1,Graduate,No,13463,834,169.0,360.0,1.0,Urban,N
LP001275,Male,Yes,1,Not Graduate,No,9075,1565,123.0,180.0,1.0,Rural,Y
LP001276,Male,Yes,0,Not Graduate,No,8003,217,144.0,120.0,1.0,Urban,N
LP001277,Male,Yes,1,Graduate,No,11640,3753,185.0,360.0,1.0,Urban,N
LP001278,Female,Yes,,Not Graduate,No,10237,3179,140.0,360.0,1.0,Urban,Y
LP001279,Male,No,0,Not Graduate,No,31121,2463,124.0,300.0,0.0,Semiurban,N
LP001280,Male,No,0,Not Graduate,No,38662,854,207.0,360.0,1.0,Urban,Y
LP001281,Female,Yes,0,Graduate,No,18789,452,174.0,,,Semiurban,N
LP001282,Female,Yes,2,Not Graduate,Yes,11060,742,125.0,300.0,,Urban,N
LP001283,,No,1,Graduate,Yes,16428,1179,237.0,300.0,1.0,Urban,Y
LP001284,Male,Yes,,Graduate,No,25438,2439,255.0,180.0,1.0,Semiurban,Y
LP001285,Male,No,0,Graduate,No,29773,994,200.0,360.0,1.0,Semiurban,Y
LP001286,Male,Yes,3+,Graduate,No,17962,1690,90.0,360.0,1.0,Rural,Y
LP001287,Male,No,2,Graduate,No,45348,651,170.0,360.0,1.0,Semiurban,Y
LP001288,Male,Yes,0,Not Graduate,,8158,1546,179.0,300.0,1.0,Rural,N
LP001289,Male,Yes,0,Graduate,No,33255,813,70.0,360.0,1.0,Urban,Y
LP001290,Male,No,0,Graduate,No,23470,1512,209.0,360.0,1.0,Urban,Y
LP001291,Male,Yes,3+,Graduate,No,8200,131,160.0,300.0,1.0,Urban,Y
LP001292,Male,Yes,0,Not Graduate,No,16093,1967,206.0,300.0,1.0,Semiurban,Y
LP001293,Male,Yes,0,Not Graduate,No,17002,2096,134.0,360.0,1.0,Rural,Y
LP001294,Female,No,0,Graduate,No,11924,2068,174.0,360.0,1.0,Semiurban,N
LP001295,Female,Yes,2,Graduate,No,11821,335,176.0,300.0,1.0,Urban,Y
LP001296,Male,Yes,0,Graduate,No,3944,467,159.0,360.0,1.0,Rural,Y
LP001297,Male,Yes,0,Graduate,No,7697,386,174.0,300.0,1.0,Semiurban,Y
LP001298,Male,Yes,1,Graduate,Yes,11040,1629,143.0,,1.0,Urban,N
LP001299,Female,Yes,1,Graduate,Yes,8450,2416,90.0,360.0,0.0,Rural,N
LP001300,Female,,1,Graduate,Yes,6737,475,47.0,240.0,1.0,Semiurban,Y
LP001301,Male,,,Graduate,No,31221,5317,119.0,120.0,1.0,Urban,Y
LP001302,Female,Yes,2,Not Graduate,No,12293,5233,189.0,360.0,1.0,Rural,Y
LP001303,Male,Yes,2,Graduate,No,75613,1294,98.0,300.0,1.0,Semiurban,Y
LP001304,,Yes,2,Not Graduate,No,15965,1711,203.0,180.0,1.0,Urban,Y
LP001305,Female,Yes,0,Graduate,No,30703,146,219.0,480.0,1.0,Semiurban,Y
LP001306,Female,Yes,2,Graduate,No,11310,581,173.0,240.0,1.0,Rural,Y
LP001307,Female,No,0,Graduate,No,7868,244,141.0,300.0,1.0,Urban,N
LP001308,Female,Yes,0,Graduate,No,16486,367,201.0,300.0,1.0,Semiurban,Y
LP001309,Male,No,3+,Graduate,No,37662,2033,207.0,300.0,1.0,Semiurban,Y
LP001310,Female,Yes,2,Graduate,No,12440,2716,138.0,240.0,0.0,Semiurban,N
LP001311,Male,Yes,1,Not Graduate,Yes,19099,2856,154.0,360.0,1.0,Urban,Y
LP001312,Female,Yes,2,Not Graduate,,16416,1465,109.0,240.0,1.0,Urban,Y
LP001313,Male,Yes,3+,Graduate,No,12352,2055,164.0,360.0,1.0,Semiurban,N
LP001314,Female,No,1,Graduate,No,12868,162,46.0,360.0,1.0,Semiurban,Y
LP001315,Male,No,1,Not Graduate,,6010,233,135.0,120.0,0.0,Urban,N
LP001316,Female,No,2,Graduate,No,13241,853,107.0,360.0,1.0,Urban,Y
LP001317,Male,Yes,0,Graduate,No,22530,2246,145.0,360.0,1.0,Rural,Y
LP001318,,Yes,0,Graduate,No,16925,641,110.0,240.0,1.0,Semiurban,Y
LP001319,Male,Yes,2,Graduate,No,15480,214,54.0,360.0,1.0,Rural,Y
LP001320,Male,No,0,Graduate,No,23861,478,117.0,300.0,1.0,Urban,Y
LP001321,Male,Yes,0,Graduate,No,15614,357,,180.0,0.0,Semiurban,Y
LP001322,Male,Yes,0,Graduate,Yes,13509,138,203.0,360.0,1.0,Urban,N
LP001323,Female,Yes,0,Graduate,No,24055,15823,117.0,480.0,1.0,Semiurban,Y
LP001324,Male,Yes,3+,Graduate,No,14902,4814,107.0,360.0,1.0,Urban,Y
LP001325,Female,No,1,Not Graduate,No,11055,102,90.0,300.0,1.0,Urban,Y
LP001326,Male,Yes,1,Graduate,No,19430,109,207.0,360.0,1.0,Semiurban,Y
LP001327,Male,Yes,3+,Graduate,No,12988,416,138.0,360.0,1.0,Rural,Y
LP001328,Female,Yes,3+,Graduate,Yes,10665,183,163.0,240.0,,Rural,Y
LP001329,,No,1,Graduate,No,15128,19132,72.0,360.0,1.0,Urban,Y
LP001330,Male,,3+,Graduate,No,15270,418,,360.0,0.0,Rural,N
LP001331,Male,No,1,Graduate,No,5525,1692,104.0,300.0,1.0,Rural,Y
LP001332,Female,Yes,0,Not Graduate,Yes,17441,597,231.0,,1.0,Urban,Y
LP001333,Male,No,0,Graduate,No,58525,270,95.0,360.0,1.0,Rural,Y
LP001334,Female,No,1,Graduate,No,6101,3853,118.0,360.0,1.0,Rural,Y
LP001335,Female,,1,Not Graduate,No,8936,2406,150.0,360.0,1.0,Urban,N
LP001336,Female,Yes,1,Graduate,No,123503,1020,118.0,,1.0,Urban,Y
LP001337,Male,Yes,1,Graduate,No,6920,19116,173.0,360.0,1.0,Urban,Y
LP001338,Female,Yes,0,Graduate,Yes,37388,1453,108.0,360.0,1.0,Rural,Y
LP001339,Male,No,0,Not Graduate,No,11125,634,94.0,240.0,1.0,Urban,N
LP001340,Male,Yes,1,Graduate,No,14018,10919,285.0,360.0,0.0,Semiurban,Y
LP001341,Male,Yes,0,Not Graduate,No,12028,1780,103.0,240.0,1.0,Semiurban,Y
LP001342,Male,Yes,1,Graduate,No,18780,7734,189.0,300.0,1.0,Semiurban,Y
LP001343,Female,Yes,,Graduate,No,3775,1046,102.0,360.0,1.0,Urban,Y
LP001344,Female,No,1,Graduate,No,15506,29,72.0,180.0,1.0,Semiurban,Y
LP001345,Female,Yes,0,Graduate,No,9675,168,145.0,360.0,1.0,Semiurban,Y
LP001346,Male,,1,Graduate,No,3009,4020,82.0,300.0,1.0,Semiurban,N
LP001347,Male,No,2,Graduate,No,32751,540,130.0,240.0,1.0,Urban,Y
LP001348,Male,Yes,3+,Graduate,No,2475,1486,110.0,360.0,1.0,Rural,Y
LP001349,Female,Yes,2,Graduate,No,74515,4275,212.0,240.0,1.0,Semiurban,Y
LP001350,Male,No,1,Graduate,No,21885,1360,72.0,360.0,1.0,Rural,Y
LP001351,Female,Yes,0,Graduate,No,4497,391,183.0,360.0,1.0,Urban,Y
LP001352,Male,Yes,1,Not Graduate,No,38967,1082,164.0,360.0,1.0,Urban,Y
LP001353,Male,Yes,3+,Graduate,No,7329,1246,138.0,360.0,0.0,Rural,N
LP001354,Female,Yes,0,Graduate,No,7601,671,112.0,480.0,1.0,Rural,N
LP001355,Male,No,0,Graduate,No,3162,208,158.0,360.0,1.0,Semiurban,N
LP001356,Female,Yes,0,Not Graduate,No,6693,715,161.0,240.0,1.0,Urban,N
LP001357,Female,Yes,2,Graduate,No,7354,981,169.0,360.0,1.0,Semiurban,Y
LP001358,Male,No,1,Graduate,No,25706,194,136.0,300.0,1.0,Urban,Y
LP001359,Male,No,0,Graduate,No,33987,364,92.0,360.0,1.0,Semiurban,Y
LP001360,Male,Yes,2,Graduate,No,4951,463,193.0,360.0,1.0,Rural,N
LP001361,,No,1,Not Graduate,Yes,16587,117,149.0,360.0,0.0,Urban,Y
LP001362,Male,Yes,,Graduate,No,3064,1279,119.0,360.0,1.0,Rural,Y
LP001363,Female,No,0,Graduate,No,16638,1457,99.0,240.0,1.0,Urban,Y
LP001364,Female,Yes,0,Not Graduate,No,75332,570,196.0,360.0,1.0,Rural,N
LP001365,Female,Yes,1,Graduate,Yes,3216,212,219.0,360.0,1.0,Urban,Y
LP001366,Male,No,0,Not Graduate,No,5932,1787,178.0,120.0,1.0,Semiurban,Y
LP001367,Female,Yes,1,Not Graduate,No,23904,2111,182.0,,1.0,Semiurban,N
LP001368,Female,No,2,Graduate,No,26269,1234,208.0,,1.0,Semiurban,Y
LP001369,Male,Yes,1,Graduate,No,6292,1152,131.0,240.0,1.0,Semiurban,Y
LP001370,Male,No,0,Graduate,Yes,43428,2236,256.0,240.0,1.0,Semiurban,Y
LP001371,Female,No,1,Graduate,No,6957,977,97.0,360.0,,Rural,Y
LP001372,Male,Yes,2,Not Graduate,No,50958,364,137.0,300.0,1.0,Urban,Y
LP001373,Female,No,0,Graduate,No,19436,1007,111.0,360.0,1.0,Semiurban,Y
LP001374,Male,Yes,0,Graduate,No,36937,685,153.0,240.0,1.0,Urban,Y
LP001375,Male,No,1,Graduate,No,17973,1007,236.0,300.0,1.0,Rural,Y
LP001376,Female,Yes,1,Graduate,No,22596,3168,138.0,480.0,1.0,Rural,Y
LP001377,Male,No,0,Not Graduate,No,23578,259,171.0,300.0,,Urban,Y
LP001378,Male,Yes,2,Graduate,,33383,1356,4.0,180.0,,Urban,Y
LP001379,Male,Yes,1,Graduate,No,13013,243,171.0,360.0,1.0,Urban,N
LP001380,Male,Yes,3+,Graduate,,6503,364,199.0,360.0,1.0,Urban,Y
LP001381,Male,Yes,0,Not Graduate,No,12542,7248,156.0,300.0,1.0,Semiurban,Y
LP001382,Male,No,2,Not Graduate,No,7832,1898,96.0,480.0,1.0,Urban,N
LP001383,Female,Yes,0,Not Graduate,No,8253,1330,89.0,180.0,1.0,Urban,N
LP001384,Male,Yes,1,Graduate,Yes,50202,149,122.0,300.0,1.0,Semiurban,Y
LP001385,Female,Yes,1,Graduate,No,21986,826,89.0,240.0,1.0,Semiurban,Y
LP001386,Male,Yes,0,Not Graduate,No,21192,91,228.0,180.0,1.0,Urban,Y
LP001387,Female,Yes,2,Not Graduate,Yes,31511,1146,173.0,300.0,1.0,Urban,Y
LP001388,Male,No,0,Graduate,No,21894,245,,480.0,1.0,Rural,Y
LP001389,Female,No,1,Graduate,No,59495,2141,135.0,360.0,1.0,Semiurban,Y
LP001390,Male,Yes,0,Not Graduate,No,2500,1330,111.0,240.0,1.0,Rural,N
LP001391,Male,Yes,2,Graduate,Yes,6014,254,114.0,300.0,1.0,Semiurban,N
LP001392,,Yes,0,Graduate,No,7627,1733,126.0,360.0,1.0,Urban,Y
LP001393,Male,Yes,,Graduate,Yes,4444,13521,125.0,240.0,0.0,Rural,Y
LP001394,Male,,2,Not Graduate,No,14622,859,211.0,240.0,1.0,Urban,Y
LP001395,Male,No,2,Graduate,Yes,15183,3153,195.0,240.0,1.0,Rural,Y
LP001396,Female,Yes,0,Not Graduate,No,64878,87,163.0,360.0,1.0,Urban,Y
LP001397,Male,No,1,Graduate,No,27529,1922,67.0,120.0,1.0,Semiurban,Y
LP001398,Male,Yes,0,Graduate,No,8901,553,164.0,360.0,1.0,Rural,Y
LP001399,Female,Yes,2,Graduate,Yes,19840,794,134.0,360.0,1.0,Semiurban,Y
LP001400,Female,Yes,2,Not Graduate,No,3097,2239,220.0,360.0,1.0,Semiurban,Y
LP001401,Male,Yes,1,Graduate,No,14970,818,194.0,360.0,1.0,Urban,Y
LP001402,Male,Yes,2,Graduate,No,14343,157,157.0,240.0,1.0,Semiurban,Y
LP001403,Male,No,0,Not Graduate,No,6491,6854,45.0,360.0,1.0,Urban,Y
LP001404,Female,Yes,1,Graduate,No,11373,192,143.0,,1.0,Semiurban,Y
LP001405,Female,No,0,Not Graduate,No,7676,400,117.0,240.0,1.0,Urban,Y
LP001406,Male,,3+,Graduate,No,6335,1278,170.0,480.0,1.0,Semiurban,N
LP001407,Female,Yes,2,Graduate,No,22916,1293,92.0,360.0,,Semiurban,Y
LP001408,Female,Yes,2,Graduate,No,30550,1832,163.0,480.0,1.0,Urban,Y
LP001409,Male,Yes,3+,Not Graduate,No,20090,1286,39.0,300.0,0.0,Urban,N
LP001410,Female,Yes,,Graduate,No,9409,4350,80.0,480.0,1.0,Urban,N
LP001411,Male,Yes,3+,Not Graduate,Yes,7863,1975,106.0,240.0,1.0,Urban,Y
LP001412,Male,Yes,0,Graduate,No,9646,264,122.0,240.0,1.0,Urban,Y
LP001413,Male,Yes,2,Graduate,,11203,48,169.0,180.0,0.0,Urban,Y
LP001414,Male,Yes,2,Graduate,No,6649,1314,67.0,300.0,1.0,Rural,Y
LP001415,Male,Yes,0,Not Graduate,No,31040,6370,117.0,120.0,0.0,Semiurban,Y
LP001416,Female,Yes,0,Graduate,No,11363,243,119.0,300.0,1.0,Urban,Y
LP001417,Male,,0,Graduate,No,24634,311,184.0,360.0,1.0,Urban,Y
LP001418,Male,Yes,3+,Not Graduate,Yes,4359,1678,140.0,180.0,1.0,Urban,Y
LP001419,Male,No,0,Graduate,Yes,7702,1957,101.0,,1.0,Urban,N
LP001420,Female,Yes,1,Graduate,Yes,26569,4216,96.0,240.0,1.0,Urban,Y
LP001421,Male,No,2,Graduate,No,26871,7858,122.0,120.0,1.0,Semiurban,Y
LP001422,Male,Yes,0,Graduate,,5105,1455,67.0,300.0,1.0,Semiurban,Y
LP001423,Male,No,1,Graduate,Yes,17025,360,231.0,180.0,1.0,Rural,Y
LP001424,Male,Yes,1,Not Graduate,No,17386,374,149.0,,1.0,Rural,Y
LP001425,Female,No,,Graduate,Yes,7581,571,,300.0,0.0,Urban,N
LP001426,Female,Yes,2,Graduate,No,17775,3779,97.0,180.0,,Urban,Y
LP001427,Male,Yes,0,Not Graduate,No,3773,601,89.0,300.0,,Urban,Y
LP001428,Female,Yes,0,Graduate,No,6364,3476,168.0,300.0,1.0,Urban,Y
LP001429,Female,Yes,1,Not Graduate,No,21572,175,67.0,240.0,1.0,Semiurban,Y
LP001430,Female,Yes,1,Graduate,No,13678,1547,141.0,300.0,1.0,Urban,Y
LP001431,Male,Yes,3+,Graduate,No,14258,445,178.0,360.0,1.0,Urban,N
LP001432,Male,Yes,2,Graduate,No,11613,2051,120.0,360.0,0.0,Urban,N
LP001433,Male,No,1,Graduate,,20527,806,99.0,240.0,0.0,Urban,Y
LP001434,Female,Yes,0,Graduate,No,21334,2855,191.0,480.0,1.0,Rural,Y
LP001435,Male,No,0,Graduate,Yes,25164,650,93.0,300.0,0.0,Rural,Y
LP001436,Male,Yes,0,Graduate,No,14772,1062,136.0,360.0,1.0,Urban,Y
LP001437,Male,Yes,1,Graduate,No,9791,2891,155.0,360.0,0.0,Urban,Y
LP001438,Female,No,2,Graduate,No,8555,970,119.0,240.0,1.0,Semiurban,N
LP001439,Male,No,0,Graduate,Yes,5736,1176,,240.0,0.0,Urban,N
LP001440,Female,No,0,Graduate,No,9679,2731,122.0,300.0,1.0,Urban,N
LP001441,Female,Yes,1,Graduate,No,8224,1000,167.0,240.0,0.0,Urban,Y
LP001442,Male,Yes,0,Graduate,Yes,48110,163,113.0,,1.0,Semiurban,Y
LP001443,Female,Yes,2,Graduate,No,5781,552,172.0,360.0,1.0,Urban,N
LP001444,Male,,1,Graduate,No,30634,109,137.0,360.0,1.0,Semiurban,Y
LP001445,Female,Yes,1,Graduate,Yes,10783,812,119.0,360.0,1.0,Urban,Y
LP001446,Male,No,0,Graduate,No,11325,1930,113.0,180.0,0.0,Semiurban,Y
LP001447,Female,No,3+,Graduate,No,18415,1273,161.0,360.0,1.0,Rural,Y
LP001448,Female,Yes,0,Not Graduate,No,4294,5846,206.0,480.0,1.0,Semiurban,N
LP001449,Female,,2,Graduate,No,7044,5111,156.0,360.0,1.0,Urban,Y
LP001450,Female,No,0,Graduate,No,4949,1492,101.0,360.0,1.0,Rural,Y
LP001451,Male,Yes,2,Graduate,No,9855,62,204.0,480.0,0.0,Urban,N
LP001452,Female,Yes,2,Not Graduate,No,6455,2454,105.0,360.0,1.0,Urban,Y
LP001453,Female,Yes,0,Graduate,,38319,434,236.0,360.0,1.0,Semiurban,Y
LP001454,Male,Yes,2,Graduate,No,8377,3157,141.0,360.0,1.0,Urban,N
LP001455,Male,No,1,Graduate,No,1992,1595,106.0,240.0,1.0,Semiurban,Y
LP001456,Female,Yes,0,Not Graduate,No,10223,2409,177.0,300.0,1.0,Urban,Y
LP001457,Female,Yes,0,Graduate,No,25488,2002,134.0,360.0,1.0,Urban,Y
LP001458,Female,Yes,1,Graduate,No,49227,19306,172.0,240.0,1.0,Rural,Y
LP001459,Male,No,1,Graduate,No,11118,2049,154.0,300.0,1.0,Semiurban,Y
LP001460,Female,No,2,Graduate,No,8835,236,81.0,240.0,1.0,Urban,Y
LP001461,Male,Yes,2,Graduate,No,13206,3966,146.0,360.0,1.0,Semiurban,Y
LP001462,Female,Yes,1,Graduate,No,18620,654,175.0,360.0,1.0,Urban,Y
LP001463,Male,Yes,2,Not Graduate,No,5414,5509,155.0,300.0,1.0,Urban,Y
LP001464,Female,Yes,1,Graduate,No,10986,6984,212.0,240.0,1.0,Rural,Y
LP001465,Female,Yes,0,Not Graduate,No,12840,2312,165.0,360.0,1.0,Rural,Y
LP001466,Male,Yes,3+,Graduate,No,13858,236,137.0,,1.0,Semiurban,Y
LP001467,Female,Yes,0,Not Graduate,No,11900,631,160.0,240.0,1.0,Semiurban,N
LP001468,Male,Yes,0,Not Graduate,,6319,5480,125.0,480.0,1.0,Semiurban,N
LP001469,Female,Yes,2,Graduate,No,17518,12073,168.0,180.0,0.0,Semiurban,Y
LP001470,,No,1,Graduate,No,12891,1181,167.0,300.0,1.0,Urban,N
LP001471,Male,Yes,0,Graduate,Yes,12866,788,88.0,360.0,1.0,Semiurban,Y
LP001472,Female,Yes,0,Graduate,,5619,266,188.0,180.0,1.0,Rural,Y
LP001473,Female,No,1,Graduate,No,22295,270,261.0,120.0,1.0,Urban,Y
LP001474,Male,Yes,3+,Not Graduate,No,6258,1450,177.0,360.0,1.0,Urban,N
LP001475,Male,No,1,Graduate,No,48686,2542,48.0,180.0,1.0,Rural,Y
LP001476,Female,Yes,1,Graduate,No,5200,184,128.0,240.0,1.0,Semiurban,N
LP001477,Female,Yes,,Graduate,No,24582,2966,86.0,300.0,1.0,Urban,Y
LP001478,Female,No,0,Graduate,No,2902,5691,135.0,300.0,1.0,Rural,N
LP001479,Female,,0,Graduate,No,2193,2337,184.0,360.0,1.0,Urban,N
LP001480,Male,No,0,Not Graduate,Yes,8571,7969,114.0,480.0,,Rural,Y
LP001481,Female,Yes,1,Graduate,No,2191,1680,244.0,360.0,0.0,Semiurban,N
LP001482,Male,Yes,,Not Graduate,No,23951,1700,5.0,480.0,1.0,Urban,Y
LP001483,Male,Yes,0,Graduate,Yes,13128,1661,137.0,300.0,1.0,Semiurban,N
LP001484,Male,Yes,2,Graduate,No,40979,5604,168.0,300.0,1.0,Urban,Y
LP001485,Male,,2,Graduate,No,11687,2090,89.0,240.0,1.0,Semiurban,N
LP001486,Male,Yes,3+,Graduate,,16228,580,95.0,360.0,1.0,Semiurban,Y
LP001487,Male,Yes,1,Graduate,No,10779,1822,187.0,300.0,1.0,Urban,Y
LP001488,Female,Yes,0,Graduate,No,6639,1844,246.0,360.0,1.0,Semiurban,Y
LP001489,Male,No,2,Not Graduate,Yes,9648,849,252.0,360.0,1.0,Urban,Y
LP001490,Male,,0,Graduate,No,5099,3740,132.0,180.0,1.0,Rural,Y
LP001491,Male,No,1,Graduate,No,18213,1223,217.0,,1.0,Urban,Y
LP001492,Male,Yes,2,Graduate,No,10443,2556,146.0,300.0,1.0,Rural,N
LP001493,Male,Yes,2,Graduate,No,12330,2021,195.0,240.0,1.0,Semiurban,Y
LP001494,Male,No,3+,Graduate,No,127897,459,139.0,480.0,1.0,Urban,Y
LP001495,Female,Yes,2,Graduate,No,9677,338,93.0,360.0,1.0,Rural,Y
LP001496,Female,Yes,1,Not Graduate,No,17171,464,230.0,360.0,0.0,Urban,N
LP001497,Female,Yes,0,Graduate,No,12793,994,243.0,480.0,1.0,Semiurban,N
LP001498,Male,Yes,3+,Graduate,No,33727,7404,128.0,360.0,1.0,Semiurban,Y
LP001499,Male,,0,Graduate,No,16167,1035,196.0,180.0,1.0,Urban,Y
LP001500,Female,No,3+,Graduate,Yes,10752,1717,142.0,480.0,0.0,Urban,Y
LP001501,Male,Yes,0,Graduate,No,83617,3126,259.0,360.0,1.0,Rural,Y
LP001502,,No,0,Not Graduate,Yes,6716,712,75.0,240.0,1.0,Rural,N
LP001503,Male,Yes,2,Graduate,No,11440,666,141.0,360.0,1.0,Semiurban,Y
LP001504,Male,Yes,0,Graduate,,27810,3873,77.0,120.0,1.0,Urban,Y
LP001505,Male,Yes,2,Not Graduate,No,6943,2168,70.0,360.0,1.0,Semiurban,Y
LP001506,Male,No,0,Not Graduate,No,24648,557,144.0,240.0,1.0,Rural,Y
LP001507,Male,No,2,Graduate,No,9103,668,127.0,180.0,0.0,Rural,Y
LP001508,Male,Yes,1,Graduate,No,29809,1214,99.0,300.0,1.0,Urban,Y
LP001509,Female,Yes,1,Not Graduate,No,29190,1628,191.0,300.0,1.0,Rural,Y
LP001510,Female,Yes,0,Graduate,No,12430,4879,214.0,360.0,1.0,Rural,N
LP001511,Female,Yes,0,Graduate,No,6000,2076,175.0,360.0,1.0,Rural,Y
LP001512,Female,Yes,2,Graduate,Yes,9767,336,56.0,360.0,1.0,Urban,Y
LP001513,Female,No,0,Graduate,,13202,426,166.0,240.0,0.0,Rural,Y
LP001514,Male,Yes,0,Graduate,No,27190,1590,166.0,360.0,0.0,Semiurban,N
LP001515,Male,No,1,Graduate,Yes,17265,1301,107.0,360.0,1.0,Semiurban,Y
LP001516,Male,Yes,1,Graduate,No,20544,398,167.0,240.0,1.0,Urban,Y
LP001517,Female,Yes,0,Not Graduate,No,17667,3879,124.0,300.0,1.0,Rural,N
LP001518,Female,Yes,0,Graduate,No,26290,73,108.0,300.0,1.0,Semiurban,Y
LP001519,Male,No,,Graduate,No,11380,1640,90.0,480.0,1.0,Urban,Y
LP001520,Female,No,2,Graduate,No,15243,171,191.0,480.0,0.0,Rural,Y
LP001521,Male,Yes,0,Graduate,No,13666,3155,214.0,180.0,1.0,Semiurban,Y
LP001522,Female,Yes,3+,Graduate,No,9411,797,142.0,480.0,1.0,Rural,N
LP001523,Male,Yes,0,Graduate,No,30012,2689,199.0,180.0,1.0,Urban,Y
LP001524,Male,Yes,0,Graduate,Yes,29510,685,226.0,360.0,1.0,Semiurban,Y
LP001525,Male,Yes,1,Graduate,No,35053,5382,156.0,300.0,1.0,Semiurban,Y
LP001526,Male,No,0,Not Graduate,No,7252,116,146.0,300.0,1.0,Semiurban,Y
LP001527,,,,Not Graduate,No,17688,3150,173.0,360.0,1.0,Urban,Y
LP001528,Male,No,2,Graduate,Yes,32012,528,108.0,360.0,1.0,Urban,Y
LP001529,Female,,0,Graduate,No,44458,1720,,240.0,0.0,Semiurban,Y
LP001530,Male,Yes,2,Graduate,No,3996,1808,157.0,,1.0,Rural,Y
LP001531,Male,No,0,Graduate,No,13328,206,84.0,120.0,1.0,Semiurban,N
LP001532,Female,,0,Graduate,No,11483,3629,85.0,300.0,1.0,Semiurban,N
LP001533,Female,,0,Graduate,No,47699,1758,100.0,360.0,1.0,Semiurban,Y
LP001534,Male,Yes,3+,Not Graduate,No,2281,1261,175.0,360.0,1.0,Urban,Y
LP001535,Male,Yes,0,Not Graduate,No,5779,1740,133.0,360.0,1.0,Urban,Y
LP001536,Male,No,2,Graduate,No,42042,1274,148.0,300.0,,Rural,Y
LP001537,Male,No,1,Graduate,No,9174,2985,218.0,,1.0,Rural,Y
LP001538,Female,Yes,0,Not Graduate,No,4716,622,172.0,360.0,1.0,Rural,Y
LP001539,,Yes,1,Graduate,No,44785,2991,,360.0,1.0,Rural,Y
LP001540,Male,No,2,Graduate,No,4249,2179,100.0,360.0,1.0,Urban,Y
LP001541,Female,No,2,Graduate,Yes,30261,892,165.0,360.0,0.0,Urban,Y
LP001542,Male,Yes,1,Graduate,No,3834,10051,101.0,180.0,1.0,Urban,Y
LP001543,Male,No,2,Graduate,No,4213,1885,212.0,240.0,1.0,Semiurban,N
LP001544,Male,Yes,0,Not Graduate,No,15679,1385,162.0,360.0,1.0,Urban,Y
LP001545,Female,Yes,3+,Graduate,No,6777,2183,156.0,240.0,1.0,Urban,Y
LP001546,Male,Yes,2,Graduate,No,16611,967,102.0,300.0,1.0,Rural,Y
LP001547,Female,,2,Graduate,No,56479,4634,180.0,360.0,1.0,Urban,Y
LP001548,Male,No,2,Not Graduate,Yes,11801,1068,206.0,360.0,1.0,Urban,Y
LP001549,Male,Yes,1,Not Graduate,No,49130,2931,143.0,240.0,1.0,Urban,Y
LP001550,Female,No,1,Graduate,No,17316,304,196.0,360.0,0.0,Urban,Y
LP001551,Female,Yes,1,Not Graduate,No,28701,127,129.0,360.0,1.0,Urban,Y
LP001552,Female,No,0,Graduate,No,2033,1777,146.0,360.0,1.0,Rural,Y
LP001553,Female,No,1,Graduate,,22226,691,254.0,360.0,1.0,Semiurban,Y
LP001554,,Yes,0,Graduate,No,19657,870,131.0,,1.0,Semiurban,Y
LP001555,Male,Yes,1,Graduate,Yes,10016,66,176.0,360.0,1.0,Rural,Y
LP001556,Male,Yes,0,Graduate,No,60865,8440,130.0,180.0,1.0,Urban,Y
LP001557,Female,No,0,Graduate,No,9004,1243,164.0,360.0,0.0,Urban,N
LP001558,Male,No,0,Graduate,No,3688,5439,184.0,480.0,1.0,Rural,Y
LP001559,Female,Yes,2,Graduate,No,24973,206,104.0,360.0,0.0,Urban,Y
LP001560,Female,No,0,Graduate,No,4277,1234,114.0,240.0,1.0,Semiurban,N
LP001561,Male,Yes,2,Graduate,Yes,14203,1788,,300.0,1.0,Urban,Y
LP001562,Male,Yes,0,Graduate,No,39022,1287,158.0,480.0,1.0,Semiurban,Y
LP001563,Female,No,1,Graduate,No,19906,1451,208.0,360.0,1.0,Urban,Y
LP001564,Male,Yes,0,Not Graduate,No,10960,206,163.0,360.0,1.0,Urban,Y
LP001565,Female,No,0,Not Graduate,No,10087,1604,243.0,360.0,,Semiurban,N
LP001566,Male,Yes,1,Graduate,No,36763,398,184.0,300.0,0.0,Rural,Y
LP001567,Female,Yes,1,Graduate,No,5034,522,243.0,180.0,1.0,Urban,N
LP001568,Male,Yes,0,Graduate,No,24835,1118,234.0,480.0,1.0,Urban,Y
LP001569,Female,Yes,1,Not Graduate,No,77256,718,117.0,240.0,1.0,Urban,Y
LP001570,Male,No,2,Graduate,No,20635,770,224.0,240.0,1.0,Urban,Y
LP001571,Male,Yes,0,Not Graduate,No,11043,4224,197.0,360.0,1.0,Urban,Y
LP001572,Male,Yes,0,Graduate,No,11753,909,193.0,300.0,1.0,Rural,N
LP001573,Female,Yes,,Not Graduate,Yes,9096,681,209.0,360.0,,Rural,N
LP001574,Female,Yes,0,Graduate,No,7935,946,134.0,360.0,1.0,Rural,Y
LP001575,Male,No,3+,Not Graduate,No,14679,288,166.0,360.0,0.0,Urban,N
LP001576,Male,Yes,1,Graduate,No,23007,1332,128.0,300.0,1.0,Urban,Y
LP001577,Male,Yes,,Not Graduate,No,48466,2607,265.0,180.0,1.0,Urban,Y
LP001578,Female,No,1,Graduate,Yes,2792,1598,112.0,300.0,1.0,Semiurban,N
LP001579,Female,Yes,1,Graduate,Yes,1898,1145,86.0,300.0,1.0,Urban,Y
LP001580,Male,No,0,Not Graduate,No,49220,2256,109.0,360.0,1.0,Urban,Y
LP001581,Male,Yes,3+,Graduate,No,13984,564,147.0,300.0,1.0,Semiurban,Y
LP001582,Male,Yes,1,Graduate,,14582,1149,146.0,360.0,1.0,Urban,N
LP001583,Male,No,0,Graduate,No,19951,5872,194.0,360.0,1.0,Urban,Y
LP001584,Male,No,,Not Graduate,No,11504,770,151.0,300.0,1.0,Urban,Y
LP001585,Female,Yes,0,Not Graduate,No,64869,2274,125.0,240.0,1.0,Urban,Y
LP001586,Male,Yes,0,Graduate,No,19800,2343,174.0,360.0,1.0,Urban,Y
LP001587,Female,Yes,1,Graduate,No,9338,441,208.0,360.0,,Rural,N
LP001588,Male,Yes,1,Not Graduate,No,10031,2503,160.0,360.0,1.0,Urban,Y
LP001589,Male,No,1,Graduate,No,11910,529,193.0,240.0,,Semiurban,Y
LP001590,Female,Yes,0,Not Graduate,No,7174,1835,154.0,300.0,1.0,Rural,Y
LP001591,Female,Yes,1,Not Graduate,Yes,51616,519,137.0,480.0,1.0,Urban,Y
LP001592,Female,No,0,Not Graduate,,14752,1536,184.0,180.0,1.0,Urban,Y
LP001593,Male,Yes,1,Graduate,No,5237,1280,161.0,360.0,0.0,Semiurban,N
LP001594,Male,Yes,1,Not Graduate,No,18474,1254,200.0,240.0,1.0,Semiurban,Y
LP001595,Female,No,,Not Graduate,No,42244,1519,227.0,360.0,0.0,Semiurban,Y
LP001596,Male,No,2,Not Graduate,No,31214,580,144.0,360.0,1.0,Semiurban,Y
LP001597,Male,Yes,2,Graduate,No,7274,270,182.0,300.0,1.0,Semiurban,N
LP001598,Male,Yes,3+,Graduate,No,5501,1209,203.0,,1.0,Semiurban,Y
LP001599,Male,Yes,3+,Graduate,No,41850,4118,170.0,360.0,1.0,Urban,Y
LP001600,Female,Yes,2,Graduate,No,3642,2208,175.0,180.0,1.0,Rural,Y
LP001601,Male,Yes,3+,Graduate,No,17974,1875,157.0,120.0,1.0,Urban,Y
LP001602,Male,No,,Graduate,No,8477,594,162.0,360.0,1.0,Semiurban,Y
LP001603,Male,No,2,Graduate,Yes,38212,1371,176.0,360.0,1.0,Semiurban,Y
LP001604,Male,No,0,Not Graduate,No,5745,404,119.0,360.0,1.0,Semiurban,N
LP001605,Male,,0,Not Graduate,No,7064,659,65.0,360.0,0.0,Urban,Y
LP001606,Male,No,2,Not Graduate,No,21886,1683,145.0,480.0,1.0,Semiurban,Y
LP001607,Male,Yes,1,Graduate,No,25245,123,141.0,180.0,1.0,Urban,Y
LP001608,Female,Yes,2,Graduate,No,39643,8738,231.0,240.0,1.0,Rural,Y
LP001609,Male,Yes,0,Graduate,No,19503,221,164.0,360.0,0.0,Semiurban,N
LP001610,Male,Yes,0,Graduate,No,17669,10577,178.0,240.0,1.0,Rural,Y
LP001611,Female,No,2,Graduate,No,30924,400,129.0,240.0,0.0,Semiurban,N
LP001612,Female,Yes,3+,Graduate,Yes,4462,396,120.0,300.0,0.0,Rural,N
LP001613,Male,Yes,0,Graduate,No,6609,680,108.0,360.0,1.0,Semiurban,Y
LP001614,Male,No,2,Graduate,Yes,4772,647,86.0,240.0,1.0,Urban,Y
LP001615,Male,Yes,2,Graduate,No,1558,530,186.0,300.0,1.0,Urban,Y
LP001616,Female,No,0,Graduate,No,26205,702,165.0,360.0,,Urban,Y
LP001617,Female,Yes,0,Graduate,No,41929,1224,223.0,240.0,1.0,Urban,Y
LP001618,Female,Yes,0,Graduate,No,20843,373,177.0,300.0,1.0,Urban,Y
LP001619,Male,No,0,Graduate,,18107,3007,162.0,360.0,0.0,Rural,Y
LP001620,Female,Yes,1,Graduate,No,14299,5970,50.0,360.0,1.0,Semiurban,Y
LP001621,Male,Yes,0,Graduate,No,13962,106,245.0,360.0,1.0,Rural,Y
LP001622,Male,Yes,0,Not Graduate,,51853,10162,151.0,,0.0,Urban,Y
LP001623,Male,Yes,2,Graduate,,46135,2771,45.0,120.0,1.0,Urban,Y
LP001624,,Yes,1,Graduate,No,8366,1493,161.0,180.0,1.0,Urban,Y
LP001625,Male,Yes,1,Not Graduate,No,32436,550,109.0,360.0,1.0,Urban,Y
LP001626,Female,Yes,0,Graduate,No,35722,1339,107.0,360.0,1.0,Semiurban,Y
LP001627,Male,No,2,Graduate,No,22478,3219,163.0,360.0,1.0,Urban,Y
LP001628,Male,,2,Graduate,No,18216,25131,120.0,,1.0,Urban,Y
LP001629,Male,Yes,1,Graduate,,17722,15219,201.0,180.0,1.0,Rural,Y
LP001630,Male,Yes,3+,Graduate,No,4082,175,144.0,360.0,1.0,Rural,Y
LP001631,Female,No,2,Graduate,No,3802,854,169.0,480.0,1.0,Urban,Y
LP001632,Male,No,2,Not Graduate,,25000,1203,178.0,300.0,1.0,Urban,Y
LP001633,Female,,2,Graduate,No,5539,5498,162.0,360.0,1.0,Semiurban,Y
LP001634,Female,No,0,Not Graduate,No,4396,991,160.0,360.0,1.0,Urban,Y
LP001635,Female,Yes,0,Not Graduate,No,2539,443,157.0,360.0,1.0,Semiurban,Y
LP001636,,,0,Not Graduate,No,9131,1169,224.0,120.0,1.0,Semiurban,N
LP001637,,Yes,0,Not Graduate,No,18024,690,192.0,480.0,1.0,Semiurban,Y
LP001638,Male,Yes,0,Graduate,No,19224,3582,115.0,360.0,0.0,Rural,Y
LP001639,Female,Yes,2,Graduate,No,26383,19246,94.0,360.0,1.0,Urban,Y
LP001640,Female,Yes,0,Graduate,No,9767,3270,110.0,480.0,1.0,Rural,Y
LP001641,Male,No,3+,Not Graduate,No,14556,3432,171.0,360.0,1.0,Semiurban,Y
LP001642,Female,No,1,Graduate,No,26282,4830,94.0,180.0,0.0,Urban,Y
LP001643,Male,Yes,0,Graduate,No,19364,1892,117.0,360.0,0.0,Urban,Y
LP001644,Female,No,1,Not Graduate,No,8367,679,82.0,180.0,1.0,Semiurban,Y
LP001645,Male,Yes,0,Graduate,No,16978,764,196.0,360.0,1.0,Urban,Y
LP001646,Female,Yes,3+,Graduate,No,2731,4085,183.0,300.0,0.0,Semiurban,N
LP001647,Male,Yes,2,Graduate,Yes,13361,1551,,120.0,1.0,Urban,Y
LP001648,Female,Yes,0,Graduate,No,8145,337,126.0,300.0,1.0,Rural,Y
LP001649,Female,Yes,3+,Graduate,No,45019,5276,62.0,360.0,1.0,Semiurban,Y
LP001650,Female,No,2,Graduate,No,6113,433,108.0,180.0,1.0,Semiurban,Y
LP001651,Male,Yes,0,Not Graduate,No,14666,283,82.0,120.0,1.0,Urban,N
LP001652,Male,Yes,1,Graduate,No,9479,382,82.0,300.0,1.0,Urban,Y
LP001653,Male,Yes,1,Graduate,No,8547,1583,206.0,120.0,1.0,Semiurban,Y
LP001654,Male,Yes,0,Graduate,,18067,3523,137.0,480.0,1.0,Rural,Y
LP001655,Male,No,2,Graduate,No,9560,1488,164.0,360.0,1.0,Semiurban,Y
LP001656,Female,Yes,0,Graduate,No,58782,562,205.0,360.0,0.0,Urban,Y
LP001657,Male,No,1,Graduate,No,2752,415,99.0,120.0,1.0,Rural,Y
LP001658,,No,0,Graduate,No,22135,2766,180.0,360.0,1.0,Rural,Y
LP001659,Male,Yes,3+,Graduate,No,12483,981,77.0,360.0,1.0,Rural,Y
LP001660,Male,Yes,2,Graduate,No,12832,1651,162.0,360.0,0.0,Semiurban,N
LP001661,Female,No,0,Graduate,No,17012,926,203.0,,1.0,Rural,Y
LP001662,Male,No,0,Graduate,No,29679,1570,93.0,360.0,1.0,Urban,Y
LP001663,Female,Yes,0,Graduate,No,16515,1751,191.0,300.0,1.0,Rural,Y
LP001664,Male,No,2,Not Graduate,No,29764,20139,161.0,360.0,1.0,Semiurban,Y
LP001665,Female,No,,Not Graduate,No,13864,1777,127.0,300.0,1.0,Rural,Y
LP001666,Female,Yes,2,Graduate,No,5841,688,89.0,480.0,0.0,Urban,N
LP001667,Male,Yes,3+,Graduate,Yes,12440,1353,162.0,360.0,1.0,Urban,Y
LP001668,Female,No,1,Not Graduate,No,33601,350,174.0,360.0,1.0,Semiurban,Y
LP001669,Male,Yes,0,Graduate,No,9618,347,134.0,360.0,1.0,Rural,N
LP001670,Female,Yes,0,Not Graduate,No,5618,4912,100.0,300.0,1.0,Urban,Y
LP001671,Male,Yes,1,Graduate,No,21928,1579,188.0,180.0,0.0,Urban,Y
LP001672,Female,Yes,1,Not Graduate,No,17488,4199,209.0,240.0,1.0,Semiurban,Y
LP001673,Female,Yes,1,Graduate,,7210,156,,300.0,1.0,Semiurban,Y
LP001674,Female,No,,Graduate,No,11087,340,229.0,240.0,1.0,Semiurban,Y
LP001675,Female,Yes,0,Not Graduate,No,11552,1568,117.0,360.0,0.0,Rural,N
LP001676,Male,Yes,2,Not Graduate,Yes,13428,407,,120.0,1.0,Rural,N
LP001677,Male,Yes,0,Graduate,No,22409,198,170.0,480.0,1.0,Semiurban,Y
LP001678,Male,Yes,1,Not Graduate,No,9660,300,129.0,180.0,1.0,Urban,Y
LP001679,Male,Yes,2,Graduate,No,23355,745,199.0,180.0,1.0,Rural,Y
LP001680,,Yes,0,Graduate,No,8718,1800,98.0,480.0,1.0,Semiurban,N
LP001681,Male,Yes,2,Graduate,No,50667,8588,101.0,480.0,1.0,Rural,Y
LP001682,Female,Yes,2,Graduate,No,51548,310,153.0,240.0,1.0,Semiurban,Y
LP001683,Female,Yes,1,Not Graduate,No,6733,329,158.0,180.0,1.0,Semiurban,N
LP001684,Female,Yes,,Graduate,No,5012,192,183.0,240.0,1.0,Urban,Y
LP001685,Male,No,0,Graduate,No,29218,2181,145.0,360.0,1.0,Rural,Y
LP001686,Female,Yes,0,Graduate,No,16420,1273,54.0,300.0,1.0,Rural,Y
LP001687,Female,,,Graduate,No,20771,344,322.0,300.0,1.0,Semiurban,N
LP001688,Male,No,,Graduate,No,7912,404,,360.0,1.0,Semiurban,N
LP001689,Female,Yes,1,Graduate,Yes,12016,945,294.0,360.0,1.0,Semiurban,Y
LP001690,Female,Yes,0,Not Graduate,No,10138,1011,143.0,480.0,1.0,Urban,N
LP001691,Male,Yes,3+,Graduate,No,17040,314,97.0,360.0,0.0,Urban,Y
LP001692,Male,Yes,2,Graduate,Yes,4931,1356,134.0,240.0,1.0,Urban,Y
LP001693,Male,,0,Graduate,No,12339,210,205.0,360.0,0.0,Urban,N
LP001694,Male,No,0,Graduate,No,4892,1163,180.0,360.0,0.0,Urban,N
LP001695,Male,Yes,0,Graduate,No,8844,886,165.0,120.0,1.0,Semiurban,Y
LP001696,Male,Yes,3+,Graduate,No,12358,1774,146.0,480.0,0.0,Rural,N
LP001697,Male,Yes,1,Graduate,No,20049,4691,156.0,240.0,0.0,Rural,Y
LP001698,Male,No,2,Not Graduate,No,21423,702,142.0,300.0,1.0,Rural,Y
LP001699,Female,No,0,Graduate,No,24556,1097,209.0,300.0,1.0,Urban,Y
LP001700,Male,Yes,2,Not Graduate,No,4079,101,195.0,480.0,1.0,Urban,Y
LP001701,Female,Yes,0,Graduate,No,36727,11685,102.0,240.0,1.0,Urban,Y
LP001702,Male,Yes,3+,Graduate,No,7975,117,76.0,240.0,1.0,Rural,Y
LP001703,Male,Yes,3+,Graduate,No,8455,992,88.0,360.0,1.0,Rural,N
LP001704,Male,Yes,0,Graduate,,16564,51,132.0,480.0,1.0,Urban,Y
LP001705,Male,Yes,2,Graduate,Yes,10202,407,161.0,180.0,1.0,Semiurban,Y
LP001706,Male,Yes,2,Not Graduate,No,17844,8800,147.0,360.0,,Semiurban,N
LP001707,Female,No,3+,Graduate,No,20700,4331,181.0,480.0,0.0,Urban,Y
LP001708,Male,No,,Graduate,No,7255,3576,149.0,360.0,0.0,Semiurban,N
LP001709,,Yes,1,Graduate,No,11533,870,229.0,480.0,1.0,Rural,Y
LP001710,Female,Yes,2,Graduate,No,11810,7951,175.0,480.0,1.0,Urban,Y
LP001711,,No,,Graduate,No,28756,1493,150.0,300.0,1.0,Urban,Y
LP001712,Male,Yes,0,Not Graduate,No,9208,2509,74.0,240.0,1.0,Urban,Y
LP001713,Female,Yes,,Graduate,No,8893,26272,167.0,,1.0,Urban,Y
LP001714,Male,Yes,0,Not Graduate,No,5899,4057,,360.0,1.0,Urban,Y
LP001715,Male,Yes,2,Graduate,No,6453,1013,114.0,300.0,1.0,Rural,Y
LP001716,Female,Yes,0,Graduate,No,4534,2023,,360.0,1.0,Rural,N
LP001717,Male,Yes,0,Graduate,No,7612,5913,204.0,300.0,1.0,Semiurban,N
LP001718,Female,Yes,1,Graduate,No,47803,2314,101.0,,0.0,Semiurban,Y
LP001719,Female,Yes,1,Graduate,No,23218,2806,158.0,240.0,1.0,Semiurban,Y
LP001720,Male,Yes,1,Graduate,No,37118,5143,151.0,,0.0,Urban,N
LP001721,Male,Yes,1,Graduate,No,6247,22837,172.0,480.0,0.0,Urban,Y
LP001722,Male,No,0,Not Graduate,,2812,357,101.0,360.0,1.0,Semiurban,Y
LP001723,Male,Yes,0,Graduate,No,17207,2546,143.0,360.0,1.0,Urban,Y
LP001724,Male,Yes,2,Graduate,Yes,58857,1903,101.0,240.0,1.0,Semiurban,Y
LP001725,Female,Yes,0,Graduate,Yes,9060,690,153.0,180.0,0.0,Rural,N
LP001726,Male,Yes,1,Not Graduate,No,14493,504,175.0,360.0,1.0,Semiurban,N
LP001727,Male,Yes,1,Graduate,No,3806,7962,194.0,360.0,1.0,Rural,Y
LP001728,Female,No,3+,Graduate,No,13664,321,224.0,240.0,1.0,Semiurban,N
LP001729,Female,Yes,2,Not Graduate,No,12088,202,136.0,480.0,1.0,Semiurban,N
LP001730,Female,Yes,0,Graduate,Yes,2503,558,135.0,360.0,1.0,Urban,N
LP001731,Male,No,2,Graduate,No,5826,129,213.0,360.0,1.0,Semiurban,Y
LP001732,Female,Yes,3+,Graduate,Yes,5467,397,178.0,240.0,0.0,Semiurban,Y
LP001733,Male,Yes,1,Graduate,Yes,3775,310,211.0,360.0,1.0,Rural,N
LP001734,Male,Yes,3+,Not Graduate,No,7480,1215,247.0,360.0,1.0,Semiurban,N
LP001735,Male,Yes,1,Not Graduate,No,20070,6214,107.0,360.0,1.0,Urban,Y
LP001736,Female,No,1,Not Graduate,No,8050,540,190.0,180.0,1.0,Rural,N
LP001737,Male,Yes,0,Not Graduate,No,33482,3096,120.0,180.0,1.0,Urban,Y
LP001738,,Yes,1,Graduate,No,9994,2701,228.0,300.0,,Rural,N
LP001739,Male,No,0,Graduate,Yes,17343,76,90.0,180.0,1.0,Semiurban,Y
LP001740,Male,Yes,0,Not Graduate,No,19890,565,195.0,300.0,1.0,Semiurban,Y
LP001741,Female,Yes,0,Graduate,No,45574,698,122.0,240.0,1.0,Urban,Y
LP001742,Female,Yes,0,Graduate,No,7533,1733,177.0,300.0,1.0,Semiurban,N
LP001743,Female,Yes,0,Graduate,No,19032,2173,213.0,480.0,1.0,Urban,Y
LP001744,Male,No,1,Not Graduate,Yes,6264,1631,117.0,360.0,1.0,Urban,Y
LP001745,,No,0,Graduate,No,52980,374,76.0,180.0,1.0,Urban,Y
LP001746,Male,Yes,3+,Not Graduate,No,5815,512,137.0,360.0,1.0,Semiurban,Y
LP001747,Male,Yes,0,Graduate,No,18159,180,130.0,120.0,1.0,Semiurban,Y
LP001748,Male,Yes,1,Graduate,No,46516,1187,85.0,480.0,0.0,Urban,N
LP001749,Female,Yes,0,Not Graduate,Yes,5129,705,49.0,360.0,1.0,Semiurban,Y
LP001750,Male,Yes,0,Not Graduate,No,21505,2078,210.0,360.0,1.0,Urban,Y
LP001751,Male,Yes,0,Graduate,Yes,6037,2530,,240.0,,Semiurban,N
LP001752,Male,No,1,Graduate,No,86050,734,119.0,300.0,1.0,Semiurban,Y
LP001753,Male,No,2,Graduate,No,2942,1538,135.0,360.0,1.0,Urban,N
LP001754,Male,Yes,0,Not Graduate,,3968,846,190.0,360.0,1.0,Rural,N
LP001755,Female,Yes,0,Graduate,Yes,5446,288,191.0,120.0,1.0,Urban,Y
LP001756,Female,Yes,0,Graduate,Yes,5588,419,238.0,300.0,1.0,Semiurban,Y
LP001757,Female,No,2,Graduate,No,20265,72,181.0,300.0,1.0,Semiurban,Y
LP001758,Male,No,2,Graduate,No,56372,682,98.0,180.0,1.0,Rural,Y
LP001759,Male,No,,Graduate,No,33661,537,189.0,240.0,1.0,Urban,Y
LP001760,Male,Yes,0,Not Graduate,No,16108,294,115.0,240.0,1.0,Semiurban,Y
LP001761,Male,Yes,3+,Not Graduate,No,13462,2930,146.0,360.0,1.0,Rural,Y
LP001762,Female,Yes,0,Not Graduate,Yes,8224,2062,,360.0,1.0,Semiurban,Y
LP001763,Male,Yes,,Graduate,No,18267,2131,104.0,480.0,1.0,Urban,Y
LP001764,Male,,0,Not Graduate,No,11304,2514,146.0,300.0,1.0,Urban,Y
LP001765,Male,Yes,1,Graduate,No,15545,1094,88.0,360.0,1.0,Semiurban,Y
LP001766,,Yes,3+,Graduate,No,7385,1080,100.0,360.0,1.0,Rural,Y
LP001767,Female,Yes,3+,Graduate,No,5107,2969,122.0,,,Urban,Y
LP001768,Male,,2,Graduate,Yes,13634,2442,231.0,360.0,1.0,Rural,Y
LP001769,Male,Yes,1,Graduate,No,13395,3762,151.0,360.0,1.0,Urban,Y
LP001770,Male,Yes,1,Graduate,Yes,8293,1040,282.0,300.0,0.0,Semiurban,Y
LP001771,Male,Yes,0,Not Graduate,No,7235,335,197.0,240.0,1.0,Urban,N
LP001772,Female,Yes,3+,Graduate,No,20883,1457,199.0,240.0,1.0,Urban,Y
LP001773,Female,Yes,2,Graduate,No,19224,547,95.0,360.0,0.0,Rural,N
LP001774,Female,Yes,1,Graduate,No,59948,2402,142.0,360.0,0.0,Rural,Y
LP001775,Female,No,0,Not Graduate,No,40325,1548,92.0,300.0,1.0,Rural,Y
LP001776,Male,Yes,1,Graduate,No,5140,1166,134.0,360.0,1.0,Semiurban,Y
LP001777,Female,Yes,3+,Graduate,No,11468,685,127.0,180.0,1.0,Semiurban,Y
LP001778,Male,Yes,1,Graduate,Yes,4483,3643,147.0,180.0,1.0,Rural,Y
LP001779,Male,No,0,Graduate,No,3067,3323,191.0,360.0,0.0,Urban,N
LP001780,Female,Yes,0,Graduate,Yes,77372,559,136.0,480.0,1.0,Urban,Y
LP001781,Male,Yes,,Graduate,Yes,43662,251,192.0,300.0,1.0,Rural,Y
LP001782,Female,Yes,3+,Graduate,No,8072,1360,76.0,300.0,0.0,Urban,Y
LP001783,Male,No,3+,Graduate,No,36123,4550,172.0,300.0,1.0,Semiurban,Y
LP001784,Female,No,3+,Graduate,No,40675,241,128.0,300.0,1.0,Rural,Y
LP001785,Female,Yes,2,Graduate,No,2874,1928,162.0,300.0,1.0,Rural,N
LP001786,Female,No,1,Not Graduate,No,26383,409,193.0,300.0,1.0,Urban,Y
LP001787,Female,No,1,Graduate,No,9015,323,77.0,360.0,1.0,Rural,Y
LP001788,Female,Yes,1,Graduate,No,18150,3352,223.0,240.0,1.0,Urban,Y
LP001789,Male,Yes,,Not Graduate,No,148433,2393,140.0,480.0,1.0,Urban,Y
LP001790,,Yes,1,Graduate,Yes,47490,913,243.0,300.0,0.0,Semiurban,N
LP001791,Male,No,1,Graduate,No,12057,2828,153.0,240.0,1.0,Rural,Y
LP001792,Female,Yes,0,Graduate,Yes,41661,2490,216.0,480.0,1.0,Urban,Y
LP001793,Male,,0,Graduate,Yes,2870,184,152.0,240.0,1.0,Urban,N
LP001794,Female,Yes,2,Graduate,No,19987,1213,163.0,360.0,1.0,Semiurban,Y
LP001795,Male,Yes,3+,Graduate,No,20373,5975,155.0,300.0,1.0,Urban,Y
LP001796,Male,No,1,Not Graduate,No,23495,1936,139.0,180.0,0.0,Urban,Y
LP001797,Female,Yes,0,Not Graduate,No,8894,47,137.0,480.0,1.0,Semiurban,N
LP001798,Male,Yes,3+,Graduate,No,18134,303,161.0,300.0,1.0,Rural,Y
LP001799,Male,Yes,2,Graduate,Yes,26496,3622,177.0,360.0,0.0,Semiurban,Y
LP001800,Male,Yes,1,Not Graduate,Yes,2083,561,161.0,360.0,1.0,Semiurban,Y
LP001801,Female,Yes,1,Graduate,No,10374,4211,175.0,360.0,,Urban,N
LP001802,Female,Yes,1,Graduate,No,6485,12775,74.0,360.0,1.0,Urban,Y
LP001803,Male,Yes,1,Graduate,No,22690,824,195.0,360.0,1.0,Semiurban,Y
LP001804,Male,No,2,Graduate,,40226,522,112.0,300.0,1.0,Urban,Y
LP001805,Male,No,0,Graduate,No,8188,327,67.0,360.0,1.0,Urban,Y
LP001806,Female,Yes,0,Graduate,No,5591,2724,242.0,240.0,1.0,Semiurban,Y
LP001807,,No,0,Graduate,No,14672,532,220.0,180.0,1.0,Rural,Y
LP001808,Male,Yes,0,Not Graduate,No,5310,676,149.0,480.0,1.0,Urban,Y
LP001809,Male,Yes,0,Graduate,No,11146,289,203.0,180.0,1.0,Urban,Y
LP001810,Male,Yes,0,Graduate,No,10244,652,133.0,,1.0,Urban,N
LP001811,Female,No,0,Graduate,,21249,469,126.0,180.0,0.0,Semiurban,Y
LP001812,Female,No,0,Not Graduate,No,17191,101,120.0,480.0,0.0,Semiurban,Y
LP001813,Male,Yes,0,Graduate,No,15201,400,118.0,180.0,1.0,Urban,Y
LP001814,Male,Yes,0,Graduate,No,49487,2684,137.0,360.0,1.0,Semiurban,Y
LP001815,Male,Yes,1,Not Graduate,Yes,16577,5534,114.0,360.0,1.0,Rural,Y
LP001816,Female,Yes,1,Graduate,,9563,964,7.0,120.0,1.0,Semiurban,N
LP001817,Male,Yes,0,Graduate,No,10549,1141,140.0,360.0,1.0,Rural,Y
LP001818,Female,Yes,1,Not Graduate,No,7248,1545,101.0,480.0,1.0,Urban,N
LP001819,Female,No,,Graduate,No,5914,11557,164.0,360.0,1.0,Semiurban,Y
LP001820,Male,Yes,3+,Graduate,No,4396,326,138.0,240.0,1.0,Rural,Y
LP001821,Male,No,0,Graduate,No,33103,241,181.0,360.0,1.0,Semiurban,Y
LP001822,Male,Yes,2,Not Graduate,,7520,1030,150.0,180.0,1.0,Urban,N
LP001823,Female,Yes,0,Graduate,Yes,17201,1759,86.0,480.0,1.0,Rural,Y
LP001824,Female,No,,Graduate,No,10510,1053,86.0,300.0,1.0,Urban,Y
LP001825,Female,,0,Not Graduate,No,13051,213,87.0,300.0,0.0,Semiurban,N
LP001826,Male,Yes,0,Graduate,No,33625,3170,106.0,300.0,1.0,Urban,Y
LP001827,Male,Yes,1,Not Graduate,No,15387,929,114.0,120.0,1.0,Semiurban,N
LP001828,Female,No,1,Graduate,No,6385,2132,195.0,120.0,1.0,Urban,Y
LP001829,Female,Yes,2,Graduate,No,8507,7068,159.0,,1.0,Rural,Y
LP001830,Male,Yes,0,Graduate,No,26581,189,56.0,360.0,0.0,Rural,Y
LP001831,,Yes,0,Graduate,No,19663,139,106.0,480.0,1.0,Semiurban,Y
LP001832,Female,No,0,Graduate,No,27943,2161,148.0,240.0,1.0,Rural,Y
LP001833,Male,No,0,Graduate,No,11039,95,99.0,300.0,1.0,Urban,Y
LP001834,Female,No,3+,Graduate,No,4372,678,154.0,480.0,1.0,Semiurban,N
LP001835,Female,Yes,2,Graduate,No,20036,552,108.0,120.0,1.0,Rural,Y
LP001836,Female,Yes,3+,Not Graduate,No,16354,1688,143.0,360.0,1.0,Semiurban,Y
LP001837,Male,Yes,1,Graduate,No,16700,493,121.0,180.0,0.0,Semiurban,Y
LP001838,Male,No,1,Not Graduate,No,4423,1979,155.0,480.0,1.0,Semiurban,Y
LP001839,Female,Yes,0,Graduate,No,8005,304,222.0,240.0,1.0,Urban,Y
LP001840,Male,Yes,1,Graduate,No,6306,247,194.0,360.0,1.0,Semiurban,N
LP001841,Male,Yes,1,Graduate,No,18388,1122,95.0,480.0,1.0,Urban,Y
LP001842,Male,Yes,,Graduate,No,18902,1244,275.0,360.0,1.0,Rural,Y
LP001843,Male,No,1,Not Graduate,No,12902,1562,209.0,360.0,,Rural,Y
LP001844,Female,Yes,0,Graduate,No,28971,6473,115.0,480.0,1.0,Urban,Y
LP001845,Female,No,2,Graduate,No,44027,5098,106.0,360.0,1.0,Rural,Y
LP001846,Male,Yes,2,Graduate,No,17719,1885,167.0,360.0,0.0,Rural,Y
LP001847,Male,,1,Graduate,No,22853,2896,185.0,240.0,1.0,Urban,Y
LP001848,Male,No,1,Graduate,No,8662,1502,238.0,300.0,0.0,Semiurban,N
LP001849,Female,Yes,0,Graduate,No,7477,4516,175.0,360.0,1.0,Rural,N
LP001850,Female,No,1,Graduate,No,29965,1697,116.0,180.0,1.0,Semiurban,Y
LP001851,Male,Yes,0,Not Graduate,No,6635,565,124.0,480.0,1.0,Semiurban,Y
LP001852,Female,No,0,Not Graduate,Yes,23333,444,181.0,180.0,1.0,Rural,Y
LP001853,Female,No,1,Graduate,Yes,52869,4364,82.0,360.0,1.0,Rural,Y
LP001854,,No,0,Graduate,No,22534,880,224.0,180.0,1.0,Semiurban,Y
LP001855,,Yes,2,Not Graduate,No,12522,10939,,180.0,1.0,Semiurban,Y
LP001856,Male,Yes,2,Graduate,No,4572,291,197.0,360.0,1.0,Urban,Y
LP001857,Female,Yes,0,Graduate,Yes,15224,4923,209.0,300.0,1.0,Rural,Y
LP001858,,Yes,2,Not Graduate,No,29949,657,302.0,120.0,,Urban,Y
LP001859,Female,No,1,Graduate,No,11577,1787,134.0,300.0,1.0,Urban,Y
LP001860,Female,No,0,Not Graduate,No,30248,229,136.0,240.0,0.0,Urban,Y
LP001861,Female,No,1,Graduate,Yes,17890,120,133.0,360.0,1.0,Urban,Y
LP001862,Female,Yes,1,Graduate,No,16866,6476,158.0,360.0,1.0,Rural,Y
LP001863,Male,No,1,Graduate,No,10368,647,117.0,360.0,1.0,Rural,N
LP001864,Male,No,3+,Graduate,No,4167,3577,210.0,480.0,0.0,Semiurban,N
LP001865,Female,No,1,Graduate,No,9508,498,200.0,360.0,1.0,Urban,N
LP001866,Female,Yes,3+,Graduate,No,9447,3583,137.0,240.0,1.0,Rural,N
LP001867,Male,Yes,,Graduate,No,21170,655,114.0,480.0,0.0,Rural,Y
LP001868,Male,Yes,0,Graduate,Yes,13197,256,128.0,180.0,,Rural,N
LP001869,Male,Yes,1,Graduate,No,31778,2382,,240.0,1.0,Urban,Y
LP001870,Female,Yes,0,Not Graduate,No,16732,3406,174.0,240.0,1.0,Semiurban,Y
LP001871,Female,No,,Graduate,No,8924,2364,159.0,240.0,1.0,Semiurban,N
LP001872,Male,Yes,1,Not Graduate,No,6961,921,191.0,,1.0,Semiurban,Y
LP001873,Male,Yes,1,Not Graduate,Yes,8244,134,224.0,300.0,1.0,Semiurban,N
LP001874,Female,Yes,0,Graduate,No,15193,304,,360.0,1.0,Urban,Y
LP001875,Female,No,1,Graduate,Yes,9914,472,179.0,300.0,1.0,Rural,N
LP001876,Male,No,,Not Graduate,No,5646,804,272.0,240.0,1.0,Semiurban,N
LP001877,Male,No,1,Not Graduate,,29892,4259,178.0,360.0,1.0,Urban,Y
LP001878,Male,Yes,,Graduate,No,15090,952,125.0,300.0,,Rural,Y
LP001879,Male,Yes,3+,Graduate,Yes,16643,87,146.0,360.0,1.0,Urban,Y
LP001880,Male,No,0,Graduate,No,6918,48,66.0,240.0,1.0,Urban,N
LP001881,Female,Yes,1,Graduate,No,5806,476,177.0,300.0,1.0,Urban,Y
LP001882,Female,Yes,1,Graduate,No,11733,592,122.0,360.0,1.0,Semiurban,N
LP001883,Female,Yes,3+,Graduate,Yes,2637,1680,105.0,120.0,1.0,Semiurban,N
LP001884,Female,Yes,1,Not Graduate,No,24930,191,106.0,480.0,1.0,Urban,Y
LP001885,Male,No,,Not Graduate,No,7606,208,207.0,300.0,1.0,Semiurban,Y
LP001886,Male,Yes,1,Graduate,No,10784,1889,137.0,480.0,1.0,Urban,Y
LP001887,Male,Yes,1,Graduate,No,18798,5437,188.0,360.0,1.0,Semiurban,Y
LP001888,Male,Yes,2,Graduate,No,11162,103,169.0,480.0,1.0,Rural,Y
LP001889,Female,Yes,2,Graduate,Yes,5246,435,160.0,180.0,1.0,Urban,Y
LP001890,Female,Yes,0,Graduate,No,44558,4160,130.0,360.0,0.0,Rural,Y
LP001891,Male,Yes,3+,Graduate,No,3920,3359,174.0,360.0,1.0,Urban,Y
LP001892,Male,Yes,0,Graduate,No,2232,361,128.0,480.0,1.0,Semiurban,Y
LP001893,Female,,3+,Graduate,No,26894,4410,157.0,120.0,1.0,Rural,Y
LP001894,Male,Yes,2,Not Graduate,No,4156,1157,205.0,180.0,0.0,Rural,N
LP001895,Male,Yes,1,Not Graduate,No,36396,2421,215.0,360.0,1.0,Urban,Y
LP001896,Female,Yes,2,Graduate,No,18061,471,128.0,120.0,1.0,Urban,Y
LP001897,,,0,Graduate,No,16754,1557,168.0,120.0,1.0,Urban,Y
LP001898,,No,0,Graduate,No,8474,270,179.0,360.0,1.0,Urban,Y
LP001899,Male,Yes,0,Graduate,Yes,6902,568,161.0,360.0,0.0,Rural,N
LP001900,Female,Yes,0,Not Graduate,No,9887,767,188.0,360.0,1.0,Urban,N
LP001901,Male,Yes,1,Graduate,No,6622,1297,188.0,120.0,1.0,Semiurban,Y
LP001902,Male,No,0,Graduate,No,35106,19689,241.0,360.0,1.0,Urban,Y
LP001903,Female,Yes,2,Graduate,No,7374,23666,257.0,240.0,0.0,Semiurban,Y
LP001904,Male,Yes,1,Not Graduate,No,20031,688,,360.0,,Rural,N
LP001905,Female,No,1,Graduate,No,29856,6473,233.0,300.0,1.0,Urban,Y
LP001906,Male,No,,Graduate,No,6601,289,171.0,300.0,1.0,Urban,N
LP001907,Female,No,0,Not Graduate,No,18056,1770,141.0,360.0,1.0,Semiurban,Y
LP001908,Male,Yes,0,Graduate,No,6534,481,180.0,360.0,1.0,Semiurban,Y
LP001909,Male,Yes,0,Graduate,No,11628,638,138.0,180.0,1.0,Semiurban,Y
LP001910,Male,Yes,2,Graduate,No,9256,26713,147.0,360.0,0.0,Urban,Y
LP001911,,No,1,Not Graduate,No,7659,689,95.0,360.0,1.0,Urban,Y
LP001912,Female,Yes,0,Not Graduate,Yes,15157,502,154.0,300.0,1.0,Urban,Y
LP001913,Female,Yes,2,Graduate,Yes,5057,330,196.0,360.0,1.0,Rural,Y
LP001914,,,0,Graduate,No,28095,435,186.0,120.0,1.0,Semiurban,Y
LP001915,Male,No,1,Graduate,No,5623,199,168.0,480.0,1.0,Semiurban,Y
LP001916,Female,No,1,Graduate,No,4848,1432,236.0,300.0,1.0,Urban,Y
LP001917,Female,No,2,Graduate,No,10917,1402,256.0,360.0,1.0,Semiurban,Y
LP001918,Male,No,3+,Graduate,No,9916,1644,174.0,120.0,1.0,Rural,Y
LP001919,Male,,2,Graduate,,17755,1081,229.0,360.0,1.0,Urban,Y
LP001920,Male,No,1,Not Graduate,Yes,14297,555,167.0,360.0,1.0,Urban,Y
LP001921,Female,No,0,Graduate,No,3634,498,,480.0,1.0,Semiurban,N
LP001922,,Yes,2,Graduate,No,29414,1327,198.0,300.0,1.0,Rural,Y
LP001923,Female,Yes,1,Graduate,No,10701,1030,146.0,360.0,0.0,Semiurban,N
LP001924,Male,,0,Graduate,No,16206,511,32.0,180.0,,Semiurban,Y
LP001925,Female,Yes,2,Graduate,Yes,77786,777,137.0,180.0,1.0,Semiurban,Y
LP001926,Male,No,0,Graduate,No,37389,6955,74.0,480.0,1.0,Rural,Y
LP001927,Male,Yes,0,Not Graduate,Yes,15810,11663,130.0,240.0,1.0,Semiurban,Y
LP001928,Male,,3+,Not Graduate,No,4453,841,122.0,480.0,1.0,Semiurban,N
LP001929,Female,Yes,1,Graduate,No,4513,454,123.0,180.0,1.0,Semiurban,Y
LP001930,Male,,0,Graduate,Yes,33848,1041,97.0,360.0,1.0,Semiurban,Y
LP001931,,Yes,2,Graduate,No,9687,4285,90.0,360.0,1.0,Semiurban,Y
LP001932,Male,Yes,2,Graduate,No,11675,1040,117.0,480.0,1.0,Rural,Y
LP001933,Male,Yes,0,Graduate,No,5343,1679,131.0,300.0,1.0,Semiurban,Y
LP001934,Female,Yes,,Graduate,No,19085,498,135.0,120.0,1.0,Urban,Y
LP001935,Female,Yes,2,Not Graduate,Yes,33293,270,162.0,300.0,1.0,Urban,Y
LP001936,Female,,0,Not Graduate,No,45199,2734,185.0,360.0,1.0,Semiurban,Y
LP001937,Male,No,1,Not Graduate,No,9334,1385,99.0,180.0,1.0,Rural,Y
LP001938,Female,Yes,0,Not Graduate,Yes,22379,2409,106.0,120.0,1.0,Urban,Y
LP001939,Male,Yes,2,Graduate,No,12381,140,233.0,360.0,1.0,Urban,Y
LP001940,Male,Yes,2,Graduate,No,27017,9888,187.0,360.0,1.0,Rural,Y
LP001941,Male,Yes,0,Graduate,No,13317,1484,111.0,240.0,1.0,Urban,Y
LP001942,Male,Yes,2,Not Graduate,No,6909,125,87.0,360.0,1.0,Semiurban,Y
LP001943,Female,Yes,2,Graduate,No,38412,3584,125.0,180.0,1.0,Rural,Y
LP001944,Female,No,0,Graduate,No,14455,700,137.0,360.0,0.0,Semiurban,Y
LP001945,Female,No,1,Graduate,No,10085,1137,184.0,300.0,1.0,Semiurban,Y
LP001946,,No,0,Graduate,No,15401,618,34.0,240.0,1.0,Rural,Y
LP001947,Male,Yes,3+,Graduate,No,7410,975,101.0,360.0,1.0,Rural,N
LP001948,Male,Yes,,Graduate,,18623,1035,239.0,480.0,1.0,Semiurban,Y
LP001949,Male,Yes,1,Graduate,No,11418,147,150.0,120.0,1.0,Urban,Y
LP001950,Male,No,,Graduate,No,7073,3099,153.0,180.0,1.0,Semiurban,Y
LP001951,Male,,1,Graduate,No,89457,1255,121.0,240.0,1.0,Urban,Y
LP001952,Male,Yes,2,Graduate,No,5967,1873,189.0,480.0,1.0,Urban,N
LP001953,Male,Yes,1,Graduate,No,17723,2919,59.0,360.0,1.0,Urban,Y
LP001954,Female,Yes,3+,Not Graduate,No,13980,1267,128.0,480.0,1.0,Urban,Y
LP001955,Female,No,1,Graduate,No,5881,1631,,300.0,1.0,Semiurban,Y
LP001956,Female,No,0,Graduate,No,10199,187,149.0,240.0,1.0,Rural,Y
LP001957,Female,,3+,Graduate,No,4564,404,127.0,240.0,1.0,Urban,Y
LP001958,Male,No,1,Not Graduate,No,69786,1214,68.0,360.0,1.0,Semiurban,Y
LP001959,Female,Yes,1,Graduate,No,10782,1370,200.0,240.0,1.0,Semiurban,N
LP001960,Female,No,3+,Graduate,No,11542,1773,184.0,360.0,1.0,Urban,Y
LP001961,Male,No,0,Not Graduate,Yes,63333,5926,201.0,300.0,1.0,Urban,Y
LP001962,Male,No,1,Not Graduate,No,6910,979,74.0,300.0,1.0,Urban,Y
LP001963,Female,Yes,0,Not Graduate,No,37628,1695,99.0,300.0,0.0,Semiurban,N
LP001964,Male,Yes,1,Graduate,No,21461,1177,210.0,240.0,1.0,Urban,Y
LP001965,Male,Yes,2,Not Graduate,No,2743,812,190.0,,1.0,Urban,N
LP001966,Male,Yes,3+,Graduate,No,9928,851,220.0,300.0,1.0,Semiurban,Y
LP001967,Male,No,1,Graduate,No,18944,427,138.0,360.0,1.0,Semiurban,Y
LP001968,Male,Yes,2,Not Graduate,No,13745,952,144.0,360.0,1.0,Semiurban,Y
LP001969,Male,Yes,3+,Not Graduate,No,13774,843,180.0,240.0,1.0,Semiurban,N
LP001970,Male,,1,Graduate,No,8219,914,82.0,,1.0,Semiurban,Y
LP001971,,Yes,0,Not Graduate,No,7553,135,159.0,180.0,1.0,Semiurban,N
LP001972,Female,Yes,1,Graduate,Yes,10438,973,276.0,240.0,1.0,Urban,N
LP001973,Male,Yes,3+,Graduate,No,64154,382,132.0,360.0,1.0,Urban,Y
LP001974,Male,Yes,3+,Graduate,No,6463,1018,69.0,240.0,1.0,Rural,Y
LP001975,Male,Yes,1,Graduate,No,9083,294,170.0,180.0,1.0,Urban,Y
LP001976,Female,No,2,Graduate,No,13671,1164,104.0,300.0,1.0,Urban,Y
LP001977,Male,Yes,0,Graduate,,4144,767,144.0,360.0,0.0,Rural,Y
LP001978,Male,No,0,Graduate,No,18874,517,204.0,300.0,1.0,Semiurban,Y
LP001979,Female,Yes,3+,Graduate,No,4767,1551,177.0,300.0,0.0,Semiurban,N
LP001980,,Yes,0,Not Graduate,No,5598,1720,125.0,360.0,1.0,Urban,Y
LP001981,Male,Yes,0,Graduate,No,5387,1033,191.0,,1.0,Rural,Y
LP001982,Female,Yes,1,Graduate,No,3595,2170,66.0,300.0,1.0,Urban,Y
LP001983,Male,Yes,1,Not Graduate,No,36851,667,159.0,120.0,1.0,Urban,Y
LP001984,Male,Yes,1,Graduate,No,20277,1772,130.0,,1.0,Urban,Y
LP001985,Male,Yes,0,Not Graduate,No,27942,1042,32.0,300.0,1.0,Semiurban,Y
LP001986,Male,Yes,,Graduate,No,25978,330,89.0,180.0,1.0,Rural,Y
LP001987,Female,Yes,3+,Not Graduate,Yes,11678,419,149.0,240.0,1.0,Urban,Y
LP001988,Male,Yes,0,Not Graduate,No,13047,4440,187.0,240.0,0.0,Urban,Y
LP001989,Male,No,1,Graduate,No,30060,7270,151.0,180.0,0.0,Urban,Y
LP001990,Female,No,2,Graduate,No,49550,2580,135.0,300.0,1.0,Semiurban,Y
LP001991,Female,Yes,1,Graduate,Yes,4883,544,190.0,300.0,1.0,Urban,Y
LP001992,Male,Yes,0,Graduate,No,100305,6083,163.0,300.0,1.0,Rural,Y
LP001993,Female,No,1,Graduate,No,4663,2287,199.0,240.0,1.0,Rural,N
LP001994,Male,Yes,0,Graduate,,9232,1640,178.0,300.0,1.0,Semiurban,Y
LP001995,Female,No,0,Graduate,No,14175,10004,114.0,360.0,1.0,Semiurban,Y
LP001996,Female,Yes,1,Graduate,No,15255,390,183.0,360.0,1.0,Urban,Y
LP001997,Female,No,1,Not Graduate,No,64283,2772,198.0,240.0,1.0,Semiurban,Y
LP001998,Male,Yes,2,Not Graduate,No,30017,412,220.0,360.0,1.0,Urban,Y
LP001999,Male,No,2,Graduate,No,18587,529,123.0,120.0,1.0,Semiurban,Y
LP002000,Male,Yes,0,Graduate,No,30588,24896,131.0,360.0,0.0,Rural,Y
LP002001,Male,Yes,2,Graduate,No,17616,2003,194.0,240.0,0.0,Rural,Y
LP002002,Male,Yes,0,Graduate,No,7782,10087,192.0,300.0,0.0,Rural,Y
LP002003,Female,Yes,1,Graduate,No,19702,2105,124.0,,0.0,Rural,Y
LP002004,Male,No,2,Not Graduate,No,14101,1777,116.0,360.0,1.0,Semiurban,Y
LP002005,Male,Yes,1,Not Graduate,No,6807,517,128.0,300.0,0.0,Semiurban,Y
LP002006,Female,No,1,Graduate,No,36688,3544,153.0,480.0,1.0,Urban,Y
LP002007,Male,Yes,1,Graduate,No,12790,1130,105.0,360.0,,Semiurban,Y
LP002008,Female,No,3+,Graduate,No,5451,1207,170.0,240.0,1.0,Urban,Y
LP002009,Male,Yes,1,Not Graduate,Yes,6184,801,,360.0,1.0,Urban,Y
LP002010,Male,No,2,Not Graduate,No,20496,971,,360.0,1.0,Rural,Y
LP002011,Male,No,3+,Graduate,No,30931,1129,159.0,240.0,0.0,Semiurban,Y
LP002012,Male,Yes,2,Graduate,No,19639,1270,104.0,120.0,0.0,Urban,Y
LP002013,Female,No,1,Graduate,No,19712,1031,129.0,480.0,1.0,Urban,Y
LP002014,Male,No,0,Graduate,No,6986,169,143.0,480.0,1.0,Semiurban,Y
LP002015,Male,Yes,0,Graduate,No,14390,2101,256.0,300.0,0.0,Rural,N
LP002016,,Yes,1,Graduate,Yes,10259,946,84.0,240.0,1.0,Rural,Y
LP002017,,Yes,2,Not Graduate,No,11430,20,161.0,240.0,1.0,Semiurban,N
LP002018,Female,No,1,Graduate,No,12216,163,98.0,360.0,1.0,Urban,Y
LP002019,Male,,3+,Not Graduate,Yes,7879,621,96.0,360.0,1.0,Urban,Y
LP002020,Female,Yes,0,Graduate,Yes,24375,5086,106.0,300.0,1.0,Semiurban,Y
LP002021,Female,Yes,2,Graduate,No,5959,2273,142.0,240.0,1.0,Rural,Y
LP002022,Male,Yes,1,Graduate,Yes,4727,480,221.0,300.0,0.0,Urban,N
LP002023,Female,,1,Graduate,No,7128,872,208.0,360.0,1.0,Semiurban,N
LP002024,Male,No,2,Not Graduate,No,27084,4127,127.0,,1.0,Semiurban,Y
LP002025,Male,Yes,0,Graduate,No,17524,523,136.0,300.0,0.0,Rural,N
LP002026,Male,Yes,0,Graduate,No,3208,297,179.0,120.0,0.0,Semiurban,N
LP002027,Female,No,1,Graduate,No,21543,3154,152.0,300.0,0.0,Rural,N
LP002028,Female,Yes,1,Graduate,Yes,12851,4185,118.0,300.0,1.0,Urban,Y
LP002029,Male,Yes,2,Not Graduate,No,9567,530,183.0,360.0,1.0,Semiurban,Y
LP002030,Female,Yes,3+,Not Graduate,No,11008,1968,231.0,180.0,1.0,Semiurban,Y
LP002031,Male,Yes,0,Graduate,No,4596,1044,202.0,360.0,1.0,Rural,Y
LP002032,Male,Yes,1,Not Graduate,No,15345,539,217.0,360.0,1.0,Urban,Y
LP002033,Male,No,1,Graduate,No,4846,4458,143.0,360.0,1.0,Rural,Y
LP002034,Female,Yes,3+,Graduate,No,10097,494,95.0,360.0,1.0,Rural,Y
LP002035,Female,No,3+,Not Graduate,No,10107,2716,49.0,300.0,1.0,Semiurban,Y
LP002036,Male,Yes,2,Graduate,No,24733,1189,46.0,360.0,0.0,Rural,Y
LP002037,Male,Yes,1,Graduate,No,13791,891,139.0,360.0,1.0,Rural,Y
LP002038,Male,No,0,Graduate,Yes,23500,563,175.0,300.0,1.0,Urban,Y
LP002039,Male,Yes,0,Graduate,No,5132,335,192.0,480.0,1.0,Urban,Y
LP002040,,Yes,1,Graduate,Yes,12255,812,162.0,360.0,1.0,Rural,Y
LP002041,,Yes,2,Graduate,No,20419,592,113.0,480.0,1.0,Urban,Y
LP002042,Male,Yes,1,Not Graduate,No,36092,1225,182.0,300.0,1.0,Semiurban,Y
LP002043,Male,No,2,Graduate,No,5370,260,90.0,120.0,0.0,Urban,N
LP002044,Male,Yes,1,Graduate,Yes,6817,914,94.0,300.0,1.0,Semiurban,Y
LP002045,Female,No,2,Not Graduate,Yes,20014,1784,180.0,360.0,1.0,Rural,Y
LP002046,Female,Yes,0,Graduate,No,48497,488,88.0,480.0,0.0,Urban,N
LP002047,Male,Yes,0,Graduate,No,16792,2668,111.0,,1.0,Rural,Y
LP002048,Female,,,Not Graduate,No,5497,3039,101.0,300.0,1.0,Urban,Y
LP002049,Male,,2,Not Graduate,No,5583,257,158.0,180.0,1.0,Urban,Y
LP002050,Male,Yes,0,Graduate,,14881,441,179.0,180.0,1.0,Semiurban,Y
LP002051,,Yes,2,Graduate,No,17784,219,180.0,180.0,1.0,Urban,Y
LP002052,Male,Yes,0,Graduate,No,11192,1822,120.0,360.0,0.0,Semiurban,Y
LP002053,Male,Yes,1,Graduate,No,5634,1278,141.0,360.0,1.0,Rural,N
LP002054,Female,No,3+,Graduate,No,32245,160,186.0,240.0,1.0,Rural,Y
LP002055,Female,No,1,Graduate,No,10107,501,123.0,300.0,1.0,Rural,Y
LP002056,Female,Yes,0,Graduate,No,20364,1587,104.0,300.0,1.0,Urban,Y
LP002057,Male,No,0,Graduate,No,3233,1255,117.0,180.0,1.0,Urban,N
LP002058,Male,Yes,3+,Graduate,Yes,34923,4685,119.0,300.0,1.0,Rural,Y
LP002059,Female,Yes,1,Not Graduate,No,7724,275,151.0,480.0,0.0,Semiurban,N
LP002060,Male,Yes,1,Graduate,No,39173,1084,148.0,360.0,0.0,Urban,Y
LP002061,Male,No,1,Graduate,No,21811,329,141.0,240.0,1.0,Semiurban,Y
LP002062,Male,No,0,Graduate,No,4259,1251,,180.0,,Semiurban,Y
LP002063,Female,Yes,0,Graduate,No,16259,882,103.0,300.0,0.0,Semiurban,Y
LP002064,Male,Yes,1,Graduate,No,50273,1519,,480.0,1.0,Semiurban,Y
LP002065,Male,No,2,Graduate,No,8280,671,167.0,360.0,1.0,Urban,Y
LP002066,Female,Yes,0,Graduate,No,50345,2737,128.0,240.0,1.0,Semiurban,Y
LP002067,Male,Yes,2,Not Graduate,No,18189,465,147.0,120.0,1.0,Rural,Y
LP002068,Male,No,2,Graduate,No,39037,324,210.0,300.0,1.0,Urban,Y
LP002069,Male,No,3+,Graduate,No,15177,1436,146.0,240.0,0.0,Semiurban,Y
LP002070,Male,Yes,0,Graduate,No,12098,10144,149.0,240.0,1.0,Semiurban,Y
LP002071,Female,Yes,0,Graduate,Yes,58088,176,226.0,240.0,1.0,Rural,Y
LP002072,Male,Yes,2,Graduate,No,23792,277,203.0,360.0,0.0,Semiurban,Y
LP002073,Male,Yes,0,Graduate,No,11067,1447,117.0,120.0,1.0,Rural,Y
LP002074,Female,No,0,Not Graduate,No,18753,4241,203.0,360.0,1.0,Semiurban,Y
LP002075,Female,Yes,2,Graduate,Yes,8502,1584,141.0,360.0,1.0,Rural,Y
LP002076,Female,No,0,Graduate,No,14563,528,97.0,240.0,1.0,Urban,Y
LP002077,,Yes,1,Graduate,No,34769,1815,215.0,360.0,1.0,Semiurban,Y
LP002078,Male,Yes,1,Not Graduate,No,11737,2037,114.0,180.0,1.0,Semiurban,N
LP002079,,Yes,2,Graduate,No,6636,484,124.0,360.0,1.0,Semiurban,Y
LP002080,Female,No,0,Graduate,Yes,6164,2950,130.0,240.0,1.0,Rural,N
LP002081,Male,Yes,2,Not Graduate,No,14170,1052,251.0,360.0,1.0,Urban,Y
LP002082,Male,Yes,1,Not Graduate,No,7002,134,102.0,360.0,1.0,Semiurban,Y
LP002083,Male,Yes,1,Graduate,No,4246,932,119.0,360.0,1.0,Rural,Y
LP002084,,Yes,0,Graduate,No,5121,553,132.0,300.0,1.0,Rural,N
LP002085,Male,Yes,0,Graduate,No,34203,5249,176.0,240.0,1.0,Rural,Y
LP002086,Male,Yes,1,Graduate,No,11921,222,146.0,300.0,1.0,Semiurban,Y
LP002087,Male,,,Graduate,No,13991,614,116.0,360.0,,Urban,N
LP002088,Female,Yes,3+,Graduate,No,6165,1493,181.0,240.0,1.0,Semiurban,Y
LP002089,Female,Yes,1,Not Graduate,No,8390,19987,217.0,360.0,1.0,Urban,Y
LP002090,Male,Yes,1,Graduate,No,8176,11451,68.0,300.0,1.0,Semiurban,Y
LP002091,Female,Yes,1,Graduate,No,10706,1038,115.0,300.0,1.0,Rural,Y
LP002092,Female,Yes,2,Not Graduate,No,3544,1667,175.0,120.0,1.0,Urban,N
LP002093,Male,Yes,1,Not Graduate,No,31944,2258,88.0,180.0,,Semiurban,N
LP002094,Male,No,0,Graduate,No,13185,325,142.0,300.0,1.0,Semiurban,Y
LP002095,,Yes,2,Graduate,No,15703,1110,213.0,480.0,1.0,Urban,Y
LP002096,Female,Yes,1,Graduate,No,27763,5582,181.0,240.0,1.0,Rural,Y
LP002097,Male,Yes,1,Graduate,No,26113,1299,176.0,120.0,1.0,Semiurban,Y
LP002098,Female,No,1,Graduate,No,8433,11381,,300.0,1.0,Rural,Y
LP002099,Female,No,,Graduate,No,21667,642,166.0,120.0,1.0,Urban,Y
LP002100,Male,Yes,0,Graduate,No,21490,985,133.0,300.0,1.0,Semiurban,Y
LP002101,Female,Yes,0,Graduate,No,17202,995,198.0,300.0,0.0,Urban,Y
LP002102,Male,Yes,2,Graduate,No,31222,230,126.0,120.0,1.0,Urban,Y
LP002103,Male,No,0,Graduate,No,25326,4134,141.0,,1.0,Urban,Y
LP002104,Female,No,2,Graduate,No,23906,734,67.0,480.0,1.0,Semiurban,Y
LP002105,Female,Yes,0,Graduate,Yes,39823,1494,126.0,480.0,0.0,Rural,Y
LP002106,Male,No,0,Graduate,Yes,13669,534,153.0,360.0,1.0,Rural,N
LP002107,Female,No,,Graduate,No,13991,8692,151.0,300.0,1.0,Semiurban,Y
LP002108,Female,Yes,1,Not Graduate,No,25728,4813,196.0,360.0,1.0,Semiurban,Y
LP002109,Male,Yes,1,Graduate,No,11582,1176,128.0,360.0,1.0,Semiurban,N
LP002110,Female,Yes,0,Graduate,No,19639,252,130.0,300.0,1.0,Urban,Y
LP002111,Male,Yes,0,Graduate,No,8534,2677,122.0,360.0,1.0,Semiurban,Y
LP002112,,No,3+,Graduate,No,2156,4022,162.0,360.0,1.0,Semiurban,Y
LP002113,Male,Yes,1,Graduate,No,21553,360,227.0,240.0,1.0,Semiurban,Y
LP002114,Female,No,2,Graduate,Yes,3870,923,34.0,120.0,1.0,Urban,Y
LP002115,Female,No,3+,Not Graduate,No,7636,1202,125.0,360.0,1.0,Urban,N
LP002116,Male,Yes,3+,Not Graduate,,25745,4041,132.0,360.0,0.0,Semiurban,Y
LP002117,Male,Yes,,Graduate,No,25988,914,43.0,360.0,1.0,Urban,Y
LP002118,Female,No,0,Graduate,Yes,34208,3478,143.0,360.0,1.0,Semiurban,Y
LP002119,Male,No,3+,Graduate,No,2655,433,132.0,300.0,1.0,Urban,Y
LP002120,Female,No,2,Graduate,Yes,16929,309,128.0,360.0,,Semiurban,Y
LP002121,Female,Yes,2,Not Graduate,No,10870,9875,94.0,120.0,,Urban,Y
LP002122,Male,Yes,0,Graduate,No,29453,227,145.0,240.0,1.0,Rural,Y
LP002123,Female,Yes,3+,Graduate,Yes,43524,445,91.0,300.0,1.0,Semiurban,Y
LP002124,Male,No,2,Graduate,Yes,4688,2812,107.0,480.0,1.0,Urban,Y
LP002125,Female,Yes,2,Graduate,No,13530,580,140.0,360.0,0.0,Urban,N
LP002126,Female,,0,Not Graduate,No,26006,561,201.0,300.0,1.0,Urban,Y
LP002127,Female,Yes,0,Graduate,Yes,10194,865,170.0,300.0,0.0,Semiurban,N
LP002128,Male,No,,Graduate,No,53990,82,180.0,360.0,1.0,Rural,Y
LP002129,Female,Yes,1,Graduate,No,9689,4207,248.0,360.0,1.0,Semiurban,Y
LP002130,Male,Yes,0,Graduate,No,10507,1354,172.0,120.0,,Semiurban,Y
LP002131,Male,Yes,2,Graduate,Yes,5660,414,97.0,300.0,,Semiurban,Y
LP002132,Male,Yes,0,Graduate,No,15110,139,121.0,300.0,1.0,Semiurban,Y
LP002133,Male,Yes,1,Graduate,No,1194,213,107.0,360.0,0.0,Rural,Y
LP002134,Male,Yes,0,Graduate,Yes,10957,161,143.0,,1.0,Rural,N
LP002135,Female,Yes,0,Graduate,No,36870,1440,129.0,180.0,1.0,Rural,Y
LP002136,Female,Yes,0,Graduate,No,4370,1457,,300.0,1.0,Urban,Y
LP002137,Male,No,0,Graduate,No,3660,2286,196.0,120.0,1.0,Rural,N
LP002138,Female,Yes,0,Graduate,Yes,32629,2641,199.0,360.0,1.0,Semiurban,Y
LP002139,Male,Yes,1,Not Graduate,No,36365,2330,158.0,360.0,1.0,Semiurban,Y
LP002140,Female,No,3+,Graduate,No,4516,6942,99.0,300.0,,Semiurban,Y
LP002141,Female,Yes,1,Graduate,No,53433,4602,156.0,300.0,1.0,Semiurban,Y
LP002142,Male,No,0,Not Graduate,No,18881,3463,119.0,300.0,1.0,Semiurban,Y
LP002143,Female,Yes,0,Graduate,,30914,1457,214.0,360.0,1.0,Semiurban,Y
LP002144,Male,Yes,2,Graduate,No,7090,2604,90.0,240.0,1.0,Rural,Y
LP002145,Male,Yes,3+,Not Graduate,No,43969,669,182.0,180.0,1.0,Semiurban,N
LP002146,Female,Yes,0,Graduate,No,10781,841,181.0,360.0,1.0,Urban,Y
LP002147,,Yes,0,Not Graduate,Yes,10408,8653,194.0,360.0,1.0,Urban,Y
LP002148,Male,Yes,1,Graduate,No,19651,561,,360.0,1.0,Urban,Y
LP002149,Male,Yes,2,Graduate,Yes,9763,514,133.0,360.0,1.0,Semiurban,Y
LP002150,Female,,1,Not Graduate,No,3957,710,269.0,360.0,0.0,Urban,N
LP002151,Male,Yes,1,Graduate,No,14844,567,106.0,180.0,1.0,Semiurban,N
LP002152,Male,Yes,2,Graduate,Yes,10356,628,185.0,360.0,1.0,Rural,Y
LP002153,Female,Yes,3+,Not Graduate,Yes,7227,1466,150.0,360.0,0.0,Rural,Y
LP002154,Female,Yes,0,Not Graduate,No,36041,1525,167.0,360.0,1.0,Urban,Y
LP002155,Male,Yes,3+,Graduate,No,90568,3272,166.0,360.0,1.0,Urban,Y
LP002156,Male,Yes,0,Not Graduate,No,6404,15149,95.0,360.0,1.0,Urban,Y
LP002157,,Yes,2,Graduate,No,15645,704,82.0,360.0,0.0,Urban,Y
LP002158,Male,Yes,1,Graduate,No,9713,1013,86.0,360.0,1.0,Semiurban,N
LP002159,Male,Yes,1,Graduate,No,83342,120,127.0,120.0,1.0,Semiurban,Y
LP002160,Female,Yes,1,Graduate,No,19799,232,162.0,360.0,0.0,Urban,Y
LP002161,Female,Yes,0,Graduate,No,28044,920,115.0,,1.0,Urban,Y
LP002162,Female,Yes,0,Graduate,,34388,1912,78.0,240.0,1.0,Urban,Y
LP002163,Male,Yes,1,Graduate,No,14825,1977,195.0,360.0,1.0,Rural,Y
LP002164,Female,Yes,1,Graduate,Yes,11509,2299,73.0,300.0,1.0,Urban,Y
LP002165,Male,Yes,0,Not Graduate,Yes,45032,4959,173.0,360.0,1.0,Semiurban,Y
LP002166,Female,Yes,3+,Graduate,No,24892,8491,112.0,300.0,0.0,Semiurban,Y
LP002167,Female,No,0,Graduate,No,6790,818,210.0,360.0,1.0,Semiurban,Y
LP002168,Male,No,1,Not Graduate,No,7484,418,123.0,300.0,1.0,Semiurban,N
LP002169,Female,Yes,0,Graduate,No,9781,2406,61.0,,1.0,Semiurban,N
LP002170,Male,,1,Not Graduate,No,33771,3362,148.0,180.0,1.0,Urban,Y
LP002171,Female,Yes,0,Graduate,Yes,43423,1290,107.0,360.0,1.0,Semiurban,Y
LP002172,,No,1,Graduate,No,74711,884,190.0,240.0,0.0,Rural,Y
LP002173,Male,Yes,0,Graduate,No,7578,598,166.0,,1.0,Semiurban,Y
LP002174,Female,No,0,Graduate,Yes,14945,1042,118.0,360.0,1.0,Rural,Y
LP002175,Male,Yes,2,Graduate,No,9699,2510,99.0,120.0,0.0,Rural,N
LP002176,Female,Yes,1,Graduate,No,11546,491,95.0,300.0,1.0,Rural,Y
LP002177,Male,Yes,0,Not Graduate,Yes,28110,419,120.0,120.0,1.0,Rural,Y
LP002178,Female,Yes,0,Graduate,No,12878,2251,218.0,360.0,1.0,Semiurban,Y
LP002179,Female,Yes,2,Graduate,No,38280,396,142.0,480.0,1.0,Rural,Y
LP002180,Male,Yes,,Graduate,No,8839,1314,197.0,360.0,1.0,Semiurban,N
LP002181,Male,Yes,3+,Graduate,No,24176,1233,75.0,240.0,0.0,Urban,Y
LP002182,Male,No,1,Not Graduate,No,9374,1097,53.0,180.0,1.0,Urban,N
LP002183,Male,Yes,0,Graduate,No,3072,507,102.0,360.0,1.0,Semiurban,Y
LP002184,Male,Yes,2,Graduate,No,5900,8783,182.0,360.0,1.0,Semiurban,N
LP002185,Female,Yes,2,Graduate,,14754,1768,135.0,300.0,1.0,Urban,Y
LP002186,Female,,0,Graduate,No,62143,591,,360.0,1.0,Semiurban,Y
LP002187,Female,,1,Graduate,No,9249,1631,213.0,,1.0,Urban,Y
LP002188,Female,Yes,1,Not Graduate,Yes,11668,9883,102.0,240.0,0.0,Rural,Y
LP002189,Female,Yes,3+,Graduate,No,19766,1220,191.0,360.0,,Semiurban,Y
LP002190,,Yes,1,Graduate,No,8270,6905,219.0,240.0,1.0,Semiurban,Y
LP002191,Male,Yes,0,Graduate,No,9072,276,201.0,300.0,1.0,Rural,N
LP002192,Female,Yes,0,Graduate,No,14153,394,70.0,300.0,1.0,Urban,Y
LP002193,Female,No,0,Graduate,No,9421,84,57.0,240.0,1.0,Semiurban,Y
LP002194,Male,Yes,0,Graduate,No,3208,11741,127.0,180.0,1.0,Urban,Y
LP002195,Male,Yes,0,Graduate,No,7941,142,129.0,360.0,1.0,Urban,N
LP002196,Male,Yes,1,Graduate,No,21849,1351,192.0,360.0,0.0,Urban,Y
LP002197,Male,No,0,Not Graduate,No,22399,8823,101.0,,1.0,Rural,N
LP002198,,Yes,0,Graduate,Yes,38909,3517,170.0,180.0,0.0,Urban,Y
LP002199,Male,Yes,1,Graduate,No,36476,1722,95.0,300.0,1.0,Semiurban,Y
LP002200,Male,Yes,0,Not Graduate,No,6501,5114,167.0,,1.0,Urban,N
LP002201,Female,Yes,0,Not Graduate,No,7358,491,127.0,360.0,0.0,Semiurban,Y
LP002202,Male,No,0,Graduate,No,7623,2041,167.0,360.0,1.0,Semiurban,Y
LP002203,Male,Yes,0,Not Graduate,No,11829,957,131.0,120.0,1.0,Urban,Y
LP002204,Male,No,2,Graduate,No,8114,934,39.0,120.0,1.0,Semiurban,Y
LP002205,Female,Yes,1,Graduate,No,11618,1378,175.0,480.0,0.0,Urban,N
LP002206,Female,Yes,0,Not Graduate,Yes,6649,4493,208.0,120.0,0.0,Urban,N
LP002207,Male,No,0,Not Graduate,No,25022,7185,108.0,360.0,,Semiurban,Y
LP002208,Female,Yes,0,Graduate,No,6257,795,190.0,480.0,1.0,Urban,Y
LP002209,Male,Yes,1,Graduate,No,6014,296,119.0,300.0,0.0,Semiurban,N
LP002210,Female,Yes,1,Graduate,No,20255,410,82.0,,1.0,Urban,Y
LP002211,Female,Yes,1,Graduate,No,23809,11354,119.0,360.0,1.0,Semiurban,Y
LP002212,Female,Yes,0,Not Graduate,No,11157,6482,140.0,360.0,1.0,Semiurban,Y
LP002213,Male,No,0,Graduate,No,26774,296,83.0,240.0,1.0,Semiurban,Y
LP002214,Female,No,2,Graduate,No,25271,8048,,360.0,1.0,Semiurban,Y
LP002215,Female,Yes,2,Graduate,No,61041,466,73.0,240.0,1.0,Rural,Y
LP002216,Male,Yes,3+,Not Graduate,Yes,24012,2434,122.0,240.0,0.0,Urban,N
LP002217,Female,Yes,0,Graduate,No,52352,466,103.0,,1.0,Semiurban,Y
LP002218,,Yes,2,Graduate,No,14038,14697,,300.0,1.0,Urban,Y
LP002219,Female,Yes,2,Not Graduate,No,40933,553,74.0,120.0,1.0,Rural,Y
LP002220,Male,Yes,3+,Graduate,No,41631,311,191.0,480.0,1.0,Urban,Y
LP002221,Female,Yes,0,Not Graduate,Yes,11919,634,159.0,,1.0,Semiurban,N
LP002222,Male,Yes,2,Graduate,No,7701,25648,87.0,480.0,1.0,Rural,Y
LP002223,,Yes,0,Graduate,No,8864,1499,132.0,240.0,1.0,Urban,N
LP002224,Male,Yes,1,Graduate,No,18622,319,140.0,180.0,1.0,Rural,Y
LP002225,Male,,0,Graduate,No,5325,425,,180.0,1.0,Urban,Y
LP002226,Male,Yes,2,Graduate,Yes,9292,134,117.0,300.0,1.0,Semiurban,Y
LP002227,Male,Yes,2,Graduate,No,34814,2096,181.0,360.0,1.0,Semiurban,Y
LP002228,Male,Yes,0,Graduate,No,22776,244,152.0,480.0,1.0,Semiurban,Y
LP002229,Male,Yes,1,Graduate,No,2034,4133,172.0,360.0,1.0,Rural,Y
LP002230,Male,Yes,0,Graduate,No,4600,2830,105.0,240.0,1.0,Rural,N
LP002231,Female,Yes,1,Graduate,No,75140,972,137.0,240.0,1.0,Urban,Y
LP002232,Male,No,0,Graduate,No,34325,4833,155.0,120.0,1.0,Urban,Y
LP002233,Female,Yes,0,Graduate,,8380,3329,154.0,360.0,1.0,Urban,Y
LP002234,Female,Yes,2,Graduate,No,4061,1323,148.0,120.0,1.0,Semiurban,Y
LP002235,Female,Yes,0,Graduate,No,4916,436,254.0,180.0,0.0,Semiurban,Y
LP002236,Male,,1,Graduate,No,20076,1801,178.0,360.0,1.0,Urban,Y
LP002237,Female,No,2,Graduate,No,64961,1788,186.0,240.0,1.0,Semiurban,Y
LP002238,Male,No,3+,Graduate,,61734,1977,162.0,240.0,0.0,Rural,Y
LP002239,Male,Yes,2,Graduate,No,3787,1205,176.0,240.0,1.0,Semiurban,N
LP002240,Male,No,0,Graduate,No,10544,1623,159.0,300.0,0.0,Rural,N
LP002241,Female,Yes,2,Graduate,No,6730,1575,240.0,120.0,1.0,Urban,Y
LP002242,Male,Yes,0,Graduate,Yes,14906,5622,146.0,360.0,1.0,Rural,Y
LP002243,Male,No,3+,Graduate,No,4606,237,191.0,360.0,1.0,Semiurban,Y
LP002244,Female,No,2,Not Graduate,No,8632,329,254.0,300.0,1.0,Semiurban,Y
LP002245,Female,Yes,2,Graduate,No,6675,1200,182.0,360.0,1.0,Urban,Y
LP002246,Male,Yes,0,Graduate,No,20310,440,135.0,240.0,1.0,Semiurban,Y
LP002247,Male,Yes,1,Not Graduate,No,8849,1412,113.0,480.0,1.0,Semiurban,Y
LP002248,Female,Yes,2,Graduate,No,9927,288,125.0,300.0,1.0,Urban,Y
LP002249,Male,Yes,2,Graduate,No,20105,348,169.0,360.0,1.0,Urban,Y
LP002250,Male,No,0,Graduate,No,49712,12998,239.0,300.0,0.0,Rural,N
LP002251,Male,Yes,3+,Graduate,No,72592,832,180.0,300.0,1.0,Urban,Y
LP002252,Female,No,0,Graduate,No,19241,268,130.0,,1.0,Semiurban,Y
LP002253,Female,No,1,Graduate,No,12445,955,134.0,300.0,1.0,Rural,Y
LP002254,Female,Yes,1,Graduate,No,38292,3803,,360.0,1.0,Rural,Y
LP002255,Female,No,0,Graduate,No,33986,4659,82.0,180.0,1.0,Semiurban,Y
LP002256,Male,Yes,0,Not Graduate,No,27050,189,127.0,300.0,1.0,Urban,Y
LP002257,Male,Yes,2,Graduate,No,3776,436,124.0,240.0,1.0,Semiurban,Y
LP002258,Male,Yes,0,Graduate,No,35120,1432,288.0,480.0,1.0,Semiurban,Y
LP002259,Male,Yes,0,Graduate,No,17793,1052,196.0,360.0,1.0,Semiurban,Y
LP002260,Male,No,2,Graduate,No,6535,160,96.0,300.0,1.0,Urban,N
LP002261,Female,No,2,Graduate,No,7804,195,71.0,300.0,1.0,Semiurban,Y
LP002262,Female,Yes,1,Graduate,No,21282,304,84.0,,1.0,Rural,Y
LP002263,Female,No,0,Graduate,No,1791,130,220.0,360.0,1.0,Rural,Y
LP002264,Male,Yes,0,Not Graduate,No,12083,632,82.0,360.0,,Urban,N
LP002265,Female,No,2,Graduate,No,7910,4598,230.0,,1.0,Urban,N
LP002266,,Yes,1,Graduate,Yes,7291,493,161.0,,1.0,Semiurban,Y
LP002267,Male,Yes,1,Not Graduate,No,9267,4018,137.0,240.0,1.0,Semiurban,N
LP002268,Female,Yes,2,Graduate,No,4090,1136,92.0,360.0,1.0,Semiurban,Y
LP002269,Male,Yes,1,Graduate,No,31007,880,213.0,360.0,1.0,Rural,Y
LP002270,Male,Yes,0,Graduate,Yes,2434,148,177.0,360.0,1.0,Rural,Y
LP002271,Male,No,3+,Graduate,No,15297,4463,195.0,480.0,1.0,Rural,Y
LP002272,Male,Yes,1,Graduate,No,6781,1261,136.0,300.0,1.0,Urban,Y
LP002273,Male,No,1,Not Graduate,No,65307,160,183.0,360.0,1.0,Rural,Y
LP002274,Female,No,3+,Graduate,No,13604,1734,224.0,360.0,1.0,Rural,Y
LP002275,Female,Yes,3+,Graduate,No,2443,541,179.0,480.0,0.0,Urban,N
LP002276,Female,Yes,1,Graduate,Yes,20691,1180,97.0,300.0,1.0,Semiurban,Y
LP002277,Female,No,0,Graduate,No,5574,1462,175.0,240.0,1.0,Urban,Y
LP002278,Male,Yes,3+,Graduate,No,29375,4716,187.0,300.0,1.0,Rural,Y
LP002279,Female,Yes,1,Graduate,No,21898,283,233.0,480.0,1.0,Urban,Y
LP002280,Male,Yes,1,Graduate,No,43393,2178,179.0,360.0,1.0,Semiurban,Y
LP002281,Male,Yes,1,Graduate,No,15515,5398,205.0,180.0,1.0,Semiurban,Y
LP002282,Male,No,1,Graduate,No,25727,22574,180.0,360.0,1.0,Rural,Y
LP002283,Male,Yes,2,Not Graduate,Yes,13824,3864,,300.0,0.0,Semiurban,Y
LP002284,Male,Yes,1,Graduate,Yes,8335,1692,191.0,360.0,1.0,Urban,N
LP002285,Male,Yes,2,Graduate,No,31338,1525,155.0,240.0,1.0,Rural,Y
LP002286,Male,No,2,Graduate,No,4992,7062,249.0,300.0,1.0,Semiurban,N
LP002287,Female,No,2,Graduate,No,12977,777,78.0,360.0,1.0,Semiurban,N
LP002288,Male,Yes,2,Graduate,No,8477,2850,93.0,180.0,1.0,Semiurban,Y
LP002289,Male,Yes,2,Graduate,No,26204,15258,186.0,240.0,1.0,Rural,Y
LP002290,Male,Yes,0,Not Graduate,No,6264,961,225.0,360.0,1.0,Semiurban,Y
LP002291,Female,Yes,0,Graduate,Yes,9632,97,143.0,480.0,0.0,Urban,N
LP002292,Male,Yes,2,Graduate,Yes,13837,390,144.0,480.0,1.0,Rural,Y
LP002293,Male,No,1,Not Graduate,No,43922,1559,160.0,480.0,1.0,Urban,Y
LP002294,Male,Yes,0,Graduate,No,8725,401,125.0,480.0,1.0,Semiurban,Y
LP002295,Male,Yes,0,Graduate,No,9694,722,199.0,360.0,1.0,Semiurban,Y
LP002296,Male,No,0,Graduate,No,4543,769,125.0,360.0,1.0,Urban,Y
LP002297,Male,Yes,2,Graduate,No,6085,2149,185.0,240.0,1.0,Urban,Y
LP002298,Male,Yes,2,Graduate,Yes,18590,352,83.0,300.0,1.0,Urban,Y
LP002299,Male,Yes,0,Graduate,No,13706,544,235.0,300.0,0.0,Rural,Y
LP002300,Male,Yes,2,Graduate,No,13883,5934,43.0,360.0,1.0,Semiurban,Y
LP002301,Female,No,0,Graduate,No,53796,615,96.0,300.0,1.0,Urban,Y
LP002302,Male,Yes,2,Graduate,No,3505,2620,262.0,300.0,1.0,Semiurban,Y
LP002303,Male,Yes,1,Not Graduate,,85327,1115,155.0,360.0,1.0,Semiurban,Y
LP002304,Male,Yes,2,Graduate,No,34290,1066,117.0,360.0,1.0,Urban,Y
LP002305,Female,No,0,Graduate,No,10294,2659,86.0,300.0,1.0,Semiurban,Y
LP002306,Male,Yes,0,Graduate,No,18269,117,128.0,300.0,1.0,Urban,Y
LP002307,Male,Yes,2,Graduate,No,7736,1866,164.0,360.0,1.0,Semiurban,Y
LP002308,Female,No,0,Not Graduate,No,17246,2128,174.0,360.0,1.0,Rural,Y
LP002309,Male,Yes,3+,Graduate,No,74598,3035,166.0,360.0,1.0,Semiurban,Y
LP002310,Male,,1,Graduate,No,7966,698,60.0,360.0,1.0,Semiurban,Y
LP002311,Male,Yes,1,Graduate,No,11096,1097,156.0,180.0,1.0,Semiurban,Y
LP002312,Female,Yes,1,Not Graduate,Yes,7292,57,166.0,360.0,1.0,Rural,Y
LP002313,Male,Yes,0,Not Graduate,No,8292,490,167.0,240.0,,Urban,N
LP002314,Female,Yes,1,Not Graduate,No,9680,1353,151.0,180.0,1.0,Urban,Y
LP002315,Female,Yes,3+,Graduate,No,5564,6404,88.0,360.0,1.0,Semiurban,Y
LP002316,Male,Yes,0,Graduate,No,10819,10046,103.0,300.0,0.0,Semiurban,Y
LP002317,Male,Yes,2,Graduate,No,13952,727,210.0,,,Semiurban,N
LP002318,Male,Yes,1,Graduate,No,9676,3130,111.0,360.0,,Urban,Y
LP002319,Male,Yes,1,Graduate,No,2123,919,113.0,360.0,1.0,Semiurban,Y
LP002320,Male,No,0,Graduate,No,11808,157,135.0,300.0,1.0,Semiurban,Y
LP002321,Female,Yes,1,Graduate,No,12863,2266,89.0,360.0,1.0,Rural,Y
LP002322,Female,No,3+,Graduate,No,60963,9872,181.0,360.0,1.0,Semiurban,Y
LP002323,Female,Yes,0,Not Graduate,No,13649,693,86.0,180.0,1.0,Urban,Y
LP002324,Male,Yes,1,Graduate,No,28239,369,204.0,180.0,1.0,Urban,Y
LP002325,Female,Yes,1,Graduate,No,9503,1188,82.0,,,Urban,Y
LP002326,Female,No,1,Graduate,Yes,37742,946,136.0,360.0,1.0,Semiurban,Y
LP002327,Female,No,1,Graduate,No,6275,25135,167.0,240.0,1.0,Rural,Y
LP002328,Male,Yes,1,Graduate,No,20010,3666,189.0,360.0,1.0,Rural,Y
LP002329,Female,No,0,Not Graduate,No,26167,1280,138.0,360.0,1.0,Rural,Y
LP002330,Male,Yes,3+,Graduate,No,23269,33,114.0,360.0,1.0,Urban,Y
LP002331,,Yes,2,Not Graduate,No,75457,923,220.0,360.0,1.0,Urban,Y
LP002332,Male,No,0,Not Graduate,No,8370,10124,159.0,180.0,1.0,Semiurban,Y
LP002333,,No,1,Graduate,No,41399,1207,141.0,300.0,0.0,Semiurban,Y
LP002334,Female,No,2,Not Graduate,No,33675,2940,59.0,300.0,1.0,Semiurban,Y
LP002335,Male,Yes,3+,Not Graduate,No,13899,1755,159.0,360.0,0.0,Urban,N
LP002336,Male,Yes,3+,Not Graduate,Yes,58186,611,149.0,360.0,1.0,Urban,Y
LP002337,Male,Yes,2,Not Graduate,No,11881,8346,,360.0,0.0,Semiurban,N
LP002338,Male,Yes,0,Not Graduate,Yes,13600,1375,110.0,480.0,1.0,Semiurban,Y
LP002339,Male,No,3+,Graduate,No,13301,469,154.0,360.0,0.0,Urban,N
LP002340,Male,Yes,2,Graduate,No,4824,1125,,240.0,1.0,Urban,N
LP002341,Female,Yes,0,Not Graduate,No,24568,6081,99.0,180.0,1.0,Urban,Y
LP002342,Male,Yes,0,Graduate,No,21683,185,99.0,120.0,1.0,Urban,Y
LP002343,Male,,1,Graduate,No,12286,1516,155.0,240.0,1.0,Semiurban,N
LP002344,Male,Yes,1,Graduate,No,54722,1197,107.0,240.0,0.0,Semiurban,Y
LP002345,Female,Yes,0,Graduate,No,9416,172,139.0,240.0,,Rural,Y
LP002346,Female,No,0,Graduate,Yes,3348,2752,238.0,360.0,1.0,Urban,N
LP002347,Female,Yes,0,Graduate,No,61191,1491,147.0,240.0,1.0,Rural,Y
LP002348,Male,No,1,Graduate,No,29998,3147,201.0,300.0,1.0,Urban,Y
LP002349,Male,Yes,0,Graduate,No,22044,4297,87.0,,0.0,Rural,Y
LP002350,Male,Yes,2,Graduate,Yes,10182,1025,111.0,240.0,1.0,Urban,Y
LP002351,Female,Yes,0,Graduate,,17565,562,110.0,120.0,1.0,Urban,Y
LP002352,Female,No,3+,Not Graduate,No,4874,198,94.0,360.0,1.0,Semiurban,Y
LP002353,,Yes,2,Not Graduate,,11157,506,61.0,300.0,1.0,Semiurban,Y
LP002354,Female,Yes,3+,Graduate,No,6483,1111,159.0,300.0,1.0,Rural,Y
LP002355,Female,Yes,2,Graduate,No,16473,345,169.0,360.0,1.0,Semiurban,Y
LP002356,Male,Yes,0,Graduate,No,27966,2208,102.0,360.0,1.0,Rural,Y
LP002357,Female,No,1,Graduate,Yes,5778,370,112.0,360.0,1.0,Rural,Y
LP002358,Male,No,,Graduate,No,23859,132,153.0,360.0,0.0,Semiurban,Y
LP002359,Male,Yes,3+,Graduate,No,15674,548,151.0,,1.0,Rural,Y
LP002360,Male,Yes,0,Not Graduate,No,23088,1367,201.0,240.0,1.0,Semiurban,Y
LP002361,Male,No,1,Not Graduate,,11006,241,206.0,360.0,1.0,Urban,Y
LP002362,Male,Yes,2,Graduate,No,23463,377,116.0,360.0,0.0,Urban,Y
LP002363,Male,Yes,3+,Graduate,No,7656,514,146.0,300.0,1.0,Urban,N
LP002364,Male,Yes,2,Graduate,No,3477,602,99.0,300.0,1.0,Semiurban,Y
LP002365,Male,Yes,1,Graduate,Yes,4174,1567,225.0,480.0,1.0,Urban,Y
LP002366,Male,Yes,1,Graduate,Yes,8935,2357,163.0,480.0,1.0,Rural,Y
LP002367,Male,No,1,Graduate,No,3677,620,199.0,,1.0,Rural,Y
LP002368,Male,Yes,,Graduate,No,46179,315,131.0,300.0,1.0,Rural,Y
LP002369,Male,Yes,2,Graduate,No,12503,1292,201.0,360.0,1.0,Rural,N
LP002370,Female,No,1,Not Graduate,No,27873,2041,187.0,360.0,1.0,Rural,Y
LP002371,Female,Yes,0,Graduate,No,25075,7604,213.0,360.0,0.0,Urban,Y
LP002372,Female,Yes,3+,Graduate,No,13428,4339,82.0,,1.0,Urban,Y
LP002373,Female,Yes,1,Not Graduate,No,226211,242,153.0,480.0,1.0,Semiurban,Y
LP002374,Male,Yes,2,Graduate,Yes,138984,925,204.0,240.0,1.0,Urban,Y
LP002375,Female,No,,Not Graduate,No,40680,1895,103.0,300.0,1.0,Semiurban,Y
LP002376,Male,No,2,Graduate,Yes,6475,395,176.0,300.0,1.0,Semiurban,Y
LP002377,Male,Yes,0,Graduate,No,42039,719,178.0,240.0,1.0,Rural,Y
LP002378,Female,No,0,Graduate,No,3298,2462,185.0,120.0,1.0,Urban,N
LP002379,Male,Yes,2,Graduate,,40839,1480,166.0,480.0,1.0,Rural,Y
LP002380,Female,No,2,Graduate,Yes,1728,1098,180.0,360.0,1.0,Urban,N
LP002381,Female,Yes,,Graduate,No,10350,500,171.0,120.0,1.0,Rural,Y
LP002382,Female,Yes,1,Graduate,No,35147,193,209.0,360.0,1.0,Urban,Y
LP002383,Female,Yes,0,Graduate,Yes,18181,753,114.0,180.0,1.0,Urban,Y
LP002384,Male,Yes,3+,Graduate,No,4093,982,167.0,360.0,1.0,Semiurban,N
LP002385,Male,,0,Graduate,No,15309,188,210.0,360.0,1.0,Rural,Y
LP002386,Male,Yes,0,Graduate,No,18187,1161,110.0,480.0,1.0,Semiurban,Y
LP002387,,No,1,Not Graduate,No,15737,1755,115.0,300.0,1.0,Urban,Y
LP002388,Female,Yes,0,Graduate,No,9644,477,176.0,360.0,1.0,Rural,Y
LP002389,Female,No,3+,Not Graduate,Yes,26477,1779,219.0,120.0,1.0,Semiurban,Y
LP002390,Female,Yes,0,Graduate,Yes,33387,1526,143.0,480.0,1.0,Semiurban,Y
LP002391,Male,Yes,0,Graduate,No,11809,760,154.0,360.0,1.0,Urban,N
LP002392,Male,No,1,Graduate,No,45058,665,168.0,300.0,0.0,Urban,Y
LP002393,Male,Yes,1,Not Graduate,No,11789,736,125.0,180.0,1.0,Semiurban,Y
LP002394,Male,No,0,Not Graduate,No,9028,392,259.0,360.0,1.0,Semiurban,Y
LP002395,Female,,1,Not Graduate,No,39558,1658,103.0,360.0,1.0,Urban,Y
LP002396,Male,Yes,1,Graduate,No,38420,397,154.0,180.0,1.0,Rural,Y
LP002397,,Yes,2,Not Graduate,,8134,429,155.0,240.0,1.0,Urban,Y
LP002398,Male,Yes,0,Graduate,No,7243,1991,40.0,300.0,1.0,Urban,Y
LP002399,Female,Yes,3+,Graduate,No,54803,820,107.0,360.0,1.0,Rural,Y
LP002400,Female,Yes,1,Graduate,No,12306,1180,82.0,480.0,0.0,Urban,N
LP002401,Male,No,0,Graduate,No,13394,140,186.0,360.0,1.0,Urban,Y
LP002402,Male,Yes,0,Graduate,No,10918,585,65.0,120.0,1.0,Urban,Y
LP002403,Male,Yes,1,Graduate,No,38456,8241,197.0,480.0,1.0,Urban,Y
LP002404,Male,Yes,0,Graduate,No,74260,129,91.0,,1.0,Rural,Y
LP002405,Female,No,0,Graduate,No,14129,8951,198.0,,1.0,Urban,Y
LP002406,Female,,0,Not Graduate,No,92427,1500,80.0,300.0,1.0,Rural,Y
LP002407,Male,,1,Graduate,No,8573,578,171.0,360.0,1.0,Semiurban,Y
LP002408,Male,Yes,1,Graduate,No,10654,858,196.0,180.0,1.0,Rural,Y
LP002409,Female,No,0,Graduate,No,22890,4801,178.0,240.0,0.0,Semiurban,Y
LP002410,Male,No,1,Not Graduate,No,6949,71,88.0,300.0,1.0,Rural,Y
LP002411,Female,,2,Not Graduate,No,22655,5994,206.0,120.0,1.0,Semiurban,Y
LP002412,Male,,0,Graduate,No,8823,1508,177.0,300.0,1.0,Semiurban,Y
LP002413,Male,Yes,2,Graduate,Yes,3884,3694,32.0,360.0,1.0,Semiurban,Y
LP002414,Male,No,1,Not Graduate,No,3314,134,155.0,360.0,1.0,Semiurban,N
LP002415,Male,Yes,3+,Not Graduate,No,10311,834,291.0,300.0,1.0,Semiurban,Y
LP002416,Female,Yes,0,Graduate,No,18659,67,205.0,120.0,1.0,Urban,Y
LP002417,Male,Yes,3+,Graduate,No,4496,4615,125.0,240.0,1.0,Rural,Y
LP002418,Male,Yes,1,Not Graduate,No,15411,337,177.0,360.0,0.0,Semiurban,Y
LP002419,Male,,1,Graduate,No,15446,331,130.0,300.0,1.0,Semiurban,N
LP002420,Male,Yes,1,Graduate,No,11682,107,,300.0,1.0,Urban,Y
LP002421,Male,No,0,Graduate,No,6367,1869,109.0,180.0,1.0,Urban,Y
LP002422,Male,Yes,3+,Graduate,No,16190,1195,210.0,360.0,1.0,Rural,Y
LP002423,Female,Yes,1,Graduate,Yes,11921,446,196.0,360.0,0.0,Semiurban,N
LP002424,Male,Yes,0,Not Graduate,No,29301,1503,182.0,300.0,1.0,Urban,Y
LP002425,Male,Yes,0,Graduate,No,4749,430,253.0,360.0,1.0,Semiurban,Y
LP002426,Female,No,0,Not Graduate,No,14635,132,200.0,360.0,1.0,Rural,N
LP002427,Male,Yes,1,Not Graduate,No,4829,708,201.0,360.0,1.0,Urban,N
LP002428,Female,Yes,1,Graduate,No,11051,7892,206.0,360.0,1.0,Rural,Y
LP002429,Male,Yes,,Not Graduate,No,5563,3519,185.0,480.0,1.0,Semiurban,Y
LP002430,,Yes,0,Graduate,No,6413,1893,173.0,300.0,0.0,Urban,Y
LP002431,Female,No,1,Graduate,No,13318,1469,116.0,360.0,1.0,Rural,Y
LP002432,Female,Yes,1,Graduate,Yes,8497,709,116.0,,,Semiurban,Y
LP002433,Female,No,0,Graduate,No,43189,2652,171.0,360.0,1.0,Urban,Y
LP002434,Male,Yes,0,Graduate,No,34314,2161,180.0,300.0,1.0,Urban,Y
LP002435,Female,Yes,0,Graduate,No,25432,992,150.0,360.0,1.0,Rural,Y
LP002436,Male,No,3+,Graduate,No,25033,1392,125.0,,1.0,Semiurban,Y
LP002437,Male,Yes,2,Graduate,No,14827,159,143.0,180.0,1.0,Urban,Y
LP002438,Male,Yes,3+,Not Graduate,Yes,37942,616,147.0,360.0,1.0,Semiurban,Y
LP002439,Male,Yes,0,Not Graduate,Yes,10559,261,163.0,,1.0,Semiurban,Y
LP002440,Male,Yes,2,Graduate,Yes,72801,256,138.0,360.0,1.0,Rural,Y
LP002441,Male,No,1,Graduate,Yes,6287,1928,208.0,300.0,1.0,Urban,N
LP002442,Male,,1,Graduate,No,5415,240,,300.0,1.0,Semiurban,Y
LP002443,Female,,0,Graduate,No,4376,2756,117.0,120.0,1.0,Urban,Y
LP002444,Female,Yes,2,Not Graduate,No,5030,3783,145.0,180.0,0.0,Urban,Y
LP002445,Male,Yes,3+,Not Graduate,Yes,3628,1018,94.0,360.0,1.0,Rural,Y
LP002446,Male,Yes,0,Graduate,No,15855,530,250.0,120.0,1.0,Semiurban,Y
LP002447,Male,Yes,0,Graduate,Yes,26451,3779,182.0,180.0,1.0,Urban,Y
LP002448,Male,No,1,Graduate,No,13729,2127,149.0,240.0,1.0,Urban,Y
LP002449,Male,Yes,3+,Graduate,No,4410,4601,220.0,300.0,1.0,Rural,Y
LP002450,Male,Yes,2,Not Graduate,No,9175,299,139.0,300.0,,Semiurban,N
LP002451,Male,No,0,Graduate,Yes,26191,802,148.0,300.0,1.0,Semiurban,Y
LP002452,Female,No,1,Not Graduate,No,10162,843,,480.0,1.0,Rural,Y
LP002453,Male,Yes,0,Graduate,Yes,7053,1409,102.0,480.0,1.0,Rural,Y
LP002454,Male,No,2,Graduate,No,3979,2321,160.0,180.0,1.0,Urban,N
LP002455,Male,Yes,2,Graduate,No,9526,1293,203.0,480.0,1.0,Semiurban,Y
LP002456,Male,Yes,1,Graduate,No,7615,5445,106.0,240.0,1.0,Urban,Y
LP002457,Male,Yes,0,Not Graduate,No,12467,699,138.0,300.0,1.0,Semiurban,N
LP002458,Female,Yes,3+,Not Graduate,No,19557,311,139.0,360.0,0.0,Semiurban,Y
LP002459,Male,Yes,,Not Graduate,No,10657,493,188.0,360.0,1.0,Rural,N
LP002460,Male,Yes,3+,Graduate,No,15488,424,128.0,180.0,1.0,Semiurban,Y
LP002461,Female,Yes,1,Not Graduate,No,19488,634,187.0,360.0,0.0,Semiurban,Y
LP002462,Female,No,2,Graduate,No,4994,793,185.0,360.0,1.0,Urban,N
LP002463,Female,No,,Graduate,Yes,60405,835,116.0,480.0,1.0,Urban,Y
LP002464,Male,No,0,Graduate,No,7382,1448,135.0,480.0,0.0,Urban,Y
LP002465,Female,Yes,3+,Graduate,No,20196,630,154.0,480.0,1.0,Urban,Y
LP002466,Male,Yes,0,Not Graduate,No,5384,3860,128.0,300.0,0.0,Rural,N
LP002467,Male,Yes,2,Graduate,,14590,107,105.0,360.0,1.0,Rural,Y
LP002468,Male,Yes,3+,Graduate,No,15023,75,224.0,480.0,1.0,Rural,N
LP002469,Male,Yes,0,Graduate,No,50376,3646,60.0,120.0,1.0,Urban,Y
LP002470,,Yes,1,Graduate,,11091,3318,161.0,360.0,1.0,Semiurban,N
LP002471,Male,No,1,Graduate,No,37781,4850,218.0,180.0,,Semiurban,Y
LP002472,Female,Yes,2,Graduate,Yes,16854,2354,109.0,480.0,1.0,Semiurban,Y
LP002473,Female,Yes,2,Graduate,No,58787,1099,151.0,120.0,1.0,Rural,Y
LP002474,Female,Yes,1,Graduate,,3216,804,195.0,360.0,1.0,Urban,Y
LP002475,Male,,2,Not Graduate,No,19648,160,-2.0,360.0,1.0,Urban,Y
LP002476,Female,Yes,0,Graduate,No,1574,1309,147.0,300.0,1.0,Urban,Y
LP002477,Male,Yes,0,Graduate,Yes,12753,195,71.0,360.0,1.0,Semiurban,N
LP002478,Female,Yes,1,Graduate,No,30236,21148,198.0,240.0,1.0,Semiurban,Y
LP002479,Male,Yes,1,Graduate,Yes,42467,317,110.0,240.0,0.0,Urban,Y
LP002480,Female,,,Graduate,No,24122,1001,239.0,240.0,0.0,Urban,N
LP002481,Male,No,1,Graduate,No,10588,6685,102.0,360.0,1.0,Semiurban,Y
LP002482,Female,No,0,Not Graduate,No,20663,706,172.0,240.0,1.0,Urban,Y
LP002483,Female,Yes,2,Graduate,No,100017,712,106.0,360.0,1.0,Urban,Y
LP002484,Male,Yes,0,Not Graduate,No,14190,49,138.0,240.0,1.0,Urban,N
LP002485,Male,No,1,Graduate,No,28820,227,149.0,360.0,1.0,Urban,Y
LP002486,Female,Yes,1,Not Graduate,No,9476,2151,151.0,300.0,1.0,Urban,Y
LP002487,Male,Yes,3+,Graduate,No,31455,8163,232.0,360.0,1.0,Semiurban,Y
LP002488,Female,Yes,2,Graduate,Yes,27579,376,221.0,240.0,1.0,Urban,Y
LP002489,Male,Yes,2,Graduate,No,8197,1388,112.0,360.0,0.0,Urban,Y
LP002490,Male,No,3+,Graduate,No,24880,28286,152.0,360.0,0.0,Urban,Y
LP002491,Male,No,1,Not Graduate,No,25843,2164,91.0,300.0,1.0,Rural,Y
LP002492,Male,Yes,0,Not Graduate,No,24147,3537,80.0,180.0,1.0,Rural,Y
LP002493,Female,Yes,2,Graduate,No,12927,437,116.0,360.0,1.0,Rural,N
LP002494,Male,Yes,2,Graduate,,35713,7064,234.0,480.0,0.0,Urban,Y
LP002495,Male,Yes,1,Graduate,Yes,6323,477,,120.0,1.0,Rural,N
LP002496,Male,No,,Graduate,No,13464,386,178.0,,1.0,Rural,Y
LP002497,Male,Yes,2,Graduate,No,14605,6472,173.0,360.0,1.0,Rural,Y
LP002498,Female,Yes,3+,Graduate,Yes,34101,510,112.0,240.0,1.0,Urban,Y
LP002499,Female,No,3+,Graduate,No,6166,1091,182.0,300.0,1.0,Rural,Y
LP002500,Male,No,0,Graduate,,16201,7718,182.0,360.0,1.0,Urban,Y
LP002501,Female,No,1,Graduate,Yes,9010,366,148.0,360.0,,Semiurban,Y
LP002502,Female,Yes,0,Graduate,No,14582,825,142.0,480.0,1.0,Semiurban,N
LP002503,Male,Yes,0,Graduate,No,18284,527,137.0,360.0,0.0,Rural,Y
LP002504,Female,Yes,2,Graduate,No,4804,739,107.0,300.0,1.0,Rural,Y
LP002505,Male,Yes,0,Not Graduate,Yes,36726,1149,158.0,180.0,0.0,Rural,Y
LP002506,Male,No,1,Graduate,No,18812,5475,124.0,180.0,1.0,Rural,Y
LP002507,Female,,1,Graduate,No,6721,7869,158.0,,1.0,Urban,Y
LP002508,Male,No,2,Not Graduate,No,10168,1322,119.0,480.0,1.0,Semiurban,N
LP002509,Female,Yes,0,Graduate,No,44150,458,117.0,360.0,1.0,Urban,Y
LP002510,Female,,0,Graduate,Yes,18632,2474,122.0,480.0,1.0,Rural,Y
LP002511,Male,Yes,1,Graduate,No,6173,1103,213.0,240.0,1.0,Semiurban,Y
LP002512,Female,No,0,Graduate,Yes,7138,1147,81.0,360.0,1.0,Rural,Y
LP002513,Male,Yes,3+,Graduate,No,22022,317,238.0,360.0,1.0,Rural,Y
LP002514,Male,Yes,2,Graduate,No,24241,157,188.0,360.0,1.0,Urban,Y
LP002515,Female,No,1,Graduate,No,17859,1072,71.0,360.0,1.0,Urban,Y
LP002516,Female,Yes,2,Graduate,No,10581,303,121.0,360.0,0.0,Urban,N
LP002517,Male,Yes,0,Graduate,No,25533,580,68.0,300.0,1.0,Semiurban,Y
LP002518,Male,No,2,Not Graduate,Yes,10409,6497,182.0,480.0,,Rural,N
LP002519,Female,Yes,0,Graduate,No,6742,1008,213.0,240.0,1.0,Semiurban,Y
LP002520,Female,Yes,2,Graduate,No,47538,4140,161.0,360.0,1.0,Rural,Y
LP002521,Female,Yes,1,Graduate,No,19752,1564,210.0,360.0,1.0,Rural,Y
LP002522,Male,No,0,Graduate,No,7130,2209,159.0,360.0,1.0,Urban,Y
LP002523,Male,,,Not Graduate,No,14874,566,198.0,240.0,1.0,Urban,N
LP002524,Male,Yes,1,Not Graduate,No,13654,4374,164.0,360.0,0.0,Urban,Y
LP002525,Female,Yes,2,Graduate,No,10097,1592,150.0,360.0,1.0,Rural,Y
LP002526,Male,Yes,0,Not Graduate,No,16104,798,188.0,240.0,1.0,Semiurban,Y
LP002527,Male,Yes,1,Graduate,No,6356,1591,142.0,360.0,1.0,Urban,Y
LP002528,Female,Yes,2,Graduate,No,26873,464,222.0,240.0,0.0,Urban,Y
LP002529,Male,Yes,1,Graduate,No,13294,770,134.0,360.0,1.0,Rural,Y
LP002530,Female,,2,Graduate,No,3686,1026,178.0,240.0,1.0,Semiurban,N
LP002531,Female,Yes,0,Graduate,Yes,11130,583,114.0,360.0,1.0,Semiurban,N
LP002532,Female,Yes,1,Graduate,No,8162,7118,71.0,360.0,1.0,Urban,Y
LP002533,Male,,3+,Graduate,No,1221,666,167.0,480.0,1.0,Semiurban,Y
LP002534,Male,Yes,1,Not Graduate,No,11794,13346,59.0,240.0,0.0,Rural,Y
LP002535,Female,Yes,1,Graduate,No,30620,1188,257.0,360.0,1.0,Rural,Y
LP002536,,Yes,2,Graduate,No,12255,827,132.0,240.0,,Semiurban,N
LP002537,Female,Yes,0,Graduate,No,23541,598,146.0,360.0,1.0,Semiurban,Y
LP002538,Male,No,2,Graduate,No,13450,1820,134.0,360.0,1.0,Semiurban,Y
LP002539,,Yes,3+,Not Graduate,,9273,3206,157.0,360.0,1.0,Urban,Y
LP002540,Female,Yes,0,Not Graduate,Yes,7440,52,167.0,480.0,1.0,Urban,Y
LP002541,Female,Yes,2,Graduate,No,4787,1103,108.0,300.0,1.0,Urban,Y
LP002542,,Yes,0,Graduate,No,28018,100,22.0,360.0,1.0,Urban,Y
LP002543,Female,No,1,Graduate,No,23970,3562,94.0,300.0,1.0,Rural,Y
LP002544,Female,Yes,2,Graduate,No,10693,3639,125.0,360.0,0.0,Rural,Y
LP002545,Male,Yes,2,Graduate,No,2645,1151,164.0,300.0,1.0,Urban,N
LP002546,Male,Yes,2,Graduate,No,19490,1408,159.0,360.0,1.0,Rural,Y
LP002547,Male,Yes,3+,Graduate,No,6478,197,187.0,180.0,1.0,Rural,Y
LP002548,Male,Yes,1,Graduate,No,14989,568,67.0,360.0,1.0,Rural,Y
LP002549,Male,Yes,1,Graduate,No,3893,526,105.0,300.0,1.0,Urban,Y
LP002550,Male,No,0,Graduate,No,14380,639,127.0,360.0,1.0,Semiurban,Y
LP002551,Male,Yes,0,Graduate,,12027,3123,226.0,360.0,1.0,Semiurban,Y
LP002552,Male,Yes,1,Not Graduate,No,1943,5105,286.0,240.0,1.0,Rural,Y
LP002553,Female,Yes,2,Graduate,No,48745,2281,82.0,360.0,1.0,Rural,Y
LP002554,Female,Yes,1,Graduate,No,10295,743,204.0,360.0,0.0,Urban,N
LP002555,Male,Yes,2,Graduate,No,10857,447,154.0,,1.0,Semiurban,N
LP002556,Female,Yes,2,Not Graduate,No,20491,1222,177.0,480.0,1.0,Rural,Y
LP002557,Male,Yes,0,Graduate,No,12829,1565,83.0,240.0,1.0,Semiurban,Y
LP002558,Male,Yes,1,Graduate,No,17875,841,217.0,300.0,1.0,Semiurban,Y
LP002559,Male,No,1,Graduate,No,5348,497,38.0,120.0,1.0,Semiurban,Y
LP002560,Male,,1,Graduate,No,11923,2294,84.0,300.0,0.0,Urban,N
LP002561,Female,No,2,Graduate,Yes,2900,2581,,480.0,1.0,Rural,N
LP002562,Female,Yes,1,Not Graduate,Yes,11046,227,,300.0,1.0,Semiurban,Y
LP002563,Male,Yes,2,Not Graduate,Yes,42448,691,151.0,300.0,1.0,Urban,Y
LP002564,Male,No,2,Graduate,No,4004,2789,115.0,360.0,1.0,Rural,Y
LP002565,Male,Yes,1,Not Graduate,No,10091,3591,132.0,120.0,0.0,Rural,N
LP002566,Male,No,2,Graduate,No,2442,1184,140.0,300.0,1.0,Semiurban,Y
LP002567,Male,No,0,Graduate,No,13444,1700,138.0,360.0,1.0,Rural,N
LP002568,Male,Yes,0,Graduate,No,19398,1484,157.0,300.0,1.0,Urban,Y
LP002569,Female,Yes,0,Graduate,No,18156,3446,,360.0,0.0,Rural,N
LP002570,Female,Yes,1,Not Graduate,,8254,289,112.0,180.0,1.0,Urban,Y
LP002571,Male,No,0,Graduate,No,2403,1511,217.0,300.0,1.0,Rural,N
LP002572,Female,No,3+,Not Graduate,No,4948,377,152.0,360.0,1.0,Rural,Y
LP002573,Male,Yes,1,Not Graduate,No,36504,4046,213.0,300.0,1.0,Urban,Y
LP002574,Male,Yes,1,Graduate,No,26988,307,132.0,360.0,0.0,Rural,Y
LP002575,Male,Yes,0,Graduate,,12418,1790,106.0,480.0,0.0,Rural,N
LP002576,Female,Yes,0,Graduate,No,15211,379,154.0,480.0,1.0,Rural,Y
LP002577,Female,Yes,0,Graduate,No,5871,2705,278.0,360.0,1.0,Semiurban,Y
LP002578,Female,Yes,1,Graduate,No,37515,1857,81.0,240.0,1.0,Semiurban,Y
LP002579,Male,Yes,,Graduate,No,7515,1462,183.0,360.0,1.0,Urban,Y
LP002580,Female,Yes,1,Graduate,No,18954,11534,158.0,300.0,1.0,Semiurban,Y
LP002581,Male,No,1,Not Graduate,No,4617,471,170.0,480.0,1.0,Urban,N
LP002582,Female,No,2,Graduate,No,11584,3331,89.0,360.0,1.0,Urban,Y
LP002583,Male,No,0,Graduate,No,36270,4475,172.0,240.0,1.0,Urban,Y
LP002584,Male,No,2,Not Graduate,No,6263,3333,164.0,300.0,1.0,Semiurban,Y
LP002585,Male,Yes,1,Graduate,No,24330,486,75.0,300.0,1.0,Urban,Y
LP002586,Female,Yes,1,Graduate,Yes,5627,827,156.0,240.0,,Urban,Y
LP002587,Male,Yes,0,Not Graduate,No,6492,529,137.0,360.0,1.0,Rural,Y
LP002588,Female,No,1,Not Graduate,No,13264,767,132.0,300.0,1.0,Rural,Y
LP002589,Male,No,,Not Graduate,No,29065,399,147.0,240.0,1.0,Urban,Y
LP002590,Female,No,3+,Graduate,No,10524,709,204.0,360.0,1.0,Rural,N
LP002591,,No,1,Graduate,No,21913,6381,172.0,300.0,1.0,Rural,Y
LP002592,Female,Yes,3+,Graduate,No,33366,747,97.0,120.0,1.0,Semiurban,Y
LP002593,Male,Yes,1,Not Graduate,No,7208,1245,174.0,240.0,0.0,Urban,N
LP002594,Male,Yes,0,Graduate,No,3943,459,,120.0,1.0,Rural,N
LP002595,Male,Yes,1,Graduate,No,10052,1077,119.0,360.0,1.0,Urban,Y
LP002596,Female,Yes,0,Not Graduate,No,36992,2957,88.0,480.0,1.0,Semiurban,N
LP002597,Male,Yes,3+,Not Graduate,No,6973,1973,190.0,360.0,1.0,Rural,Y
LP002598,Male,Yes,2,Graduate,No,30090,6014,121.0,360.0,1.0,Rural,Y
LP002599,Male,Yes,2,Graduate,No,10829,256,195.0,360.0,1.0,Rural,Y
LP002600,Male,Yes,1,Graduate,No,54446,442,96.0,120.0,1.0,Urban,Y
LP002601,Female,Yes,1,Not Graduate,No,80526,668,249.0,240.0,1.0,Urban,Y
LP002602,Male,,3+,Graduate,No,30490,6835,281.0,360.0,0.0,Semiurban,Y
LP002603,Female,Yes,0,Graduate,No,3578,1569,177.0,360.0,1.0,Rural,Y
LP002604,Male,Yes,2,Graduate,No,1953,200,214.0,360.0,1.0,Semiurban,Y
LP002605,Male,No,1,Not Graduate,Yes,14029,4067,127.0,480.0,0.0,Rural,Y
LP002606,Male,Yes,3+,Graduate,No,27593,1250,122.0,300.0,1.0,Urban,Y
LP002607,,Yes,2,Graduate,No,19946,3191,209.0,360.0,1.0,Urban,Y
LP002608,Male,No,3+,Graduate,,7488,7333,157.0,480.0,1.0,Urban,N
LP002609,Female,No,1,Graduate,No,4069,339,81.0,360.0,1.0,Urban,Y
LP002610,Male,No,0,Not Graduate,No,28108,7331,153.0,120.0,1.0,Rural,Y
LP002611,Female,Yes,1,Graduate,No,59093,1003,,300.0,1.0,Rural,Y
LP002612,Male,Yes,2,Graduate,No,7816,667,140.0,360.0,1.0,Rural,Y
LP002613,Male,,,Graduate,No,25852,1320,202.0,120.0,1.0,Semiurban,Y
LP002614,Female,Yes,0,Graduate,No,107188,262,,360.0,1.0,Semiurban,Y
LP002615,Male,No,1,Not Graduate,No,11478,1070,163.0,360.0,0.0,Urban,Y
LP002616,Male,Yes,0,Not Graduate,No,11665,819,216.0,180.0,0.0,Semiurban,N
LP002617,Male,Yes,2,Graduate,Yes,20905,355,,300.0,1.0,Urban,Y
LP002618,Male,Yes,0,Graduate,No,10641,504,235.0,300.0,1.0,Semiurban,N
LP002619,Female,Yes,1,Graduate,No,39002,4297,113.0,300.0,0.0,Urban,Y
LP002620,Male,Yes,0,Not Graduate,No,9670,886,109.0,300.0,1.0,Semiurban,Y
LP002621,Female,No,0,Graduate,No,13031,338,126.0,360.0,1.0,Rural,Y
LP002622,Female,No,3+,Not Graduate,No,4213,1877,112.0,300.0,1.0,Rural,N
LP002623,Male,No,0,Graduate,No,11064,2751,175.0,480.0,1.0,Rural,N
LP002624,Female,Yes,0,Not Graduate,No,5966,1094,212.0,360.0,,Urban,Y
LP002625,,,0,Not Graduate,No,17621,249,150.0,360.0,0.0,Urban,Y
LP002626,Female,Yes,1,Graduate,No,3528,51,165.0,240.0,1.0,Urban,Y
LP002627,Male,Yes,1,Not Graduate,Yes,29258,372,80.0,300.0,1.0,Semiurban,Y
LP002628,Female,No,0,Graduate,No,6654,3885,154.0,360.0,1.0,Semiurban,N
LP002629,Male,Yes,1,Graduate,No,55675,3482,238.0,180.0,1.0,Urban,Y
LP002630,Male,No,0,Graduate,No,39998,421,220.0,300.0,1.0,Rural,Y
LP002631,Female,Yes,2,Graduate,No,20506,826,95.0,360.0,1.0,Semiurban,Y
LP002632,Female,Yes,2,Graduate,Yes,3903,2533,128.0,180.0,1.0,Urban,N
LP002633,Male,Yes,3+,Graduate,No,8084,928,320.0,360.0,,Rural,N
LP002634,Male,Yes,3+,Graduate,No,6522,3373,170.0,480.0,1.0,Semiurban,N
LP002635,Female,No,0,Graduate,,7209,975,225.0,360.0,0.0,Rural,Y
LP002636,Female,Yes,0,Graduate,No,47165,1954,229.0,300.0,1.0,Semiurban,Y
LP002637,Female,No,2,Graduate,No,11823,744,94.0,360.0,1.0,Semiurban,Y
LP002638,Female,No,0,Graduate,No,7892,428,186.0,360.0,1.0,Urban,N
LP002639,Female,Yes,0,Graduate,No,7344,4441,159.0,,0.0,Urban,Y
LP002640,Female,No,0,Not Graduate,,8730,180,237.0,240.0,1.0,Semiurban,Y
LP002641,Male,Yes,1,Graduate,No,20457,533,248.0,,1.0,Semiurban,Y
LP002642,Male,Yes,1,Graduate,No,3634,979,108.0,360.0,0.0,Urban,N
LP002643,Female,No,0,Graduate,No,14451,3072,322.0,300.0,1.0,Urban,Y
LP002644,Female,No,0,Graduate,Yes,18747,381,158.0,480.0,1.0,Semiurban,Y
LP002645,Male,Yes,2,Graduate,No,3333,1276,181.0,360.0,,Semiurban,Y
LP002646,Male,,0,Graduate,No,4298,207,,240.0,,Semiurban,N
LP002647,Female,Yes,3+,Graduate,,12859,1860,200.0,,,Semiurban,N
LP002648,Male,Yes,0,Graduate,No,42310,9783,42.0,360.0,1.0,Rural,Y
LP002649,Male,Yes,1,Graduate,No,34967,104,142.0,360.0,,Rural,N
LP002650,Male,No,1,Graduate,No,8210,458,,240.0,1.0,Semiurban,Y
LP002651,Male,Yes,0,Graduate,No,41251,2993,173.0,360.0,1.0,Rural,Y
LP002652,Male,Yes,1,Graduate,No,10345,37510,158.0,300.0,0.0,Semiurban,Y
LP002653,Male,Yes,1,Graduate,Yes,10274,2220,179.0,300.0,1.0,Urban,Y
LP002654,Male,Yes,2,Graduate,No,14403,456,212.0,360.0,1.0,Rural,Y
LP002655,Female,Yes,2,Graduate,Yes,26149,917,99.0,,1.0,Rural,Y
LP002656,Male,Yes,0,Not Graduate,No,8207,251,139.0,360.0,1.0,Urban,N
LP002657,Female,No,0,Graduate,No,9716,2881,107.0,300.0,0.0,Semiurban,N
LP002658,Female,Yes,0,Graduate,No,4921,3848,103.0,360.0,1.0,Urban,Y
LP002659,Male,Yes,0,Graduate,Yes,17691,5928,246.0,120.0,0.0,Rural,N
LP002660,Female,No,1,Graduate,Yes,28188,737,86.0,240.0,1.0,Urban,Y
LP002661,Male,Yes,3+,Graduate,No,29605,416,108.0,480.0,,Semiurban,Y
LP002662,Female,Yes,1,Graduate,No,4477,6594,259.0,180.0,1.0,Semiurban,Y
LP002663,Male,Yes,2,Graduate,No,9834,5750,143.0,360.0,1.0,Urban,Y
LP002664,Female,Yes,1,Graduate,Yes,36184,335,146.0,480.0,1.0,Rural,Y
LP002665,Female,Yes,,Graduate,,16086,698,170.0,360.0,0.0,Urban,Y
LP002666,Male,Yes,0,Graduate,No,13729,2828,89.0,480.0,1.0,Semiurban,Y
LP002667,Male,No,2,Graduate,No,13472,810,103.0,480.0,0.0,Urban,N
LP002668,Female,No,2,Not Graduate,No,20602,1139,119.0,300.0,1.0,Urban,Y
LP002669,,Yes,0,Graduate,No,16793,188,202.0,300.0,,Urban,Y
LP002670,Male,Yes,0,Graduate,No,8431,285,183.0,180.0,1.0,Semiurban,Y
LP002671,Female,Yes,3+,Graduate,No,27033,982,118.0,240.0,1.0,Semiurban,Y
LP002672,Male,Yes,2,Graduate,Yes,5103,474,143.0,360.0,1.0,Semiurban,Y
LP002673,Female,Yes,0,Graduate,No,38472,276,188.0,300.0,1.0,Urban,Y
LP002674,Male,Yes,1,Graduate,No,6523,752,30.0,300.0,1.0,Semiurban,Y
LP002675,Female,Yes,1,Graduate,No,20708,382,165.0,360.0,1.0,Urban,Y
LP002676,Male,,1,Not Graduate,No,11709,1134,187.0,180.0,1.0,Semiurban,N
LP002677,Male,Yes,0,Graduate,,9126,3608,104.0,,0.0,Rural,N
LP002678,Male,No,0,Graduate,No,39579,763,182.0,360.0,1.0,Rural,Y
LP002679,Male,No,1,Not Graduate,,24205,657,150.0,360.0,,Urban,Y
LP002680,Male,Yes,2,Graduate,No,12744,3977,240.0,300.0,1.0,Urban,Y
LP002681,Male,No,,Graduate,No,53967,2644,123.0,360.0,1.0,Semiurban,Y
LP002682,Female,No,0,Not Graduate,No,29254,2857,179.0,240.0,1.0,Urban,Y
LP002683,Male,Yes,2,Graduate,No,7013,53,76.0,300.0,,Semiurban,Y
LP002684,Male,Yes,0,Graduate,No,2190,640,153.0,120.0,1.0,Semiurban,Y
LP002685,Male,Yes,1,Not Graduate,No,14552,552,190.0,240.0,1.0,Rural,Y
LP002686,Male,No,3+,Not Graduate,No,40408,407,123.0,120.0,1.0,Urban,Y
LP002687,Male,Yes,1,Graduate,No,21775,3882,205.0,300.0,0.0,Rural,Y
LP002688,Male,Yes,0,Graduate,Yes,47059,571,196.0,360.0,1.0,Rural,Y
LP002689,Male,Yes,0,Graduate,Yes,8277,206,157.0,300.0,0.0,Semiurban,N
LP002690,Male,Yes,1,Not Graduate,No,12163,1473,136.0,300.0,1.0,Semiurban,N
LP002691,Male,Yes,2,Graduate,No,12402,1086,-4.0,240.0,1.0,Urban,Y
LP002692,Male,No,3+,Not Graduate,,16203,362,117.0,300.0,1.0,Semiurban,Y
LP002693,Male,Yes,2,Not Graduate,No,24685,3719,205.0,360.0,0.0,Semiurban,Y
LP002694,Male,No,2,Not Graduate,No,49310,2073,136.0,480.0,1.0,Semiurban,Y
LP002695,Female,No,2,Graduate,Yes,58346,2065,172.0,300.0,1.0,Urban,Y
LP002696,Male,,2,Graduate,No,50678,1960,126.0,480.0,0.0,Rural,Y
LP002697,Female,Yes,0,Graduate,No,22817,4054,78.0,300.0,0.0,Urban,Y
LP002698,Male,No,3+,Graduate,No,10160,910,187.0,360.0,1.0,Urban,Y
LP002699,,No,0,Graduate,No,16005,247,88.0,360.0,1.0,Urban,Y
LP002700,Female,Yes,3+,Graduate,Yes,22565,855,136.0,300.0,1.0,Semiurban,Y
LP002701,Male,Yes,0,Graduate,,14884,150,168.0,240.0,1.0,Semiurban,Y
LP002702,Female,Yes,2,Graduate,No,6431,306,116.0,,1.0,Semiurban,N
LP002703,Male,No,2,Not Graduate,Yes,9228,7653,228.0,360.0,0.0,Semiurban,Y
LP002704,Male,No,3+,Graduate,No,26753,292,248.0,480.0,1.0,Semiurban,Y
LP002705,Female,Yes,2,Graduate,No,10968,268,109.0,180.0,1.0,Urban,Y
LP002706,Female,No,0,Graduate,No,13620,2449,111.0,,1.0,Semiurban,Y
LP002707,Male,Yes,1,Not Graduate,No,12547,3089,128.0,120.0,1.0,Rural,Y
LP002708,,No,0,Not Graduate,No,6543,148,207.0,360.0,1.0,Urban,Y
LP002709,Male,Yes,0,Graduate,Yes,11649,1478,174.0,360.0,1.0,Rural,Y
LP002710,Male,Yes,0,Graduate,No,9262,567,187.0,360.0,1.0,Urban,Y
LP002711,Female,Yes,0,Not Graduate,No,7681,1630,215.0,360.0,1.0,Rural,N
LP002712,Male,,1,Graduate,No,5729,762,104.0,360.0,1.0,Semiurban,Y
LP002713,,Yes,3+,Graduate,No,12326,212,175.0,180.0,1.0,Urban,N
LP002714,Male,Yes,3+,Graduate,No,21906,615,152.0,480.0,1.0,Semiurban,Y
LP002715,,Yes,,Graduate,No,32743,2323,171.0,180.0,1.0,Rural,Y
LP002716,,Yes,0,Graduate,No,4379,11298,207.0,240.0,1.0,Rural,N
LP002717,Female,Yes,0,Graduate,No,48296,1750,142.0,300.0,1.0,Urban,Y
LP002718,Female,No,0,Graduate,No,16887,686,115.0,300.0,1.0,Urban,Y
LP002719,Female,No,0,Graduate,No,5422,266,97.0,180.0,1.0,Urban,Y
LP002720,Male,Yes,0,Graduate,Yes,9672,906,237.0,360.0,1.0,Semiurban,Y
LP002721,Female,Yes,1,Graduate,No,2975,696,147.0,180.0,1.0,Semiurban,Y
LP002722,Female,Yes,1,Graduate,No,3650,1582,81.0,360.0,0.0,Semiurban,N
LP002723,Female,No,1,Graduate,No,52951,1020,219.0,300.0,0.0,Semiurban,N
LP002724,Male,No,0,Graduate,No,7635,1949,64.0,360.0,1.0,Rural,Y
LP002725,Male,,2,Graduate,No,20527,712,72.0,240.0,1.0,Urban,Y
LP002726,Male,,2,Graduate,No,12222,8526,134.0,360.0,1.0,Semiurban,Y
LP002727,Male,No,0,Graduate,Yes,13551,2209,122.0,240.0,0.0,Semiurban,N
LP002728,Male,No,0,Graduate,Yes,17933,469,165.0,360.0,1.0,Urban,Y
LP002729,Male,,,Graduate,No,2521,3645,53.0,300.0,,Urban,N
LP002730,Male,Yes,0,Graduate,No,38362,273,166.0,300.0,1.0,Urban,Y
LP002731,Female,Yes,1,Graduate,Yes,12345,393,213.0,120.0,0.0,Rural,Y
LP002732,Male,Yes,0,Graduate,No,8924,419,100.0,300.0,1.0,Semiurban,Y
LP002733,Male,,1,Graduate,Yes,19426,5399,131.0,180.0,1.0,Rural,Y
LP002734,Female,Yes,,Not Graduate,Yes,7503,884,109.0,240.0,1.0,Semiurban,Y
LP002735,,Yes,2,Graduate,No,15781,515,,360.0,1.0,Semiurban,Y
LP002736,Female,Yes,0,Not Graduate,No,11703,1335,96.0,360.0,0.0,Semiurban,N
LP002737,Female,Yes,1,Graduate,No,23595,2101,89.0,360.0,1.0,Urban,Y
LP002738,Male,Yes,0,Graduate,No,11258,7383,142.0,360.0,,Rural,Y
LP002739,Female,No,0,Not Graduate,No,5860,181,166.0,180.0,1.0,Semiurban,N
LP002740,Male,No,2,Graduate,No,17852,4993,157.0,240.0,,Urban,Y
LP002741,Male,Yes,1,Graduate,No,10759,91,128.0,360.0,1.0,Semiurban,Y
LP002742,Male,Yes,0,Graduate,No,3112,3253,183.0,300.0,1.0,Urban,N
LP002743,Male,Yes,1,Not Graduate,No,15648,4429,,300.0,,Urban,N
LP002744,Male,Yes,,Graduate,No,8691,4713,91.0,360.0,0.0,Rural,N
LP002745,Female,No,1,Graduate,,17616,2170,16.0,240.0,0.0,Semiurban,Y
LP002746,Female,Yes,1,Graduate,No,6740,305,176.0,480.0,1.0,Urban,Y
LP002747,Male,Yes,2,Graduate,Yes,5089,2687,137.0,360.0,1.0,Semiurban,Y
LP002748,Male,No,0,Not Graduate,No,34341,304,94.0,480.0,1.0,Rural,Y
LP002749,Female,Yes,0,Graduate,No,26226,355,231.0,360.0,1.0,Urban,Y
LP002750,Female,,0,Graduate,No,13289,634,230.0,360.0,1.0,Urban,Y
LP002751,Male,Yes,2,Graduate,No,18962,706,213.0,480.0,0.0,Urban,Y
LP002752,Female,Yes,3+,Not Graduate,No,25548,1463,161.0,300.0,1.0,Rural,Y
LP002753,Male,Yes,2,Not Graduate,No,13251,476,-8.0,,0.0,Semiurban,N
LP002754,Male,Yes,,Not Graduate,No,5080,1628,208.0,480.0,1.0,Rural,N
LP002755,Female,Yes,3+,Not Graduate,No,16976,211,103.0,300.0,1.0,Semiurban,Y
LP002756,Male,No,1,Graduate,No,29785,1148,122.0,300.0,1.0,Semiurban,Y
LP002757,Male,Yes,,Not Graduate,No,21472,790,194.0,360.0,1.0,Semiurban,Y
LP002758,Female,No,3+,Graduate,No,14008,3701,251.0,300.0,1.0,Urban,Y
LP002759,Female,Yes,0,Not Graduate,,20999,4177,227.0,300.0,1.0,Urban,Y
LP002760,Male,Yes,1,Graduate,No,11174,894,158.0,300.0,1.0,Urban,Y
LP002761,Male,Yes,2,Graduate,No,30802,104,186.0,300.0,0.0,Rural,Y
LP002762,Male,Yes,3+,Graduate,Yes,39251,186,94.0,240.0,1.0,Semiurban,Y
LP002763,Female,Yes,2,Graduate,No,4736,4223,,,0.0,Rural,N
LP002764,Male,Yes,2,Graduate,No,32622,923,,360.0,1.0,Rural,Y
LP002765,Male,No,3+,Graduate,No,80003,8946,166.0,360.0,1.0,Urban,Y
LP002766,Female,Yes,1,Graduate,No,20342,3216,77.0,300.0,1.0,Rural,Y
LP002767,Male,Yes,0,Not Graduate,No,29348,1489,147.0,240.0,1.0,Semiurban,Y
LP002768,Male,No,0,Not Graduate,No,7961,1279,180.0,360.0,1.0,Rural,N
LP002769,Male,Yes,1,Not Graduate,No,8928,276,195.0,360.0,1.0,Urban,N
LP002770,Female,Yes,1,Not Graduate,No,11298,514,181.0,480.0,0.0,Urban,N
LP002771,Male,No,1,Graduate,No,9682,1807,131.0,240.0,1.0,Urban,Y
LP002772,,Yes,1,Graduate,No,4677,724,107.0,240.0,1.0,Urban,Y
LP002773,Female,Yes,3+,Graduate,No,11636,1923,155.0,120.0,1.0,Semiurban,N
LP002774,Male,Yes,0,Not Graduate,Yes,26084,3770,190.0,180.0,1.0,Rural,Y
LP002775,,Yes,2,Not Graduate,No,4727,883,195.0,300.0,1.0,Rural,N
LP002776,Male,Yes,3+,Graduate,No,15418,653,229.0,240.0,1.0,Rural,Y
LP002777,Male,Yes,1,Not Graduate,No,15044,374,151.0,120.0,1.0,Urban,Y
LP002778,Male,No,1,Graduate,No,10498,2986,94.0,240.0,1.0,Urban,Y
LP002779,Male,No,,Graduate,No,19875,2708,204.0,360.0,1.0,Urban,Y
LP002780,Male,Yes,2,Not Graduate,No,18437,15130,154.0,360.0,0.0,Semiurban,Y
LP002781,Male,Yes,0,Graduate,No,9917,1355,85.0,180.0,1.0,Semiurban,Y
LP002782,Female,No,0,Graduate,Yes,31216,976,181.0,480.0,1.0,Rural,Y
LP002783,Female,Yes,0,Graduate,No,20920,1921,220.0,240.0,1.0,Urban,Y
LP002784,Female,Yes,0,Graduate,No,47041,776,169.0,180.0,1.0,Rural,Y
LP002785,Female,Yes,,Graduate,No,12668,379,221.0,240.0,1.0,Semiurban,Y
LP002786,Male,No,0,Graduate,No,10327,1219,125.0,180.0,1.0,Semiurban,Y
LP002787,,Yes,1,Graduate,No,11307,1899,113.0,360.0,0.0,Rural,Y
LP002788,Male,No,3+,Graduate,No,34291,2056,192.0,240.0,1.0,Rural,Y
LP002789,Female,Yes,1,Graduate,No,11861,1868,132.0,360.0,1.0,Urban,Y
LP002790,Female,Yes,3+,Not Graduate,No,12455,3931,210.0,240.0,1.0,Rural,Y
LP002791,Female,Yes,2,Graduate,No,64137,2048,158.0,,0.0,Urban,N
LP002792,Female,Yes,2,Graduate,No,4556,1517,210.0,360.0,1.0,Urban,Y
LP002793,Male,,1,Graduate,No,17773,240,181.0,240.0,0.0,Rural,Y
LP002794,Male,No,0,Not Graduate,Yes,12718,1472,104.0,,1.0,Rural,N
LP002795,Male,Yes,2,Graduate,Yes,10932,893,50.0,300.0,1.0,Urban,Y
LP002796,Male,No,3+,Not Graduate,No,6231,285,189.0,480.0,1.0,Urban,Y
LP002797,Male,No,1,Graduate,No,7854,2000,178.0,480.0,1.0,Rural,Y
LP002798,Female,Yes,0,Graduate,No,9638,2042,99.0,360.0,1.0,Rural,Y
LP002799,Female,Yes,2,Not Graduate,No,19862,1827,,360.0,,Urban,Y
LP002800,,Yes,0,Graduate,No,26422,2136,219.0,360.0,1.0,Rural,Y
LP002801,Female,Yes,0,Graduate,No,3219,1272,114.0,360.0,1.0,Rural,N
LP002802,Female,Yes,2,Graduate,No,5108,815,53.0,360.0,1.0,Semiurban,Y
LP002803,Female,Yes,1,Graduate,No,20708,9173,198.0,360.0,1.0,Semiurban,Y
LP002804,Female,Yes,1,Graduate,Yes,22154,1310,213.0,360.0,1.0,Urban,Y
LP002805,Male,No,3+,Graduate,No,4142,51,,480.0,0.0,Semiurban,Y
LP002806,Female,No,1,Graduate,No,26887,59,188.0,360.0,1.0,Semiurban,Y
LP002807,Female,Yes,1,Graduate,No,13211,4656,166.0,480.0,1.0,Rural,Y
LP002808,Male,Yes,0,Not Graduate,No,24286,121,144.0,300.0,1.0,Semiurban,Y
LP002809,Male,Yes,0,Graduate,No,6758,570,179.0,480.0,1.0,Urban,Y
LP002810,Female,Yes,2,Graduate,No,4393,254,124.0,240.0,1.0,Rural,Y
LP002811,Male,Yes,1,Graduate,,10436,762,94.0,120.0,1.0,Semiurban,Y
LP002812,Female,Yes,0,Graduate,No,10813,1742,170.0,180.0,1.0,Semiurban,Y
LP002813,Female,Yes,0,Graduate,,10340,493,163.0,240.0,1.0,Urban,Y
LP002814,Male,Yes,1,Not Graduate,No,9777,412,22.0,,1.0,Urban,Y
LP002815,Male,Yes,1,Not Graduate,No,51756,2631,90.0,300.0,1.0,Urban,Y
LP002816,Female,Yes,1,Graduate,No,3429,25803,116.0,240.0,1.0,Urban,Y
LP002817,Male,No,1,Graduate,No,6796,2097,176.0,360.0,1.0,Urban,Y
LP002818,Male,No,0,Graduate,No,9557,366,73.0,240.0,1.0,Urban,Y
LP002819,Male,Yes,1,Not Graduate,No,13618,3119,134.0,180.0,0.0,Urban,N
LP002820,Male,Yes,3+,Graduate,No,23595,8892,246.0,300.0,1.0,Urban,Y
LP002821,Female,Yes,0,Graduate,No,26696,3928,153.0,,1.0,Rural,Y
LP002822,Male,Yes,1,Graduate,No,31609,172,156.0,240.0,1.0,Urban,Y
LP002823,Female,Yes,1,Graduate,No,19636,2067,146.0,360.0,0.0,Urban,Y
LP002824,Male,Yes,2,Graduate,No,3347,632,199.0,300.0,1.0,Rural,Y
LP002825,Male,No,0,Not Graduate,Yes,3528,1167,152.0,180.0,1.0,Urban,N
LP002826,Female,Yes,3+,Graduate,Yes,33450,699,139.0,300.0,1.0,Rural,Y
LP002827,Female,No,1,Graduate,No,31764,2673,157.0,360.0,1.0,Semiurban,Y
LP002828,Male,Yes,2,Graduate,No,22221,717,216.0,240.0,0.0,Urban,Y
LP002829,Male,Yes,0,Graduate,No,6931,6011,170.0,240.0,1.0,Urban,Y
LP002830,Male,,2,Graduate,No,10321,1092,152.0,360.0,1.0,Rural,N
LP002831,Male,Yes,2,Graduate,No,9709,838,208.0,180.0,0.0,Urban,Y
LP002832,Female,Yes,0,Graduate,No,5885,2177,123.0,480.0,1.0,Semiurban,N
LP002833,Male,Yes,0,Graduate,No,16436,1683,-10.0,120.0,1.0,Urban,Y
LP002834,Male,Yes,1,Not Graduate,Yes,74934,2254,172.0,360.0,1.0,Rural,Y
LP002835,Male,Yes,0,Graduate,No,8986,934,171.0,,1.0,Urban,Y
LP002836,Female,Yes,2,Graduate,,37700,5439,118.0,360.0,1.0,Rural,Y
LP002837,Female,,0,Graduate,No,6579,3598,136.0,240.0,,Urban,Y
LP002838,Male,Yes,0,Graduate,No,3907,1080,212.0,120.0,1.0,Urban,Y
LP002839,Female,Yes,1,Graduate,No,29436,2943,172.0,360.0,1.0,Semiurban,Y
LP002840,Male,Yes,0,Graduate,No,11214,799,223.0,300.0,0.0,Urban,Y
LP002841,Male,No,3+,Graduate,Yes,36938,2173,163.0,240.0,1.0,Urban,Y
LP002842,Female,Yes,2,Graduate,No,43334,2952,142.0,480.0,1.0,Rural,Y
LP002843,Female,Yes,1,Graduate,No,10692,1479,185.0,180.0,1.0,Semiurban,N
LP002844,Female,Yes,2,Graduate,No,39120,409,168.0,,1.0,Urban,Y
LP002845,Male,Yes,2,Not Graduate,No,6628,261,171.0,240.0,1.0,Semiurban,N
LP002846,Male,,0,Graduate,No,6545,1559,138.0,480.0,1.0,Semiurban,N
LP002847,Female,No,2,Graduate,No,31502,460,121.0,,1.0,Urban,Y
LP002848,Male,,0,Graduate,No,3872,3886,123.0,360.0,1.0,Rural,N
LP002849,Male,Yes,1,Graduate,No,13343,179,175.0,240.0,1.0,Rural,N
LP002850,Male,Yes,1,Graduate,No,36305,5327,182.0,300.0,1.0,Semiurban,Y
LP002851,Female,Yes,2,Graduate,No,38308,1165,18.0,360.0,1.0,Rural,Y
LP002852,,Yes,0,Graduate,No,9450,393,113.0,240.0,1.0,Semiurban,Y
LP002853,Male,No,0,Graduate,No,29952,638,70.0,360.0,1.0,Rural,Y
LP002854,Female,Yes,1,Not Graduate,No,5440,858,125.0,480.0,1.0,Semiurban,Y
LP002855,Male,Yes,0,Not Graduate,Yes,7833,1957,119.0,480.0,1.0,Urban,N
LP002856,Male,Yes,2,Not Graduate,No,16063,252,157.0,300.0,0.0,Urban,Y
LP002857,Male,No,1,Not Graduate,No,18073,346,159.0,360.0,1.0,Semiurban,Y
LP002858,Male,Yes,0,Graduate,No,5778,743,256.0,240.0,1.0,Rural,N
LP002859,Male,Yes,0,Graduate,No,59267,1056,168.0,480.0,1.0,Rural,Y
LP002860,Male,Yes,,Graduate,No,2975,2590,181.0,360.0,1.0,Rural,Y
LP002861,Female,Yes,1,Not Graduate,No,13951,1514,78.0,240.0,1.0,Semiurban,N
LP002862,Male,No,0,Graduate,No,15626,687,133.0,360.0,1.0,Urban,Y
LP002863,Female,Yes,0,Graduate,No,3302,1456,95.0,300.0,1.0,Urban,Y
LP002864,Male,Yes,0,Graduate,No,38534,1337,179.0,360.0,,Urban,Y
LP002865,Male,Yes,0,Graduate,No,7388,810,152.0,360.0,1.0,Rural,Y
LP002866,,No,1,Graduate,No,14454,1260,132.0,300.0,1.0,Urban,Y
LP002867,Male,Yes,2,Graduate,No,17368,82,197.0,360.0,0.0,Urban,N
LP002868,,,1,Not Graduate,No,4173,3361,136.0,180.0,0.0,Urban,N
LP002869,Male,Yes,2,Graduate,No,5666,2116,216.0,240.0,1.0,Semiurban,Y
LP002870,Male,Yes,0,Not Graduate,No,46649,6618,216.0,180.0,1.0,Urban,Y
LP002871,Female,No,1,Graduate,No,12674,414,118.0,360.0,0.0,Semiurban,N
LP002872,Female,No,1,Not Graduate,No,1544,2177,205.0,240.0,1.0,Semiurban,Y
LP002873,Female,Yes,1,Graduate,No,10492,111,155.0,360.0,1.0,Rural,N
LP002874,Male,Yes,,Graduate,No,13012,131,130.0,360.0,1.0,Rural,Y
LP002875,Female,No,2,Graduate,No,15922,825,169.0,360.0,1.0,Urban,Y
LP002876,Male,Yes,,Graduate,No,2699,547,70.0,180.0,0.0,Rural,N
LP002877,Male,Yes,0,Not Graduate,Yes,13050,3853,123.0,360.0,1.0,Semiurban,N
LP002878,Male,Yes,1,Graduate,No,6862,4509,170.0,360.0,1.0,Urban,N
LP002879,Male,Yes,2,Graduate,No,15943,5117,135.0,300.0,1.0,Urban,Y
LP002880,Male,,3+,Graduate,Yes,20031,2247,203.0,240.0,1.0,Semiurban,Y
LP002881,Male,No,1,Graduate,No,18397,2366,130.0,360.0,1.0,Urban,Y
LP002882,Female,No,,Graduate,No,41075,235,156.0,300.0,1.0,Semiurban,Y
LP002883,Male,Yes,1,Graduate,No,77068,5881,143.0,240.0,1.0,Urban,Y
LP002884,Male,Yes,2,Graduate,No,5394,4925,73.0,360.0,0.0,Urban,Y
LP002885,Male,Yes,3+,Graduate,Yes,9842,209,,360.0,1.0,Semiurban,Y
LP002886,Female,Yes,2,Not Graduate,No,24208,1923,165.0,360.0,1.0,Urban,Y
LP002887,Male,Yes,1,Graduate,,12071,569,53.0,120.0,0.0,Urban,N
LP002888,Male,Yes,0,Graduate,No,1512,10092,26.0,240.0,1.0,Urban,Y
LP002889,Female,No,2,Graduate,Yes,11452,340,127.0,360.0,,Urban,Y
LP002890,Female,No,2,Graduate,No,35857,1225,211.0,360.0,1.0,Urban,Y
LP002891,Male,Yes,,Graduate,No,4377,1370,285.0,360.0,1.0,Urban,Y
LP002892,Female,Yes,0,Graduate,No,15937,1028,58.0,300.0,1.0,Rural,Y
LP002893,Female,Yes,1,Not Graduate,,2904,14443,231.0,300.0,1.0,Rural,Y
LP002894,,No,0,Graduate,No,26796,8343,208.0,300.0,1.0,Semiurban,Y
LP002895,Male,Yes,2,Graduate,No,16207,153,,360.0,0.0,Rural,Y
LP002896,Female,Yes,0,Graduate,No,8480,1967,244.0,360.0,1.0,Urban,Y
LP002897,Male,Yes,1,Graduate,No,9562,1081,173.0,300.0,1.0,Semiurban,N
LP002898,Male,No,0,Not Graduate,No,4026,2984,138.0,240.0,,Rural,N
LP002899,Male,No,0,Not Graduate,Yes,29914,1415,,120.0,1.0,Semiurban,Y
LP002900,Male,Yes,1,Graduate,No,7048,413,155.0,180.0,0.0,Semiurban,N
LP002901,Male,No,0,Graduate,No,19935,315,152.0,180.0,1.0,Urban,Y
LP002902,Female,Yes,1,Graduate,No,6188,677,261.0,360.0,,Urban,N
LP002903,Male,Yes,3+,Graduate,No,77553,948,102.0,360.0,1.0,Urban,Y
LP002904,Male,No,3+,Graduate,No,46524,1383,105.0,300.0,1.0,Urban,Y
LP002905,Male,No,0,Graduate,No,70192,552,124.0,300.0,1.0,Urban,Y
LP002906,Male,Yes,2,Graduate,Yes,77066,8494,282.0,180.0,,Rural,Y
LP002907,Female,Yes,0,Graduate,Yes,8041,2084,92.0,480.0,1.0,Urban,Y
LP002908,Male,No,3+,Graduate,No,6585,3129,215.0,360.0,1.0,Semiurban,Y
LP002909,Male,No,2,Graduate,No,67569,928,72.0,300.0,0.0,Rural,Y
LP002910,Male,No,0,Graduate,,11933,315,171.0,180.0,0.0,Semiurban,Y
LP002911,Male,Yes,1,Graduate,No,26018,3165,,360.0,1.0,Semiurban,Y
LP002912,Male,,0,Graduate,No,8131,332,,240.0,1.0,Rural,N
LP002913,Female,No,2,Graduate,No,8238,96,185.0,360.0,1.0,Semiurban,Y
LP002914,Female,Yes,1,Graduate,No,25951,2161,109.0,300.0,1.0,Rural,Y
LP002915,Male,,1,Graduate,No,2763,442,69.0,360.0,1.0,Urban,N
LP002916,Female,Yes,1,Graduate,,24997,734,134.0,360.0,1.0,Rural,Y
LP002917,Female,Yes,3+,Graduate,No,20324,2521,,240.0,1.0,Semiurban,Y
LP002918,Female,Yes,3+,Graduate,Yes,8741,359,162.0,120.0,1.0,Urban,Y
LP002919,Male,Yes,1,Graduate,No,13620,160,135.0,240.0,1.0,Rural,Y
LP002920,Male,Yes,2,Graduate,Yes,15439,4737,228.0,300.0,1.0,Rural,Y
LP002921,Male,No,2,Not Graduate,No,16149,1022,134.0,,1.0,Semiurban,Y
LP002922,Female,Yes,2,Graduate,No,23204,4958,163.0,240.0,1.0,Rural,Y
LP002923,Female,Yes,0,Graduate,No,6960,2324,91.0,240.0,1.0,Urban,Y
LP002924,Male,No,0,Graduate,No,115633,2408,128.0,300.0,1.0,Semiurban,Y
LP002925,Male,Yes,,Graduate,Yes,11333,1334,104.0,120.0,1.0,Semiurban,Y
LP002926,Female,Yes,1,Graduate,No,12033,1332,209.0,360.0,0.0,Urban,Y
LP002927,Female,Yes,0,Not Graduate,No,63307,4278,112.0,180.0,1.0,Semiurban,Y
LP002928,Female,,1,Graduate,No,3092,2914,117.0,360.0,1.0,Semiurban,Y
LP002929,Female,Yes,1,Graduate,No,62780,540,164.0,240.0,1.0,Urban,Y
LP002930,Male,No,1,Not Graduate,No,14396,1981,114.0,300.0,1.0,Urban,Y
LP002931,Male,Yes,1,Graduate,No,8741,521,220.0,300.0,1.0,Urban,Y
LP002932,Female,,0,Graduate,No,5454,753,247.0,240.0,1.0,Urban,Y
LP002933,Male,Yes,2,Graduate,Yes,4840,2169,105.0,240.0,1.0,Semiurban,Y
LP002934,Male,Yes,3+,Not Graduate,No,10163,512,192.0,,1.0,Semiurban,N
LP002935,Female,Yes,1,Graduate,No,16687,1309,107.0,300.0,,Urban,Y
LP002936,Male,No,2,Not Graduate,No,21982,1730,132.0,240.0,0.0,Semiurban,Y
LP002937,Female,Yes,0,Graduate,,16528,729,184.0,240.0,1.0,Rural,Y
LP002938,Male,Yes,2,Not Graduate,No,8882,2600,156.0,360.0,1.0,Urban,N
LP002939,Female,Yes,0,Not Graduate,No,39011,647,,300.0,1.0,Urban,Y
LP002940,Male,Yes,1,Graduate,No,113441,3398,204.0,240.0,1.0,Semiurban,Y
LP002941,Male,Yes,0,Graduate,No,44165,1282,204.0,300.0,1.0,Rural,Y
LP002942,Female,Yes,1,Graduate,No,10022,1349,152.0,180.0,1.0,Semiurban,N
LP002943,,Yes,0,Not Graduate,,19963,372,118.0,300.0,0.0,Rural,Y
LP002944,Female,No,1,Not Graduate,No,21013,827,150.0,360.0,1.0,Semiurban,Y
LP002945,Female,Yes,0,Graduate,No,48191,1385,99.0,300.0,1.0,Urban,Y
LP002946,Male,Yes,2,Graduate,No,10192,3749,189.0,360.0,1.0,Urban,Y
LP002947,Male,Yes,1,Not Graduate,No,6173,745,140.0,360.0,0.0,Semiurban,Y
LP002948,Male,Yes,0,Graduate,No,33093,3732,94.0,360.0,0.0,Urban,Y
LP002949,Male,No,0,Graduate,No,18492,442,217.0,120.0,1.0,Urban,Y
LP002950,Female,Yes,2,Graduate,No,5502,1637,149.0,240.0,0.0,Urban,Y
LP002951,Female,Yes,0,Graduate,No,23493,596,112.0,360.0,1.0,Semiurban,Y
LP002952,Female,No,1,Not Graduate,No,58139,6995,207.0,360.0,1.0,Urban,Y
LP002953,Female,Yes,1,Not Graduate,No,7669,5633,212.0,360.0,0.0,Rural,Y
LP002954,Male,Yes,0,Graduate,No,6549,1545,,360.0,1.0,Semiurban,Y
LP002955,Female,Yes,0,Graduate,No,13684,577,205.0,300.0,1.0,Urban,Y
LP002956,Female,No,1,Not Graduate,No,23022,177,157.0,360.0,1.0,Urban,Y
LP002957,Female,No,0,Not Graduate,No,12582,1726,198.0,360.0,1.0,Semiurban,Y
LP002958,Female,No,0,Graduate,No,33108,1406,146.0,360.0,1.0,Rural,Y
LP002959,Male,Yes,0,Graduate,Yes,16457,3071,168.0,360.0,1.0,Rural,Y
LP002960,Female,No,0,Graduate,No,30011,188,134.0,240.0,1.0,Urban,Y
LP002961,Male,,0,Not Graduate,No,7505,1299,199.0,300.0,1.0,Rural,N
LP002962,Male,Yes,,Graduate,No,5003,1834,116.0,360.0,1.0,Urban,N
LP002963,Male,No,1,Not Graduate,No,10177,371,201.0,240.0,1.0,Urban,Y
LP002964,Female,Yes,2,Graduate,Yes,4549,1261,158.0,240.0,1.0,Urban,N
LP002965,Female,Yes,0,Not Graduate,No,18535,458,187.0,360.0,1.0,Semiurban,Y
LP002966,Female,Yes,0,Not Graduate,No,2661,407,99.0,300.0,1.0,Semiurban,N
LP002967,,Yes,2,Graduate,No,9300,580,171.0,480.0,1.0,Semiurban,N
LP002968,Male,No,1,Not Graduate,No,10627,796,176.0,300.0,1.0,Urban,Y
LP002969,Female,Yes,0,Not Graduate,No,5783,4848,242.0,360.0,1.0,Urban,N
LP002970,Male,Yes,1,Not Graduate,No,10455,745,184.0,360.0,1.0,Semiurban,Y
LP002971,Male,Yes,1,Graduate,Yes,13405,397,120.0,300.0,1.0,Urban,Y
LP002972,Male,No,2,Graduate,,36878,2908,118.0,360.0,0.0,Semiurban,Y
LP002973,Female,,0,Graduate,Yes,5810,3763,188.0,180.0,1.0,Rural,Y
LP002974,Female,Yes,1,Graduate,No,17780,2931,123.0,300.0,0.0,Rural,N
LP002975,Male,No,2,Graduate,No,20839,5671,124.0,240.0,0.0,Semiurban,N
LP002976,Male,No,3+,Graduate,No,13135,1381,107.0,300.0,1.0,Urban,Y
LP002977,Female,Yes,2,Graduate,No,8969,1321,156.0,480.0,1.0,Semiurban,Y
LP002978,Male,Yes,0,Not Graduate,Yes,5371,471,160.0,180.0,1.0,Semiurban,Y
LP002979,Female,Yes,2,Graduate,No,61013,5877,133.0,240.0,1.0,Rural,Y
LP002980,Female,No,2,Graduate,No,14159,981,234.0,,1.0,Urban,Y
LP002981,Male,Yes,2,Graduate,No,10379,761,178.0,240.0,1.0,Rural,N
LP002982,Male,,2,Graduate,No,72928,684,237.0,360.0,1.0,Rural,Y
LP002983,Female,Yes,3+,Not Graduate,No,15959,2354,156.0,300.0,0.0,Rural,Y
LP002984,Female,No,0,Graduate,No,102211,1212,113.0,180.0,1.0,Semiurban,Y
LP002985,Male,Yes,0,Graduate,No,4302,1376,100.0,360.0,,Semiurban,N
LP002986,Female,No,2,Graduate,Yes,11051,742,143.0,360.0,0.0,Urban,N
LP002987,Male,No,0,Graduate,No,4464,864,187.0,120.0,1.0,Semiurban,N
LP002988,Male,Yes,0,Graduate,No,12116,918,135.0,360.0,1.0,Urban,Y
LP002989,Female,Yes,1,Graduate,No,12069,6038,192.0,180.0,1.0,Semiurban,Y
LP002990,,Yes,,Graduate,No,9261,126,220.0,240.0,,Semiurban,N
LP002991,Male,No,0,Graduate,No,13948,1877,109.0,360.0,1.0,Semiurban,Y
LP002992,Female,Yes,1,Not Graduate,No,9629,4047,95.0,360.0,0.0,Urban,Y
LP002993,Male,Yes,0,Graduate,No,12230,120,197.0,120.0,1.0,Semiurban,Y
LP002994,Male,Yes,0,Graduate,No,7298,1006,163.0,360.0,0.0,Rural,N
LP002995,Male,Yes,0,Graduate,No,42372,3563,166.0,360.0,1.0,Semiurban,Y
LP002996,Female,No,0,Graduate,No,5502,444,184.0,240.0,0.0,Semiurban,Y
LP002997,Male,Yes,2,Graduate,No,15833,1513,73.0,300.0,1.0,Semiurban,Y
LP002998,Male,No,2,Graduate,No,5145,358,172.0,480.0,1.0,Semiurban,N
LP002999,Male,Yes,2,Graduate,No,6850,1141,159.0,180.0,,Urban,N
LP003000,Female,Yes,0,Graduate,Yes,7460,5080,173.0,180.0,0.0,Semiurban,N
LP003001,,No,1,Graduate,Yes,12022,8389,102.0,360.0,1.0,Urban,Y
LP003002,Female,Yes,0,Graduate,No,15372,1489,154.0,300.0,1.0,Semiurban,Y
LP003003,Male,No,0,Not Graduate,No,5511,236,125.0,240.0,1.0,Semiurban,N
LP003004,Female,Yes,1,Graduate,No,9596,755,202.0,240.0,,Urban,N
LP003005,Male,Yes,2,Graduate,No,6045,124,145.0,360.0,1.0,Urban,Y
LP003006,Female,Yes,,Not Graduate,No,5835,770,,300.0,1.0,Semiurban,Y
LP003007,Female,No,0,Graduate,No,33085,3489,100.0,240.0,0.0,Urban,Y
LP003008,Male,No,3+,Graduate,No,4387,213,193.0,480.0,1.0,Urban,Y
LP003009,,Yes,1,Graduate,No,14182,855,199.0,360.0,1.0,Semiurban,Y
LP003010,Male,Yes,3+,Graduate,No,51971,411,246.0,300.0,1.0,Urban,Y
LP003011,Male,,3+,Graduate,No,35063,9437,133.0,360.0,1.0,Urban,Y
LP003012,Male,Yes,1,Not Graduate,No,18775,1769,99.0,300.0,1.0,Urban,Y
LP003013,Male,No,0,Graduate,No,13187,3042,143.0,120.0,1.0,Rural,Y
LP003014,Male,Yes,2,Graduate,No,24084,1557,115.0,360.0,1.0,Urban,Y
LP003015,Female,No,0,Graduate,No,17953,2733,118.0,180.0,0.0,Rural,Y
LP003016,Male,Yes,,Graduate,No,41693,4010,173.0,480.0,0.0,Semiurban,Y
LP003017,Female,No,2,Graduate,No,12004,1148,204.0,300.0,1.0,Urban,N
LP003018,Male,Yes,1,Graduate,No,29758,579,170.0,360.0,1.0,Rural,Y
LP003019,Male,Yes,0,Graduate,Yes,10295,356,,480.0,1.0,Urban,Y
LP003020,Female,No,1,Graduate,Yes,60766,9049,191.0,240.0,1.0,Semiurban,Y
LP003021,Male,Yes,2,Not Graduate,Yes,11737,2936,138.0,300.0,0.0,Semiurban,N
LP003022,Male,No,0,Graduate,Yes,3658,76,222.0,360.0,1.0,Semiurban,N
LP003023,,No,0,Graduate,No,14216,817,299.0,300.0,1.0,Urban,Y
LP003024,Male,Yes,0,Graduate,Yes,24629,1806,118.0,300.0,1.0,Urban,Y
LP003025,Male,Yes,0,Graduate,No,49165,8157,210.0,180.0,1.0,Rural,Y
LP003026,Male,Yes,2,Graduate,No,6021,292,210.0,360.0,0.0,Urban,Y
LP003027,Female,Yes,2,Not Graduate,No,3309,1829,176.0,360.0,1.0,Semiurban,Y
LP003028,Female,Yes,1,Graduate,Yes,19878,678,214.0,,1.0,Semiurban,Y
LP003029,Female,Yes,0,Graduate,No,19392,260,167.0,300.0,1.0,Urban,Y
LP003030,,Yes,0,Not Graduate,No,4320,5511,182.0,240.0,0.0,Semiurban,N
LP003031,Male,Yes,0,Graduate,No,10263,344,154.0,,1.0,Urban,Y
LP003032,Male,Yes,,Graduate,No,10638,3515,157.0,360.0,0.0,Urban,N
LP003033,Female,Yes,0,Graduate,No,25809,161,181.0,300.0,1.0,Rural,Y
LP003034,Male,Yes,1,Graduate,No,9595,609,171.0,240.0,1.0,Rural,Y
LP003035,Male,Yes,0,Not Graduate,No,9429,2178,97.0,360.0,,Urban,N
LP003036,Male,Yes,2,Graduate,No,14642,2591,175.0,360.0,1.0,Urban,Y
LP003037,Male,Yes,2,Graduate,Yes,4436,1852,137.0,360.0,1.0,Rural,N
LP003038,Female,Yes,1,Graduate,No,61121,3577,122.0,360.0,1.0,Semiurban,Y
LP003039,Male,Yes,0,Graduate,No,28205,775,198.0,360.0,1.0,Urban,Y
LP003040,Male,No,2,Graduate,No,7620,5830,,360.0,1.0,Urban,Y
LP003041,Male,Yes,3+,Not Graduate,No,5463,1682,136.0,240.0,1.0,Semiurban,N
LP003042,Female,Yes,0,Graduate,No,5813,2648,96.0,120.0,1.0,Semiurban,Y
LP003043,Male,No,2,Graduate,Yes,21362,1696,129.0,240.0,1.0,Rural,Y
LP003044,Male,No,,Graduate,Yes,5953,1977,269.0,300.0,1.0,Rural,N
LP003045,Female,Yes,1,Not Graduate,No,10943,329,111.0,180.0,0.0,Rural,Y
LP003046,Female,Yes,0,Graduate,No,3454,354,142.0,,1.0,Semiurban,Y
LP003047,Male,Yes,1,Graduate,No,20599,572,219.0,360.0,1.0,Urban,Y
LP003048,Male,Yes,1,Graduate,No,21226,2032,171.0,,1.0,Urban,Y
LP003049,Male,No,1,Graduate,No,11525,541,143.0,180.0,1.0,Urban,Y
LP003050,Male,Yes,3+,Graduate,No,15597,768,115.0,300.0,1.0,Urban,Y
LP003051,Male,No,2,Not Graduate,No,25250,1005,183.0,300.0,1.0,Semiurban,Y
LP003052,Male,Yes,0,Graduate,No,15265,6011,,360.0,1.0,Semiurban,Y
LP003053,,No,1,Graduate,No,24951,2260,258.0,360.0,1.0,Rural,Y
LP003054,Male,Yes,1,Graduate,Yes,5248,189,135.0,480.0,1.0,Urban,N
LP003055,Female,Yes,0,Not Graduate,No,18087,1328,,180.0,0.0,Urban,N
LP003056,Female,Yes,0,Graduate,No,15595,761,193.0,360.0,1.0,Semiurban,Y
LP003057,Female,Yes,3+,Graduate,No,34947,833,193.0,180.0,1.0,Rural,Y
LP003058,Male,Yes,1,Graduate,No,13688,1097,142.0,240.0,1.0,Semiurban,N
LP003059,Male,No,0,Graduate,No,12358,4234,127.0,360.0,1.0,Urban,Y
LP003060,Female,Yes,0,Graduate,No,8555,413,137.0,480.0,1.0,Urban,Y
LP003061,Male,No,1,Graduate,No,44045,1400,202.0,360.0,0.0,Rural,Y
LP003062,Male,,1,Graduate,No,2028,1554,176.0,300.0,1.0,Rural,N
LP003063,Male,Yes,,Graduate,,20109,840,56.0,240.0,1.0,Urban,Y
LP003064,Female,No,1,Graduate,Yes,13143,509,85.0,360.0,1.0,Urban,Y
LP003065,Female,Yes,0,Not Graduate,No,11534,443,143.0,480.0,0.0,Semiurban,Y
LP003066,,Yes,0,Graduate,Yes,10265,661,176.0,360.0,1.0,Semiurban,Y
LP003067,Male,Yes,1,Graduate,No,12775,2657,138.0,360.0,1.0,Urban,Y
LP003068,Female,Yes,0,Graduate,Yes,19591,713,124.0,360.0,1.0,Semiurban,Y
LP003069,Male,No,2,Graduate,No,7072,973,100.0,360.0,1.0,Semiurban,Y
LP003070,Female,Yes,,Graduate,No,14883,273,195.0,480.0,0.0,Urban,Y
LP003071,Female,,1,Graduate,No,17687,620,154.0,480.0,0.0,Semiurban,Y
LP003072,Female,No,0,Graduate,No,6229,1444,234.0,360.0,0.0,Urban,N
LP003073,Male,Yes,0,Graduate,No,19992,148,85.0,240.0,1.0,Semiurban,Y
LP003074,Male,Yes,2,Graduate,No,17803,3842,184.0,300.0,0.0,Urban,Y
LP003075,Male,No,1,Graduate,No,7050,538,177.0,240.0,1.0,Urban,Y
LP003076,Female,Yes,2,Graduate,No,5164,9095,,240.0,1.0,Rural,Y
LP003077,,No,1,Graduate,,6976,1815,191.0,240.0,1.0,Semiurban,Y
LP003078,Male,Yes,1,Graduate,Yes,14887,121,124.0,360.0,1.0,Semiurban,Y
LP003079,Male,No,2,Graduate,No,12572,1530,140.0,360.0,0.0,Semiurban,Y
LP003080,Female,No,1,Graduate,No,40747,748,158.0,120.0,0.0,Urban,Y
LP003081,Female,Yes,1,Graduate,,9959,1553,99.0,180.0,,Urban,N
LP003082,Female,Yes,2,Not Graduate,No,6559,7631,201.0,480.0,1.0,Semiurban,N
LP003083,Male,Yes,3+,Graduate,No,22597,2555,,240.0,1.0,Urban,Y
LP003084,Male,,0,Graduate,No,6099,836,91.0,360.0,1.0,Semiurban,Y
LP003085,Female,Yes,1,Graduate,No,7096,205,66.0,240.0,1.0,Rural,Y
LP003086,,Yes,0,Graduate,No,7171,3125,204.0,240.0,1.0,Urban,N
LP003087,Male,,0,Graduate,No,1214,2021,160.0,300.0,1.0,Urban,Y
LP003088,,No,1,Graduate,No,21025,4400,123.0,300.0,,Urban,N
LP003089,Male,Yes,2,Not Graduate,No,28338,923,154.0,360.0,1.0,Semiurban,N
LP003090,Male,Yes,1,Graduate,Yes,27815,1562,163.0,240.0,1.0,Urban,Y
LP003091,,Yes,2,Not Graduate,No,60375,816,88.0,240.0,1.0,Urban,Y
LP003092,Female,Yes,0,Graduate,No,44606,1217,157.0,360.0,1.0,Semiurban,Y
LP003093,Male,Yes,1,Graduate,No,10227,178,219.0,,1.0,Semiurban,Y
LP003094,Female,Yes,3+,Graduate,No,32447,1606,228.0,480.0,1.0,Urban,Y
LP003095,Male,No,0,Graduate,No,12355,1735,192.0,240.0,1.0,Semiurban,Y
LP003096,,No,0,Not Graduate,Yes,9501,599,162.0,,1.0,Urban,N
LP003097,Female,Yes,1,Graduate,No,7299,2271,196.0,180.0,1.0,Semiurban,Y
LP003098,Male,Yes,2,Graduate,No,10784,3124,185.0,,1.0,Urban,Y
LP003099,Male,Yes,1,Graduate,No,17381,5885,93.0,300.0,1.0,Rural,Y
LP003100,Male,Yes,1,Graduate,No,47330,322,,180.0,1.0,Semiurban,Y
LP003101,Male,Yes,1,Graduate,No,23930,2448,181.0,,1.0,Rural,Y
LP003102,Female,Yes,0,Graduate,Yes,7208,5461,116.0,480.0,1.0,Semiurban,Y
LP003103,Female,Yes,2,Graduate,No,5794,719,98.0,360.0,1.0,Rural,N
LP003104,Male,No,0,Not Graduate,No,21053,5848,214.0,,1.0,Semiurban,Y
LP003105,Male,No,0,Graduate,No,27498,458,153.0,120.0,1.0,Rural,Y
LP003106,Male,Yes,1,Graduate,No,35666,1192,146.0,360.0,1.0,Semiurban,Y
LP003107,Female,Yes,,Graduate,No,10775,138,89.0,360.0,0.0,Urban,Y
LP003108,Male,No,2,Not Graduate,Yes,19449,116,127.0,120.0,1.0,Urban,Y
LP003109,Male,No,2,Graduate,No,26493,170,,180.0,1.0,Rural,Y
LP003110,Female,Yes,0,Not Graduate,No,4533,6017,104.0,300.0,1.0,Semiurban,Y
LP003111,Female,Yes,0,Graduate,No,16684,432,89.0,300.0,1.0,Semiurban,Y
LP003112,Male,,,Graduate,No,27542,433,237.0,240.0,1.0,Semiurban,Y
LP003113,Female,,2,Graduate,No,20096,1789,220.0,240.0,,Semiurban,N
LP003114,Male,Yes,2,Not Graduate,No,12525,449,144.0,360.0,0.0,Semiurban,N
LP003115,Male,Yes,3+,Graduate,No,107791,4656,83.0,,1.0,Urban,Y
LP003116,Female,Yes,0,Graduate,Yes,62593,10263,63.0,480.0,1.0,Rural,Y
LP003117,Female,Yes,1,Graduate,No,13460,76,127.0,300.0,0.0,Semiurban,N
LP003118,Male,Yes,1,Graduate,No,11478,2047,37.0,360.0,1.0,Semiurban,N
LP003119,Male,No,2,Graduate,No,23393,92,127.0,360.0,0.0,Semiurban,Y
LP003120,Male,Yes,1,Not Graduate,No,12758,214,48.0,300.0,1.0,Rural,Y
LP003121,Male,Yes,2,Not Graduate,No,36946,1945,145.0,480.0,1.0,Urban,Y
LP003122,Male,Yes,0,Not Graduate,No,4847,353,159.0,120.0,1.0,Semiurban,Y
LP003123,Male,Yes,0,Graduate,No,11019,1499,140.0,,1.0,Rural,Y
LP003124,Male,Yes,0,Graduate,No,23114,1138,258.0,,1.0,Semiurban,Y
LP003125,Female,Yes,0,Graduate,No,29821,151,139.0,180.0,1.0,Semiurban,Y
LP003126,Female,Yes,0,Graduate,No,4085,2413,236.0,300.0,1.0,Rural,Y
LP003127,Female,Yes,0,Not Graduate,No,6227,1569,164.0,360.0,1.0,Urban,N
LP003128,Male,Yes,0,Graduate,Yes,3494,1148,250.0,300.0,1.0,Urban,Y
LP003129,Female,No,,Not Graduate,No,6643,503,62.0,360.0,1.0,Rural,Y
LP003130,Female,Yes,2,Not Graduate,No,4808,1750,95.0,360.0,0.0,Semiurban,N
LP003131,Female,Yes,2,Graduate,No,20564,232,135.0,180.0,1.0,Rural,Y
LP003132,Female,Yes,0,Graduate,Yes,16045,327,230.0,480.0,1.0,Semiurban,Y
LP003133,Female,Yes,0,Graduate,No,11812,1611,138.0,120.0,1.0,Semiurban,N
LP003134,Male,Yes,0,Graduate,No,13641,3775,115.0,360.0,1.0,Semiurban,Y
LP003135,Male,Yes,3+,Graduate,No,34731,618,180.0,360.0,1.0,Urban,Y
LP003136,Female,,1,Not Graduate,No,5803,1897,195.0,180.0,1.0,Urban,Y
LP003137,Female,No,0,Graduate,No,2852,1402,111.0,360.0,1.0,Rural,N
LP003138,Female,Yes,2,Graduate,,23586,1802,115.0,480.0,1.0,Rural,Y
LP003139,Male,No,,Graduate,Yes,9771,478,234.0,300.0,1.0,Semiurban,N
LP003140,Male,Yes,2,Not Graduate,No,5915,916,212.0,360.0,,Urban,Y
LP003141,Male,No,0,Graduate,No,20810,1047,225.0,300.0,0.0,Semiurban,Y
LP003142,Female,Yes,0,Graduate,No,2768,6621,197.0,360.0,1.0,Urban,N
LP003143,Male,Yes,1,Graduate,No,6727,291,107.0,480.0,1.0,Semiurban,N
LP003144,Male,Yes,2,Graduate,Yes,1976,203,148.0,300.0,0.0,Semiurban,N
LP003145,Male,Yes,2,Graduate,No,16436,40105,96.0,360.0,1.0,Semiurban,Y
LP003146,Male,No,1,Graduate,No,47049,1588,198.0,240.0,1.0,Semiurban,Y
LP003147,Female,No,0,Graduate,No,8446,2117,122.0,300.0,1.0,Urban,Y
LP003148,Female,Yes,1,Not Graduate,No,7092,2369,64.0,240.0,1.0,Semiurban,Y
LP003149,Female,No,3+,Graduate,No,55694,2769,155.0,240.0,1.0,Urban,Y
LP003150,Male,No,1,Graduate,No,22069,3225,,360.0,1.0,Semiurban,Y
LP003151,Female,Yes,2,Graduate,No,89711,2784,81.0,360.0,1.0,Semiurban,Y
LP003152,Male,Yes,1,Graduate,Yes,15193,4240,143.0,180.0,1.0,Urban,Y
LP003153,Female,Yes,1,Graduate,No,16015,1340,122.0,360.0,1.0,Rural,Y
LP003154,Male,Yes,1,Graduate,No,42440,3970,199.0,360.0,1.0,Urban,Y
LP003155,Male,Yes,2,Not Graduate,No,11862,10618,47.0,360.0,0.0,Urban,N
LP003156,Female,Yes,2,Graduate,No,16281,1387,206.0,360.0,1.0,Semiurban,Y
LP003157,Female,Yes,1,Graduate,No,1925,1952,114.0,300.0,1.0,Rural,N
LP003158,Male,Yes,1,Graduate,No,53646,546,142.0,300.0,1.0,Urban,Y
LP003159,Female,No,0,Graduate,No,18264,899,192.0,180.0,1.0,Semiurban,Y
LP003160,Male,Yes,0,Not Graduate,No,12260,1674,223.0,300.0,1.0,Urban,Y
LP003161,,Yes,3+,Graduate,No,27608,687,152.0,120.0,1.0,Urban,Y
LP003162,Male,Yes,0,Graduate,No,5191,1225,113.0,300.0,1.0,Rural,Y
LP003163,Male,Yes,2,Graduate,No,8594,1651,123.0,180.0,1.0,Rural,Y
LP003164,Male,Yes,2,Not Graduate,No,20799,6800,208.0,360.0,1.0,Urban,Y
LP003165,Male,Yes,2,Graduate,No,13838,388,105.0,480.0,1.0,Rural,Y
LP003166,Male,Yes,3+,Graduate,No,19097,1815,166.0,360.0,1.0,Urban,Y
LP003167,Female,Yes,1,Graduate,No,16308,531,150.0,240.0,1.0,Urban,Y
LP003168,Male,Yes,2,Not Graduate,No,22124,2749,187.0,360.0,1.0,Urban,Y
LP003169,Female,Yes,0,Not Graduate,No,4644,3024,151.0,360.0,1.0,Semiurban,Y
LP003170,Male,Yes,1,Graduate,No,37142,8208,128.0,360.0,1.0,Urban,Y
LP003171,Female,Yes,2,Not Graduate,No,9071,657,124.0,240.0,1.0,Semiurban,Y
LP003172,Male,Yes,0,Graduate,No,13991,1305,123.0,300.0,1.0,Urban,N
LP003173,Male,Yes,2,Graduate,No,8261,2878,81.0,180.0,1.0,Urban,Y
LP003174,Male,No,2,Graduate,No,10615,2417,175.0,360.0,1.0,Semiurban,Y
LP003175,Male,Yes,2,Not Graduate,No,16046,55,160.0,300.0,0.0,Rural,N
LP003176,Male,,0,Graduate,Yes,24055,480,,120.0,1.0,Semiurban,Y
LP003177,Female,No,1,Graduate,No,27473,2173,129.0,360.0,1.0,Urban,Y
LP003178,Female,Yes,0,Graduate,Yes,18882,852,136.0,360.0,1.0,Rural,Y
LP003179,Female,Yes,2,Not Graduate,No,8294,2903,120.0,120.0,1.0,Urban,Y
LP003180,,Yes,1,Graduate,No,17953,3829,144.0,300.0,1.0,Semiurban,Y
LP003181,Male,Yes,1,Graduate,No,16191,848,144.0,300.0,1.0,Semiurban,Y
LP003182,Male,Yes,,Graduate,No,14006,2255,194.0,480.0,1.0,Semiurban,Y
LP003183,Male,Yes,0,Graduate,No,20483,6294,149.0,240.0,1.0,Semiurban,Y
LP003184,Male,Yes,0,Graduate,No,4814,3722,,360.0,1.0,Urban,N
LP003185,Male,Yes,0,Graduate,Yes,2639,434,80.0,180.0,1.0,Rural,Y
LP003186,Male,No,1,Not Graduate,,34613,878,96.0,480.0,1.0,Urban,Y
LP003187,Male,Yes,2,Graduate,No,12026,1133,81.0,300.0,1.0,Rural,Y
LP003188,Male,No,0,Graduate,No,18633,356,130.0,180.0,1.0,Urban,Y
LP003189,Female,No,0,Graduate,No,6673,3959,152.0,300.0,1.0,Urban,N
LP003190,Female,No,1,Graduate,No,36672,505,233.0,120.0,0.0,Rural,Y
LP003191,Male,No,2,Graduate,No,17677,970,108.0,180.0,1.0,Rural,Y
LP003192,Female,Yes,0,Not Graduate,No,11572,3968,192.0,300.0,1.0,Semiurban,N
LP003193,Female,Yes,0,Graduate,No,16791,638,108.0,480.0,1.0,Urban,Y
LP003194,Male,Yes,0,Not Graduate,Yes,3316,732,151.0,300.0,1.0,Urban,Y
LP003195,,Yes,0,Graduate,No,18006,1645,142.0,360.0,1.0,Semiurban,Y
LP003196,Male,No,0,Not Graduate,No,43890,671,103.0,360.0,1.0,Rural,Y
LP003197,Female,No,0,Graduate,No,17192,6899,107.0,120.0,0.0,Semiurban,Y
LP003198,Female,Yes,2,Graduate,No,15504,365,229.0,300.0,1.0,Urban,Y
LP003199,Male,Yes,1,Graduate,No,10366,69,,480.0,1.0,Urban,N
LP003200,Male,Yes,0,Not Graduate,No,31767,3015,199.0,120.0,1.0,Rural,Y
LP003201,Male,Yes,1,Graduate,No,35767,714,183.0,300.0,1.0,Urban,Y
LP003202,Male,Yes,1,Graduate,No,9456,416,119.0,360.0,1.0,Semiurban,N
LP003203,Male,Yes,3+,Graduate,Yes,17799,1738,149.0,240.0,1.0,Rural,Y
LP003204,Female,No,0,Not Graduate,No,16087,1813,156.0,,1.0,Rural,Y
LP003205,Female,Yes,2,Graduate,Yes,18424,439,174.0,300.0,1.0,Urban,Y
LP003206,Female,No,2,Graduate,No,7199,4556,129.0,480.0,1.0,Rural,N
LP003207,Female,Yes,,Not Graduate,No,33330,3084,74.0,360.0,1.0,Rural,Y
LP003208,Female,No,3+,Not Graduate,No,20997,11725,114.0,300.0,0.0,Rural,Y
LP003209,Male,Yes,1,Graduate,No,34958,632,208.0,360.0,1.0,Semiurban,Y
LP003210,Female,No,1,Not Graduate,,5473,1322,148.0,480.0,1.0,Semiurban,Y
LP003211,Male,Yes,0,Graduate,No,5737,1450,128.0,,1.0,Rural,Y
LP003212,Female,Yes,0,Graduate,No,69391,740,76.0,360.0,1.0,Semiurban,Y
LP003213,Male,,1,Graduate,Yes,33446,1779,211.0,,1.0,Semiurban,Y
LP003214,Female,No,0,Graduate,No,6959,1947,139.0,300.0,1.0,Semiurban,Y
LP003215,Male,Yes,1,Not Graduate,No,26756,1948,204.0,180.0,1.0,Semiurban,Y
LP003216,,Yes,0,Not Graduate,No,9203,741,,300.0,1.0,Semiurban,Y
LP003217,Male,Yes,1,Graduate,Yes,3432,853,189.0,360.0,,Semiurban,N
LP003218,Male,Yes,1,Graduate,Yes,2489,555,232.0,180.0,1.0,Rural,Y
LP003219,Female,No,0,Graduate,No,13126,445,156.0,360.0,1.0,Urban,N
LP003220,Female,Yes,1,Graduate,No,46566,1015,143.0,360.0,1.0,Rural,Y
LP003221,Male,Yes,1,Graduate,No,45121,6767,228.0,360.0,0.0,Urban,Y
LP003222,Male,,0,Not Graduate,,36611,12668,191.0,480.0,1.0,Semiurban,Y
LP003223,Male,No,0,Graduate,No,25952,5306,114.0,360.0,1.0,Rural,Y
LP003224,Male,No,0,Graduate,No,17221,628,202.0,360.0,1.0,Urban,Y
LP003225,Male,Yes,0,Graduate,,33576,1788,225.0,360.0,0.0,Rural,N
LP003226,Female,Yes,3+,Graduate,No,2673,94,35.0,360.0,1.0,Rural,Y
LP003227,Male,Yes,1,Graduate,Yes,29490,910,,360.0,,Rural,Y
LP003228,Male,No,0,Graduate,No,5449,687,109.0,360.0,1.0,Semiurban,Y
LP003229,Male,Yes,0,Graduate,No,6437,10396,186.0,360.0,1.0,Urban,Y
LP003230,Male,Yes,0,Graduate,Yes,23311,1498,189.0,180.0,1.0,Urban,Y
LP003231,Male,Yes,1,Graduate,No,28084,1165,175.0,120.0,1.0,Urban,Y
LP003232,Female,Yes,0,Graduate,No,8202,1010,193.0,480.0,1.0,Semiurban,N
LP003233,Male,No,1,Graduate,Yes,22403,773,94.0,240.0,1.0,Semiurban,Y
LP003234,Male,Yes,0,Not Graduate,No,20959,2075,89.0,240.0,1.0,Urban,Y
LP003235,Male,Yes,2,Graduate,No,10419,495,212.0,240.0,0.0,Semiurban,Y
LP003236,Male,No,0,Graduate,No,15109,2121,155.0,360.0,,Semiurban,Y
LP003237,Male,Yes,1,Graduate,No,70594,6112,210.0,120.0,,Rural,Y
LP003238,Female,Yes,2,Graduate,No,10665,1255,,360.0,1.0,Urban,N
LP003239,Female,No,1,Graduate,No,10963,752,97.0,360.0,1.0,Rural,Y
LP003240,Male,No,2,Graduate,No,15063,1001,86.0,180.0,1.0,Rural,Y
LP003241,Male,Yes,1,Not Graduate,No,11540,4632,190.0,180.0,1.0,Semiurban,Y
LP003242,Male,Yes,1,Graduate,No,25144,1296,206.0,,1.0,Urban,Y
LP003243,Male,Yes,1,Graduate,,43277,527,177.0,240.0,,Urban,N
LP003244,Female,No,3+,Graduate,Yes,10967,2893,125.0,360.0,1.0,Rural,Y
LP003245,Female,No,1,Graduate,Yes,6731,467,181.0,240.0,1.0,Semiurban,Y
LP003246,Male,Yes,3+,Graduate,No,64856,828,180.0,360.0,,Semiurban,Y
LP003247,Male,Yes,,Not Graduate,No,14703,1443,48.0,480.0,1.0,Rural,Y
LP003248,Male,Yes,1,Graduate,No,3416,416,132.0,360.0,,Urban,N
LP003249,Female,Yes,3+,Not Graduate,No,59267,128,163.0,360.0,1.0,Urban,Y
LP003250,Female,Yes,0,Graduate,No,32890,1880,205.0,480.0,1.0,Semiurban,Y
LP003251,Male,No,3+,Graduate,No,48101,79,145.0,360.0,1.0,Urban,Y
LP003252,Male,Yes,0,Graduate,No,42082,360,157.0,360.0,1.0,Rural,Y
LP003253,Female,Yes,3+,Graduate,No,110856,2790,146.0,360.0,1.0,Urban,Y
LP003254,Male,Yes,1,Graduate,No,5828,1813,163.0,480.0,1.0,Rural,Y
LP003255,Male,Yes,0,Graduate,No,7069,907,,360.0,1.0,Semiurban,Y
LP003256,Male,Yes,2,Not Graduate,,9010,374,119.0,240.0,1.0,Urban,Y
LP003257,Female,Yes,0,Not Graduate,No,8807,653,38.0,240.0,1.0,Semiurban,Y
LP003258,Male,Yes,0,Graduate,No,14740,2190,127.0,300.0,1.0,Semiurban,Y
LP003259,Male,,0,Graduate,No,9027,935,174.0,360.0,1.0,Urban,Y
LP003260,Female,Yes,1,Graduate,No,5158,249,110.0,360.0,1.0,Semiurban,Y
LP003261,Male,No,3+,Graduate,No,6637,381,,240.0,1.0,Urban,N
LP003262,Male,Yes,0,Not Graduate,No,10561,650,169.0,,1.0,Urban,Y
LP003263,Male,Yes,,Graduate,No,33370,1703,286.0,480.0,1.0,Semiurban,Y
LP003264,Male,No,0,Graduate,Yes,8431,1243,145.0,360.0,0.0,Semiurban,N
LP003265,Female,Yes,2,Graduate,Yes,25539,245,185.0,180.0,1.0,Urban,Y
LP003266,Male,No,0,Graduate,No,4642,5521,140.0,360.0,1.0,Rural,Y
LP003267,Male,,0,Graduate,No,1033,449,167.0,480.0,1.0,Semiurban,Y
LP003268,Male,No,0,Not Graduate,No,12009,1861,148.0,300.0,1.0,Urban,N
LP003269,Female,,1,Graduate,Yes,8200,351,128.0,360.0,1.0,Semiurban,N
LP003270,Female,No,,Graduate,No,6598,21554,139.0,240.0,1.0,Rural,Y
LP003271,Male,Yes,1,Graduate,No,6008,5377,212.0,360.0,1.0,Semiurban,N
LP003272,Male,Yes,,Graduate,No,7585,432,164.0,360.0,1.0,Rural,N
LP003273,Female,Yes,1,Graduate,No,6063,1219,90.0,300.0,1.0,Urban,N
LP003274,Male,Yes,2,Not Graduate,No,6519,318,128.0,300.0,1.0,Urban,Y
LP003275,Female,No,0,Not Graduate,No,4504,715,105.0,120.0,1.0,Rural,N
LP003276,Female,Yes,0,Graduate,No,2432,1821,196.0,300.0,1.0,Urban,Y
LP003277,Female,Yes,0,Not Graduate,No,2281,3023,112.0,360.0,1.0,Semiurban,N
LP003278,Male,Yes,2,Graduate,No,95690,248,193.0,120.0,0.0,Urban,Y
LP003279,Male,Yes,,Not Graduate,No,12700,446,198.0,240.0,1.0,Semiurban,Y
LP003280,Female,No,1,Graduate,No,45235,3395,157.0,360.0,1.0,Urban,Y
LP003281,Male,No,0,Graduate,No,11590,5370,177.0,360.0,1.0,Urban,Y
LP003282,Male,Yes,0,Not Graduate,No,11903,433,124.0,480.0,1.0,Semiurban,N
LP003283,Female,Yes,3+,Graduate,No,17074,3457,192.0,300.0,1.0,Rural,Y
LP003284,Female,Yes,0,Not Graduate,No,22293,248,88.0,180.0,1.0,Rural,Y
LP003285,Male,Yes,,Graduate,,4927,767,126.0,360.0,0.0,Urban,N
LP003286,Male,No,1,Not Graduate,No,9859,277,134.0,180.0,0.0,Urban,N
LP003287,Male,No,0,Graduate,No,17048,673,,180.0,1.0,Semiurban,Y
LP003288,Female,Yes,1,Graduate,No,2844,10841,235.0,,1.0,Urban,N
LP003289,Female,Yes,3+,Graduate,No,37717,1026,127.0,300.0,1.0,Urban,Y
LP003290,Male,Yes,1,Graduate,Yes,31263,781,145.0,240.0,1.0,Urban,Y
LP003291,Male,Yes,2,Not Graduate,No,2486,556,90.0,300.0,1.0,Rural,Y
LP003292,Female,Yes,0,Graduate,No,6613,765,,,1.0,Rural,Y
LP003293,Male,Yes,1,Not Graduate,Yes,14528,415,205.0,360.0,0.0,Semiurban,N
LP003294,Male,Yes,2,Graduate,,26198,1292,,300.0,0.0,Rural,N
LP003295,Female,Yes,3+,Not Graduate,No,45292,1054,150.0,300.0,1.0,Semiurban,Y
LP003296,Male,Yes,1,Graduate,No,8023,633,185.0,360.0,1.0,Semiurban,N
LP003297,Female,No,1,Graduate,No,86728,570,,120.0,1.0,Urban,Y
LP003298,Male,No,0,Graduate,No,12848,1365,140.0,360.0,1.0,Rural,Y
LP003299,Male,Yes,0,Not Graduate,Yes,11166,457,193.0,360.0,,Semiurban,Y
LP003300,Female,Yes,0,Graduate,,20939,822,109.0,180.0,0.0,Urban,Y
LP003301,Male,Yes,,Graduate,No,17130,638,111.0,300.0,1.0,Semiurban,Y
LP003302,Female,Yes,0,Graduate,No,16381,77,57.0,180.0,0.0,Rural,Y
LP003303,Male,Yes,0,Graduate,,65968,3078,166.0,480.0,,Rural,Y
LP003304,Male,No,3+,Not Graduate,No,16283,121,161.0,360.0,1.0,Rural,N
LP003305,Male,Yes,1,Graduate,No,6078,131,121.0,120.0,0.0,Semiurban,N
LP003306,Male,Yes,1,Graduate,Yes,6823,3211,105.0,480.0,1.0,Rural,Y
LP003307,Male,Yes,3+,Not Graduate,,43395,289,147.0,180.0,0.0,Urban,Y
LP003308,Male,No,0,Graduate,Yes,23087,90,154.0,180.0,1.0,Semiurban,Y
LP003309,Male,No,1,Not Graduate,No,3846,5458,90.0,120.0,1.0,Urban,N
LP003310,Male,Yes,1,Graduate,No,3698,509,52.0,,1.0,Urban,Y
LP003311,Female,Yes,,Not Graduate,No,13630,4711,63.0,480.0,1.0,Semiurban,Y
LP003312,Female,Yes,2,Graduate,Yes,21876,365,77.0,180.0,1.0,Urban,Y
LP003313,Female,Yes,,Graduate,Yes,7766,152,89.0,480.0,1.0,Semiurban,Y
LP003314,Male,Yes,0,Graduate,No,3483,745,145.0,300.0,1.0,Rural,N
LP003315,,Yes,0,Graduate,No,5430,257,154.0,360.0,1.0,Semiurban,N
LP003316,Female,,3+,Graduate,No,49841,1781,141.0,480.0,0.0,Semiurban,N
LP003317,,Yes,1,Graduate,No,19882,2468,167.0,120.0,0.0,Semiurban,Y
LP003318,Male,Yes,1,Graduate,,29734,3346,170.0,360.0,1.0,Rural,Y
LP003319,Female,No,1,Graduate,No,33927,754,166.0,360.0,1.0,Urban,Y
LP003320,Female,Yes,0,Not Graduate,No,8096,5746,154.0,300.0,1.0,Urban,N
LP003321,Male,Yes,1,Graduate,No,9912,360,97.0,180.0,0.0,Rural,N
LP003322,Male,Yes,1,Graduate,Yes,11679,1288,83.0,360.0,1.0,Rural,Y
LP003323,Female,Yes,0,Graduate,,18645,928,121.0,120.0,1.0,Semiurban,Y
LP003324,Male,Yes,1,Graduate,Yes,31939,11697,206.0,480.0,1.0,Urban,Y
LP003325,Female,,0,Graduate,No,59629,4672,267.0,300.0,1.0,Rural,Y
LP003326,Female,Yes,0,Not Graduate,Yes,25628,1139,177.0,480.0,1.0,Semiurban,Y
LP003327,,Yes,2,Not Graduate,No,25777,1391,167.0,360.0,1.0,Semiurban,Y
LP003328,Male,Yes,1,Graduate,No,62399,6923,203.0,120.0,1.0,Rural,Y
LP003329,Male,Yes,1,Graduate,No,11338,445,225.0,,1.0,Urban,Y
LP003330,Female,No,1,Graduate,No,34585,95,103.0,360.0,1.0,Urban,Y
LP003331,Female,Yes,0,Graduate,No,21218,343,295.0,300.0,0.0,Semiurban,Y
LP003332,Female,Yes,1,Graduate,No,21850,666,229.0,300.0,,Urban,Y
LP003333,Male,Yes,2,Not Graduate,No,11252,5613,81.0,360.0,1.0,Rural,Y
LP003334,Male,No,1,Graduate,No,4379,3800,100.0,360.0,0.0,Rural,N
LP003335,Female,Yes,3+,Not Graduate,No,17603,1040,290.0,360.0,0.0,Urban,Y
LP003336,Female,No,3+,Graduate,No,17663,1919,201.0,300.0,1.0,Urban,Y
LP003337,Female,No,1,Graduate,No,8430,468,120.0,180.0,1.0,Urban,Y
LP003338,,Yes,2,Not Graduate,No,12364,13443,153.0,480.0,1.0,Rural,Y
LP003339,Male,Yes,1,Graduate,Yes,6597,4701,187.0,300.0,1.0,Urban,N
LP003340,Female,Yes,1,Graduate,No,6642,1169,194.0,360.0,1.0,Urban,Y
LP003341,Female,No,0,Graduate,Yes,9092,1003,218.0,300.0,0.0,Semiurban,N
LP003342,Male,Yes,1,Graduate,,4615,2544,162.0,300.0,1.0,Semiurban,Y
LP003343,Female,Yes,3+,Graduate,No,8376,1023,164.0,300.0,1.0,Urban,Y
LP003344,Male,Yes,2,Graduate,No,23646,123,131.0,180.0,1.0,Semiurban,Y
LP003345,Male,Yes,2,Graduate,Yes,42825,6904,103.0,300.0,1.0,Rural,Y
LP003346,Female,Yes,0,Not Graduate,No,70287,4457,101.0,480.0,,Semiurban,Y
LP003347,Male,Yes,0,Graduate,No,9700,1713,142.0,180.0,1.0,Urban,Y
LP003348,Male,Yes,0,Graduate,Yes,34894,662,167.0,360.0,1.0,Semiurban,Y
LP003349,Male,Yes,0,Graduate,No,17482,1109,77.0,480.0,1.0,Rural,Y
LP003350,Male,Yes,1,Graduate,No,11049,45,252.0,120.0,1.0,Urban,Y
LP003351,Male,No,0,Graduate,No,18430,290,115.0,180.0,1.0,Semiurban,Y
LP003352,Male,Yes,1,Graduate,No,32263,9140,107.0,480.0,1.0,Urban,Y
LP003353,Female,No,1,Graduate,No,8967,2040,148.0,360.0,1.0,Semiurban,Y
LP003354,Male,Yes,0,Graduate,,8803,105,31.0,360.0,1.0,Urban,Y
LP003355,Male,Yes,0,Not Graduate,No,9625,406,168.0,360.0,,Rural,N
LP003356,Male,No,2,Not Graduate,No,8091,108,100.0,480.0,1.0,Urban,Y
LP003357,Female,Yes,0,Graduate,No,34860,429,53.0,120.0,1.0,Urban,Y
LP003358,Male,No,0,Graduate,Yes,7251,899,,240.0,1.0,Semiurban,Y
LP003359,Female,No,2,Graduate,No,8349,7494,,300.0,1.0,Urban,Y
LP003360,Female,Yes,3+,Graduate,No,17136,2813,247.0,180.0,,Rural,Y
LP003361,Female,Yes,2,Graduate,No,16062,763,,300.0,1.0,Urban,Y
LP003362,Male,Yes,0,Not Graduate,No,9625,809,158.0,300.0,1.0,Rural,N
LP003363,Female,Yes,0,Graduate,No,51374,419,152.0,480.0,1.0,Rural,Y
LP003364,Male,Yes,,Not Graduate,No,8066,4057,,300.0,1.0,Urban,N
LP003365,Female,Yes,,Graduate,No,11650,4681,153.0,480.0,1.0,Rural,N
LP003366,Female,,1,Graduate,No,2860,220,,360.0,1.0,Urban,Y
LP003367,Male,Yes,0,Graduate,No,10467,139,142.0,360.0,1.0,Semiurban,Y
LP003368,Male,No,0,Graduate,No,4636,748,108.0,300.0,1.0,Urban,N
LP003369,Male,No,0,Graduate,No,6418,866,178.0,300.0,1.0,Urban,Y
LP003370,Female,Yes,,Graduate,No,2794,1495,101.0,120.0,0.0,Urban,Y
LP003371,Male,No,0,Graduate,No,6541,146,185.0,300.0,1.0,Urban,Y
LP003372,Male,Yes,3+,Not Graduate,Yes,12581,464,169.0,,1.0,Rural,N
LP003373,Male,Yes,0,Not Graduate,No,10989,993,220.0,360.0,1.0,Rural,N
LP003374,Female,Yes,2,Graduate,No,9587,430,126.0,360.0,1.0,Urban,Y
LP003375,Female,Yes,0,Graduate,No,10301,3070,216.0,240.0,1.0,Semiurban,Y
LP003376,Female,Yes,1,Not Graduate,Yes,8919,10324,160.0,240.0,1.0,Semiurban,Y
LP003377,Female,No,0,Not Graduate,No,12994,574,146.0,360.0,0.0,Rural,Y
LP003378,Male,No,2,Graduate,Yes,12232,3187,107.0,360.0,1.0,Urban,Y
LP003379,Male,Yes,1,Not Graduate,No,16646,714,169.0,240.0,0.0,Semiurban,N
LP003380,Female,No,0,Graduate,Yes,11375,359,126.0,360.0,1.0,Urban,Y
LP003381,Male,Yes,2,Graduate,Yes,9443,466,148.0,300.0,1.0,Semiurban,N
LP003382,Male,Yes,1,Graduate,No,24898,2758,188.0,,1.0,Semiurban,Y
LP003383,Male,No,3+,Graduate,No,21640,507,148.0,300.0,1.0,Semiurban,Y
LP003384,Male,Yes,3+,Not Graduate,Yes,13017,642,165.0,240.0,1.0,Semiurban,N
LP003385,Male,Yes,3+,Graduate,No,34755,277,225.0,,1.0,Urban,Y
LP003386,Female,Yes,0,Graduate,No,14272,2346,178.0,360.0,1.0,Urban,Y
LP003387,Male,Yes,0,Not Graduate,No,11743,1900,116.0,360.0,0.0,Urban,Y
LP003388,Male,Yes,3+,Not Graduate,No,12646,6285,129.0,300.0,0.0,Semiurban,Y
LP003389,Male,Yes,1,Graduate,No,15246,2242,157.0,240.0,1.0,Rural,Y
LP003390,Female,Yes,0,Graduate,No,6414,1799,256.0,240.0,1.0,Semiurban,Y
LP003391,Male,Yes,2,Graduate,No,2984,2208,83.0,300.0,1.0,Urban,Y
LP003392,Female,Yes,0,Graduate,Yes,16733,806,159.0,120.0,1.0,Urban,Y
LP003393,Female,Yes,2,Graduate,No,26035,1251,218.0,180.0,1.0,Semiurban,Y
LP003394,Male,No,2,Graduate,No,5998,3352,180.0,480.0,1.0,Semiurban,Y
LP003395,Female,Yes,2,Graduate,No,31522,409,143.0,360.0,1.0,Semiurban,Y
LP003396,Female,Yes,,Not Graduate,No,3578,8450,64.0,360.0,0.0,Urban,Y
LP003397,Female,Yes,1,Not Graduate,No,8543,2358,225.0,300.0,0.0,Semiurban,N
LP003398,Female,Yes,1,Graduate,No,52303,12399,126.0,300.0,0.0,Semiurban,Y
LP003399,Male,Yes,1,Graduate,No,17760,267,102.0,180.0,1.0,Urban,Y
LP003400,Male,Yes,0,Not Graduate,No,10488,267,162.0,360.0,1.0,Semiurban,N
LP003401,Male,No,,Graduate,No,16347,1713,221.0,360.0,1.0,Rural,Y
LP003402,Male,Yes,1,Graduate,Yes,34789,1271,170.0,240.0,1.0,Rural,Y
LP003403,,Yes,1,Graduate,No,4204,633,131.0,300.0,1.0,Rural,N
LP003404,Male,Yes,2,Graduate,No,38341,239,162.0,480.0,1.0,Rural,Y
LP003405,Female,Yes,1,Graduate,No,9026,795,155.0,360.0,1.0,Urban,Y
LP003406,Female,Yes,0,Graduate,No,23545,1423,126.0,360.0,1.0,Rural,Y
LP003407,Female,Yes,1,Graduate,No,8173,228,153.0,,0.0,Semiurban,N
LP003408,Female,No,2,Not Graduate,No,51378,670,,240.0,1.0,Rural,Y
LP003409,Male,Yes,0,Not Graduate,No,13030,1735,100.0,300.0,1.0,Urban,Y
LP003410,Male,No,1,Not Graduate,No,4614,2822,177.0,300.0,1.0,Urban,Y
LP003411,Male,Yes,0,Not Graduate,Yes,19458,777,130.0,180.0,1.0,Semiurban,Y
LP003412,Male,Yes,0,Graduate,No,37834,419,148.0,240.0,1.0,Urban,Y
LP003413,Male,,3+,Graduate,No,34565,1259,111.0,300.0,0.0,Semiurban,Y
LP003414,Male,Yes,3+,Graduate,No,14397,855,121.0,120.0,1.0,Rural,Y
LP003415,Female,No,1,Graduate,No,25582,189,125.0,300.0,1.0,Rural,Y
LP003416,Male,Yes,2,Graduate,No,9535,638,120.0,300.0,1.0,Urban,Y
LP003417,Male,Yes,2,Graduate,No,21436,540,129.0,120.0,0.0,Urban,Y
LP003418,Female,No,3+,Not Graduate,No,17858,1127,159.0,360.0,1.0,Rural,Y
LP003419,Male,No,1,Graduate,No,1317,454,,180.0,1.0,Urban,Y
LP003420,Male,No,1,Graduate,No,6000,567,188.0,360.0,1.0,Semiurban,N
LP003421,Female,No,,Graduate,No,15776,881,133.0,480.0,1.0,Rural,Y
LP003422,Female,Yes,0,Graduate,No,15244,2359,118.0,180.0,1.0,Semiurban,Y
LP003423,Female,No,1,Not Graduate,No,13052,1225,61.0,240.0,1.0,Rural,Y
LP003424,Male,Yes,2,Graduate,No,14349,26846,116.0,180.0,1.0,Rural,Y
LP003425,Female,No,2,Graduate,No,35106,240,95.0,300.0,1.0,Rural,Y
LP003426,Female,No,2,Not Graduate,No,17735,3274,,360.0,1.0,Semiurban,N
LP003427,Male,Yes,0,Graduate,No,2067,998,233.0,480.0,1.0,Semiurban,N
LP003428,Female,No,1,Graduate,No,63460,205,130.0,360.0,1.0,Rural,Y
LP003429,Female,Yes,0,Graduate,No,2906,696,77.0,360.0,1.0,Urban,N
LP003430,Male,Yes,0,Graduate,No,28753,178,140.0,360.0,1.0,Semiurban,Y
LP003431,Male,Yes,3+,Graduate,No,3822,1210,127.0,180.0,1.0,Semiurban,Y
LP003432,Female,,1,Not Graduate,No,41720,760,213.0,240.0,1.0,Urban,Y
LP003433,Female,Yes,2,Not Graduate,No,10695,481,55.0,300.0,1.0,Semiurban,N
LP003434,Male,Yes,0,Graduate,No,18168,307,100.0,180.0,1.0,Urban,Y
LP003435,Female,Yes,1,Graduate,No,2727,3714,188.0,360.0,0.0,Semiurban,N
LP003436,Male,No,1,Not Graduate,No,23948,905,71.0,240.0,1.0,Urban,Y
LP003437,Male,Yes,0,Graduate,No,18639,1410,178.0,180.0,1.0,Rural,Y
LP003438,Male,No,0,Not Graduate,No,21891,1355,116.0,180.0,1.0,Urban,Y
LP003439,Female,No,,Graduate,No,28558,1248,201.0,480.0,1.0,Rural,Y
LP003440,Female,Yes,1,Graduate,No,15410,741,147.0,480.0,1.0,Rural,Y
LP003441,Male,Yes,3+,Graduate,No,11287,6775,142.0,480.0,1.0,Urban,Y
LP003442,Male,No,,Graduate,Yes,6983,16051,179.0,480.0,0.0,Semiurban,N
LP003443,Male,No,3+,Graduate,No,9372,6232,150.0,360.0,0.0,Semiurban,N
LP003444,Female,No,2,Not Graduate,No,35073,1125,88.0,240.0,1.0,Rural,Y
LP003445,Female,Yes,2,Graduate,No,6834,1035,123.0,300.0,1.0,Semiurban,Y
LP003446,Female,No,1,Not Graduate,No,3058,4069,68.0,300.0,1.0,Semiurban,Y
LP003447,Female,Yes,1,Graduate,Yes,6063,441,106.0,,1.0,Semiurban,N
LP003448,Female,Yes,1,Graduate,No,21694,8538,,480.0,1.0,Semiurban,Y
LP003449,Male,No,2,Not Graduate,No,10485,2834,266.0,300.0,1.0,Semiurban,Y
LP003450,Male,Yes,0,Not Graduate,No,21668,783,148.0,300.0,1.0,Urban,Y
LP003451,Male,No,0,Not Graduate,No,2696,1538,176.0,240.0,1.0,Urban,Y
LP003452,Female,Yes,3+,Not Graduate,No,1229,2326,108.0,240.0,1.0,Urban,N
LP003453,Female,No,0,Graduate,No,16502,656,176.0,120.0,1.0,Semiurban,Y
LP003454,Male,Yes,3+,Not Graduate,No,29844,3794,188.0,240.0,1.0,Urban,Y
LP003455,Female,Yes,2,Graduate,No,3398,5051,196.0,240.0,1.0,Urban,N
LP003456,Male,No,0,Graduate,No,20349,800,145.0,360.0,1.0,Rural,Y
LP003457,Male,Yes,1,Graduate,Yes,34620,619,200.0,360.0,1.0,Semiurban,Y
LP003458,Female,Yes,2,Not Graduate,No,13312,966,,300.0,1.0,Urban,N
LP003459,Female,No,,Graduate,No,27470,273,168.0,360.0,1.0,Rural,Y
LP003460,Female,Yes,2,Graduate,,15557,148,152.0,360.0,1.0,Semiurban,N
LP003461,Male,No,2,Graduate,Yes,10825,652,91.0,360.0,1.0,Urban,Y
LP003462,Male,Yes,0,Graduate,No,25766,346,58.0,180.0,1.0,Semiurban,Y
LP003463,Female,Yes,,Not Graduate,No,61712,9180,135.0,240.0,1.0,Rural,Y
LP003464,Male,No,0,Graduate,No,8550,634,135.0,240.0,1.0,Urban,Y
LP003465,Male,Yes,,Graduate,No,12454,1894,136.0,300.0,1.0,Semiurban,N
LP003466,Female,Yes,0,Graduate,No,6047,516,202.0,120.0,1.0,Rural,Y
LP003467,Male,Yes,2,Graduate,No,15126,9308,218.0,360.0,1.0,Urban,Y
LP003468,Female,No,0,Graduate,Yes,11788,868,182.0,300.0,1.0,Rural,Y
LP003469,Female,Yes,2,Graduate,No,33750,246,179.0,360.0,1.0,Rural,Y
LP003470,Male,Yes,0,Graduate,Yes,41597,2451,146.0,360.0,0.0,Semiurban,Y
LP003471,Male,Yes,1,Graduate,Yes,25094,1497,158.0,480.0,1.0,Rural,Y
LP003472,Female,Yes,1,Not Graduate,No,30866,4645,171.0,360.0,1.0,Semiurban,Y
LP003473,Female,Yes,2,Not Graduate,No,7601,911,157.0,360.0,1.0,Urban,Y
LP003474,Female,Yes,1,Graduate,No,6223,1248,179.0,480.0,1.0,Urban,Y
LP003475,Female,Yes,0,Graduate,No,18948,179,152.0,300.0,,Rural,N
LP003476,Female,Yes,2,Not Graduate,No,13575,2988,125.0,360.0,1.0,Semiurban,Y
LP003477,Female,,0,Graduate,No,66128,1182,163.0,480.0,1.0,Semiurban,Y
LP003478,Male,Yes,0,Graduate,No,2871,944,138.0,360.0,1.0,Semiurban,Y
LP003479,Male,,1,Graduate,No,21931,832,222.0,180.0,1.0,Semiurban,Y
LP003480,Male,No,2,Not Graduate,No,21643,781,128.0,360.0,1.0,Urban,Y
LP003481,Male,,0,Graduate,No,7262,3037,292.0,480.0,1.0,Urban,Y
LP003482,Male,Yes,1,Graduate,No,6160,361,231.0,360.0,1.0,Rural,N
LP003483,Male,Yes,1,Graduate,No,10184,2676,93.0,360.0,1.0,Urban,Y
LP003484,Female,Yes,3+,Graduate,No,3593,159,212.0,180.0,1.0,Semiurban,Y
LP003485,Male,No,0,Graduate,No,42867,109,143.0,360.0,1.0,Urban,Y
LP003486,Male,No,0,Graduate,No,115911,5960,178.0,120.0,1.0,Semiurban,Y
LP003487,Male,Yes,1,Not Graduate,No,10167,321,228.0,480.0,1.0,Semiurban,Y
LP003488,Male,Yes,0,Graduate,No,8010,1245,111.0,480.0,1.0,Semiurban,Y
LP003489,Male,Yes,2,Graduate,No,4681,795,126.0,480.0,1.0,Urban,Y
LP003490,Male,Yes,1,Graduate,No,5558,1657,187.0,,1.0,Semiurban,N
LP003491,Male,No,2,Graduate,No,8336,1166,131.0,360.0,1.0,Urban,N
LP003492,Female,Yes,2,Not Graduate,No,35137,3833,38.0,360.0,1.0,Urban,Y
LP003493,Female,Yes,3+,Graduate,No,171854,197,198.0,360.0,0.0,Urban,Y
LP003494,Female,Yes,1,Graduate,No,7493,2453,168.0,,1.0,Rural,Y
LP003495,Female,No,3+,Graduate,No,6492,1031,148.0,,1.0,Semiurban,N
LP003496,Male,Yes,0,Graduate,Yes,5248,174,,360.0,1.0,Semiurban,Y
LP003497,Female,No,2,Not Graduate,Yes,19160,580,261.0,,1.0,Semiurban,Y
LP003498,Female,Yes,1,Graduate,No,17595,160,200.0,360.0,1.0,Rural,Y
LP003499,Male,Yes,2,Graduate,No,14483,147,106.0,360.0,0.0,Urban,Y
LP003500,Female,No,1,Graduate,Yes,9363,649,156.0,360.0,1.0,Urban,N
LP003501,Male,,2,Not Graduate,No,39630,4553,209.0,360.0,1.0,Semiurban,Y
LP003502,Female,,3+,Graduate,Yes,24622,1595,208.0,360.0,1.0,Urban,Y
LP003503,Female,Yes,2,Graduate,No,23782,5214,74.0,480.0,1.0,Semiurban,Y
LP003504,Male,Yes,2,Graduate,No,17965,1201,124.0,360.0,1.0,Semiurban,Y
LP003505,Female,Yes,0,Not Graduate,No,11481,7042,93.0,180.0,1.0,Semiurban,Y
LP003506,Female,No,0,Graduate,No,7539,6222,181.0,360.0,1.0,Semiurban,N
LP003507,Female,Yes,3+,Graduate,Yes,20250,350,104.0,360.0,1.0,Urban,Y
LP003508,Male,No,1,Graduate,No,18742,1194,227.0,240.0,1.0,Semiurban,Y
LP003509,Female,Yes,1,Graduate,No,21031,460,214.0,300.0,1.0,Semiurban,Y
LP003510,Male,Yes,0,Graduate,No,3821,921,137.0,480.0,1.0,Rural,Y
LP003511,Male,Yes,0,Graduate,No,17525,8021,86.0,240.0,1.0,Urban,Y
LP003512,Male,No,0,Graduate,,10436,507,110.0,300.0,1.0,Urban,N
LP003513,Female,No,1,Graduate,No,6615,264,172.0,480.0,1.0,Urban,Y
LP003514,Female,No,0,Graduate,No,23926,286,192.0,180.0,,Urban,N
LP003515,,Yes,0,Graduate,Yes,15395,682,148.0,360.0,0.0,Rural,N
LP003516,Female,Yes,1,Graduate,No,87842,98169,21.0,300.0,1.0,Urban,Y
LP003517,Male,Yes,1,Not Graduate,No,19684,6421,184.0,300.0,1.0,Urban,Y
LP003518,Male,,0,Graduate,No,10532,34,48.0,360.0,1.0,Rural,Y
LP003519,,Yes,1,Graduate,No,12251,1050,44.0,360.0,1.0,Semiurban,N
LP003520,Male,Yes,3+,Not Graduate,No,5231,515,,480.0,1.0,Semiurban,N
LP003521,Male,,1,Graduate,Yes,35763,3581,90.0,120.0,1.0,Urban,Y
LP003522,Male,Yes,2,Graduate,No,17188,266,162.0,360.0,1.0,Semiurban,Y
LP003523,Male,Yes,3+,Graduate,No,17425,316,154.0,360.0,1.0,Rural,Y
LP003524,Male,No,0,Graduate,No,5702,552,109.0,360.0,1.0,Semiurban,Y
LP003525,Male,Yes,0,Graduate,No,24914,478,,480.0,1.0,Urban,Y
LP003526,Male,No,1,Graduate,No,6321,2396,122.0,300.0,1.0,Urban,Y
LP003527,Female,No,1,Graduate,No,8577,734,,360.0,1.0,Urban,N
LP003528,Female,Yes,1,Not Graduate,No,14769,3655,130.0,360.0,1.0,Rural,Y
LP003529,Female,,0,Graduate,No,8393,414,124.0,120.0,0.0,Semiurban,Y
LP003530,Male,Yes,1,Graduate,Yes,7087,3099,117.0,360.0,1.0,Urban,N
LP003531,Male,No,0,Not Graduate,No,12834,273,105.0,240.0,1.0,Rural,Y
LP003532,Female,Yes,3+,Graduate,No,29971,2293,192.0,360.0,1.0,Urban,Y
LP003533,Male,Yes,0,Not Graduate,No,27338,601,127.0,360.0,1.0,Semiurban,N
LP003534,Male,Yes,3+,Graduate,Yes,23527,3196,93.0,360.0,1.0,Rural,Y
LP003535,Male,Yes,0,Graduate,No,19712,58,129.0,360.0,1.0,Rural,Y
LP003536,Male,Yes,0,Not Graduate,No,9132,428,123.0,360.0,1.0,Rural,Y
LP003537,Male,Yes,0,Graduate,No,32751,4455,130.0,360.0,1.0,Rural,Y
LP003538,Male,No,3+,Graduate,No,3331,860,185.0,300.0,1.0,Urban,Y
LP003539,Female,No,0,Graduate,Yes,18902,142,118.0,300.0,1.0,Urban,Y
LP003540,Male,Yes,1,Graduate,No,26187,469,131.0,360.0,0.0,Rural,Y
LP003541,Male,Yes,2,Graduate,No,12428,1737,182.0,360.0,0.0,Urban,N
LP003542,Female,,1,Graduate,No,7496,414,172.0,300.0,0.0,Rural,N
LP003543,Male,Yes,0,Graduate,No,12969,4417,115.0,120.0,1.0,Urban,Y
LP003544,,No,3+,Graduate,Yes,7287,4032,198.0,360.0,1.0,Semiurban,Y
LP003545,Female,Yes,2,Graduate,No,20159,2443,195.0,360.0,1.0,Urban,Y
LP003546,Male,Yes,1,Graduate,Yes,28469,3778,191.0,300.0,1.0,Rural,Y
LP003547,Male,Yes,1,Graduate,Yes,19098,590,165.0,300.0,1.0,Semiurban,Y
LP003548,Male,Yes,3+,Graduate,No,18209,6532,141.0,,1.0,Urban,Y
LP003549,Male,,3+,Graduate,,24544,3986,96.0,300.0,0.0,Rural,N
LP003550,Male,Yes,1,Not Graduate,No,26922,939,80.0,360.0,0.0,Semiurban,N
LP003551,Female,Yes,2,Graduate,No,7167,155,145.0,360.0,1.0,Rural,Y
LP003552,Male,Yes,0,Graduate,No,3903,64,150.0,360.0,0.0,Semiurban,N
LP003553,Male,No,0,Graduate,Yes,16685,3596,136.0,360.0,1.0,Rural,Y
LP003554,Male,Yes,0,Graduate,No,27987,158,144.0,240.0,1.0,Urban,Y
LP003555,Male,No,0,Graduate,Yes,3771,363,218.0,360.0,1.0,Rural,N
LP003556,Female,Yes,1,Graduate,No,14116,1943,231.0,360.0,1.0,Semiurban,Y
LP003557,Male,Yes,1,Graduate,No,32947,230,94.0,360.0,1.0,Urban,Y
LP003558,Male,No,0,Graduate,No,12171,20357,164.0,360.0,1.0,Urban,Y
LP003559,Male,Yes,1,Not Graduate,No,45112,1458,152.0,300.0,1.0,Urban,Y
LP003560,Male,Yes,0,Graduate,No,38834,6462,183.0,360.0,,Urban,Y
LP003561,Male,Yes,3+,Graduate,No,11542,3831,236.0,300.0,1.0,Semiurban,N
LP003562,Female,,2,Not Graduate,Yes,9954,52,259.0,360.0,0.0,Semiurban,N
LP003563,Male,Yes,0,Graduate,,10102,2679,185.0,360.0,,Rural,N
LP003564,Male,Yes,3+,Graduate,No,14881,1075,152.0,240.0,1.0,Rural,Y
LP003565,Male,Yes,0,Graduate,No,5224,1017,131.0,180.0,1.0,Semiurban,N
LP003566,Female,,1,Graduate,No,4506,1063,274.0,360.0,1.0,Semiurban,N
LP003567,Male,Yes,3+,Not Graduate,No,2170,3888,111.0,360.0,1.0,Rural,Y
LP003568,Female,Yes,0,Graduate,Yes,13135,7898,191.0,,1.0,Urban,Y
LP003569,,No,1,Not Graduate,No,68261,262,136.0,,1.0,Urban,Y
LP003570,Female,No,0,Graduate,No,2717,1203,83.0,360.0,1.0,Semiurban,Y
LP003571,Male,Yes,0,Not Graduate,No,11529,5897,235.0,240.0,1.0,Urban,Y
LP003572,Male,Yes,1,Graduate,No,11255,855,62.0,360.0,1.0,Semiurban,Y
LP003573,Female,No,3+,Not Graduate,No,11829,1399,42.0,360.0,0.0,Semiurban,Y
LP003574,Female,Yes,1,Graduate,No,36513,1423,185.0,360.0,1.0,Rural,Y
LP003575,Female,Yes,3+,Graduate,No,6563,13873,134.0,480.0,1.0,Rural,Y
LP003576,Male,No,,Graduate,No,2815,2691,171.0,300.0,1.0,Semiurban,N
LP003577,,Yes,0,Graduate,No,8713,13157,149.0,360.0,0.0,Semiurban,Y
LP003578,Male,Yes,1,Graduate,No,7830,8886,180.0,300.0,1.0,Rural,Y
LP003579,Female,,1,Graduate,No,2242,835,135.0,180.0,0.0,Urban,N
LP003580,Male,Yes,1,Graduate,No,16258,1573,195.0,300.0,1.0,Rural,Y
LP003581,Male,Yes,0,Graduate,No,5172,12869,196.0,300.0,1.0,Semiurban,Y
LP003582,Female,Yes,3+,Graduate,No,12500,278,227.0,240.0,1.0,Urban,Y
LP003583,Male,Yes,2,Graduate,No,9993,2733,213.0,360.0,0.0,Semiurban,Y
LP003584,Female,No,1,Graduate,Yes,5657,2766,144.0,240.0,0.0,Rural,Y
LP003585,Male,Yes,1,Graduate,No,27241,787,184.0,360.0,1.0,Semiurban,Y
LP003586,Male,Yes,0,Graduate,No,10666,694,170.0,180.0,1.0,Urban,N
LP003587,Male,No,1,Graduate,Yes,13952,819,171.0,120.0,1.0,Semiurban,Y
LP003588,Female,Yes,3+,Not Graduate,Yes,21356,2547,83.0,480.0,,Rural,N
LP003589,Male,Yes,2,Graduate,No,16828,6422,187.0,180.0,1.0,Urban,Y
LP003590,Male,Yes,0,Graduate,No,15002,2661,180.0,360.0,1.0,Urban,Y
LP003591,Female,Yes,1,Graduate,Yes,6909,242,241.0,360.0,1.0,Urban,N
LP003592,Male,Yes,1,Graduate,No,5487,6681,208.0,300.0,,Urban,Y
LP003593,Male,No,0,Graduate,,15157,4589,157.0,120.0,0.0,Urban,Y
LP003594,Male,No,0,Graduate,No,6188,816,144.0,300.0,0.0,Rural,N
LP003595,Male,Yes,1,Graduate,No,25224,500,99.0,480.0,1.0,Semiurban,Y
LP003596,Female,Yes,1,Graduate,No,12044,368,240.0,480.0,1.0,Rural,Y
LP003597,Male,Yes,0,Graduate,No,22446,3980,96.0,,1.0,Urban,Y
LP003598,Male,Yes,0,Graduate,No,6071,114,56.0,360.0,1.0,Semiurban,Y
LP003599,Male,Yes,0,Graduate,No,5361,4099,194.0,300.0,1.0,Semiurban,N
LP003600,Female,No,0,Not Graduate,No,51179,638,154.0,,0.0,Semiurban,Y
LP003601,Male,Yes,,Not Graduate,No,11854,1543,163.0,360.0,1.0,Semiurban,Y
LP003602,Male,Yes,0,Not Graduate,No,27738,18,159.0,360.0,1.0,Semiurban,Y
LP003603,,Yes,0,Not Graduate,Yes,4317,130,97.0,360.0,1.0,Urban,Y
LP003604,Male,Yes,2,Graduate,Yes,10652,485,168.0,360.0,1.0,Semiurban,N
LP003605,Male,Yes,0,Graduate,Yes,37869,366,133.0,240.0,1.0,Urban,Y
LP003606,Male,Yes,1,Graduate,No,3821,2724,126.0,480.0,0.0,Urban,Y
LP003607,Female,Yes,3+,Graduate,No,82475,1577,221.0,480.0,1.0,Semiurban,Y
LP003608,Male,Yes,1,Not Graduate,Yes,15709,11168,189.0,480.0,1.0,Semiurban,N
LP003609,Female,,2,Graduate,No,6938,2030,34.0,240.0,1.0,Urban,Y
LP003610,,Yes,,Graduate,No,17704,502,160.0,360.0,1.0,Semiurban,Y
LP003611,Male,Yes,0,Graduate,No,32445,4760,203.0,360.0,1.0,Urban,Y
LP003612,Male,No,1,Graduate,No,6901,629,87.0,300.0,1.0,Rural,N
LP003613,Male,Yes,1,Graduate,No,7741,587,106.0,360.0,1.0,Urban,Y
LP003614,Female,Yes,0,Graduate,Yes,16306,1099,200.0,360.0,1.0,Rural,Y
LP003615,Male,Yes,1,Not Graduate,No,19349,7654,127.0,360.0,1.0,Urban,Y
LP003616,Male,No,3+,Graduate,Yes,11398,3870,51.0,120.0,1.0,Semiurban,Y
LP003617,Male,Yes,0,Graduate,No,18432,3728,209.0,480.0,1.0,Urban,Y
LP003618,Female,Yes,1,Graduate,No,26445,11528,141.0,360.0,1.0,Rural,Y
LP003619,Female,Yes,1,Graduate,Yes,15346,3624,168.0,,0.0,Urban,Y
LP003620,Male,,2,Graduate,No,7683,251,147.0,180.0,1.0,Urban,N
LP003621,Female,Yes,,Graduate,No,13137,2092,206.0,360.0,1.0,Urban,Y
LP003622,Male,Yes,2,Graduate,No,54447,7690,95.0,360.0,1.0,Rural,Y
LP003623,Male,No,0,Graduate,No,17438,177,183.0,180.0,0.0,Urban,N
LP003624,Female,Yes,0,Graduate,No,36032,1076,215.0,180.0,1.0,Rural,Y
LP003625,Male,Yes,0,Graduate,No,8853,304,82.0,360.0,1.0,Urban,Y
LP003626,Male,Yes,1,Not Graduate,No,16483,1279,113.0,,1.0,Urban,Y
LP003627,Male,Yes,2,Graduate,No,25221,4282,232.0,480.0,1.0,Rural,Y
LP003628,Female,Yes,3+,Graduate,,44276,5493,204.0,360.0,1.0,Semiurban,Y
LP003629,Female,No,1,Not Graduate,No,35670,879,109.0,240.0,1.0,Urban,Y
LP003630,Female,No,1,Graduate,No,5456,2425,89.0,480.0,1.0,Urban,N
LP003631,Female,Yes,1,Graduate,No,33573,180,164.0,240.0,1.0,Semiurban,Y
LP003632,Male,Yes,0,Graduate,No,51472,134,166.0,360.0,1.0,Rural,Y
LP003633,Male,Yes,1,Not Graduate,Yes,8434,4202,147.0,360.0,1.0,Semiurban,N
LP003634,Male,Yes,1,Not Graduate,No,6531,29,266.0,180.0,,Semiurban,N
LP003635,Male,Yes,3+,Graduate,No,13101,480,182.0,,1.0,Urban,N
LP003636,Male,No,0,Graduate,No,15422,2470,107.0,360.0,1.0,Semiurban,Y
LP003637,Female,No,3+,Graduate,No,10096,1429,202.0,180.0,0.0,Urban,Y
LP003638,Male,Yes,1,Not Graduate,No,5169,36,152.0,300.0,1.0,Semiurban,N
LP003639,Male,Yes,0,Graduate,No,43387,2060,116.0,360.0,1.0,Semiurban,Y
LP003640,Male,Yes,0,Not Graduate,No,6714,390,195.0,360.0,1.0,Semiurban,N
LP003641,Male,Yes,0,Graduate,No,8905,1267,223.0,240.0,0.0,Urban,Y
LP003642,Female,Yes,1,Graduate,No,14578,518,160.0,360.0,,Urban,Y
LP003643,Male,Yes,0,Graduate,Yes,4113,477,101.0,300.0,1.0,Rural,N
LP003644,Male,Yes,1,Graduate,No,3869,126,155.0,,1.0,Urban,Y
LP003645,Female,Yes,3+,Graduate,No,9458,712,102.0,300.0,1.0,Urban,N
LP003646,Male,Yes,1,Graduate,No,25861,4833,161.0,300.0,1.0,Rural,Y
LP003647,Male,No,2,Graduate,No,15528,660,,360.0,0.0,Semiurban,N
LP003648,Male,Yes,0,Graduate,No,2572,697,,240.0,1.0,Urban,Y
LP003649,Male,Yes,1,Not Graduate,,40602,470,185.0,120.0,1.0,Semiurban,Y
LP003650,Female,Yes,0,Graduate,No,25284,234,131.0,240.0,1.0,Rural,Y
LP003651,Female,Yes,2,Graduate,,15565,331,121.0,,1.0,Rural,Y
LP003652,Male,Yes,0,Graduate,No,15235,1430,,300.0,,Semiurban,Y
LP003653,Female,Yes,1,Graduate,Yes,22896,20975,96.0,,1.0,Urban,Y
LP003654,Male,Yes,1,Graduate,No,85909,3535,238.0,120.0,1.0,Rural,Y
LP003655,Male,Yes,1,Graduate,No,27022,2307,192.0,,,Rural,Y
LP003656,Male,No,2,Graduate,No,16931,11965,214.0,360.0,1.0,Rural,Y
LP003657,Male,Yes,0,Graduate,No,5005,1922,107.0,360.0,1.0,Urban,Y
LP003658,Male,Yes,0,Graduate,Yes,15239,3982,239.0,360.0,1.0,Urban,Y
LP003659,Female,Yes,2,Graduate,No,24801,1417,146.0,360.0,1.0,Urban,Y
LP003660,Female,Yes,1,Not Graduate,No,12183,1886,110.0,360.0,1.0,Urban,Y
LP003661,Male,No,1,Graduate,No,8793,202,96.0,240.0,1.0,Urban,N
LP003662,Male,Yes,0,Graduate,Yes,20804,755,97.0,360.0,1.0,Urban,Y
LP003663,Male,Yes,2,Not Graduate,No,6060,558,112.0,300.0,,Rural,N
LP003664,Male,Yes,3+,Not Graduate,No,26752,524,105.0,480.0,1.0,Rural,Y
LP003665,Male,Yes,1,Graduate,No,9429,488,195.0,360.0,0.0,Rural,N
LP003666,Male,No,2,Graduate,No,2445,6107,280.0,360.0,0.0,Urban,Y
LP003667,Female,Yes,1,Graduate,Yes,9285,704,137.0,360.0,1.0,Semiurban,Y
LP003668,Male,Yes,0,Graduate,Yes,12762,922,138.0,360.0,0.0,Urban,N
LP003669,Male,No,0,Graduate,No,20785,16608,57.0,120.0,,Semiurban,Y
LP003670,Male,No,1,Not Graduate,No,18951,2780,103.0,360.0,1.0,Urban,Y
LP003671,Male,Yes,1,Graduate,No,4758,1107,68.0,120.0,1.0,Urban,Y
LP003672,Male,Yes,2,Graduate,Yes,14730,3905,190.0,360.0,0.0,Urban,Y
LP003673,Female,Yes,1,Not Graduate,No,8714,491,246.0,360.0,1.0,Urban,N
LP003674,Male,Yes,3+,Graduate,No,10014,658,95.0,300.0,1.0,Urban,Y
LP003675,Female,No,1,Graduate,No,6011,710,139.0,180.0,1.0,Urban,N
LP003676,Male,Yes,1,Not Graduate,No,12826,1479,137.0,180.0,1.0,Urban,N
LP003677,Male,Yes,0,Not Graduate,No,163725,1919,184.0,360.0,1.0,Rural,Y
LP003678,Male,No,1,Graduate,No,58991,351,155.0,180.0,1.0,Rural,Y
LP003679,Female,Yes,2,Graduate,No,6009,1787,255.0,360.0,1.0,Rural,Y
LP003680,Male,Yes,0,Graduate,No,14083,2265,112.0,480.0,1.0,Semiurban,Y
LP003681,Female,No,,Graduate,No,10392,625,194.0,360.0,1.0,Urban,Y
LP003682,Male,No,3+,Graduate,No,14967,899,120.0,180.0,1.0,Semiurban,Y
LP003683,Female,No,1,Graduate,No,27807,280,69.0,360.0,1.0,Urban,Y
LP003684,Male,Yes,0,Not Graduate,No,12046,179,221.0,360.0,0.0,Semiurban,Y
LP003685,Female,No,0,Not Graduate,No,7556,276,243.0,480.0,1.0,Rural,N
LP003686,Male,Yes,0,Not Graduate,No,33697,2603,170.0,360.0,1.0,Urban,Y
LP003687,Female,Yes,0,Graduate,No,4977,2054,118.0,300.0,1.0,Rural,N
LP003688,Male,No,1,Graduate,No,15544,11081,93.0,,,Urban,Y
LP003689,Male,,0,Not Graduate,No,4068,1148,,360.0,0.0,Urban,N
LP003690,Male,No,2,Graduate,No,5878,1166,43.0,360.0,1.0,Semiurban,Y
LP003691,Female,Yes,0,Not Graduate,No,24241,1643,193.0,300.0,1.0,Rural,Y
LP003692,Male,Yes,0,Not Graduate,No,7758,304,129.0,180.0,1.0,Urban,Y
LP003693,Female,No,1,Not Graduate,No,2977,3242,128.0,360.0,1.0,Urban,N
LP003694,,Yes,3+,Graduate,No,7493,1734,96.0,360.0,,Semiurban,Y
LP003695,Male,Yes,1,Graduate,No,6878,351,78.0,120.0,,Semiurban,Y
LP003696,Male,Yes,1,Graduate,No,4866,1713,147.0,360.0,0.0,Urban,N
LP003697,Female,No,2,Graduate,Yes,20745,2724,159.0,180.0,1.0,Urban,Y
LP003698,Female,Yes,2,Graduate,No,3875,221,145.0,360.0,1.0,Urban,Y
LP003699,,Yes,2,Not Graduate,No,8346,3900,204.0,360.0,1.0,Semiurban,Y
LP003700,Male,Yes,0,Graduate,No,14864,638,152.0,180.0,1.0,Semiurban,N
LP003701,Female,No,2,Not Graduate,,10155,27,185.0,360.0,1.0,Rural,Y
LP003702,Female,No,0,Graduate,No,9668,3520,76.0,360.0,0.0,Semiurban,N
LP003703,,,3+,Graduate,No,7493,5493,127.0,360.0,1.0,Urban,Y
LP003704,Female,Yes,0,Not Graduate,No,5039,284,224.0,180.0,1.0,Urban,N
LP003705,Female,Yes,3+,Graduate,Yes,8027,147,198.0,180.0,1.0,Semiurban,Y
LP003706,Female,Yes,3+,Graduate,No,22607,5396,166.0,360.0,0.0,Urban,Y
LP003707,Female,Yes,0,Graduate,Yes,9440,522,131.0,240.0,1.0,Rural,Y
LP003708,Male,Yes,3+,Not Graduate,No,15268,5507,103.0,360.0,1.0,Semiurban,Y
LP003709,Male,No,0,Not Graduate,No,32653,127,123.0,360.0,1.0,Semiurban,Y
LP003710,,No,0,Not Graduate,No,21586,5920,181.0,360.0,1.0,Semiurban,Y
LP003711,Male,Yes,1,Not Graduate,,4812,3975,50.0,300.0,1.0,Semiurban,Y
LP003712,Female,Yes,,Graduate,No,19117,2097,239.0,120.0,1.0,Urban,Y
LP003713,Female,No,1,Graduate,No,30888,98,211.0,360.0,1.0,Semiurban,Y
LP003714,Female,,1,Graduate,No,8385,709,210.0,360.0,1.0,Semiurban,Y
LP003715,Female,Yes,1,Graduate,No,3757,3673,180.0,300.0,1.0,Urban,N
LP003716,Male,,3+,Graduate,No,9390,144,155.0,240.0,1.0,Semiurban,Y
LP003717,Male,Yes,2,Not Graduate,,15528,585,168.0,360.0,1.0,Semiurban,Y
LP003718,Male,No,0,Graduate,No,21459,1764,131.0,300.0,0.0,Urban,Y
LP003719,Male,Yes,0,Graduate,No,8807,272,,180.0,0.0,Rural,Y
LP003720,Male,Yes,0,Graduate,Yes,2621,5221,143.0,,1.0,Urban,N
LP003721,Male,Yes,1,Graduate,No,4812,4118,126.0,360.0,1.0,Rural,N
LP003722,Female,No,0,Graduate,Yes,17817,1466,136.0,300.0,1.0,Urban,Y
LP003723,Female,Yes,0,Graduate,No,65679,1846,113.0,240.0,1.0,Semiurban,Y
LP003724,Male,Yes,2,Graduate,No,13127,573,190.0,300.0,1.0,Semiurban,N
LP003725,Male,No,0,Graduate,No,38188,2225,124.0,180.0,1.0,Urban,Y
LP003726,Female,No,1,Not Graduate,No,5735,535,143.0,240.0,1.0,Rural,Y
LP003727,Male,No,0,Graduate,No,7957,865,216.0,480.0,,Urban,N
LP003728,Male,No,0,Graduate,Yes,2054,607,203.0,240.0,0.0,Semiurban,Y
LP003729,Male,Yes,0,Graduate,No,17956,6140,98.0,,1.0,Semiurban,Y
LP003730,Male,Yes,1,Graduate,No,6536,4667,209.0,180.0,1.0,Rural,Y
LP003731,Male,Yes,2,Graduate,No,21574,328,79.0,480.0,1.0,Semiurban,Y
LP003732,Female,Yes,,Graduate,No,8938,5459,74.0,480.0,,Urban,Y
LP003733,Male,No,0,Graduate,No,67336,420,133.0,180.0,1.0,Semiurban,Y
LP003734,Male,No,2,Not Graduate,No,56081,10131,164.0,360.0,1.0,Rural,Y
LP003735,Male,No,2,Graduate,No,2116,7223,138.0,180.0,,Rural,Y
LP003736,Male,Yes,,Graduate,No,21439,15234,171.0,300.0,1.0,Urban,Y
LP003737,Female,No,3+,Graduate,,7371,1558,131.0,360.0,1.0,Semiurban,Y
LP003738,Female,No,2,Graduate,Yes,22415,783,47.0,300.0,0.0,Urban,N
LP003739,,Yes,1,Graduate,Yes,4559,762,140.0,180.0,1.0,Urban,N
LP003740,Male,No,2,Not Graduate,Yes,42318,1720,,360.0,1.0,Rural,Y
LP003741,Female,Yes,1,Graduate,No,30471,324,150.0,360.0,1.0,Semiurban,Y
LP003742,Female,Yes,0,Not Graduate,No,4311,60,87.0,480.0,1.0,Urban,Y
LP003743,Female,Yes,0,Graduate,Yes,11555,678,175.0,300.0,1.0,Urban,Y
LP003744,Male,Yes,0,Graduate,No,15213,1151,217.0,300.0,1.0,Semiurban,Y
LP003745,Male,Yes,0,Not Graduate,No,23752,2135,63.0,300.0,1.0,Rural,Y
LP003746,Male,Yes,0,Graduate,No,13232,1766,47.0,180.0,0.0,Urban,Y
LP003747,Female,No,0,Graduate,No,25061,1298,134.0,180.0,0.0,Urban,N
LP003748,Male,Yes,2,Graduate,No,12624,4462,206.0,360.0,0.0,Urban,Y
LP003749,Male,No,3+,Graduate,No,21794,384,157.0,240.0,1.0,Semiurban,Y
LP003750,Female,Yes,1,Graduate,No,4472,489,128.0,300.0,1.0,Semiurban,N
LP003751,Female,Yes,2,Not Graduate,No,13084,13780,96.0,480.0,0.0,Urban,Y
LP003752,Female,Yes,0,Graduate,No,33526,24,186.0,,,Semiurban,N
LP003753,Male,Yes,3+,Graduate,No,41310,4199,226.0,360.0,0.0,Urban,N
LP003754,Female,Yes,,Not Graduate,Yes,15343,2156,56.0,360.0,1.0,Urban,Y
LP003755,Male,Yes,0,Graduate,No,12341,1094,164.0,480.0,0.0,Urban,Y
LP003756,Male,Yes,0,Graduate,Yes,39911,3214,277.0,360.0,1.0,Urban,Y
LP003757,Male,Yes,0,Not Graduate,No,12323,2597,119.0,180.0,1.0,Urban,Y
LP003758,Male,No,0,Graduate,No,33376,190,140.0,240.0,1.0,Semiurban,Y
LP003759,Male,Yes,0,Graduate,No,12267,340,148.0,120.0,1.0,Urban,Y
LP003760,Female,Yes,0,Not Graduate,No,13794,615,129.0,240.0,1.0,Rural,N
LP003761,Male,Yes,0,Graduate,No,5520,86,204.0,240.0,1.0,Semiurban,N
LP003762,Female,Yes,0,Graduate,Yes,4917,1085,240.0,180.0,1.0,Rural,Y
LP003763,Male,Yes,3+,Graduate,No,29216,2356,64.0,360.0,1.0,Urban,Y
LP003764,Male,No,0,Graduate,No,53011,4442,103.0,480.0,1.0,Rural,Y
LP003765,Male,No,0,Graduate,No,14538,1204,212.0,360.0,1.0,Rural,Y
LP003766,Male,Yes,1,Graduate,No,11696,446,180.0,240.0,1.0,Semiurban,Y
LP003767,Male,Yes,2,Graduate,Yes,30276,1434,171.0,360.0,1.0,Semiurban,Y
LP003768,Male,Yes,0,Graduate,No,17498,997,184.0,480.0,,Urban,Y
LP003769,Male,No,2,Graduate,Yes,1961,2813,154.0,360.0,0.0,Rural,N
LP003770,Male,Yes,0,Graduate,No,29582,1038,174.0,300.0,1.0,Semiurban,Y
LP003771,Male,,0,Graduate,No,4584,3188,133.0,240.0,1.0,Urban,N
LP003772,Female,No,0,Graduate,No,13235,801,138.0,360.0,1.0,Urban,Y
LP003773,Male,No,1,Graduate,No,9384,5157,145.0,360.0,1.0,Rural,N
LP003774,Female,No,0,Graduate,No,8002,1357,129.0,240.0,1.0,Urban,N
LP003775,Female,No,1,Graduate,No,13870,535,173.0,240.0,1.0,Semiurban,Y
LP003776,Female,No,0,Graduate,No,27307,735,164.0,360.0,,Rural,Y
LP003777,Female,Yes,2,Graduate,No,13698,2623,56.0,360.0,1.0,Urban,Y
LP003778,Male,Yes,0,Graduate,No,41271,238,139.0,120.0,1.0,Urban,Y
LP003779,Female,No,1,Graduate,No,45578,938,,480.0,1.0,Semiurban,Y
LP003780,Female,Yes,1,Graduate,No,45247,3956,226.0,240.0,0.0,Urban,Y
LP003781,Male,No,1,Not Graduate,No,12775,2039,135.0,300.0,1.0,Rural,Y
LP003782,Male,Yes,0,Graduate,,9112,275,154.0,180.0,1.0,Semiurban,N
LP003783,Male,Yes,2,Graduate,No,13004,1593,146.0,180.0,1.0,Semiurban,Y
LP003784,Female,Yes,2,Graduate,No,32868,219,216.0,240.0,0.0,Semiurban,Y
LP003785,Female,Yes,0,Graduate,No,31328,1371,90.0,,1.0,Semiurban,Y
LP003786,Male,Yes,3+,Not Graduate,No,1675,5743,110.0,480.0,1.0,Urban,Y
LP003787,Male,No,1,Not Graduate,No,17063,1197,107.0,180.0,1.0,Urban,Y
LP003788,Male,Yes,1,Graduate,No,2009,281,150.0,360.0,1.0,Urban,Y
LP003789,Male,No,0,Not Graduate,No,13157,872,75.0,300.0,1.0,Urban,Y
LP003790,Female,Yes,1,Graduate,No,8749,1384,223.0,480.0,1.0,Rural,Y
LP003791,Male,Yes,0,Graduate,No,6839,4066,170.0,240.0,1.0,Rural,Y
LP003792,Male,Yes,1,Graduate,,26354,4022,179.0,300.0,1.0,Urban,Y
LP003793,Male,Yes,1,Graduate,No,7959,296,255.0,120.0,1.0,Rural,Y
LP003794,Female,No,2,Graduate,No,13258,743,132.0,480.0,1.0,Semiurban,Y
LP003795,Male,No,0,Graduate,No,6336,1758,192.0,360.0,1.0,Urban,N
LP003796,Female,No,2,Graduate,No,14171,530,179.0,360.0,0.0,Semiurban,N
LP003797,Male,No,0,Graduate,,28790,1994,226.0,120.0,1.0,Urban,Y
LP003798,Male,Yes,1,Graduate,Yes,6618,217,184.0,180.0,,Urban,N
LP003799,Male,No,2,Graduate,No,22291,1500,124.0,360.0,1.0,Urban,Y
LP003800,Male,No,1,Graduate,No,13977,3762,171.0,360.0,0.0,Rural,Y
LP003801,Male,No,0,Graduate,No,13875,1169,117.0,240.0,0.0,Rural,N
LP003802,Female,Yes,0,Graduate,Yes,10093,1354,126.0,360.0,1.0,Semiurban,N
LP003803,Female,No,0,Graduate,No,24803,3020,,480.0,0.0,Urban,Y
LP003804,Female,Yes,1,Graduate,Yes,22850,643,140.0,180.0,0.0,Urban,Y
LP003805,Male,No,0,Graduate,No,12007,2313,105.0,480.0,0.0,Urban,Y
LP003806,Female,Yes,2,Graduate,Yes,15711,1057,36.0,360.0,1.0,Semiurban,Y
LP003807,Male,Yes,1,Graduate,No,24206,368,164.0,180.0,1.0,Urban,Y
LP003808,Male,Yes,0,Graduate,Yes,20603,3238,168.0,360.0,1.0,Semiurban,Y
LP003809,Male,Yes,0,Graduate,No,10453,5890,168.0,360.0,1.0,Urban,Y
LP003810,Male,Yes,0,Graduate,No,33947,4403,245.0,,1.0,Semiurban,Y
LP003811,Female,No,0,Not Graduate,No,26670,3237,73.0,360.0,1.0,Semiurban,Y
LP003812,Male,Yes,1,Graduate,No,72329,2023,227.0,180.0,1.0,Semiurban,Y
LP003813,Male,Yes,1,Graduate,No,3806,1695,274.0,360.0,1.0,Urban,N
LP003814,Female,Yes,2,Not Graduate,No,23425,979,238.0,360.0,0.0,Urban,Y
LP003815,Male,Yes,0,Not Graduate,No,33579,495,132.0,240.0,1.0,Urban,Y
LP003816,Male,Yes,3+,Graduate,No,29855,91,172.0,360.0,0.0,Semiurban,Y
LP003817,Male,Yes,0,Graduate,No,10914,167,111.0,360.0,1.0,Urban,Y
LP003818,Female,Yes,0,Graduate,No,4489,1115,116.0,240.0,1.0,Urban,N
LP003819,Female,Yes,1,Graduate,No,45785,237,236.0,180.0,1.0,Rural,Y
LP003820,Male,Yes,2,Graduate,No,9087,1802,184.0,300.0,1.0,Rural,Y
LP003821,Male,Yes,0,Graduate,No,10547,8927,187.0,300.0,1.0,Semiurban,Y
LP003822,Male,Yes,2,Graduate,No,69789,22,93.0,360.0,1.0,Semiurban,Y
LP003823,Female,No,2,Graduate,No,4824,341,76.0,300.0,1.0,Urban,Y
LP003824,Male,Yes,2,Graduate,Yes,25722,15109,202.0,360.0,1.0,Rural,Y
LP003825,Male,Yes,0,Graduate,No,7309,2984,171.0,300.0,1.0,Urban,Y
LP003826,Male,Yes,2,Graduate,No,7182,959,135.0,180.0,1.0,Semiurban,Y
LP003827,Male,Yes,2,Graduate,Yes,15277,579,236.0,360.0,0.0,Semiurban,N
LP003828,Male,Yes,,Graduate,No,22950,2214,179.0,360.0,1.0,Semiurban,Y
LP003829,Female,Yes,2,Not Graduate,No,28571,3551,107.0,360.0,1.0,Urban,Y
LP003830,Male,Yes,3+,Graduate,No,31735,239,53.0,,1.0,Rural,Y
LP003831,Male,Yes,1,Graduate,No,7591,6569,179.0,360.0,1.0,Rural,N
LP003832,Female,Yes,0,Graduate,Yes,5351,1768,126.0,300.0,1.0,Urban,Y
LP003833,Female,Yes,1,Graduate,No,10156,3380,143.0,240.0,1.0,Rural,Y
LP003834,Male,No,0,Graduate,Yes,17641,3747,138.0,360.0,1.0,Urban,Y
LP003835,Male,Yes,0,Graduate,No,11333,1595,221.0,,1.0,Urban,Y
LP003836,Male,Yes,1,Graduate,No,731,1871,192.0,360.0,1.0,Semiurban,Y
LP003837,Female,No,0,Graduate,No,3097,2041,145.0,360.0,1.0,Rural,Y
LP003838,Male,,1,Graduate,No,11021,714,143.0,180.0,1.0,Semiurban,Y
LP003839,Female,Yes,2,Graduate,Yes,26480,2387,164.0,300.0,1.0,Urban,Y
LP003840,Female,No,1,Not Graduate,No,6478,803,215.0,240.0,1.0,Semiurban,Y
LP003841,Male,Yes,3+,Graduate,No,24015,1097,154.0,240.0,1.0,Urban,Y
LP003842,Male,Yes,0,Graduate,No,4036,7163,121.0,360.0,1.0,Rural,Y
LP003843,Male,Yes,2,Graduate,No,16390,1050,89.0,300.0,1.0,Rural,Y
LP003844,Male,Yes,2,Not Graduate,No,16486,1801,145.0,180.0,1.0,Semiurban,Y
LP003845,Male,Yes,,Graduate,No,19438,889,90.0,300.0,1.0,Urban,Y
LP003846,Female,Yes,0,Graduate,No,5963,706,167.0,480.0,1.0,Semiurban,N
LP003847,Female,Yes,0,Graduate,No,3873,11097,172.0,240.0,1.0,Urban,Y
LP003848,Male,,2,Graduate,Yes,23881,189,209.0,300.0,1.0,Rural,Y
LP003849,Female,,2,Graduate,No,3940,1167,139.0,360.0,1.0,Urban,Y
LP003850,Male,,0,Not Graduate,No,7210,259,201.0,240.0,0.0,Urban,N
LP003851,Male,Yes,1,Graduate,No,40674,4940,230.0,480.0,1.0,Semiurban,Y
LP003852,Male,Yes,0,Not Graduate,Yes,15304,1018,153.0,360.0,1.0,Rural,Y
LP003853,Female,No,1,Graduate,No,17943,624,261.0,240.0,0.0,Semiurban,N
LP003854,Female,Yes,3+,Not Graduate,No,22021,121,221.0,300.0,1.0,Rural,Y
LP003855,Female,Yes,0,Graduate,No,21403,7270,,300.0,1.0,Urban,Y
LP003856,Male,No,3+,Graduate,No,13134,222,297.0,180.0,1.0,Urban,N
LP003857,Male,Yes,2,Graduate,No,6495,1966,146.0,240.0,0.0,Semiurban,N
LP003858,Male,No,3+,Graduate,No,114375,3354,219.0,360.0,1.0,Semiurban,Y
LP003859,Male,Yes,0,Graduate,No,10571,14893,181.0,180.0,1.0,Urban,Y
LP003860,Female,Yes,0,Graduate,Yes,17410,565,165.0,120.0,1.0,Rural,Y
LP003861,Female,Yes,0,Graduate,No,18998,392,215.0,360.0,1.0,Semiurban,Y
LP003862,Female,Yes,2,Graduate,No,8722,656,157.0,300.0,1.0,Urban,N
LP003863,Male,Yes,1,Graduate,No,9503,541,146.0,240.0,1.0,Semiurban,Y
LP003864,Male,No,0,Not Graduate,No,43940,114,147.0,360.0,1.0,Rural,Y
LP003865,Male,No,2,Graduate,No,7396,7805,92.0,180.0,1.0,Urban,N
LP003866,Male,Yes,0,Graduate,No,18581,664,203.0,240.0,0.0,Semiurban,N
LP003867,Male,No,0,Graduate,Yes,27355,905,117.0,180.0,1.0,Urban,Y
LP003868,Female,Yes,1,Not Graduate,No,11256,2328,160.0,360.0,1.0,Semiurban,Y
LP003869,Female,Yes,0,Graduate,No,12393,5786,151.0,360.0,1.0,Rural,Y
LP003870,Male,Yes,0,Graduate,Yes,28725,272,180.0,240.0,1.0,Semiurban,Y
LP003871,Male,No,0,Graduate,No,11969,1684,149.0,360.0,1.0,Urban,N
LP003872,Male,Yes,2,Graduate,,2535,254,136.0,360.0,1.0,Urban,Y
LP003873,Male,Yes,2,Graduate,No,44493,1636,170.0,120.0,1.0,Urban,Y
LP003874,Female,No,1,Graduate,No,6121,1557,166.0,360.0,0.0,Rural,N
LP003875,Male,Yes,2,Graduate,No,15873,621,96.0,300.0,1.0,Semiurban,Y
LP003876,Male,Yes,1,Graduate,Yes,4655,1451,144.0,180.0,1.0,Semiurban,Y
LP003877,Male,,0,Not Graduate,Yes,8877,1483,213.0,360.0,1.0,Urban,Y
LP003878,Female,Yes,2,Graduate,Yes,9422,994,272.0,360.0,0.0,Semiurban,Y
LP003879,Male,Yes,1,Graduate,No,15357,857,64.0,360.0,1.0,Urban,Y
LP003880,Male,No,1,Graduate,No,6622,213,191.0,360.0,0.0,Semiurban,Y
LP003881,Male,Yes,,Graduate,No,65268,296,155.0,240.0,1.0,Semiurban,Y
LP003882,Female,Yes,1,Graduate,No,13624,524,120.0,120.0,1.0,Semiurban,Y
LP003883,Female,Yes,0,Graduate,No,27033,326,128.0,480.0,0.0,Semiurban,Y
LP003884,Male,Yes,2,Graduate,No,13265,551,103.0,240.0,1.0,Semiurban,Y
LP003885,Female,Yes,0,Graduate,No,29667,1000,81.0,360.0,1.0,Semiurban,Y
LP003886,Female,No,2,Graduate,No,2488,1219,169.0,480.0,1.0,Rural,Y
LP003887,Female,Yes,0,Graduate,No,7602,2151,239.0,240.0,1.0,Urban,Y
LP003888,Female,Yes,0,Graduate,No,8800,1323,,480.0,1.0,Rural,N
LP003889,Female,Yes,1,Graduate,No,8743,1264,158.0,360.0,1.0,Urban,Y
LP003890,Male,Yes,0,Not Graduate,No,20230,2087,118.0,480.0,1.0,Urban,Y
LP003891,Female,No,2,Graduate,No,21369,364,103.0,180.0,0.0,Urban,Y
LP003892,Male,No,1,Graduate,No,12591,403,151.0,360.0,1.0,Rural,N
LP003893,Female,Yes,1,Not Graduate,Yes,12843,700,98.0,480.0,1.0,Rural,Y
LP003894,Male,No,0,Not Graduate,No,94127,475,206.0,240.0,1.0,Urban,Y
LP003895,Female,Yes,0,Graduate,No,17320,133,121.0,240.0,1.0,Semiurban,Y
LP003896,Female,Yes,0,Graduate,Yes,2252,2188,107.0,240.0,1.0,Urban,Y
LP003897,Male,Yes,1,Not Graduate,No,24737,330,262.0,480.0,1.0,Urban,Y
LP003898,Female,,1,Graduate,No,20901,9642,214.0,240.0,1.0,Semiurban,Y
LP003899,Male,No,1,Graduate,No,33774,1337,90.0,180.0,1.0,Urban,Y
LP003900,Female,Yes,3+,Graduate,No,21562,180,105.0,360.0,1.0,Semiurban,Y
LP003901,Male,Yes,1,Graduate,No,6478,2441,140.0,360.0,0.0,Rural,N
LP003902,Male,No,3+,Graduate,Yes,27228,1141,141.0,360.0,1.0,Urban,Y
LP003903,,Yes,0,Not Graduate,No,14464,1554,127.0,360.0,0.0,Semiurban,N
LP003904,Male,No,0,Not Graduate,Yes,30851,603,216.0,360.0,1.0,Semiurban,Y
LP003905,Female,Yes,0,Not Graduate,Yes,46088,358,160.0,300.0,1.0,Urban,Y
LP003906,Male,Yes,0,Graduate,No,12118,189,148.0,480.0,1.0,Rural,Y
LP003907,Male,No,1,Graduate,No,26920,235,119.0,240.0,1.0,Rural,Y
LP003908,Male,Yes,1,Graduate,No,30543,212,,480.0,1.0,Rural,Y
LP003909,Male,,1,Graduate,,15168,714,118.0,240.0,1.0,Semiurban,Y
LP003910,Male,Yes,2,Graduate,No,63989,1030,106.0,240.0,1.0,Urban,Y
LP003911,Male,No,3+,Not Graduate,No,30835,171,87.0,,1.0,Semiurban,Y
LP003912,Male,Yes,,Graduate,No,8363,3239,203.0,360.0,0.0,Semiurban,N
LP003913,Male,Yes,0,Graduate,,16449,1299,196.0,300.0,1.0,Urban,Y
LP003914,Female,No,0,Not Graduate,No,26585,20181,131.0,180.0,1.0,Rural,Y
LP003915,Female,Yes,0,Graduate,No,62073,674,215.0,360.0,1.0,Semiurban,Y
LP003916,Male,No,0,Graduate,No,21953,15987,179.0,480.0,1.0,Urban,Y
LP003917,Female,No,1,Not Graduate,No,16840,2684,95.0,300.0,0.0,Rural,Y
LP003918,Male,No,1,Graduate,No,36719,104,77.0,120.0,1.0,Semiurban,Y
LP003919,Female,No,0,Not Graduate,Yes,11208,262,165.0,360.0,1.0,Urban,Y
LP003920,Female,Yes,2,Graduate,No,6051,1606,173.0,300.0,,Urban,Y
LP003921,Female,Yes,2,Not Graduate,Yes,23458,134,85.0,180.0,1.0,Urban,Y
LP003922,Male,Yes,0,Graduate,No,9872,374,123.0,360.0,1.0,Rural,Y
LP003923,Female,Yes,0,Graduate,No,117314,162,192.0,360.0,1.0,Rural,Y
LP003924,Male,Yes,2,Graduate,No,16356,14277,228.0,240.0,0.0,Semiurban,Y
LP003925,Female,Yes,1,Graduate,No,23573,4098,154.0,480.0,0.0,Semiurban,Y
LP003926,Male,Yes,0,Graduate,No,8081,730,152.0,360.0,1.0,Rural,Y
LP003927,,Yes,0,Not Graduate,No,36742,6733,127.0,360.0,1.0,Semiurban,Y
LP003928,,Yes,0,Graduate,No,13074,4961,224.0,,1.0,Semiurban,Y
LP003929,Female,No,0,Not Graduate,Yes,12092,5283,177.0,480.0,1.0,Rural,Y
LP003930,Male,Yes,2,Graduate,No,12327,560,107.0,360.0,1.0,Urban,Y
LP003931,Female,Yes,0,Graduate,,4754,756,189.0,120.0,0.0,Rural,N
LP003932,Male,No,0,Graduate,No,10933,294,114.0,120.0,0.0,Urban,Y
LP003933,Female,Yes,0,Not Graduate,Yes,20680,956,102.0,,0.0,Rural,Y
LP003934,Male,No,2,Graduate,Yes,3880,413,127.0,300.0,1.0,Urban,N
LP003935,Male,Yes,0,Graduate,No,30252,302,106.0,360.0,1.0,Urban,Y
LP003936,Male,Yes,,Graduate,No,10778,4263,104.0,300.0,1.0,Rural,N
LP003937,Male,Yes,1,Graduate,No,16248,2455,80.0,360.0,1.0,Urban,Y
LP003938,Male,No,1,Not Graduate,No,2236,380,115.0,240.0,1.0,Rural,N
LP003939,Male,Yes,0,Graduate,No,15994,3410,,180.0,1.0,Semiurban,Y
LP003940,Male,No,0,Not Graduate,Yes,5799,1588,82.0,300.0,,Urban,N
LP003941,Female,Yes,2,Graduate,No,10085,751,177.0,180.0,1.0,Rural,N
LP003942,Female,Yes,3+,Not Graduate,No,3812,7397,61.0,360.0,1.0,Urban,Y
LP003943,Male,Yes,0,Graduate,No,6597,1582,130.0,300.0,1.0,Urban,Y
LP003944,Male,Yes,0,Graduate,No,11721,9255,183.0,360.0,0.0,Urban,Y
LP003945,Male,Yes,0,Graduate,,10749,2162,206.0,180.0,1.0,Urban,N
LP003946,,No,2,Graduate,No,27109,2397,121.0,360.0,1.0,Rural,Y
LP003947,Female,Yes,1,Graduate,No,2997,301,200.0,240.0,1.0,Urban,Y
LP003948,Female,Yes,2,Graduate,No,12821,561,131.0,360.0,1.0,Semiurban,Y
LP003949,Male,Yes,1,Graduate,No,12341,6304,262.0,240.0,1.0,Rural,Y
LP003950,Male,No,3+,Graduate,No,9262,4421,77.0,360.0,1.0,Urban,Y
LP003951,Male,No,2,Graduate,No,6434,713,99.0,360.0,0.0,Rural,N
LP003952,Female,No,2,Graduate,No,32265,216,158.0,300.0,1.0,Semiurban,Y
LP003953,Female,No,1,Graduate,No,68745,8036,86.0,,1.0,Urban,Y
LP003954,Male,No,0,Not Graduate,No,3390,3944,114.0,300.0,,Semiurban,Y
LP003955,Male,No,1,Graduate,Yes,6378,277,,360.0,1.0,Rural,N
LP003956,Female,No,1,Graduate,No,5982,277,159.0,240.0,1.0,Rural,N
LP003957,Female,Yes,1,Graduate,No,10665,9899,148.0,240.0,1.0,Semiurban,Y
LP003958,Male,Yes,0,Graduate,No,36485,596,148.0,360.0,1.0,Rural,Y
LP003959,Male,Yes,1,Graduate,No,20376,609,26.0,180.0,1.0,Semiurban,Y
LP003960,Male,,1,Graduate,No,11812,484,157.0,360.0,1.0,Semiurban,N
LP003961,Male,Yes,1,Graduate,No,13535,1680,,360.0,1.0,Urban,N
LP003962,,Yes,0,Graduate,No,10350,204,131.0,480.0,1.0,Semiurban,Y
LP003963,Male,No,1,Not Graduate,No,24122,1458,70.0,480.0,1.0,Rural,Y
LP003964,Male,Yes,,Graduate,No,26589,202,183.0,300.0,0.0,Urban,Y
LP003965,Male,No,2,Not Graduate,No,21440,204,,360.0,1.0,Urban,Y
LP003966,Female,No,1,Not Graduate,,2304,212,91.0,240.0,1.0,Rural,N
LP003967,Male,No,0,Graduate,No,13500,223,158.0,240.0,0.0,Rural,Y
LP003968,Male,No,0,Graduate,No,11507,2609,232.0,360.0,,Urban,N
LP003969,Male,No,1,Graduate,No,29526,2610,157.0,240.0,1.0,Rural,Y
LP003970,Male,Yes,0,Graduate,No,16176,902,49.0,240.0,0.0,Urban,Y
LP003971,Female,Yes,3+,Graduate,No,20855,513,,120.0,1.0,Semiurban,Y
LP003972,,Yes,1,Graduate,No,8989,5756,156.0,180.0,1.0,Urban,Y
LP003973,Male,No,0,Graduate,No,28325,2524,255.0,360.0,0.0,Semiurban,N
LP003974,Female,No,1,Graduate,No,35848,266,89.0,120.0,1.0,Semiurban,Y
LP003975,Male,No,0,Not Graduate,No,3635,1670,142.0,360.0,1.0,Semiurban,Y
LP003976,,Yes,2,Not Graduate,Yes,4736,1569,96.0,180.0,1.0,Rural,Y
LP003977,Male,Yes,0,Graduate,No,24586,2597,193.0,240.0,1.0,Rural,Y
LP003978,Male,,3+,Graduate,Yes,11638,29697,131.0,300.0,1.0,Urban,Y
LP003979,Male,Yes,,Graduate,,30423,410,13.0,360.0,1.0,Rural,Y
LP003980,Male,Yes,2,Not Graduate,No,16211,2133,,360.0,1.0,Urban,Y
LP003981,Female,,,Not Graduate,No,23255,6602,144.0,240.0,1.0,Semiurban,Y
LP003982,Female,,,Graduate,No,7348,8620,169.0,300.0,,Semiurban,Y
LP003983,Male,Yes,2,Graduate,No,17532,1361,159.0,360.0,1.0,Semiurban,Y
LP003984,Male,Yes,1,Graduate,Yes,17572,228,182.0,300.0,1.0,Semiurban,Y
LP003985,Female,No,0,Graduate,No,7699,127,143.0,300.0,1.0,Urban,Y
LP003986,Female,Yes,0,Graduate,No,29772,2956,154.0,360.0,,Rural,Y
LP003987,Male,Yes,0,Graduate,No,2932,1654,150.0,300.0,1.0,Urban,N
LP003988,Male,Yes,1,Not Graduate,No,15774,1278,129.0,300.0,1.0,Rural,Y
LP003989,Male,Yes,0,Graduate,Yes,4744,1539,178.0,360.0,,Urban,Y
LP003990,Female,Yes,0,Not Graduate,No,5896,3548,,480.0,1.0,Semiurban,N
LP003991,Male,Yes,0,Graduate,No,29401,2112,147.0,,1.0,Rural,Y
LP003992,Male,Yes,1,Graduate,No,5541,1744,125.0,240.0,1.0,Semiurban,Y
LP003993,Female,Yes,0,Graduate,,5357,537,95.0,480.0,1.0,Urban,Y
LP003994,Male,Yes,3+,Not Graduate,No,21253,3817,167.0,360.0,1.0,Semiurban,Y
LP003995,Male,No,0,Graduate,No,5493,548,99.0,360.0,1.0,Semiurban,N
LP003996,Male,Yes,3+,Not Graduate,No,30168,3502,157.0,360.0,1.0,Rural,Y
LP003997,Male,No,1,Not Graduate,No,22374,684,156.0,360.0,1.0,Urban,Y
LP003998,Male,Yes,,Graduate,Yes,7171,2224,203.0,360.0,1.0,Rural,N
LP003999,Male,Yes,0,Not Graduate,No,29269,9102,219.0,360.0,1.0,Semiurban,Y
LP004000,Male,No,1,Not Graduate,No,2833,2422,-1.0,480.0,1.0,Urban,Y
LP004001,Male,Yes,1,Graduate,No,19496,6000,139.0,300.0,1.0,Semiurban,Y
LP004002,Female,Yes,1,Graduate,,4929,702,44.0,240.0,1.0,Rural,Y
LP004003,Female,Yes,0,Not Graduate,,8789,1230,208.0,,1.0,Urban,N
LP004004,Male,Yes,3+,Not Graduate,No,9256,716,148.0,360.0,1.0,Urban,Y
LP004005,Male,No,3+,Graduate,Yes,37239,149,207.0,360.0,1.0,Rural,Y
LP004006,Male,No,1,Not Graduate,No,8946,3953,162.0,360.0,1.0,Urban,N
LP004007,Male,Yes,1,Not Graduate,No,12545,2170,82.0,240.0,1.0,Semiurban,N
LP004008,Male,Yes,1,Graduate,No,9409,1993,101.0,360.0,1.0,Semiurban,N
LP004009,Female,Yes,0,Graduate,No,6086,4808,,240.0,1.0,Urban,Y
LP004010,Male,No,0,Graduate,No,5859,280,178.0,360.0,0.0,Semiurban,Y
LP004011,Male,No,,Graduate,No,17102,210,152.0,300.0,1.0,Rural,Y
LP004012,Male,No,2,Graduate,No,13080,4864,158.0,480.0,0.0,Urban,Y
LP004013,Female,Yes,0,Not Graduate,No,24587,1007,132.0,360.0,1.0,Urban,Y
LP004014,Male,No,1,Graduate,No,11007,1419,206.0,360.0,1.0,Rural,Y
LP004015,Female,Yes,2,Not Graduate,No,11296,188,157.0,120.0,1.0,Urban,Y
LP004016,Male,Yes,0,Graduate,No,24651,6415,152.0,360.0,1.0,Urban,Y
LP004017,Female,No,0,Not Graduate,Yes,9920,2454,164.0,300.0,1.0,Semiurban,Y
LP004018,Female,Yes,2,Not Graduate,No,4223,549,129.0,300.0,0.0,Rural,Y
LP004019,Male,No,0,Not Graduate,No,26318,13397,132.0,360.0,,Semiurban,Y
LP004020,Male,Yes,0,Not Graduate,Yes,7772,213,174.0,240.0,1.0,Semiurban,Y
LP004021,Male,No,0,Not Graduate,No,14094,738,188.0,240.0,1.0,Rural,Y
LP004022,Male,Yes,0,Graduate,No,8093,3584,194.0,300.0,,Semiurban,N
LP004023,Female,Yes,2,Graduate,No,6136,4376,140.0,360.0,1.0,Rural,Y
LP004024,Female,Yes,1,Graduate,No,2924,182,156.0,240.0,1.0,Semiurban,Y
LP004025,Female,Yes,1,Graduate,No,17524,780,119.0,360.0,1.0,Semiurban,Y
LP004026,Female,Yes,1,Graduate,No,884,2683,189.0,300.0,1.0,Urban,N
LP004027,Male,Yes,3+,Graduate,No,37747,6423,102.0,300.0,0.0,Rural,Y
LP004028,Male,Yes,0,Not Graduate,No,30503,5806,161.0,240.0,1.0,Rural,Y
LP004029,Female,Yes,0,Graduate,No,6453,2541,193.0,300.0,1.0,Rural,Y
LP004030,Male,Yes,3+,Not Graduate,No,47600,1221,156.0,240.0,1.0,Urban,Y
LP004031,Female,Yes,3+,Graduate,No,69469,884,165.0,240.0,0.0,Semiurban,Y
LP004032,Male,No,0,Graduate,No,10735,1993,136.0,180.0,1.0,Urban,Y
LP004033,,No,0,Graduate,Yes,18560,6129,57.0,300.0,,Semiurban,Y
LP004034,Female,,1,Graduate,No,14898,848,116.0,240.0,1.0,Urban,Y
LP004035,Male,Yes,0,Graduate,Yes,44841,790,152.0,480.0,1.0,Urban,Y
LP004036,Female,No,1,Graduate,No,4384,4334,115.0,,0.0,Urban,N
LP004037,Female,,0,Graduate,No,11137,3920,174.0,300.0,1.0,Rural,N
LP004038,Female,Yes,,Graduate,No,27875,601,76.0,300.0,1.0,Urban,Y
LP004039,Female,Yes,1,Graduate,No,25612,225,53.0,300.0,1.0,Rural,Y
LP004040,Male,Yes,3+,Graduate,No,12909,140,184.0,,0.0,Semiurban,N
LP004041,,Yes,1,Graduate,No,40694,1282,134.0,360.0,1.0,Urban,Y
LP004042,Male,Yes,0,Graduate,,16103,291,167.0,240.0,,Rural,Y
LP004043,Male,Yes,3+,Not Graduate,No,14631,3214,123.0,240.0,1.0,Urban,Y
LP004044,Female,Yes,1,Graduate,No,23333,139,178.0,360.0,1.0,Urban,Y
LP004045,Male,Yes,0,Not Graduate,No,12724,7603,217.0,480.0,1.0,Urban,Y
LP004046,Male,Yes,0,Not Graduate,No,13907,732,221.0,360.0,1.0,Rural,Y
LP004047,Male,Yes,0,Graduate,No,7116,420,,180.0,1.0,Urban,Y
LP004048,Male,,1,Graduate,Yes,139625,572,128.0,,1.0,Rural,Y
LP004049,Female,No,1,Graduate,No,9147,388,158.0,360.0,0.0,Urban,N
LP004050,Male,Yes,0,Graduate,No,23942,6752,243.0,240.0,,Rural,Y
LP004051,Female,Yes,0,Graduate,No,61511,2455,92.0,180.0,1.0,Rural,Y
LP004052,Female,Yes,0,Not Graduate,No,4563,1231,92.0,360.0,1.0,Semiurban,Y
LP004053,Female,,1,Graduate,Yes,21784,258,193.0,240.0,1.0,Urban,Y
LP004054,Male,Yes,,Not Graduate,No,13609,1026,116.0,360.0,1.0,Urban,Y
LP004055,Female,Yes,0,Not Graduate,No,56150,434,182.0,180.0,1.0,Urban,Y
LP004056,Male,No,3+,Not Graduate,No,6455,46,120.0,360.0,1.0,Semiurban,N
LP004057,Female,Yes,,Graduate,No,7318,477,167.0,120.0,1.0,Urban,N
LP004058,Male,No,0,Graduate,No,12836,2267,124.0,360.0,1.0,Urban,Y
LP004059,Female,,1,Not Graduate,No,9001,657,99.0,360.0,0.0,Urban,N
LP004060,Female,,0,Not Graduate,No,9251,921,157.0,360.0,1.0,Semiurban,N
LP004061,Male,No,2,Graduate,No,67693,3824,89.0,360.0,0.0,Urban,Y
LP004062,Male,No,2,Not Graduate,Yes,14788,3085,172.0,360.0,1.0,Semiurban,N
LP004063,Female,Yes,1,Graduate,No,7131,11534,138.0,,1.0,Rural,Y
LP004064,Male,Yes,2,Graduate,No,9778,78,81.0,300.0,0.0,Semiurban,N
LP004065,Female,No,0,Graduate,No,18470,399,164.0,,1.0,Urban,Y
LP004066,Male,No,2,Not Graduate,Yes,17498,3260,163.0,300.0,1.0,Urban,Y
LP004067,Male,No,0,Graduate,Yes,8418,1840,32.0,180.0,1.0,Semiurban,Y
LP004068,Female,Yes,0,Not Graduate,Yes,3632,1235,147.0,240.0,1.0,Rural,N
LP004069,Female,No,3+,Graduate,No,12830,530,150.0,300.0,1.0,Urban,Y
LP004070,Female,Yes,1,Graduate,No,12555,1439,154.0,300.0,1.0,Urban,Y
LP004071,Male,Yes,3+,Not Graduate,No,7967,1343,59.0,300.0,1.0,Rural,Y
LP004072,Female,Yes,0,Graduate,No,37191,118,167.0,300.0,1.0,Rural,Y
LP004073,Male,Yes,1,Graduate,No,21155,1417,175.0,360.0,0.0,Urban,Y
LP004074,Female,No,0,Graduate,No,14881,589,103.0,300.0,1.0,Urban,Y
LP004075,Female,Yes,1,Not Graduate,No,10010,3008,80.0,360.0,1.0,Urban,Y
LP004076,Male,Yes,0,Graduate,No,53445,1658,101.0,360.0,0.0,Semiurban,Y
LP004077,Male,Yes,0,Graduate,No,5305,11465,156.0,300.0,1.0,Urban,Y
LP004078,,Yes,0,Graduate,No,8979,1096,,360.0,1.0,Urban,Y
LP004079,Female,Yes,2,Graduate,No,9303,296,82.0,360.0,1.0,Rural,Y
LP004080,Male,Yes,0,Graduate,Yes,16969,55,254.0,300.0,1.0,Urban,Y
LP004081,Female,Yes,,Not Graduate,No,22667,355,149.0,240.0,1.0,Urban,Y
LP004082,Male,No,0,Graduate,No,4585,1724,134.0,240.0,0.0,Rural,N
LP004083,Female,No,0,Graduate,No,7725,2343,,120.0,1.0,Semiurban,Y
LP004084,Female,Yes,0,Not Graduate,No,19112,530,128.0,360.0,1.0,Rural,Y
LP004085,Male,Yes,3+,Graduate,No,7846,654,240.0,240.0,0.0,Rural,N
LP004086,Male,Yes,0,Graduate,No,9687,1192,190.0,360.0,1.0,Rural,N
LP004087,Male,No,0,Not Graduate,No,15338,1730,269.0,360.0,1.0,Urban,Y
LP004088,Female,Yes,2,Graduate,No,6100,3729,169.0,360.0,1.0,Urban,N
LP004089,Female,Yes,0,Graduate,No,16682,541,102.0,360.0,1.0,Urban,Y
LP004090,Male,,2,Graduate,No,21808,449,,300.0,1.0,Urban,Y
LP004091,Female,No,0,Graduate,No,13776,12453,177.0,240.0,1.0,Rural,Y
LP004092,Male,Yes,1,Graduate,No,41785,9319,180.0,480.0,1.0,Urban,Y
LP004093,Male,Yes,0,Not Graduate,No,23869,580,127.0,480.0,1.0,Rural,Y
LP004094,Female,No,1,Graduate,No,12929,4320,240.0,,1.0,Semiurban,N
LP004095,Male,Yes,2,Not Graduate,Yes,10330,15454,86.0,,1.0,Urban,Y
LP004096,Male,No,2,Graduate,No,54381,5325,166.0,180.0,0.0,Semiurban,N
LP004097,Male,Yes,1,Not Graduate,No,7870,439,135.0,120.0,1.0,Rural,Y
LP004098,Male,No,3+,Not Graduate,No,10745,1243,111.0,360.0,1.0,Urban,N
LP004099,Male,Yes,0,Not Graduate,No,9625,133,162.0,240.0,1.0,Semiurban,Y
LP004100,Male,No,0,Graduate,No,18365,344,212.0,360.0,1.0,Semiurban,Y
LP004101,Female,Yes,1,Graduate,No,81155,1076,170.0,360.0,1.0,Rural,Y
LP004102,Male,No,1,Graduate,No,16274,1427,163.0,360.0,1.0,Urban,Y
LP004103,Male,Yes,0,Not Graduate,No,10325,477,49.0,180.0,0.0,Urban,N
LP004104,Male,Yes,1,Not Graduate,,15536,40,196.0,360.0,1.0,Semiurban,Y
LP004105,Male,No,0,Graduate,No,4673,1383,129.0,240.0,,Semiurban,Y
LP004106,Female,Yes,2,Not Graduate,No,11496,2627,176.0,360.0,1.0,Urban,N
LP004107,Female,,2,Not Graduate,No,52222,2749,196.0,360.0,1.0,Rural,Y
LP004108,Male,Yes,,Graduate,No,22688,856,159.0,180.0,1.0,Urban,Y
LP004109,Female,No,0,Graduate,No,35766,932,49.0,480.0,0.0,Urban,Y
LP004110,Male,Yes,1,Not Graduate,No,30051,1474,220.0,300.0,1.0,Semiurban,Y
LP004111,Male,No,2,Graduate,No,7577,1791,240.0,360.0,0.0,Rural,Y
LP004112,Male,Yes,0,Not Graduate,,61672,980,190.0,360.0,1.0,Urban,Y
LP004113,Male,Yes,1,Not Graduate,No,3226,67,113.0,120.0,1.0,Semiurban,Y
LP004114,Male,Yes,3+,Graduate,No,17430,5863,211.0,360.0,0.0,Semiurban,Y
LP004115,Female,Yes,0,Graduate,Yes,2571,628,,300.0,1.0,Semiurban,Y
LP004116,Male,Yes,0,Graduate,No,3392,252,146.0,240.0,1.0,Urban,Y
LP004117,Female,Yes,0,Not Graduate,No,28238,684,209.0,180.0,1.0,Semiurban,Y
LP004118,Male,Yes,1,Graduate,No,7684,1253,182.0,240.0,1.0,Rural,Y
LP004119,Male,No,3+,Graduate,No,36167,528,32.0,360.0,1.0,Urban,Y
LP004120,Female,Yes,1,Not Graduate,No,2346,573,160.0,240.0,1.0,Rural,N
LP004121,Male,Yes,0,Graduate,No,12446,742,209.0,300.0,1.0,Urban,N
LP004122,,Yes,1,Graduate,No,5050,1692,81.0,360.0,1.0,Urban,Y
LP004123,Female,Yes,1,Graduate,No,10272,420,198.0,480.0,1.0,Urban,Y
LP004124,Female,Yes,1,Graduate,Yes,46105,1644,66.0,360.0,1.0,Semiurban,Y
LP004125,Female,,0,Graduate,No,56018,209,139.0,240.0,1.0,Urban,Y
LP004126,Female,No,1,Graduate,No,20137,12174,177.0,300.0,1.0,Urban,Y
LP004127,Female,Yes,1,Not Graduate,No,3730,3971,137.0,360.0,1.0,Semiurban,N
LP004128,Female,Yes,0,Graduate,No,5088,788,208.0,360.0,0.0,Urban,N
LP004129,Male,Yes,1,Graduate,No,15184,1638,79.0,360.0,1.0,Urban,Y
LP004130,,Yes,3+,Graduate,No,7011,269,190.0,300.0,0.0,Rural,Y
LP004131,Male,,0,Graduate,No,22615,2152,152.0,240.0,1.0,Semiurban,Y
LP004132,Male,Yes,3+,Graduate,No,51059,3024,107.0,300.0,1.0,Urban,Y
LP004133,Female,Yes,0,Graduate,,6086,1509,171.0,300.0,1.0,Semiurban,Y
LP004134,Female,Yes,2,Not Graduate,No,6528,3238,146.0,360.0,1.0,Semiurban,Y
LP004135,Male,No,0,Graduate,No,5196,1087,223.0,360.0,0.0,Urban,N
LP004136,Male,Yes,0,Graduate,No,10900,971,179.0,480.0,1.0,Semiurban,Y
LP004137,Female,Yes,1,Graduate,,13929,496,170.0,360.0,1.0,Urban,N
LP004138,Male,,1,Graduate,No,13592,2136,116.0,360.0,1.0,Semiurban,Y
LP004139,Female,,2,Graduate,No,27395,401,157.0,300.0,0.0,Urban,Y
LP004140,Male,Yes,1,Graduate,No,18294,1803,121.0,360.0,1.0,Urban,Y
LP004141,Male,Yes,1,Graduate,No,12746,1577,146.0,300.0,1.0,Urban,Y
LP004142,Male,No,3+,Graduate,No,13804,5501,212.0,120.0,0.0,Urban,Y
LP004143,Male,Yes,1,Graduate,Yes,14305,2208,135.0,360.0,1.0,Urban,Y
LP004144,Female,Yes,0,Graduate,Yes,12755,133,77.0,180.0,,Semiurban,Y
LP004145,Female,Yes,0,Graduate,No,7772,494,174.0,180.0,1.0,Urban,N
LP004146,Female,Yes,0,Graduate,No,5102,479,189.0,120.0,1.0,Rural,N
LP004147,Male,Yes,2,Not Graduate,No,14970,455,229.0,180.0,1.0,Rural,N
LP004148,Male,Yes,0,Not Graduate,No,8960,3497,193.0,180.0,0.0,Urban,N
LP004149,Female,Yes,0,Not Graduate,No,20334,77,136.0,360.0,1.0,Semiurban,Y
LP004150,Female,Yes,0,Graduate,No,14151,6059,163.0,360.0,1.0,Semiurban,Y
LP004151,Male,Yes,1,Graduate,No,13520,3634,169.0,360.0,1.0,Semiurban,Y
LP004152,Male,No,0,Graduate,No,29365,1370,171.0,360.0,1.0,Urban,Y
LP004153,Female,Yes,0,Not Graduate,No,4342,1667,,360.0,1.0,Urban,Y
LP004154,Male,Yes,1,Graduate,No,55017,1199,121.0,300.0,1.0,Semiurban,Y
LP004155,Male,No,2,Graduate,No,2326,1326,,480.0,0.0,Rural,N
LP004156,Male,No,0,Graduate,No,42643,4237,204.0,300.0,1.0,Urban,Y
LP004157,Male,No,1,Graduate,No,15688,838,118.0,120.0,1.0,Urban,Y
LP004158,Female,Yes,0,Graduate,No,8784,2253,129.0,360.0,1.0,Rural,Y
LP004159,,No,3+,Graduate,No,4116,385,,360.0,0.0,Urban,N
LP004160,Male,Yes,0,Graduate,No,8270,2077,143.0,240.0,1.0,Urban,Y
LP004161,Male,Yes,3+,Not Graduate,No,11720,790,192.0,300.0,1.0,Semiurban,Y
LP004162,Male,Yes,3+,Not Graduate,No,15614,1832,113.0,360.0,1.0,Urban,Y
LP004163,Male,No,2,Graduate,No,42466,388,193.0,360.0,1.0,Urban,Y
LP004164,Male,Yes,,Graduate,No,14167,1880,220.0,360.0,1.0,Rural,Y
LP004165,Female,Yes,1,Graduate,Yes,17252,1036,130.0,300.0,1.0,Semiurban,Y
LP004166,,Yes,0,Graduate,No,17678,7171,128.0,360.0,1.0,Urban,Y
LP004167,Male,Yes,2,Graduate,No,10280,1496,157.0,240.0,1.0,Rural,Y
LP004168,,No,2,Graduate,Yes,11455,1982,120.0,480.0,1.0,Urban,Y
LP004169,,Yes,,Graduate,No,12264,645,145.0,300.0,,Rural,Y
LP004170,Male,Yes,1,Graduate,No,22052,1594,76.0,360.0,1.0,Rural,Y
LP004171,Male,No,1,Graduate,No,6435,1936,192.0,360.0,1.0,Urban,Y
LP004172,,Yes,1,Graduate,No,8908,716,233.0,240.0,1.0,Urban,Y
LP004173,Male,Yes,0,Graduate,No,17766,652,116.0,300.0,1.0,Rural,Y
LP004174,Male,No,1,Not Graduate,Yes,5646,416,67.0,360.0,1.0,Rural,Y
LP004175,Female,No,1,Graduate,No,14631,1000,196.0,240.0,0.0,Urban,N
LP004176,Female,No,3+,Graduate,No,8633,500,129.0,180.0,1.0,Rural,Y
LP004177,Male,Yes,1,Graduate,No,20014,1557,116.0,360.0,1.0,Urban,Y
LP004178,Female,Yes,2,Graduate,No,40097,424,143.0,300.0,1.0,Rural,Y
LP004179,Male,Yes,2,Graduate,Yes,8641,946,88.0,300.0,1.0,Semiurban,N
LP004180,Male,Yes,1,Graduate,No,24493,352,174.0,360.0,1.0,Semiurban,Y
LP004181,Male,Yes,0,Graduate,No,15685,4329,86.0,360.0,1.0,Semiurban,Y
LP004182,Female,Yes,1,Graduate,Yes,9827,1129,90.0,180.0,1.0,Rural,Y
LP004183,Female,No,1,Not Graduate,No,13430,1117,90.0,360.0,1.0,Semiurban,N
LP004184,Male,Yes,0,Graduate,,37735,2240,158.0,300.0,1.0,Urban,Y
LP004185,Male,Yes,0,Graduate,Yes,11643,9230,59.0,360.0,1.0,Semiurban,Y
LP004186,Female,Yes,3+,Not Graduate,Yes,38073,1208,254.0,360.0,1.0,Urban,Y
LP004187,Male,Yes,0,Graduate,,12137,183,131.0,180.0,1.0,Urban,N
LP004188,Male,No,1,Not Graduate,No,4315,4529,44.0,240.0,1.0,Urban,N
LP004189,Female,Yes,2,Graduate,Yes,11879,215,96.0,120.0,1.0,Semiurban,N
LP004190,,Yes,1,Graduate,No,4055,604,179.0,360.0,,Semiurban,N
LP004191,Female,Yes,1,Graduate,,10361,4587,217.0,300.0,1.0,Semiurban,Y
LP004192,Female,Yes,2,Not Graduate,No,10047,733,158.0,120.0,1.0,Urban,Y
LP004193,Male,Yes,1,Graduate,No,57152,551,154.0,120.0,1.0,Rural,Y
LP004194,Female,No,0,Graduate,,48411,1536,73.0,480.0,1.0,Urban,Y
LP004195,Female,Yes,3+,Graduate,No,14304,1109,224.0,360.0,1.0,Urban,Y
LP004196,Male,Yes,1,Not Graduate,No,35209,477,177.0,300.0,1.0,Urban,Y
LP004197,Male,Yes,1,Graduate,Yes,9718,3143,166.0,360.0,1.0,Semiurban,Y
LP004198,Male,No,1,Not Graduate,No,4265,4786,150.0,360.0,0.0,Rural,Y
LP004199,Male,No,0,Graduate,No,20379,5799,176.0,360.0,1.0,Urban,Y
LP004200,Female,Yes,3+,Graduate,No,17838,2126,109.0,300.0,1.0,Rural,Y
LP004201,Female,Yes,2,Graduate,No,6310,472,196.0,300.0,0.0,Urban,N
LP004202,Male,No,0,Graduate,No,6537,243,190.0,240.0,1.0,Urban,N
LP004203,Male,No,3+,Not Graduate,Yes,28329,68,145.0,120.0,1.0,Urban,Y
LP004204,Female,No,2,Graduate,No,3474,3788,136.0,240.0,1.0,Rural,N
LP004205,Male,No,1,Not Graduate,No,20879,1385,42.0,120.0,1.0,Urban,Y
LP004206,Male,,1,Graduate,No,10388,663,63.0,300.0,1.0,Urban,Y
LP004207,Male,Yes,0,Graduate,No,20903,107,,360.0,1.0,Rural,Y
LP004208,Male,No,1,Graduate,No,29455,265,195.0,240.0,1.0,Urban,Y
LP004209,Male,No,0,Graduate,No,6637,131,203.0,360.0,1.0,Rural,Y
LP004210,Male,Yes,1,Graduate,No,5366,6187,82.0,300.0,0.0,Urban,N
LP004211,Male,Yes,1,Graduate,No,43175,2351,264.0,,1.0,Semiurban,Y
LP004212,Male,No,2,Graduate,No,12762,228,200.0,180.0,1.0,Urban,Y
LP004213,Male,Yes,2,Not Graduate,Yes,17364,7801,121.0,360.0,0.0,Urban,N
LP004214,Male,No,0,Not Graduate,No,27684,461,158.0,180.0,1.0,Rural,Y
LP004215,Female,Yes,2,Graduate,No,6191,1667,65.0,,1.0,Rural,Y
LP004216,Female,,1,Graduate,No,27489,1672,119.0,240.0,1.0,Rural,Y
LP004217,Male,Yes,1,Graduate,No,22295,979,176.0,360.0,1.0,Rural,Y
LP004218,Male,Yes,0,Graduate,,43304,762,153.0,120.0,1.0,Semiurban,Y
LP004219,Female,Yes,2,Not Graduate,No,42704,1142,237.0,300.0,1.0,Urban,Y
LP004220,Male,Yes,3+,Graduate,Yes,14055,783,76.0,360.0,1.0,Urban,Y
LP004221,Male,No,2,Graduate,No,24402,1478,144.0,360.0,0.0,Urban,Y
LP004222,Female,No,3+,Not Graduate,No,13844,1550,93.0,,0.0,Urban,Y
LP004223,Female,Yes,0,Graduate,No,15005,584,226.0,240.0,1.0,Rural,N
LP004224,Female,Yes,,Graduate,Yes,5414,4111,163.0,360.0,0.0,Urban,N
LP004225,Male,Yes,1,Not Graduate,,11163,401,150.0,360.0,1.0,Semiurban,Y
LP004226,Female,Yes,0,Graduate,No,3178,1751,143.0,360.0,1.0,Rural,N
LP004227,Male,Yes,1,Not Graduate,No,11968,729,106.0,360.0,0.0,Urban,Y
LP004228,Female,Yes,1,Graduate,No,38408,386,209.0,360.0,1.0,Semiurban,Y
LP004229,,Yes,0,Graduate,No,24893,786,158.0,300.0,1.0,Semiurban,Y
LP004230,Male,Yes,0,Graduate,No,14614,496,162.0,360.0,1.0,Urban,Y
LP004231,Female,Yes,0,Graduate,No,11365,2417,179.0,300.0,1.0,Rural,Y
LP004232,Male,No,0,Graduate,Yes,8671,979,106.0,360.0,0.0,Urban,N
LP004233,Male,,0,Graduate,No,6407,5670,249.0,240.0,1.0,Urban,Y
LP004234,,No,0,Graduate,No,25717,350,228.0,240.0,1.0,Semiurban,Y
LP004235,Male,No,0,Graduate,No,3912,78,148.0,360.0,1.0,Urban,N
LP004236,Male,No,,Graduate,No,3841,1761,134.0,360.0,1.0,Urban,Y
LP004237,Male,No,,Graduate,No,27542,8666,181.0,360.0,0.0,Rural,Y
LP004238,Female,Yes,0,Graduate,No,15776,1971,206.0,180.0,1.0,Urban,Y
LP004239,Female,Yes,3+,Graduate,No,13847,353,237.0,300.0,1.0,Semiurban,Y
LP004240,Male,Yes,1,Graduate,Yes,15766,321,182.0,,0.0,Semiurban,Y
LP004241,Female,No,1,Graduate,Yes,66707,12468,156.0,360.0,1.0,Semiurban,Y
LP004242,Male,No,1,Graduate,,13972,695,156.0,300.0,1.0,Urban,Y
LP004243,Female,No,1,Graduate,No,16892,324,55.0,360.0,1.0,Semiurban,Y
LP004244,Male,,0,Graduate,No,69317,4575,,240.0,1.0,Urban,Y
LP004245,Male,No,0,Not Graduate,No,12697,919,168.0,360.0,1.0,Urban,Y
LP004246,Female,Yes,1,Graduate,Yes,53159,96,37.0,480.0,1.0,Urban,Y
LP004247,,Yes,1,Graduate,No,2475,13352,,300.0,0.0,Semiurban,N
LP004248,Male,No,2,Graduate,No,5273,2211,109.0,,1.0,Urban,Y
LP004249,Male,Yes,0,Not Graduate,Yes,7829,178,228.0,300.0,1.0,Semiurban,N
LP004250,Female,No,,Not Graduate,No,21315,5854,135.0,,1.0,Urban,Y
LP004251,,Yes,1,Graduate,No,55226,311,136.0,360.0,1.0,Semiurban,Y
LP004252,Male,No,3+,Not Graduate,No,8327,290,143.0,240.0,1.0,Urban,N
LP004253,Male,Yes,0,Graduate,Yes,29219,376,149.0,360.0,0.0,Rural,Y
LP004254,Male,No,3+,Graduate,No,79999,11241,189.0,360.0,1.0,Rural,Y
LP004255,Male,No,2,Graduate,No,46714,12765,132.0,360.0,1.0,Semiurban,Y
LP004256,Female,No,1,Graduate,,9671,568,151.0,240.0,0.0,Urban,N
LP004257,Female,Yes,1,Graduate,No,26764,8490,189.0,,0.0,Rural,Y
LP004258,Male,No,0,Graduate,No,17527,70,150.0,120.0,1.0,Semiurban,Y
LP004259,Male,Yes,3+,Graduate,No,7882,3284,182.0,360.0,0.0,Rural,N
LP004260,Male,Yes,0,Graduate,No,18804,5636,127.0,360.0,1.0,Semiurban,Y
LP004261,Male,Yes,1,Graduate,No,9144,6685,167.0,360.0,1.0,Semiurban,N
LP004262,Female,No,0,Graduate,No,14757,1202,215.0,360.0,0.0,Semiurban,Y
LP004263,Male,Yes,1,Graduate,No,4434,2163,180.0,180.0,1.0,Semiurban,N
LP004264,Male,,1,Graduate,,3260,463,,360.0,0.0,Urban,Y
LP004265,Female,No,3+,Graduate,Yes,10622,1130,177.0,300.0,1.0,Rural,Y
LP004266,Male,Yes,1,Graduate,No,17231,900,92.0,300.0,1.0,Urban,Y
LP004267,Female,No,3+,Graduate,No,5419,840,103.0,300.0,1.0,Semiurban,Y
LP004268,Male,Yes,1,Graduate,No,20354,4279,174.0,180.0,1.0,Rural,Y
LP004269,Female,No,,Not Graduate,No,13824,1419,101.0,360.0,0.0,Semiurban,Y
LP004270,Female,Yes,0,Graduate,No,22475,8364,94.0,360.0,1.0,Urban,Y
LP004271,Female,Yes,2,Graduate,No,28467,1476,149.0,240.0,1.0,Urban,Y
LP004272,Female,Yes,0,Graduate,No,39138,15207,119.0,360.0,,Semiurban,Y
LP004273,Male,Yes,1,Not Graduate,,21646,4782,68.0,180.0,1.0,Semiurban,Y
LP004274,Male,Yes,0,Graduate,No,10549,988,177.0,300.0,1.0,Semiurban,Y
LP004275,Female,Yes,1,Graduate,,15538,1352,199.0,120.0,1.0,Rural,Y
LP004276,Male,Yes,2,Graduate,No,86106,400,195.0,360.0,1.0,Semiurban,Y
LP004277,Male,Yes,1,Graduate,No,29388,1329,105.0,120.0,1.0,Semiurban,Y
LP004278,Male,Yes,0,Graduate,No,14146,337,170.0,240.0,1.0,Urban,Y
LP004279,Male,No,0,Graduate,Yes,11843,5412,125.0,240.0,1.0,Urban,Y
LP004280,Male,Yes,0,Graduate,No,8278,726,86.0,360.0,1.0,Semiurban,Y
LP004281,Male,No,0,Graduate,No,5168,1680,112.0,300.0,1.0,Semiurban,Y
LP004282,Female,Yes,1,Graduate,,52391,70,9.0,360.0,1.0,Rural,Y
LP004283,Male,Yes,1,Not Graduate,Yes,19590,795,97.0,240.0,1.0,Semiurban,Y
LP004284,Male,Yes,0,Graduate,No,4841,702,76.0,360.0,0.0,Rural,Y
LP004285,Male,Yes,1,Not Graduate,No,12085,3311,160.0,180.0,1.0,Rural,Y
LP004286,Male,Yes,1,Graduate,No,36915,2052,164.0,480.0,0.0,Rural,Y
LP004287,Female,Yes,0,Graduate,No,9343,3721,,360.0,1.0,Rural,N
LP004288,Male,No,1,Graduate,No,6963,1865,191.0,360.0,1.0,Semiurban,Y
LP004289,Male,No,0,Graduate,No,17772,4801,119.0,180.0,0.0,Urban,Y
LP004290,Female,Yes,,Graduate,Yes,22618,1813,96.0,360.0,1.0,Semiurban,Y
LP004291,Male,No,2,Not Graduate,No,9353,210,60.0,360.0,1.0,Urban,Y
LP004292,Male,Yes,0,Graduate,No,8269,983,109.0,360.0,1.0,Semiurban,Y
LP004293,Male,Yes,1,Not Graduate,No,19311,1046,143.0,300.0,1.0,Urban,Y
LP004294,Female,Yes,,Graduate,No,5432,21,199.0,120.0,1.0,Semiurban,Y
LP004295,Male,No,0,Graduate,No,8685,323,144.0,240.0,1.0,Urban,Y
LP004296,Male,No,2,Not Graduate,Yes,12133,12709,134.0,240.0,1.0,Urban,Y
LP004297,Male,No,1,Graduate,No,24130,788,179.0,300.0,1.0,Urban,Y
LP004298,Male,Yes,1,Graduate,No,9488,966,157.0,180.0,1.0,Semiurban,N
LP004299,Male,Yes,1,Graduate,No,20965,80,74.0,,1.0,Semiurban,Y
LP004300,Male,No,2,Graduate,No,33956,217,128.0,360.0,1.0,Semiurban,Y
LP004301,Male,Yes,3+,Not Graduate,No,8909,1960,121.0,360.0,1.0,Urban,Y
LP004302,Female,Yes,1,Graduate,,176018,627,,240.0,0.0,Urban,Y
LP004303,Female,Yes,2,Graduate,Yes,41592,289,126.0,360.0,1.0,Semiurban,Y
LP004304,Male,Yes,0,Not Graduate,No,16613,5202,109.0,360.0,1.0,Rural,Y
LP004305,Female,Yes,1,Not Graduate,No,11551,472,223.0,300.0,1.0,Semiurban,N
LP004306,Male,,0,Graduate,No,8567,230,147.0,360.0,1.0,Urban,Y
LP004307,Male,Yes,0,Graduate,No,50464,1151,173.0,300.0,1.0,Rural,Y
LP004308,Female,Yes,1,Graduate,Yes,15810,412,144.0,300.0,1.0,Semiurban,Y
LP004309,Female,Yes,2,Graduate,No,4225,411,190.0,360.0,1.0,Rural,Y
LP004310,Female,Yes,1,Graduate,No,3395,1019,145.0,300.0,1.0,Semiurban,N
LP004311,,Yes,1,Graduate,No,14617,506,198.0,360.0,0.0,Urban,Y
LP004312,Female,Yes,1,Graduate,No,14876,148,6.0,360.0,1.0,Rural,Y
LP004313,Male,Yes,1,Graduate,No,6415,2143,154.0,480.0,,Semiurban,Y
LP004314,Female,,0,Graduate,No,3977,3099,163.0,360.0,1.0,Semiurban,Y
LP004315,Female,No,0,Graduate,Yes,2778,811,165.0,480.0,1.0,Semiurban,Y
LP004316,Male,No,0,Graduate,Yes,7277,2308,95.0,480.0,1.0,Rural,N
LP004317,Female,Yes,1,Graduate,No,9994,704,113.0,240.0,1.0,Semiurban,N
LP004318,,Yes,0,Graduate,No,23235,110,97.0,480.0,0.0,Rural,Y
LP004319,Male,No,0,Graduate,No,12036,3215,174.0,240.0,,Urban,Y
LP004320,Male,Yes,1,Graduate,No,31294,973,195.0,360.0,1.0,Rural,Y
LP004321,Male,Yes,1,Graduate,No,21678,1314,67.0,360.0,1.0,Rural,Y
LP004322,Female,Yes,1,Graduate,No,20142,965,160.0,360.0,0.0,Urban,Y
LP004323,Female,Yes,0,Graduate,No,29243,881,,480.0,1.0,Rural,Y
LP004324,Male,Yes,1,Graduate,Yes,4405,1300,237.0,360.0,0.0,Semiurban,N
LP004325,Female,No,,Graduate,No,8699,1330,178.0,360.0,1.0,Urban,N
LP004326,Female,No,,Graduate,No,91229,4995,,240.0,1.0,Urban,Y
LP004327,Male,Yes,2,Not Graduate,Yes,2907,1855,143.0,360.0,1.0,Urban,N
LP004328,Female,Yes,0,Not Graduate,No,10527,4500,214.0,240.0,1.0,Urban,Y
LP004329,Male,Yes,1,Not Graduate,Yes,19553,6690,152.0,360.0,1.0,Rural,Y
LP004330,Female,Yes,0,Graduate,No,2976,158,60.0,360.0,1.0,Urban,Y
LP004331,Male,Yes,0,Not Graduate,Yes,7316,5074,225.0,360.0,1.0,Semiurban,Y
LP004332,Male,Yes,0,Graduate,No,65959,2401,190.0,360.0,0.0,Rural,N
LP004333,Male,Yes,2,Graduate,No,15311,1970,123.0,300.0,,Semiurban,Y
LP004334,Female,Yes,1,Graduate,No,8437,3595,180.0,300.0,0.0,Rural,N
LP004335,Male,Yes,1,Graduate,No,15809,798,119.0,360.0,1.0,Semiurban,Y
LP004336,Male,No,1,Graduate,Yes,8424,2259,117.0,360.0,1.0,Urban,N
LP004337,Male,Yes,0,Graduate,,52576,308,143.0,300.0,1.0,Urban,Y
LP004338,Female,No,1,Not Graduate,No,6046,201,180.0,180.0,1.0,Urban,Y
LP004339,Male,Yes,1,Graduate,No,8793,2075,173.0,240.0,1.0,Semiurban,Y
LP004340,Male,Yes,1,Not Graduate,No,4048,1008,196.0,480.0,1.0,Semiurban,Y
LP004341,Male,Yes,2,Graduate,No,10547,1092,173.0,480.0,,Urban,Y
LP004342,Male,Yes,0,Graduate,Yes,11618,421,,360.0,,Urban,N
LP004343,Female,Yes,2,Graduate,No,34770,1753,236.0,240.0,0.0,Urban,Y
LP004344,Female,No,1,Graduate,No,5923,657,165.0,180.0,1.0,Semiurban,Y
LP004345,Male,No,1,Graduate,No,19671,1037,133.0,480.0,1.0,Urban,Y
LP004346,Male,Yes,1,Graduate,No,14319,611,141.0,360.0,1.0,Rural,Y
LP004347,Female,Yes,3+,Graduate,No,2939,418,53.0,300.0,1.0,Semiurban,Y
LP004348,Male,Yes,0,Graduate,Yes,7478,855,151.0,360.0,1.0,Semiurban,N
LP004349,Female,Yes,1,Graduate,Yes,7244,4549,119.0,480.0,1.0,Urban,Y
LP004350,Female,Yes,1,Graduate,No,51350,621,114.0,180.0,1.0,Rural,Y
LP004351,Female,Yes,0,Graduate,No,20672,942,148.0,360.0,1.0,Semiurban,Y
LP004352,Male,Yes,0,Graduate,No,14998,797,45.0,480.0,1.0,Semiurban,N
LP004353,,Yes,2,Graduate,No,429,510,141.0,360.0,0.0,Rural,N
LP004354,Female,Yes,0,Graduate,No,2902,4793,160.0,240.0,1.0,Urban,Y
LP004355,Male,Yes,0,Graduate,No,23914,214,73.0,480.0,1.0,Semiurban,Y
LP004356,Female,Yes,3+,Graduate,Yes,24975,989,217.0,240.0,1.0,Semiurban,Y
LP004357,Male,,2,Graduate,No,7377,398,172.0,240.0,0.0,Rural,N
LP004358,Female,Yes,0,Not Graduate,,13658,2166,,180.0,1.0,Urban,Y
LP004359,Male,,1,Graduate,No,12905,1287,171.0,180.0,1.0,Urban,N
LP004360,Male,No,1,Graduate,No,15299,4531,168.0,360.0,,Urban,Y
LP004361,,No,2,Graduate,No,9920,2647,226.0,240.0,1.0,Rural,N
LP004362,Female,No,2,Graduate,No,25649,1209,215.0,360.0,1.0,Semiurban,Y
LP004363,Female,Yes,2,Graduate,No,32366,2679,247.0,360.0,1.0,Semiurban,Y
LP004364,Male,No,0,Not Graduate,Yes,6200,2989,143.0,180.0,,Urban,N
LP004365,Male,Yes,1,Not Graduate,No,5138,366,110.0,360.0,,Urban,N
LP004366,Female,Yes,0,Graduate,No,7066,2773,92.0,,1.0,Rural,Y
LP004367,Male,No,0,Graduate,No,13890,1566,101.0,,1.0,Semiurban,Y
LP004368,Male,No,2,Graduate,No,17756,1973,183.0,180.0,,Semiurban,N
LP004369,Male,No,0,Not Graduate,No,25103,672,286.0,300.0,1.0,Urban,N
LP004370,Male,No,1,Not Graduate,No,29060,393,225.0,360.0,1.0,Semiurban,Y
LP004371,Male,No,2,Graduate,No,17853,317,141.0,360.0,1.0,Urban,Y
LP004372,Male,No,0,Graduate,No,16053,18,188.0,360.0,1.0,Rural,Y
LP004373,Male,No,0,Graduate,No,49966,468,122.0,180.0,1.0,Rural,Y
LP004374,Male,Yes,2,Graduate,No,13413,20477,125.0,300.0,1.0,Urban,Y
LP004375,Male,No,3+,Graduate,No,21419,2942,98.0,360.0,1.0,Rural,Y
LP004376,Male,No,2,Graduate,No,17260,1607,101.0,480.0,0.0,Semiurban,Y
LP004377,Male,,1,Graduate,Yes,11631,3474,177.0,180.0,0.0,Rural,Y
LP004378,Female,Yes,0,Graduate,Yes,11692,802,224.0,360.0,0.0,Semiurban,N
LP004379,Male,Yes,0,Graduate,No,38467,685,,120.0,1.0,Urban,Y
LP004380,Male,Yes,1,Graduate,No,12429,774,222.0,300.0,0.0,Semiurban,Y
LP004381,Male,No,,Graduate,No,10075,453,189.0,300.0,1.0,Urban,N
LP004382,Male,Yes,2,Graduate,No,7408,500,148.0,300.0,,Urban,Y
LP004383,Male,Yes,1,Not Graduate,No,18732,1076,123.0,360.0,1.0,Semiurban,Y
LP004384,Male,Yes,1,Graduate,No,8868,1184,178.0,120.0,1.0,Semiurban,Y
LP004385,,No,2,Graduate,No,17421,5385,66.0,,1.0,Rural,Y
LP004386,Male,No,2,Graduate,Yes,15400,3750,119.0,300.0,,Urban,Y
LP004387,Female,No,1,Graduate,No,9490,184,110.0,240.0,1.0,Semiurban,N
LP004388,Male,Yes,3+,Graduate,No,4374,770,212.0,300.0,1.0,Urban,N
LP004389,Male,Yes,3+,Graduate,No,5864,290,81.0,360.0,1.0,Semiurban,Y
LP004390,Male,Yes,3+,Not Graduate,No,6650,47,196.0,180.0,1.0,Rural,N
LP004391,Male,Yes,2,Graduate,No,5983,1217,169.0,360.0,1.0,Rural,N
LP004392,Male,No,2,Not Graduate,No,19229,2192,169.0,360.0,1.0,Urban,Y
LP004393,Female,Yes,1,Graduate,No,73375,1194,126.0,360.0,1.0,Semiurban,Y
LP004394,Male,Yes,0,Graduate,No,8876,1852,76.0,240.0,1.0,Urban,N
LP004395,Female,Yes,0,Graduate,No,9823,733,175.0,480.0,1.0,Rural,Y
LP004396,Female,Yes,0,Graduate,No,8369,319,194.0,360.0,1.0,Rural,Y
LP004397,Male,,0,Not Graduate,No,26532,705,174.0,240.0,1.0,Semiurban,Y
LP004398,Male,Yes,1,Not Graduate,Yes,18790,5667,142.0,360.0,1.0,Rural,Y
LP004399,Male,No,0,Graduate,No,13183,1719,93.0,180.0,1.0,Rural,Y
LP004400,Male,Yes,,Graduate,No,5061,176,,180.0,1.0,Semiurban,Y
LP004401,Male,Yes,2,Graduate,No,6159,1281,172.0,300.0,1.0,Semiurban,Y
LP004402,Male,,0,Graduate,No,15370,5057,110.0,360.0,1.0,Urban,Y
LP004403,Male,Yes,0,Graduate,,15972,2734,101.0,480.0,1.0,Rural,Y
LP004404,Male,No,2,Graduate,No,13188,5136,77.0,480.0,1.0,Rural,Y
LP004405,Female,Yes,2,Graduate,No,22741,183,176.0,360.0,,Urban,Y
LP004406,Female,Yes,,Graduate,No,5023,1275,175.0,360.0,1.0,Urban,Y
LP004407,Female,,3+,Graduate,No,17032,722,207.0,360.0,1.0,Urban,Y
LP004408,Male,Yes,3+,Not Graduate,No,16291,2239,42.0,180.0,1.0,Rural,Y
LP004409,Male,No,1,Graduate,Yes,6208,395,208.0,,1.0,Urban,Y
LP004410,Male,Yes,0,Graduate,No,8234,387,205.0,480.0,1.0,Urban,Y
LP004411,Male,Yes,2,Graduate,No,23260,1092,210.0,300.0,1.0,Rural,Y
LP004412,Male,No,0,Graduate,Yes,5372,362,,360.0,1.0,Semiurban,N
LP004413,Female,Yes,2,Graduate,No,95895,1497,161.0,240.0,0.0,Urban,Y
LP004414,Female,Yes,1,Not Graduate,No,20839,94,160.0,360.0,1.0,Rural,Y
LP004415,Male,Yes,2,Graduate,No,12760,4495,104.0,240.0,1.0,Semiurban,Y
LP004416,Male,Yes,0,Graduate,Yes,10919,38,106.0,360.0,1.0,Urban,Y
LP004417,Male,No,1,Graduate,No,25098,3247,161.0,240.0,1.0,Semiurban,Y
LP004418,Male,Yes,1,Graduate,No,9613,546,,360.0,1.0,Urban,Y
LP004419,Male,,3+,Graduate,No,9934,192,185.0,240.0,1.0,Urban,Y
LP004420,Male,Yes,0,Graduate,No,42704,1344,132.0,360.0,0.0,Urban,Y
LP004421,Male,No,3+,Graduate,No,9161,3173,76.0,360.0,1.0,Semiurban,Y
LP004422,Female,Yes,2,Not Graduate,No,14896,4403,78.0,300.0,0.0,Urban,Y
LP004423,Male,Yes,2,Graduate,No,7272,4234,111.0,300.0,1.0,Rural,Y
LP004424,Female,,2,Graduate,No,16436,391,186.0,360.0,0.0,Semiurban,Y
LP004425,Male,,1,Graduate,Yes,21258,1402,124.0,180.0,1.0,Rural,Y
LP004426,Male,No,0,Graduate,Yes,51344,129,164.0,360.0,1.0,Urban,Y
LP004427,Male,No,0,Graduate,No,6311,1206,66.0,360.0,1.0,Semiurban,N
LP004428,Male,Yes,2,Not Graduate,No,4195,1645,158.0,300.0,1.0,Rural,N
LP004429,Male,Yes,2,Graduate,Yes,10792,699,151.0,480.0,1.0,Urban,N
LP004430,Female,Yes,0,Graduate,No,8154,121,209.0,,1.0,Urban,Y
LP004431,Female,No,1,Graduate,No,13195,537,157.0,240.0,0.0,Semiurban,Y
LP004432,Male,No,1,Not Graduate,Yes,20284,10815,188.0,360.0,1.0,Semiurban,Y
LP004433,Male,Yes,0,Not Graduate,No,81798,1753,247.0,180.0,1.0,Semiurban,Y
LP004434,Female,No,1,Graduate,No,9309,613,151.0,360.0,1.0,Semiurban,N
LP004435,Male,No,0,Graduate,Yes,2279,905,226.0,180.0,1.0,Urban,Y
LP004436,Male,Yes,0,Not Graduate,No,11043,1739,,480.0,1.0,Semiurban,Y
LP004437,Male,No,1,Graduate,No,17684,170,123.0,120.0,1.0,Urban,Y
LP004438,Female,Yes,1,Graduate,No,6150,181,144.0,240.0,,Semiurban,Y
LP004439,Female,Yes,0,Graduate,No,16105,453,124.0,360.0,1.0,Semiurban,Y
LP004440,Male,Yes,1,Graduate,No,14912,593,126.0,360.0,1.0,Rural,Y
LP004441,Female,Yes,0,Graduate,No,16446,9440,121.0,,,Urban,Y
LP004442,Female,Yes,0,Graduate,No,25161,1193,134.0,360.0,0.0,Rural,Y
LP004443,,Yes,0,Graduate,No,12504,589,185.0,120.0,0.0,Urban,N
LP004444,Male,No,0,Not Graduate,No,20702,1173,64.0,360.0,1.0,Semiurban,Y
LP004445,Male,Yes,0,Graduate,No,3167,96,164.0,360.0,1.0,Rural,N
LP004446,Female,Yes,2,Not Graduate,No,6186,370,156.0,240.0,1.0,Rural,N
LP004447,,No,1,Not Graduate,No,10165,446,219.0,360.0,,Urban,N
LP004448,Female,Yes,,Graduate,No,5978,322,131.0,360.0,1.0,Rural,N
LP004449,Male,Yes,0,Graduate,No,13430,4824,206.0,360.0,1.0,Urban,Y
LP004450,,No,0,Graduate,No,10147,2421,107.0,240.0,1.0,Urban,Y
LP004451,Male,No,2,Not Graduate,No,9282,256,127.0,300.0,1.0,Urban,N
LP004452,Male,Yes,,Graduate,No,27093,239,170.0,240.0,0.0,Urban,Y
LP004453,Female,Yes,0,Graduate,No,14286,241,180.0,360.0,1.0,Urban,Y
LP004454,Female,No,1,Graduate,No,5614,876,136.0,360.0,1.0,Semiurban,Y
LP004455,Female,Yes,1,Graduate,No,8244,1394,,240.0,1.0,Rural,Y
LP004456,Male,Yes,0,Graduate,No,24405,1806,141.0,,1.0,Rural,Y
LP004457,Female,Yes,1,Graduate,No,15674,324,189.0,480.0,1.0,Semiurban,Y
LP004458,Male,Yes,0,Graduate,No,34778,885,142.0,360.0,1.0,Urban,Y
LP004459,Male,No,0,Not Graduate,No,26298,1025,138.0,360.0,1.0,Urban,Y
LP004460,Male,No,1,Graduate,No,9786,4611,199.0,480.0,1.0,Urban,Y
LP004461,Male,No,2,Graduate,No,42125,2776,160.0,240.0,1.0,Semiurban,Y
LP004462,Male,No,1,Not Graduate,No,44992,195,183.0,360.0,0.0,Semiurban,N
LP004463,Female,Yes,0,Graduate,No,3202,114,274.0,360.0,1.0,Urban,N
LP004464,Male,,,Graduate,No,13703,959,50.0,120.0,1.0,Rural,Y
LP004465,Female,No,0,Graduate,No,8605,510,98.0,360.0,1.0,Semiurban,N
LP004466,Male,Yes,2,Not Graduate,No,10846,346,103.0,240.0,0.0,Rural,N
LP004467,Male,Yes,1,Graduate,No,6954,442,107.0,480.0,,Rural,Y
LP004468,Male,No,0,Not Graduate,No,6290,2198,221.0,360.0,1.0,Urban,N
LP004469,Female,Yes,1,Graduate,No,27472,180,16.0,360.0,1.0,Semiurban,Y
LP004470,Female,Yes,1,Graduate,No,5247,10076,174.0,360.0,0.0,Rural,N
LP004471,Female,No,0,Not Graduate,No,14395,463,73.0,,1.0,Semiurban,Y
LP004472,Female,,2,Graduate,No,4540,2342,151.0,,1.0,Urban,N
LP004473,Male,Yes,2,Graduate,No,36883,491,162.0,360.0,1.0,Semiurban,Y
LP004474,Male,No,0,Graduate,Yes,13684,177,195.0,180.0,1.0,Semiurban,Y
LP004475,Female,Yes,3+,Graduate,No,24251,920,136.0,,1.0,Urban,Y
LP004476,Male,Yes,1,Graduate,No,15616,243,141.0,300.0,0.0,Urban,N
LP004477,Male,No,2,Graduate,Yes,10909,1308,47.0,180.0,1.0,Semiurban,Y
LP004478,Male,No,2,Graduate,No,14110,1063,264.0,,1.0,Urban,Y
LP004479,,Yes,1,Graduate,No,44616,476,,360.0,1.0,Urban,Y
LP004480,Male,Yes,0,Graduate,No,6516,1315,171.0,360.0,1.0,Rural,Y
LP004481,Male,Yes,3+,Graduate,Yes,1738,3814,203.0,300.0,1.0,Urban,Y
LP004482,Male,Yes,0,Graduate,No,7118,961,146.0,360.0,1.0,Urban,Y
LP004483,Male,Yes,0,Not Graduate,Yes,5078,457,171.0,300.0,1.0,Rural,N
LP004484,Male,Yes,0,Graduate,No,28981,1772,185.0,360.0,0.0,Semiurban,Y
LP004485,Male,Yes,2,Graduate,Yes,11607,1862,76.0,360.0,1.0,Rural,Y
LP004486,Female,Yes,3+,Graduate,No,25899,779,176.0,360.0,1.0,Semiurban,Y
LP004487,Male,Yes,0,Graduate,No,13704,5699,253.0,360.0,1.0,Urban,Y
LP004488,Male,No,2,Graduate,No,13452,765,237.0,360.0,1.0,Urban,N
LP004489,Female,Yes,0,Graduate,No,15232,6538,226.0,360.0,1.0,Rural,Y
LP004490,Male,,,Graduate,Yes,43652,499,245.0,360.0,1.0,Semiurban,Y
LP004491,Male,No,,Graduate,No,15509,3042,87.0,180.0,1.0,Semiurban,Y
LP004492,Female,No,0,Graduate,Yes,32446,842,123.0,240.0,1.0,Semiurban,Y
LP004493,Male,Yes,0,Graduate,No,30826,1513,104.0,480.0,1.0,Urban,Y
LP004494,Female,Yes,0,Graduate,No,11723,96,324.0,240.0,1.0,Rural,N
LP004495,Female,No,0,Not Graduate,Yes,12592,14801,162.0,300.0,1.0,Urban,Y
LP004496,Female,Yes,2,Not Graduate,No,9874,1604,79.0,300.0,1.0,Rural,Y
LP004497,Male,No,0,Graduate,Yes,37292,3714,94.0,300.0,0.0,Urban,Y
LP004498,Male,Yes,3+,Not Graduate,No,6292,209,155.0,360.0,1.0,Rural,Y
LP004499,Male,Yes,1,Graduate,No,7492,1347,81.0,360.0,1.0,Urban,Y
LP004500,Male,Yes,1,Graduate,No,10710,884,243.0,360.0,0.0,Semiurban,Y
LP004501,Male,No,0,Graduate,No,5331,308,189.0,480.0,1.0,Urban,Y
LP004502,Male,No,2,Graduate,No,8324,5127,165.0,480.0,1.0,Rural,Y
LP004503,Male,Yes,1,Graduate,No,33151,1307,97.0,360.0,1.0,Semiurban,Y
LP004504,Male,Yes,2,Graduate,No,22496,1027,83.0,360.0,0.0,Semiurban,Y
LP004505,Male,Yes,3+,Not Graduate,No,9541,2320,167.0,300.0,1.0,Urban,Y
LP004506,Male,Yes,0,Not Graduate,No,25393,393,156.0,360.0,1.0,Rural,Y
LP004507,Female,No,0,Not Graduate,No,70652,1330,85.0,480.0,0.0,Urban,Y
LP004508,Male,Yes,2,Not Graduate,Yes,17162,1221,147.0,480.0,1.0,Urban,Y
LP004509,Male,No,2,Not Graduate,No,41617,1288,,360.0,1.0,Urban,Y
LP004510,Female,Yes,1,Graduate,No,26404,3762,186.0,360.0,1.0,Urban,Y
LP004511,Male,No,0,Graduate,No,10556,658,255.0,,1.0,Urban,Y
LP004512,Male,No,1,Graduate,No,15643,580,46.0,240.0,,Semiurban,N
LP004513,Male,Yes,0,Graduate,No,20353,524,190.0,360.0,1.0,Urban,Y
LP004514,,Yes,0,Graduate,Yes,7361,499,115.0,240.0,1.0,Semiurban,Y
LP004515,Male,Yes,1,Not Graduate,No,1656,4116,171.0,300.0,1.0,Urban,N
LP004516,Male,Yes,0,Not Graduate,No,6855,1007,156.0,300.0,1.0,Semiurban,Y
LP004517,Male,Yes,1,Graduate,Yes,2376,3741,175.0,,1.0,Semiurban,Y
LP004518,Female,Yes,3+,Graduate,No,7323,1518,87.0,480.0,1.0,Urban,N
LP004519,Male,,2,Not Graduate,No,3408,384,198.0,240.0,1.0,Semiurban,Y
LP004520,Male,Yes,3+,Graduate,No,27013,179,152.0,180.0,1.0,Urban,Y
LP004521,Female,No,2,Graduate,No,5187,192,219.0,240.0,1.0,Urban,N
LP004522,Male,No,0,Not Graduate,No,20646,376,,360.0,1.0,Semiurban,Y
LP004523,Female,No,2,Graduate,No,24668,3728,161.0,360.0,1.0,Rural,Y
LP004524,Male,Yes,3+,Graduate,No,23416,5223,199.0,360.0,1.0,Urban,Y
LP004525,Female,Yes,3+,Not Graduate,Yes,2996,1226,195.0,480.0,,Rural,N
LP004526,Male,Yes,1,Graduate,No,32797,3335,216.0,360.0,1.0,Semiurban,Y
LP004527,Female,Yes,0,Graduate,No,18699,563,213.0,300.0,1.0,Rural,Y
LP004528,Female,Yes,0,Graduate,No,25423,516,91.0,360.0,1.0,Semiurban,Y
LP004529,,No,0,Graduate,No,57751,2765,163.0,480.0,1.0,Rural,Y
LP004530,Male,Yes,3+,Graduate,No,25221,1338,80.0,300.0,1.0,Urban,Y
LP004531,Male,Yes,1,Not Graduate,No,5186,2644,123.0,240.0,1.0,Rural,N
LP004532,,No,,Graduate,Yes,22530,1166,125.0,240.0,1.0,Rural,Y
LP004533,Male,Yes,1,Graduate,No,4012,698,179.0,360.0,0.0,Urban,N
LP004534,Male,Yes,1,Graduate,No,12703,846,138.0,300.0,0.0,Urban,N
LP004535,Male,No,0,Graduate,No,8932,1585,142.0,240.0,1.0,Semiurban,N
LP004536,Male,Yes,0,Not Graduate,No,13468,1462,199.0,360.0,1.0,Rural,Y
LP004537,Male,Yes,1,Graduate,No,3993,358,193.0,240.0,1.0,Urban,Y
LP004538,,Yes,1,Graduate,No,4378,947,163.0,360.0,0.0,Urban,Y
LP004539,Male,No,0,Graduate,No,9325,176,,360.0,1.0,Rural,Y
LP004540,Male,Yes,2,Not Graduate,No,11181,721,,360.0,1.0,Semiurban,N
LP004541,Male,Yes,0,Graduate,No,9503,363,248.0,180.0,1.0,Rural,Y
LP004542,Male,Yes,2,Graduate,No,42632,28,139.0,,1.0,Urban,Y
LP004543,Male,Yes,0,Not Graduate,No,18749,15553,112.0,360.0,1.0,Rural,Y
LP004544,Male,Yes,1,Graduate,No,18342,434,160.0,360.0,1.0,Urban,Y
LP004545,Male,Yes,0,Graduate,No,9839,354,102.0,300.0,1.0,Semiurban,Y
LP004546,Female,Yes,2,Not Graduate,No,4387,7688,131.0,360.0,1.0,Rural,Y
LP004547,Male,Yes,1,Graduate,No,13315,268,172.0,300.0,1.0,Urban,N
LP004548,Female,Yes,1,Graduate,Yes,56716,192,124.0,120.0,1.0,Semiurban,Y
LP004549,Female,Yes,3+,Graduate,No,15986,857,138.0,300.0,1.0,Rural,Y
LP004550,Female,Yes,0,Graduate,,32550,605,136.0,360.0,1.0,Semiurban,Y
LP004551,Female,Yes,0,Graduate,No,36008,509,128.0,,0.0,Semiurban,Y
LP004552,Male,Yes,2,Not Graduate,No,20902,364,95.0,,0.0,Rural,N
LP004553,Male,No,1,Not Graduate,No,15934,874,200.0,360.0,1.0,Semiurban,Y
LP004554,Female,,0,Graduate,No,6062,7814,218.0,360.0,1.0,Semiurban,Y
LP004555,Male,Yes,1,Graduate,Yes,11307,158,197.0,300.0,1.0,Urban,Y
LP004556,Male,Yes,0,Graduate,No,10009,3007,197.0,300.0,1.0,Urban,Y
LP004557,Female,Yes,0,Graduate,No,17396,6907,129.0,300.0,1.0,Urban,Y
LP004558,Female,Yes,,Graduate,No,4310,517,158.0,240.0,1.0,Semiurban,Y
LP004559,Female,Yes,2,Graduate,Yes,8692,1722,111.0,300.0,1.0,Rural,N
LP004560,Female,Yes,1,Not Graduate,No,18457,947,143.0,360.0,1.0,Urban,Y
LP004561,Female,No,1,Graduate,No,7618,139,147.0,120.0,1.0,Urban,Y
LP004562,Male,Yes,2,Graduate,No,6422,4735,80.0,360.0,0.0,Urban,N
LP004563,Female,Yes,0,Not Graduate,No,7093,1143,156.0,240.0,1.0,Rural,N
LP004564,Male,,2,Graduate,No,10743,586,123.0,360.0,1.0,Semiurban,N
LP004565,Male,Yes,2,Graduate,Yes,1989,176,163.0,180.0,0.0,Semiurban,N
LP004566,Female,Yes,0,Graduate,No,7354,2048,138.0,240.0,1.0,Urban,N
LP004567,Male,No,0,Graduate,Yes,28629,1316,167.0,120.0,1.0,Rural,Y
LP004568,Male,No,3+,Graduate,No,17311,2268,184.0,300.0,0.0,Rural,Y
LP004569,Male,No,3+,Not Graduate,No,18695,2135,87.0,360.0,,Urban,Y
LP004570,Female,Yes,0,Graduate,No,3095,413,134.0,240.0,1.0,Urban,N
LP004571,Male,Yes,0,Not Graduate,No,9591,18,117.0,120.0,1.0,Urban,N
LP004572,Female,No,0,Graduate,No,12176,961,208.0,480.0,1.0,Urban,N
LP004573,Male,Yes,0,Not Graduate,No,19370,886,234.0,360.0,1.0,Semiurban,Y
LP004574,Female,No,1,Not Graduate,No,32489,1334,152.0,300.0,0.0,Urban,Y
LP004575,Female,Yes,1,Graduate,No,28674,6778,170.0,360.0,1.0,Rural,Y
LP004576,Male,Yes,2,Not Graduate,No,8364,1034,76.0,360.0,,Semiurban,Y
LP004577,Male,No,0,Graduate,No,8518,2517,165.0,360.0,1.0,Semiurban,Y
LP004578,Male,Yes,2,Graduate,No,41341,1724,137.0,,1.0,Urban,Y
LP004579,Female,Yes,0,Graduate,No,10016,208,217.0,360.0,1.0,Urban,Y
LP004580,Female,Yes,0,Graduate,No,5619,233,138.0,360.0,1.0,Urban,Y
LP004581,Female,Yes,1,Not Graduate,,11319,4377,108.0,360.0,1.0,Urban,Y
LP004582,,Yes,0,Graduate,No,39319,381,82.0,360.0,1.0,Urban,Y
LP004583,Female,Yes,0,Graduate,No,6477,1707,159.0,360.0,1.0,Urban,N
LP004584,Female,Yes,2,Not Graduate,No,9479,320,122.0,240.0,1.0,Rural,Y
LP004585,Female,No,,Graduate,No,6695,2685,210.0,360.0,1.0,Urban,Y
LP004586,Female,Yes,2,Graduate,Yes,28713,1475,181.0,,1.0,Urban,Y
LP004587,Male,No,,Graduate,No,16819,767,144.0,360.0,1.0,Semiurban,Y
LP004588,,Yes,0,Graduate,No,28020,2440,181.0,360.0,1.0,Semiurban,Y
LP004589,Female,Yes,1,Graduate,No,46724,1497,237.0,,0.0,Urban,Y
LP004590,Female,Yes,2,Graduate,No,3985,460,92.0,300.0,1.0,Semiurban,N
LP004591,Male,No,1,Graduate,,7278,1112,118.0,180.0,1.0,Urban,N
LP004592,Male,,1,Graduate,No,9444,2447,247.0,300.0,1.0,Semiurban,Y
LP004593,Male,No,3+,Graduate,No,14116,4143,112.0,300.0,1.0,Rural,Y
LP004594,Male,Yes,2,Graduate,No,20024,939,183.0,360.0,1.0,Urban,Y
LP004595,Male,Yes,0,Graduate,No,9016,9355,209.0,240.0,1.0,Rural,Y
LP004596,Female,No,2,Not Graduate,No,7680,448,149.0,240.0,1.0,Semiurban,Y
LP004597,Female,No,1,Not Graduate,Yes,28719,169,184.0,240.0,1.0,Rural,Y
LP004598,Male,No,2,Not Graduate,No,20679,201,135.0,240.0,1.0,Urban,Y
LP004599,Male,Yes,1,Graduate,No,17200,1083,240.0,480.0,1.0,Rural,Y
LP004600,Male,No,0,Not Graduate,No,2400,1112,127.0,240.0,1.0,Semiurban,N
LP004601,Male,Yes,1,Not Graduate,No,35078,1275,,300.0,,Urban,Y
LP004602,Female,Yes,1,Graduate,No,15478,491,194.0,300.0,1.0,Semiurban,Y
LP004603,Female,Yes,1,Graduate,No,11736,15848,185.0,180.0,1.0,Semiurban,Y
LP004604,Male,Yes,2,Graduate,Yes,6936,6721,157.0,180.0,1.0,Rural,N
LP004605,Female,No,2,Graduate,No,8051,277,151.0,480.0,1.0,Urban,N
LP004606,Female,No,1,Graduate,No,6550,970,125.0,360.0,0.0,Semiurban,N
LP004607,Female,No,1,Graduate,No,2702,1163,113.0,480.0,1.0,Rural,Y
LP004608,Male,Yes,1,Graduate,No,6946,2496,119.0,300.0,1.0,Rural,Y
LP004609,Female,Yes,1,Not Graduate,No,3717,176,165.0,360.0,1.0,Rural,N
LP004610,Male,No,3+,Graduate,No,12728,140,139.0,240.0,1.0,Rural,Y
LP004611,Male,Yes,1,Graduate,No,5320,253,75.0,,0.0,Rural,N
LP004612,Male,No,0,Graduate,No,23955,6667,128.0,360.0,1.0,Urban,Y
LP004613,Male,Yes,1,Graduate,Yes,3528,499,139.0,,1.0,Urban,Y
LP004614,Male,Yes,1,Graduate,No,34745,2893,175.0,180.0,0.0,Rural,Y
LP004615,Male,Yes,1,Not Graduate,Yes,26089,2222,164.0,120.0,1.0,Rural,Y
LP004616,Male,No,1,Graduate,Yes,5693,883,237.0,240.0,,Urban,N
LP004617,Female,Yes,0,Graduate,,12389,2959,101.0,240.0,1.0,Semiurban,Y
LP004618,Female,Yes,0,Graduate,No,6744,251,177.0,360.0,1.0,Urban,N
LP004619,Male,No,0,Not Graduate,No,21223,622,181.0,360.0,1.0,Urban,Y
LP004620,Female,Yes,1,Not Graduate,No,56380,76,163.0,360.0,0.0,Semiurban,Y
LP004621,Female,No,0,Graduate,No,34366,1233,135.0,300.0,,Urban,Y
LP004622,Female,Yes,2,Graduate,,7706,423,115.0,360.0,1.0,Rural,Y
LP004623,Male,Yes,0,Graduate,No,14642,15182,147.0,300.0,1.0,Rural,Y
LP004624,Female,No,3+,Not Graduate,No,45152,1176,60.0,240.0,1.0,Rural,Y
LP004625,Female,Yes,0,Graduate,No,20321,2931,103.0,360.0,1.0,Urban,Y
LP004626,Female,Yes,0,Graduate,Yes,29974,2400,101.0,300.0,1.0,Urban,Y
LP004627,Male,Yes,1,Graduate,Yes,22493,999,175.0,,1.0,Semiurban,Y
LP004628,Male,Yes,0,Graduate,No,14200,3606,181.0,480.0,1.0,Rural,Y
LP004629,Female,Yes,3+,Graduate,No,12637,1141,96.0,180.0,0.0,Urban,N
LP004630,Male,Yes,,Graduate,No,5070,1940,84.0,360.0,1.0,Semiurban,Y
LP004631,Male,No,1,Graduate,No,7239,18575,76.0,360.0,0.0,Semiurban,N
LP004632,Male,,3+,Graduate,No,6493,1381,,360.0,0.0,Urban,N
LP004633,Female,Yes,0,Not Graduate,No,10086,582,,180.0,1.0,Urban,Y
LP004634,Female,Yes,0,Not Graduate,No,14467,469,182.0,300.0,1.0,Rural,Y
LP004635,Male,Yes,0,Graduate,No,12254,992,225.0,360.0,0.0,Semiurban,N
LP004636,Female,Yes,1,Not Graduate,No,15878,1262,,,,Urban,Y
LP004637,Male,Yes,0,Graduate,No,22728,1177,,360.0,0.0,Urban,N
LP004638,Female,Yes,1,Graduate,No,9580,164,130.0,360.0,0.0,Urban,N
LP004639,Female,Yes,2,Graduate,No,24110,72,189.0,300.0,0.0,Urban,Y
LP004640,Female,Yes,2,Graduate,No,33207,342,11.0,360.0,1.0,Semiurban,Y
LP004641,Female,Yes,0,Not Graduate,No,18622,1176,137.0,180.0,1.0,Semiurban,Y
LP004642,Male,No,0,Not Graduate,No,8641,1183,198.0,240.0,1.0,Urban,Y
LP004643,Female,No,0,Graduate,No,28490,1892,132.0,360.0,1.0,Semiurban,Y
LP004644,,,1,Not Graduate,No,19655,1695,186.0,360.0,,Semiurban,Y
LP004645,,No,,Not Graduate,No,21917,602,49.0,300.0,1.0,Rural,Y
LP004646,Female,Yes,2,Graduate,No,45621,322,164.0,360.0,1.0,Rural,Y
LP004647,Female,No,2,Not Graduate,No,23565,2049,126.0,360.0,1.0,Urban,Y
LP004648,Male,Yes,0,Graduate,No,47071,1438,138.0,180.0,1.0,Semiurban,Y
LP004649,Female,No,1,Not Graduate,No,11863,295,102.0,360.0,1.0,Urban,N
LP004650,Male,Yes,0,Graduate,No,9460,2320,229.0,360.0,1.0,Rural,Y
LP004651,Male,,0,Graduate,No,33494,3457,153.0,360.0,0.0,Urban,Y
LP004652,Female,Yes,0,Graduate,No,6071,2828,157.0,300.0,1.0,Semiurban,N
LP004653,Male,Yes,0,Graduate,No,60519,3488,253.0,120.0,1.0,Urban,Y
LP004654,Female,Yes,1,Graduate,No,37855,445,103.0,360.0,1.0,Urban,Y
LP004655,Male,Yes,1,Graduate,Yes,14329,3047,156.0,360.0,1.0,Urban,Y
LP004656,Male,No,0,Not Graduate,No,34927,907,115.0,120.0,1.0,Semiurban,Y
LP004657,Female,Yes,,Graduate,No,22694,12756,113.0,360.0,1.0,Rural,Y
LP004658,Male,Yes,1,Not Graduate,No,4759,3206,165.0,480.0,0.0,Rural,Y
LP004659,Male,Yes,0,Not Graduate,Yes,6953,1835,135.0,240.0,1.0,Rural,N
LP004660,Female,No,,Graduate,No,16790,8599,248.0,240.0,1.0,Semiurban,Y
LP004661,Male,No,1,Graduate,No,15178,597,239.0,360.0,,Semiurban,N
LP004662,Female,No,3+,Graduate,No,38044,2123,141.0,360.0,1.0,Semiurban,Y
LP004663,Male,Yes,1,Graduate,No,17011,16037,,360.0,1.0,Semiurban,Y
LP004664,Female,Yes,3+,Graduate,No,4841,2909,135.0,360.0,1.0,Urban,Y
LP004665,Female,Yes,1,Graduate,No,8636,1315,202.0,300.0,1.0,Urban,Y
LP004666,Female,,1,Graduate,No,24208,793,105.0,120.0,1.0,Urban,Y
LP004667,Male,Yes,1,Graduate,No,3108,343,230.0,360.0,1.0,Semiurban,N
LP004668,Female,Yes,1,Graduate,No,4319,774,179.0,480.0,1.0,Urban,Y
LP004669,Female,Yes,0,Graduate,No,9915,410,91.0,360.0,0.0,Semiurban,Y
LP004670,Female,Yes,2,Not Graduate,,28039,831,116.0,300.0,1.0,Rural,Y
LP004671,Male,Yes,0,Graduate,No,11232,960,124.0,300.0,1.0,Urban,N
LP004672,Female,No,1,Graduate,,19317,3592,109.0,480.0,1.0,Urban,Y
LP004673,Female,Yes,1,Graduate,No,13411,671,92.0,480.0,1.0,Urban,N
LP004674,Male,No,1,Graduate,,11936,535,121.0,360.0,1.0,Urban,Y
LP004675,Male,Yes,,Not Graduate,,7918,3180,130.0,360.0,0.0,Urban,N
LP004676,Female,Yes,1,Graduate,No,26156,2530,214.0,360.0,1.0,Semiurban,Y
LP004677,Male,Yes,1,Graduate,Yes,4898,818,171.0,240.0,1.0,Semiurban,Y
LP004678,Female,No,1,Graduate,No,11081,2255,174.0,360.0,0.0,Semiurban,Y
LP004679,Female,Yes,2,Graduate,No,33419,800,167.0,240.0,1.0,Urban,Y
LP004680,Female,No,2,Graduate,No,7248,849,110.0,240.0,1.0,Urban,N
LP004681,Male,Yes,,Graduate,No,3846,7077,207.0,360.0,1.0,Semiurban,Y
LP004682,Male,Yes,3+,Graduate,No,2456,929,128.0,360.0,1.0,Semiurban,N
LP004683,Female,No,2,Graduate,No,22765,673,133.0,360.0,,Urban,Y
LP004684,Male,Yes,0,Graduate,Yes,24026,1120,168.0,300.0,0.0,Urban,N
LP004685,Female,No,0,Not Graduate,No,10143,103,274.0,360.0,1.0,Urban,N
LP004686,Male,Yes,0,Graduate,No,4832,896,121.0,300.0,1.0,Urban,N
LP004687,Male,Yes,1,Graduate,Yes,11886,1488,,360.0,1.0,Urban,Y
LP004688,Male,No,2,Graduate,No,34285,11821,164.0,360.0,1.0,Urban,Y
LP004689,Male,No,2,Graduate,No,4839,1225,184.0,120.0,0.0,Semiurban,Y
LP004690,Female,Yes,2,Graduate,No,31149,1854,128.0,240.0,1.0,Semiurban,Y
LP004691,Male,No,0,Graduate,No,3442,1661,120.0,,1.0,Urban,Y
LP004692,,Yes,1,Graduate,No,5379,16685,86.0,300.0,1.0,Semiurban,Y
LP004693,Male,No,0,Graduate,No,14580,3652,166.0,360.0,0.0,Rural,Y
LP004694,Male,Yes,0,Not Graduate,No,28513,192,247.0,360.0,1.0,Rural,Y
LP004695,Male,Yes,1,Not Graduate,No,43360,4793,235.0,360.0,1.0,Urban,Y
LP004696,Female,Yes,0,Graduate,,29537,352,165.0,360.0,1.0,Semiurban,Y
LP004697,Male,Yes,1,Graduate,No,46249,500,129.0,300.0,1.0,Semiurban,Y
LP004698,,Yes,1,Graduate,No,15454,230,169.0,360.0,0.0,Urban,N
LP004699,Male,Yes,2,Not Graduate,No,8125,9767,133.0,300.0,1.0,Urban,Y
LP004700,Female,Yes,,Not Graduate,No,34450,4553,117.0,360.0,1.0,Semiurban,Y
LP004701,,No,2,Graduate,No,39767,4802,158.0,180.0,1.0,Semiurban,Y
LP004702,Male,Yes,3+,Graduate,No,28131,3801,213.0,360.0,1.0,Semiurban,Y
LP004703,Female,,2,Graduate,No,21808,2512,140.0,300.0,1.0,Semiurban,Y
LP004704,Male,Yes,2,Not Graduate,No,40683,747,139.0,,0.0,Semiurban,Y
LP004705,Male,No,1,Graduate,No,17563,1404,136.0,180.0,1.0,Semiurban,Y
LP004706,,,1,Graduate,No,13142,590,189.0,360.0,1.0,Rural,Y
LP004707,Female,Yes,2,Graduate,No,23870,394,192.0,300.0,1.0,Semiurban,Y
LP004708,Male,Yes,2,Graduate,No,19576,508,96.0,180.0,0.0,Urban,Y
LP004709,Female,Yes,1,Graduate,No,27125,18490,141.0,360.0,1.0,Semiurban,Y
LP004710,Female,Yes,2,Graduate,No,12021,693,205.0,180.0,1.0,Semiurban,Y
LP004711,Male,Yes,1,Graduate,No,27650,3644,133.0,180.0,1.0,Urban,Y
LP004712,Male,Yes,0,Graduate,No,26531,13261,219.0,300.0,1.0,Semiurban,Y
LP004713,Male,Yes,1,Not Graduate,Yes,15846,2798,184.0,300.0,0.0,Rural,N
LP004714,,Yes,0,Graduate,Yes,7330,425,,240.0,1.0,Semiurban,N
LP004715,Male,Yes,0,Graduate,No,36044,453,134.0,360.0,1.0,Urban,Y
LP004716,Male,Yes,0,Graduate,No,5075,1264,185.0,360.0,1.0,Urban,Y
LP004717,Male,No,0,Graduate,No,6209,16450,186.0,300.0,1.0,Semiurban,Y
LP004718,Female,No,2,Graduate,No,15281,6052,203.0,360.0,1.0,Urban,Y
LP004719,Male,Yes,1,Graduate,No,1796,2088,167.0,300.0,1.0,Rural,Y
LP004720,Female,Yes,0,Graduate,No,45906,858,205.0,480.0,,Urban,N
LP004721,Male,Yes,1,Graduate,No,13517,1729,118.0,360.0,1.0,Urban,Y
LP004722,Male,Yes,0,Graduate,No,45779,1376,147.0,,1.0,Urban,Y
LP004723,Male,Yes,1,Graduate,No,56569,1365,75.0,240.0,1.0,Semiurban,Y
LP004724,Male,Yes,1,Graduate,No,11803,383,136.0,360.0,1.0,Rural,Y
LP004725,,No,3+,Not Graduate,No,39300,375,107.0,300.0,1.0,Urban,Y
LP004726,Male,No,0,Graduate,Yes,5721,1627,166.0,120.0,1.0,Urban,Y
LP004727,Female,Yes,1,Graduate,No,18894,272,199.0,360.0,1.0,Semiurban,Y
LP004728,Female,Yes,2,Graduate,No,9147,517,178.0,360.0,1.0,Semiurban,N
LP004729,Female,No,3+,Graduate,No,23322,1136,189.0,300.0,1.0,Rural,Y
LP004730,Male,No,0,Graduate,No,27066,1631,154.0,360.0,1.0,Urban,Y
LP004731,,No,1,Not Graduate,No,11755,4183,142.0,360.0,1.0,Urban,Y
LP004732,Male,Yes,0,Graduate,No,20657,243,91.0,360.0,1.0,Rural,Y
LP004733,Female,Yes,1,Graduate,No,28446,244,,360.0,1.0,Rural,Y
LP004734,Female,Yes,,Not Graduate,No,15525,5258,74.0,480.0,1.0,Rural,Y
LP004735,Male,Yes,2,Graduate,No,101847,8199,,240.0,1.0,Urban,Y
LP004736,Male,Yes,0,Graduate,No,11971,313,195.0,360.0,1.0,Semiurban,Y
LP004737,Male,Yes,1,Graduate,No,50245,397,88.0,300.0,1.0,Rural,Y
LP004738,Male,No,1,Graduate,Yes,33400,2110,108.0,360.0,1.0,Rural,Y
LP004739,Male,No,3+,Graduate,No,3017,1162,126.0,360.0,,Urban,Y
LP004740,Female,Yes,1,Graduate,No,44107,1173,214.0,180.0,1.0,Urban,Y
LP004741,Female,No,0,Graduate,,31544,429,148.0,300.0,1.0,Semiurban,Y
LP004742,Male,Yes,0,Not Graduate,No,14637,2600,156.0,360.0,1.0,Semiurban,Y
LP004743,Male,No,0,Graduate,No,17945,825,170.0,360.0,1.0,Semiurban,Y
LP004744,Female,Yes,2,Graduate,No,19815,793,219.0,240.0,0.0,Semiurban,Y
LP004745,Male,Yes,1,Graduate,No,40144,282,154.0,300.0,1.0,Rural,Y
LP004746,Male,Yes,1,Graduate,No,9600,2834,61.0,300.0,1.0,Urban,Y
LP004747,Male,Yes,0,Graduate,No,47515,710,156.0,360.0,,Urban,Y
LP004748,Male,Yes,2,Graduate,Yes,5612,1038,222.0,360.0,,Semiurban,N
LP004749,Male,Yes,1,Not Graduate,No,3267,4572,182.0,300.0,1.0,Rural,Y
LP004750,Female,No,3+,Graduate,No,21478,312,160.0,180.0,1.0,Rural,Y
LP004751,Male,Yes,1,Graduate,No,36578,988,167.0,360.0,1.0,Urban,Y
LP004752,Male,Yes,0,Graduate,No,11571,169,58.0,,1.0,Urban,Y
LP004753,Female,Yes,0,Graduate,No,2183,585,51.0,300.0,1.0,Urban,N
LP004754,Male,Yes,0,Not Graduate,No,4053,5145,194.0,360.0,1.0,Urban,N
LP004755,Female,Yes,2,Graduate,,18939,172,214.0,360.0,1.0,Semiurban,Y
LP004756,Female,No,,Graduate,No,13252,1455,118.0,360.0,1.0,Urban,Y
LP004757,Male,Yes,0,Not Graduate,Yes,37325,7511,159.0,360.0,1.0,Urban,Y
LP004758,Female,Yes,0,Not Graduate,No,14162,2118,181.0,240.0,1.0,Urban,Y
LP004759,Male,No,0,Graduate,No,7387,544,233.0,300.0,1.0,Urban,Y
LP004760,Female,,3+,Not Graduate,No,17107,288,,480.0,1.0,Rural,Y
LP004761,Male,Yes,0,Graduate,No,30106,108,186.0,300.0,,Rural,Y
LP004762,Female,No,0,Graduate,No,39378,7149,,180.0,1.0,Semiurban,Y
LP004763,Female,Yes,0,Graduate,No,12224,661,135.0,360.0,0.0,Urban,N
LP004764,Male,Yes,1,Graduate,No,14100,126,153.0,240.0,1.0,Urban,Y
LP004765,Male,No,2,Graduate,No,24919,322,94.0,360.0,1.0,Urban,Y
LP004766,Female,Yes,2,Graduate,No,7340,300,97.0,360.0,1.0,Rural,N
LP004767,Female,Yes,0,Graduate,Yes,24086,605,193.0,240.0,1.0,Urban,Y
LP004768,Male,No,1,Graduate,No,11096,19264,209.0,,,Urban,Y
LP004769,Female,Yes,0,Graduate,No,12575,3319,208.0,300.0,1.0,Urban,Y
LP004770,Male,Yes,3+,Graduate,No,13388,1960,98.0,480.0,1.0,Rural,Y
LP004771,Male,No,0,Graduate,Yes,14819,4614,139.0,360.0,1.0,Semiurban,Y
LP004772,Male,No,0,Graduate,No,61760,9903,173.0,180.0,1.0,Rural,Y
LP004773,Male,Yes,1,Graduate,No,9180,2066,36.0,240.0,1.0,Urban,N
LP004774,Female,Yes,0,Graduate,No,9566,6182,172.0,240.0,0.0,Rural,Y
LP004775,Male,No,0,Graduate,No,42505,508,244.0,120.0,1.0,Semiurban,Y
LP004776,Female,No,1,Not Graduate,No,19067,389,206.0,300.0,1.0,Rural,Y
LP004777,,Yes,2,Graduate,No,24687,318,29.0,300.0,1.0,Rural,Y
LP004778,Male,Yes,1,Graduate,No,5859,1560,169.0,240.0,1.0,Rural,Y
LP004779,Male,Yes,1,Graduate,No,16271,46,160.0,360.0,1.0,Urban,Y
LP004780,Male,No,1,Not Graduate,No,25547,5375,163.0,240.0,1.0,Semiurban,Y
LP004781,Male,No,1,Graduate,No,7789,606,,480.0,1.0,Rural,Y
LP004782,Male,No,1,Not Graduate,Yes,22088,2955,133.0,360.0,1.0,Urban,Y
LP004783,Male,,1,Graduate,Yes,11344,206,33.0,180.0,1.0,Rural,N
LP004784,Male,Yes,0,Graduate,No,7971,4160,165.0,240.0,1.0,Rural,Y
LP004785,Male,,0,Graduate,No,30048,5764,181.0,480.0,0.0,Urban,Y
LP004786,Male,No,1,Graduate,No,33200,1240,122.0,240.0,1.0,Semiurban,Y
LP004787,Female,No,1,Graduate,No,14808,2065,212.0,180.0,1.0,Rural,Y
LP004788,Female,Yes,2,Graduate,No,19159,320,67.0,240.0,1.0,Semiurban,Y
LP004789,Male,Yes,,Not Graduate,No,38548,1158,63.0,360.0,1.0,Semiurban,Y
LP004790,Male,No,0,Graduate,Yes,9736,3521,154.0,360.0,1.0,Urban,N
LP004791,Male,Yes,0,Graduate,No,17656,762,115.0,180.0,1.0,Semiurban,Y
LP004792,Female,Yes,0,Graduate,No,9807,6847,198.0,300.0,1.0,Urban,Y
LP004793,Male,Yes,2,Graduate,No,5914,129,128.0,180.0,1.0,Semiurban,Y
LP004794,Male,Yes,,Graduate,No,9742,739,217.0,240.0,0.0,Rural,N
LP004795,Male,Yes,2,Graduate,,5431,109,113.0,240.0,1.0,Rural,Y
LP004796,Male,No,1,Graduate,No,18778,1602,157.0,240.0,1.0,Urban,Y
LP004797,Male,Yes,2,Graduate,Yes,7203,849,50.0,360.0,1.0,Semiurban,Y
LP004798,Female,Yes,3+,Graduate,No,4369,887,147.0,360.0,1.0,Rural,Y
LP004799,Male,Yes,1,Not Graduate,No,24201,2665,153.0,360.0,1.0,Semiurban,Y
LP004800,Female,No,2,Graduate,No,22974,780,210.0,360.0,1.0,Urban,Y
LP004801,Male,No,1,Graduate,No,10257,31826,74.0,240.0,1.0,Urban,Y
LP004802,Male,No,3+,Graduate,No,23448,2893,135.0,300.0,1.0,Semiurban,Y
LP004803,Female,No,2,Graduate,No,7010,1136,222.0,300.0,1.0,Rural,Y
LP004804,Male,Yes,3+,Graduate,No,9918,488,229.0,360.0,1.0,Rural,N
LP004805,Female,Yes,1,Not Graduate,No,18506,367,108.0,360.0,1.0,Semiurban,Y
LP004806,Male,Yes,2,Not Graduate,No,30547,1852,115.0,360.0,1.0,Rural,Y
LP004807,Male,Yes,1,Graduate,No,9838,582,,240.0,,Urban,N
LP004808,,No,0,Graduate,No,8293,3601,,300.0,1.0,Urban,N
LP004809,Male,Yes,0,Not Graduate,,29319,993,,180.0,1.0,Rural,Y
LP004810,Female,No,2,Graduate,No,21810,997,117.0,360.0,1.0,Rural,Y
LP004811,Male,Yes,,Graduate,No,15047,1258,253.0,360.0,0.0,Urban,Y
LP004812,Female,Yes,,Graduate,No,34368,913,167.0,360.0,1.0,Semiurban,Y
LP004813,,Yes,0,Graduate,No,63424,1529,139.0,360.0,1.0,Semiurban,Y
LP004814,Male,Yes,0,Not Graduate,No,17903,13139,182.0,360.0,1.0,Urban,Y
LP004815,Female,Yes,2,Graduate,No,8334,2098,201.0,300.0,1.0,Urban,N
LP004816,Female,Yes,,Graduate,No,19887,1822,210.0,360.0,1.0,Urban,Y
LP004817,Female,Yes,1,Not Graduate,Yes,6933,2819,162.0,120.0,1.0,Urban,Y
LP004818,Female,Yes,0,Graduate,,36088,962,148.0,240.0,1.0,Urban,Y
LP004819,Female,Yes,1,Not Graduate,No,7621,345,157.0,300.0,0.0,Semiurban,Y
LP004820,Male,Yes,1,Graduate,No,11447,29,147.0,360.0,1.0,Urban,N
LP004821,Male,Yes,0,Graduate,No,6835,93,123.0,360.0,1.0,Urban,Y
LP004822,Male,Yes,0,Graduate,No,15455,2690,202.0,360.0,1.0,Urban,Y
LP004823,Male,Yes,1,Graduate,No,15898,1707,140.0,180.0,1.0,Rural,Y
LP004824,Male,Yes,0,Graduate,No,24200,918,99.0,360.0,1.0,Rural,Y
LP004825,Male,Yes,1,Graduate,No,14701,18671,151.0,240.0,1.0,Semiurban,Y
LP004826,Male,Yes,0,Not Graduate,,13863,1052,185.0,300.0,1.0,Urban,Y
LP004827,Female,Yes,1,Not Graduate,No,8441,64,77.0,300.0,1.0,Urban,Y
LP004828,Male,Yes,0,Graduate,No,10624,2698,,360.0,1.0,Urban,N
LP004829,Male,Yes,3+,Not Graduate,No,4383,4416,109.0,360.0,1.0,Semiurban,Y
LP004830,Male,No,1,Not Graduate,No,40739,2602,259.0,180.0,1.0,Semiurban,Y
LP004831,Female,Yes,0,Graduate,No,12388,4495,154.0,360.0,1.0,Urban,Y
LP004832,Female,Yes,1,Graduate,Yes,49640,132,227.0,300.0,1.0,Urban,Y
LP004833,Female,No,2,Not Graduate,No,12126,1228,162.0,,1.0,Semiurban,Y
LP004834,Male,Yes,2,Graduate,,2916,405,166.0,360.0,0.0,Urban,N
LP004835,Male,No,2,Graduate,No,9317,2054,146.0,480.0,1.0,Semiurban,Y
LP004836,Male,Yes,0,Graduate,Yes,13331,6797,138.0,300.0,1.0,Urban,Y
LP004837,Male,Yes,1,Graduate,Yes,14076,705,146.0,360.0,1.0,Semiurban,N
LP004838,Male,No,2,Not Graduate,No,22959,2396,117.0,240.0,0.0,Rural,Y
LP004839,Male,Yes,1,Graduate,No,15353,383,149.0,480.0,1.0,Urban,Y
LP004840,Male,Yes,,Not Graduate,No,10202,1073,68.0,300.0,1.0,Urban,Y
LP004841,Female,Yes,0,Not Graduate,No,6425,591,158.0,360.0,1.0,Urban,Y
LP004842,Female,Yes,0,Graduate,No,9651,9520,89.0,480.0,1.0,Semiurban,Y
LP004843,Male,Yes,2,Graduate,Yes,21668,300,154.0,240.0,1.0,Rural,Y
LP004844,Male,Yes,1,Graduate,No,26548,1219,166.0,360.0,1.0,Rural,Y
LP004845,Male,No,0,Graduate,No,7792,5671,220.0,480.0,1.0,Rural,N
LP004846,Male,No,0,Not Graduate,No,29899,106,165.0,480.0,1.0,Urban,Y
LP004847,Female,Yes,,Graduate,No,21062,1839,136.0,240.0,1.0,Urban,Y
LP004848,Male,No,0,Not Graduate,No,6570,1253,,180.0,1.0,Urban,Y
LP004849,Female,Yes,0,Graduate,No,16274,484,185.0,300.0,1.0,Semiurban,Y
LP004850,Male,Yes,0,Graduate,Yes,17958,4718,145.0,360.0,1.0,Semiurban,Y
LP004851,Female,No,3+,Graduate,No,5701,8596,112.0,360.0,0.0,Semiurban,Y
LP004852,Male,No,3+,Graduate,No,4505,2415,157.0,360.0,1.0,Urban,Y
LP004853,Female,No,,Graduate,No,19517,768,,360.0,1.0,Semiurban,Y
LP004854,Male,Yes,1,Graduate,No,9288,193,153.0,180.0,1.0,Semiurban,N
LP004855,Female,Yes,0,Graduate,,44787,1361,110.0,300.0,1.0,Rural,Y
LP004856,Male,No,0,Graduate,No,52936,911,133.0,360.0,1.0,Urban,Y
LP004857,Male,,2,Graduate,No,19488,980,249.0,360.0,1.0,Semiurban,Y
LP004858,Female,Yes,0,Graduate,No,28606,604,125.0,180.0,1.0,Semiurban,Y
LP004859,Female,Yes,1,Graduate,No,5889,543,189.0,360.0,0.0,Rural,Y
LP004860,Female,No,1,Graduate,No,4603,1135,202.0,480.0,1.0,Rural,Y
LP004861,Female,Yes,0,Not Graduate,No,11930,250,192.0,360.0,0.0,Urban,N
LP004862,Female,Yes,1,Not Graduate,No,4773,3803,168.0,360.0,1.0,Semiurban,Y
LP004863,Male,Yes,1,Graduate,No,17087,438,94.0,180.0,0.0,Semiurban,Y
LP004864,Male,Yes,2,Graduate,No,7137,1254,117.0,360.0,0.0,Semiurban,Y
LP004865,Male,No,0,Graduate,No,15558,743,91.0,360.0,1.0,Rural,Y
LP004866,Female,Yes,0,Graduate,No,11632,2392,132.0,360.0,1.0,Urban,N
LP004867,Male,Yes,1,Graduate,No,22245,2240,132.0,360.0,1.0,Semiurban,Y
LP004868,Male,Yes,3+,Graduate,No,17345,2015,104.0,360.0,0.0,Semiurban,N
LP004869,Male,Yes,0,Graduate,No,9670,269,177.0,300.0,1.0,Urban,N
LP004870,Female,Yes,3+,Graduate,No,4470,870,125.0,240.0,1.0,Semiurban,Y
LP004871,Male,Yes,2,Graduate,No,15214,7500,131.0,360.0,1.0,Semiurban,Y
LP004872,Male,,2,Graduate,Yes,3314,727,71.0,240.0,,Rural,N
LP004873,Male,Yes,0,Not Graduate,No,36202,3862,153.0,180.0,0.0,Rural,Y
LP004874,Male,No,0,Not Graduate,No,20397,1083,145.0,240.0,1.0,Urban,Y
LP004875,Male,No,0,Not Graduate,No,26218,756,120.0,300.0,1.0,Rural,Y
LP004876,Female,Yes,0,Graduate,No,6151,1371,169.0,360.0,1.0,Rural,N
LP004877,,Yes,3+,Graduate,No,17762,403,155.0,300.0,1.0,Semiurban,Y
LP004878,Female,No,0,Graduate,No,7837,3228,179.0,360.0,1.0,Rural,Y
LP004879,Male,Yes,1,Graduate,,15051,393,181.0,360.0,1.0,Urban,Y
LP004880,Female,Yes,0,Graduate,Yes,6010,2131,185.0,360.0,1.0,Rural,N
LP004881,Male,No,2,Not Graduate,No,12497,4001,233.0,360.0,1.0,Rural,Y
LP004882,Male,Yes,0,Not Graduate,No,4434,1827,156.0,360.0,1.0,Urban,Y
LP004883,Female,Yes,0,Not Graduate,No,11754,554,102.0,,1.0,Urban,N
LP004884,Male,Yes,0,Graduate,No,3584,1370,128.0,360.0,1.0,Semiurban,N
LP004885,Male,Yes,2,Graduate,No,54051,454,,360.0,1.0,Urban,Y
LP004886,Female,No,0,Not Graduate,No,15188,850,104.0,240.0,,Rural,N
LP004887,Male,Yes,0,Not Graduate,No,13420,585,24.0,300.0,0.0,Urban,Y
LP004888,Female,Yes,0,Graduate,No,22944,439,161.0,,1.0,Urban,Y
LP004889,Male,No,3+,Graduate,No,4724,2337,151.0,,1.0,Rural,Y
LP004890,Female,No,1,Graduate,Yes,7153,3571,245.0,300.0,1.0,Urban,N
LP004891,Male,Yes,2,Graduate,No,20431,3881,242.0,,1.0,Rural,Y
LP004892,Male,,1,Graduate,No,15201,1466,183.0,360.0,1.0,Semiurban,Y
LP004893,Female,Yes,0,Not Graduate,No,7512,6393,178.0,360.0,1.0,Semiurban,N
LP004894,Male,No,1,Graduate,No,22436,486,108.0,360.0,1.0,Semiurban,Y
LP004895,Male,Yes,0,Graduate,No,17020,5126,159.0,360.0,1.0,Semiurban,Y
LP004896,Male,Yes,1,Graduate,No,20019,3266,144.0,360.0,1.0,Urban,Y
LP004897,Male,Yes,,Graduate,,18247,1150,157.0,300.0,1.0,Urban,Y
LP004898,Male,Yes,1,Graduate,No,7745,1433,,360.0,0.0,Rural,Y
LP004899,Male,Yes,,Graduate,No,12573,3803,170.0,360.0,1.0,Rural,Y
LP004900,Female,Yes,0,Graduate,No,3024,2426,81.0,360.0,1.0,Rural,Y
LP004901,Male,Yes,2,Not Graduate,No,8878,1500,301.0,360.0,1.0,Urban,N
LP004902,Male,Yes,2,Graduate,No,10978,638,222.0,480.0,1.0,Semiurban,Y
LP004903,Male,Yes,,Graduate,No,22057,361,216.0,300.0,1.0,Rural,Y
LP004904,Male,,0,Not Graduate,No,20125,1248,86.0,180.0,1.0,Semiurban,Y
LP004905,Female,No,2,Not Graduate,Yes,7319,277,68.0,360.0,1.0,Rural,Y
LP004906,Male,No,2,Graduate,No,7191,2640,163.0,180.0,1.0,Rural,Y
LP004907,Female,Yes,3+,Not Graduate,,38009,130,134.0,360.0,0.0,Urban,N
LP004908,,Yes,0,Graduate,No,10560,1585,242.0,360.0,1.0,Semiurban,Y
LP004909,Female,Yes,1,Graduate,No,14638,786,181.0,360.0,1.0,Semiurban,Y
LP004910,Male,Yes,0,Graduate,No,25039,647,147.0,480.0,1.0,Urban,Y
LP004911,Female,Yes,1,Graduate,No,12536,786,223.0,,0.0,Rural,Y
LP004912,Male,Yes,0,Graduate,No,11833,34,159.0,480.0,1.0,Rural,Y
LP004913,Male,No,0,Graduate,No,10381,645,161.0,360.0,1.0,Rural,N
LP004914,Male,Yes,0,Graduate,No,8890,387,202.0,300.0,1.0,Semiurban,Y
LP004915,Male,Yes,1,Graduate,No,14977,393,116.0,120.0,1.0,Urban,Y
LP004916,Female,Yes,1,Graduate,No,3108,46405,200.0,180.0,1.0,Urban,Y
LP004917,Male,No,1,Not Graduate,No,10007,207,178.0,360.0,1.0,Rural,N
LP004918,Male,Yes,2,Graduate,No,20582,1764,103.0,240.0,1.0,Urban,Y
LP004919,Female,No,2,Graduate,No,18749,422,247.0,300.0,1.0,Urban,Y
LP004920,Male,Yes,1,Not Graduate,Yes,41309,366,127.0,360.0,1.0,Rural,Y
LP004921,Female,No,3+,Graduate,Yes,26106,217,68.0,180.0,1.0,Urban,Y
LP004922,Female,No,1,Graduate,No,18519,4246,111.0,,1.0,Urban,Y
LP004923,Male,No,0,Graduate,Yes,13669,4653,98.0,360.0,1.0,Semiurban,Y
LP004924,Female,Yes,3+,Graduate,No,9272,520,159.0,360.0,1.0,Semiurban,Y
LP004925,Male,Yes,0,Graduate,No,19982,3276,231.0,480.0,1.0,Semiurban,N
LP004926,Male,Yes,1,Not Graduate,No,17305,316,162.0,300.0,1.0,Semiurban,Y
LP004927,Male,No,0,Graduate,No,9902,677,229.0,360.0,1.0,Urban,Y
LP004928,Male,Yes,1,Graduate,,6676,2476,203.0,360.0,0.0,Urban,Y
LP004929,Female,Yes,1,Graduate,No,12804,329,16.0,120.0,1.0,Semiurban,N
LP004930,Female,Yes,0,Graduate,Yes,33684,451,,360.0,1.0,Rural,Y
LP004931,,Yes,1,Graduate,No,14591,1129,120.0,360.0,,Rural,Y
LP004932,Male,Yes,2,Not Graduate,,13666,1146,175.0,300.0,1.0,Urban,Y
LP004933,Female,Yes,0,Graduate,No,18742,300,147.0,300.0,1.0,Rural,Y
LP004934,Male,Yes,0,Graduate,No,19634,15987,289.0,180.0,1.0,Semiurban,Y
LP004935,Male,Yes,0,Graduate,No,16303,398,171.0,360.0,0.0,Semiurban,Y
LP004936,Male,No,2,Graduate,No,12917,3440,179.0,360.0,1.0,Urban,Y
LP004937,Female,No,2,Not Graduate,No,8896,2241,203.0,480.0,1.0,Rural,Y
LP004938,Male,No,2,Not Graduate,,29848,417,75.0,360.0,1.0,Semiurban,Y
LP004939,Female,Yes,0,Graduate,No,9494,1912,204.0,300.0,0.0,Urban,N
LP004940,Female,,0,Graduate,No,46998,399,139.0,240.0,1.0,Rural,Y
LP004941,Male,Yes,0,Graduate,No,15115,1193,115.0,360.0,,Rural,Y
LP004942,Male,Yes,0,Graduate,No,13934,2947,191.0,300.0,1.0,Semiurban,Y
LP004943,Female,Yes,1,Not Graduate,No,24538,561,75.0,480.0,1.0,Semiurban,Y
LP004944,Male,Yes,3+,Graduate,No,7922,1796,196.0,240.0,,Urban,N
LP004945,Female,Yes,0,Graduate,No,21143,549,142.0,240.0,1.0,Urban,Y
LP004946,Female,No,3+,Graduate,No,14650,1353,144.0,360.0,0.0,Urban,N
LP004947,Female,Yes,0,Graduate,No,18558,1245,37.0,480.0,1.0,Rural,Y
LP004948,Female,Yes,3+,Graduate,No,7732,706,195.0,180.0,1.0,Semiurban,Y
LP004949,Female,Yes,0,Graduate,No,7674,121,162.0,120.0,1.0,Urban,Y
LP004950,Female,Yes,3+,Graduate,No,3084,2799,126.0,480.0,1.0,Rural,N
LP004951,Male,Yes,0,Graduate,No,9266,11951,103.0,180.0,1.0,Semiurban,Y
LP004952,Male,Yes,3+,Graduate,No,8886,1296,189.0,360.0,1.0,Rural,Y
LP004953,Male,No,0,Graduate,No,7833,525,167.0,240.0,0.0,Urban,Y
LP004954,Female,Yes,0,Graduate,No,12180,1407,150.0,240.0,1.0,Rural,N
LP004955,Male,Yes,1,Graduate,No,14064,4338,100.0,240.0,1.0,Rural,Y
LP004956,,No,0,Graduate,Yes,19926,5092,165.0,360.0,1.0,Rural,Y
LP004957,Male,No,1,Graduate,No,21007,3274,162.0,360.0,1.0,Rural,Y
LP004958,Female,No,3+,Graduate,No,22480,1870,215.0,180.0,0.0,Rural,Y
LP004959,Male,Yes,1,Graduate,No,23244,2466,90.0,180.0,1.0,Rural,Y
LP004960,Female,Yes,2,Not Graduate,No,16651,1263,114.0,480.0,1.0,Rural,Y
LP004961,Male,Yes,0,Graduate,No,13963,348,247.0,360.0,0.0,Semiurban,N
LP004962,Male,No,1,Graduate,Yes,28093,696,159.0,360.0,1.0,Urban,Y
LP004963,Male,No,1,Graduate,No,23263,744,162.0,180.0,0.0,Urban,Y
LP004964,Female,Yes,2,Not Graduate,No,4082,1557,198.0,180.0,1.0,Urban,N
LP004965,Male,Yes,0,Not Graduate,No,11634,132,240.0,300.0,1.0,Rural,N
LP004966,Male,No,1,Not Graduate,No,3156,2024,91.0,360.0,1.0,Rural,Y
LP004967,Female,Yes,0,Graduate,No,3107,97,,300.0,1.0,Semiurban,Y
LP004968,Female,Yes,0,Graduate,No,8891,1796,147.0,360.0,1.0,Semiurban,Y
LP004969,Female,Yes,0,Not Graduate,No,12059,4464,163.0,360.0,1.0,Urban,N
LP004970,Male,Yes,0,Not Graduate,No,9515,3209,153.0,300.0,1.0,Semiurban,N
LP004971,Male,No,0,Not Graduate,No,3226,374,224.0,180.0,1.0,Semiurban,Y
LP004972,Female,Yes,0,Graduate,No,24836,2317,197.0,360.0,1.0,Semiurban,Y
LP004973,Male,Yes,2,Graduate,No,7588,2553,142.0,240.0,0.0,Urban,N
LP004974,Female,Yes,0,Graduate,Yes,19761,8492,93.0,300.0,1.0,Semiurban,Y
LP004975,Male,Yes,2,Graduate,No,7757,1700,137.0,120.0,1.0,Semiurban,Y
LP004976,Male,Yes,0,Not Graduate,Yes,8972,3756,83.0,360.0,1.0,Urban,Y
LP004977,Male,Yes,0,Not Graduate,No,18900,649,194.0,360.0,1.0,Rural,Y
LP004978,Male,Yes,1,Graduate,No,10103,394,116.0,360.0,1.0,Semiurban,Y
LP004979,Male,Yes,1,Graduate,No,15312,3093,144.0,360.0,1.0,Semiurban,Y
LP004980,Male,No,1,Not Graduate,No,16678,3145,208.0,480.0,1.0,Urban,Y
LP004981,Female,Yes,1,Graduate,No,4265,511,190.0,360.0,1.0,Semiurban,N
LP004982,Male,Yes,0,Graduate,Yes,19579,256,169.0,240.0,1.0,Urban,Y
LP004983,Female,No,1,Graduate,No,6310,1271,110.0,360.0,0.0,Rural,Y
LP004984,Female,Yes,1,Graduate,No,5492,1155,174.0,240.0,1.0,Urban,N
LP004985,Male,No,0,Graduate,No,7470,1451,110.0,300.0,0.0,Urban,N
LP004986,Male,Yes,2,Graduate,No,25631,3174,,300.0,1.0,Semiurban,Y
LP004987,Female,No,2,Graduate,No,3713,3769,84.0,360.0,1.0,Semiurban,Y
LP004988,,No,0,Graduate,No,22489,1107,210.0,360.0,1.0,Semiurban,Y
LP004989,Female,,2,Graduate,No,17529,332,159.0,360.0,1.0,Urban,Y
LP004990,Female,No,3+,Graduate,No,14178,459,149.0,300.0,1.0,Rural,Y
LP004991,Female,No,1,Graduate,No,16274,535,169.0,240.0,1.0,Rural,Y
LP004992,Male,Yes,0,Not Graduate,No,10592,949,144.0,300.0,1.0,Rural,Y
LP004993,Male,Yes,3+,Graduate,No,23059,591,153.0,360.0,1.0,Urban,Y
LP004994,Female,Yes,0,Graduate,,9497,817,214.0,360.0,1.0,Rural,Y
LP004995,Male,No,0,Graduate,No,3641,1198,202.0,180.0,0.0,Urban,N
LP004996,Female,Yes,0,Graduate,No,12559,506,185.0,480.0,1.0,Urban,Y
LP004997,Male,Yes,2,Graduate,No,25363,1613,162.0,300.0,1.0,Urban,Y
LP004998,Male,Yes,3+,Graduate,No,19803,9829,134.0,360.0,,Urban,Y
LP004999,Female,Yes,1,Not Graduate,No,57040,897,203.0,120.0,1.0,Rural,N
LP005000,Male,Yes,3+,Not Graduate,No,10910,483,104.0,480.0,1.0,Rural,Y
LP005001,Male,Yes,0,Graduate,No,11747,1584,239.0,360.0,0.0,Urban,N
LP005002,Male,No,0,Graduate,No,11085,422,185.0,240.0,1.0,Semiurban,Y
LP005003,,Yes,1,Graduate,,7179,918,209.0,360.0,1.0,Urban,Y
LP005004,Male,Yes,3+,Graduate,No,9149,485,173.0,240.0,0.0,Urban,Y
LP005005,Female,Yes,1,Graduate,No,5819,303,143.0,240.0,0.0,Semiurban,N
LP005006,Male,,0,Graduate,No,2132,382,197.0,300.0,0.0,Semiurban,N
LP005007,,Yes,0,Not Graduate,No,8398,496,79.0,360.0,1.0,Urban,Y
LP005008,Female,Yes,0,Not Graduate,No,13613,314,120.0,240.0,1.0,Urban,N
LP005009,Male,Yes,0,Graduate,No,22127,5087,140.0,360.0,1.0,Urban,Y
LP005010,Male,Yes,0,Graduate,No,8429,1840,80.0,360.0,1.0,Semiurban,N
LP005011,Male,Yes,3+,Graduate,,8507,3395,181.0,120.0,1.0,Semiurban,Y
LP005012,Female,Yes,1,Graduate,No,30469,214,213.0,360.0,1.0,Semiurban,Y
LP005013,Male,No,1,Not Graduate,No,4605,770,64.0,300.0,1.0,Urban,Y
LP005014,Female,Yes,0,Graduate,Yes,11723,1813,129.0,360.0,1.0,Rural,Y
LP005015,Male,No,0,Graduate,No,28733,7968,141.0,360.0,1.0,Rural,Y
LP005016,Male,No,1,Not Graduate,No,7580,444,166.0,240.0,1.0,Urban,Y
LP005017,Male,Yes,2,Graduate,No,3917,234,192.0,360.0,1.0,Rural,Y
LP005018,Male,No,1,Graduate,No,52338,1378,136.0,240.0,0.0,Urban,Y
LP005019,Male,Yes,2,Graduate,,25322,488,197.0,180.0,1.0,Urban,Y
LP005020,Female,Yes,2,Graduate,No,25959,8492,154.0,480.0,1.0,Urban,Y
LP005021,Female,Yes,0,Graduate,No,12438,2101,119.0,360.0,1.0,Urban,Y
LP005022,Male,No,0,Graduate,Yes,22303,778,161.0,360.0,1.0,Semiurban,Y
LP005023,Female,Yes,1,Graduate,No,1821,781,86.0,180.0,1.0,Semiurban,N
LP005024,Female,No,1,Graduate,No,9415,942,137.0,240.0,0.0,Rural,N
LP005025,Female,Yes,0,Graduate,No,28511,122,141.0,360.0,1.0,Rural,Y
LP005026,Male,No,1,Not Graduate,No,4373,1153,119.0,360.0,1.0,Urban,Y
LP005027,Male,Yes,1,Graduate,Yes,10231,611,276.0,,1.0,Urban,Y
LP005028,Male,Yes,3+,Graduate,No,17252,2343,215.0,360.0,1.0,Urban,Y
LP005029,Female,Yes,0,Not Graduate,Yes,7133,373,159.0,240.0,1.0,Urban,Y
LP005030,,Yes,0,Not Graduate,No,13438,2487,171.0,,0.0,Urban,Y
LP005031,Male,Yes,1,Not Graduate,No,18188,2103,175.0,120.0,1.0,Rural,Y
LP005032,Male,No,1,Graduate,No,17010,1328,181.0,180.0,1.0,Urban,Y
LP005033,Male,Yes,1,Graduate,Yes,9695,4936,228.0,300.0,1.0,Semiurban,N
LP005034,,No,3+,Graduate,No,6882,114,196.0,,1.0,Semiurban,Y
LP005035,Male,Yes,2,Not Graduate,No,18341,1868,50.0,300.0,1.0,Urban,Y
LP005036,Male,No,1,Graduate,No,17523,1039,191.0,360.0,1.0,Urban,Y
LP005037,Female,Yes,0,Graduate,No,16848,1003,108.0,360.0,1.0,Semiurban,Y
LP005038,Female,,1,Graduate,No,14641,337,122.0,360.0,0.0,Rural,N
LP005039,Female,No,1,Graduate,No,17537,199,199.0,360.0,1.0,Semiurban,Y
LP005040,Female,Yes,2,Graduate,No,26945,3199,56.0,360.0,1.0,Rural,Y
LP005041,Female,Yes,3+,Not Graduate,No,17119,2823,235.0,240.0,1.0,Urban,Y
LP005042,Male,Yes,1,Graduate,No,14446,9493,190.0,360.0,1.0,Urban,Y
LP005043,Male,Yes,1,Graduate,,8764,11562,166.0,360.0,1.0,Urban,Y
LP005044,Female,Yes,0,Not Graduate,No,40485,171,,360.0,1.0,Urban,Y
LP005045,Female,No,0,Graduate,No,5440,910,207.0,360.0,1.0,Urban,Y
LP005046,Female,Yes,0,Graduate,No,11359,1481,161.0,480.0,1.0,Rural,Y
LP005047,Male,Yes,0,Graduate,No,8890,3478,188.0,360.0,1.0,Rural,Y
LP005048,Male,Yes,1,Graduate,,3097,6076,101.0,480.0,1.0,Rural,Y
LP005049,Male,Yes,0,Graduate,No,17730,318,190.0,360.0,1.0,Urban,Y
LP005050,Male,Yes,1,Graduate,No,11354,572,180.0,240.0,,Semiurban,Y
LP005051,,No,1,Not Graduate,No,13704,5681,221.0,360.0,1.0,Urban,Y
LP005052,Female,No,1,Not Graduate,No,11578,147,158.0,480.0,1.0,Rural,Y
LP005053,Male,Yes,1,Graduate,No,24406,301,165.0,360.0,0.0,Semiurban,Y
LP005054,Male,No,0,Graduate,No,27042,1854,103.0,480.0,1.0,Urban,Y
LP005055,,Yes,3+,Graduate,No,5535,12902,149.0,120.0,1.0,Rural,Y
LP005056,Female,No,0,Graduate,No,54845,146,180.0,,1.0,Urban,Y
LP005057,Male,,3+,Graduate,No,11024,1177,185.0,240.0,0.0,Urban,Y
LP005058,Male,Yes,,Graduate,,21376,2132,235.0,300.0,0.0,Semiurban,Y
LP005059,Male,Yes,1,Graduate,Yes,15432,6398,173.0,120.0,1.0,Semiurban,Y
LP005060,Male,Yes,0,Graduate,No,14538,1874,145.0,,1.0,Urban,Y
LP005061,Female,Yes,0,Graduate,No,20857,120,177.0,360.0,1.0,Semiurban,Y
LP005062,Female,Yes,1,Not Graduate,No,38355,234,122.0,180.0,1.0,Urban,Y
LP005063,Male,Yes,2,Not Graduate,Yes,24875,5689,216.0,240.0,0.0,Urban,Y
LP005064,Male,Yes,0,Graduate,Yes,10996,1859,115.0,360.0,0.0,Semiurban,Y
LP005065,Female,Yes,1,Graduate,No,12488,284,129.0,480.0,1.0,Semiurban,Y
LP005066,Male,Yes,0,Not Graduate,No,8511,1982,96.0,180.0,1.0,Urban,Y
LP005067,Male,Yes,,Graduate,No,23674,1585,154.0,300.0,1.0,Rural,Y
LP005068,Male,Yes,3+,Graduate,No,21416,54,182.0,240.0,1.0,Semiurban,Y
LP005069,Female,Yes,2,Graduate,Yes,10160,88,,240.0,1.0,Urban,Y
LP005070,Male,No,1,Graduate,Yes,38607,1592,147.0,360.0,1.0,Rural,Y
LP005071,Male,No,0,Graduate,,31540,12613,138.0,360.0,,Urban,N
LP005072,Female,Yes,0,Graduate,No,57457,1504,16.0,480.0,1.0,Rural,Y
LP005073,Male,Yes,3+,Graduate,No,7102,58,161.0,360.0,1.0,Rural,Y
LP005074,Male,,0,Graduate,No,12330,158,151.0,180.0,1.0,Semiurban,N
LP005075,Female,No,2,Graduate,No,11416,2323,150.0,300.0,1.0,Semiurban,Y
LP005076,Male,Yes,0,Graduate,Yes,107255,2648,225.0,300.0,1.0,Semiurban,Y
LP005077,Female,Yes,3+,Graduate,No,13465,868,177.0,240.0,1.0,Rural,Y
LP005078,Male,,0,Graduate,No,36758,613,129.0,360.0,1.0,Rural,Y
LP005079,Male,Yes,0,Graduate,No,30571,2843,104.0,240.0,1.0,Semiurban,Y
LP005080,Male,Yes,1,Graduate,No,12492,4129,92.0,360.0,1.0,Semiurban,Y
LP005081,Male,Yes,3+,Graduate,No,13966,2521,127.0,180.0,1.0,Urban,Y
LP005082,Male,Yes,3+,Graduate,Yes,20296,349,168.0,300.0,0.0,Rural,Y
LP005083,Female,Yes,2,Graduate,Yes,36544,3226,44.0,,1.0,Semiurban,Y
LP005084,Male,Yes,2,Not Graduate,No,11642,717,143.0,300.0,1.0,Urban,N
LP005085,Male,Yes,1,Graduate,No,8894,532,,300.0,1.0,Semiurban,N
LP005086,Male,Yes,,Graduate,No,28164,508,98.0,360.0,1.0,Urban,Y
LP005087,Female,No,2,Not Graduate,No,5337,1124,141.0,300.0,1.0,Urban,N
LP005088,Male,Yes,1,Graduate,No,16353,2174,100.0,360.0,0.0,Rural,Y
LP005089,Male,Yes,1,Not Graduate,No,31198,97,14.0,,1.0,Rural,Y
LP005090,Male,Yes,1,Graduate,No,18848,456,109.0,480.0,1.0,Semiurban,Y
LP005091,Male,Yes,1,Graduate,No,8488,630,96.0,180.0,1.0,Semiurban,Y
LP005092,Male,,2,Graduate,,5996,3803,188.0,240.0,1.0,Urban,Y
LP005093,Female,Yes,0,Graduate,No,34532,387,174.0,360.0,1.0,Urban,Y
LP005094,Male,Yes,0,Graduate,No,11608,737,97.0,360.0,1.0,Urban,Y
LP005095,Male,Yes,1,Graduate,No,6495,2897,214.0,300.0,,Semiurban,Y
LP005096,Male,Yes,0,Not Graduate,Yes,33225,1150,186.0,300.0,0.0,Urban,Y
LP005097,Female,Yes,1,Graduate,No,25356,6903,137.0,360.0,,Urban,Y
LP005098,Male,Yes,3+,Graduate,No,5759,915,166.0,180.0,1.0,Rural,Y
LP005099,Male,Yes,1,Graduate,No,99851,10504,102.0,360.0,1.0,Rural,Y
LP005100,Male,Yes,2,Graduate,No,8669,13032,26.0,300.0,1.0,Semiurban,Y
LP005101,Male,Yes,0,Not Graduate,No,25015,1900,154.0,300.0,1.0,Semiurban,Y
LP005102,Male,Yes,,Graduate,No,65464,1811,81.0,360.0,0.0,Rural,Y
LP005103,Male,Yes,1,Graduate,Yes,27189,2144,138.0,360.0,1.0,Urban,Y
LP005104,Male,Yes,0,Graduate,No,16437,2921,170.0,360.0,1.0,Urban,Y
LP005105,Male,No,1,Not Graduate,No,4247,1272,52.0,480.0,1.0,Rural,Y
LP005106,Male,No,3+,Graduate,No,68379,4458,160.0,480.0,1.0,Rural,Y
LP005107,Male,Yes,0,Not Graduate,Yes,26691,1999,191.0,300.0,1.0,Semiurban,Y
LP005108,Male,Yes,1,Graduate,Yes,4307,5786,46.0,180.0,0.0,Semiurban,N
LP005109,Female,Yes,3+,Not Graduate,No,45968,191,185.0,120.0,1.0,Rural,Y
LP005110,Female,Yes,0,Graduate,No,14029,1421,244.0,360.0,1.0,Semiurban,N
LP005111,Female,No,1,Graduate,No,10698,3709,137.0,180.0,1.0,Rural,N
LP005112,Female,No,1,Graduate,Yes,8453,278,187.0,300.0,1.0,Semiurban,Y
LP005113,Female,No,0,Graduate,Yes,15320,1838,99.0,,1.0,Rural,Y
LP005114,Female,Yes,,Graduate,No,25498,2276,196.0,480.0,1.0,Urban,Y
LP005115,Male,Yes,0,Graduate,No,8993,8720,175.0,,1.0,Urban,Y
LP005116,Female,No,2,Graduate,No,14795,729,160.0,120.0,,Semiurban,Y
LP005117,Male,Yes,0,Graduate,No,199684,1412,158.0,120.0,1.0,Urban,Y
LP005118,Male,No,0,Graduate,No,19546,562,169.0,240.0,0.0,Urban,Y
LP005119,Female,Yes,1,Graduate,No,28932,926,146.0,480.0,0.0,Rural,Y
LP005120,Male,Yes,0,Graduate,No,6206,7656,101.0,180.0,0.0,Rural,Y
LP005121,Male,Yes,0,Graduate,No,4510,1058,142.0,360.0,1.0,Urban,Y
LP005122,Female,Yes,2,Graduate,No,43114,468,147.0,180.0,1.0,Rural,Y
LP005123,Male,Yes,3+,Graduate,No,34312,880,91.0,240.0,1.0,Semiurban,Y
LP005124,Male,Yes,2,Graduate,No,52632,588,144.0,180.0,1.0,Semiurban,Y
LP005125,Female,Yes,1,Graduate,No,12535,645,146.0,240.0,1.0,Urban,Y
LP005126,Female,Yes,2,Not Graduate,No,36441,574,123.0,180.0,1.0,Urban,Y
LP005127,Male,Yes,3+,Graduate,Yes,1731,601,167.0,120.0,1.0,Urban,Y
LP005128,Male,Yes,1,Graduate,No,20598,263,179.0,360.0,1.0,Semiurban,Y
LP005129,Male,No,0,Graduate,No,30528,1191,116.0,240.0,1.0,Semiurban,Y
LP005130,Female,Yes,0,Graduate,No,7703,338,157.0,180.0,1.0,Urban,N
LP005131,Male,Yes,1,Not Graduate,No,31090,4314,195.0,240.0,1.0,Rural,Y
LP005132,Male,,3+,Not Graduate,No,11569,754,99.0,360.0,1.0,Urban,Y
LP005133,Male,No,1,Graduate,No,12534,1790,66.0,240.0,1.0,Urban,N
LP005134,Male,Yes,,Not Graduate,No,10863,1795,102.0,360.0,1.0,Semiurban,N
LP005135,Female,No,0,Graduate,No,47337,121,176.0,240.0,1.0,Semiurban,Y
LP005136,Male,Yes,0,Graduate,,9288,796,127.0,300.0,0.0,Urban,N
LP005137,Female,Yes,1,Not Graduate,No,8422,8622,88.0,360.0,,Urban,Y
LP005138,Male,Yes,3+,Graduate,No,6729,432,213.0,360.0,1.0,Urban,Y
LP005139,Female,Yes,0,Graduate,No,9948,16743,90.0,240.0,0.0,Urban,Y
LP005140,Female,No,2,Graduate,No,15615,2107,141.0,300.0,1.0,Urban,Y
LP005141,Male,No,0,Graduate,No,22267,2039,186.0,360.0,,Semiurban,Y
LP005142,Male,No,1,Not Graduate,No,7312,1461,183.0,240.0,1.0,Semiurban,Y
LP005143,Male,No,,Graduate,No,18003,3847,,240.0,1.0,Rural,Y
LP005144,Female,Yes,2,Graduate,No,21798,4112,116.0,360.0,1.0,Semiurban,Y
LP005145,Male,Yes,0,Graduate,,6334,1072,177.0,480.0,0.0,Semiurban,Y
LP005146,Female,No,,Graduate,No,14051,654,150.0,480.0,1.0,Urban,N
LP005147,Female,No,0,Not Graduate,No,12482,198,170.0,360.0,1.0,Rural,N
LP005148,Female,No,3+,Graduate,No,14172,2911,,300.0,1.0,Urban,Y
LP005149,Female,No,0,Graduate,No,8742,1186,90.0,360.0,1.0,Rural,Y
LP005150,Male,,0,Graduate,No,11987,398,169.0,360.0,1.0,Rural,Y
LP005151,,No,1,Graduate,No,13695,546,157.0,180.0,1.0,Urban,Y
LP005152,Male,No,1,Not Graduate,No,59351,1010,197.0,360.0,1.0,Rural,Y
LP005153,Female,No,2,Graduate,No,13846,337,238.0,360.0,1.0,Semiurban,Y
LP005154,Female,Yes,3+,Graduate,No,38977,1162,237.0,240.0,1.0,Rural,Y
LP005155,Female,Yes,1,Graduate,No,41410,156,191.0,360.0,1.0,Rural,Y
LP005156,Male,Yes,3+,Not Graduate,No,4650,578,120.0,180.0,1.0,Semiurban,Y
LP005157,Male,Yes,2,Graduate,No,10583,271,,480.0,1.0,Semiurban,Y
LP005158,Female,Yes,0,Graduate,No,41478,1394,186.0,300.0,1.0,Semiurban,Y
LP005159,,Yes,,Graduate,No,15442,339,85.0,360.0,0.0,Semiurban,N
LP005160,Male,Yes,1,Graduate,No,12171,560,138.0,240.0,1.0,Urban,Y
LP005161,Female,Yes,1,Not Graduate,Yes,24343,16510,,360.0,1.0,Urban,Y
LP005162,Male,Yes,1,Graduate,No,31382,3096,91.0,120.0,0.0,Urban,Y
LP005163,Male,Yes,1,Not Graduate,No,13049,2254,162.0,240.0,1.0,Semiurban,N
LP005164,Male,Yes,0,Graduate,No,10693,5203,189.0,360.0,1.0,Urban,Y
LP005165,Male,Yes,2,Graduate,,2016,2028,180.0,300.0,1.0,Urban,Y
LP005166,Female,Yes,2,Not Graduate,No,13872,203,155.0,360.0,1.0,Urban,N
LP005167,Male,Yes,2,Graduate,No,9848,225,132.0,360.0,1.0,Semiurban,N
LP005168,Male,Yes,0,Graduate,No,5971,42,,360.0,1.0,Urban,Y
LP005169,Male,Yes,3+,Graduate,No,11335,1397,193.0,360.0,1.0,Semiurban,N
LP005170,Female,No,0,Not Graduate,No,9566,307,,360.0,,Rural,N
LP005171,Male,Yes,0,Graduate,No,15295,553,122.0,180.0,1.0,Urban,Y
LP005172,Male,Yes,0,Graduate,No,10687,747,170.0,180.0,1.0,Rural,Y
LP005173,Male,No,0,Graduate,No,19102,528,100.0,360.0,1.0,Semiurban,Y
LP005174,Male,Yes,1,Graduate,No,15353,1052,154.0,480.0,0.0,Semiurban,N
LP005175,Male,No,1,Graduate,No,37006,780,123.0,360.0,1.0,Rural,Y
LP005176,Female,No,2,Graduate,,8712,692,116.0,360.0,1.0,Rural,Y
LP005177,Female,Yes,3+,Not Graduate,No,55485,171,137.0,,1.0,Rural,Y
LP005178,Male,Yes,2,Graduate,No,31375,1465,187.0,360.0,0.0,Rural,Y
LP005179,Male,Yes,1,Graduate,No,43887,14928,158.0,240.0,1.0,Semiurban,Y
LP005180,Female,Yes,2,Not Graduate,No,16353,1527,164.0,360.0,1.0,Rural,Y
LP005181,Male,Yes,2,Graduate,No,10667,16694,187.0,360.0,1.0,Urban,Y
LP005182,Female,Yes,1,Graduate,No,8687,554,,480.0,1.0,Urban,Y
LP005183,Male,No,2,Graduate,No,54280,809,141.0,180.0,1.0,Urban,Y
LP005184,Female,Yes,1,Not Graduate,,32123,1070,177.0,240.0,1.0,Rural,N
LP005185,Female,Yes,0,Graduate,No,5964,894,141.0,180.0,0.0,Urban,Y
LP005186,Female,Yes,1,Graduate,No,29204,4437,171.0,360.0,1.0,Rural,Y
LP005187,,Yes,1,Graduate,No,6903,79,202.0,360.0,1.0,Semiurban,N
LP005188,,Yes,2,Not Graduate,No,17316,635,176.0,360.0,0.0,Rural,N
LP005189,Female,Yes,0,Graduate,Yes,25867,8071,87.0,360.0,0.0,Urban,Y
LP005190,Male,Yes,1,Not Graduate,No,42889,604,125.0,180.0,1.0,Semiurban,N
LP005191,Male,No,,Graduate,No,16155,3341,182.0,300.0,0.0,Urban,Y
LP005192,Female,Yes,3+,Graduate,No,12001,2264,42.0,360.0,1.0,Urban,Y
LP005193,Female,Yes,0,Graduate,,13839,1005,166.0,300.0,1.0,Rural,Y
LP005194,Female,Yes,0,Graduate,No,31365,1603,163.0,360.0,0.0,Urban,N
LP005195,Male,Yes,1,Graduate,No,25102,989,286.0,,1.0,Urban,Y
LP005196,Female,Yes,1,Graduate,No,13186,85,171.0,360.0,1.0,Rural,Y
LP005197,Female,No,0,Graduate,,3008,1904,144.0,300.0,1.0,Urban,Y
LP005198,Male,No,0,Graduate,No,1905,523,208.0,480.0,0.0,Rural,Y
LP005199,Male,Yes,2,Graduate,No,15998,210,132.0,,0.0,Semiurban,Y
LP005200,Male,Yes,2,Graduate,,5192,1744,152.0,240.0,,Urban,N
LP005201,Male,Yes,1,Not Graduate,No,8751,1611,154.0,180.0,1.0,Semiurban,Y
LP005202,Female,Yes,1,Not Graduate,,11141,3560,180.0,,1.0,Semiurban,Y
LP005203,,Yes,1,Graduate,No,70346,801,103.0,360.0,1.0,Semiurban,Y
LP005204,Female,Yes,0,Graduate,Yes,14733,3073,191.0,360.0,1.0,Semiurban,Y
LP005205,,Yes,,Graduate,No,23765,1124,123.0,480.0,1.0,Urban,Y
LP005206,Male,Yes,0,Graduate,No,20003,1659,252.0,360.0,1.0,Rural,Y
LP005207,Female,No,1,Graduate,,1924,1832,74.0,360.0,1.0,Semiurban,N
LP005208,Male,No,0,Graduate,No,9705,222,112.0,360.0,1.0,Semiurban,Y
LP005209,Female,Yes,1,Not Graduate,No,5034,1724,48.0,480.0,1.0,Rural,Y
LP005210,Male,Yes,1,Graduate,No,53197,1242,298.0,,0.0,Urban,Y
LP005211,Female,No,0,Graduate,Yes,3116,792,88.0,360.0,1.0,Semiurban,Y
LP005212,Male,Yes,0,Not Graduate,No,9540,1257,188.0,480.0,,Semiurban,N
LP005213,Male,No,0,Graduate,No,10844,23376,186.0,120.0,0.0,Semiurban,Y
LP005214,Female,,1,Graduate,No,6071,109,104.0,240.0,1.0,Urban,Y
LP005215,Male,Yes,0,Graduate,No,14488,936,188.0,360.0,0.0,Urban,N
LP005216,Female,Yes,0,Not Graduate,No,12915,2905,96.0,,1.0,Semiurban,N
LP005217,Male,No,1,Graduate,No,15221,245,109.0,240.0,1.0,Semiurban,Y
LP005218,Female,Yes,2,Graduate,No,19970,1711,71.0,360.0,1.0,Semiurban,Y
LP005219,Male,Yes,0,Not Graduate,No,16146,1576,183.0,360.0,1.0,Urban,Y
LP005220,Male,Yes,1,Graduate,No,18112,162,52.0,300.0,1.0,Urban,Y
LP005221,Male,No,3+,Not Graduate,No,32525,543,169.0,300.0,0.0,Semiurban,Y
LP005222,Male,No,3+,Graduate,No,3569,9321,143.0,180.0,1.0,Urban,Y
LP005223,Male,No,0,Not Graduate,No,23387,162,237.0,360.0,0.0,Urban,Y
LP005224,Male,No,2,Not Graduate,No,5787,647,151.0,360.0,1.0,Rural,Y
LP005225,Male,Yes,1,Graduate,No,7991,899,192.0,360.0,1.0,Urban,N
LP005226,Male,Yes,3+,Graduate,Yes,14718,1102,175.0,120.0,1.0,Urban,Y
LP005227,Male,Yes,1,Not Graduate,No,18565,668,144.0,180.0,1.0,Semiurban,Y
LP005228,Female,Yes,2,Graduate,No,20399,1210,205.0,240.0,1.0,Rural,Y
LP005229,Male,No,2,Graduate,No,6272,1050,,300.0,1.0,Rural,N
LP005230,Male,No,1,Not Graduate,Yes,49264,2571,194.0,360.0,1.0,Rural,N
LP005231,,Yes,,Graduate,No,9563,3021,103.0,240.0,0.0,Semiurban,Y
LP005232,Male,Yes,0,Graduate,No,7513,1858,176.0,360.0,,Rural,Y
LP005233,Female,No,,Graduate,No,4829,1456,190.0,240.0,1.0,Semiurban,Y
LP005234,Male,Yes,1,Graduate,No,4463,167,95.0,360.0,1.0,Urban,N
LP005235,Male,Yes,3+,Graduate,Yes,4359,1260,146.0,360.0,1.0,Semiurban,Y
LP005236,,Yes,1,Graduate,No,17179,4174,63.0,360.0,1.0,Semiurban,Y
LP005237,Female,Yes,1,Not Graduate,Yes,21662,158,70.0,360.0,1.0,Urban,Y
LP005238,Female,Yes,1,Graduate,No,6691,225,147.0,120.0,0.0,Semiurban,N
LP005239,Male,Yes,0,Graduate,No,5358,6570,240.0,300.0,1.0,Semiurban,Y
LP005240,Male,Yes,0,Not Graduate,No,11278,181,243.0,240.0,0.0,Rural,Y
LP005241,Female,No,2,Graduate,No,14441,969,134.0,300.0,1.0,Rural,Y
LP005242,Male,Yes,3+,Graduate,Yes,16487,565,102.0,300.0,1.0,Semiurban,Y
LP005243,,Yes,0,Not Graduate,No,6176,6112,196.0,360.0,1.0,Urban,Y
LP005244,Female,No,1,Graduate,No,11687,1577,49.0,360.0,0.0,Semiurban,N
LP005245,Female,Yes,0,Graduate,No,46804,2834,129.0,300.0,0.0,Urban,Y
LP005246,Male,Yes,0,Graduate,No,5136,1172,112.0,360.0,1.0,Semiurban,Y
LP005247,Female,No,0,Graduate,,13052,12019,145.0,120.0,,Urban,Y
LP005248,Female,Yes,1,Not Graduate,Yes,19930,449,218.0,360.0,1.0,Semiurban,Y
LP005249,Male,No,0,Graduate,No,6159,1656,20.0,120.0,0.0,Semiurban,N
LP005250,Male,Yes,0,Graduate,No,21786,4956,165.0,300.0,1.0,Urban,Y
LP005251,Male,Yes,2,Not Graduate,No,4576,6506,167.0,360.0,1.0,Urban,N
LP005252,Female,Yes,,Graduate,No,22194,795,146.0,300.0,1.0,Urban,Y
LP005253,,Yes,0,Graduate,No,13831,96,164.0,360.0,1.0,Semiurban,Y
LP005254,Male,No,1,Graduate,Yes,4291,691,,300.0,1.0,Urban,Y
LP005255,,Yes,0,Graduate,No,23158,8886,157.0,360.0,1.0,Semiurban,Y
LP005256,Male,No,3+,Graduate,No,6524,438,48.0,480.0,1.0,Semiurban,N
LP005257,Male,No,1,Graduate,No,11817,1555,105.0,360.0,1.0,Semiurban,N
LP005258,Male,Yes,2,Graduate,No,22117,758,229.0,180.0,1.0,Urban,Y
LP005259,Male,No,0,Graduate,Yes,6176,1005,91.0,180.0,0.0,Urban,N
LP005260,Female,Yes,1,Graduate,Yes,8754,5295,154.0,360.0,1.0,Urban,Y
LP005261,Male,Yes,1,Not Graduate,No,32890,1488,113.0,480.0,1.0,Urban,Y
LP005262,Female,No,0,Graduate,No,2550,12712,179.0,300.0,1.0,Urban,Y
LP005263,Male,Yes,0,Graduate,No,41561,3538,,240.0,1.0,Semiurban,Y
LP005264,Male,Yes,1,Graduate,No,4140,1283,182.0,480.0,1.0,Semiurban,Y
LP005265,Female,Yes,2,Graduate,No,7635,979,169.0,360.0,1.0,Semiurban,Y
LP005266,Male,Yes,0,Graduate,No,16746,1632,,360.0,1.0,Urban,Y
LP005267,Male,Yes,1,Not Graduate,No,21644,249,38.0,180.0,1.0,Semiurban,Y
LP005268,Male,Yes,0,Not Graduate,No,16956,308,106.0,240.0,1.0,Urban,Y
LP005269,Female,,0,Graduate,No,13874,2720,89.0,360.0,,Urban,Y
LP005270,Male,Yes,1,Graduate,No,9425,3305,89.0,360.0,1.0,Rural,Y
LP005271,Male,Yes,0,Graduate,No,46584,224,175.0,300.0,1.0,Rural,Y
LP005272,Male,Yes,1,Graduate,No,24794,3076,251.0,240.0,1.0,Rural,Y
LP005273,Male,Yes,0,Graduate,No,34217,888,26.0,300.0,1.0,Urban,Y
LP005274,Female,No,1,Graduate,,9536,404,74.0,300.0,1.0,Semiurban,Y
LP005275,Male,Yes,1,Graduate,No,2074,751,161.0,360.0,1.0,Urban,N
LP005276,Male,Yes,3+,Graduate,No,30212,3184,137.0,480.0,1.0,Rural,Y
LP005277,Male,Yes,0,Graduate,No,17767,2276,172.0,240.0,1.0,Semiurban,Y
LP005278,Male,Yes,2,Not Graduate,No,15464,1566,147.0,,1.0,Semiurban,Y
LP005279,Female,,0,Not Graduate,,8485,1727,215.0,360.0,1.0,Urban,N
LP005280,,No,1,Graduate,No,10112,278,178.0,240.0,1.0,Urban,Y
LP005281,Female,No,1,Graduate,No,8273,2113,193.0,240.0,1.0,Rural,Y
LP005282,Male,No,0,Graduate,No,13851,633,200.0,360.0,1.0,Semiurban,N
LP005283,Male,No,1,Not Graduate,No,5385,12400,90.0,360.0,1.0,Rural,Y
LP005284,Female,Yes,0,Not Graduate,No,24589,695,179.0,360.0,1.0,Urban,Y
LP005285,Male,Yes,0,Not Graduate,No,68138,15857,182.0,180.0,1.0,Rural,Y
LP005286,Female,No,0,Graduate,No,8282,903,,360.0,1.0,Rural,N
LP005287,Female,Yes,2,Graduate,No,3735,978,132.0,,1.0,Semiurban,Y
LP005288,Male,No,2,Graduate,No,12312,770,133.0,300.0,0.0,Semiurban,Y
LP005289,Male,No,0,Graduate,No,17191,242,106.0,180.0,,Urban,Y
LP005290,Female,No,1,Graduate,No,19198,5386,80.0,180.0,0.0,Urban,Y
LP005291,Male,,0,Graduate,No,48146,1232,257.0,360.0,1.0,Rural,Y
LP005292,Male,No,0,Graduate,No,25658,2327,204.0,180.0,1.0,Urban,Y
LP005293,Male,,2,Graduate,Yes,3136,7616,151.0,300.0,1.0,Urban,N
LP005294,Male,Yes,1,Graduate,No,4970,936,76.0,300.0,1.0,Urban,Y
LP005295,Female,Yes,0,Not Graduate,No,18481,981,177.0,360.0,1.0,Urban,Y
LP005296,Male,No,0,Graduate,No,9289,1304,131.0,240.0,1.0,Urban,Y
LP005297,Male,No,2,Not Graduate,No,44895,235,142.0,300.0,1.0,Semiurban,Y
LP005298,Female,Yes,0,Not Graduate,No,6312,122,262.0,300.0,1.0,Rural,N
LP005299,Male,Yes,0,Graduate,No,28812,180,244.0,180.0,1.0,Urban,Y
LP005300,Male,Yes,1,Graduate,No,7946,4863,31.0,,1.0,Rural,N
LP005301,Female,No,1,Graduate,No,16477,741,168.0,360.0,1.0,Rural,Y
LP005302,Male,Yes,1,Not Graduate,No,6888,2810,,360.0,1.0,Urban,Y
LP005303,Female,Yes,2,Graduate,No,20891,804,167.0,180.0,0.0,Urban,N
LP005304,Female,Yes,0,Not Graduate,No,31513,165,122.0,360.0,1.0,Urban,Y
LP005305,Male,Yes,2,Graduate,No,16356,3100,150.0,300.0,0.0,Semiurban,Y
LP005306,Male,Yes,0,Graduate,No,61531,377,95.0,,1.0,Rural,Y
LP005307,Male,Yes,1,Not Graduate,No,7507,2199,201.0,180.0,1.0,Rural,N
LP005308,Male,No,,Graduate,No,14448,3321,200.0,480.0,0.0,Rural,Y
LP005309,Female,No,1,Graduate,No,26283,1039,232.0,480.0,1.0,Urban,Y
LP005310,Female,Yes,2,Graduate,Yes,6249,1937,111.0,300.0,1.0,Rural,N
LP005311,Male,No,2,Graduate,No,14042,198,163.0,360.0,0.0,Urban,Y
LP005312,Female,Yes,0,Graduate,Yes,22725,36681,252.0,300.0,1.0,Rural,Y
LP005313,,Yes,2,Graduate,Yes,28095,1859,116.0,360.0,1.0,Urban,Y
LP005314,Female,Yes,3+,Graduate,No,33305,2800,99.0,360.0,0.0,Semiurban,Y
LP005315,Male,Yes,1,Not Graduate,No,6665,3364,165.0,360.0,1.0,Semiurban,N
LP005316,Male,No,0,Graduate,No,16824,927,208.0,240.0,1.0,Semiurban,Y
LP005317,Male,Yes,0,Graduate,No,4666,1203,116.0,300.0,1.0,Urban,N
LP005318,Female,Yes,0,Graduate,No,7483,4031,246.0,360.0,1.0,Rural,Y
LP005319,Male,No,0,Graduate,No,11622,705,104.0,360.0,1.0,Semiurban,Y
LP005320,Male,Yes,1,Graduate,No,33363,1753,182.0,300.0,1.0,Rural,Y
LP005321,Male,No,0,Graduate,No,20380,1922,116.0,,1.0,Urban,Y
LP005322,Male,,0,Graduate,No,13795,454,126.0,240.0,1.0,Urban,Y
LP005323,Male,Yes,1,Graduate,Yes,19128,1867,191.0,240.0,1.0,Urban,Y
LP005324,Female,No,1,Not Graduate,No,20271,143,139.0,180.0,1.0,Semiurban,Y
LP005325,Male,Yes,1,Graduate,No,17947,3299,74.0,300.0,1.0,Urban,Y
LP005326,Male,,,Graduate,No,8433,7214,110.0,360.0,1.0,Semiurban,Y
LP005327,Male,Yes,0,Graduate,No,6214,3251,,360.0,0.0,Semiurban,Y
LP005328,Male,Yes,0,Not Graduate,,11174,6612,169.0,360.0,1.0,Urban,N
LP005329,Male,No,0,Graduate,No,7079,439,186.0,360.0,0.0,Semiurban,N
LP005330,Male,Yes,1,Not Graduate,No,21960,837,119.0,240.0,1.0,Urban,Y
LP005331,Male,Yes,0,Graduate,No,45395,1274,97.0,240.0,1.0,Urban,Y
LP005332,Male,No,2,Graduate,No,20971,1279,109.0,300.0,1.0,Urban,Y
LP005333,Male,,,Graduate,No,3139,648,112.0,360.0,0.0,Urban,N
LP005334,Male,Yes,3+,Not Graduate,No,8049,366,147.0,120.0,1.0,Semiurban,Y
LP005335,Female,Yes,1,Graduate,No,13555,8711,90.0,180.0,,Semiurban,N
LP005336,Female,No,1,Graduate,No,4239,403,203.0,360.0,1.0,Urban,Y
LP005337,Male,Yes,2,Graduate,Yes,13697,8003,175.0,240.0,1.0,Rural,Y
LP005338,Male,Yes,2,Graduate,Yes,19447,1986,106.0,300.0,1.0,Semiurban,Y
LP005339,Female,Yes,1,Graduate,No,41236,1399,140.0,480.0,1.0,Rural,Y
LP005340,Male,Yes,3+,Graduate,No,57237,2103,105.0,360.0,1.0,Semiurban,Y
LP005341,Female,No,1,Graduate,No,5150,6823,142.0,180.0,1.0,Semiurban,Y
LP005342,Female,Yes,2,Not Graduate,No,12170,47,108.0,,1.0,Rural,N
LP005343,Male,Yes,0,Graduate,No,12293,1687,257.0,180.0,1.0,Urban,Y
LP005344,Male,Yes,2,Graduate,No,7552,1311,70.0,,1.0,Urban,Y
LP005345,Female,,0,Graduate,No,14456,1370,86.0,240.0,1.0,Urban,Y
LP005346,Male,No,0,Not Graduate,Yes,12530,3390,138.0,300.0,1.0,Urban,Y
LP005347,Male,Yes,1,Graduate,No,21830,527,154.0,180.0,1.0,Semiurban,Y
LP005348,Male,Yes,0,Graduate,No,39548,275,155.0,300.0,1.0,Semiurban,Y
LP005349,Male,,0,Graduate,No,14852,208,195.0,360.0,1.0,Semiurban,Y
LP005350,Female,Yes,0,Graduate,No,9026,369,172.0,360.0,1.0,Urban,Y
LP005351,Female,Yes,1,Graduate,No,5881,2502,103.0,300.0,1.0,Urban,Y
LP005352,Female,Yes,2,Graduate,No,68457,2009,203.0,240.0,1.0,Urban,Y
LP005353,Male,Yes,1,Graduate,No,27598,3165,181.0,360.0,1.0,Urban,Y
LP005354,Male,No,2,Not Graduate,No,18393,631,219.0,480.0,1.0,Urban,Y
LP005355,Male,Yes,1,Not Graduate,No,11698,666,152.0,300.0,1.0,Semiurban,N
LP005356,Male,No,0,Graduate,No,48508,7978,204.0,240.0,1.0,Rural,Y
LP005357,Male,Yes,0,Graduate,Yes,11758,3728,13.0,360.0,1.0,Urban,N
LP005358,Female,No,1,Not Graduate,No,3395,2704,125.0,360.0,1.0,Urban,Y
LP005359,Female,Yes,,Not Graduate,No,16514,122,104.0,480.0,1.0,Semiurban,Y
LP005360,Male,Yes,0,Graduate,No,5002,11490,185.0,240.0,1.0,Urban,Y
LP005361,Female,No,1,Graduate,No,16564,982,113.0,300.0,1.0,Urban,Y
LP005362,Male,Yes,1,Not Graduate,No,39155,1349,,,1.0,Rural,Y
LP005363,Male,Yes,0,Graduate,No,3505,1876,189.0,240.0,1.0,Urban,Y
LP005364,Female,Yes,2,Not Graduate,No,6504,1336,119.0,300.0,1.0,Urban,Y
LP005365,Male,No,2,Graduate,No,26682,892,161.0,360.0,1.0,Urban,Y
LP005366,Female,Yes,2,Graduate,Yes,8959,1305,139.0,360.0,1.0,Rural,Y
LP005367,Female,No,3+,Graduate,No,18622,2353,155.0,360.0,0.0,Semiurban,Y
LP005368,Male,Yes,0,Graduate,No,18654,3036,187.0,360.0,0.0,Semiurban,Y
LP005369,Female,,1,Graduate,No,27218,4739,133.0,300.0,1.0,Semiurban,Y
LP005370,Male,Yes,2,Not Graduate,,7964,293,67.0,180.0,1.0,Urban,N
LP005371,Male,Yes,1,Graduate,Yes,1734,569,179.0,480.0,1.0,Rural,Y
LP005372,Male,,2,Graduate,No,18351,3051,203.0,300.0,1.0,Semiurban,N
LP005373,Male,,1,Graduate,No,3807,166,65.0,,0.0,Rural,N
LP005374,,Yes,1,Graduate,Yes,28230,1331,148.0,360.0,1.0,Semiurban,Y
LP005375,Male,Yes,0,Graduate,No,12915,427,103.0,360.0,0.0,Semiurban,Y
LP005376,Female,Yes,3+,Not Graduate,No,10542,2124,206.0,360.0,1.0,Urban,N
LP005377,Male,No,2,Graduate,No,23212,397,209.0,300.0,1.0,Urban,Y
LP005378,Male,No,2,Graduate,No,3316,712,109.0,360.0,1.0,Urban,Y
LP005379,Female,No,1,Not Graduate,No,11382,773,84.0,,0.0,Rural,Y
LP005380,Male,Yes,0,Graduate,No,19116,1473,162.0,360.0,1.0,Urban,Y
LP005381,Male,No,0,Not Graduate,Yes,16354,3463,94.0,,1.0,Urban,Y
LP005382,Male,Yes,2,Not Graduate,No,9035,3783,192.0,360.0,1.0,Urban,Y
LP005383,Male,Yes,0,Graduate,,9108,1402,143.0,300.0,1.0,Rural,N
LP005384,Male,No,0,Graduate,Yes,45917,289,230.0,360.0,1.0,Semiurban,Y
LP005385,Female,No,1,Not Graduate,No,27726,24234,232.0,300.0,1.0,Semiurban,Y
LP005386,Male,Yes,1,Graduate,No,7853,990,227.0,240.0,1.0,Urban,Y
LP005387,Male,Yes,1,Graduate,No,39291,1523,170.0,360.0,1.0,Semiurban,Y
LP005388,Female,Yes,1,Graduate,Yes,24442,1466,102.0,300.0,1.0,Semiurban,Y
LP005389,Male,Yes,1,Graduate,No,19746,1676,75.0,120.0,1.0,Rural,Y
LP005390,Female,No,2,Not Graduate,No,20358,396,179.0,240.0,0.0,Urban,Y
LP005391,Male,Yes,0,Not Graduate,No,5340,1856,183.0,240.0,0.0,Rural,N
LP005392,Male,No,0,Not Graduate,No,44543,9757,163.0,360.0,0.0,Semiurban,N
LP005393,Female,Yes,1,Not Graduate,No,28601,98,,360.0,1.0,Urban,Y
LP005394,Male,No,3+,Graduate,No,16254,1139,110.0,360.0,0.0,Semiurban,Y
LP005395,Female,No,0,Graduate,Yes,16234,285,,480.0,0.0,Urban,Y
LP005396,Male,Yes,0,Graduate,,12416,3592,119.0,240.0,1.0,Rural,Y
LP005397,Male,Yes,1,Graduate,No,8476,4312,111.0,240.0,,Urban,Y
LP005398,Male,,1,Not Graduate,No,20488,940,101.0,480.0,1.0,Urban,Y
LP005399,Male,,3+,Graduate,No,7070,1179,143.0,360.0,1.0,Urban,Y
LP005400,Female,Yes,2,Not Graduate,No,15071,381,139.0,360.0,1.0,Semiurban,N
LP005401,Male,Yes,1,Graduate,Yes,14441,64,108.0,360.0,0.0,Rural,N
LP005402,Female,Yes,1,Not Graduate,No,18181,792,150.0,240.0,1.0,Urban,Y
LP005403,Female,No,0,Graduate,No,28367,848,,360.0,1.0,Urban,Y
LP005404,Male,,1,Graduate,No,18447,1154,167.0,300.0,1.0,Urban,Y
LP005405,Male,No,2,Graduate,No,23268,21,102.0,300.0,1.0,Rural,Y
LP005406,Female,Yes,,Graduate,No,2830,138,134.0,360.0,1.0,Urban,Y
LP005407,Female,No,0,Graduate,No,19309,184,150.0,240.0,1.0,Semiurban,Y
LP005408,Male,Yes,3+,Not Graduate,Yes,14186,1211,156.0,120.0,1.0,Urban,Y
LP005409,Male,Yes,1,Graduate,Yes,17986,2213,,300.0,1.0,Semiurban,Y
LP005410,Male,Yes,1,Graduate,Yes,8749,271,132.0,240.0,1.0,Semiurban,Y
LP005411,Female,No,0,Graduate,No,33548,787,179.0,360.0,1.0,Rural,Y
LP005412,Male,Yes,1,Graduate,No,16323,547,120.0,180.0,1.0,Urban,Y
LP005413,Female,No,2,Graduate,No,7362,12561,167.0,480.0,1.0,Urban,Y
LP005414,Male,Yes,0,Graduate,No,8479,691,150.0,240.0,0.0,Rural,Y
LP005415,Male,Yes,1,Graduate,No,27507,656,127.0,360.0,1.0,Urban,Y
LP005416,Male,No,0,Not Graduate,No,12478,411,213.0,240.0,1.0,Semiurban,Y
LP005417,Male,Yes,1,Graduate,No,13309,112,134.0,120.0,1.0,Rural,Y
LP005418,Male,Yes,3+,Graduate,No,11405,2382,139.0,300.0,1.0,Rural,Y
LP005419,Male,Yes,1,Graduate,No,29998,796,125.0,300.0,1.0,Semiurban,Y
LP005420,Male,Yes,3+,Graduate,No,19650,688,224.0,360.0,1.0,Urban,Y
LP005421,Male,Yes,3+,Not Graduate,Yes,5168,1364,219.0,360.0,1.0,Urban,Y
LP005422,Male,Yes,,Graduate,No,6120,165,207.0,480.0,1.0,Urban,N
LP005423,Female,Yes,,Graduate,Yes,13408,9179,193.0,480.0,0.0,Rural,Y
LP005424,Male,No,0,Graduate,No,7986,123,105.0,300.0,1.0,Semiurban,Y
LP005425,Male,,3+,Not Graduate,,2372,9242,127.0,240.0,1.0,Semiurban,N
LP005426,Male,Yes,0,Graduate,No,7361,1077,111.0,240.0,0.0,Rural,N
LP005427,Female,,0,Graduate,Yes,10691,689,201.0,180.0,1.0,Urban,Y
LP005428,Male,Yes,,Graduate,No,9701,2453,266.0,240.0,1.0,Rural,N
LP005429,Female,No,0,Graduate,Yes,23780,723,183.0,480.0,1.0,Urban,Y
LP005430,Female,Yes,1,Graduate,No,2235,3354,233.0,300.0,0.0,Rural,Y
LP005431,Female,Yes,1,Not Graduate,No,7201,1586,172.0,360.0,1.0,Urban,Y
LP005432,Male,No,0,Graduate,No,25248,2579,165.0,480.0,0.0,Rural,Y
LP005433,Female,Yes,1,Not Graduate,No,7831,3820,120.0,180.0,1.0,Urban,N
LP005434,Male,No,1,Graduate,No,5068,889,180.0,360.0,1.0,Semiurban,N
LP005435,Male,Yes,2,Graduate,No,7749,3489,195.0,360.0,1.0,Rural,N
LP005436,Female,,0,Not Graduate,No,19090,2041,202.0,360.0,1.0,Urban,Y
LP005437,Male,No,0,Graduate,Yes,10908,5435,155.0,180.0,1.0,Rural,Y
LP005438,Female,Yes,0,Graduate,No,7480,705,159.0,360.0,1.0,Semiurban,Y
LP005439,Male,No,0,Not Graduate,No,19641,5646,146.0,,1.0,Semiurban,Y
LP005440,Female,Yes,1,Not Graduate,Yes,18031,433,121.0,360.0,1.0,Semiurban,Y
LP005441,Male,No,1,Not Graduate,No,4861,98,194.0,360.0,1.0,Semiurban,Y
LP005442,Male,Yes,0,Not Graduate,No,14412,213,55.0,360.0,1.0,Semiurban,Y
LP005443,Male,Yes,,Graduate,No,4724,736,66.0,300.0,1.0,Urban,Y
LP005444,Female,Yes,0,Graduate,No,34066,1502,122.0,480.0,0.0,Urban,Y
LP005445,Male,,3+,Graduate,No,35773,1117,86.0,240.0,1.0,Semiurban,Y
LP005446,Male,Yes,0,Not Graduate,No,10613,2818,204.0,240.0,1.0,Semiurban,Y
LP005447,Male,Yes,2,Graduate,Yes,31318,259,,180.0,1.0,Rural,Y
LP005448,Female,Yes,2,Graduate,,7295,8684,193.0,180.0,1.0,Rural,Y
LP005449,Male,Yes,0,Graduate,No,11945,5510,215.0,,1.0,Urban,Y
LP005450,Male,Yes,3+,Graduate,Yes,8367,3368,153.0,360.0,1.0,Rural,Y
LP005451,Male,Yes,2,Graduate,Yes,13098,5005,166.0,480.0,1.0,Urban,Y
LP005452,Male,Yes,1,Graduate,No,14086,170,211.0,360.0,1.0,Semiurban,Y
LP005453,Male,No,1,Graduate,No,13331,2536,199.0,300.0,1.0,Urban,Y
LP005454,Male,,1,Graduate,No,12429,2666,46.0,360.0,1.0,Urban,Y
LP005455,,Yes,0,Graduate,No,14791,3501,129.0,300.0,1.0,Urban,Y
LP005456,Male,Yes,0,Graduate,No,36472,3029,,360.0,1.0,Urban,Y
LP005457,Male,No,2,Graduate,No,2673,1869,160.0,360.0,1.0,Rural,Y
LP005458,Male,Yes,2,Graduate,No,62114,1781,100.0,180.0,,Semiurban,Y
LP005459,,Yes,0,Graduate,No,10090,4586,64.0,240.0,1.0,Urban,Y
LP005460,Female,Yes,2,Graduate,No,12552,519,180.0,360.0,1.0,Semiurban,Y
LP005461,Female,Yes,2,Graduate,No,38694,1703,107.0,240.0,0.0,Urban,Y
LP005462,Male,No,0,Graduate,No,21706,564,,360.0,1.0,Urban,Y
LP005463,Male,Yes,1,Not Graduate,Yes,20496,913,157.0,240.0,1.0,Rural,Y
LP005464,Male,Yes,1,Not Graduate,Yes,36188,44,,360.0,1.0,Semiurban,Y
LP005465,Male,No,2,Not Graduate,No,11709,385,,180.0,1.0,Rural,N
LP005466,Male,Yes,2,Graduate,No,27867,649,145.0,360.0,1.0,Semiurban,Y
LP005467,Female,No,0,Graduate,No,4873,659,,300.0,0.0,Urban,Y
LP005468,Female,Yes,1,Graduate,No,18657,734,232.0,300.0,1.0,Rural,Y
LP005469,Female,No,2,Graduate,No,20940,264,160.0,300.0,1.0,Rural,Y
LP005470,Male,No,2,Graduate,No,33417,735,278.0,240.0,0.0,Urban,Y
LP005471,Female,Yes,0,Graduate,No,23535,4033,84.0,480.0,1.0,Urban,Y
LP005472,Male,No,1,Graduate,No,15734,766,134.0,120.0,1.0,Semiurban,Y
LP005473,Male,Yes,2,Graduate,Yes,10362,5207,134.0,300.0,,Semiurban,Y
LP005474,Female,Yes,0,Graduate,No,10270,4812,111.0,,1.0,Semiurban,N
LP005475,Male,Yes,1,Not Graduate,Yes,10339,542,132.0,300.0,0.0,Urban,N
LP005476,,Yes,2,Graduate,No,4730,2171,126.0,180.0,1.0,Urban,Y
LP005477,Male,No,0,Graduate,No,53892,226,101.0,300.0,1.0,Semiurban,Y
LP005478,Female,Yes,2,Not Graduate,No,29701,309,239.0,240.0,1.0,Semiurban,Y
LP005479,Female,No,0,Graduate,No,16376,1253,145.0,360.0,0.0,Rural,N
LP005480,,,0,Graduate,No,25641,2018,196.0,120.0,1.0,Semiurban,Y
LP005481,Female,Yes,0,Graduate,No,24402,7601,199.0,360.0,1.0,Urban,Y
LP005482,Male,Yes,0,Graduate,No,6036,901,,240.0,1.0,Urban,N
LP005483,Male,Yes,0,Graduate,Yes,22234,1353,100.0,300.0,1.0,Urban,Y
LP005484,Female,No,1,Not Graduate,No,36893,1233,213.0,300.0,,Urban,Y
LP005485,Female,No,0,Graduate,Yes,7767,9435,146.0,360.0,1.0,Semiurban,Y
LP005486,Female,No,3+,Not Graduate,No,3916,5490,251.0,360.0,1.0,Semiurban,Y
LP005487,Male,No,1,Graduate,No,5273,1739,176.0,300.0,1.0,Rural,Y
LP005488,Female,Yes,1,Graduate,No,12368,2843,92.0,480.0,0.0,Semiurban,Y
LP005489,,Yes,1,Not Graduate,No,5035,1668,212.0,360.0,1.0,Urban,Y
LP005490,Female,Yes,1,Graduate,No,11642,3982,207.0,300.0,1.0,Rural,Y
LP005491,Male,Yes,1,Not Graduate,No,7912,3084,85.0,180.0,0.0,Rural,N
LP005492,Female,Yes,0,Graduate,No,13351,763,187.0,360.0,1.0,Semiurban,Y
LP005493,Male,,2,Graduate,,8886,1235,230.0,360.0,0.0,Semiurban,N
LP005494,Male,Yes,1,Graduate,No,12980,1331,,180.0,1.0,Semiurban,Y
LP005495,Male,Yes,0,Graduate,,21633,1315,101.0,360.0,1.0,Semiurban,Y
LP005496,Male,No,,Not Graduate,No,6207,596,200.0,300.0,1.0,Urban,Y
LP005497,Male,Yes,1,Graduate,No,16731,1643,183.0,240.0,1.0,Rural,Y
LP005498,Female,Yes,0,Graduate,Yes,6756,595,138.0,360.0,,Rural,Y
LP005499,Male,Yes,2,Graduate,No,13298,543,126.0,300.0,,Urban,Y
LP005500,Female,No,1,Graduate,No,12512,950,183.0,360.0,1.0,Semiurban,Y
LP005501,Male,No,,Graduate,No,17755,1515,104.0,240.0,1.0,Urban,Y
LP005502,Male,Yes,1,Graduate,No,15486,4773,160.0,120.0,1.0,Semiurban,Y
LP005503,Male,Yes,,Not Graduate,,35993,2571,209.0,300.0,0.0,Rural,N
LP005504,Male,No,0,Graduate,No,13084,4155,225.0,240.0,1.0,Semiurban,Y
LP005505,Male,Yes,1,Graduate,No,8086,9201,123.0,240.0,1.0,Urban,Y
LP005506,,No,0,Graduate,No,28107,543,70.0,360.0,1.0,Semiurban,Y
LP005507,,No,2,Not Graduate,No,17409,2574,114.0,240.0,1.0,Urban,Y
LP005508,Male,Yes,0,Graduate,,27100,2701,190.0,360.0,1.0,Rural,Y
LP005509,Male,Yes,0,Graduate,No,12137,1490,112.0,,1.0,Semiurban,Y
LP005510,Male,Yes,2,Graduate,No,4689,3201,204.0,360.0,1.0,Rural,Y
LP005511,Male,Yes,1,Graduate,No,80428,1218,112.0,300.0,1.0,Urban,Y
LP005512,Female,No,0,Graduate,No,8249,2452,122.0,240.0,1.0,Urban,Y
LP005513,Female,No,1,Graduate,No,5277,200,141.0,240.0,1.0,Rural,N
LP005514,Female,No,2,Graduate,No,23708,1099,197.0,360.0,1.0,Rural,Y
LP005515,Male,Yes,0,Graduate,No,6272,2565,70.0,360.0,1.0,Urban,Y
LP005516,Female,Yes,0,Not Graduate,No,9760,3767,,300.0,1.0,Rural,N
LP005517,Female,Yes,,Graduate,No,14759,390,163.0,360.0,0.0,Rural,Y
LP005518,Female,Yes,1,Not Graduate,No,11912,994,100.0,360.0,1.0,Semiurban,N
LP005519,Male,Yes,0,Graduate,Yes,9989,306,167.0,300.0,1.0,Rural,N
LP005520,Female,Yes,,Not Graduate,No,47655,688,141.0,360.0,0.0,Semiurban,Y
LP005521,Female,Yes,1,Graduate,No,12219,1602,93.0,480.0,1.0,Urban,Y
LP005522,Male,No,0,Graduate,No,6505,3799,146.0,180.0,1.0,Semiurban,N
LP005523,Female,Yes,0,Not Graduate,Yes,29189,3243,97.0,120.0,,Rural,Y
LP005524,Male,No,0,Graduate,No,7494,1432,117.0,300.0,1.0,Semiurban,Y
LP005525,,Yes,2,Graduate,Yes,12243,502,193.0,300.0,1.0,Urban,Y
LP005526,Male,Yes,0,Graduate,No,6478,927,134.0,180.0,1.0,Semiurban,Y
LP005527,Female,No,0,Not Graduate,Yes,15821,23031,192.0,,1.0,Urban,Y
LP005528,Male,No,2,Graduate,No,13791,204,142.0,240.0,1.0,Semiurban,N
LP005529,Male,,0,Graduate,No,13053,257,101.0,180.0,0.0,Semiurban,Y
LP005530,Male,Yes,1,Graduate,Yes,15063,1353,173.0,300.0,1.0,Semiurban,Y
LP005531,Male,Yes,0,Not Graduate,Yes,25699,2561,178.0,,1.0,Urban,Y
LP005532,Male,Yes,1,Graduate,,23446,3091,88.0,360.0,1.0,Rural,Y
LP005533,Female,No,0,Not Graduate,Yes,5816,1549,206.0,360.0,1.0,Rural,N
LP005534,Female,Yes,0,Graduate,No,7787,177,226.0,360.0,1.0,Urban,Y
LP005535,Male,Yes,1,Graduate,No,27987,842,181.0,360.0,,Rural,Y
LP005536,Male,No,1,Graduate,,7141,131,153.0,120.0,1.0,Semiurban,N
LP005537,Male,Yes,1,Graduate,No,19801,1761,250.0,240.0,1.0,Semiurban,Y
LP005538,Female,Yes,1,Graduate,No,26149,1894,176.0,360.0,1.0,Urban,Y
LP005539,Male,Yes,1,Graduate,No,3592,942,159.0,120.0,,Rural,Y
LP005540,Male,Yes,,Graduate,No,9652,265,,360.0,0.0,Rural,N
LP005541,Male,,1,Graduate,No,25643,410,,240.0,1.0,Semiurban,Y
LP005542,,Yes,1,Graduate,Yes,11877,156,78.0,360.0,1.0,Urban,Y
LP005543,Female,,1,Graduate,No,9668,1031,124.0,480.0,1.0,Semiurban,N
LP005544,Female,No,1,Not Graduate,No,25975,49113,179.0,360.0,1.0,Urban,Y
LP005545,Female,No,0,Graduate,Yes,32309,970,211.0,300.0,,Semiurban,Y
LP005546,Male,Yes,0,Graduate,Yes,7764,662,91.0,360.0,0.0,Semiurban,Y
LP005547,Male,Yes,0,Not Graduate,No,54923,1422,195.0,120.0,1.0,Urban,Y
LP005548,Male,Yes,3+,Graduate,No,3205,275,129.0,480.0,1.0,Urban,Y
LP005549,Male,Yes,2,Not Graduate,No,4001,287,185.0,300.0,1.0,Semiurban,Y
LP005550,Male,No,1,Graduate,No,9288,521,121.0,480.0,1.0,Urban,Y
LP005551,,Yes,0,Graduate,Yes,10222,3171,33.0,360.0,1.0,Semiurban,N
LP005552,Male,Yes,0,Graduate,No,10604,1636,61.0,240.0,1.0,Urban,Y
LP005553,Female,Yes,2,Graduate,Yes,8711,905,93.0,360.0,1.0,Rural,Y
LP005554,Female,Yes,2,Graduate,No,7476,2693,120.0,300.0,1.0,Rural,Y
LP005555,Female,Yes,0,Graduate,No,11200,8521,149.0,360.0,1.0,Rural,Y
LP005556,Female,No,2,Not Graduate,No,8334,2652,124.0,360.0,1.0,Urban,N
LP005557,Male,No,1,Graduate,No,23052,323,147.0,300.0,1.0,Rural,Y
LP005558,Female,No,0,Graduate,No,13690,114,,240.0,1.0,Urban,Y
LP005559,Male,No,2,Graduate,,11193,135,149.0,480.0,1.0,Rural,Y
LP005560,Female,No,1,Not Graduate,Yes,12610,3111,196.0,300.0,1.0,Urban,N
LP005561,Male,Yes,,Graduate,No,32575,441,149.0,240.0,1.0,Rural,Y
LP005562,Female,Yes,0,Graduate,No,9074,2927,177.0,360.0,1.0,Urban,Y
LP005563,Male,No,0,Not Graduate,No,4823,635,185.0,360.0,1.0,Semiurban,N
LP005564,Male,Yes,0,Not Graduate,Yes,6112,1747,142.0,360.0,0.0,Rural,N
LP005565,Female,Yes,0,Graduate,,11087,2543,60.0,120.0,1.0,Semiurban,N
LP005566,Male,Yes,1,Not Graduate,No,19637,428,162.0,300.0,1.0,Semiurban,Y
LP005567,Female,Yes,0,Graduate,No,27006,2943,116.0,300.0,1.0,Semiurban,Y
LP005568,Female,Yes,1,Not Graduate,Yes,49956,496,193.0,,1.0,Rural,Y
LP005569,Female,Yes,0,Graduate,No,24132,472,218.0,,,Semiurban,Y
LP005570,Female,Yes,2,Not Graduate,Yes,6592,2937,137.0,360.0,1.0,Semiurban,N
LP005571,Female,No,1,Not Graduate,No,11355,2341,158.0,120.0,1.0,Urban,Y
LP005572,Male,,1,Graduate,No,2366,1904,183.0,360.0,1.0,Rural,N
LP005573,Female,No,0,Graduate,No,10412,291,109.0,180.0,1.0,Urban,Y
LP005574,,,0,Graduate,No,8233,691,150.0,360.0,,Urban,Y
LP005575,Female,Yes,0,Graduate,Yes,2099,2506,72.0,360.0,0.0,Rural,N
LP005576,,Yes,0,Graduate,No,72115,16991,202.0,360.0,1.0,Urban,Y
LP005577,Female,Yes,0,Not Graduate,No,9873,9637,234.0,360.0,1.0,Urban,Y
LP005578,Female,Yes,0,Graduate,Yes,2475,625,154.0,360.0,,Rural,N
LP005579,Female,,1,Graduate,No,10728,497,112.0,360.0,1.0,Rural,Y
LP005580,Male,No,3+,Graduate,No,50041,8742,163.0,360.0,1.0,Urban,Y
LP005581,Male,No,0,Graduate,No,61431,2254,86.0,360.0,1.0,Semiurban,Y
LP005582,Male,Yes,2,Graduate,No,13998,625,128.0,300.0,1.0,Urban,N
LP005583,Female,Yes,,Graduate,No,14430,1276,129.0,360.0,1.0,Rural,Y
LP005584,Female,Yes,1,Not Graduate,Yes,35613,244,123.0,480.0,1.0,Urban,Y
LP005585,Male,Yes,1,Not Graduate,No,11844,3680,160.0,300.0,0.0,Urban,Y
LP005586,Male,Yes,3+,Not Graduate,No,19307,5882,171.0,360.0,1.0,Rural,Y
LP005587,Male,Yes,0,Not Graduate,No,26151,6961,150.0,,1.0,Semiurban,Y
LP005588,Male,Yes,0,Graduate,No,5649,4234,195.0,300.0,,Rural,N
LP005589,Female,Yes,0,Graduate,,45679,746,169.0,,1.0,Urban,Y
LP005590,Female,Yes,1,Graduate,No,6609,3206,125.0,240.0,1.0,Urban,Y
LP005591,Male,Yes,3+,Graduate,No,8046,6328,144.0,,1.0,Urban,N
LP005592,Male,Yes,2,Graduate,,14470,3408,145.0,300.0,1.0,Semiurban,Y
LP005593,Male,No,2,Graduate,No,28330,3053,130.0,240.0,1.0,Urban,Y
LP005594,Female,Yes,1,Graduate,No,22969,1379,175.0,360.0,1.0,Urban,Y
LP005595,Male,Yes,2,Graduate,No,12842,369,43.0,180.0,1.0,Rural,Y
LP005596,Male,Yes,1,Graduate,No,16769,10161,151.0,360.0,1.0,Urban,Y
LP005597,Male,Yes,0,Graduate,No,31528,1049,165.0,360.0,1.0,Semiurban,Y
LP005598,Female,No,,Graduate,No,13449,4708,179.0,240.0,1.0,Semiurban,Y
LP005599,Female,No,0,Graduate,No,6976,21452,205.0,480.0,1.0,Urban,Y
LP005600,Female,Yes,0,Not Graduate,No,8247,3262,142.0,360.0,1.0,Semiurban,Y
LP005601,Male,Yes,0,Graduate,No,27651,4491,191.0,240.0,1.0,Urban,Y
LP005602,,No,1,Graduate,Yes,6981,356,180.0,360.0,1.0,Urban,Y
LP005603,Male,,1,Graduate,No,3811,458,163.0,,1.0,Urban,N
LP005604,Female,,0,Not Graduate,No,10473,5003,80.0,360.0,1.0,Rural,N
LP005605,Male,Yes,2,Graduate,No,12578,567,204.0,360.0,1.0,Rural,N
LP005606,Male,Yes,2,Graduate,Yes,26592,219,154.0,240.0,,Semiurban,Y
LP005607,Female,No,3+,Graduate,,4162,149,137.0,180.0,1.0,Rural,Y
LP005608,Female,Yes,1,Graduate,Yes,17626,845,92.0,360.0,1.0,Rural,Y
LP005609,Male,Yes,2,Graduate,No,33557,832,27.0,360.0,1.0,Semiurban,Y
LP005610,,Yes,2,Not Graduate,No,6947,3631,245.0,180.0,1.0,Urban,Y
LP005611,Male,,0,Graduate,Yes,14261,334,165.0,240.0,1.0,Urban,Y
LP005612,Female,No,0,Graduate,No,2391,5726,94.0,180.0,1.0,Urban,Y
LP005613,Female,Yes,1,Graduate,No,26863,255,86.0,180.0,0.0,Semiurban,Y
LP005614,Male,Yes,0,Graduate,No,25247,264,136.0,360.0,1.0,Semiurban,Y
LP005615,,No,,Not Graduate,No,13147,1294,190.0,240.0,0.0,Semiurban,N
LP005616,Female,Yes,1,Not Graduate,No,4620,1168,181.0,240.0,1.0,Semiurban,Y
LP005617,Female,Yes,,Graduate,No,22777,2198,184.0,360.0,1.0,Urban,Y
LP005618,Male,,0,Graduate,No,10981,267,105.0,300.0,1.0,Urban,Y
LP005619,Male,No,1,Not Graduate,,1444,1675,141.0,360.0,1.0,Semiurban,Y
LP005620,Male,Yes,2,Graduate,No,24898,146,156.0,360.0,1.0,Semiurban,Y
LP005621,Male,Yes,2,Graduate,No,33890,78,147.0,180.0,,Urban,Y
LP005622,Female,,1,Not Graduate,No,39004,9834,177.0,300.0,1.0,Urban,Y
LP005623,Female,No,1,Graduate,,4809,3850,228.0,240.0,0.0,Urban,N
LP005624,,No,0,Graduate,No,2882,1091,160.0,240.0,0.0,Semiurban,N
LP005625,Male,,0,Graduate,No,9620,96,120.0,240.0,0.0,Rural,N
LP005626,Female,Yes,0,Not Graduate,No,20217,632,77.0,300.0,1.0,Rural,Y
LP005627,Male,Yes,2,Graduate,No,6284,1879,158.0,180.0,1.0,Semiurban,N
LP005628,Male,No,1,Graduate,No,3741,631,117.0,240.0,1.0,Semiurban,N
LP005629,Male,No,2,Not Graduate,No,23852,7140,171.0,360.0,1.0,Urban,Y
LP005630,Male,Yes,2,Not Graduate,No,10135,2333,168.0,360.0,1.0,Rural,N
LP005631,Female,Yes,0,Graduate,No,21984,362,228.0,120.0,1.0,Urban,Y
LP005632,Male,Yes,1,Graduate,No,13529,161,160.0,180.0,1.0,Semiurban,Y
LP005633,Male,No,1,Graduate,No,11697,3132,172.0,360.0,1.0,Urban,Y
LP005634,Male,Yes,1,Graduate,No,12691,3008,117.0,240.0,1.0,Semiurban,Y
LP005635,Male,Yes,1,Graduate,Yes,10029,2716,78.0,300.0,1.0,Urban,Y
LP005636,,Yes,3+,Not Graduate,No,9257,8286,,300.0,1.0,Semiurban,N
LP005637,Male,Yes,2,Graduate,No,5535,1899,210.0,360.0,1.0,Urban,N
LP005638,Female,Yes,3+,Graduate,No,19666,1227,133.0,240.0,1.0,Urban,Y
LP005639,Male,No,0,Graduate,Yes,36244,2744,53.0,360.0,1.0,Rural,Y
LP005640,Male,No,0,Graduate,No,8951,4825,218.0,,1.0,Urban,Y
LP005641,Male,Yes,0,Graduate,No,59449,2502,209.0,360.0,1.0,Rural,Y
LP005642,Female,Yes,0,Not Graduate,No,18056,1138,144.0,360.0,,Urban,N
LP005643,Male,No,1,Graduate,No,16424,3504,203.0,360.0,1.0,Semiurban,Y
LP005644,Male,Yes,1,Graduate,No,22561,1230,147.0,180.0,1.0,Rural,Y
LP005645,Male,Yes,1,Graduate,Yes,29146,610,,300.0,1.0,Semiurban,Y
LP005646,Male,No,3+,Graduate,No,9286,1268,68.0,240.0,0.0,Urban,Y
LP005647,Male,No,3+,Graduate,No,20823,747,211.0,180.0,1.0,Rural,Y
LP005648,Female,No,,Graduate,Yes,30862,989,62.0,360.0,1.0,Semiurban,Y
LP005649,Female,Yes,2,Graduate,No,9862,397,236.0,360.0,1.0,Semiurban,Y
LP005650,Male,Yes,1,Graduate,No,13410,3636,241.0,180.0,1.0,Rural,Y
LP005651,Female,Yes,1,Graduate,No,7231,1417,,360.0,1.0,Urban,N
LP005652,Female,,2,Graduate,No,9005,2572,227.0,240.0,1.0,Semiurban,Y
LP005653,Male,No,0,Graduate,No,10099,1956,138.0,300.0,0.0,Semiurban,N
LP005654,Male,Yes,2,Graduate,No,6481,371,171.0,480.0,0.0,Semiurban,N
LP005655,Male,No,1,Graduate,No,12703,5365,79.0,240.0,0.0,Semiurban,Y
LP005656,Male,Yes,2,Not Graduate,No,17407,836,133.0,180.0,1.0,Rural,Y
LP005657,Female,Yes,3+,Graduate,No,18814,710,90.0,240.0,1.0,Urban,Y
LP005658,Female,No,1,Graduate,No,6996,1418,110.0,480.0,1.0,Urban,Y
LP005659,Female,Yes,0,Graduate,No,8225,1452,211.0,180.0,1.0,Urban,Y
LP005660,Female,Yes,0,Graduate,No,26389,24854,199.0,360.0,1.0,Rural,Y
LP005661,Male,Yes,0,Not Graduate,No,8209,2243,,,1.0,Urban,N
LP005662,Male,Yes,0,Graduate,No,25831,612,123.0,480.0,1.0,Semiurban,Y
LP005663,Female,Yes,2,Graduate,No,7435,10696,115.0,300.0,1.0,Semiurban,Y
LP005664,Male,Yes,0,Graduate,No,18062,155,67.0,300.0,1.0,Urban,Y
LP005665,Female,Yes,3+,Graduate,No,24388,614,183.0,360.0,1.0,Semiurban,Y
LP005666,Female,No,2,Graduate,No,1603,562,246.0,240.0,,Urban,N
LP005667,Female,Yes,0,Graduate,No,26762,1091,222.0,300.0,0.0,Rural,N
LP005668,Female,Yes,1,Graduate,No,37920,1661,151.0,360.0,0.0,Rural,Y
LP005669,Male,Yes,1,Not Graduate,No,10434,1849,174.0,360.0,1.0,Semiurban,N
LP005670,Female,Yes,,Graduate,No,17616,1809,162.0,180.0,1.0,Semiurban,Y
LP005671,Female,Yes,1,Graduate,No,6827,2335,195.0,360.0,1.0,Urban,N
LP005672,Male,Yes,0,Graduate,No,17868,1020,237.0,360.0,1.0,Urban,Y
LP005673,,Yes,1,Not Graduate,No,95687,5153,121.0,300.0,1.0,Semiurban,Y
LP005674,Male,No,1,Graduate,No,2304,158,123.0,300.0,0.0,Semiurban,N
LP005675,Female,No,2,Graduate,No,8950,51,135.0,300.0,1.0,Semiurban,Y
LP005676,Male,No,2,Graduate,No,25270,2667,148.0,480.0,0.0,Urban,Y
LP005677,Male,Yes,0,Graduate,No,36653,736,186.0,360.0,1.0,Urban,Y
LP005678,Male,Yes,0,Graduate,No,4420,8611,146.0,240.0,0.0,Semiurban,N
LP005679,Female,No,2,Graduate,No,8018,3832,107.0,360.0,,Urban,N
LP005680,Male,Yes,3+,Graduate,No,8397,2222,107.0,360.0,1.0,Urban,N
LP005681,Male,No,1,Not Graduate,No,7923,611,91.0,360.0,1.0,Semiurban,Y
LP005682,Male,Yes,0,Graduate,No,12174,2467,,180.0,0.0,Urban,Y
LP005683,Female,,0,Graduate,No,4260,681,201.0,240.0,1.0,Urban,Y
LP005684,Male,No,,Graduate,No,10898,1177,171.0,300.0,1.0,Semiurban,Y
LP005685,Male,No,0,Graduate,No,6317,741,,240.0,1.0,Urban,Y
LP005686,Female,,1,Graduate,No,12643,1496,95.0,300.0,,Urban,N
LP005687,Male,No,1,Graduate,,7599,811,91.0,300.0,1.0,Urban,N
LP005688,Female,Yes,0,Graduate,Yes,11669,3643,,120.0,1.0,Rural,N
LP005689,Male,Yes,0,Graduate,No,5830,1887,212.0,360.0,1.0,Urban,Y
LP005690,Female,No,0,Graduate,No,28628,595,192.0,300.0,0.0,Rural,Y
LP005691,Male,Yes,2,Graduate,No,10296,641,116.0,120.0,1.0,Rural,Y
LP005692,Male,Yes,1,Graduate,No,13508,238,264.0,480.0,1.0,Rural,Y
LP005693,Female,Yes,3+,Graduate,No,11888,105,48.0,,1.0,Semiurban,Y
LP005694,Male,Yes,1,Graduate,,13437,3358,151.0,180.0,0.0,Urban,Y
LP005695,,Yes,0,Graduate,No,13383,715,155.0,360.0,1.0,Rural,N
LP005696,Male,Yes,0,Graduate,No,25440,254,139.0,300.0,0.0,Semiurban,Y
LP005697,Male,No,1,Graduate,No,10626,1869,176.0,240.0,0.0,Semiurban,N
LP005698,Male,No,1,Not Graduate,Yes,7511,461,139.0,120.0,1.0,Semiurban,N
LP005699,Female,Yes,1,Not Graduate,Yes,13813,1009,75.0,360.0,1.0,Urban,Y
LP005700,,Yes,2,Not Graduate,No,8181,232,145.0,480.0,1.0,Urban,Y
LP005701,Male,Yes,2,Graduate,No,12582,2389,158.0,240.0,1.0,Rural,Y
LP005702,Male,Yes,0,Graduate,Yes,5758,1218,195.0,300.0,1.0,Rural,Y
LP005703,Male,Yes,2,Graduate,No,30940,1997,,240.0,0.0,Urban,N
LP005704,Male,Yes,1,Graduate,Yes,7155,656,107.0,360.0,1.0,Rural,N
LP005705,Female,Yes,0,Graduate,No,34874,1475,233.0,360.0,0.0,Urban,Y
LP005706,Male,Yes,1,Graduate,No,12722,191,128.0,180.0,1.0,Urban,Y
LP005707,Female,Yes,1,Graduate,No,26500,16804,124.0,240.0,0.0,Semiurban,Y
LP005708,Male,Yes,0,Graduate,No,7231,1803,129.0,240.0,1.0,Semiurban,Y
LP005709,Female,Yes,1,Not Graduate,No,2769,8509,52.0,,1.0,Rural,N
LP005710,Female,Yes,0,Graduate,No,3572,796,128.0,180.0,1.0,Semiurban,Y
LP005711,Male,Yes,0,Graduate,No,98945,311,215.0,360.0,1.0,Semiurban,Y
LP005712,Female,No,0,Graduate,No,8280,607,173.0,120.0,1.0,Rural,Y
LP005713,Male,Yes,0,Not Graduate,No,32110,1040,161.0,360.0,1.0,Semiurban,Y
LP005714,Female,No,0,Graduate,No,4730,953,167.0,180.0,0.0,Urban,N
LP005715,Female,Yes,,Graduate,Yes,15414,10238,213.0,240.0,1.0,Semiurban,Y
LP005716,Male,No,2,Graduate,No,17654,392,106.0,300.0,1.0,Rural,Y
LP005717,Male,Yes,0,Graduate,No,129201,530,195.0,300.0,0.0,Rural,Y
LP005718,Male,,1,Graduate,No,10360,2580,153.0,240.0,1.0,Urban,Y
LP005719,Male,Yes,0,Not Graduate,No,7562,163,110.0,300.0,1.0,Urban,N
LP005720,,No,2,Graduate,No,17689,1044,173.0,360.0,1.0,Urban,Y
LP005721,Male,Yes,0,Graduate,Yes,6375,1299,154.0,300.0,1.0,Rural,Y
LP005722,,Yes,0,Not Graduate,No,18539,1844,109.0,120.0,,Rural,Y
LP005723,Female,No,0,Graduate,No,12800,1666,96.0,300.0,1.0,Urban,N
LP005724,Male,Yes,3+,Graduate,No,7309,11911,128.0,300.0,1.0,Semiurban,Y
LP005725,Male,No,1,Graduate,No,19841,379,124.0,240.0,1.0,Semiurban,Y
LP005726,Female,Yes,0,Not Graduate,Yes,14569,506,211.0,240.0,1.0,Semiurban,Y
LP005727,Male,Yes,0,Graduate,No,24544,2278,139.0,240.0,1.0,Urban,Y
LP005728,Male,No,0,Graduate,No,50109,1438,131.0,480.0,1.0,Rural,Y
LP005729,Male,Yes,0,Graduate,Yes,8943,1671,206.0,360.0,1.0,Semiurban,Y
LP005730,Female,Yes,2,Not Graduate,Yes,9612,203,217.0,360.0,1.0,Rural,Y
LP005731,Female,,1,Graduate,No,4552,15022,,300.0,1.0,Semiurban,Y
LP005732,Male,No,1,Graduate,No,20268,1885,87.0,360.0,1.0,Rural,Y
LP005733,Female,No,0,Graduate,No,7976,164,175.0,300.0,1.0,Semiurban,Y
LP005734,Male,Yes,1,Graduate,Yes,17613,2283,139.0,,1.0,Urban,Y
LP005735,Female,,0,Not Graduate,No,33940,291,122.0,180.0,1.0,Semiurban,Y
LP005736,Female,Yes,0,Graduate,Yes,7727,3344,201.0,,0.0,Rural,N
LP005737,,Yes,1,Not Graduate,Yes,9141,226,136.0,360.0,1.0,Urban,Y
LP005738,Male,No,0,Graduate,No,30079,3667,245.0,360.0,1.0,Rural,Y
LP005739,Male,Yes,1,Graduate,No,23527,253,152.0,360.0,,Semiurban,Y
LP005740,Male,Yes,2,Not Graduate,No,21615,340,158.0,,1.0,Urban,Y
LP005741,Female,Yes,0,Graduate,No,9768,1293,261.0,120.0,1.0,Rural,N
LP005742,Male,No,2,Graduate,No,4235,526,165.0,180.0,1.0,Semiurban,Y
LP005743,Female,No,0,Not Graduate,No,7559,563,114.0,300.0,1.0,Rural,Y
LP005744,,Yes,0,Graduate,,5957,174,98.0,360.0,1.0,Urban,Y
LP005745,Male,Yes,1,Graduate,No,21273,738,126.0,300.0,1.0,Rural,Y
LP005746,Female,No,1,Not Graduate,No,16774,3167,161.0,360.0,1.0,Rural,Y
LP005747,Female,Yes,0,Graduate,No,8275,10446,195.0,240.0,1.0,Semiurban,Y
LP005748,Female,,2,Graduate,No,9487,2960,74.0,,1.0,Semiurban,Y
LP005749,Female,Yes,3+,Graduate,No,19545,2494,150.0,360.0,1.0,Semiurban,Y
LP005750,Female,Yes,0,Graduate,No,10347,144,213.0,300.0,,Rural,N
LP005751,Male,Yes,2,Graduate,No,8392,1059,163.0,480.0,1.0,Rural,N
LP005752,Female,No,1,Graduate,Yes,65047,501,217.0,240.0,1.0,Semiurban,Y
LP005753,Male,Yes,3+,Graduate,Yes,8606,178,74.0,300.0,1.0,Semiurban,Y
LP005754,Female,Yes,0,Not Graduate,,22809,238,138.0,240.0,1.0,Urban,Y
LP005755,Female,No,2,Graduate,Yes,18289,2444,156.0,240.0,1.0,Urban,Y
LP005756,Male,No,0,Graduate,No,3949,561,177.0,,0.0,Urban,N
LP005757,Female,Yes,,Not Graduate,No,7760,186,107.0,480.0,1.0,Urban,Y
LP005758,Male,Yes,1,Graduate,No,25727,511,170.0,180.0,0.0,Semiurban,N
LP005759,,Yes,0,Graduate,No,12025,1552,174.0,180.0,1.0,Urban,Y
LP005760,Male,Yes,0,Graduate,,4138,488,146.0,480.0,1.0,Rural,Y
LP005761,Female,Yes,2,Graduate,No,18317,256,173.0,360.0,1.0,Semiurban,Y
LP005762,Female,Yes,1,Graduate,No,8384,363,165.0,300.0,1.0,Rural,N
LP005763,Female,Yes,0,Graduate,No,18933,3169,117.0,300.0,1.0,Semiurban,Y
LP005764,Male,Yes,1,Graduate,Yes,114716,90,142.0,360.0,1.0,Rural,Y
LP005765,Female,Yes,2,Graduate,No,18141,795,87.0,360.0,1.0,Rural,Y
LP005766,Female,Yes,0,Not Graduate,No,21801,955,75.0,360.0,1.0,Semiurban,Y
LP005767,Male,Yes,0,Not Graduate,No,10903,442,162.0,360.0,1.0,Rural,Y
LP005768,Male,Yes,3+,Graduate,No,5455,347,55.0,300.0,,Urban,Y
LP005769,Male,Yes,0,Graduate,,30307,3569,137.0,240.0,1.0,Urban,Y
LP005770,Female,Yes,0,Graduate,No,8228,3554,170.0,300.0,1.0,Semiurban,Y
LP005771,Female,Yes,0,Graduate,No,11121,1244,150.0,120.0,1.0,Semiurban,Y
LP005772,Female,Yes,2,Not Graduate,,56093,571,259.0,360.0,1.0,Urban,Y
LP005773,Male,Yes,0,Graduate,No,10196,1255,171.0,,,Urban,N
LP005774,Female,No,1,Graduate,Yes,35322,1781,136.0,180.0,1.0,Urban,Y
LP005775,Male,No,2,Not Graduate,No,18214,958,180.0,360.0,,Rural,Y
LP005776,Male,Yes,0,Graduate,No,8582,1840,84.0,240.0,1.0,Semiurban,N
LP005777,,No,2,Graduate,No,17555,717,200.0,360.0,1.0,Urban,Y
LP005778,Male,Yes,1,Graduate,,7531,24,124.0,360.0,1.0,Rural,N
LP005779,Female,Yes,1,Not Graduate,No,27550,869,205.0,120.0,1.0,Semiurban,Y
LP005780,Male,No,0,Graduate,No,36231,2494,,300.0,1.0,Rural,Y
LP005781,Female,Yes,1,Graduate,No,13893,1137,181.0,300.0,0.0,Semiurban,N
LP005782,Male,Yes,0,Graduate,No,39104,1656,122.0,360.0,1.0,Rural,Y
LP005783,Male,Yes,0,Not Graduate,No,15184,791,92.0,360.0,1.0,Semiurban,Y
LP005784,Male,Yes,3+,Graduate,No,27767,869,91.0,180.0,1.0,Semiurban,Y
LP005785,Male,Yes,0,Graduate,,141627,1346,64.0,300.0,1.0,Urban,Y
LP005786,Female,Yes,2,Graduate,No,96770,11296,130.0,300.0,1.0,Semiurban,Y
LP005787,Male,Yes,0,Not Graduate,No,11544,3013,120.0,240.0,1.0,Urban,Y
LP005788,Female,Yes,0,Graduate,No,16895,2570,200.0,240.0,1.0,Urban,Y
LP005789,Female,Yes,2,Graduate,No,5749,1402,,360.0,1.0,Rural,N
LP005790,Male,No,0,Graduate,No,25309,221,259.0,360.0,1.0,Semiurban,Y
LP005791,Male,No,,Graduate,No,18240,4773,99.0,300.0,1.0,Rural,Y
LP005792,Female,Yes,1,Graduate,No,7192,3257,104.0,360.0,1.0,Semiurban,Y
LP005793,Female,Yes,0,Graduate,No,34526,1701,75.0,480.0,1.0,Semiurban,Y
LP005794,Female,No,1,Not Graduate,No,10802,1040,150.0,480.0,1.0,Rural,N
LP005795,Male,Yes,0,Graduate,No,8806,2111,133.0,180.0,,Urban,N
LP005796,Female,Yes,0,Graduate,No,18390,831,144.0,300.0,1.0,Semiurban,Y
LP005797,Male,Yes,2,Not Graduate,No,9209,2626,170.0,300.0,1.0,Semiurban,N
LP005798,Female,No,0,Not Graduate,No,13025,401,199.0,360.0,1.0,Urban,Y
LP005799,Female,Yes,0,Graduate,No,54014,110,91.0,180.0,0.0,Urban,Y
LP005800,Male,Yes,,Graduate,No,8170,259,150.0,480.0,1.0,Semiurban,Y
LP005801,Male,Yes,,Graduate,No,22932,1298,192.0,360.0,1.0,Urban,Y
LP005802,Male,Yes,1,Graduate,Yes,8376,763,95.0,180.0,1.0,Urban,N
LP005803,Male,Yes,1,Graduate,Yes,6133,918,,240.0,1.0,Urban,Y
LP005804,Female,Yes,1,Graduate,No,12515,231,267.0,180.0,1.0,Urban,Y
LP005805,,Yes,1,Not Graduate,No,114409,1575,146.0,300.0,1.0,Rural,Y
LP005806,Male,Yes,1,Graduate,No,24966,316,94.0,360.0,0.0,Semiurban,Y
LP005807,Male,Yes,3+,Graduate,No,19334,1990,101.0,360.0,1.0,Rural,Y
LP005808,,No,0,Graduate,No,8781,200,161.0,360.0,1.0,Rural,N
LP005809,Female,No,1,Graduate,No,9821,400,181.0,180.0,1.0,Urban,Y
LP005810,Male,Yes,2,Graduate,No,4077,341,57.0,480.0,1.0,Rural,N
LP005811,Male,Yes,1,Graduate,No,56163,2183,102.0,240.0,0.0,Urban,Y
LP005812,Female,Yes,2,Graduate,Yes,16566,630,157.0,480.0,1.0,Urban,Y
LP005813,Female,Yes,0,Graduate,No,15453,1825,79.0,300.0,1.0,Urban,Y
LP005814,Male,No,0,Not Graduate,No,15726,4309,135.0,360.0,1.0,Semiurban,Y
LP005815,Male,Yes,2,Graduate,No,71119,9283,171.0,,,Urban,Y
LP005816,Male,Yes,0,Not Graduate,No,16976,1447,141.0,240.0,0.0,Rural,N
LP005817,Male,No,2,Graduate,No,11452,292,113.0,360.0,1.0,Urban,Y
LP005818,Male,No,0,Not Graduate,,56347,4922,154.0,480.0,1.0,Semiurban,Y
LP005819,Female,Yes,2,Graduate,No,12043,6725,175.0,240.0,1.0,Urban,Y
LP005820,Male,Yes,1,Not Graduate,No,3452,1020,103.0,120.0,,Semiurban,N
LP005821,Female,Yes,0,Graduate,No,3937,5336,167.0,360.0,1.0,Semiurban,N
LP005822,Male,No,1,Graduate,No,11460,1635,166.0,360.0,1.0,Urban,Y
LP005823,Female,No,1,Graduate,No,16870,149,175.0,180.0,0.0,Semiurban,N
LP005824,Female,Yes,0,Graduate,Yes,25785,514,163.0,360.0,0.0,Urban,Y
LP005825,Male,Yes,1,Graduate,No,6408,598,156.0,240.0,1.0,Rural,Y
LP005826,Male,Yes,1,Not Graduate,,11156,708,142.0,480.0,0.0,Semiurban,N
LP005827,Female,Yes,0,Graduate,No,6990,357,135.0,360.0,1.0,Rural,Y
LP005828,Male,Yes,2,Graduate,No,32564,344,186.0,180.0,1.0,Urban,Y
LP005829,Male,Yes,0,Graduate,Yes,37269,5514,145.0,480.0,1.0,Urban,Y
LP005830,Male,Yes,0,Graduate,Yes,63998,136,176.0,240.0,,Urban,Y
LP005831,Female,No,1,Graduate,No,17698,459,175.0,360.0,1.0,Rural,Y
LP005832,Male,Yes,1,Graduate,No,59411,2310,103.0,360.0,1.0,Urban,Y
LP005833,Female,Yes,3+,Not Graduate,No,7674,561,134.0,360.0,1.0,Semiurban,N
LP005834,Male,Yes,0,Graduate,No,15879,1772,147.0,480.0,1.0,Urban,Y
LP005835,Female,No,0,Not Graduate,No,5717,677,,,1.0,Rural,Y
LP005836,Male,Yes,,Graduate,No,21134,1853,171.0,360.0,1.0,Urban,Y
LP005837,Female,No,2,Not Graduate,Yes,16777,315,158.0,360.0,1.0,Semiurban,N
LP005838,Male,Yes,1,Graduate,No,1876,117,152.0,360.0,1.0,Urban,Y
LP005839,Female,No,2,Graduate,No,32457,677,128.0,300.0,1.0,Semiurban,Y
LP005840,Female,No,0,Graduate,No,26483,128,,180.0,1.0,Urban,Y
LP005841,Male,Yes,,Graduate,No,8565,1012,167.0,240.0,1.0,Urban,Y
LP005842,Male,No,1,Graduate,No,16730,280,144.0,360.0,1.0,Urban,Y
LP005843,Male,Yes,3+,Graduate,No,4044,284,130.0,300.0,1.0,Semiurban,Y
LP005844,Male,Yes,0,Graduate,No,7214,6415,163.0,240.0,1.0,Rural,N
LP005845,Female,Yes,1,Graduate,No,50780,1523,151.0,480.0,1.0,Urban,Y
LP005846,Male,Yes,2,Graduate,No,5305,173,73.0,360.0,1.0,Rural,Y
LP005847,Male,No,1,Graduate,Yes,13462,1034,100.0,300.0,1.0,Rural,Y
LP005848,Female,No,0,Not Graduate,No,4371,923,,360.0,1.0,Semiurban,Y
LP005849,Male,Yes,3+,Graduate,No,17507,91,168.0,180.0,1.0,Rural,Y
LP005850,Male,Yes,0,Graduate,No,20956,1664,118.0,,,Semiurban,Y
LP005851,Male,Yes,0,Graduate,No,23844,3440,131.0,480.0,1.0,Urban,Y
LP005852,Female,Yes,1,Graduate,No,19426,660,106.0,360.0,1.0,Rural,Y
LP005853,Female,Yes,1,Not Graduate,No,41834,772,123.0,360.0,1.0,Urban,Y
LP005854,Female,No,2,Not Graduate,No,8576,561,201.0,360.0,1.0,Urban,Y
LP005855,Male,Yes,0,Not Graduate,No,5729,1741,140.0,180.0,1.0,Rural,Y
LP005856,Female,Yes,1,Not Graduate,No,8352,812,191.0,360.0,1.0,Semiurban,Y
LP005857,Male,No,1,Not Graduate,Yes,4550,852,231.0,300.0,,Urban,N
LP005858,Male,Yes,,Graduate,No,14228,415,130.0,,1.0,Rural,N
LP005859,Male,Yes,3+,Not Graduate,No,11947,12703,85.0,300.0,1.0,Semiurban,Y
LP005860,Male,Yes,2,Not Graduate,No,19575,803,171.0,360.0,1.0,Urban,Y
LP005861,Male,Yes,1,Graduate,No,3666,2541,108.0,480.0,,Semiurban,N
LP005862,Male,No,0,Graduate,No,13221,1508,150.0,300.0,1.0,Rural,N
LP005863,Male,Yes,3+,Graduate,No,35298,50,158.0,300.0,1.0,Urban,Y
LP005864,Male,Yes,0,Not Graduate,No,21115,702,242.0,,0.0,Urban,Y
LP005865,Female,Yes,0,Graduate,No,2932,274,166.0,360.0,0.0,Urban,Y
LP005866,Male,Yes,0,Graduate,No,13235,3540,127.0,360.0,1.0,Urban,Y
LP005867,Female,No,0,Graduate,Yes,7433,239,181.0,240.0,0.0,Urban,Y
LP005868,Male,No,2,Graduate,Yes,13497,1985,190.0,480.0,1.0,Semiurban,Y
LP005869,Female,No,1,Not Graduate,Yes,9852,3625,210.0,360.0,1.0,Rural,Y
LP005870,Male,Yes,3+,Not Graduate,No,53714,1535,103.0,180.0,1.0,Urban,Y
LP005871,Male,Yes,,Not Graduate,No,14307,1101,214.0,300.0,,Semiurban,N
LP005872,Male,Yes,1,Graduate,No,17212,681,264.0,240.0,1.0,Semiurban,Y
LP005873,Female,Yes,3+,Not Graduate,No,12896,945,213.0,240.0,1.0,Urban,Y
LP005874,Female,Yes,2,Graduate,No,19527,219,222.0,360.0,,Semiurban,N
LP005875,Male,,2,Graduate,Yes,11231,1357,128.0,180.0,0.0,Semiurban,N
LP005876,Male,No,0,Graduate,No,24805,3873,234.0,360.0,1.0,Urban,Y
LP005877,Female,Yes,2,Graduate,No,9764,384,126.0,360.0,1.0,Urban,Y
LP005878,Female,Yes,0,Not Graduate,No,40181,1121,148.0,300.0,1.0,Semiurban,Y
LP005879,Male,,1,Graduate,No,19873,968,126.0,300.0,1.0,Urban,Y
LP005880,Male,Yes,1,Not Graduate,Yes,11824,1595,120.0,180.0,1.0,Urban,Y
LP005881,Male,Yes,1,Graduate,Yes,26204,576,149.0,360.0,0.0,Semiurban,Y
LP005882,Female,Yes,2,Graduate,Yes,19819,179,92.0,480.0,1.0,Semiurban,Y
LP005883,Male,,1,Graduate,No,25896,285,,360.0,0.0,Rural,Y
LP005884,,Yes,0,Graduate,No,14308,67,101.0,180.0,1.0,Urban,N
LP005885,Male,No,1,Not Graduate,Yes,11015,2782,226.0,300.0,0.0,Rural,N
LP005886,Male,Yes,1,Graduate,No,14886,1767,231.0,240.0,0.0,Semiurban,Y
LP005887,Male,Yes,0,Graduate,No,8952,1077,277.0,360.0,1.0,Semiurban,Y
LP005888,Female,Yes,0,Not Graduate,No,29244,475,146.0,360.0,1.0,Rural,Y
LP005889,Female,Yes,0,Graduate,Yes,43275,902,,480.0,1.0,Urban,Y
LP005890,Male,No,1,Graduate,No,21231,1059,188.0,360.0,1.0,Rural,Y
LP005891,Female,Yes,3+,Graduate,No,41544,586,86.0,360.0,1.0,Semiurban,Y
LP005892,Male,Yes,0,Graduate,No,32908,614,,180.0,1.0,Urban,Y
LP005893,Male,No,1,Not Graduate,No,10779,5278,70.0,240.0,1.0,Rural,Y
LP005894,Male,Yes,2,Graduate,No,26072,244,191.0,,1.0,Urban,Y
LP005895,Male,Yes,0,Graduate,No,4786,3609,106.0,180.0,1.0,Urban,Y
LP005896,Male,Yes,3+,Graduate,No,15504,157,200.0,300.0,1.0,Semiurban,N
LP005897,Female,,0,Graduate,Yes,5188,7550,126.0,480.0,1.0,Semiurban,Y
LP005898,Male,No,2,Graduate,No,12237,62,150.0,360.0,1.0,Urban,Y
LP005899,Female,Yes,0,Graduate,No,4222,1916,141.0,300.0,1.0,Semiurban,Y
LP005900,Male,Yes,0,Graduate,No,32062,497,159.0,300.0,1.0,Urban,Y
LP005901,Female,Yes,0,Graduate,No,9740,897,125.0,180.0,1.0,Semiurban,N
LP005902,Male,Yes,0,Graduate,No,27585,932,201.0,180.0,1.0,Urban,Y
LP005903,Male,,2,Graduate,No,12576,2268,141.0,240.0,1.0,Semiurban,N
LP005904,Male,Yes,0,Graduate,,3055,104,168.0,300.0,1.0,Urban,N
LP005905,Male,Yes,1,Not Graduate,No,9069,1056,155.0,180.0,1.0,Semiurban,N
LP005906,,Yes,0,Graduate,No,8737,1369,99.0,360.0,1.0,Urban,Y
LP005907,Male,No,2,Graduate,,13202,495,217.0,480.0,1.0,Urban,N
LP005908,Female,Yes,2,Graduate,No,44641,959,117.0,240.0,1.0,Urban,Y
LP005909,Male,Yes,1,Not Graduate,No,50964,494,190.0,360.0,0.0,Urban,Y
LP005910,Male,Yes,0,Not Graduate,No,11103,2133,186.0,240.0,1.0,Rural,N
LP005911,Male,No,1,Graduate,No,4874,1697,75.0,360.0,1.0,Semiurban,Y
LP005912,Female,No,0,Graduate,,7366,1422,141.0,180.0,1.0,Semiurban,Y
LP005913,Female,No,0,Graduate,No,19607,2428,178.0,240.0,1.0,Semiurban,Y
LP005914,Male,,1,Not Graduate,No,12251,4898,135.0,240.0,1.0,Rural,Y
LP005915,Male,No,3+,Graduate,Yes,3788,333,143.0,240.0,1.0,Urban,N
LP005916,Male,Yes,2,Graduate,No,8929,15780,160.0,480.0,1.0,Rural,Y
LP005917,Female,,1,Graduate,No,38149,1757,131.0,300.0,1.0,Urban,Y
LP005918,Female,Yes,1,Graduate,No,16878,601,167.0,240.0,1.0,Rural,Y
LP005919,,,3+,Graduate,No,13874,17318,152.0,,1.0,Rural,Y
LP005920,Male,No,1,Graduate,Yes,9788,666,140.0,360.0,1.0,Semiurban,Y
LP005921,Male,No,1,Graduate,No,9246,256,101.0,360.0,1.0,Urban,N
LP005922,Female,No,3+,Graduate,No,20643,594,170.0,480.0,1.0,Semiurban,Y
LP005923,Male,Yes,0,Graduate,No,14967,561,29.0,360.0,1.0,Rural,N
LP005924,Female,Yes,0,Graduate,No,24755,4031,163.0,300.0,1.0,Urban,Y
LP005925,Male,Yes,1,Graduate,Yes,20688,957,150.0,240.0,1.0,Rural,Y
LP005926,Female,No,0,Not Graduate,,13572,1236,109.0,120.0,1.0,Urban,Y
LP005927,Female,Yes,0,Graduate,Yes,18167,1183,80.0,360.0,1.0,Rural,Y
LP005928,Female,No,1,Graduate,Yes,8316,4444,170.0,360.0,,Rural,N
LP005929,Female,Yes,1,Not Graduate,No,12854,744,137.0,360.0,,Semiurban,N
LP005930,Female,Yes,3+,Graduate,No,39056,857,156.0,300.0,1.0,Rural,Y
LP005931,Male,Yes,0,Graduate,No,13474,479,58.0,300.0,1.0,Urban,Y
LP005932,Male,Yes,0,Graduate,No,11228,661,173.0,360.0,1.0,Rural,Y
LP005933,Male,No,0,Graduate,No,15809,2059,196.0,360.0,1.0,Semiurban,Y
LP005934,Female,Yes,1,Graduate,Yes,5258,2629,142.0,360.0,1.0,Urban,Y
LP005935,Male,Yes,2,Graduate,No,15941,8432,105.0,360.0,1.0,Semiurban,Y
LP005936,Female,Yes,1,Not Graduate,No,51887,967,171.0,300.0,1.0,Rural,N
LP005937,Female,Yes,0,Graduate,No,6996,799,135.0,360.0,1.0,Urban,Y
LP005938,Male,Yes,1,Graduate,No,16541,1766,,300.0,1.0,Semiurban,Y
LP005939,Male,Yes,1,Not Graduate,No,13110,624,151.0,360.0,,Rural,N
LP005940,Male,,0,Graduate,Yes,12845,508,42.0,240.0,0.0,Urban,Y
LP005941,Male,Yes,1,Graduate,Yes,12661,1616,32.0,360.0,1.0,Urban,Y
LP005942,Male,Yes,1,Graduate,No,23657,685,114.0,,0.0,Urban,Y
LP005943,Male,Yes,3+,Graduate,No,5549,774,172.0,,,Urban,N
LP005944,Female,Yes,2,Graduate,Yes,23177,2268,125.0,360.0,,Rural,N
LP005945,Female,Yes,2,Graduate,No,14119,1591,174.0,360.0,1.0,Semiurban,Y
LP005946,Male,Yes,2,Graduate,No,3261,12096,116.0,180.0,1.0,Urban,Y
LP005947,Male,Yes,,Graduate,No,18103,3314,253.0,300.0,1.0,Rural,Y
LP005948,Male,Yes,3+,Graduate,Yes,14634,436,140.0,360.0,1.0,Urban,N
LP005949,Female,Yes,0,Graduate,No,6651,678,163.0,360.0,1.0,Rural,N
LP005950,Female,No,,Graduate,No,15190,211,102.0,360.0,1.0,Semiurban,Y
LP005951,Male,No,2,Graduate,No,4661,341,129.0,300.0,1.0,Semiurban,N
LP005952,Male,Yes,1,Graduate,No,7725,4987,174.0,240.0,1.0,Semiurban,N
LP005953,Female,Yes,0,Not Graduate,No,13760,785,147.0,300.0,1.0,Urban,Y
LP005954,Female,Yes,0,Not Graduate,Yes,3468,207,10.0,360.0,0.0,Semiurban,N
LP005955,Male,Yes,0,Not Graduate,Yes,5318,105,174.0,120.0,0.0,Semiurban,Y
LP005956,Female,No,,Graduate,Yes,5993,187,180.0,480.0,1.0,Semiurban,Y
LP005957,Male,No,0,Graduate,No,14233,418,186.0,300.0,0.0,Rural,N
LP005958,Male,Yes,1,Graduate,No,19016,1101,204.0,360.0,1.0,Semiurban,Y
LP005959,Female,,2,Not Graduate,No,6540,681,159.0,360.0,0.0,Semiurban,N
LP005960,Female,Yes,2,Graduate,No,6253,2535,269.0,360.0,1.0,Urban,Y
LP005961,Male,Yes,2,Graduate,No,14920,356,161.0,360.0,1.0,Rural,Y
LP005962,Female,No,2,Graduate,No,14602,4777,34.0,240.0,1.0,Rural,Y
LP005963,Male,Yes,1,Graduate,No,7629,931,161.0,360.0,1.0,Semiurban,Y
LP005964,Female,Yes,0,Graduate,No,57697,1900,,360.0,1.0,Semiurban,Y
LP005965,,Yes,0,Graduate,No,15483,587,81.0,360.0,,Urban,Y
LP005966,Female,Yes,3+,Graduate,No,11659,3715,136.0,300.0,1.0,Semiurban,N
LP005967,,Yes,0,Not Graduate,No,9809,223,210.0,360.0,0.0,Urban,Y
LP005968,Male,Yes,2,Not Graduate,No,29943,249,121.0,300.0,1.0,Rural,Y
LP005969,Female,Yes,0,Not Graduate,No,20661,342,138.0,180.0,1.0,Semiurban,Y
LP005970,Female,No,3+,Not Graduate,Yes,3327,4496,189.0,180.0,1.0,Rural,Y
LP005971,Female,No,1,Graduate,,7656,825,85.0,360.0,1.0,Rural,N
LP005972,,Yes,2,Not Graduate,No,9344,351,149.0,,1.0,Urban,N
LP005973,Female,,0,Graduate,Yes,13232,866,101.0,240.0,1.0,Semiurban,Y
LP005974,Female,Yes,0,Not Graduate,No,22064,1348,136.0,300.0,1.0,Semiurban,Y
LP005975,Male,No,1,Graduate,No,5675,301,161.0,300.0,1.0,Rural,Y
LP005976,Female,No,3+,Graduate,No,12537,1328,203.0,360.0,1.0,Semiurban,Y
LP005977,Male,,1,Graduate,No,52021,931,165.0,180.0,,Semiurban,Y
LP005978,Male,No,3+,Graduate,,13673,597,121.0,,1.0,Semiurban,Y
LP005979,Male,Yes,2,Not Graduate,No,7666,239,209.0,300.0,,Semiurban,Y
LP005980,Male,Yes,2,Not Graduate,No,4594,3185,180.0,360.0,1.0,Semiurban,N
LP005981,Female,Yes,1,Graduate,,9049,624,52.0,300.0,1.0,Semiurban,N
LP005982,Male,No,0,Graduate,No,5636,32,191.0,360.0,1.0,Semiurban,Y
LP005983,Female,No,0,Graduate,No,9743,1681,,300.0,1.0,Rural,Y
LP005984,Male,Yes,3+,Graduate,No,20614,1732,148.0,300.0,1.0,Urban,Y
LP005985,Male,Yes,3+,Not Graduate,No,13760,3359,209.0,480.0,1.0,Urban,Y
LP005986,Male,Yes,2,Graduate,No,9099,1800,139.0,360.0,1.0,Semiurban,N
LP005987,Male,No,0,Graduate,No,3188,1294,194.0,240.0,1.0,Urban,Y
LP005988,Female,Yes,0,Not Graduate,No,25993,611,213.0,360.0,1.0,Urban,Y
LP005989,Female,No,3+,Graduate,No,10077,613,153.0,360.0,1.0,Semiurban,N
LP005990,Female,Yes,0,Graduate,No,14565,2467,172.0,120.0,1.0,Semiurban,Y
LP005991,Male,Yes,2,Not Graduate,No,6442,908,184.0,480.0,1.0,Urban,Y
LP005992,Male,Yes,0,Not Graduate,No,9631,195,173.0,240.0,1.0,Semiurban,N
LP005993,Male,No,1,Not Graduate,No,8400,725,194.0,,0.0,Urban,N
LP005994,,Yes,2,Graduate,No,4595,1027,97.0,360.0,1.0,Semiurban,Y
LP005995,Male,No,0,Graduate,Yes,6461,100,117.0,360.0,0.0,Urban,N
LP005996,Female,Yes,0,Graduate,No,13203,2686,87.0,360.0,1.0,Urban,Y
LP005997,Male,Yes,3+,Graduate,No,16964,1097,234.0,360.0,1.0,Urban,Y
LP005998,Female,No,1,Graduate,Yes,7729,213,66.0,360.0,1.0,Semiurban,Y
LP005999,Male,No,2,Graduate,No,5104,767,216.0,360.0,1.0,Rural,N
LP006000,Male,No,2,Graduate,No,10045,969,173.0,300.0,1.0,Urban,N
LP006001,Female,Yes,0,Not Graduate,No,24926,3412,106.0,300.0,1.0,Urban,Y
LP006002,Male,Yes,0,Not Graduate,No,6302,3296,86.0,360.0,1.0,Rural,Y
LP006003,Female,Yes,1,Graduate,,13498,3998,,360.0,1.0,Rural,Y
LP006004,Female,Yes,0,Graduate,Yes,7876,1721,138.0,120.0,0.0,Urban,N
LP006005,Male,No,1,Not Graduate,No,32952,500,169.0,360.0,1.0,Urban,Y
LP006006,Female,Yes,2,Graduate,Yes,8908,369,40.0,480.0,1.0,Urban,Y
LP006007,Male,Yes,0,Not Graduate,No,22688,473,140.0,360.0,1.0,Rural,Y
LP006008,Male,Yes,1,Not Graduate,No,30093,1013,106.0,360.0,1.0,Rural,Y
LP006009,Female,Yes,0,Graduate,Yes,45852,1064,,240.0,1.0,Urban,Y
LP006010,Male,Yes,0,Graduate,Yes,4524,3769,170.0,480.0,0.0,Urban,N
LP006011,Female,Yes,1,Graduate,No,4365,808,124.0,360.0,0.0,Urban,N
LP006012,Female,Yes,2,Graduate,No,33934,96,221.0,180.0,1.0,Urban,Y
LP006013,Female,,0,Graduate,Yes,29767,262,128.0,480.0,1.0,Rural,Y
LP006014,Male,No,1,Not Graduate,Yes,8155,340,144.0,360.0,1.0,Urban,N
LP006015,,Yes,1,Not Graduate,No,1002,339,163.0,240.0,0.0,Urban,N
LP006016,Female,Yes,0,Graduate,No,14252,37,195.0,240.0,1.0,Urban,N
LP006017,Male,No,1,Not Graduate,No,3967,7210,,480.0,1.0,Semiurban,Y
LP006018,Male,No,3+,Graduate,No,6890,79,221.0,300.0,1.0,Urban,Y
LP006019,Male,,1,Not Graduate,No,15443,550,129.0,300.0,1.0,Urban,Y
LP006020,Male,,0,Graduate,No,17197,2416,100.0,300.0,1.0,Rural,Y
LP006021,Male,Yes,1,Graduate,Yes,47337,2225,229.0,360.0,1.0,Urban,Y
LP006022,,Yes,1,Graduate,,9915,187,134.0,300.0,1.0,Urban,Y
LP006023,Female,Yes,0,Graduate,No,6117,4666,179.0,,,Semiurban,N
LP006024,Male,Yes,0,Graduate,Yes,27828,3917,188.0,360.0,1.0,Semiurban,Y
LP006025,Male,No,0,Not Graduate,Yes,18063,882,254.0,300.0,1.0,Semiurban,N
LP006026,Male,Yes,0,Graduate,Yes,9991,1133,135.0,,1.0,Urban,Y
LP006027,Female,No,0,Not Graduate,No,13703,366,176.0,480.0,1.0,Urban,Y
LP006028,Male,No,1,Graduate,No,9873,1484,110.0,480.0,1.0,Urban,Y
LP006029,Female,Yes,,Graduate,Yes,23239,1438,125.0,300.0,0.0,Rural,N
LP006030,Male,No,,Graduate,No,51552,611,112.0,240.0,1.0,Urban,Y
LP006031,Female,Yes,1,Not Graduate,No,7477,2379,192.0,240.0,1.0,Urban,Y
LP006032,Male,Yes,2,Graduate,No,18708,1632,,360.0,0.0,Semiurban,N
LP006033,Female,No,1,Graduate,,3929,51842,168.0,180.0,1.0,Urban,Y
LP006034,,,,Not Graduate,No,5664,371,111.0,120.0,1.0,Rural,Y
LP006035,Female,No,1,Graduate,No,20953,5428,117.0,360.0,1.0,Urban,Y
LP006036,Male,Yes,2,Graduate,No,12628,394,114.0,480.0,1.0,Rural,Y
LP006037,Female,Yes,0,Graduate,No,5500,2065,167.0,240.0,1.0,Rural,Y
LP006038,Female,No,0,Graduate,No,13453,48,70.0,180.0,1.0,Urban,N
LP006039,Male,Yes,0,Graduate,No,26987,592,130.0,360.0,,Urban,N
LP006040,Female,Yes,0,Not Graduate,No,4198,1932,83.0,300.0,1.0,Semiurban,Y
LP006041,Male,,0,Not Graduate,No,54026,1462,175.0,360.0,1.0,Urban,Y
LP006042,,No,0,Graduate,Yes,21129,98,100.0,360.0,1.0,Semiurban,Y
LP006043,Male,Yes,0,Graduate,No,21469,668,247.0,240.0,1.0,Urban,Y
LP006044,Male,No,1,Graduate,No,13345,6451,202.0,360.0,0.0,Semiurban,Y
LP006045,Female,Yes,0,Graduate,No,54052,3769,145.0,480.0,1.0,Urban,Y
LP006046,,Yes,1,Graduate,Yes,28849,3472,170.0,360.0,0.0,Urban,N
LP006047,Male,No,1,Graduate,No,9956,18446,173.0,300.0,1.0,Urban,Y
LP006048,Male,Yes,1,Graduate,Yes,24487,135,101.0,360.0,1.0,Urban,Y
LP006049,,Yes,0,Graduate,No,7431,683,211.0,120.0,1.0,Urban,N
LP006050,Female,No,1,Graduate,No,10676,1138,145.0,240.0,0.0,Urban,Y
LP006051,Male,No,0,Not Graduate,No,43187,456,111.0,,1.0,Rural,Y
LP006052,Female,Yes,1,Graduate,No,18216,1273,177.0,240.0,1.0,Semiurban,N
LP006053,Male,Yes,1,Graduate,No,22679,5224,93.0,180.0,1.0,Urban,Y
LP006054,Male,No,0,Graduate,No,34053,1251,182.0,240.0,1.0,Urban,Y
LP006055,Female,No,0,Graduate,No,20714,77,167.0,240.0,,Urban,Y
LP006056,Male,No,0,Graduate,No,6981,2470,117.0,300.0,1.0,Semiurban,Y
LP006057,Male,Yes,0,Graduate,No,50464,1077,197.0,180.0,1.0,Semiurban,Y
LP006058,Male,No,0,Graduate,No,20189,80,185.0,360.0,,Rural,Y
LP006059,Female,Yes,3+,Graduate,No,21363,523,133.0,360.0,1.0,Semiurban,Y
LP006060,Female,Yes,0,Not Graduate,No,13970,136,176.0,300.0,1.0,Semiurban,N
LP006061,Male,Yes,1,Graduate,No,32487,776,83.0,360.0,1.0,Urban,Y
LP006062,Male,Yes,1,Graduate,No,61818,599,174.0,360.0,1.0,Semiurban,Y
LP006063,Male,Yes,1,Not Graduate,No,9894,175,77.0,480.0,1.0,Semiurban,Y
LP006064,Male,Yes,3+,Graduate,No,31330,1482,156.0,180.0,1.0,Rural,Y
LP006065,Male,Yes,2,Graduate,No,13732,299,184.0,360.0,1.0,Semiurban,N
LP006066,Female,Yes,2,Not Graduate,No,2701,5371,166.0,180.0,1.0,Semiurban,N
LP006067,Male,Yes,3+,Graduate,No,4344,1341,227.0,120.0,1.0,Urban,Y
LP006068,Male,Yes,0,Graduate,No,18759,801,110.0,180.0,1.0,Semiurban,Y
LP006069,,Yes,1,Graduate,No,29979,4938,170.0,360.0,,Urban,N
LP006070,Male,Yes,2,Graduate,,21747,1498,43.0,300.0,1.0,Urban,Y
LP006071,Female,Yes,1,Graduate,Yes,24717,1662,124.0,180.0,1.0,Semiurban,Y
LP006072,Male,Yes,3+,Graduate,Yes,106051,1014,134.0,,1.0,Urban,Y
LP006073,Male,,0,Graduate,No,20388,752,228.0,360.0,1.0,Urban,Y
LP006074,Male,No,1,Graduate,No,10808,1781,148.0,360.0,1.0,Semiurban,Y
LP006075,Male,No,3+,Graduate,No,12072,6828,195.0,360.0,1.0,Semiurban,Y
LP006076,Male,Yes,0,Graduate,No,49414,18,104.0,300.0,1.0,Rural,Y
LP006077,Male,Yes,2,Graduate,,4839,10321,133.0,300.0,1.0,Urban,Y
LP006078,Male,Yes,0,Graduate,No,35967,327,108.0,120.0,1.0,Urban,Y
LP006079,Male,No,1,Graduate,No,13533,1381,100.0,360.0,0.0,Rural,Y
LP006080,Male,Yes,3+,Graduate,Yes,6868,139,103.0,240.0,1.0,Semiurban,Y
LP006081,Male,Yes,0,Not Graduate,No,4187,6566,119.0,240.0,1.0,Urban,Y
LP006082,Female,Yes,0,Graduate,No,43672,208,252.0,360.0,0.0,Rural,Y
LP006083,Male,Yes,0,Graduate,Yes,6728,4216,,180.0,1.0,Urban,N
LP006084,,No,2,Graduate,No,14043,821,82.0,240.0,1.0,Semiurban,Y
LP006085,Male,No,2,Graduate,Yes,6125,902,123.0,300.0,1.0,Urban,Y
LP006086,Male,No,0,Graduate,Yes,64388,242,200.0,300.0,0.0,Urban,Y
LP006087,Female,Yes,0,Graduate,No,14451,4736,,240.0,1.0,Semiurban,Y
LP006088,Male,No,2,Graduate,No,4550,918,224.0,120.0,,Urban,N
LP006089,Female,Yes,2,Graduate,No,9480,2594,201.0,300.0,1.0,Urban,Y
LP006090,Male,No,0,Not Graduate,No,40721,91,140.0,300.0,1.0,Rural,Y
LP006091,Male,Yes,0,Graduate,No,6115,376,117.0,240.0,1.0,Semiurban,Y
LP006092,Female,Yes,2,Not Graduate,No,10005,1481,102.0,240.0,1.0,Rural,Y
LP006093,Male,Yes,1,Graduate,No,34534,165,,360.0,1.0,Semiurban,Y
LP006094,Male,Yes,3+,Graduate,No,17567,1691,170.0,120.0,1.0,Semiurban,Y
LP006095,Male,No,1,Graduate,No,5036,495,217.0,180.0,1.0,Urban,Y
LP006096,Female,No,1,Not Graduate,No,15973,431,167.0,300.0,1.0,Urban,Y
LP006097,Male,Yes,1,Graduate,No,11822,2028,,300.0,1.0,Urban,N
LP006098,Female,Yes,3+,Graduate,No,13931,1346,218.0,360.0,1.0,Urban,N
LP006099,Male,Yes,0,Graduate,No,28488,284,190.0,240.0,1.0,Semiurban,Y
LP006100,,No,0,Graduate,,16195,4220,115.0,360.0,1.0,Urban,Y
LP006101,Male,Yes,0,Graduate,No,12403,2011,145.0,300.0,1.0,Rural,Y
LP006102,Female,Yes,2,Graduate,No,11925,97,183.0,360.0,1.0,Urban,Y
LP006103,,Yes,1,Not Graduate,No,31616,762,165.0,300.0,1.0,Urban,Y
LP006104,Female,Yes,0,Graduate,No,7507,1716,99.0,360.0,1.0,Urban,Y
LP006105,Male,No,1,Graduate,Yes,2358,959,,300.0,1.0,Semiurban,Y
LP006106,Male,Yes,0,Graduate,No,11156,20,116.0,180.0,1.0,Semiurban,Y
LP006107,Male,Yes,0,Not Graduate,No,18080,1183,153.0,240.0,1.0,Semiurban,Y
LP006108,Male,No,0,Graduate,No,9574,2721,85.0,300.0,1.0,Rural,Y
LP006109,Male,Yes,1,Graduate,,8775,994,105.0,180.0,1.0,Urban,Y
LP006110,Female,Yes,2,Not Graduate,Yes,9982,1172,254.0,180.0,1.0,Rural,Y
LP006111,Female,Yes,2,Graduate,Yes,13099,3728,128.0,,0.0,Urban,Y
LP006112,Male,Yes,3+,Not Graduate,No,4728,163,205.0,360.0,1.0,Urban,Y
LP006113,Female,Yes,1,Graduate,No,22676,2653,143.0,180.0,0.0,Semiurban,Y
LP006114,Male,No,2,Graduate,No,1587,1648,89.0,360.0,0.0,Semiurban,N
LP006115,Male,No,0,Graduate,No,20578,156,,360.0,0.0,Urban,N
LP006116,,No,0,Graduate,Yes,17165,2533,110.0,300.0,1.0,Semiurban,Y
LP006117,Female,No,0,Graduate,No,19883,9580,257.0,300.0,1.0,Urban,Y
LP006118,Female,Yes,1,Graduate,No,2856,1636,138.0,360.0,1.0,Urban,N
LP006119,Male,Yes,0,Graduate,No,16886,2133,159.0,360.0,1.0,Semiurban,Y
LP006120,Female,Yes,0,Not Graduate,No,8655,305,184.0,300.0,1.0,Semiurban,N
LP006121,Male,No,1,Graduate,No,48134,522,175.0,300.0,1.0,Rural,Y
LP006122,Male,,0,Graduate,,17843,323,193.0,360.0,1.0,Semiurban,Y
LP006123,Male,Yes,1,Not Graduate,No,5211,1763,123.0,300.0,1.0,Semiurban,Y
LP006124,Female,Yes,1,Graduate,No,3455,589,,360.0,1.0,Urban,Y
LP006125,Female,Yes,0,Graduate,No,8169,546,102.0,180.0,1.0,Semiurban,Y
LP006126,Female,Yes,0,Not Graduate,No,25571,2551,73.0,360.0,0.0,Rural,N
LP006127,Male,No,0,Graduate,Yes,33589,8132,123.0,360.0,1.0,Rural,Y
LP006128,Male,Yes,0,Graduate,No,15446,987,-36.0,480.0,1.0,Semiurban,Y
LP006129,Male,No,1,Graduate,No,14243,165,186.0,300.0,1.0,Semiurban,Y
LP006130,Male,Yes,2,Graduate,No,10243,1150,178.0,360.0,1.0,Rural,Y
LP006131,Male,No,0,Not Graduate,Yes,13133,1380,101.0,240.0,1.0,Urban,N
LP006132,Female,No,0,Not Graduate,No,35333,2974,81.0,240.0,1.0,Semiurban,Y
LP006133,Male,No,2,Graduate,No,10124,743,226.0,240.0,1.0,Urban,N
LP006134,Male,Yes,0,Not Graduate,No,22630,3156,198.0,360.0,1.0,Urban,Y
LP006135,Male,Yes,0,Graduate,Yes,8753,2625,137.0,360.0,1.0,Urban,Y
LP006136,Male,Yes,1,Graduate,No,30050,766,,300.0,,Urban,Y
LP006137,Male,Yes,1,Not Graduate,Yes,21225,2934,151.0,360.0,1.0,Urban,Y
LP006138,Female,Yes,1,Not Graduate,,29076,3348,77.0,180.0,0.0,Rural,Y
LP006139,Female,No,,Graduate,No,60216,296,164.0,360.0,1.0,Rural,Y
LP006140,Female,Yes,0,Graduate,No,1693,3471,89.0,360.0,1.0,Semiurban,Y
LP006141,Male,Yes,1,Graduate,Yes,24416,949,30.0,180.0,,Rural,Y
LP006142,Male,Yes,0,Graduate,Yes,19444,814,109.0,180.0,1.0,Urban,Y
LP006143,Male,No,2,Graduate,No,19110,963,99.0,120.0,0.0,Urban,Y
LP006144,Female,No,2,Graduate,No,16195,4863,240.0,480.0,0.0,Semiurban,Y
LP006145,Female,Yes,0,Graduate,No,16186,4847,233.0,360.0,1.0,Rural,Y
LP006146,Male,Yes,0,Not Graduate,No,17484,1942,94.0,180.0,0.0,Semiurban,N
LP006147,Male,No,0,Graduate,No,27578,1515,144.0,360.0,1.0,Urban,Y
LP006148,,Yes,0,Graduate,No,25875,967,117.0,300.0,1.0,Urban,Y
LP006149,Female,Yes,0,Not Graduate,No,13095,27949,241.0,180.0,1.0,Semiurban,N
LP006150,Female,No,1,Graduate,Yes,11499,482,58.0,480.0,,Semiurban,N
LP006151,Male,No,3+,Not Graduate,No,13576,641,173.0,240.0,,Semiurban,Y
LP006152,Male,Yes,0,Graduate,No,9601,1576,213.0,360.0,1.0,Semiurban,N
LP006153,Male,Yes,0,Graduate,No,55502,369,122.0,360.0,1.0,Urban,Y
LP006154,Male,Yes,0,Graduate,No,4833,3860,151.0,360.0,1.0,Rural,Y
LP006155,,Yes,0,Graduate,No,24338,187,202.0,,1.0,Semiurban,Y
LP006156,,,0,Graduate,Yes,24223,465,94.0,,1.0,Urban,Y
LP006157,Female,Yes,,Graduate,No,8740,677,,480.0,1.0,Semiurban,Y
LP006158,Female,Yes,0,Graduate,No,16929,328,72.0,180.0,1.0,Urban,Y
LP006159,Male,Yes,3+,Graduate,Yes,36693,3824,70.0,300.0,0.0,Semiurban,Y
LP006160,Female,Yes,1,Graduate,No,10259,226,192.0,360.0,0.0,Urban,N
LP006161,Male,Yes,1,Not Graduate,No,38160,345,101.0,360.0,1.0,Urban,Y
LP006162,Male,Yes,0,Not Graduate,No,32682,486,158.0,360.0,0.0,Semiurban,Y
LP006163,Male,Yes,1,Not Graduate,No,7571,3015,91.0,240.0,1.0,Urban,Y
LP006164,Male,Yes,1,Graduate,No,5505,6266,164.0,480.0,1.0,Urban,N
LP006165,Male,Yes,0,Graduate,No,15250,2052,67.0,240.0,1.0,Urban,Y
LP006166,Male,No,0,Graduate,No,4953,226,214.0,360.0,1.0,Semiurban,Y
LP006167,Male,Yes,3+,Not Graduate,No,1307,521,190.0,480.0,1.0,Rural,Y
LP006168,Female,No,0,Graduate,No,9031,7233,119.0,,0.0,Semiurban,Y
LP006169,Male,Yes,,Graduate,Yes,76069,1135,56.0,360.0,1.0,Semiurban,Y
LP006170,Male,Yes,0,Graduate,No,9341,193,139.0,180.0,1.0,Urban,Y
LP006171,Male,Yes,0,Graduate,No,18098,15257,132.0,360.0,1.0,Rural,Y
LP006172,Female,Yes,0,Graduate,No,23388,553,122.0,300.0,1.0,Semiurban,Y
LP006173,Male,No,0,Not Graduate,No,12926,1006,202.0,180.0,1.0,Semiurban,Y
LP006174,Female,No,1,Graduate,No,10230,482,210.0,360.0,1.0,Rural,Y
LP006175,Male,No,1,Graduate,No,35702,348,171.0,360.0,1.0,Urban,Y
LP006176,Male,Yes,2,Graduate,No,13793,5193,224.0,240.0,1.0,Semiurban,Y
LP006177,Male,Yes,2,Graduate,No,12417,1387,9.0,360.0,0.0,Semiurban,N
LP006178,Male,Yes,0,Graduate,No,25285,1600,134.0,300.0,1.0,Semiurban,Y
LP006179,Male,Yes,1,Not Graduate,No,5862,236,132.0,360.0,,Semiurban,N
LP006180,Male,Yes,2,Graduate,No,4863,765,192.0,360.0,,Semiurban,N
LP006181,Male,,1,Graduate,No,3641,519,134.0,240.0,0.0,Rural,N
LP006182,Male,No,1,Graduate,No,21044,407,177.0,240.0,1.0,Rural,Y
LP006183,Male,Yes,2,Graduate,No,11720,1921,125.0,360.0,1.0,Urban,Y
LP006184,Female,Yes,0,Graduate,No,25876,731,116.0,360.0,1.0,Semiurban,Y
LP006185,Male,Yes,2,Not Graduate,No,13915,2517,190.0,300.0,0.0,Semiurban,Y
LP006186,Female,Yes,0,Graduate,No,4461,2604,149.0,300.0,1.0,Rural,N
LP006187,Female,Yes,,Not Graduate,No,10051,650,165.0,300.0,,Urban,Y
LP006188,Male,No,0,Not Graduate,No,27376,1890,87.0,180.0,1.0,Urban,Y
LP006189,Male,Yes,2,Not Graduate,No,10832,629,183.0,360.0,1.0,Urban,Y
LP006190,,Yes,1,Not Graduate,No,34525,426,96.0,240.0,1.0,Rural,Y
LP006191,Female,Yes,1,Graduate,No,9294,307,235.0,,1.0,Rural,Y
LP006192,Female,Yes,2,Graduate,No,23753,1215,137.0,180.0,0.0,Urban,Y
LP006193,Female,No,2,Graduate,No,3209,450,129.0,360.0,1.0,Rural,Y
LP006194,Female,Yes,2,Graduate,Yes,11146,5731,194.0,360.0,1.0,Rural,Y
LP006195,Female,No,0,Not Graduate,Yes,9802,7717,,360.0,1.0,Semiurban,Y
LP006196,Male,Yes,2,Graduate,No,4366,1938,185.0,360.0,1.0,Urban,Y
LP006197,Male,No,1,Graduate,No,32517,1468,135.0,360.0,1.0,Urban,Y
LP006198,Female,Yes,1,Not Graduate,No,8006,1121,185.0,240.0,1.0,Urban,Y
LP006199,Male,Yes,3+,Graduate,No,7371,18929,146.0,180.0,1.0,Urban,Y
LP006200,Male,No,0,Graduate,No,37836,11555,193.0,360.0,1.0,Rural,Y
LP006201,Female,No,0,Graduate,No,15201,857,207.0,360.0,1.0,Urban,Y
LP006202,Male,No,1,Not Graduate,Yes,24930,863,70.0,360.0,1.0,Semiurban,Y
LP006203,Female,Yes,2,Graduate,No,3421,1623,167.0,240.0,1.0,Rural,Y
LP006204,Female,No,1,Not Graduate,No,7052,266,241.0,360.0,,Semiurban,Y
LP006205,Male,No,1,Graduate,No,70906,126,180.0,240.0,1.0,Urban,Y
LP006206,Female,Yes,1,Not Graduate,No,26455,220,271.0,360.0,1.0,Semiurban,Y
LP006207,Male,No,1,Graduate,No,5660,763,103.0,300.0,1.0,Urban,Y
LP006208,Male,Yes,2,Graduate,No,15994,352,162.0,180.0,,Rural,Y
LP006209,Male,Yes,0,Graduate,Yes,6023,6284,174.0,360.0,1.0,Rural,Y
LP006210,Male,Yes,1,Graduate,Yes,40744,188,123.0,360.0,1.0,Rural,Y
LP006211,Male,No,2,Graduate,No,2173,220,88.0,300.0,1.0,Rural,N
LP006212,Male,Yes,1,Graduate,Yes,16651,121,258.0,300.0,1.0,Semiurban,Y
LP006213,Male,Yes,0,Graduate,No,16452,505,206.0,360.0,1.0,Urban,Y
LP006214,Male,Yes,0,Not Graduate,No,5485,679,177.0,240.0,1.0,Semiurban,Y
LP006215,Female,Yes,2,Graduate,No,10737,996,152.0,180.0,1.0,Urban,Y
LP006216,Female,Yes,0,Not Graduate,No,18041,1051,157.0,360.0,1.0,Semiurban,Y
LP006217,Male,Yes,0,Not Graduate,No,3221,520,181.0,360.0,1.0,Rural,Y
LP006218,Male,No,0,Graduate,No,4799,310,222.0,360.0,1.0,Semiurban,Y
LP006219,Male,No,1,Graduate,No,11800,1812,114.0,300.0,1.0,Rural,N
LP006220,Male,No,2,Graduate,No,6860,372,155.0,360.0,1.0,Rural,Y
LP006221,Female,No,2,Not Graduate,No,9223,2800,131.0,120.0,1.0,Semiurban,N
LP006222,Female,Yes,0,Not Graduate,No,13146,185,97.0,360.0,1.0,Semiurban,N
LP006223,Male,Yes,,Graduate,Yes,6448,446,119.0,240.0,1.0,Urban,Y
LP006224,,Yes,2,Graduate,Yes,13078,12716,160.0,180.0,1.0,Urban,Y
LP006225,Male,Yes,0,Graduate,No,16956,14977,135.0,300.0,1.0,Rural,Y
LP006226,Female,No,0,Not Graduate,Yes,24911,214,151.0,360.0,1.0,Semiurban,Y
LP006227,Male,Yes,2,Graduate,No,4931,4670,186.0,240.0,1.0,Rural,Y
LP006228,Female,No,1,Not Graduate,No,8081,7602,207.0,240.0,1.0,Urban,Y
LP006229,Female,Yes,1,Graduate,No,21393,3927,282.0,300.0,1.0,Semiurban,Y
LP006230,Male,No,0,Graduate,No,4081,1012,188.0,360.0,1.0,Urban,N
LP006231,Male,Yes,2,Not Graduate,No,14544,108,119.0,360.0,1.0,Semiurban,N
LP006232,Female,Yes,1,Not Graduate,No,13663,1213,205.0,240.0,1.0,Semiurban,Y
LP006233,Male,No,2,Graduate,No,1686,1796,134.0,240.0,1.0,Urban,Y
LP006234,Male,Yes,3+,Graduate,,8995,1459,115.0,480.0,1.0,Rural,N
LP006235,Male,No,3+,Graduate,No,17406,1943,181.0,360.0,1.0,Urban,Y
LP006236,Female,Yes,2,Not Graduate,No,11276,413,220.0,240.0,1.0,Rural,Y
LP006237,Female,Yes,0,Graduate,No,9141,613,119.0,180.0,,Semiurban,N
LP006238,Female,No,2,Graduate,No,15137,61,165.0,180.0,1.0,Urban,Y
LP006239,Female,Yes,0,Graduate,Yes,29469,3191,172.0,240.0,1.0,Semiurban,Y
LP006240,Female,No,2,Graduate,No,20538,373,102.0,360.0,1.0,Rural,Y
LP006241,Female,Yes,0,Graduate,No,7297,813,78.0,300.0,1.0,Rural,Y
LP006242,Male,Yes,1,Graduate,No,4158,1485,79.0,480.0,1.0,Urban,N
LP006243,Male,Yes,0,Not Graduate,Yes,20243,559,213.0,300.0,1.0,Urban,N
LP006244,Female,Yes,2,Graduate,No,5207,302,126.0,240.0,1.0,Urban,Y
LP006245,Female,Yes,,Graduate,No,8756,1490,118.0,240.0,1.0,Semiurban,N
LP006246,Female,Yes,1,Graduate,No,15689,129,165.0,,1.0,Urban,N
LP006247,Male,Yes,2,Graduate,No,33430,2752,215.0,480.0,1.0,Semiurban,Y
LP006248,Female,Yes,1,Graduate,No,37371,2422,91.0,480.0,0.0,Urban,Y
LP006249,Female,Yes,0,Graduate,No,14024,566,55.0,240.0,1.0,Rural,Y
LP006250,Male,Yes,1,Graduate,No,8887,606,,360.0,1.0,Semiurban,Y
LP006251,Male,Yes,0,Not Graduate,No,5112,335,175.0,360.0,1.0,Rural,Y
LP006252,Male,Yes,1,Not Graduate,No,64017,693,96.0,240.0,1.0,Semiurban,Y
LP006253,Male,Yes,3+,Graduate,No,10594,861,128.0,240.0,1.0,Urban,N
LP006254,Male,Yes,1,Not Graduate,No,22977,748,99.0,180.0,1.0,Semiurban,Y
LP006255,Male,Yes,0,Not Graduate,No,15637,6237,181.0,180.0,1.0,Urban,Y
LP006256,Male,No,0,Not Graduate,No,8986,134,201.0,300.0,1.0,Urban,N
LP006257,Female,No,3+,Graduate,,8687,368,183.0,300.0,1.0,Rural,Y
LP006258,Female,Yes,0,Graduate,No,4418,2637,158.0,120.0,0.0,Semiurban,Y
LP006259,Female,Yes,1,Graduate,No,32792,12911,168.0,480.0,0.0,Urban,Y
LP006260,,,1,Graduate,No,12131,388,112.0,300.0,1.0,Rural,Y
LP006261,Male,Yes,2,Graduate,No,41925,3694,127.0,360.0,0.0,Urban,Y
LP006262,Female,No,,Graduate,No,9329,275,150.0,360.0,1.0,Semiurban,N
LP006263,,No,0,Graduate,No,10525,687,136.0,360.0,1.0,Urban,Y
LP006264,Female,Yes,1,Not Graduate,Yes,5395,1110,150.0,300.0,,Semiurban,N
LP006265,Female,Yes,1,Not Graduate,No,10413,478,69.0,360.0,1.0,Urban,Y
LP006266,Male,No,0,Graduate,No,4953,663,194.0,240.0,1.0,Semiurban,N
LP006267,Female,No,0,Graduate,No,18437,213,96.0,480.0,1.0,Urban,Y
LP006268,Male,,1,Graduate,No,14563,2463,44.0,120.0,1.0,Semiurban,Y
LP006269,Male,Yes,0,Graduate,No,43473,373,114.0,180.0,1.0,Urban,Y
LP006270,Female,Yes,2,Graduate,No,4162,494,139.0,360.0,0.0,Rural,N
LP006271,Male,Yes,0,Not Graduate,No,35341,429,250.0,360.0,1.0,Rural,Y
LP006272,Female,No,0,Not Graduate,No,6107,457,125.0,360.0,,Urban,N
LP006273,Male,No,0,Graduate,No,17595,1304,160.0,360.0,1.0,Rural,Y
LP006274,Male,Yes,0,Graduate,No,5343,1182,166.0,360.0,1.0,Rural,Y
LP006275,Male,No,1,Not Graduate,,15712,22523,74.0,120.0,0.0,Semiurban,N
LP006276,Female,Yes,0,Not Graduate,No,1792,817,144.0,360.0,1.0,Urban,Y
LP006277,Male,Yes,2,Graduate,No,7812,972,136.0,360.0,1.0,Rural,N
LP006278,Male,,3+,Graduate,No,14543,5455,154.0,180.0,1.0,Rural,Y
LP006279,Female,Yes,2,Graduate,No,54412,1436,171.0,240.0,1.0,Semiurban,Y
LP006280,Male,Yes,0,Not Graduate,No,2434,974,192.0,360.0,1.0,Semiurban,Y
LP006281,Female,Yes,3+,Graduate,No,13335,934,107.0,180.0,1.0,Rural,Y
LP006282,Male,No,0,Graduate,Yes,8822,1384,174.0,360.0,1.0,Rural,Y
LP006283,Female,No,1,Graduate,No,2884,3532,113.0,360.0,1.0,Rural,N
LP006284,Female,,1,Graduate,No,5432,5510,104.0,,1.0,Rural,Y
LP006285,Male,Yes,0,Graduate,No,9164,3781,,360.0,1.0,Semiurban,N
LP006286,Male,Yes,2,Graduate,No,19412,1920,59.0,360.0,,Rural,Y
LP006287,Female,No,0,Graduate,No,14332,1412,124.0,,1.0,Urban,Y
LP006288,Male,Yes,1,Graduate,No,4675,12654,161.0,300.0,1.0,Urban,Y
LP006289,Female,Yes,0,Graduate,No,3080,620,120.0,360.0,1.0,Urban,Y
LP006290,Male,Yes,2,Not Graduate,Yes,18659,2534,,300.0,1.0,Semiurban,Y
LP006291,Male,Yes,2,Graduate,Yes,11427,4487,82.0,360.0,,Semiurban,Y
LP006292,Male,Yes,0,Not Graduate,No,48491,3839,57.0,300.0,1.0,Urban,Y
LP006293,Female,No,1,Graduate,No,10076,439,106.0,120.0,,Semiurban,Y
LP006294,Male,No,2,Graduate,No,33342,32149,157.0,120.0,1.0,Semiurban,Y
LP006295,Female,Yes,1,Graduate,No,20641,8140,141.0,360.0,1.0,Urban,Y
LP006296,Female,Yes,1,Not Graduate,No,25778,3912,181.0,480.0,1.0,Urban,Y
LP006297,Male,Yes,1,Graduate,No,18881,327,78.0,240.0,1.0,Urban,Y
LP006298,Male,No,0,Graduate,No,19215,3553,121.0,360.0,0.0,Semiurban,Y
LP006299,Female,Yes,1,Graduate,No,2135,68,146.0,300.0,1.0,Rural,Y
LP006300,Male,Yes,1,Graduate,No,11053,829,101.0,300.0,1.0,Semiurban,N
LP006301,Female,Yes,1,Graduate,Yes,7856,1246,156.0,180.0,1.0,Semiurban,Y
LP006302,Male,Yes,2,Not Graduate,No,36920,639,,360.0,1.0,Urban,N
LP006303,Male,Yes,,Graduate,Yes,5994,7331,174.0,360.0,1.0,Rural,Y
LP006304,Female,Yes,0,Graduate,No,10676,1242,164.0,300.0,1.0,Rural,Y
LP006305,Male,Yes,0,Not Graduate,No,25354,346,57.0,360.0,1.0,Semiurban,Y
LP006306,Male,Yes,0,Graduate,No,16996,2707,223.0,360.0,1.0,Rural,Y
LP006307,Male,,0,Graduate,Yes,15273,1768,41.0,300.0,1.0,Semiurban,Y
LP006308,Male,Yes,3+,Graduate,No,32446,133,72.0,360.0,1.0,Semiurban,Y
LP006309,Male,Yes,0,Graduate,Yes,16449,5461,146.0,480.0,0.0,Semiurban,N
LP006310,Female,Yes,1,Graduate,No,8639,1238,,180.0,1.0,Urban,Y
LP006311,Male,Yes,0,Graduate,No,4736,3577,135.0,480.0,0.0,Rural,N
LP006312,Male,No,1,Graduate,No,19719,1794,122.0,180.0,0.0,Urban,Y
LP006313,Female,Yes,3+,Graduate,No,7214,731,145.0,240.0,1.0,Rural,N
LP006314,Male,Yes,0,Not Graduate,No,11015,1824,,480.0,,Rural,Y
LP006315,,,2,Graduate,No,31656,971,92.0,360.0,0.0,Urban,Y
LP006316,Female,Yes,3+,Graduate,No,11192,1554,94.0,300.0,,Semiurban,Y
LP006317,Female,Yes,1,Graduate,No,9363,2256,106.0,300.0,1.0,Semiurban,Y
LP006318,Male,No,0,Graduate,,10681,1308,216.0,240.0,1.0,Semiurban,N
LP006319,Female,,1,Graduate,Yes,10915,1916,168.0,240.0,1.0,Urban,N
LP006320,Male,Yes,2,Graduate,No,6045,701,178.0,180.0,0.0,Semiurban,N
LP006321,,No,,Not Graduate,Yes,51117,552,,120.0,1.0,Semiurban,Y
LP006322,Male,No,1,Not Graduate,No,8608,2778,,360.0,1.0,Urban,N
LP006323,Male,No,0,Graduate,No,25021,6249,157.0,360.0,1.0,Rural,Y
LP006324,Male,No,0,Not Graduate,No,5914,589,227.0,360.0,1.0,Rural,N
LP006325,Male,No,2,Not Graduate,No,20735,1600,101.0,180.0,1.0,Urban,Y
LP006326,Male,Yes,,Graduate,No,15298,202,136.0,360.0,1.0,Rural,Y
LP006327,,Yes,0,Graduate,No,13629,9563,207.0,480.0,0.0,Semiurban,Y
LP006328,Male,Yes,1,Not Graduate,Yes,15366,4338,40.0,360.0,1.0,Urban,Y
LP006329,Male,No,,Graduate,No,18634,544,110.0,360.0,1.0,Semiurban,Y
LP006330,Male,No,0,Not Graduate,No,11142,718,189.0,180.0,,Semiurban,N
LP006331,Male,Yes,,Graduate,No,11595,4680,155.0,240.0,0.0,Urban,Y
LP006332,Female,Yes,1,Graduate,No,21204,1354,175.0,300.0,1.0,Urban,Y
LP006333,Male,No,0,Graduate,No,5358,2343,54.0,360.0,,Semiurban,N
LP006334,Male,No,0,Not Graduate,No,4736,335,107.0,,,Semiurban,N
LP006335,Male,Yes,1,Graduate,No,15415,2191,182.0,360.0,1.0,Urban,Y
LP006336,Female,No,2,Graduate,No,2676,917,104.0,300.0,1.0,Semiurban,N
LP006337,Male,Yes,2,Graduate,No,3476,1569,191.0,300.0,0.0,Urban,Y
LP006338,Male,Yes,0,Graduate,No,56624,680,164.0,120.0,1.0,Urban,Y
LP006339,Male,Yes,1,Graduate,No,46143,851,91.0,,,Urban,Y
LP006340,Male,Yes,2,Graduate,No,8462,1242,167.0,300.0,0.0,Semiurban,Y
LP006341,Male,Yes,1,Graduate,No,29713,543,187.0,180.0,1.0,Rural,Y
LP006342,Female,,3+,Graduate,No,30547,16679,,240.0,0.0,Rural,Y
LP006343,Female,No,3+,Graduate,No,19474,309,,480.0,1.0,Rural,Y
LP006344,Female,No,0,Graduate,No,12542,1997,63.0,360.0,1.0,Urban,Y
LP006345,Male,Yes,0,Graduate,No,22051,1577,262.0,300.0,1.0,Semiurban,Y
LP006346,Male,Yes,0,Graduate,No,25295,2732,,360.0,1.0,Semiurban,Y
LP006347,Male,Yes,0,Graduate,Yes,22330,54,221.0,240.0,0.0,Semiurban,Y
LP006348,Female,Yes,3+,Graduate,No,3868,144,155.0,300.0,1.0,Urban,Y
LP006349,Male,Yes,3+,Graduate,No,67945,567,129.0,240.0,1.0,Rural,Y
LP006350,Female,Yes,0,Graduate,No,91369,3308,130.0,480.0,1.0,Urban,Y
LP006351,Male,Yes,1,Graduate,No,2900,798,189.0,480.0,1.0,Semiurban,Y
LP006352,Male,No,1,Graduate,Yes,20105,760,203.0,360.0,1.0,Urban,Y
LP006353,Male,Yes,0,Graduate,No,68636,1117,117.0,,1.0,Urban,Y
LP006354,Male,No,1,Graduate,No,29786,399,148.0,480.0,0.0,Semiurban,Y
LP006355,Female,Yes,3+,Graduate,No,30041,1927,212.0,240.0,0.0,Rural,Y
LP006356,Female,No,0,Graduate,No,4226,1380,144.0,300.0,1.0,Rural,Y
LP006357,Male,,0,Graduate,Yes,25156,2003,155.0,360.0,1.0,Rural,Y
LP006358,Male,Yes,0,Not Graduate,No,16177,6764,218.0,360.0,1.0,Semiurban,Y
LP006359,Female,Yes,0,Graduate,No,24931,831,210.0,,1.0,Urban,Y
LP006360,Female,No,0,Graduate,No,5834,1251,190.0,480.0,0.0,Urban,N
LP006361,Male,Yes,1,Graduate,No,5669,336,96.0,240.0,1.0,Urban,N
LP006362,Male,Yes,1,Graduate,No,11919,243,97.0,,0.0,Semiurban,Y
LP006363,Male,No,2,Graduate,No,9864,1086,113.0,360.0,1.0,Urban,N
LP006364,Male,Yes,0,Graduate,No,11778,1240,123.0,240.0,1.0,Semiurban,Y
LP006365,Male,Yes,0,Graduate,No,9103,2508,160.0,360.0,1.0,Semiurban,N
LP006366,Male,Yes,2,Not Graduate,No,11375,2187,145.0,360.0,,Rural,N
LP006367,Male,Yes,2,Graduate,No,7841,1488,141.0,300.0,1.0,Semiurban,N
LP006368,Male,Yes,0,Graduate,No,12853,8282,137.0,360.0,1.0,Rural,Y
LP006369,Male,Yes,0,Graduate,No,4277,754,106.0,480.0,1.0,Urban,N
LP006370,Female,Yes,2,Graduate,No,20156,873,126.0,480.0,1.0,Urban,Y
LP006371,,Yes,0,Graduate,No,16455,1540,,240.0,1.0,Semiurban,Y
LP006372,Male,No,0,Graduate,No,4868,264,184.0,480.0,1.0,Semiurban,N
LP006373,Female,Yes,1,Not Graduate,Yes,38603,2503,151.0,,1.0,Semiurban,Y
LP006374,Female,Yes,0,Not Graduate,No,6894,1194,74.0,120.0,1.0,Rural,Y
LP006375,Male,Yes,0,Graduate,No,34584,1222,100.0,360.0,1.0,Semiurban,Y
LP006376,Male,,1,Not Graduate,No,17388,2103,147.0,300.0,1.0,Urban,Y
LP006377,Female,Yes,2,Graduate,No,29746,1721,217.0,300.0,1.0,Semiurban,Y
LP006378,Female,Yes,2,Graduate,No,15381,1795,161.0,240.0,1.0,Urban,Y
LP006379,Female,Yes,3+,Graduate,No,21025,687,,360.0,1.0,Semiurban,Y
LP006380,Female,No,0,Graduate,No,29486,7211,205.0,120.0,1.0,Rural,Y
LP006381,Female,Yes,0,Graduate,No,61436,189,101.0,300.0,1.0,Urban,Y
LP006382,Male,Yes,2,Graduate,Yes,31561,481,220.0,,0.0,Rural,Y
LP006383,Male,,1,Not Graduate,,19121,565,130.0,240.0,1.0,Urban,Y
LP006384,Male,Yes,0,Graduate,No,4542,461,207.0,360.0,1.0,Urban,Y
LP006385,Male,No,0,Graduate,No,1933,134,233.0,360.0,1.0,Semiurban,Y
LP006386,Female,Yes,0,Graduate,No,12036,7886,104.0,360.0,1.0,Rural,Y
LP006387,Male,Yes,1,Graduate,No,7543,2370,150.0,300.0,1.0,Urban,N
LP006388,Female,Yes,0,Graduate,No,7768,514,189.0,240.0,1.0,Urban,Y
LP006389,Male,Yes,3+,Graduate,No,12507,2531,135.0,240.0,1.0,Semiurban,N
LP006390,Male,Yes,,Graduate,No,22702,904,137.0,360.0,0.0,Semiurban,N
LP006391,Male,Yes,3+,Graduate,No,8129,773,130.0,300.0,0.0,Semiurban,Y
LP006392,Male,Yes,2,Graduate,,27341,346,56.0,300.0,1.0,Urban,Y
LP006393,Female,Yes,1,Not Graduate,,13722,1119,202.0,360.0,,Semiurban,N
LP006394,Female,Yes,2,Graduate,Yes,13767,513,99.0,360.0,1.0,Urban,Y
LP006395,Female,Yes,1,Graduate,No,59873,341,,240.0,1.0,Semiurban,Y
LP006396,Male,,0,Graduate,No,15405,3452,202.0,,1.0,Rural,Y
LP006397,Male,Yes,0,Graduate,No,12793,408,174.0,360.0,1.0,Rural,N
LP006398,Male,No,1,Graduate,,20315,5916,84.0,300.0,1.0,Rural,Y
LP006399,Male,Yes,1,Graduate,No,56258,465,204.0,300.0,1.0,Urban,Y
LP006400,Female,No,1,Graduate,Yes,12869,180,183.0,360.0,1.0,Semiurban,N
LP006401,Female,Yes,1,Graduate,No,18992,2059,150.0,240.0,1.0,Rural,Y
LP006402,Female,No,1,Graduate,No,12251,641,132.0,360.0,1.0,Semiurban,Y
LP006403,Male,Yes,1,Graduate,No,12302,164,143.0,300.0,1.0,Semiurban,Y
LP006404,,Yes,1,Graduate,No,9026,1488,160.0,360.0,1.0,Semiurban,N
LP006405,Male,No,1,Graduate,Yes,8535,228,110.0,240.0,1.0,Semiurban,N
LP006406,Female,,2,Not Graduate,No,51888,100,205.0,360.0,0.0,Semiurban,N
LP006407,Male,Yes,1,Graduate,No,8577,2471,177.0,240.0,1.0,Semiurban,N
LP006408,,Yes,,Graduate,No,3895,6547,143.0,360.0,1.0,Semiurban,N
LP006409,Male,Yes,1,Graduate,Yes,14769,682,237.0,180.0,1.0,Rural,Y
LP006410,Female,No,,Not Graduate,No,30159,4693,,300.0,0.0,Semiurban,N
LP006411,Male,Yes,1,Graduate,No,36098,2871,227.0,360.0,1.0,Semiurban,Y
LP006412,Male,Yes,0,Graduate,No,5138,2442,164.0,360.0,1.0,Rural,Y
LP006413,Female,No,3+,Graduate,No,32539,894,187.0,180.0,1.0,Semiurban,Y
LP006414,Male,No,0,Graduate,Yes,69365,536,131.0,300.0,1.0,Semiurban,Y
LP006415,Male,Yes,0,Graduate,No,7728,1657,56.0,180.0,1.0,Rural,N
LP006416,Male,Yes,0,Graduate,No,11623,2386,173.0,360.0,1.0,Urban,Y
LP006417,Male,No,0,Graduate,No,4987,241,90.0,,1.0,Semiurban,Y
LP006418,Female,Yes,2,Not Graduate,No,58862,743,,240.0,1.0,Urban,Y
LP006419,Female,No,1,Graduate,No,4048,873,153.0,300.0,1.0,Semiurban,Y
LP006420,Male,Yes,2,Graduate,No,9702,781,117.0,,0.0,Urban,N
LP006421,Female,Yes,0,Not Graduate,Yes,25028,487,148.0,240.0,1.0,Semiurban,Y
LP006422,Male,Yes,0,Graduate,No,7729,221,159.0,360.0,,Rural,Y
LP006423,Male,Yes,0,Graduate,No,6055,761,76.0,360.0,0.0,Semiurban,Y
LP006424,Male,No,1,Graduate,No,12812,785,163.0,360.0,1.0,Semiurban,Y
LP006425,Male,Yes,2,Not Graduate,No,90411,621,118.0,180.0,1.0,Urban,Y
LP006426,Male,Yes,1,Graduate,No,10885,2390,96.0,,1.0,Rural,Y
LP006427,,Yes,0,Graduate,No,11320,212,49.0,480.0,1.0,Rural,Y
LP006428,Female,Yes,3+,Not Graduate,Yes,5472,1535,72.0,480.0,1.0,Rural,Y
LP006429,Male,Yes,0,Graduate,Yes,18179,127,151.0,120.0,1.0,Semiurban,Y
LP006430,Male,Yes,1,Graduate,No,27091,1012,152.0,,1.0,Semiurban,Y
LP006431,Female,Yes,1,Not Graduate,Yes,8225,73,175.0,180.0,1.0,Urban,Y
LP006432,Female,No,0,Graduate,Yes,20508,376,,360.0,1.0,Rural,Y
LP006433,Female,No,0,Graduate,No,8276,1068,217.0,120.0,1.0,Semiurban,Y
LP006434,Male,Yes,0,Not Graduate,No,2936,198,199.0,360.0,1.0,Semiurban,N
LP006435,Female,Yes,2,Graduate,No,19262,199,209.0,360.0,1.0,Urban,Y
LP006436,Male,Yes,1,Graduate,No,70228,3562,159.0,180.0,1.0,Rural,Y
LP006437,Male,Yes,2,Graduate,No,5132,161,158.0,360.0,1.0,Semiurban,N
LP006438,Male,No,1,Graduate,No,15421,950,226.0,480.0,1.0,Urban,Y
LP006439,Male,Yes,1,Graduate,No,38093,6446,160.0,180.0,1.0,Urban,Y
LP006440,Male,Yes,2,Graduate,No,12313,1301,161.0,360.0,,Semiurban,Y
LP006441,Male,Yes,3+,Graduate,No,4266,1135,208.0,240.0,1.0,Rural,Y
LP006442,Male,Yes,0,Graduate,No,13848,465,136.0,240.0,1.0,Semiurban,Y
LP006443,Female,Yes,0,Graduate,No,44015,467,143.0,360.0,0.0,Rural,Y
LP006444,Male,Yes,2,Graduate,Yes,8908,896,81.0,480.0,1.0,Urban,Y
LP006445,,Yes,3+,Not Graduate,No,16087,99,126.0,240.0,0.0,Semiurban,N
LP006446,Male,No,3+,Not Graduate,No,5751,3696,133.0,480.0,,Semiurban,N
LP006447,Female,No,1,Graduate,No,12337,1406,136.0,180.0,1.0,Urban,Y
LP006448,Male,No,0,Graduate,No,18203,134,,480.0,1.0,Urban,Y
LP006449,Male,No,0,Graduate,No,14774,3756,99.0,120.0,1.0,Urban,Y
LP006450,Male,Yes,3+,Graduate,No,9459,2477,224.0,240.0,1.0,Rural,Y
LP006451,Female,No,1,Graduate,No,19041,1857,46.0,480.0,1.0,Urban,Y
LP006452,Female,Yes,0,Not Graduate,Yes,22824,16050,179.0,240.0,1.0,Rural,Y
LP006453,Male,Yes,3+,Graduate,No,24064,1231,190.0,120.0,1.0,Rural,Y
LP006454,Male,No,0,Graduate,,10568,6878,184.0,360.0,1.0,Urban,Y
LP006455,Female,Yes,2,Graduate,No,8128,1130,204.0,480.0,1.0,Semiurban,N
LP006456,Male,No,1,Graduate,No,64247,1887,139.0,360.0,1.0,Semiurban,Y
LP006457,Female,Yes,0,Graduate,No,14914,564,212.0,480.0,1.0,Rural,Y
LP006458,Male,No,0,Graduate,Yes,10872,114,115.0,240.0,1.0,Semiurban,Y
LP006459,Male,Yes,0,Graduate,,4098,122,119.0,360.0,1.0,Semiurban,Y
LP006460,Male,Yes,,Graduate,Yes,6336,990,253.0,360.0,1.0,Semiurban,Y
LP006461,,Yes,1,Graduate,No,7991,824,158.0,480.0,0.0,Rural,N
LP006462,Female,No,0,Graduate,No,18987,266,197.0,360.0,,Urban,Y
LP006463,Female,Yes,3+,Graduate,No,10046,786,,180.0,1.0,Semiurban,Y
LP006464,Male,Yes,0,Graduate,,13523,1882,186.0,300.0,1.0,Urban,Y
LP006465,Female,,0,Graduate,No,4244,5162,49.0,360.0,0.0,Semiurban,N
LP006466,Male,Yes,0,Graduate,No,41090,477,168.0,360.0,1.0,Rural,Y
LP006467,Male,Yes,0,Graduate,No,7405,1757,150.0,240.0,1.0,Urban,Y
LP006468,Male,Yes,3+,Graduate,No,16124,8840,198.0,120.0,1.0,Rural,Y
LP006469,Female,No,0,Graduate,No,8739,2697,110.0,240.0,1.0,Rural,Y
LP006470,Female,Yes,1,Not Graduate,No,10357,435,209.0,300.0,0.0,Rural,N
LP006471,Female,,2,Graduate,No,7078,1238,89.0,180.0,0.0,Semiurban,N
LP006472,Female,Yes,1,Graduate,No,16933,1368,127.0,120.0,0.0,Rural,Y
LP006473,Female,Yes,0,Not Graduate,No,6098,2356,71.0,300.0,1.0,Urban,Y
LP006474,Female,Yes,2,Graduate,No,17178,1149,95.0,360.0,1.0,Rural,Y
LP006475,Female,No,,Graduate,No,12148,1959,150.0,360.0,1.0,Rural,N
LP006476,Female,Yes,0,Graduate,No,22115,3727,218.0,360.0,1.0,Urban,Y
LP006477,Male,,1,Graduate,Yes,23931,310,151.0,300.0,1.0,Urban,Y
LP006478,Male,Yes,,Graduate,No,10362,224,85.0,120.0,1.0,Urban,Y
LP006479,Male,Yes,1,Not Graduate,No,17904,2276,44.0,240.0,1.0,Semiurban,Y
LP006480,Male,Yes,2,Graduate,No,9333,912,183.0,360.0,1.0,Urban,Y
LP006481,Male,Yes,3+,Not Graduate,No,38286,3089,117.0,300.0,1.0,Semiurban,N
LP006482,Male,No,,Graduate,No,10024,4044,123.0,,1.0,Semiurban,Y
LP006483,Female,Yes,0,Graduate,No,11368,119,203.0,240.0,1.0,Semiurban,Y
LP006484,Male,Yes,0,Graduate,No,9181,401,143.0,120.0,1.0,Semiurban,N
LP006485,Male,Yes,1,Not Graduate,Yes,7431,943,135.0,360.0,1.0,Rural,Y
LP006486,Male,Yes,0,Graduate,No,67979,321,158.0,360.0,1.0,Urban,Y
LP006487,Female,No,,Graduate,No,19714,621,224.0,300.0,1.0,Semiurban,Y
LP006488,Male,Yes,1,Not Graduate,No,14107,236,162.0,360.0,1.0,Semiurban,N
LP006489,Male,,1,Graduate,No,9127,647,42.0,180.0,1.0,Urban,N
LP006490,Female,Yes,2,Graduate,No,32548,344,109.0,360.0,1.0,Urban,Y
LP006491,Female,Yes,1,Graduate,No,8634,1658,135.0,480.0,1.0,Semiurban,N
LP006492,Male,Yes,0,Graduate,,14715,3238,193.0,240.0,1.0,Urban,Y
LP006493,Male,Yes,0,Not Graduate,No,77836,1790,87.0,360.0,1.0,Urban,Y
LP006494,Male,Yes,,Graduate,No,6211,24767,157.0,300.0,1.0,Rural,Y
LP006495,Female,Yes,2,Graduate,No,20571,3383,145.0,360.0,1.0,Urban,Y
LP006496,Male,Yes,1,Graduate,No,16828,3234,200.0,300.0,0.0,Urban,Y
LP006497,Male,Yes,0,Graduate,No,20384,993,100.0,180.0,0.0,Rural,Y
LP006498,Male,Yes,0,Graduate,No,10636,758,158.0,360.0,1.0,Urban,Y
LP006499,Male,,2,Graduate,No,8318,5052,226.0,180.0,1.0,Urban,Y
LP006500,Female,No,3+,Not Graduate,No,16013,809,,300.0,1.0,Urban,Y
LP006501,Male,Yes,0,Not Graduate,No,9275,1143,179.0,,1.0,Semiurban,Y
LP006502,Male,No,2,Graduate,No,2068,891,134.0,300.0,1.0,Urban,Y
LP006503,Male,Yes,1,Graduate,No,6907,2096,157.0,360.0,1.0,Rural,N
LP006504,Male,Yes,1,Graduate,Yes,10369,3196,144.0,240.0,1.0,Urban,Y
LP006505,Male,Yes,2,Graduate,,5640,3933,192.0,360.0,1.0,Semiurban,N
LP006506,Female,Yes,0,Graduate,Yes,15074,761,176.0,300.0,1.0,Urban,Y
LP006507,Female,Yes,1,Graduate,No,7287,1364,118.0,360.0,1.0,Urban,Y
LP006508,Female,Yes,0,Graduate,No,12903,1632,237.0,480.0,1.0,Rural,N
LP006509,Female,Yes,0,Graduate,No,75682,6355,210.0,360.0,1.0,Rural,Y
LP006510,Female,Yes,1,Not Graduate,Yes,35653,128,106.0,,1.0,Urban,Y
LP006511,Male,No,0,Graduate,No,21443,1111,132.0,480.0,1.0,Urban,Y
LP006512,Female,Yes,1,Graduate,No,56805,506,142.0,180.0,1.0,Semiurban,Y
LP006513,Female,,0,Graduate,No,12606,578,190.0,120.0,1.0,Semiurban,Y
LP006514,Female,Yes,1,Graduate,Yes,12709,395,109.0,360.0,0.0,Semiurban,Y
LP006515,Male,No,0,Not Graduate,No,5741,2094,116.0,360.0,1.0,Rural,N
LP006516,Male,Yes,2,Graduate,No,37142,57,193.0,240.0,1.0,Semiurban,Y
LP006517,Female,Yes,,Not Graduate,,63933,928,177.0,180.0,1.0,Semiurban,Y
LP006518,Female,No,3+,Graduate,,27609,123,52.0,360.0,1.0,Urban,Y
LP006519,Female,No,3+,Graduate,No,41718,477,182.0,480.0,0.0,Semiurban,N
LP006520,Male,Yes,0,Graduate,No,1495,848,76.0,360.0,1.0,Semiurban,Y
LP006521,,Yes,0,Not Graduate,No,86834,673,118.0,480.0,1.0,Semiurban,Y
LP006522,Male,No,1,Graduate,No,12289,2483,131.0,360.0,1.0,Urban,N
LP006523,Female,No,1,Not Graduate,No,87972,4912,126.0,240.0,1.0,Rural,Y
LP006524,Male,Yes,0,Graduate,No,53386,11496,117.0,,,Semiurban,Y
LP006525,Male,Yes,,Graduate,,24783,1086,98.0,360.0,1.0,Semiurban,Y
LP006526,Female,,,Graduate,No,10153,4417,175.0,360.0,1.0,Semiurban,N
LP006527,,Yes,3+,Graduate,Yes,15162,6353,69.0,360.0,1.0,Urban,Y
LP006528,Female,Yes,3+,Graduate,No,2898,619,123.0,360.0,1.0,Semiurban,Y
LP006529,Male,Yes,0,Not Graduate,No,28131,4816,189.0,360.0,1.0,Semiurban,Y
LP006530,Female,No,,Graduate,No,1730,80,169.0,,,Rural,N
LP006531,Male,No,0,Graduate,No,10520,1567,80.0,360.0,1.0,Semiurban,N
LP006532,Female,Yes,1,Graduate,Yes,45916,7529,53.0,120.0,1.0,Semiurban,Y
LP006533,Female,Yes,,Graduate,Yes,23779,1235,95.0,360.0,1.0,Semiurban,Y
LP006534,Male,Yes,2,Graduate,No,3928,872,41.0,360.0,1.0,Semiurban,Y
LP006535,Male,Yes,1,Graduate,No,4572,867,154.0,180.0,1.0,Semiurban,N
LP006536,Male,Yes,0,Not Graduate,No,8283,6387,127.0,300.0,1.0,Semiurban,Y
LP006537,Female,,0,Graduate,No,14224,162,130.0,360.0,1.0,Semiurban,Y
LP006538,Female,Yes,3+,Not Graduate,No,26936,685,175.0,300.0,1.0,Urban,Y
LP006539,Male,Yes,0,Graduate,No,21661,3013,193.0,300.0,1.0,Urban,Y
LP006540,Female,,0,Graduate,No,5727,1605,161.0,360.0,1.0,Rural,N
LP006541,Male,Yes,2,Graduate,Yes,21916,4556,138.0,,1.0,Urban,Y
LP006542,Female,Yes,2,Not Graduate,Yes,23867,2486,114.0,360.0,1.0,Rural,Y
LP006543,Female,No,3+,Not Graduate,No,19748,622,132.0,360.0,,Rural,Y
LP006544,,Yes,0,Graduate,No,97007,2203,,360.0,1.0,Rural,Y
LP006545,Male,Yes,1,Graduate,No,23886,225,196.0,360.0,1.0,Rural,Y
LP006546,Male,Yes,1,Graduate,No,28977,97,80.0,,0.0,Semiurban,Y
LP006547,Male,No,,Not Graduate,No,59915,526,93.0,300.0,1.0,Urban,Y
LP006548,Male,Yes,2,Not Graduate,No,26372,1206,149.0,120.0,1.0,Urban,Y
LP006549,Male,Yes,2,Graduate,No,8596,414,44.0,360.0,1.0,Rural,Y
LP006550,Male,Yes,0,Graduate,No,36104,1351,164.0,480.0,1.0,Urban,Y
LP006551,Male,Yes,2,Not Graduate,No,9690,1176,202.0,360.0,1.0,Urban,Y
LP006552,Male,Yes,1,Graduate,No,6087,117,267.0,300.0,1.0,Urban,Y
LP006553,Male,Yes,0,Graduate,Yes,6518,573,154.0,360.0,1.0,Rural,Y
LP006554,Male,No,0,Graduate,No,35777,3392,192.0,360.0,1.0,Semiurban,Y
LP006555,Female,No,1,Graduate,No,21942,1966,151.0,360.0,1.0,Semiurban,Y
LP006556,Female,Yes,0,Not Graduate,Yes,31215,475,230.0,360.0,1.0,Urban,Y
LP006557,Male,Yes,2,Not Graduate,No,22028,2304,128.0,300.0,1.0,Urban,Y
LP006558,Male,Yes,2,Graduate,No,15538,9011,166.0,360.0,1.0,Rural,Y
LP006559,Female,No,0,Graduate,No,17230,658,180.0,180.0,1.0,Urban,Y
LP006560,Female,Yes,1,Graduate,No,21436,2669,169.0,180.0,1.0,Rural,Y
LP006561,Male,Yes,0,Graduate,No,8250,2209,111.0,,1.0,Rural,N
LP006562,Male,No,1,Graduate,Yes,4758,618,81.0,360.0,1.0,Urban,N
LP006563,Male,No,1,Graduate,Yes,9062,281,201.0,360.0,1.0,Rural,Y
LP006564,Male,Yes,2,Graduate,Yes,20646,7948,162.0,360.0,1.0,Rural,Y
LP006565,Male,No,1,Graduate,,7956,4049,153.0,480.0,1.0,Rural,N
LP006566,Male,No,2,Graduate,No,73401,785,194.0,180.0,1.0,Rural,Y
LP006567,Female,Yes,2,Graduate,No,19015,4704,192.0,360.0,,Rural,Y
LP006568,Male,Yes,1,Not Graduate,No,14699,2134,167.0,360.0,0.0,Rural,N
LP006569,Male,No,1,Not Graduate,Yes,8224,4663,,360.0,1.0,Semiurban,Y
LP006570,Male,Yes,2,Graduate,Yes,27794,127,123.0,180.0,1.0,Urban,Y
LP006571,Male,Yes,0,Graduate,No,5066,671,,360.0,1.0,Urban,N
LP006572,Male,Yes,2,Graduate,No,17199,7245,71.0,300.0,1.0,Semiurban,Y
LP006573,Male,No,2,Graduate,No,9429,26433,150.0,,0.0,Urban,Y
LP006574,Female,No,0,Not Graduate,No,14716,686,187.0,360.0,0.0,Semiurban,N
LP006575,Male,Yes,3+,Graduate,No,19712,672,,240.0,0.0,Urban,N
LP006576,Female,No,0,Graduate,No,5342,2489,157.0,300.0,1.0,Rural,Y
LP006577,Female,No,3+,Graduate,No,3509,1657,165.0,300.0,1.0,Urban,N
LP006578,Male,No,0,Graduate,No,6340,2079,105.0,360.0,1.0,Urban,Y
LP006579,Male,,2,Graduate,No,26994,81,206.0,480.0,1.0,Semiurban,Y
LP006580,Male,Yes,1,Not Graduate,No,18006,823,166.0,360.0,1.0,Semiurban,Y
LP006581,Female,,2,Graduate,No,9678,2882,66.0,300.0,1.0,Semiurban,Y
LP006582,Female,Yes,0,Graduate,No,64506,65,154.0,240.0,1.0,Urban,Y
LP006583,,Yes,0,Not Graduate,No,37349,157,222.0,360.0,1.0,Rural,Y
LP006584,Male,No,0,Graduate,No,30784,130,149.0,480.0,1.0,Urban,Y
LP006585,Female,Yes,2,Not Graduate,No,7484,2394,117.0,300.0,1.0,Urban,N
LP006586,Male,No,0,Graduate,No,30512,359,122.0,120.0,1.0,Rural,Y
LP006587,Male,Yes,1,Not Graduate,No,17545,259,141.0,180.0,1.0,Rural,Y
LP006588,Male,Yes,2,Graduate,No,7496,1171,89.0,300.0,1.0,Semiurban,N
LP006589,Male,Yes,3+,Not Graduate,No,12292,247,220.0,300.0,1.0,Urban,Y
LP006590,Female,Yes,0,Graduate,No,5821,1885,196.0,240.0,1.0,Urban,Y
LP006591,Male,Yes,2,Graduate,No,7549,19864,203.0,300.0,1.0,Rural,Y
LP006592,Male,No,0,Graduate,No,5348,704,74.0,480.0,1.0,Semiurban,Y
LP006593,Male,Yes,2,Graduate,No,28716,106,156.0,180.0,1.0,Urban,Y
LP006594,Female,Yes,2,Graduate,,12622,636,203.0,360.0,,Semiurban,Y
LP006595,Female,Yes,0,Not Graduate,No,6290,1974,,300.0,1.0,Rural,Y
LP006596,Male,Yes,0,Graduate,No,20209,1751,146.0,360.0,0.0,Urban,Y
LP006597,Male,Yes,1,Graduate,No,13375,2999,95.0,480.0,1.0,Semiurban,Y
LP006598,Male,Yes,1,Graduate,No,30958,537,191.0,300.0,1.0,Semiurban,Y
LP006599,Female,Yes,3+,Not Graduate,No,14863,783,139.0,180.0,1.0,Rural,Y
LP006600,Male,No,0,Graduate,No,4231,57,145.0,360.0,1.0,Urban,Y
LP006601,Male,Yes,3+,Not Graduate,No,8978,2291,93.0,,1.0,Urban,Y
LP006602,Male,No,1,Graduate,No,5293,227,227.0,480.0,1.0,Urban,Y
LP006603,Male,Yes,3+,Graduate,No,20960,1394,152.0,180.0,1.0,Rural,Y
LP006604,Female,No,2,Graduate,No,31811,385,189.0,240.0,1.0,Rural,Y
LP006605,Male,Yes,2,Graduate,No,3884,988,169.0,480.0,0.0,Semiurban,Y
LP006606,Male,Yes,0,Graduate,No,12093,3463,104.0,360.0,0.0,Urban,N
LP006607,Male,Yes,1,Not Graduate,No,33597,648,67.0,240.0,1.0,Rural,Y
LP006608,Male,No,0,Graduate,No,3838,451,140.0,,1.0,Urban,Y
LP006609,Female,Yes,0,Graduate,No,9433,1100,205.0,180.0,1.0,Urban,N
LP006610,Male,Yes,1,Not Graduate,No,13357,507,51.0,240.0,1.0,Semiurban,N
LP006611,Female,Yes,2,Graduate,No,31380,354,,240.0,0.0,Urban,Y
LP006612,,Yes,0,Graduate,No,20655,10300,191.0,120.0,1.0,Semiurban,Y
LP006613,Male,Yes,1,Graduate,No,24324,118,159.0,300.0,1.0,Semiurban,Y
LP006614,Male,Yes,1,Graduate,No,21632,2403,144.0,300.0,1.0,Rural,Y
LP006615,Male,Yes,0,Graduate,No,9911,931,192.0,360.0,1.0,Semiurban,Y
LP006616,Female,Yes,1,Graduate,,49748,407,88.0,360.0,1.0,Rural,Y
LP006617,Male,Yes,2,Not Graduate,No,7810,1663,172.0,360.0,0.0,Urban,N
LP006618,Male,Yes,0,Not Graduate,No,1447,1142,165.0,240.0,1.0,Semiurban,N
LP006619,Male,Yes,2,Graduate,Yes,3163,5348,239.0,180.0,1.0,Semiurban,N
LP006620,Female,No,1,Graduate,No,12167,281,131.0,360.0,1.0,Urban,Y
LP006621,Male,,2,Graduate,Yes,10247,590,152.0,300.0,1.0,Rural,Y
LP006622,Male,No,0,Not Graduate,No,8698,3691,146.0,,1.0,Rural,Y
LP006623,Male,Yes,2,Graduate,No,15065,857,124.0,360.0,1.0,Semiurban,Y
LP006624,Male,No,0,Not Graduate,No,34903,2113,223.0,300.0,1.0,Semiurban,Y
LP006625,Female,Yes,1,Graduate,No,19210,4711,101.0,240.0,1.0,Semiurban,Y
LP006626,Male,Yes,0,Graduate,No,22445,2153,74.0,360.0,1.0,Urban,Y
LP006627,Female,Yes,2,Graduate,No,5631,526,162.0,360.0,1.0,Urban,N
LP006628,Female,No,2,Graduate,No,8817,719,113.0,480.0,1.0,Semiurban,Y
LP006629,Male,Yes,0,Not Graduate,No,23395,4759,162.0,300.0,0.0,Semiurban,Y
LP006630,,Yes,0,Graduate,Yes,14565,1321,181.0,120.0,1.0,Semiurban,N
LP006631,Male,Yes,0,Graduate,No,19567,858,157.0,,1.0,Urban,Y
LP006632,Male,Yes,0,Graduate,Yes,21828,1737,151.0,120.0,1.0,Urban,Y
LP006633,Female,Yes,1,Not Graduate,No,15259,234,46.0,480.0,1.0,Rural,Y
LP006634,Male,Yes,1,Graduate,No,47359,825,177.0,240.0,1.0,Rural,Y
LP006635,Female,Yes,,Graduate,No,8732,998,159.0,,0.0,Urban,N
LP006636,Male,Yes,3+,Graduate,No,6937,978,243.0,480.0,1.0,Urban,N
LP006637,Female,No,1,Not Graduate,No,3255,683,206.0,360.0,1.0,Urban,N
LP006638,Male,Yes,0,Graduate,No,24315,757,75.0,180.0,1.0,Rural,Y
LP006639,Male,Yes,0,Not Graduate,No,8467,956,203.0,360.0,1.0,Urban,N
LP006640,Male,No,1,Not Graduate,No,36783,6325,85.0,300.0,1.0,Rural,Y
LP006641,Female,Yes,1,Not Graduate,No,16290,77,191.0,360.0,1.0,Urban,Y
LP006642,Female,Yes,1,Not Graduate,No,10187,2537,,300.0,1.0,Semiurban,Y
LP006643,Male,No,3+,Graduate,No,5746,988,243.0,300.0,0.0,Rural,N
LP006644,Female,Yes,2,Graduate,Yes,26296,1018,130.0,360.0,0.0,Urban,N
LP006645,Male,Yes,0,Graduate,No,12796,673,185.0,120.0,1.0,Urban,Y
LP006646,Male,No,0,Graduate,Yes,16551,2002,200.0,360.0,0.0,Semiurban,N
LP006647,Female,No,2,Graduate,No,21667,3429,173.0,300.0,1.0,Rural,Y
LP006648,Female,Yes,2,Graduate,No,16524,112,66.0,360.0,1.0,Semiurban,Y
LP006649,Female,Yes,0,Graduate,No,6769,13530,157.0,180.0,0.0,Semiurban,N
LP006650,Female,Yes,2,Graduate,No,20272,1303,178.0,300.0,1.0,Semiurban,Y
LP006651,Male,Yes,1,Graduate,Yes,25749,1250,149.0,360.0,1.0,Rural,Y
LP006652,Female,Yes,1,Not Graduate,Yes,17821,205,107.0,360.0,1.0,Urban,Y
LP006653,Male,Yes,0,Graduate,No,22156,552,139.0,240.0,1.0,Urban,Y
LP006654,,No,2,Not Graduate,No,23871,5602,195.0,300.0,1.0,Rural,Y
LP006655,Male,No,1,Graduate,No,9731,1190,169.0,360.0,1.0,Urban,Y
LP006656,Male,Yes,0,Graduate,No,9444,1806,173.0,180.0,1.0,Urban,Y
LP006657,Male,Yes,2,Graduate,No,79334,630,137.0,360.0,1.0,Rural,Y
LP006658,Male,Yes,2,Graduate,No,38584,11671,171.0,240.0,,Rural,Y
LP006659,Male,Yes,2,Graduate,No,12854,912,44.0,480.0,0.0,Semiurban,Y
LP006660,Male,Yes,0,Graduate,,23069,4258,147.0,240.0,1.0,Semiurban,Y
LP006661,Male,No,3+,Graduate,No,6309,914,130.0,360.0,1.0,Semiurban,Y
LP006662,Male,Yes,0,Graduate,,8274,1664,151.0,360.0,1.0,Semiurban,Y
LP006663,Male,No,1,Not Graduate,No,4926,1673,91.0,360.0,1.0,Urban,Y
LP006664,Female,Yes,1,Graduate,No,16789,3325,168.0,480.0,1.0,Rural,Y
LP006665,Female,Yes,1,Graduate,No,16947,2661,246.0,360.0,1.0,Urban,Y
LP006666,Female,Yes,1,Graduate,,31794,620,,180.0,1.0,Semiurban,Y
LP006667,Male,Yes,2,Graduate,Yes,11275,4406,152.0,480.0,1.0,Semiurban,N
LP006668,Female,No,1,Not Graduate,Yes,31359,334,275.0,180.0,1.0,Rural,Y
LP006669,Male,No,1,Not Graduate,,22523,265,102.0,300.0,1.0,Semiurban,Y
LP006670,Male,Yes,0,Graduate,No,95548,773,174.0,360.0,0.0,Semiurban,Y
LP006671,Male,Yes,0,Graduate,No,50700,1758,229.0,480.0,0.0,Rural,Y
LP006672,Female,Yes,0,Graduate,Yes,44078,321,130.0,360.0,0.0,Rural,Y
LP006673,Male,No,3+,Graduate,Yes,26070,998,192.0,,0.0,Rural,N
LP006674,Male,No,2,Not Graduate,No,6532,208,158.0,480.0,1.0,Urban,Y
LP006675,Male,Yes,3+,Not Graduate,No,16885,793,96.0,360.0,0.0,Urban,N
LP006676,Female,Yes,0,Graduate,No,80663,3519,141.0,300.0,1.0,Semiurban,Y
LP006677,Female,Yes,1,Graduate,No,20041,398,148.0,300.0,1.0,Semiurban,Y
LP006678,Male,Yes,0,Not Graduate,No,6922,253,,240.0,0.0,Semiurban,N
LP006679,Male,Yes,2,Graduate,Yes,17479,1727,69.0,360.0,1.0,Semiurban,Y
LP006680,Male,Yes,0,Graduate,No,6053,426,129.0,120.0,1.0,Urban,Y
LP006681,Female,No,0,Graduate,No,6734,20078,75.0,240.0,1.0,Rural,Y
LP006682,Male,Yes,1,Graduate,Yes,18588,1380,,300.0,1.0,Semiurban,Y
LP006683,Female,Yes,0,Graduate,No,24140,3750,177.0,360.0,1.0,Semiurban,Y
LP006684,Male,No,1,Graduate,Yes,7056,226,86.0,300.0,1.0,Semiurban,Y
LP006685,Female,Yes,,Graduate,No,8538,1898,154.0,240.0,1.0,Semiurban,Y
LP006686,Male,Yes,2,Graduate,Yes,4267,327,82.0,360.0,1.0,Rural,Y
LP006687,Male,Yes,3+,Graduate,No,12046,884,131.0,480.0,0.0,Urban,N
LP006688,Male,Yes,0,Graduate,No,2816,444,116.0,360.0,0.0,Rural,N
LP006689,Male,Yes,1,Graduate,No,10516,3818,174.0,180.0,1.0,Urban,N
LP006690,Male,Yes,2,Graduate,No,14237,1612,69.0,300.0,1.0,Semiurban,Y
LP006691,Female,No,1,Graduate,No,3279,1262,199.0,360.0,1.0,Urban,N
LP006692,Male,Yes,0,Graduate,No,5968,5615,211.0,240.0,1.0,Semiurban,Y
LP006693,Female,No,2,Graduate,No,12732,1117,142.0,360.0,1.0,Rural,Y
LP006694,Female,,0,Graduate,No,11415,3776,82.0,240.0,1.0,Urban,Y
LP006695,Male,No,,Graduate,No,11845,9515,45.0,360.0,0.0,Urban,Y
LP006696,Female,Yes,0,Graduate,No,16821,1297,204.0,360.0,1.0,Semiurban,Y
LP006697,Female,Yes,0,Graduate,No,3507,1497,,360.0,1.0,Urban,Y
LP006698,Male,Yes,0,Not Graduate,,23551,3447,152.0,360.0,1.0,Urban,Y
LP006699,,Yes,0,Graduate,No,10352,6149,91.0,360.0,1.0,Rural,Y
LP006700,Male,Yes,1,Graduate,No,8291,1279,95.0,,1.0,Semiurban,Y
LP006701,Male,No,0,Graduate,Yes,3005,510,,480.0,1.0,Semiurban,Y
LP006702,Female,Yes,0,Graduate,No,10785,3102,158.0,360.0,1.0,Semiurban,Y
LP006703,Male,Yes,1,Not Graduate,No,20123,2177,,180.0,1.0,Urban,N
LP006704,Male,Yes,,Graduate,Yes,14961,3066,264.0,360.0,1.0,Rural,Y
LP006705,Male,No,0,Graduate,No,15315,2536,202.0,300.0,1.0,Rural,Y
LP006706,Female,Yes,1,Graduate,No,10185,1405,177.0,300.0,1.0,Urban,N
LP006707,Female,No,0,Graduate,No,12728,1506,,360.0,1.0,Urban,Y
LP006708,Male,No,0,Graduate,Yes,5508,2547,211.0,240.0,0.0,Urban,Y
LP006709,Female,Yes,1,Graduate,Yes,13308,192,,480.0,,Urban,N
LP006710,Female,Yes,,Graduate,Yes,9019,5407,144.0,360.0,1.0,Semiurban,Y
LP006711,Male,No,1,Not Graduate,No,5432,1881,204.0,,1.0,Semiurban,N
LP006712,Male,Yes,3+,Graduate,No,24435,397,202.0,300.0,,Urban,Y
LP006713,,Yes,1,Graduate,No,3789,1369,,360.0,1.0,Semiurban,N
LP006714,Female,No,1,Graduate,No,20321,5336,92.0,360.0,,Semiurban,Y
LP006715,Female,No,0,Graduate,No,21369,1553,98.0,300.0,1.0,Urban,Y
LP006716,Male,No,2,Graduate,Yes,8762,455,70.0,300.0,1.0,Urban,Y
LP006717,Male,,0,Not Graduate,No,30464,237,216.0,240.0,1.0,Semiurban,Y
LP006718,Male,Yes,1,Not Graduate,No,8615,21117,76.0,360.0,1.0,Rural,Y
LP006719,Male,Yes,1,Graduate,Yes,8193,136,151.0,360.0,1.0,Urban,N
LP006720,Male,Yes,1,Graduate,,5113,1643,70.0,360.0,1.0,Urban,Y
LP006721,Female,Yes,3+,Graduate,No,13269,542,234.0,360.0,1.0,Rural,Y
LP006722,Male,Yes,3+,Graduate,No,6204,3831,91.0,120.0,1.0,Urban,N
LP006723,Female,Yes,0,Graduate,No,7091,254,166.0,240.0,1.0,Urban,N
LP006724,Male,No,0,Graduate,No,12678,7555,71.0,300.0,0.0,Rural,Y
LP006725,Male,No,2,Graduate,No,13110,943,193.0,240.0,0.0,Urban,Y
LP006726,Male,No,1,Graduate,No,36488,842,204.0,360.0,1.0,Semiurban,Y
LP006727,Male,Yes,1,Graduate,No,28136,753,150.0,360.0,0.0,Rural,Y
LP006728,Male,Yes,2,Graduate,No,20760,538,146.0,360.0,1.0,Semiurban,Y
LP006729,Female,No,1,Not Graduate,No,11881,704,190.0,240.0,1.0,Rural,Y
LP006730,Female,Yes,3+,Not Graduate,No,9670,2596,119.0,300.0,1.0,Urban,Y
LP006731,Male,Yes,1,Not Graduate,No,13078,138,204.0,180.0,1.0,Semiurban,N
LP006732,Male,Yes,1,Graduate,No,8561,446,164.0,120.0,,Semiurban,N
LP006733,Female,Yes,1,Graduate,No,7625,6595,71.0,300.0,1.0,Rural,Y
LP006734,Male,Yes,2,Graduate,Yes,12543,983,242.0,360.0,1.0,Semiurban,Y
LP006735,Male,No,1,Not Graduate,No,6616,551,159.0,360.0,1.0,Semiurban,N
LP006736,Male,No,,Graduate,No,6949,237,133.0,300.0,0.0,Urban,Y
LP006737,Female,Yes,3+,Graduate,Yes,28678,269,158.0,240.0,1.0,Urban,Y
LP006738,Male,Yes,1,Graduate,No,4430,3564,114.0,240.0,1.0,Urban,Y
LP006739,Male,No,0,Not Graduate,Yes,5814,408,142.0,300.0,1.0,Semiurban,N
LP006740,Female,Yes,1,Not Graduate,No,36997,2879,189.0,360.0,1.0,Rural,Y
LP006741,Male,Yes,,Graduate,Yes,9762,338,184.0,360.0,1.0,Rural,N
LP006742,Male,No,0,Not Graduate,No,40167,943,180.0,360.0,1.0,Urban,Y
LP006743,Male,No,1,Graduate,,5250,1009,119.0,,1.0,Rural,Y
LP006744,Female,No,2,Graduate,No,14172,443,106.0,480.0,1.0,Rural,Y
LP006745,Male,Yes,1,Graduate,No,24771,1202,169.0,480.0,1.0,Rural,Y
LP006746,Female,Yes,2,Graduate,Yes,6471,86,188.0,180.0,1.0,Urban,Y
LP006747,Female,No,,Graduate,No,50994,986,113.0,120.0,,Semiurban,Y
LP006748,Male,Yes,3+,Not Graduate,No,9776,1870,138.0,360.0,1.0,Urban,Y
LP006749,Female,No,0,Graduate,Yes,20075,402,169.0,360.0,1.0,Semiurban,Y
LP006750,Male,Yes,0,Not Graduate,No,7766,1416,145.0,300.0,0.0,Semiurban,N
LP006751,Male,No,1,Graduate,No,44059,1318,207.0,240.0,1.0,Semiurban,Y
LP006752,,Yes,1,Graduate,No,17029,1383,84.0,360.0,1.0,Urban,Y
LP006753,Male,Yes,0,Graduate,,71526,218,,360.0,1.0,Urban,Y
LP006754,Male,Yes,0,Not Graduate,No,34312,1229,204.0,180.0,0.0,Rural,Y
LP006755,Male,Yes,1,Graduate,No,26098,138,180.0,360.0,1.0,Semiurban,Y
LP006756,Male,Yes,0,Graduate,No,6222,515,154.0,360.0,1.0,Rural,N
LP006757,Female,Yes,1,Graduate,No,14286,1091,133.0,180.0,1.0,Rural,Y
LP006758,Male,No,2,Not Graduate,No,10369,1408,173.0,300.0,,Urban,N
LP006759,Female,Yes,2,Graduate,No,13642,256,159.0,300.0,1.0,Semiurban,N
LP006760,Male,Yes,0,Graduate,No,15035,779,164.0,300.0,1.0,Semiurban,Y
LP006761,Male,Yes,1,Graduate,No,6499,2845,146.0,300.0,1.0,Urban,Y
LP006762,Male,No,1,Graduate,No,11786,338,176.0,360.0,1.0,Rural,Y
LP006763,Male,Yes,2,Graduate,No,12368,82,195.0,240.0,0.0,Rural,N
LP006764,Male,Yes,2,Graduate,No,5953,2070,195.0,300.0,1.0,Urban,Y
LP006765,Female,No,0,Not Graduate,No,25344,354,172.0,180.0,1.0,Semiurban,Y
LP006766,Female,Yes,0,Graduate,Yes,15962,509,149.0,240.0,1.0,Rural,Y
LP006767,Female,Yes,0,Graduate,No,25606,1282,172.0,180.0,1.0,Urban,Y
LP006768,Male,Yes,0,Graduate,No,19727,1203,209.0,240.0,1.0,Rural,Y
LP006769,Female,No,1,Not Graduate,No,3391,3736,142.0,120.0,1.0,Semiurban,N
LP006770,Male,Yes,1,Graduate,,6859,820,136.0,120.0,1.0,Rural,Y
LP006771,Male,No,0,Not Graduate,No,50139,1190,174.0,360.0,1.0,Semiurban,Y
LP006772,Female,No,1,Not Graduate,No,25036,143,186.0,240.0,0.0,Urban,Y
LP006773,Female,Yes,3+,Graduate,No,3650,2330,144.0,360.0,1.0,Rural,Y
LP006774,Male,No,1,Graduate,No,19457,478,172.0,300.0,1.0,Semiurban,Y
LP006775,Male,,0,Graduate,No,6866,52959,107.0,300.0,1.0,Semiurban,Y
LP006776,Male,Yes,1,Graduate,No,2496,848,149.0,360.0,1.0,Semiurban,Y
LP006777,Female,Yes,1,Not Graduate,No,50300,1824,227.0,300.0,0.0,Urban,N
LP006778,Male,No,2,Not Graduate,Yes,14189,2357,180.0,360.0,1.0,Urban,Y
LP006779,Female,Yes,0,Graduate,No,15892,985,,300.0,1.0,Urban,Y
LP006780,Male,Yes,1,Graduate,No,4888,1852,124.0,240.0,0.0,Urban,N
LP006781,Male,Yes,1,Graduate,No,5310,16424,87.0,360.0,1.0,Urban,Y
LP006782,Male,Yes,,Graduate,No,3739,443,231.0,120.0,1.0,Semiurban,Y
LP006783,Male,Yes,2,Graduate,No,41505,74,100.0,240.0,1.0,Urban,Y
LP006784,Male,Yes,0,Graduate,No,3587,229,23.0,360.0,0.0,Semiurban,Y
LP006785,Female,Yes,1,Graduate,No,48699,3629,79.0,120.0,1.0,Semiurban,Y
LP006786,Female,Yes,0,Graduate,No,6066,617,152.0,120.0,1.0,Semiurban,Y
LP006787,Female,Yes,0,Graduate,No,5002,18003,114.0,300.0,1.0,Rural,Y
LP006788,Female,Yes,1,Not Graduate,No,12780,2624,156.0,240.0,1.0,Urban,Y
LP006789,Female,No,0,Graduate,No,7728,500,,360.0,0.0,Urban,N
LP006790,Male,No,0,Graduate,Yes,14441,430,118.0,360.0,0.0,Semiurban,Y
LP006791,Female,Yes,,Graduate,No,6622,641,104.0,120.0,1.0,Semiurban,Y
LP006792,Male,Yes,1,Graduate,No,10396,92,195.0,300.0,0.0,Urban,Y
LP006793,Male,No,0,Graduate,Yes,7282,1530,164.0,,1.0,Urban,Y
LP006794,Male,No,,Graduate,No,26608,2520,16.0,300.0,1.0,Semiurban,Y
LP006795,Male,Yes,0,Graduate,No,20132,343,73.0,240.0,0.0,Semiurban,Y
LP006796,,Yes,0,Not Graduate,No,16287,170,60.0,,1.0,Rural,Y
LP006797,,Yes,1,Graduate,No,31033,367,142.0,300.0,1.0,Semiurban,Y
LP006798,Male,Yes,0,Graduate,Yes,16490,3628,160.0,240.0,1.0,Urban,Y
LP006799,Male,Yes,3+,Graduate,No,15414,2875,141.0,240.0,1.0,Semiurban,Y
LP006800,Male,No,0,Graduate,No,12137,1419,118.0,360.0,1.0,Urban,N
LP006801,Male,Yes,2,Graduate,No,7532,7865,201.0,300.0,1.0,Rural,N
LP006802,Male,Yes,2,Graduate,No,7545,144,166.0,480.0,0.0,Semiurban,Y
LP006803,Male,No,3+,Graduate,No,15028,854,104.0,240.0,1.0,Semiurban,Y
LP006804,Male,,1,Graduate,Yes,30161,2147,107.0,360.0,1.0,Rural,Y
LP006805,Male,,,Graduate,No,21084,2829,111.0,180.0,1.0,Rural,Y
LP006806,Female,No,3+,Graduate,No,20987,2877,132.0,360.0,1.0,Semiurban,Y
LP006807,Female,Yes,0,Graduate,No,5514,2614,151.0,300.0,1.0,Urban,N
LP006808,Male,No,1,Graduate,No,20297,5342,170.0,300.0,0.0,Semiurban,Y
LP006809,Male,No,0,Not Graduate,No,9707,2733,108.0,300.0,1.0,Semiurban,Y
LP006810,Male,Yes,1,Graduate,No,15376,274,82.0,240.0,1.0,Semiurban,N
LP006811,Female,Yes,1,Graduate,No,20777,635,169.0,360.0,1.0,Semiurban,Y
LP006812,Male,Yes,0,Graduate,Yes,5297,143,191.0,480.0,1.0,Semiurban,Y
LP006813,Male,No,2,Not Graduate,Yes,15152,3624,235.0,360.0,1.0,Rural,Y
LP006814,Female,Yes,0,Not Graduate,No,16139,4598,170.0,360.0,1.0,Urban,Y
LP006815,Male,Yes,2,Graduate,No,29700,253,113.0,360.0,1.0,Urban,Y
LP006816,Male,Yes,,Graduate,No,8835,695,180.0,300.0,1.0,Urban,N
LP006817,Male,Yes,1,Graduate,No,12721,133,142.0,240.0,,Urban,Y
LP006818,,Yes,0,Graduate,No,15305,948,82.0,360.0,1.0,Urban,Y
LP006819,Female,Yes,0,Graduate,No,8835,406,147.0,120.0,1.0,Urban,Y
LP006820,Female,No,2,Graduate,No,8707,270,164.0,240.0,0.0,Urban,N
LP006821,Male,Yes,0,Graduate,No,8442,1064,221.0,300.0,0.0,Urban,N
LP006822,Male,Yes,1,Graduate,No,12062,10490,153.0,240.0,0.0,Urban,Y
LP006823,Female,Yes,3+,Graduate,No,54050,2847,109.0,360.0,0.0,Urban,Y
LP006824,Female,Yes,0,Graduate,No,12411,810,55.0,360.0,1.0,Urban,Y
LP006825,Male,Yes,2,Graduate,,19732,1034,88.0,480.0,1.0,Semiurban,Y
LP006826,Female,Yes,0,Graduate,No,13701,10446,101.0,240.0,1.0,Urban,Y
LP006827,Male,Yes,0,Not Graduate,No,10446,4965,233.0,240.0,1.0,Urban,Y
LP006828,Male,Yes,,Graduate,No,13103,755,140.0,360.0,0.0,Urban,Y
LP006829,Female,Yes,3+,Graduate,No,24722,2001,145.0,240.0,1.0,Rural,Y
LP006830,Male,Yes,0,Graduate,No,12800,330,205.0,300.0,0.0,Semiurban,N
LP006831,Female,Yes,2,Graduate,Yes,11745,1129,180.0,360.0,1.0,Semiurban,N
LP006832,Male,Yes,3+,Graduate,No,11072,2743,136.0,300.0,1.0,Urban,Y
LP006833,Male,Yes,0,Graduate,No,6034,3730,207.0,180.0,1.0,Semiurban,N
LP006834,Female,No,1,Not Graduate,No,30701,508,115.0,240.0,1.0,Semiurban,Y
LP006835,Female,No,2,Not Graduate,No,9343,3648,164.0,180.0,1.0,Semiurban,N
LP006836,Male,Yes,0,Not Graduate,No,43283,1310,87.0,360.0,1.0,Semiurban,Y
LP006837,Male,Yes,0,Not Graduate,Yes,16248,775,163.0,120.0,1.0,Urban,Y
LP006838,Female,Yes,1,Graduate,No,41138,10841,200.0,360.0,1.0,Semiurban,Y
LP006839,Male,Yes,2,Not Graduate,No,11384,711,193.0,480.0,1.0,Rural,N
LP006840,Female,No,2,Graduate,No,7431,290,195.0,360.0,1.0,Urban,N
LP006841,Female,No,0,Not Graduate,No,30778,489,294.0,180.0,0.0,Rural,Y
LP006842,Male,No,0,Graduate,No,8528,2619,136.0,360.0,1.0,Semiurban,Y
LP006843,Male,No,3+,Not Graduate,No,37362,335,104.0,360.0,,Rural,N
LP006844,Male,No,0,Graduate,No,21225,2966,172.0,240.0,1.0,Urban,Y
LP006845,Female,Yes,2,Graduate,Yes,43112,393,105.0,,1.0,Urban,Y
LP006846,,Yes,0,Graduate,No,6116,1002,93.0,360.0,1.0,Urban,Y
LP006847,Male,No,2,Graduate,No,28715,15555,137.0,360.0,1.0,Urban,Y
LP006848,Male,Yes,3+,Graduate,No,7374,380,249.0,360.0,1.0,Urban,Y
LP006849,Male,Yes,0,Not Graduate,No,1964,97,184.0,300.0,1.0,Urban,N
LP006850,Male,Yes,0,Graduate,No,27357,5658,169.0,240.0,1.0,Semiurban,Y
LP006851,Male,No,1,Not Graduate,No,13291,204,,240.0,1.0,Urban,Y
LP006852,Female,Yes,0,Not Graduate,No,28851,413,118.0,360.0,1.0,Rural,Y
LP006853,Female,Yes,1,Graduate,No,14380,2629,221.0,,1.0,Urban,Y
LP006854,Female,No,1,Graduate,No,13591,2505,136.0,300.0,1.0,Rural,Y
LP006855,Male,No,0,Graduate,No,44274,63,259.0,180.0,1.0,Urban,Y
LP006856,Male,No,0,Graduate,Yes,14685,726,172.0,480.0,1.0,Rural,N
LP006857,Female,Yes,2,Graduate,No,9132,3049,142.0,360.0,1.0,Urban,Y
LP006858,Male,Yes,1,Graduate,No,12447,12509,134.0,180.0,1.0,Urban,Y
LP006859,Female,No,0,Graduate,No,15155,247,146.0,180.0,1.0,Urban,N
LP006860,Female,Yes,1,Graduate,No,1372,3951,77.0,300.0,1.0,Rural,N
LP006861,Male,Yes,2,Graduate,,19789,495,,120.0,1.0,Semiurban,Y
LP006862,Female,Yes,1,Graduate,Yes,39621,3827,172.0,300.0,1.0,Urban,Y
LP006863,Female,Yes,0,Not Graduate,No,12846,314,137.0,480.0,,Semiurban,N
LP006864,Male,Yes,0,Graduate,No,9541,832,144.0,,1.0,Urban,N
LP006865,Male,Yes,2,Graduate,No,18218,1745,190.0,480.0,1.0,Rural,Y
LP006866,Male,Yes,2,Graduate,Yes,53897,3446,251.0,180.0,1.0,Semiurban,Y
LP006867,Male,No,1,Not Graduate,No,19445,2174,226.0,300.0,1.0,Semiurban,Y
LP006868,Male,Yes,0,Graduate,No,15859,655,159.0,360.0,1.0,Urban,Y
LP006869,Male,Yes,,Graduate,No,9774,600,108.0,360.0,0.0,Semiurban,N
LP006870,Female,Yes,2,Graduate,,5678,9272,73.0,300.0,1.0,Urban,Y
LP006871,Male,Yes,0,Not Graduate,No,13612,1529,156.0,300.0,1.0,Semiurban,N
LP006872,Male,No,0,Not Graduate,No,13811,619,110.0,300.0,1.0,Urban,N
LP006873,Female,Yes,1,Graduate,No,2847,2091,157.0,360.0,1.0,Semiurban,Y
LP006874,Male,No,2,Graduate,No,7469,2315,164.0,300.0,1.0,Urban,Y
LP006875,Female,Yes,0,Graduate,No,33761,216,185.0,120.0,1.0,Rural,Y
LP006876,Male,Yes,1,Graduate,No,10867,1965,91.0,360.0,1.0,Rural,Y
LP006877,Male,Yes,1,Graduate,No,1873,179,105.0,240.0,1.0,Urban,Y
LP006878,Male,Yes,1,Graduate,No,48095,505,134.0,360.0,1.0,Semiurban,Y
LP006879,Female,Yes,1,Not Graduate,,6547,335,163.0,,1.0,Semiurban,Y
LP006880,Male,Yes,1,Not Graduate,No,9170,939,160.0,300.0,1.0,Rural,N
LP006881,Female,Yes,0,Graduate,No,31250,649,,300.0,1.0,Semiurban,Y
LP006882,Male,No,0,Graduate,No,7378,862,37.0,480.0,1.0,Urban,Y
LP006883,Male,No,1,Graduate,No,2762,112,205.0,180.0,1.0,Urban,Y
LP006884,Male,Yes,0,Graduate,No,15899,1000,202.0,360.0,1.0,Urban,Y
LP006885,Female,Yes,1,Not Graduate,No,25272,292,104.0,480.0,1.0,Semiurban,Y
LP006886,Female,Yes,1,Not Graduate,No,9179,16987,126.0,240.0,1.0,Rural,Y
LP006887,Male,No,0,Graduate,No,12109,678,238.0,240.0,1.0,Semiurban,Y
LP006888,Male,Yes,1,Graduate,Yes,5198,804,118.0,480.0,1.0,Rural,N
LP006889,Male,Yes,1,Not Graduate,No,6024,2525,119.0,300.0,1.0,Urban,Y
LP006890,Male,Yes,0,Graduate,,10328,5361,155.0,360.0,1.0,Rural,N
LP006891,Male,Yes,1,Not Graduate,Yes,22446,266,175.0,360.0,1.0,Urban,Y
LP006892,Female,Yes,3+,Graduate,No,14446,2181,199.0,300.0,0.0,Rural,Y
LP006893,Female,Yes,1,Graduate,No,30213,3496,202.0,240.0,1.0,Urban,Y
LP006894,Male,No,1,Graduate,,50155,1368,189.0,360.0,1.0,Urban,Y
LP006895,Male,No,0,Graduate,No,27153,1336,54.0,360.0,,Rural,Y
LP006896,Female,,0,Graduate,No,3744,593,147.0,300.0,,Semiurban,N
LP006897,Female,Yes,0,Graduate,No,10646,745,183.0,360.0,1.0,Semiurban,Y
LP006898,Male,Yes,2,Not Graduate,No,26946,963,184.0,120.0,1.0,Urban,Y
LP006899,Male,No,0,Graduate,No,12141,657,114.0,120.0,1.0,Urban,Y
LP006900,Male,No,0,Graduate,Yes,3657,3183,98.0,300.0,1.0,Semiurban,Y
LP006901,Male,Yes,2,Not Graduate,No,8590,385,95.0,300.0,1.0,Semiurban,N
LP006902,Male,Yes,0,Not Graduate,No,2169,3061,173.0,360.0,1.0,Semiurban,Y
LP006903,Male,Yes,0,Graduate,No,10700,5395,200.0,300.0,1.0,Semiurban,Y
LP006904,Female,Yes,1,Not Graduate,No,7723,1709,157.0,300.0,1.0,Semiurban,N
LP006905,Male,,0,Not Graduate,No,10011,128,96.0,360.0,1.0,Rural,Y
LP006906,Male,No,,Graduate,No,34378,2286,158.0,360.0,1.0,Rural,Y
LP006907,Male,Yes,0,Graduate,No,4604,506,102.0,300.0,1.0,Rural,Y
LP006908,Female,Yes,0,Graduate,No,7520,582,113.0,360.0,1.0,Urban,Y
LP006909,Female,No,2,Graduate,No,5359,1693,131.0,360.0,,Urban,Y
LP006910,Male,Yes,2,Graduate,No,31478,4131,110.0,240.0,1.0,Semiurban,Y
LP006911,Male,No,2,Graduate,No,33023,149,93.0,240.0,1.0,Rural,Y
LP006912,Female,Yes,2,Not Graduate,No,17819,1175,227.0,360.0,1.0,Semiurban,Y
LP006913,Male,No,1,Graduate,No,17096,11969,,360.0,0.0,Urban,Y
LP006914,Male,Yes,1,Graduate,No,5113,293,120.0,300.0,1.0,Rural,Y
LP006915,Male,Yes,1,Graduate,No,15667,862,139.0,360.0,0.0,Semiurban,Y
LP006916,Male,Yes,2,Graduate,No,5445,523,211.0,360.0,1.0,Urban,Y
LP006917,Male,Yes,1,Graduate,No,13807,2550,164.0,120.0,1.0,Semiurban,Y
LP006918,Female,Yes,0,Graduate,No,10150,244,135.0,480.0,1.0,Urban,Y
LP006919,Female,No,2,Graduate,No,8305,166,112.0,360.0,1.0,Semiurban,Y
LP006920,Male,No,2,Not Graduate,No,13665,2976,,300.0,1.0,Urban,Y
LP006921,Female,Yes,2,Graduate,No,22966,1460,109.0,480.0,0.0,Semiurban,N
LP006922,Male,,0,Not Graduate,No,55291,264,160.0,180.0,1.0,Urban,Y
LP006923,Male,No,0,Graduate,No,20760,1010,141.0,,1.0,Urban,Y
LP006924,Male,No,0,Graduate,No,82651,235,174.0,360.0,1.0,Urban,Y
LP006925,Female,Yes,1,Graduate,No,15689,3316,228.0,,1.0,Semiurban,Y
LP006926,Male,No,0,Graduate,No,55665,1531,185.0,300.0,1.0,Semiurban,Y
LP006927,Male,Yes,0,Not Graduate,No,18929,465,143.0,180.0,1.0,Urban,Y
LP006928,Female,Yes,0,Graduate,No,16184,546,233.0,240.0,1.0,Urban,Y
LP006929,Female,Yes,0,Graduate,Yes,11677,632,228.0,300.0,1.0,Urban,N
LP006930,Female,No,2,Graduate,No,16971,301,206.0,480.0,0.0,Urban,N
LP006931,Male,Yes,2,Graduate,No,18868,5475,164.0,180.0,1.0,Semiurban,Y
LP006932,Male,Yes,0,Not Graduate,No,4298,4428,,180.0,1.0,Rural,Y
LP006933,Male,Yes,1,Not Graduate,No,23389,677,31.0,240.0,1.0,Urban,Y
LP006934,Male,Yes,0,Graduate,Yes,4075,751,160.0,360.0,1.0,Urban,Y
LP006935,Female,,0,Not Graduate,No,23410,284,188.0,300.0,,Rural,Y
LP006936,Male,Yes,2,Graduate,No,21572,904,83.0,180.0,1.0,Semiurban,Y
LP006937,Male,Yes,2,Graduate,No,41647,1972,170.0,180.0,1.0,Semiurban,Y
LP006938,Female,Yes,2,Graduate,No,6703,4525,127.0,360.0,1.0,Urban,N
LP006939,Male,No,1,Graduate,No,6065,374,175.0,300.0,1.0,Rural,Y
LP006940,,Yes,2,Graduate,No,32396,145,119.0,360.0,1.0,Semiurban,Y
LP006941,Female,No,0,Graduate,No,5654,327,113.0,300.0,1.0,Rural,Y
LP006942,Female,Yes,0,Not Graduate,No,5226,2137,146.0,360.0,0.0,Semiurban,N
LP006943,Female,Yes,0,Graduate,No,15786,1040,,360.0,,Rural,N
LP006944,Male,Yes,2,Graduate,No,12869,3607,198.0,480.0,1.0,Urban,Y
LP006945,Male,Yes,0,Graduate,Yes,15127,1152,151.0,360.0,1.0,Semiurban,Y
LP006946,Female,Yes,0,Graduate,No,20541,7622,92.0,360.0,0.0,Urban,Y
LP006947,Male,No,1,Graduate,No,20633,163,119.0,300.0,1.0,Rural,Y
LP006948,Male,No,0,Graduate,No,12552,55,179.0,480.0,1.0,Rural,Y
LP006949,Female,Yes,0,Graduate,No,13884,5562,134.0,,1.0,Urban,Y
LP006950,Male,Yes,,Graduate,No,12662,422,185.0,360.0,1.0,Semiurban,Y
LP006951,Female,No,0,Not Graduate,Yes,13742,1293,100.0,180.0,0.0,Urban,Y
LP006952,Male,Yes,1,Not Graduate,No,4402,1288,136.0,360.0,1.0,Semiurban,Y
LP006953,Male,Yes,1,Graduate,No,24467,1623,146.0,360.0,1.0,Urban,Y
LP006954,Male,No,0,Graduate,No,30922,621,261.0,180.0,1.0,Rural,Y
LP006955,Female,No,0,Graduate,No,22246,349,113.0,240.0,1.0,Urban,Y
LP006956,Male,Yes,2,Not Graduate,Yes,20918,317,181.0,360.0,1.0,Semiurban,Y
LP006957,Male,Yes,1,Graduate,No,6048,2262,173.0,360.0,,Urban,Y
LP006958,Female,Yes,1,Graduate,No,4306,2767,237.0,360.0,1.0,Rural,N
LP006959,Female,No,1,Graduate,No,25970,812,217.0,180.0,1.0,Urban,Y
LP006960,Female,No,0,Not Graduate,No,13668,535,126.0,360.0,1.0,Rural,N
LP006961,Male,Yes,3+,Graduate,No,15300,2169,,480.0,1.0,Semiurban,Y
LP006962,Male,No,1,Graduate,No,15860,185,79.0,480.0,1.0,Rural,Y
LP006963,Female,No,0,Graduate,No,16409,11380,161.0,,1.0,Urban,Y
LP006964,Female,Yes,1,Graduate,No,22409,1887,,360.0,1.0,Urban,Y
LP006965,,No,0,Not Graduate,No,12377,905,207.0,360.0,1.0,Urban,Y
LP006966,Male,Yes,0,Not Graduate,No,2910,2968,136.0,360.0,1.0,Urban,Y
LP006967,Female,Yes,3+,Graduate,Yes,23172,2337,152.0,240.0,0.0,Semiurban,Y
LP006968,Male,Yes,2,Graduate,No,21205,1453,221.0,360.0,1.0,Rural,Y
LP006969,Female,No,,Graduate,No,4742,113,111.0,180.0,1.0,Urban,Y
LP006970,Male,Yes,0,Graduate,No,5256,1795,26.0,360.0,0.0,Urban,Y
LP006971,Male,Yes,2,Graduate,No,27075,6292,207.0,360.0,1.0,Semiurban,Y
LP006972,Female,No,0,Not Graduate,,32704,563,91.0,,0.0,Urban,Y
LP006973,Male,Yes,1,Graduate,Yes,1586,3464,135.0,180.0,1.0,Semiurban,Y
LP006974,Male,No,1,Graduate,No,19009,3037,172.0,300.0,1.0,Urban,Y
LP006975,Male,Yes,1,Not Graduate,,11197,1560,126.0,,1.0,Rural,N
LP006976,,Yes,2,Not Graduate,No,14176,1345,,360.0,1.0,Semiurban,Y
LP006977,Female,,2,Graduate,No,14839,2146,283.0,300.0,1.0,Rural,Y
LP006978,Female,No,3+,Graduate,No,7261,1806,109.0,240.0,1.0,Semiurban,N
LP006979,Female,Yes,,Graduate,No,22519,10604,156.0,300.0,1.0,Rural,Y
LP006980,,Yes,2,Not Graduate,No,7703,3498,150.0,,0.0,Urban,Y
LP006981,Male,No,0,Graduate,No,24284,2561,165.0,480.0,1.0,Rural,Y
LP006982,Male,Yes,0,Not Graduate,No,29004,3899,119.0,360.0,1.0,Semiurban,N
LP006983,Female,No,0,Graduate,No,6649,2564,117.0,360.0,0.0,Urban,Y
LP006984,Female,No,1,Graduate,No,6780,90,118.0,240.0,1.0,Rural,Y
LP006985,Female,Yes,0,Graduate,No,14631,953,126.0,360.0,1.0,Semiurban,Y
LP006986,Male,,2,Graduate,Yes,44485,521,127.0,360.0,1.0,Rural,Y
LP006987,,Yes,,Not Graduate,No,8315,1625,24.0,360.0,1.0,Semiurban,Y
LP006988,,Yes,0,Graduate,No,9676,562,154.0,240.0,1.0,Urban,N
LP006989,Male,No,2,Graduate,No,17272,2229,134.0,240.0,0.0,Rural,Y
LP006990,Male,,2,Graduate,No,22593,661,114.0,360.0,1.0,Urban,Y
LP006991,Female,Yes,,Graduate,No,20365,8410,154.0,360.0,0.0,Urban,Y
LP006992,Male,Yes,0,Graduate,No,13709,7943,149.0,240.0,1.0,Urban,Y
LP006993,Male,Yes,2,Not Graduate,No,10462,193,130.0,240.0,0.0,Semiurban,Y
LP006994,Male,Yes,2,Graduate,Yes,17421,1615,150.0,480.0,1.0,Semiurban,Y
LP006995,Female,Yes,0,Graduate,No,1032,630,120.0,120.0,1.0,Urban,N
LP006996,Male,Yes,0,Graduate,No,59599,1483,91.0,300.0,1.0,Semiurban,Y
LP006997,Female,Yes,1,Graduate,No,11514,2217,248.0,360.0,1.0,Urban,N
LP006998,Female,Yes,2,Graduate,No,15457,236,125.0,360.0,,Semiurban,N
LP006999,Male,No,0,Not Graduate,No,71646,340,163.0,240.0,1.0,Urban,Y
LP007000,Female,Yes,0,Graduate,No,7383,395,279.0,360.0,0.0,Semiurban,N
LP007001,Male,No,2,Graduate,No,86309,565,129.0,180.0,1.0,Rural,Y
LP007002,Male,Yes,0,Graduate,No,24142,585,173.0,240.0,0.0,Rural,Y
LP007003,Female,No,3+,Graduate,No,19095,2852,266.0,120.0,1.0,Rural,Y
LP007004,Female,Yes,0,Graduate,Yes,22362,1432,67.0,300.0,1.0,Rural,Y
LP007005,Male,No,1,Not Graduate,No,6814,385,216.0,240.0,1.0,Semiurban,Y
LP007006,Male,No,,Graduate,No,3571,747,161.0,180.0,1.0,Rural,Y
LP007007,Male,Yes,3+,Graduate,No,5195,63,124.0,300.0,1.0,Urban,Y
LP007008,Male,Yes,2,Graduate,No,31886,12377,152.0,180.0,1.0,Semiurban,Y
LP007009,Male,No,3+,Graduate,No,6320,1120,131.0,360.0,1.0,Urban,Y
LP007010,Male,No,1,Graduate,No,3557,3608,228.0,240.0,1.0,Urban,Y
LP007011,Male,No,0,Not Graduate,No,12538,2840,149.0,360.0,0.0,Urban,Y
LP007012,Female,No,0,Graduate,Yes,21157,1050,184.0,360.0,1.0,Urban,Y
LP007013,Male,Yes,1,Graduate,Yes,13779,62,123.0,360.0,1.0,Semiurban,N
LP007014,Male,Yes,1,Graduate,No,21700,561,164.0,360.0,1.0,Urban,Y
LP007015,Male,Yes,3+,Graduate,Yes,33658,1676,130.0,360.0,1.0,Urban,Y
LP007016,Female,No,0,Graduate,No,21099,1179,79.0,300.0,1.0,Urban,Y
LP007017,Male,Yes,2,Graduate,,11810,3821,215.0,300.0,1.0,Semiurban,Y
LP007018,Male,Yes,3+,Not Graduate,No,8643,1094,167.0,360.0,1.0,Rural,Y
LP007019,Male,No,0,Graduate,Yes,24751,10001,188.0,240.0,1.0,Semiurban,Y
LP007020,Female,No,2,Graduate,No,16651,307,113.0,300.0,1.0,Rural,Y
LP007021,Male,Yes,1,Not Graduate,Yes,6710,2041,209.0,240.0,1.0,Semiurban,N
LP007022,Female,Yes,2,Graduate,Yes,37863,319,173.0,360.0,1.0,Urban,Y
LP007023,Female,Yes,0,Graduate,Yes,16477,3284,157.0,360.0,0.0,Semiurban,Y
LP007024,Female,Yes,0,Graduate,Yes,22523,444,201.0,360.0,1.0,Semiurban,Y
LP007025,Female,No,0,Graduate,No,9763,133,133.0,300.0,1.0,Rural,Y
LP007026,Male,Yes,3+,Graduate,No,33010,184,214.0,360.0,1.0,Semiurban,Y
LP007027,Male,No,2,Graduate,No,3758,622,116.0,180.0,1.0,Urban,Y
LP007028,Female,No,0,Graduate,No,51041,7117,151.0,120.0,1.0,Semiurban,Y
LP007029,Male,Yes,3+,Not Graduate,No,2832,2669,103.0,360.0,1.0,Rural,Y
LP007030,Male,Yes,1,Graduate,No,4441,1874,92.0,360.0,1.0,Urban,Y
LP007031,Female,Yes,2,Graduate,Yes,16341,1014,126.0,360.0,0.0,Semiurban,Y
LP007032,Male,Yes,,Graduate,Yes,8737,283,141.0,240.0,1.0,Rural,N
LP007033,Male,Yes,0,Not Graduate,Yes,10273,358,177.0,180.0,1.0,Urban,Y
LP007034,Male,No,,Graduate,No,8735,565,117.0,300.0,1.0,Rural,Y
LP007035,Male,,0,Not Graduate,No,7140,507,179.0,300.0,1.0,Rural,Y
LP007036,Female,No,1,Graduate,No,17215,498,134.0,360.0,1.0,Urban,Y
LP007037,Male,Yes,1,Graduate,No,12850,350,125.0,180.0,1.0,Urban,Y
LP007038,Male,Yes,0,Not Graduate,No,27115,1104,181.0,480.0,1.0,Rural,Y
LP007039,Male,No,0,Graduate,No,14244,445,122.0,180.0,1.0,Rural,Y
LP007040,Female,Yes,3+,Not Graduate,No,9571,4263,241.0,300.0,1.0,Rural,Y
LP007041,Female,Yes,0,Not Graduate,Yes,24824,4212,171.0,360.0,1.0,Rural,Y
LP007042,Male,Yes,0,Not Graduate,No,3084,2255,81.0,360.0,1.0,Urban,Y
LP007043,Female,Yes,1,Not Graduate,No,1693,1963,144.0,360.0,1.0,Urban,N
LP007044,Male,No,1,Not Graduate,No,3750,170,117.0,180.0,1.0,Semiurban,Y
LP007045,Female,Yes,2,Graduate,No,10149,17136,67.0,360.0,1.0,Rural,Y
LP007046,,Yes,2,Graduate,No,18272,782,202.0,360.0,1.0,Semiurban,Y
LP007047,Female,Yes,0,Graduate,No,1576,2842,204.0,360.0,1.0,Rural,N
LP007048,Male,No,0,Graduate,No,13236,2979,113.0,300.0,1.0,Urban,Y
LP007049,Male,Yes,2,Graduate,No,10060,314,185.0,240.0,0.0,Semiurban,Y
LP007050,Male,Yes,3+,Graduate,No,14906,516,193.0,360.0,1.0,Urban,Y
LP007051,Female,Yes,1,Graduate,No,2904,1767,149.0,360.0,1.0,Semiurban,Y
LP007052,Male,Yes,0,Not Graduate,No,108251,171,197.0,360.0,1.0,Semiurban,Y
LP007053,Female,Yes,0,Not Graduate,No,13711,985,164.0,360.0,1.0,Urban,N
LP007054,Male,Yes,0,Not Graduate,No,5045,61,207.0,180.0,,Rural,N
LP007055,Male,Yes,2,Not Graduate,Yes,14817,1110,91.0,240.0,1.0,Urban,Y
LP007056,Male,,0,Graduate,No,44173,5711,157.0,,1.0,Urban,Y
LP007057,,Yes,0,Not Graduate,No,4772,1093,160.0,360.0,1.0,Urban,Y
LP007058,Male,No,1,Graduate,No,4040,189,92.0,300.0,1.0,Urban,Y
LP007059,Female,No,1,Not Graduate,No,12155,564,96.0,360.0,1.0,Semiurban,N
LP007060,Female,Yes,,Graduate,No,13014,2294,70.0,180.0,1.0,Urban,Y
LP007061,Female,Yes,1,Not Graduate,No,23565,1339,152.0,360.0,1.0,Urban,Y
LP007062,Male,Yes,2,Graduate,No,43487,1886,127.0,,1.0,Semiurban,Y
LP007063,Female,No,0,Graduate,No,24934,891,85.0,300.0,1.0,Semiurban,Y
LP007064,Female,Yes,1,Graduate,No,4402,437,210.0,240.0,1.0,Semiurban,Y
LP007065,Male,No,0,Not Graduate,No,5671,1274,170.0,360.0,1.0,Rural,N
LP007066,Female,Yes,0,Not Graduate,No,7054,1189,113.0,360.0,1.0,Semiurban,Y
LP007067,Male,Yes,1,Graduate,No,24887,3761,160.0,360.0,1.0,Urban,Y
LP007068,Male,No,1,Graduate,No,21706,624,138.0,240.0,1.0,Rural,Y
LP007069,Male,No,2,Graduate,Yes,36652,1162,71.0,,0.0,Urban,Y
LP007070,Male,No,1,Graduate,No,20878,921,163.0,360.0,1.0,Semiurban,Y
LP007071,Male,Yes,2,Graduate,Yes,8087,16793,231.0,300.0,1.0,Semiurban,Y
LP007072,Male,Yes,1,Graduate,No,11413,444,220.0,480.0,0.0,Urban,Y
LP007073,Female,Yes,1,Graduate,No,4149,691,155.0,180.0,1.0,Urban,Y
LP007074,Male,Yes,1,Not Graduate,Yes,22081,347,128.0,480.0,1.0,Urban,Y
LP007075,Male,Yes,0,Graduate,No,8096,5242,178.0,360.0,1.0,Rural,N
LP007076,,Yes,0,Graduate,No,35576,5730,163.0,,1.0,Rural,Y
LP007077,Male,Yes,1,Graduate,No,21595,845,143.0,240.0,1.0,Urban,Y
LP007078,Female,Yes,0,Not Graduate,No,62969,4549,243.0,360.0,1.0,Semiurban,N
LP007079,Male,No,1,Not Graduate,No,18691,1625,,360.0,1.0,Urban,Y
LP007080,Female,,1,Graduate,No,18413,2546,197.0,240.0,1.0,Urban,Y
LP007081,Male,Yes,3+,Graduate,No,11544,332,157.0,120.0,1.0,Semiurban,Y
LP007082,Female,Yes,2,Graduate,No,9821,1330,157.0,300.0,1.0,Urban,N
LP007083,Male,Yes,0,Not Graduate,,10862,10371,,300.0,1.0,Urban,Y
LP007084,Male,No,1,Graduate,No,29712,6457,205.0,240.0,1.0,Rural,Y
LP007085,Female,Yes,0,Graduate,,4541,2882,191.0,360.0,1.0,Urban,Y
LP007086,Male,No,0,Graduate,Yes,14053,3433,159.0,180.0,1.0,Rural,Y
LP007087,Female,,2,Graduate,No,3522,20325,201.0,360.0,1.0,Semiurban,Y
LP007088,Female,Yes,0,Graduate,No,18004,2815,170.0,180.0,0.0,Semiurban,Y
LP007089,Male,Yes,0,Graduate,No,9257,495,85.0,480.0,1.0,Urban,Y
LP007090,Male,No,3+,Graduate,No,19988,4701,101.0,360.0,1.0,Semiurban,Y
LP007091,Male,Yes,2,Graduate,No,7376,1003,,480.0,1.0,Semiurban,Y
LP007092,Female,Yes,2,Graduate,No,10877,1971,65.0,360.0,1.0,Urban,N
LP007093,Female,No,2,Graduate,No,22156,1264,206.0,360.0,1.0,Rural,Y
LP007094,Male,Yes,2,Graduate,No,14775,468,139.0,180.0,1.0,Urban,N
LP007095,Male,No,0,Graduate,No,45900,1587,156.0,360.0,0.0,Rural,Y
LP007096,Male,No,1,Graduate,,9088,3499,100.0,300.0,1.0,Semiurban,Y
LP007097,Female,No,1,Graduate,No,8481,2661,182.0,300.0,1.0,Urban,N
LP007098,Male,Yes,0,Graduate,No,35933,1950,142.0,240.0,0.0,Urban,Y
LP007099,Male,Yes,2,Not Graduate,No,9959,861,133.0,,1.0,Urban,Y
LP007100,Female,Yes,1,Not Graduate,No,9599,149,220.0,300.0,1.0,Urban,N
LP007101,Male,No,0,Graduate,No,18151,1036,215.0,360.0,0.0,Urban,Y
LP007102,Male,No,0,Graduate,Yes,11718,2132,187.0,300.0,1.0,Urban,Y
LP007103,Female,Yes,0,Not Graduate,Yes,10412,82,160.0,360.0,0.0,Rural,N
LP007104,Female,Yes,2,Not Graduate,No,7674,1011,124.0,360.0,1.0,Urban,Y
LP007105,Male,Yes,1,Graduate,No,39729,978,135.0,240.0,1.0,Semiurban,Y
LP007106,Male,No,1,Graduate,No,11842,365,133.0,180.0,1.0,Urban,Y
LP007107,Male,No,1,Not Graduate,Yes,8520,2731,169.0,480.0,,Semiurban,N
LP007108,Male,No,1,Graduate,Yes,10535,3405,148.0,360.0,1.0,Urban,N
LP007109,Female,No,2,Not Graduate,No,17746,9671,149.0,240.0,1.0,Rural,Y
LP007110,Male,No,1,Graduate,No,43003,1060,227.0,240.0,1.0,Semiurban,Y
LP007111,Female,No,3+,Not Graduate,Yes,11669,5165,207.0,480.0,0.0,Urban,N
LP007112,Female,Yes,3+,Graduate,No,6699,410,110.0,240.0,0.0,Semiurban,N
LP007113,Male,Yes,3+,Graduate,No,62012,702,164.0,240.0,1.0,Urban,Y
LP007114,Male,No,1,Not Graduate,No,14889,2478,111.0,180.0,1.0,Rural,Y
LP007115,Male,Yes,3+,Graduate,No,12274,499,180.0,240.0,1.0,Semiurban,Y
LP007116,Female,Yes,1,Graduate,No,14149,902,246.0,360.0,1.0,Urban,Y
LP007117,Female,Yes,2,Not Graduate,No,4932,3003,132.0,360.0,1.0,Urban,N
LP007118,Male,Yes,3+,Graduate,No,12883,1088,189.0,180.0,1.0,Semiurban,Y
LP007119,Female,Yes,3+,Graduate,No,24530,363,230.0,480.0,1.0,Urban,Y
LP007120,Male,Yes,2,Graduate,Yes,35457,540,143.0,360.0,1.0,Semiurban,Y
LP007121,Female,Yes,1,Graduate,No,10030,789,174.0,300.0,1.0,Semiurban,Y
LP007122,Male,Yes,0,Graduate,No,15527,2219,235.0,360.0,1.0,Semiurban,Y
LP007123,Male,Yes,,Not Graduate,No,35967,742,103.0,360.0,0.0,Semiurban,N
LP007124,Female,No,2,Graduate,No,13766,58,98.0,360.0,1.0,Rural,Y
LP007125,,Yes,0,Graduate,Yes,23755,2817,87.0,360.0,1.0,Rural,Y
LP007126,Male,Yes,1,Graduate,No,18759,2379,187.0,360.0,1.0,Urban,Y
LP007127,Male,Yes,1,Not Graduate,Yes,7852,305,99.0,300.0,1.0,Rural,Y
LP007128,,Yes,1,Graduate,,6419,281,177.0,480.0,1.0,Rural,N
LP007129,Male,Yes,3+,Not Graduate,Yes,31177,5548,217.0,360.0,1.0,Rural,Y
LP007130,,No,1,Not Graduate,No,1572,821,116.0,300.0,1.0,Urban,Y
LP007131,Male,No,2,Graduate,No,7825,2708,,180.0,,Urban,N
LP007132,Male,Yes,1,Graduate,No,4375,476,183.0,360.0,1.0,Urban,Y
LP007133,Female,Yes,2,Graduate,No,31214,2407,152.0,360.0,1.0,Semiurban,Y
LP007134,Male,Yes,0,Graduate,Yes,39808,362,,300.0,0.0,Urban,Y
LP007135,Male,No,0,Graduate,No,7484,1820,226.0,180.0,0.0,Urban,N
LP007136,Female,No,3+,Not Graduate,No,122017,1682,177.0,360.0,1.0,Urban,Y
LP007137,Female,Yes,1,Graduate,No,40206,92,130.0,360.0,1.0,Urban,Y
LP007138,Female,Yes,1,Graduate,No,15642,1272,128.0,360.0,1.0,Semiurban,Y
LP007139,Female,No,1,Graduate,Yes,44355,462,185.0,240.0,1.0,Semiurban,Y
LP007140,Male,No,0,Not Graduate,No,7995,4070,147.0,180.0,1.0,Urban,Y
LP007141,Female,Yes,1,Graduate,Yes,10707,1454,152.0,300.0,1.0,Rural,Y
LP007142,Male,No,0,Graduate,No,19352,815,157.0,240.0,1.0,Urban,Y
LP007143,Female,Yes,1,Graduate,No,7679,6786,109.0,360.0,1.0,Rural,Y
LP007144,Male,Yes,1,Not Graduate,No,4781,111,131.0,360.0,1.0,Urban,N
LP007145,Female,No,1,Graduate,No,6308,11078,140.0,180.0,1.0,Rural,Y
LP007146,,Yes,1,Not Graduate,No,11414,10410,111.0,240.0,1.0,Rural,Y
LP007147,Female,No,3+,Graduate,No,19447,687,163.0,360.0,,Semiurban,Y
LP007148,Male,Yes,1,Not Graduate,No,10195,3184,174.0,360.0,1.0,Rural,Y
LP007149,Male,Yes,2,Not Graduate,,3597,1963,234.0,300.0,1.0,Semiurban,N
LP007150,Female,Yes,1,Graduate,No,19462,55,111.0,360.0,1.0,Rural,Y
LP007151,Female,Yes,1,Graduate,No,37000,959,194.0,360.0,1.0,Semiurban,Y
LP007152,Male,Yes,,Graduate,No,7879,240,221.0,180.0,1.0,Urban,Y
LP007153,Female,No,0,Not Graduate,No,50525,215,197.0,360.0,1.0,Semiurban,Y
LP007154,Female,Yes,1,Graduate,Yes,26771,777,,480.0,0.0,Urban,Y
LP007155,Male,No,0,Graduate,No,5748,810,134.0,180.0,1.0,Urban,Y
LP007156,Female,Yes,2,Graduate,,7955,4717,,300.0,1.0,Rural,Y
LP007157,Male,No,1,Graduate,No,10400,444,140.0,240.0,1.0,Semiurban,Y
LP007158,Male,Yes,2,Graduate,No,11519,682,148.0,300.0,1.0,Semiurban,N
LP007159,Male,Yes,,Graduate,Yes,1899,5657,125.0,240.0,1.0,Urban,Y
LP007160,Male,Yes,0,Graduate,No,7313,879,188.0,300.0,1.0,Semiurban,Y
LP007161,Female,Yes,0,Graduate,No,8579,592,26.0,240.0,1.0,Semiurban,Y
LP007162,Male,Yes,1,Graduate,,60624,3066,109.0,120.0,0.0,Rural,Y
LP007163,Female,Yes,0,Not Graduate,No,16019,2073,101.0,,1.0,Urban,Y
LP007164,Female,No,0,Graduate,No,7055,1236,229.0,360.0,1.0,Rural,Y
LP007165,Female,No,2,Graduate,Yes,9406,3323,161.0,360.0,1.0,Urban,N
LP007166,Male,No,3+,Graduate,No,18771,245,139.0,120.0,1.0,Semiurban,Y
LP007167,Female,Yes,2,Not Graduate,No,9873,545,139.0,360.0,0.0,Urban,Y
LP007168,Male,No,1,Graduate,No,8364,12064,80.0,120.0,1.0,Urban,Y
LP007169,Male,No,1,Not Graduate,,8582,28,217.0,300.0,1.0,Semiurban,N
LP007170,Male,Yes,,Graduate,No,19609,489,132.0,300.0,0.0,Urban,Y
LP007171,Male,Yes,1,Graduate,No,4423,265,179.0,360.0,1.0,Urban,Y
LP007172,Female,Yes,1,Graduate,No,5599,1194,117.0,360.0,1.0,Rural,Y
LP007173,,Yes,0,Graduate,Yes,6360,2266,147.0,360.0,1.0,Urban,N
LP007174,Female,Yes,3+,Not Graduate,,5523,4139,104.0,480.0,1.0,Semiurban,Y
LP007175,,Yes,2,Not Graduate,No,6912,670,137.0,240.0,,Semiurban,N
LP007176,Male,No,1,Graduate,No,27377,362,202.0,180.0,1.0,Semiurban,Y
LP007177,Female,Yes,3+,Graduate,,30610,192,155.0,,,Urban,Y
LP007178,Female,Yes,0,Graduate,No,16603,1161,168.0,360.0,1.0,Urban,Y
LP007179,Male,No,0,Not Graduate,No,15864,14083,153.0,360.0,0.0,Semiurban,Y
LP007180,Male,,2,Graduate,No,7816,541,231.0,300.0,1.0,Semiurban,N
LP007181,Male,No,3+,Graduate,No,2527,1006,109.0,180.0,1.0,Rural,N
LP007182,Male,Yes,1,Graduate,No,14989,1291,143.0,360.0,1.0,Rural,Y
LP007183,Female,Yes,0,Not Graduate,No,16952,660,159.0,360.0,1.0,Rural,Y
LP007184,Female,Yes,2,Graduate,No,7793,6050,100.0,360.0,1.0,Semiurban,Y
LP007185,Male,Yes,,Graduate,Yes,5648,4680,156.0,360.0,1.0,Rural,Y
LP007186,Female,Yes,1,Graduate,No,4823,2927,151.0,480.0,1.0,Semiurban,N
LP007187,Male,Yes,0,Not Graduate,Yes,15277,3472,155.0,360.0,1.0,Semiurban,Y
LP007188,,No,3+,Graduate,No,14264,481,155.0,480.0,0.0,Urban,N
LP007189,Male,Yes,1,Graduate,No,34739,276,116.0,300.0,1.0,Urban,Y
LP007190,Female,Yes,2,Graduate,No,7013,486,68.0,360.0,1.0,Urban,N
LP007191,Male,,0,Graduate,No,10611,1535,159.0,360.0,1.0,Urban,Y
LP007192,Male,No,0,Graduate,No,13544,742,105.0,300.0,1.0,Urban,Y
LP007193,,Yes,,Graduate,No,8605,2170,145.0,360.0,1.0,Urban,N
LP007194,Male,Yes,0,Graduate,No,26139,1248,112.0,240.0,1.0,Urban,Y
LP007195,Female,Yes,1,Graduate,Yes,35972,219,75.0,180.0,1.0,Urban,Y
LP007196,Male,Yes,0,Graduate,No,5516,4860,168.0,300.0,1.0,Semiurban,Y
LP007197,Male,,2,Graduate,No,9260,593,,480.0,1.0,Urban,Y
LP007198,Female,Yes,0,Not Graduate,Yes,38547,2817,205.0,360.0,1.0,Urban,Y
LP007199,Female,Yes,1,Graduate,No,17301,396,127.0,120.0,1.0,Rural,Y
LP007200,Female,No,1,Graduate,No,14673,380,151.0,,1.0,Urban,N
LP007201,Male,Yes,,Graduate,No,17553,359,167.0,300.0,,Urban,Y
LP007202,Male,No,0,Graduate,No,22577,196,201.0,240.0,0.0,Rural,Y
LP007203,Male,Yes,2,Not Graduate,Yes,18239,202,62.0,480.0,1.0,Urban,Y
LP007204,Male,Yes,1,Graduate,No,15849,1731,76.0,480.0,1.0,Semiurban,Y
LP007205,Female,Yes,,Graduate,Yes,13462,360,219.0,360.0,1.0,Rural,N
LP007206,Male,Yes,1,Not Graduate,No,39284,1660,,360.0,1.0,Semiurban,Y
LP007207,Male,Yes,3+,Graduate,No,10796,1239,195.0,240.0,1.0,Rural,Y
LP007208,Male,Yes,0,Not Graduate,No,13372,3152,216.0,240.0,1.0,Semiurban,Y
LP007209,Male,No,1,Graduate,No,46239,323,190.0,480.0,1.0,Semiurban,Y
LP007210,Female,No,2,Graduate,No,17336,3916,99.0,240.0,1.0,Rural,Y
LP007211,Male,No,0,Not Graduate,,12666,369,105.0,300.0,1.0,Urban,Y
LP007212,Male,Yes,0,Not Graduate,No,22127,40,147.0,360.0,1.0,Urban,Y
LP007213,Male,Yes,1,Graduate,No,16023,1377,237.0,360.0,1.0,Rural,Y
LP007214,Male,,2,Not Graduate,No,7396,383,237.0,300.0,1.0,Rural,N
LP007215,Male,Yes,0,Graduate,Yes,16253,6632,164.0,300.0,1.0,Urban,Y
LP007216,Female,Yes,,Graduate,No,6995,1573,70.0,300.0,1.0,Semiurban,Y
LP007217,Male,Yes,1,Graduate,Yes,57608,990,158.0,300.0,1.0,Urban,Y
LP007218,Female,No,0,Graduate,No,16171,1396,139.0,360.0,1.0,Urban,Y
LP007219,Female,Yes,1,Graduate,No,6307,603,151.0,180.0,1.0,Semiurban,Y
LP007220,Female,Yes,3+,Graduate,No,9758,8276,67.0,,0.0,Semiurban,N
LP007221,Female,Yes,0,Graduate,No,24530,568,162.0,240.0,1.0,Semiurban,Y
LP007222,Male,Yes,1,Graduate,No,5580,1912,74.0,240.0,1.0,Rural,Y
LP007223,Male,No,1,Graduate,No,117756,410,23.0,180.0,1.0,Urban,Y
LP007224,Male,Yes,,Not Graduate,No,4170,1098,161.0,240.0,1.0,Rural,N
LP007225,Female,No,0,Graduate,No,28015,248,245.0,360.0,1.0,Semiurban,Y
LP007226,Female,Yes,0,Not Graduate,Yes,9051,1442,108.0,360.0,1.0,Semiurban,Y
LP007227,Female,Yes,0,Graduate,No,6994,1185,126.0,240.0,1.0,Semiurban,Y
LP007228,Male,No,0,Not Graduate,Yes,20541,2118,,240.0,1.0,Urban,Y
LP007229,Female,Yes,2,Graduate,No,9291,1923,208.0,360.0,0.0,Urban,Y
LP007230,Male,Yes,3+,Not Graduate,No,47726,1135,155.0,,1.0,Semiurban,Y
LP007231,Male,Yes,0,Graduate,No,4354,12675,114.0,180.0,1.0,Semiurban,Y
LP007232,Male,Yes,1,Graduate,Yes,20948,1072,216.0,300.0,1.0,Urban,Y
LP007233,,No,0,Graduate,No,10719,1149,88.0,,1.0,Semiurban,Y
LP007234,Male,No,0,Not Graduate,No,16933,990,123.0,300.0,1.0,Urban,Y
LP007235,Male,No,0,Not Graduate,No,20156,1398,179.0,240.0,,Urban,Y
LP007236,,Yes,0,Graduate,No,3343,777,71.0,300.0,1.0,Rural,Y
LP007237,Female,Yes,3+,Graduate,No,16110,704,169.0,360.0,1.0,Urban,Y
LP007238,Female,Yes,0,Not Graduate,Yes,31928,2703,,480.0,1.0,Urban,Y
LP007239,Female,No,1,Not Graduate,No,19401,1034,233.0,120.0,0.0,Semiurban,Y
LP007240,Male,No,,Graduate,No,9946,3884,130.0,360.0,1.0,Urban,Y
LP007241,Female,Yes,0,Not Graduate,Yes,4311,112,,180.0,1.0,Rural,N
LP007242,Female,Yes,2,Graduate,No,20057,6818,185.0,240.0,1.0,Semiurban,Y
LP007243,Male,Yes,0,Not Graduate,,59927,3210,119.0,360.0,1.0,Rural,Y
LP007244,Male,Yes,3+,Graduate,No,22685,1030,,360.0,1.0,Urban,Y
LP007245,Male,Yes,0,Graduate,No,33731,999,166.0,300.0,1.0,Rural,Y
LP007246,Male,Yes,1,Graduate,No,28181,2365,168.0,360.0,1.0,Urban,Y
LP007247,Female,Yes,3+,Graduate,No,9755,320,54.0,360.0,0.0,Rural,Y
LP007248,Female,No,0,Graduate,No,14362,1148,91.0,240.0,1.0,Rural,Y
LP007249,Male,No,1,Not Graduate,No,26764,1321,58.0,360.0,1.0,Rural,Y
LP007250,Female,No,,Not Graduate,No,3775,94,66.0,300.0,,Rural,N
LP007251,Female,Yes,0,Graduate,No,22502,1664,94.0,360.0,1.0,Semiurban,Y
LP007252,Female,Yes,1,Not Graduate,No,36575,216,138.0,240.0,1.0,Rural,Y
LP007253,Male,Yes,0,Graduate,Yes,12821,4022,143.0,180.0,0.0,Urban,Y
LP007254,Female,Yes,0,Not Graduate,No,25622,5462,42.0,360.0,1.0,Urban,Y
LP007255,Male,Yes,0,Not Graduate,No,8574,6718,103.0,360.0,1.0,Urban,Y
LP007256,,No,3+,Not Graduate,Yes,13774,744,74.0,360.0,1.0,Semiurban,Y
LP007257,Male,,0,Graduate,No,10737,732,139.0,240.0,1.0,Urban,N
LP007258,Male,No,0,Graduate,No,19299,102,117.0,240.0,1.0,Rural,Y
LP007259,Female,No,1,Graduate,No,12288,2480,212.0,480.0,0.0,Urban,Y
LP007260,Male,No,0,Graduate,No,3494,179,143.0,360.0,0.0,Rural,N
LP007261,Male,No,1,Graduate,No,7521,192,119.0,300.0,,Urban,Y
LP007262,Male,,0,Not Graduate,Yes,63196,761,136.0,360.0,0.0,Urban,N
LP007263,Female,No,2,Graduate,No,21036,290,117.0,180.0,1.0,Semiurban,Y
LP007264,Male,,1,Graduate,No,2494,345,217.0,360.0,1.0,Urban,Y
LP007265,Female,No,0,Graduate,No,35110,1160,133.0,180.0,1.0,Rural,Y
LP007266,Male,,0,Graduate,Yes,5312,3158,172.0,240.0,1.0,Rural,Y
LP007267,Male,Yes,1,Graduate,Yes,27301,2095,189.0,360.0,1.0,Urban,Y
LP007268,Male,Yes,2,Graduate,No,37563,1376,116.0,240.0,1.0,Rural,Y
LP007269,Male,Yes,0,Graduate,No,14491,4342,59.0,360.0,1.0,Rural,Y
LP007270,Male,,0,Graduate,No,6017,1278,125.0,360.0,1.0,Urban,Y
LP007271,Male,Yes,0,Graduate,No,7539,582,181.0,300.0,1.0,Rural,Y
LP007272,Female,No,1,Graduate,No,22101,435,65.0,360.0,1.0,Urban,Y
LP007273,Female,Yes,3+,Not Graduate,No,5386,2127,162.0,360.0,1.0,Rural,Y
LP007274,Male,Yes,0,Not Graduate,No,8387,292,191.0,300.0,1.0,Semiurban,N
LP007275,Male,Yes,0,Graduate,No,20137,1666,219.0,300.0,1.0,Urban,Y
LP007276,Female,Yes,0,Graduate,No,7935,655,183.0,240.0,1.0,Semiurban,Y
LP007277,Male,Yes,0,Not Graduate,No,41632,401,164.0,180.0,0.0,Urban,Y
LP007278,Male,No,1,Graduate,No,5822,392,159.0,300.0,0.0,Rural,Y
LP007279,Female,Yes,,Graduate,No,962,3492,89.0,240.0,1.0,Urban,Y
LP007280,Female,Yes,0,Graduate,No,7168,391,102.0,300.0,1.0,Urban,Y
LP007281,Male,Yes,2,Not Graduate,,17121,784,63.0,300.0,1.0,Urban,Y
LP007282,Male,Yes,0,Not Graduate,No,26653,624,153.0,180.0,1.0,Urban,Y
LP007283,Male,Yes,2,Graduate,No,9636,3908,172.0,180.0,1.0,Semiurban,Y
LP007284,Female,No,1,Graduate,No,10702,6946,155.0,360.0,1.0,Semiurban,Y
LP007285,Male,Yes,0,Graduate,No,13033,3263,164.0,240.0,0.0,Semiurban,Y
LP007286,Male,,3+,Not Graduate,,53826,698,187.0,300.0,1.0,Semiurban,Y
LP007287,Male,Yes,0,Not Graduate,No,18088,1653,83.0,360.0,1.0,Semiurban,Y
LP007288,Male,Yes,1,Graduate,No,9007,368,153.0,480.0,1.0,Semiurban,N
LP007289,Female,No,2,Not Graduate,No,68968,1411,162.0,180.0,1.0,Semiurban,Y
LP007290,Female,Yes,0,Graduate,No,13480,133,126.0,360.0,1.0,Rural,Y
LP007291,,Yes,1,Graduate,No,2539,1454,,300.0,1.0,Urban,Y
LP007292,Male,No,2,Graduate,No,4405,1026,98.0,180.0,1.0,Rural,Y
LP007293,Male,Yes,3+,Graduate,,20880,1861,124.0,240.0,0.0,Urban,N
LP007294,Male,No,2,Graduate,No,3223,1080,157.0,360.0,1.0,Urban,Y
LP007295,Male,Yes,0,Not Graduate,Yes,19899,2987,151.0,360.0,1.0,Rural,Y
LP007296,Female,Yes,1,Graduate,No,7158,438,246.0,120.0,1.0,Semiurban,N
LP007297,Male,No,2,Graduate,No,34275,2718,197.0,240.0,0.0,Urban,Y
LP007298,Male,No,1,Graduate,No,15275,1932,148.0,300.0,1.0,Urban,Y
LP007299,Male,Yes,2,Graduate,No,3606,4053,156.0,,1.0,Rural,N
LP007300,Female,No,0,Graduate,No,27760,4394,213.0,360.0,1.0,Semiurban,Y
LP007301,Male,Yes,0,Graduate,No,39770,349,215.0,300.0,0.0,Urban,Y
LP007302,Male,Yes,1,Graduate,,4810,2039,166.0,240.0,1.0,Urban,Y
LP007303,Male,Yes,3+,Graduate,No,7028,270,236.0,240.0,0.0,Semiurban,N
LP007304,Female,Yes,1,Graduate,No,19968,4409,105.0,120.0,1.0,Rural,Y
LP007305,Male,No,3+,Graduate,No,23048,393,148.0,480.0,0.0,Urban,Y
LP007306,Female,Yes,3+,Graduate,Yes,87780,695,308.0,480.0,0.0,Urban,Y
LP007307,Female,Yes,,Graduate,No,27247,1423,185.0,120.0,1.0,Semiurban,Y
LP007308,Male,No,,Graduate,No,91183,2660,142.0,240.0,0.0,Urban,Y
LP007309,,Yes,2,Graduate,No,13568,1712,155.0,120.0,1.0,Rural,Y
LP007310,Male,Yes,2,Graduate,No,18158,2748,158.0,300.0,1.0,Semiurban,Y
LP007311,Female,Yes,1,Not Graduate,Yes,8480,1113,233.0,480.0,0.0,Semiurban,Y
LP007312,Male,Yes,0,Graduate,No,8794,1469,190.0,360.0,1.0,Urban,Y
LP007313,Male,No,0,Graduate,No,15028,131,146.0,360.0,0.0,Rural,N
LP007314,Male,Yes,0,Not Graduate,Yes,8383,3756,66.0,480.0,1.0,Semiurban,N
LP007315,Male,Yes,0,Graduate,No,1717,773,113.0,360.0,1.0,Semiurban,Y
LP007316,Female,No,0,Graduate,No,7836,654,153.0,240.0,0.0,Urban,Y
LP007317,Male,Yes,3+,Graduate,No,31613,11205,143.0,360.0,0.0,Urban,Y
LP007318,Female,Yes,1,Graduate,No,14161,42,204.0,360.0,1.0,Semiurban,Y
LP007319,Male,No,0,Graduate,No,14224,1229,138.0,360.0,1.0,Urban,Y
LP007320,Female,Yes,2,Not Graduate,No,7253,74,191.0,,1.0,Semiurban,N
LP007321,Male,Yes,1,Not Graduate,No,17437,1648,76.0,360.0,1.0,Rural,Y
LP007322,Male,Yes,,Not Graduate,No,50358,473,,300.0,1.0,Semiurban,Y
LP007323,Male,Yes,2,Graduate,No,40968,32,,480.0,1.0,Urban,Y
LP007324,,Yes,0,Not Graduate,No,17902,4051,253.0,180.0,1.0,Semiurban,Y
LP007325,,Yes,1,Graduate,No,6748,233,142.0,360.0,1.0,Urban,N
LP007326,Male,No,0,Not Graduate,No,54926,3423,191.0,360.0,1.0,Rural,Y
LP007327,Male,Yes,1,Graduate,No,31175,340,216.0,180.0,1.0,Urban,Y
LP007328,Female,Yes,2,Graduate,No,4086,628,197.0,240.0,1.0,Rural,N
LP007329,Male,No,0,Graduate,Yes,3276,70,187.0,240.0,1.0,Urban,Y
LP007330,Male,Yes,3+,Graduate,No,4271,1825,132.0,360.0,1.0,Rural,Y
LP007331,Male,No,0,Graduate,No,9000,550,225.0,360.0,1.0,Urban,Y
LP007332,,Yes,1,Graduate,No,27485,706,84.0,240.0,1.0,Rural,Y
LP007333,Female,Yes,3+,Graduate,No,26966,978,86.0,480.0,1.0,Semiurban,Y
LP007334,Male,No,3+,Graduate,No,17545,151,243.0,240.0,1.0,Urban,Y
LP007335,Male,Yes,0,Graduate,No,11939,2513,168.0,360.0,,Rural,N
LP007336,Male,No,0,Graduate,Yes,89058,557,88.0,300.0,1.0,Rural,Y
LP007337,Male,Yes,2,Graduate,No,13727,17227,,180.0,1.0,Semiurban,Y
LP007338,Male,Yes,,Graduate,No,12461,616,76.0,360.0,1.0,Rural,Y
LP007339,Female,Yes,1,Not Graduate,No,8901,687,251.0,300.0,1.0,Rural,Y
LP007340,Male,Yes,,Graduate,Yes,78401,215,145.0,300.0,1.0,Urban,Y
LP007341,Female,No,1,Graduate,No,23782,158,124.0,240.0,1.0,Rural,Y
LP007342,Male,Yes,0,Not Graduate,No,5839,3143,231.0,360.0,1.0,Urban,N
LP007343,Female,No,1,Graduate,Yes,5311,3918,162.0,240.0,1.0,Rural,Y
LP007344,Male,Yes,3+,Graduate,No,3484,556,133.0,240.0,1.0,Semiurban,Y
LP007345,Male,Yes,1,Not Graduate,No,12364,1268,203.0,300.0,1.0,Semiurban,N
LP007346,Male,Yes,2,Graduate,No,4028,4867,179.0,,1.0,Semiurban,Y
LP007347,,Yes,0,Not Graduate,No,5249,1552,180.0,180.0,1.0,Semiurban,Y
LP007348,,Yes,0,Not Graduate,Yes,31403,1962,136.0,360.0,1.0,Urban,Y
LP007349,Female,Yes,0,Not Graduate,No,27249,1217,105.0,480.0,1.0,Rural,Y
LP007350,Female,Yes,1,Graduate,No,44051,501,99.0,360.0,1.0,Rural,Y
LP007351,Male,No,0,Graduate,Yes,4120,1741,155.0,240.0,1.0,Semiurban,Y
LP007352,,,1,Graduate,No,5991,10277,150.0,360.0,1.0,Urban,Y
LP007353,Male,Yes,2,Not Graduate,No,8080,587,174.0,360.0,1.0,Semiurban,Y
LP007354,Male,Yes,2,Not Graduate,No,49615,3105,128.0,180.0,1.0,Semiurban,Y
LP007355,,Yes,0,Not Graduate,No,14048,1363,214.0,180.0,1.0,Urban,Y
LP007356,Female,Yes,2,Graduate,No,57389,540,,360.0,0.0,Rural,Y
LP007357,Female,Yes,1,Graduate,No,22069,3210,170.0,240.0,1.0,Rural,Y
LP007358,Female,Yes,,Graduate,No,12210,2792,104.0,,0.0,Rural,Y
LP007359,Male,No,0,Graduate,No,21143,2200,137.0,240.0,1.0,Semiurban,Y
LP007360,Female,Yes,1,Not Graduate,No,3349,8940,103.0,120.0,1.0,Urban,Y
LP007361,Female,Yes,0,Graduate,No,2582,9923,131.0,360.0,1.0,Semiurban,N
LP007362,Male,Yes,0,Graduate,No,16438,1170,96.0,300.0,1.0,Rural,Y
LP007363,Male,No,0,Not Graduate,No,13514,965,99.0,360.0,1.0,Urban,Y
LP007364,Female,Yes,0,Graduate,No,62748,197,,,1.0,Urban,Y
LP007365,Male,No,3+,Not Graduate,No,4433,6903,80.0,,0.0,Urban,Y
LP007366,Male,No,2,Graduate,Yes,17997,1004,182.0,240.0,1.0,Urban,Y
LP007367,,No,1,Not Graduate,No,23300,528,,480.0,1.0,Semiurban,Y
LP007368,Male,No,3+,Graduate,,17575,357,186.0,300.0,1.0,Semiurban,Y
LP007369,Male,Yes,1,Graduate,,32181,354,148.0,480.0,1.0,Rural,Y
LP007370,Female,Yes,2,Graduate,No,8055,9049,95.0,300.0,1.0,Semiurban,Y
LP007371,Female,Yes,0,Not Graduate,No,25998,3222,72.0,300.0,1.0,Semiurban,Y
LP007372,Female,Yes,,Graduate,No,20935,183,90.0,360.0,1.0,Urban,Y
LP007373,Male,Yes,0,Graduate,Yes,33951,193,91.0,180.0,1.0,Urban,Y
LP007374,Female,,1,Not Graduate,No,8875,1269,163.0,300.0,1.0,Urban,Y
LP007375,Male,Yes,0,Graduate,No,5172,323,79.0,300.0,1.0,Semiurban,N
LP007376,Male,No,0,Not Graduate,No,8080,810,139.0,120.0,1.0,Urban,Y
LP007377,Male,Yes,0,Graduate,No,5707,7070,152.0,300.0,1.0,Rural,Y
LP007378,Male,Yes,,Graduate,Yes,8501,3957,134.0,300.0,1.0,Semiurban,N
LP007379,Male,No,2,Graduate,Yes,10224,140,136.0,180.0,1.0,Rural,Y
LP007380,Male,,0,Graduate,No,6443,325,213.0,120.0,1.0,Urban,N
LP007381,Male,No,,Graduate,No,13443,1472,174.0,360.0,1.0,Urban,Y
LP007382,Male,,1,Graduate,No,5201,4254,185.0,240.0,0.0,Urban,N
LP007383,Female,Yes,,Graduate,Yes,12599,409,131.0,300.0,1.0,Rural,Y
LP007384,Male,Yes,0,Graduate,,8989,1706,189.0,180.0,1.0,Semiurban,Y
LP007385,Female,Yes,3+,Graduate,No,12124,635,165.0,180.0,1.0,Rural,Y
LP007386,Male,No,0,Graduate,Yes,18300,8977,160.0,240.0,1.0,Urban,Y
LP007387,Male,Yes,1,Graduate,,9560,2314,130.0,120.0,1.0,Urban,N
LP007388,,Yes,1,Not Graduate,No,7169,869,161.0,360.0,1.0,Semiurban,N
LP007389,Male,No,1,Graduate,No,7913,182,255.0,480.0,1.0,Urban,Y
LP007390,Male,Yes,,Graduate,No,30287,306,180.0,360.0,0.0,Rural,N
LP007391,Female,No,,Graduate,No,37088,52,235.0,360.0,1.0,Semiurban,Y
LP007392,Male,No,2,Graduate,No,8849,1520,55.0,180.0,1.0,Semiurban,Y
LP007393,Female,No,2,Graduate,No,11806,2438,153.0,300.0,1.0,Urban,Y
LP007394,Male,No,3+,Graduate,No,3416,2590,191.0,,1.0,Urban,N
LP007395,Male,Yes,0,Not Graduate,Yes,11550,524,169.0,,1.0,Rural,N
LP007396,Male,No,0,Graduate,No,4182,5095,175.0,180.0,1.0,Rural,N
LP007397,Male,Yes,0,Graduate,No,9039,7333,130.0,300.0,0.0,Rural,Y
LP007398,Female,Yes,3+,Not Graduate,No,31631,493,210.0,180.0,0.0,Urban,Y
LP007399,Female,Yes,0,Graduate,Yes,4017,4526,69.0,180.0,1.0,Rural,Y
LP007400,Male,No,1,Graduate,No,6492,1297,142.0,360.0,1.0,Urban,Y
LP007401,Male,No,3+,Graduate,No,6517,582,156.0,180.0,1.0,Urban,N
LP007402,Female,No,1,Graduate,No,3515,4805,121.0,120.0,1.0,Urban,Y
LP007403,Male,Yes,,Graduate,No,26639,257,,480.0,1.0,Semiurban,Y
LP007404,Male,No,0,Graduate,No,16677,184,51.0,240.0,1.0,Urban,Y
LP007405,Male,No,1,Graduate,Yes,56788,681,85.0,360.0,0.0,Urban,N
LP007406,Male,Yes,3+,Graduate,No,6025,833,213.0,480.0,1.0,Urban,Y
LP007407,Female,Yes,1,Not Graduate,No,3236,152,162.0,360.0,0.0,Rural,Y
LP007408,Female,Yes,0,Not Graduate,Yes,28369,1975,131.0,180.0,,Semiurban,N
LP007409,Male,Yes,0,Graduate,No,10009,429,198.0,240.0,1.0,Urban,Y
LP007410,Male,Yes,0,Graduate,,9197,227,219.0,240.0,0.0,Urban,N
LP007411,,Yes,1,Graduate,No,43582,2391,240.0,360.0,,Rural,N
LP007412,Male,Yes,0,Graduate,No,15303,655,55.0,240.0,1.0,Semiurban,Y
LP007413,Male,Yes,1,Not Graduate,,27538,3901,219.0,120.0,1.0,Semiurban,Y
LP007414,Female,Yes,1,Not Graduate,Yes,8118,1902,91.0,300.0,1.0,Rural,N
LP007415,Male,Yes,2,Graduate,No,7479,864,165.0,360.0,1.0,Semiurban,Y
LP007416,Male,No,0,Graduate,No,9973,4095,180.0,,1.0,Urban,Y
LP007417,Male,Yes,2,Not Graduate,No,22840,1816,230.0,300.0,1.0,Urban,Y
LP007418,Male,Yes,1,Not Graduate,No,13914,1070,173.0,300.0,0.0,Urban,N
LP007419,Male,Yes,0,Graduate,No,19426,2026,163.0,240.0,,Urban,Y
LP007420,Female,Yes,3+,Graduate,No,1664,2107,108.0,480.0,1.0,Urban,Y
LP007421,Male,No,0,Graduate,No,2964,294,65.0,360.0,1.0,Semiurban,N
LP007422,Female,Yes,1,Not Graduate,No,2385,18579,106.0,300.0,0.0,Semiurban,Y
LP007423,Male,Yes,0,Graduate,No,9863,1189,220.0,120.0,1.0,Semiurban,Y
LP007424,Male,No,1,Not Graduate,No,4367,1218,,360.0,1.0,Semiurban,N
LP007425,Male,Yes,1,Graduate,No,51623,133,233.0,360.0,1.0,Urban,Y
LP007426,,Yes,,Not Graduate,No,13133,1279,114.0,180.0,1.0,Urban,Y
LP007427,Male,Yes,1,Graduate,Yes,15888,1347,189.0,360.0,1.0,Rural,Y
LP007428,Male,Yes,1,Graduate,No,5586,275,158.0,300.0,1.0,Urban,Y
LP007429,Female,No,2,Graduate,No,5449,314,214.0,180.0,1.0,Semiurban,Y
LP007430,Female,Yes,0,Graduate,No,46211,372,138.0,360.0,1.0,Semiurban,Y
LP007431,Male,No,0,Graduate,No,55599,769,143.0,300.0,0.0,Urban,N
LP007432,Male,No,,Graduate,,18632,1416,210.0,480.0,1.0,Urban,Y
LP007433,Male,Yes,0,Graduate,No,2629,839,45.0,120.0,,Urban,Y
LP007434,Male,Yes,1,Graduate,No,9505,1577,142.0,480.0,1.0,Urban,Y
LP007435,Male,Yes,0,Graduate,No,17164,2465,66.0,180.0,1.0,Urban,Y
LP007436,Female,,0,Graduate,Yes,11132,2103,148.0,120.0,0.0,Semiurban,N
LP007437,Male,Yes,2,Graduate,No,2450,1697,128.0,360.0,,Semiurban,N
LP007438,Male,Yes,2,Graduate,No,58665,1545,180.0,360.0,,Urban,N
LP007439,Male,Yes,1,Graduate,Yes,6847,1551,173.0,240.0,1.0,Rural,Y
LP007440,Male,No,2,Graduate,No,4569,919,135.0,360.0,1.0,Rural,Y
LP007441,Female,Yes,2,Graduate,No,13033,496,101.0,360.0,0.0,Urban,Y
LP007442,Male,,1,Graduate,No,34454,980,153.0,240.0,1.0,Semiurban,Y
LP007443,Male,No,3+,Graduate,No,20138,2401,215.0,300.0,1.0,Urban,Y
LP007444,Female,Yes,1,Graduate,No,4663,2385,100.0,360.0,1.0,Semiurban,Y
LP007445,Male,Yes,1,Graduate,No,4086,2017,74.0,360.0,1.0,Urban,N
LP007446,Female,Yes,1,Graduate,Yes,2314,620,57.0,360.0,1.0,Semiurban,N
LP007447,Male,Yes,3+,Not Graduate,No,10579,845,73.0,240.0,0.0,Semiurban,Y
LP007448,Male,Yes,0,Graduate,No,9150,849,149.0,360.0,1.0,Urban,N
LP007449,Female,,0,Graduate,No,20152,529,79.0,360.0,1.0,Semiurban,Y
LP007450,Male,Yes,0,Graduate,No,7720,3205,131.0,360.0,0.0,Urban,N
LP007451,Male,No,0,Graduate,No,29113,120,173.0,480.0,1.0,Urban,Y
LP007452,Male,Yes,0,Graduate,No,22555,12411,43.0,360.0,0.0,Semiurban,Y
LP007453,Male,Yes,2,Not Graduate,No,7456,13209,199.0,360.0,1.0,Rural,N
LP007454,Female,Yes,1,Not Graduate,Yes,18268,1164,221.0,360.0,1.0,Semiurban,Y
LP007455,Female,Yes,0,Not Graduate,,38683,1783,243.0,120.0,1.0,Rural,Y
LP007456,Female,Yes,2,Not Graduate,No,6194,3038,223.0,240.0,0.0,Semiurban,N
LP007457,Female,No,1,Graduate,No,11263,441,270.0,360.0,1.0,Rural,N
LP007458,Male,Yes,1,Graduate,Yes,11089,2167,161.0,300.0,1.0,Rural,Y
LP007459,Male,,0,Not Graduate,Yes,10034,5339,190.0,480.0,1.0,Rural,Y
LP007460,Male,Yes,2,Not Graduate,No,25374,126,137.0,360.0,1.0,Rural,Y
LP007461,Male,Yes,0,Graduate,No,27034,194,183.0,480.0,1.0,Urban,Y
LP007462,Male,Yes,0,Graduate,No,18496,2697,156.0,240.0,0.0,Urban,Y
LP007463,Female,Yes,0,Not Graduate,No,17803,793,66.0,360.0,1.0,Semiurban,Y
LP007464,Male,Yes,2,Graduate,,8520,689,,360.0,0.0,Rural,N
LP007465,Male,Yes,1,Graduate,Yes,17403,740,240.0,240.0,1.0,Urban,Y
LP007466,Male,Yes,0,Graduate,No,4778,283,,300.0,1.0,Urban,Y
LP007467,Female,Yes,0,Graduate,,97035,670,221.0,480.0,0.0,Urban,Y
LP007468,Female,Yes,1,Graduate,No,39348,224,121.0,480.0,1.0,Rural,Y
LP007469,Female,No,1,Not Graduate,No,28716,5273,105.0,120.0,1.0,Semiurban,N
LP007470,Male,Yes,0,Graduate,No,18521,1286,145.0,300.0,1.0,Semiurban,Y
LP007471,Female,No,2,Not Graduate,No,18533,1246,189.0,360.0,0.0,Urban,Y
LP007472,Male,Yes,3+,Not Graduate,No,3456,2440,219.0,120.0,,Semiurban,N
LP007473,Female,Yes,0,Not Graduate,No,4881,31202,,480.0,1.0,Urban,Y
LP007474,Male,Yes,1,Not Graduate,Yes,5392,310,182.0,300.0,1.0,Urban,Y
LP007475,Male,Yes,0,Graduate,No,13998,120,142.0,180.0,1.0,Rural,Y
LP007476,Male,Yes,2,Graduate,No,10665,1056,222.0,300.0,1.0,Semiurban,Y
LP007477,Female,Yes,1,Not Graduate,No,25567,122,223.0,,1.0,Semiurban,Y
LP007478,,No,0,Graduate,Yes,6170,730,110.0,480.0,1.0,Rural,N
LP007479,Female,Yes,2,Graduate,No,30372,3131,169.0,180.0,1.0,Semiurban,Y
LP007480,Male,Yes,2,Graduate,Yes,6930,6860,100.0,360.0,1.0,Urban,Y
LP007481,,Yes,0,Graduate,No,9562,167,190.0,480.0,1.0,Rural,Y
LP007482,Male,No,0,Not Graduate,No,27346,353,130.0,360.0,1.0,Urban,Y
LP007483,Male,No,0,Graduate,No,20004,1696,,300.0,1.0,Rural,Y
LP007484,Male,Yes,1,Graduate,No,4909,2710,47.0,360.0,0.0,Semiurban,Y
LP007485,Male,No,2,Graduate,Yes,31296,2901,204.0,240.0,1.0,Semiurban,Y
LP007486,Female,Yes,1,Graduate,No,14345,6439,159.0,360.0,1.0,Urban,Y
LP007487,,Yes,1,Graduate,No,2407,2628,162.0,360.0,1.0,Semiurban,Y
LP007488,Female,Yes,2,Not Graduate,Yes,6808,949,191.0,360.0,1.0,Urban,N
LP007489,Male,No,1,Graduate,Yes,9626,3922,111.0,240.0,,Rural,N
LP007490,Female,No,1,Not Graduate,No,5242,1192,104.0,360.0,1.0,Urban,N
LP007491,Male,No,1,Not Graduate,Yes,39111,1524,177.0,360.0,1.0,Semiurban,Y
LP007492,Male,Yes,2,Graduate,Yes,9899,606,207.0,180.0,1.0,Semiurban,Y
LP007493,Male,No,0,Not Graduate,No,19305,1323,176.0,300.0,,Rural,N
LP007494,Male,Yes,0,Graduate,Yes,15760,155,230.0,240.0,1.0,Rural,Y
LP007495,Female,Yes,0,Graduate,No,23496,3795,178.0,480.0,1.0,Semiurban,Y
LP007496,Male,Yes,2,Graduate,Yes,50941,326,175.0,480.0,1.0,Urban,Y
LP007497,Male,Yes,1,Graduate,No,22938,377,191.0,240.0,0.0,Urban,Y
LP007498,Female,Yes,0,Graduate,No,53857,67,138.0,,1.0,Semiurban,Y
LP007499,Male,Yes,3+,Graduate,Yes,23430,408,87.0,360.0,1.0,Rural,Y
LP007500,Female,No,3+,Not Graduate,Yes,14842,347,,480.0,1.0,Urban,N
LP007501,Male,,3+,Graduate,Yes,17277,1423,185.0,180.0,1.0,Urban,Y
LP007502,Female,Yes,0,Graduate,No,1635,231,107.0,360.0,,Urban,N
LP007503,Male,No,2,Graduate,No,9282,643,79.0,240.0,1.0,Semiurban,Y
LP007504,Male,Yes,0,Graduate,No,11910,484,113.0,360.0,1.0,Urban,Y
LP007505,Male,Yes,0,Graduate,No,18966,132,216.0,360.0,1.0,Semiurban,Y
LP007506,Female,Yes,0,Graduate,No,13089,1459,174.0,180.0,1.0,Semiurban,N
LP007507,Male,Yes,1,Not Graduate,No,17450,842,143.0,360.0,1.0,Rural,Y
LP007508,Male,Yes,0,Graduate,No,4635,1150,101.0,360.0,1.0,Semiurban,N
LP007509,Female,Yes,1,Graduate,No,3770,2969,163.0,240.0,1.0,Urban,Y
LP007510,Female,No,2,Graduate,No,5184,1106,159.0,240.0,1.0,Semiurban,Y
LP007511,Female,Yes,0,Graduate,No,46955,735,172.0,360.0,0.0,Rural,N
LP007512,Female,Yes,0,Not Graduate,No,4844,3318,275.0,360.0,1.0,Rural,N
LP007513,Male,Yes,0,Not Graduate,No,7108,741,174.0,360.0,1.0,Urban,Y
LP007514,Male,Yes,3+,Graduate,No,14532,598,,120.0,1.0,Urban,Y
LP007515,Female,Yes,0,Graduate,No,3739,2449,80.0,180.0,1.0,Rural,Y
LP007516,Female,No,1,Graduate,No,6648,430,122.0,360.0,,Semiurban,N
LP007517,Male,No,0,Graduate,,22958,4450,127.0,,0.0,Rural,Y
LP007518,Male,Yes,2,Graduate,No,9410,1329,191.0,120.0,1.0,Rural,N
LP007519,Female,No,0,Graduate,No,51368,7206,119.0,360.0,1.0,Semiurban,Y
LP007520,Male,Yes,1,Graduate,No,3432,1020,100.0,240.0,1.0,Rural,Y
LP007521,Male,Yes,1,Graduate,No,10132,3421,176.0,480.0,1.0,Urban,N
LP007522,Male,Yes,2,Graduate,No,9412,153,119.0,180.0,1.0,Urban,N
LP007523,Male,Yes,0,Graduate,No,13264,5107,178.0,180.0,0.0,Urban,Y
LP007524,Female,No,1,Not Graduate,No,5006,2507,107.0,360.0,0.0,Urban,Y
LP007525,Male,Yes,0,Graduate,,8396,505,126.0,360.0,0.0,Urban,N
LP007526,Female,,3+,Graduate,Yes,25116,3096,120.0,240.0,1.0,Semiurban,Y
LP007527,Male,No,1,Graduate,No,10769,239,170.0,300.0,1.0,Semiurban,Y
LP007528,Male,No,1,Graduate,No,5677,603,142.0,300.0,1.0,Semiurban,Y
LP007529,Female,No,1,Graduate,No,70547,394,88.0,360.0,1.0,Semiurban,Y
LP007530,Male,Yes,0,Graduate,No,13894,3307,84.0,240.0,1.0,Urban,Y
LP007531,Male,Yes,0,Graduate,No,21822,4904,134.0,180.0,1.0,Rural,Y
LP007532,Male,Yes,1,Graduate,No,24620,639,79.0,300.0,1.0,Urban,Y
LP007533,Male,Yes,3+,Graduate,No,12624,238,129.0,480.0,1.0,Urban,Y
LP007534,Male,,0,Not Graduate,Yes,7102,339,162.0,300.0,1.0,Urban,Y
LP007535,Female,No,2,Graduate,Yes,15667,1224,90.0,360.0,1.0,Semiurban,Y
LP007536,Female,No,0,Graduate,No,7630,1135,192.0,360.0,1.0,Urban,Y
LP007537,Female,Yes,3+,Graduate,No,17984,729,219.0,360.0,1.0,Rural,Y
LP007538,Male,No,0,Graduate,Yes,11714,405,204.0,360.0,1.0,Urban,N
LP007539,Male,No,0,Graduate,No,30440,7739,,360.0,1.0,Rural,Y
LP007540,Male,Yes,1,Graduate,No,5360,521,171.0,300.0,1.0,Semiurban,Y
LP007541,Male,Yes,2,Not Graduate,No,23737,403,161.0,180.0,1.0,Rural,Y
LP007542,Male,No,2,Graduate,No,21829,4345,168.0,,0.0,Semiurban,Y
LP007543,Male,Yes,1,Graduate,No,11034,781,119.0,,1.0,Semiurban,Y
LP007544,Female,No,1,Graduate,No,23960,2026,148.0,360.0,0.0,Rural,Y
LP007545,Male,Yes,0,Graduate,No,18678,383,157.0,360.0,1.0,Urban,Y
LP007546,Male,No,0,Not Graduate,No,22781,2012,182.0,480.0,,Semiurban,Y
LP007547,Female,No,0,Graduate,No,21651,2649,70.0,360.0,1.0,Urban,Y
LP007548,Male,Yes,1,Graduate,No,13906,287,160.0,120.0,1.0,Rural,Y
LP007549,Female,No,1,Not Graduate,Yes,8291,577,203.0,300.0,0.0,Semiurban,N
LP007550,Female,Yes,2,Graduate,No,8215,370,119.0,240.0,1.0,Urban,Y
LP007551,Female,Yes,2,Graduate,,11251,581,144.0,360.0,1.0,Urban,N
LP007552,Male,Yes,0,Graduate,No,26226,7489,56.0,240.0,0.0,Rural,Y
LP007553,Female,Yes,2,Graduate,No,22154,1492,153.0,360.0,1.0,Urban,Y
LP007554,Male,No,0,Not Graduate,No,29875,11357,75.0,360.0,0.0,Urban,Y
LP007555,,No,2,Graduate,No,32371,6498,122.0,180.0,1.0,Semiurban,Y
LP007556,Male,Yes,0,Graduate,No,11230,4260,147.0,,1.0,Rural,Y
LP007557,,Yes,2,Graduate,No,64211,6280,119.0,360.0,1.0,Urban,Y
LP007558,,Yes,1,Graduate,No,12293,4411,141.0,360.0,1.0,Rural,Y
LP007559,Male,Yes,1,Graduate,No,8999,8479,168.0,360.0,1.0,Urban,Y
LP007560,Female,No,1,Graduate,Yes,17442,2108,148.0,180.0,0.0,Urban,Y
LP007561,Female,Yes,0,Graduate,No,19672,2498,157.0,240.0,0.0,Rural,N
LP007562,Female,Yes,0,Graduate,No,7381,2415,56.0,480.0,1.0,Semiurban,Y
LP007563,Male,Yes,1,Graduate,No,11767,647,142.0,360.0,1.0,Semiurban,Y
LP007564,Female,Yes,2,Graduate,No,9343,3027,38.0,480.0,1.0,Semiurban,Y
LP007565,,,0,Not Graduate,No,14961,4961,130.0,300.0,1.0,Semiurban,Y
LP007566,Female,Yes,0,Not Graduate,,25252,533,242.0,300.0,1.0,Semiurban,Y
LP007567,Female,Yes,1,Not Graduate,No,10799,392,196.0,240.0,,Urban,Y
LP007568,Male,No,1,Graduate,No,21124,566,78.0,360.0,1.0,Semiurban,Y
LP007569,Female,No,1,Graduate,No,4398,5586,122.0,360.0,1.0,Rural,N
LP007570,Male,No,2,Not Graduate,,27223,825,141.0,240.0,,Rural,Y
LP007571,Male,No,1,Not Graduate,No,9295,291,175.0,180.0,1.0,Semiurban,N
LP007572,Male,No,0,Graduate,,9163,315,192.0,360.0,1.0,Urban,Y
LP007573,Male,Yes,,Graduate,No,18403,370,231.0,360.0,0.0,Urban,N
LP007574,Female,Yes,1,Graduate,No,19193,466,102.0,360.0,1.0,Rural,Y
LP007575,Male,,1,Not Graduate,No,12211,204,160.0,360.0,0.0,Urban,Y
LP007576,Male,No,0,Not Graduate,Yes,6561,2268,61.0,300.0,0.0,Urban,N
LP007577,Male,Yes,3+,Not Graduate,No,9102,873,170.0,240.0,1.0,Rural,Y
LP007578,Female,Yes,0,Graduate,No,14417,2082,174.0,360.0,1.0,Rural,Y
LP007579,Female,Yes,1,Graduate,No,19769,69,151.0,360.0,1.0,Semiurban,Y
LP007580,Female,No,0,Graduate,No,6916,3971,182.0,240.0,1.0,Semiurban,Y
LP007581,,,2,Not Graduate,Yes,8005,993,106.0,360.0,1.0,Urban,Y
LP007582,Male,Yes,2,Not Graduate,No,16487,1998,84.0,300.0,1.0,Rural,Y
LP007583,Male,Yes,0,Graduate,No,12499,6806,102.0,360.0,1.0,Rural,Y
LP007584,Male,No,3+,Graduate,No,15020,1705,168.0,120.0,1.0,Rural,N
LP007585,Male,Yes,0,Graduate,No,1649,13820,215.0,300.0,1.0,Semiurban,Y
LP007586,Female,Yes,1,Graduate,No,10551,114,107.0,300.0,1.0,Urban,N
LP007587,Male,Yes,2,Graduate,Yes,26439,749,115.0,240.0,1.0,Semiurban,Y
LP007588,Female,Yes,2,Not Graduate,No,8162,125,155.0,300.0,1.0,Semiurban,N
LP007589,Male,Yes,3+,Not Graduate,Yes,19716,1599,322.0,240.0,1.0,Urban,Y
LP007590,Male,Yes,2,Graduate,No,5079,1202,127.0,240.0,1.0,Urban,N
LP007591,Male,Yes,3+,Graduate,No,3826,295,198.0,480.0,1.0,Rural,Y
LP007592,Female,No,0,Graduate,Yes,18662,14886,141.0,360.0,1.0,Rural,Y
LP007593,Female,Yes,0,Graduate,No,12790,712,122.0,300.0,1.0,Urban,Y
LP007594,Female,Yes,1,Not Graduate,No,10211,77,83.0,360.0,1.0,Rural,N
LP007595,Male,No,2,Not Graduate,No,26296,2480,134.0,300.0,1.0,Urban,Y
LP007596,Female,No,1,Graduate,No,10410,2527,192.0,360.0,1.0,Rural,Y
LP007597,Male,Yes,0,Graduate,No,8053,616,106.0,120.0,1.0,Semiurban,N
LP007598,Male,Yes,2,Graduate,No,7386,2824,154.0,240.0,1.0,Semiurban,Y
LP007599,Female,No,3+,Graduate,No,6236,350,107.0,480.0,1.0,Rural,Y
LP007600,Male,No,1,Graduate,No,19405,664,129.0,180.0,1.0,Semiurban,Y
LP007601,Female,Yes,0,Graduate,,10407,1758,74.0,180.0,1.0,Rural,N
LP007602,Male,Yes,0,Not Graduate,No,33323,3324,265.0,300.0,1.0,Urban,Y
LP007603,,Yes,0,Graduate,No,1259,837,165.0,240.0,1.0,Urban,N
LP007604,Female,Yes,1,Not Graduate,Yes,27952,614,133.0,360.0,1.0,Urban,Y
LP007605,Male,Yes,,Graduate,No,17813,1043,214.0,480.0,,Rural,Y
LP007606,Female,Yes,0,Not Graduate,No,12423,94,145.0,180.0,1.0,Semiurban,Y
LP007607,Male,Yes,1,Not Graduate,No,4754,784,172.0,300.0,1.0,Rural,N
LP007608,Female,Yes,1,Graduate,No,3540,101,228.0,360.0,1.0,Semiurban,Y
LP007609,Male,Yes,0,Graduate,No,24364,399,223.0,240.0,1.0,Urban,Y
LP007610,Male,Yes,1,Not Graduate,No,16215,198,92.0,360.0,1.0,Urban,Y
LP007611,Male,Yes,2,Graduate,No,15971,2067,150.0,300.0,0.0,Semiurban,Y
LP007612,,Yes,2,Graduate,No,12308,456,213.0,360.0,1.0,Rural,Y
LP007613,Female,No,1,Not Graduate,No,26366,4843,95.0,360.0,1.0,Urban,Y
LP007614,Male,Yes,,Graduate,Yes,8360,119,137.0,300.0,1.0,Semiurban,Y
LP007615,Male,No,0,Graduate,No,10207,818,135.0,300.0,1.0,Rural,Y
LP007616,Male,Yes,0,Graduate,,11599,1213,175.0,180.0,1.0,Urban,N
LP007617,Male,Yes,0,Graduate,No,11260,1974,190.0,300.0,1.0,Semiurban,Y
LP007618,,Yes,0,Graduate,No,38919,14534,207.0,360.0,1.0,Semiurban,Y
LP007619,Female,No,0,Graduate,No,4897,103,154.0,360.0,1.0,Urban,Y
LP007620,Male,Yes,0,Graduate,No,2797,441,97.0,360.0,1.0,Semiurban,Y
LP007621,Female,Yes,,Graduate,No,4174,12044,132.0,360.0,1.0,Semiurban,Y
LP007622,Male,Yes,1,Graduate,No,23084,363,97.0,360.0,0.0,Semiurban,N
LP007623,Male,No,0,Graduate,No,12324,1863,115.0,240.0,1.0,Urban,Y
LP007624,Female,No,0,Not Graduate,No,3718,355,185.0,360.0,,Urban,Y
LP007625,Male,Yes,1,Graduate,No,14468,205,78.0,,1.0,Rural,Y
LP007626,Female,,0,Not Graduate,No,10309,412,122.0,120.0,1.0,Semiurban,Y
LP007627,Female,Yes,1,Graduate,No,20901,11768,194.0,300.0,1.0,Semiurban,Y
LP007628,Male,Yes,2,Graduate,No,25220,270,184.0,480.0,1.0,Rural,Y
LP007629,Female,Yes,0,Graduate,Yes,100160,766,109.0,480.0,1.0,Semiurban,Y
LP007630,Female,No,0,Graduate,,5188,807,105.0,300.0,0.0,Urban,N
LP007631,Male,No,0,Graduate,No,3010,3293,228.0,360.0,1.0,Semiurban,N
LP007632,Female,Yes,0,Graduate,No,21403,4249,168.0,120.0,0.0,Semiurban,Y
LP007633,Male,Yes,3+,Not Graduate,No,29418,1248,109.0,240.0,1.0,Semiurban,Y
LP007634,Female,Yes,0,Graduate,No,4814,23,,360.0,1.0,Urban,N
LP007635,,Yes,1,Graduate,No,4818,377,204.0,360.0,0.0,Rural,N
LP007636,Male,Yes,2,Not Graduate,No,17597,260,105.0,,1.0,Semiurban,Y
LP007637,Male,Yes,0,Graduate,No,52658,4404,104.0,360.0,1.0,Semiurban,Y
LP007638,Female,Yes,0,Graduate,Yes,6625,363,161.0,300.0,1.0,Rural,N
LP007639,Male,Yes,2,Graduate,No,14323,8268,82.0,480.0,1.0,Urban,Y
LP007640,Male,No,2,Graduate,No,2923,1789,116.0,300.0,0.0,Rural,N
LP007641,Male,Yes,0,Graduate,No,11397,4280,128.0,480.0,1.0,Urban,N
LP007642,Male,Yes,0,Graduate,No,12198,16431,17.0,180.0,1.0,Urban,Y
LP007643,Male,Yes,2,Graduate,No,43218,353,154.0,360.0,1.0,Urban,Y
LP007644,Male,Yes,0,Not Graduate,No,7590,156,180.0,300.0,1.0,Semiurban,N
LP007645,Male,No,0,Graduate,Yes,23135,1372,247.0,,1.0,Urban,Y
LP007646,Female,No,0,Graduate,No,7205,3445,179.0,180.0,1.0,Urban,Y
LP007647,Male,Yes,0,Graduate,Yes,14360,493,98.0,180.0,1.0,Urban,Y
LP007648,Male,No,0,Not Graduate,Yes,70393,1145,127.0,180.0,1.0,Urban,Y
LP007649,Male,Yes,1,Graduate,No,56077,4724,243.0,300.0,1.0,Urban,Y
LP007650,Male,No,2,Graduate,No,64116,4195,172.0,300.0,1.0,Urban,Y
LP007651,Male,Yes,1,Graduate,No,18362,545,202.0,300.0,0.0,Urban,Y
LP007652,Male,Yes,0,Graduate,No,11291,1518,121.0,300.0,1.0,Urban,Y
LP007653,Male,Yes,1,Graduate,No,16779,356,139.0,300.0,0.0,Rural,Y
LP007654,Female,No,2,Graduate,No,19396,192,146.0,360.0,1.0,Semiurban,Y
LP007655,Female,Yes,0,Graduate,No,18241,5596,196.0,360.0,,Rural,Y
LP007656,Female,No,0,Not Graduate,,7561,84,128.0,300.0,1.0,Urban,Y
LP007657,Female,Yes,0,Graduate,No,7322,1379,180.0,300.0,1.0,Rural,N
LP007658,Female,No,0,Not Graduate,Yes,8291,703,149.0,360.0,,Semiurban,N
LP007659,Male,Yes,3+,Graduate,No,31453,2118,89.0,300.0,1.0,Urban,Y
LP007660,Female,No,1,Graduate,No,34311,482,149.0,300.0,1.0,Semiurban,Y
LP007661,Male,Yes,0,Not Graduate,No,170543,4315,205.0,300.0,1.0,Urban,Y
LP007662,Female,Yes,2,Not Graduate,No,18779,839,150.0,240.0,0.0,Semiurban,Y
LP007663,Female,,0,Graduate,No,7109,6258,133.0,300.0,1.0,Urban,N
LP007664,Male,No,0,Graduate,No,9107,1425,221.0,360.0,1.0,Semiurban,Y
LP007665,Male,Yes,0,Not Graduate,No,11778,311,169.0,300.0,1.0,Semiurban,N
LP007666,Male,Yes,1,Graduate,No,44578,2102,80.0,240.0,1.0,Rural,Y
LP007667,Female,Yes,0,Graduate,Yes,24013,1810,135.0,360.0,1.0,Urban,Y
LP007668,Female,Yes,0,Graduate,Yes,4548,964,163.0,360.0,1.0,Semiurban,Y
LP007669,Female,Yes,0,Graduate,No,12765,446,161.0,120.0,1.0,Urban,Y
LP007670,Male,Yes,0,Graduate,No,4116,3080,175.0,360.0,1.0,Rural,Y
LP007671,Female,Yes,1,Graduate,No,21460,344,141.0,480.0,1.0,Semiurban,Y
LP007672,Male,No,2,Graduate,Yes,7589,390,139.0,180.0,1.0,Rural,Y
LP007673,Female,No,2,Not Graduate,No,8192,2065,150.0,360.0,,Urban,N
LP007674,Male,Yes,1,Graduate,No,2972,851,,180.0,0.0,Semiurban,N
LP007675,Male,Yes,3+,Graduate,Yes,24476,103,115.0,480.0,1.0,Semiurban,Y
LP007676,Male,Yes,0,Graduate,No,35134,345,146.0,360.0,1.0,Semiurban,Y
LP007677,Female,Yes,0,Not Graduate,No,7674,1784,162.0,360.0,1.0,Rural,Y
LP007678,Female,Yes,1,Graduate,No,11735,793,123.0,180.0,1.0,Urban,Y
LP007679,Male,,0,Graduate,No,9104,971,173.0,180.0,1.0,Semiurban,Y
LP007680,Male,Yes,1,Not Graduate,No,11219,1501,167.0,480.0,1.0,Urban,N
LP007681,Female,Yes,0,Not Graduate,No,6934,1896,46.0,480.0,0.0,Semiurban,Y
LP007682,Male,No,0,Graduate,No,5540,1260,151.0,240.0,1.0,Rural,N
LP007683,Female,No,1,Not Graduate,Yes,39930,20,220.0,300.0,1.0,Semiurban,Y
LP007684,Male,Yes,3+,Graduate,No,1616,1026,224.0,120.0,1.0,Rural,Y
LP007685,Male,Yes,0,Graduate,No,19996,590,184.0,480.0,1.0,Semiurban,Y
LP007686,Female,No,0,Graduate,,16758,1137,213.0,480.0,0.0,Rural,Y
LP007687,Female,Yes,2,Graduate,No,50168,3949,142.0,180.0,1.0,Rural,Y
LP007688,Male,No,0,Graduate,No,11057,302,178.0,300.0,1.0,Semiurban,Y
LP007689,Male,No,0,Graduate,Yes,9926,1193,158.0,480.0,1.0,Semiurban,Y
LP007690,Female,No,0,Graduate,No,6996,1943,183.0,180.0,1.0,Semiurban,Y
LP007691,Male,Yes,2,Not Graduate,No,17755,756,242.0,360.0,1.0,Rural,N
LP007692,Female,Yes,2,Not Graduate,No,7581,227,200.0,240.0,1.0,Semiurban,N
LP007693,Male,No,1,Graduate,No,5415,258,132.0,180.0,1.0,Urban,Y
LP007694,Male,Yes,0,Not Graduate,No,7408,1052,229.0,180.0,1.0,Semiurban,N
LP007695,Female,Yes,0,Not Graduate,No,6263,520,,360.0,1.0,Semiurban,N
LP007696,Female,Yes,0,Graduate,No,5974,108,182.0,180.0,1.0,Urban,Y
LP007697,,Yes,3+,Not Graduate,No,14303,420,138.0,120.0,1.0,Urban,N
LP007698,Female,No,1,Not Graduate,No,11434,230,186.0,360.0,1.0,Urban,Y
LP007699,Male,Yes,0,Graduate,No,20736,2692,,360.0,1.0,Semiurban,Y
LP007700,Male,No,1,Not Graduate,No,15029,184,206.0,360.0,1.0,Semiurban,N
LP007701,Female,No,1,Graduate,No,5104,6029,124.0,360.0,1.0,Urban,Y
LP007702,Female,Yes,3+,Graduate,No,2445,14642,197.0,120.0,1.0,Semiurban,Y
LP007703,Female,Yes,2,Not Graduate,No,5739,450,28.0,120.0,1.0,Urban,N
LP007704,Male,No,0,Not Graduate,No,24612,525,119.0,360.0,,Urban,Y
LP007705,Male,Yes,2,Graduate,No,24170,3403,82.0,360.0,1.0,Urban,Y
LP007706,Male,No,1,Graduate,No,29370,4027,166.0,360.0,0.0,Semiurban,Y
LP007707,Male,No,0,Graduate,No,26117,607,198.0,,1.0,Urban,Y
LP007708,,Yes,1,Graduate,No,31879,646,149.0,360.0,1.0,Rural,Y
LP007709,Male,No,1,Graduate,,18491,653,217.0,180.0,1.0,Semiurban,Y
LP007710,Female,Yes,0,Graduate,No,56520,394,,360.0,0.0,Rural,Y
LP007711,Male,Yes,1,Not Graduate,No,16897,3274,79.0,240.0,1.0,Semiurban,Y
LP007712,Male,No,1,Graduate,No,66132,1321,186.0,480.0,1.0,Rural,Y
LP007713,,No,0,Graduate,No,8094,459,208.0,300.0,1.0,Rural,Y
LP007714,Male,Yes,0,Graduate,Yes,7930,1185,155.0,300.0,,Urban,Y
LP007715,Male,Yes,1,Graduate,Yes,11453,696,241.0,240.0,1.0,Urban,Y
LP007716,Female,Yes,0,Graduate,No,12965,22118,175.0,360.0,0.0,Semiurban,Y
LP007717,Male,Yes,2,Graduate,No,10332,813,169.0,180.0,1.0,Semiurban,Y
LP007718,Female,Yes,0,Graduate,No,20572,2665,128.0,180.0,1.0,Semiurban,Y
LP007719,Male,Yes,0,Graduate,No,12309,1847,84.0,360.0,1.0,Rural,Y
LP007720,Female,Yes,0,Graduate,No,8219,915,136.0,480.0,1.0,Semiurban,Y
LP007721,Male,No,1,Graduate,No,9732,1859,229.0,360.0,1.0,Semiurban,N
LP007722,Female,Yes,1,Graduate,No,35386,1411,159.0,240.0,1.0,Semiurban,Y
LP007723,Male,Yes,1,Graduate,No,17218,21679,130.0,300.0,0.0,Urban,Y
LP007724,Female,No,0,Not Graduate,No,3494,976,104.0,240.0,0.0,Rural,N
LP007725,Female,No,2,Graduate,No,44734,48,176.0,360.0,1.0,Rural,Y
LP007726,Male,No,0,Not Graduate,No,18897,15166,93.0,240.0,1.0,Rural,Y
LP007727,,Yes,0,Graduate,No,22276,594,167.0,360.0,1.0,Urban,Y
LP007728,Male,Yes,0,Graduate,No,28092,1216,126.0,360.0,1.0,Urban,Y
LP007729,Female,Yes,0,Graduate,No,29277,571,136.0,360.0,0.0,Urban,Y
LP007730,Male,Yes,0,Not Graduate,No,6404,534,182.0,360.0,1.0,Semiurban,Y
LP007731,Male,Yes,0,Graduate,No,5675,286,102.0,480.0,1.0,Urban,Y
LP007732,Male,Yes,,Graduate,No,90864,99,150.0,,1.0,Semiurban,Y
LP007733,Male,Yes,2,Graduate,No,7642,463,73.0,360.0,1.0,Rural,Y
LP007734,Female,Yes,0,Graduate,Yes,18086,2032,144.0,360.0,1.0,Rural,Y
LP007735,Male,Yes,2,Not Graduate,No,49274,152,174.0,180.0,1.0,Semiurban,Y
LP007736,Female,Yes,1,Not Graduate,Yes,9369,2011,,480.0,1.0,Semiurban,N
LP007737,Female,Yes,0,Graduate,No,10015,17742,206.0,360.0,1.0,Urban,Y
LP007738,Male,Yes,1,Graduate,No,28033,1547,182.0,120.0,1.0,Semiurban,Y
LP007739,Female,Yes,1,Graduate,No,15840,206,129.0,360.0,1.0,Semiurban,Y
LP007740,Male,Yes,0,Not Graduate,No,19852,1777,59.0,,1.0,Urban,Y
LP007741,Female,Yes,3+,Graduate,No,12527,3460,199.0,240.0,1.0,Semiurban,Y
LP007742,Male,Yes,1,Not Graduate,No,8768,5245,123.0,300.0,1.0,Urban,N
LP007743,Female,Yes,2,Graduate,Yes,10235,1373,77.0,300.0,1.0,Semiurban,Y
LP007744,Male,No,2,Graduate,No,34723,2264,243.0,360.0,1.0,Urban,Y
LP007745,Male,Yes,0,Graduate,,10546,3041,146.0,360.0,1.0,Rural,Y
LP007746,Male,Yes,0,Not Graduate,No,18825,2259,174.0,360.0,1.0,Urban,Y
LP007747,Male,No,0,Graduate,No,6154,1606,161.0,360.0,1.0,Semiurban,Y
LP007748,Female,Yes,2,Not Graduate,No,68338,509,149.0,300.0,1.0,Urban,Y
LP007749,Male,Yes,2,Graduate,No,17241,3447,130.0,120.0,1.0,Rural,Y
LP007750,Female,Yes,1,Graduate,No,17530,576,120.0,300.0,1.0,Rural,Y
LP007751,Male,No,0,Graduate,No,28029,24908,261.0,120.0,1.0,Urban,Y
LP007752,Female,Yes,0,Graduate,No,9093,508,77.0,360.0,1.0,Urban,N
LP007753,Male,Yes,2,Graduate,No,34717,2872,128.0,360.0,1.0,Semiurban,Y
LP007754,Male,Yes,3+,Graduate,No,3971,236,105.0,480.0,1.0,Rural,Y
LP007755,Male,,0,Graduate,No,8171,618,175.0,240.0,1.0,Rural,N
LP007756,Female,Yes,0,Graduate,No,7037,540,129.0,360.0,,Rural,Y
LP007757,Male,No,0,Graduate,No,2967,212,125.0,240.0,1.0,Rural,Y
LP007758,Female,Yes,0,Graduate,No,8752,550,,360.0,1.0,Semiurban,N
LP007759,Female,Yes,2,Graduate,No,12815,1689,246.0,300.0,1.0,Urban,Y
LP007760,Male,Yes,1,Graduate,Yes,5586,814,108.0,360.0,1.0,Rural,Y
LP007761,Female,Yes,1,Graduate,No,4976,4589,72.0,360.0,1.0,Semiurban,Y
LP007762,Male,No,1,Graduate,No,13806,358,153.0,360.0,0.0,Semiurban,N
LP007763,Male,Yes,0,Not Graduate,No,12531,2532,191.0,300.0,1.0,Semiurban,N
LP007764,Female,Yes,0,Graduate,No,10801,538,,180.0,1.0,Rural,Y
LP007765,Female,Yes,2,Graduate,No,4851,4251,181.0,300.0,0.0,Urban,N
LP007766,Female,Yes,1,Graduate,No,9743,2807,122.0,300.0,0.0,Rural,N
LP007767,Male,Yes,0,Not Graduate,No,7839,3698,269.0,360.0,1.0,Rural,Y
LP007768,Male,No,0,Graduate,No,14309,903,180.0,240.0,1.0,Urban,N
LP007769,Male,Yes,0,Not Graduate,No,8543,5405,125.0,240.0,1.0,Rural,N
LP007770,Female,No,0,Graduate,No,12951,149,,360.0,1.0,Semiurban,Y
LP007771,Male,No,1,Graduate,No,4681,1873,163.0,360.0,1.0,Semiurban,N
LP007772,Female,,1,Graduate,No,4370,1294,183.0,300.0,1.0,Semiurban,N
LP007773,Male,Yes,1,Graduate,No,20869,2983,84.0,180.0,1.0,Urban,Y
LP007774,Male,Yes,2,Graduate,No,24643,1001,150.0,300.0,1.0,Semiurban,Y
LP007775,Male,No,1,Graduate,No,9757,336,187.0,300.0,1.0,Rural,Y
LP007776,Male,No,,Not Graduate,No,13658,295,166.0,360.0,0.0,Semiurban,N
LP007777,Male,No,0,Graduate,No,9322,1081,181.0,360.0,1.0,Semiurban,Y
LP007778,Female,Yes,2,Graduate,,32137,802,224.0,480.0,1.0,Urban,Y
LP007779,Female,Yes,1,Not Graduate,No,11356,3066,,300.0,,Urban,N
LP007780,Male,No,0,Not Graduate,No,8963,3444,160.0,360.0,1.0,Semiurban,Y
LP007781,,Yes,1,Graduate,No,28941,1161,32.0,300.0,1.0,Urban,Y
LP007782,Male,Yes,1,Graduate,No,7192,1130,147.0,300.0,1.0,Semiurban,N
LP007783,Female,Yes,2,Graduate,No,15142,3934,214.0,,1.0,Urban,Y
LP007784,Male,Yes,3+,Graduate,No,5774,817,143.0,360.0,0.0,Semiurban,N
LP007785,,Yes,1,Graduate,No,22734,858,103.0,480.0,1.0,Semiurban,Y
LP007786,Male,Yes,2,Graduate,No,25650,224,191.0,360.0,0.0,Urban,Y
LP007787,Male,Yes,0,Graduate,No,4764,3147,156.0,240.0,0.0,Semiurban,Y
LP007788,Female,Yes,1,Graduate,No,4206,984,159.0,360.0,,Semiurban,N
LP007789,Male,Yes,2,Graduate,No,16828,4290,257.0,360.0,1.0,Urban,Y
LP007790,Male,Yes,1,Graduate,Yes,63111,257,74.0,360.0,,Urban,Y
LP007791,Male,No,1,Graduate,No,27096,608,118.0,180.0,1.0,Rural,Y
LP007792,Male,Yes,2,Graduate,No,11272,3412,168.0,360.0,1.0,Urban,N
LP007793,Male,Yes,0,Graduate,Yes,6745,1622,210.0,360.0,1.0,Rural,Y
LP007794,Female,No,0,Not Graduate,No,5049,265,101.0,360.0,1.0,Urban,Y
LP007795,Female,No,1,Not Graduate,No,23710,3317,129.0,360.0,1.0,Urban,Y
LP007796,,Yes,2,Not Graduate,No,27951,229,146.0,300.0,1.0,Urban,Y
LP007797,Female,Yes,2,Graduate,Yes,8063,2961,142.0,240.0,1.0,Rural,N
LP007798,Male,Yes,1,Graduate,No,10966,338,184.0,480.0,1.0,Rural,Y
LP007799,Male,Yes,2,Graduate,No,13871,4692,147.0,360.0,1.0,Semiurban,Y
LP007800,Male,No,2,Graduate,No,56969,1255,,360.0,1.0,Rural,Y
LP007801,,No,0,Graduate,No,14074,1657,89.0,300.0,1.0,Semiurban,N
LP007802,Male,No,2,Graduate,No,6095,995,157.0,480.0,0.0,Rural,Y
LP007803,Female,Yes,0,Not Graduate,No,5295,1218,151.0,180.0,1.0,Urban,N
LP007804,Male,Yes,0,Graduate,No,6444,1211,192.0,,,Semiurban,Y
LP007805,Male,No,0,Graduate,No,36725,2557,275.0,300.0,1.0,Rural,Y
LP007806,Male,Yes,0,Graduate,No,20140,1016,197.0,180.0,1.0,Semiurban,Y
LP007807,,Yes,0,Graduate,Yes,10133,6340,114.0,300.0,1.0,Rural,Y
LP007808,Female,No,0,Graduate,No,1286,453,181.0,360.0,1.0,Urban,N
LP007809,Male,Yes,0,Graduate,Yes,6754,3080,147.0,300.0,1.0,Urban,Y
LP007810,Male,Yes,0,Not Graduate,No,17591,2158,133.0,300.0,1.0,Semiurban,Y
LP007811,,No,1,Not Graduate,No,17707,4817,123.0,360.0,1.0,Semiurban,Y
LP007812,Male,Yes,2,Graduate,No,17584,1267,120.0,360.0,1.0,Semiurban,Y
LP007813,Male,Yes,2,Not Graduate,Yes,4546,1628,92.0,360.0,1.0,Urban,N
LP007814,Male,Yes,2,Graduate,No,15391,1606,85.0,240.0,1.0,Semiurban,Y
LP007815,Male,Yes,1,Graduate,No,6119,254,182.0,240.0,1.0,Rural,Y
LP007816,Male,Yes,,Graduate,Yes,13379,1759,132.0,,1.0,Semiurban,N
LP007817,Male,Yes,0,Graduate,No,7228,55486,159.0,180.0,1.0,Urban,Y
LP007818,,Yes,0,Graduate,No,31456,7562,106.0,240.0,1.0,Semiurban,Y
LP007819,Female,No,,Graduate,No,17500,430,178.0,360.0,1.0,Rural,N
LP007820,Male,Yes,1,Graduate,No,11913,126,114.0,,0.0,Urban,N
LP007821,Male,No,2,Graduate,No,40307,1167,83.0,180.0,1.0,Semiurban,Y
LP007822,Male,Yes,1,Graduate,No,9917,4023,228.0,360.0,1.0,Semiurban,N
LP007823,,Yes,0,Graduate,No,4306,1046,160.0,300.0,1.0,Urban,Y
LP007824,Female,Yes,,Graduate,No,31091,10583,134.0,360.0,1.0,Urban,Y
LP007825,Male,Yes,1,Graduate,No,16346,429,140.0,480.0,1.0,Semiurban,Y
LP007826,Female,No,2,Graduate,No,10353,1436,132.0,240.0,1.0,Urban,Y
LP007827,Female,Yes,2,Graduate,No,7982,962,174.0,120.0,1.0,Urban,Y
LP007828,Male,Yes,0,Graduate,No,20103,2637,,300.0,1.0,Semiurban,Y
LP007829,Male,Yes,0,Graduate,No,25614,2863,59.0,480.0,1.0,Urban,Y
LP007830,Male,Yes,0,Graduate,,7234,4565,155.0,360.0,1.0,Urban,Y
LP007831,Male,Yes,0,Not Graduate,No,20999,945,62.0,300.0,1.0,Semiurban,Y
LP007832,Male,Yes,0,Graduate,No,16325,4960,54.0,360.0,1.0,Rural,Y
LP007833,Male,Yes,1,Graduate,Yes,6880,1659,195.0,240.0,1.0,Semiurban,N
LP007834,Female,Yes,3+,Graduate,No,13401,5606,158.0,360.0,1.0,Urban,Y
LP007835,Male,Yes,2,Not Graduate,No,8627,6631,159.0,360.0,1.0,Semiurban,Y
LP007836,Male,Yes,2,Graduate,No,36035,1120,,360.0,1.0,Semiurban,Y
LP007837,Female,Yes,,Graduate,No,7949,488,219.0,300.0,0.0,Rural,N
LP007838,Female,Yes,0,Not Graduate,Yes,44671,1400,200.0,360.0,0.0,Rural,Y
LP007839,Male,No,1,Graduate,Yes,14840,3600,82.0,360.0,1.0,Urban,Y
LP007840,Female,No,0,Graduate,No,3306,180,144.0,480.0,1.0,Semiurban,Y
LP007841,Male,No,2,Graduate,No,2348,605,129.0,360.0,1.0,Rural,N
LP007842,Male,Yes,3+,Not Graduate,No,11306,2487,147.0,,0.0,Semiurban,N
LP007843,Male,No,0,Not Graduate,No,38828,49,204.0,300.0,1.0,Rural,Y
LP007844,Male,Yes,2,Graduate,No,35756,317,130.0,360.0,1.0,Semiurban,Y
LP007845,Female,No,0,Graduate,No,15260,525,199.0,360.0,1.0,Semiurban,Y
LP007846,Female,Yes,1,Graduate,No,7408,992,63.0,360.0,1.0,Urban,N
LP007847,Female,Yes,0,Graduate,Yes,9567,745,119.0,180.0,,Urban,N
LP007848,,Yes,0,Graduate,No,15770,762,129.0,360.0,1.0,Urban,Y
LP007849,,,2,Graduate,No,31883,222,122.0,300.0,1.0,Semiurban,Y
LP007850,Male,No,2,Graduate,No,21064,9170,151.0,360.0,1.0,Semiurban,Y
LP007851,,No,1,Not Graduate,No,28987,528,157.0,300.0,1.0,Rural,Y
LP007852,Female,No,1,Graduate,No,22358,111,161.0,300.0,1.0,Urban,Y
LP007853,,Yes,1,Graduate,No,28313,4282,194.0,240.0,1.0,Urban,Y
LP007854,,Yes,2,Not Graduate,No,2188,432,186.0,240.0,1.0,Urban,Y
LP007855,Male,,3+,Graduate,No,6541,256,,360.0,1.0,Rural,Y
LP007856,Male,No,2,Not Graduate,Yes,5520,2474,157.0,300.0,0.0,Rural,N
LP007857,Male,Yes,2,Graduate,No,5115,588,119.0,240.0,1.0,Semiurban,Y
LP007858,Male,No,1,Graduate,No,13419,1342,190.0,300.0,0.0,Urban,Y
LP007859,Male,Yes,1,Not Graduate,No,4197,512,214.0,240.0,1.0,Semiurban,N
LP007860,Male,,0,Graduate,Yes,6279,629,192.0,360.0,0.0,Rural,N
LP007861,Male,No,0,Graduate,No,12345,333,245.0,480.0,1.0,Rural,Y
LP007862,Male,Yes,2,Graduate,No,3703,255,,240.0,1.0,Semiurban,Y
LP007863,Male,Yes,2,Graduate,No,9054,70675,199.0,180.0,1.0,Rural,Y
LP007864,Female,Yes,,Graduate,No,22271,406,110.0,480.0,1.0,Semiurban,Y
LP007865,Male,No,1,Graduate,Yes,5012,189,148.0,300.0,1.0,Urban,N
LP007866,Female,Yes,0,Not Graduate,,25261,4257,184.0,240.0,1.0,Semiurban,Y
LP007867,Male,Yes,0,Not Graduate,No,7009,1509,164.0,,1.0,Urban,Y
LP007868,Male,Yes,1,Not Graduate,No,16602,1119,104.0,360.0,1.0,Semiurban,Y
LP007869,Male,Yes,1,Graduate,No,5513,610,103.0,180.0,1.0,Rural,Y
LP007870,Male,Yes,3+,Graduate,No,19200,673,59.0,240.0,1.0,Semiurban,Y
LP007871,Female,Yes,0,Not Graduate,Yes,10479,767,168.0,360.0,1.0,Semiurban,N
LP007872,Male,No,1,Graduate,Yes,19398,4289,98.0,240.0,1.0,Urban,Y
LP007873,Female,No,0,Graduate,No,8637,814,183.0,360.0,0.0,Urban,N
LP007874,Female,,3+,Graduate,No,20844,4327,,120.0,1.0,Urban,Y
LP007875,Male,No,2,Graduate,No,26305,1028,161.0,360.0,1.0,Semiurban,Y
LP007876,Male,Yes,1,Graduate,No,14702,857,169.0,300.0,0.0,Semiurban,Y
LP007877,Female,Yes,3+,Graduate,No,9103,321,200.0,300.0,1.0,Semiurban,Y
LP007878,Male,Yes,1,Graduate,No,11081,14381,,360.0,1.0,Rural,Y
LP007879,Female,Yes,0,Graduate,No,4859,1116,38.0,,1.0,Semiurban,Y
LP007880,Male,Yes,1,Not Graduate,No,15714,1095,185.0,180.0,1.0,Urban,Y
LP007881,Male,Yes,0,Graduate,No,21990,10205,174.0,360.0,1.0,Urban,Y
LP007882,Male,No,1,Graduate,No,46770,1807,164.0,,1.0,Semiurban,Y
LP007883,Male,Yes,3+,Graduate,No,38049,2064,173.0,300.0,1.0,Urban,Y
LP007884,Female,Yes,2,Graduate,No,6112,1178,134.0,240.0,1.0,Urban,N
LP007885,Male,Yes,0,Graduate,No,15830,433,30.0,,1.0,Semiurban,Y
LP007886,Female,Yes,0,Graduate,No,12011,4722,119.0,360.0,1.0,Urban,Y
LP007887,,Yes,0,Graduate,Yes,35397,200,58.0,360.0,1.0,Urban,Y
LP007888,Male,Yes,0,Graduate,No,7575,339,67.0,120.0,1.0,Urban,Y
LP007889,Male,No,0,Graduate,No,26969,431,203.0,360.0,1.0,Rural,Y
LP007890,Male,No,1,Not Graduate,No,6065,1482,122.0,180.0,1.0,Semiurban,Y
LP007891,Male,Yes,2,Graduate,No,12273,1075,163.0,360.0,1.0,Semiurban,Y
LP007892,Male,Yes,2,Graduate,No,6583,117,150.0,180.0,1.0,Semiurban,Y
LP007893,Female,No,0,Not Graduate,No,2773,17692,216.0,480.0,1.0,Rural,Y
LP007894,Male,Yes,,Graduate,No,6479,2729,,480.0,1.0,Urban,Y
LP007895,Male,Yes,0,Graduate,No,10872,608,120.0,240.0,1.0,Urban,Y
LP007896,Female,Yes,0,Graduate,No,41811,1844,224.0,120.0,1.0,Semiurban,Y
LP007897,Female,Yes,0,Graduate,No,5597,1875,125.0,180.0,0.0,Semiurban,N
LP007898,,No,0,Graduate,No,8228,737,170.0,360.0,1.0,Urban,Y
LP007899,Male,Yes,,Graduate,No,4220,1759,174.0,180.0,1.0,Rural,N
LP007900,Female,Yes,2,Graduate,No,33665,1784,87.0,360.0,1.0,Urban,Y
LP007901,Male,Yes,1,Not Graduate,No,9243,4063,196.0,360.0,1.0,Urban,N
LP007902,Male,Yes,2,Graduate,No,10191,1191,217.0,300.0,1.0,Semiurban,N
LP007903,Male,No,0,Graduate,,10115,1613,93.0,360.0,1.0,Rural,N
LP007904,Female,Yes,2,Graduate,Yes,2806,853,151.0,360.0,0.0,Urban,N
LP007905,Male,Yes,0,Graduate,No,4132,651,216.0,360.0,1.0,Urban,Y
LP007906,Female,No,0,Graduate,No,6238,435,68.0,240.0,1.0,Semiurban,Y
LP007907,Male,Yes,0,Not Graduate,Yes,21868,417,181.0,300.0,1.0,Urban,Y
LP007908,Female,Yes,0,Graduate,No,1809,627,87.0,180.0,1.0,Semiurban,Y
LP007909,Male,Yes,1,Not Graduate,No,20599,826,134.0,360.0,1.0,Semiurban,Y
LP007910,Male,Yes,3+,Graduate,No,17579,3666,139.0,300.0,1.0,Semiurban,Y
LP007911,Female,,2,Graduate,No,3127,695,91.0,480.0,1.0,Semiurban,Y
LP007912,Male,Yes,0,Graduate,No,10367,735,104.0,120.0,1.0,Urban,Y
LP007913,Male,Yes,1,Graduate,No,33897,772,146.0,360.0,1.0,Rural,Y
LP007914,Male,No,1,Graduate,Yes,5673,1035,218.0,360.0,1.0,Semiurban,Y
LP007915,Male,Yes,2,Graduate,No,8590,8415,174.0,300.0,1.0,Urban,Y
LP007916,Male,Yes,2,Graduate,Yes,121642,695,68.0,240.0,1.0,Urban,Y
LP007917,Female,Yes,1,Graduate,No,17339,2150,173.0,360.0,0.0,Rural,Y
LP007918,Male,,1,Graduate,No,10868,1668,152.0,480.0,1.0,Urban,Y
LP007919,Male,Yes,2,Graduate,No,9121,1181,118.0,120.0,1.0,Semiurban,N
LP007920,Male,No,0,Graduate,No,18005,347,128.0,240.0,1.0,Semiurban,Y
LP007921,Female,Yes,0,Graduate,No,23107,2055,174.0,300.0,1.0,Rural,Y
LP007922,Female,No,1,Graduate,No,2381,108,71.0,360.0,0.0,Urban,N
LP007923,Male,Yes,2,Not Graduate,No,2236,322,,360.0,1.0,Semiurban,Y
LP007924,Male,Yes,1,Graduate,No,6012,572,92.0,180.0,1.0,Semiurban,N
LP007925,Female,Yes,3+,Not Graduate,Yes,11812,837,110.0,180.0,0.0,Urban,N
LP007926,Male,No,0,Not Graduate,No,14192,1213,166.0,480.0,1.0,Rural,Y
LP007927,Female,Yes,1,Graduate,No,3419,5822,152.0,,1.0,Semiurban,Y
LP007928,Female,Yes,0,Graduate,No,11340,2336,183.0,300.0,1.0,Urban,Y
LP007929,Female,Yes,3+,Not Graduate,Yes,12613,1342,,360.0,1.0,Urban,Y
LP007930,Male,No,0,Not Graduate,No,6769,732,136.0,300.0,1.0,Urban,N
LP007931,Female,No,,Graduate,Yes,8711,742,144.0,240.0,1.0,Rural,N
LP007932,Female,Yes,0,Not Graduate,Yes,7471,281,68.0,240.0,1.0,Rural,Y
LP007933,Male,Yes,1,Not Graduate,No,19369,87,115.0,240.0,1.0,Semiurban,Y
LP007934,Male,Yes,2,Graduate,No,13433,237,148.0,300.0,1.0,Urban,Y
LP007935,Male,No,0,Not Graduate,No,5357,4469,166.0,180.0,1.0,Urban,Y
LP007936,Male,No,2,Graduate,No,28682,466,167.0,360.0,1.0,Urban,Y
LP007937,Male,Yes,3+,Graduate,Yes,4474,584,51.0,360.0,1.0,Semiurban,Y
LP007938,Male,Yes,0,Graduate,No,3393,3734,118.0,120.0,1.0,Rural,Y
LP007939,Male,No,,Graduate,No,10980,46,73.0,360.0,1.0,Semiurban,Y
LP007940,Male,No,0,Graduate,No,10936,542,149.0,360.0,1.0,Urban,Y
LP007941,Male,Yes,0,Graduate,No,14160,293,128.0,480.0,0.0,Semiurban,N
LP007942,Female,Yes,1,Graduate,Yes,5192,1559,118.0,360.0,,Rural,Y
LP007943,Female,Yes,2,Not Graduate,No,27295,2139,308.0,360.0,1.0,Rural,Y
LP007944,Male,Yes,,Graduate,No,52669,2181,97.0,,1.0,Urban,Y
LP007945,Male,Yes,0,Graduate,No,13130,6699,149.0,120.0,1.0,Semiurban,Y
LP007946,Male,Yes,3+,Graduate,No,17202,2131,173.0,360.0,1.0,Semiurban,Y
LP007947,Female,Yes,2,Graduate,No,2459,1478,167.0,360.0,1.0,Semiurban,Y
LP007948,Female,,0,Not Graduate,No,9434,20334,178.0,360.0,1.0,Urban,Y
LP007949,Female,Yes,1,Graduate,No,7655,85,167.0,360.0,1.0,Rural,N
LP007950,,Yes,0,Graduate,No,6724,15380,,120.0,1.0,Semiurban,Y
LP007951,Female,No,0,Graduate,No,7895,8869,150.0,180.0,1.0,Urban,Y
LP007952,Male,Yes,1,Graduate,No,8551,917,117.0,360.0,1.0,Urban,N
LP007953,Female,,1,Graduate,No,4171,469,112.0,300.0,1.0,Rural,Y
LP007954,Male,Yes,0,Graduate,No,9046,497,,300.0,1.0,Urban,Y
LP007955,Female,No,2,Graduate,No,5806,775,189.0,300.0,0.0,Semiurban,N
LP007956,Male,No,0,Graduate,No,25101,4608,205.0,,1.0,Urban,Y
LP007957,Female,Yes,1,Graduate,No,17400,56,120.0,180.0,1.0,Urban,Y
LP007958,Female,No,0,Graduate,No,17419,12230,146.0,360.0,1.0,Semiurban,Y
LP007959,Male,Yes,,Graduate,No,29185,1095,229.0,300.0,1.0,Rural,Y
LP007960,Male,No,0,Not Graduate,No,6897,4501,206.0,360.0,1.0,Rural,N
LP007961,Female,Yes,1,Graduate,No,16577,250,194.0,180.0,1.0,Urban,Y
LP007962,Male,Yes,1,Graduate,No,31450,2613,163.0,360.0,1.0,Urban,Y
LP007963,Male,Yes,0,Not Graduate,Yes,6522,1744,118.0,120.0,1.0,Semiurban,N
LP007964,Male,Yes,0,Not Graduate,No,2635,2157,124.0,360.0,0.0,Semiurban,Y
LP007965,Male,Yes,1,Graduate,No,7688,478,161.0,240.0,0.0,Rural,Y
LP007966,Male,No,0,Graduate,No,28716,692,171.0,300.0,,Semiurban,Y
LP007967,Male,No,1,Graduate,No,6232,249,101.0,360.0,,Rural,Y
LP007968,Male,Yes,1,Not Graduate,Yes,9208,2743,212.0,480.0,1.0,Urban,N
LP007969,Male,Yes,1,Graduate,Yes,7159,5492,220.0,300.0,1.0,Semiurban,Y
LP007970,Female,Yes,3+,Not Graduate,Yes,11472,1538,189.0,360.0,1.0,Semiurban,N
LP007971,Female,Yes,1,Graduate,No,5774,44,225.0,240.0,0.0,Urban,N
LP007972,Female,Yes,2,Graduate,,4078,5586,181.0,360.0,1.0,Urban,Y
LP007973,Male,Yes,2,Not Graduate,No,9389,1265,163.0,180.0,1.0,Urban,N
LP007974,Female,No,3+,Not Graduate,No,10760,45,152.0,360.0,1.0,Urban,N
LP007975,Male,Yes,0,Graduate,No,32636,142,134.0,300.0,1.0,Semiurban,Y
LP007976,Male,Yes,2,Not Graduate,No,14087,309,149.0,300.0,1.0,Semiurban,N
LP007977,Female,Yes,,Graduate,No,5232,1096,97.0,360.0,1.0,Urban,Y
LP007978,Female,Yes,0,Graduate,No,7440,321,145.0,480.0,,Urban,Y
LP007979,Female,Yes,0,Graduate,No,23642,376,91.0,360.0,1.0,Semiurban,Y
LP007980,Female,,3+,Graduate,No,9518,3283,109.0,,1.0,Semiurban,Y
LP007981,,Yes,,Graduate,No,5572,4559,211.0,360.0,1.0,Urban,N
LP007982,Male,Yes,0,Graduate,No,14269,3426,209.0,300.0,1.0,Urban,Y
LP007983,Female,,2,Graduate,No,7101,153,108.0,300.0,1.0,Semiurban,N
LP007984,Male,,0,Graduate,,19584,3400,193.0,360.0,1.0,Urban,Y
LP007985,Male,No,0,Graduate,No,17860,617,120.0,300.0,0.0,Urban,Y
LP007986,Female,Yes,1,Not Graduate,No,5335,11557,116.0,180.0,1.0,Urban,Y
LP007987,Female,Yes,1,Graduate,No,55713,1498,219.0,240.0,1.0,Urban,Y
LP007988,Male,No,2,Graduate,No,12108,4720,95.0,360.0,0.0,Urban,Y
LP007989,Female,No,1,Graduate,No,1586,2137,60.0,360.0,1.0,Urban,N
LP007990,Female,Yes,2,Graduate,No,18114,1843,116.0,360.0,1.0,Urban,Y
LP007991,Female,Yes,0,Graduate,No,1671,705,,300.0,1.0,Rural,Y
LP007992,Male,No,1,Graduate,No,30695,4670,131.0,360.0,1.0,Urban,Y
LP007993,Male,Yes,0,Graduate,No,13983,3351,63.0,360.0,1.0,Urban,Y
LP007994,Male,Yes,0,Not Graduate,No,11885,737,167.0,240.0,1.0,Rural,Y
LP007995,Male,No,2,Not Graduate,No,12484,646,244.0,120.0,1.0,Semiurban,N
LP007996,,Yes,0,Graduate,No,19958,466,165.0,360.0,1.0,Rural,Y
LP007997,Male,No,2,Graduate,Yes,8500,2925,138.0,360.0,1.0,Semiurban,N
LP007998,Male,No,0,Graduate,No,12383,1456,183.0,120.0,1.0,Semiurban,Y
LP007999,Female,Yes,0,Graduate,Yes,13721,1548,153.0,300.0,1.0,Urban,Y
LP008000,Male,No,0,Graduate,No,1245,711,152.0,360.0,1.0,Semiurban,Y
LP008001,,Yes,2,Graduate,No,20079,6306,145.0,240.0,1.0,Semiurban,Y
LP008002,Female,Yes,0,Graduate,No,22982,183,160.0,180.0,1.0,Urban,Y
LP008003,Male,Yes,1,Graduate,No,17924,2803,129.0,360.0,0.0,Urban,Y
LP008004,Female,No,1,Graduate,No,16938,3562,,480.0,1.0,Semiurban,N
LP008005,Male,No,0,Graduate,No,44764,749,242.0,300.0,1.0,Urban,Y
LP008006,Male,Yes,1,Not Graduate,No,12049,192,176.0,180.0,1.0,Semiurban,Y
LP008007,Female,Yes,1,Graduate,No,12385,1735,,300.0,,Urban,N
LP008008,Male,No,3+,Graduate,No,7407,4609,167.0,240.0,1.0,Semiurban,Y
LP008009,Female,Yes,0,Not Graduate,No,2700,9194,93.0,300.0,1.0,Rural,Y
LP008010,Male,Yes,0,Not Graduate,No,18004,2412,169.0,120.0,1.0,Semiurban,Y
LP008011,Female,Yes,0,Graduate,No,8075,525,187.0,360.0,0.0,Semiurban,N
LP008012,Male,No,1,Graduate,,2676,2519,201.0,180.0,0.0,Semiurban,N
LP008013,,No,1,Graduate,No,11752,1999,178.0,300.0,1.0,Urban,N
LP008014,Male,No,3+,Graduate,No,11492,1613,140.0,360.0,1.0,Semiurban,Y
LP008015,Female,Yes,2,Graduate,No,10382,379,201.0,360.0,1.0,Urban,N
LP008016,Female,No,0,Not Graduate,Yes,13912,2248,122.0,240.0,1.0,Urban,Y
LP008017,Male,Yes,1,Graduate,No,3580,1927,,300.0,1.0,Semiurban,N
LP008018,Female,No,2,Graduate,No,27604,20195,113.0,,1.0,Semiurban,Y
LP008019,Male,,3+,Graduate,No,17655,1218,161.0,180.0,1.0,Rural,Y
LP008020,,Yes,0,Graduate,No,33732,8387,224.0,,1.0,Urban,Y
LP008021,Male,Yes,1,Graduate,No,8008,5822,188.0,180.0,0.0,Rural,N
LP008022,Female,Yes,2,Graduate,No,17608,1164,196.0,180.0,1.0,Rural,Y
LP008023,Female,,0,Graduate,,2799,4839,205.0,180.0,1.0,Urban,N
LP008024,Male,No,1,Graduate,Yes,6407,428,146.0,300.0,1.0,Semiurban,Y
LP008025,Male,Yes,3+,Graduate,No,4164,870,106.0,360.0,1.0,Rural,Y
LP008026,Male,No,2,Graduate,No,15365,576,57.0,480.0,1.0,Urban,Y
LP008027,Female,Yes,,Graduate,No,5158,907,95.0,360.0,0.0,Semiurban,Y
LP008028,Male,No,0,Graduate,No,8796,98,155.0,240.0,0.0,Rural,N
LP008029,Male,No,0,Graduate,No,12442,9501,48.0,240.0,1.0,Rural,Y
LP008030,Female,No,3+,Not Graduate,Yes,9009,760,158.0,360.0,0.0,Semiurban,N
LP008031,Male,,3+,Graduate,No,4354,2819,174.0,180.0,0.0,Rural,N
LP008032,Female,Yes,2,Not Graduate,No,46578,1472,71.0,240.0,1.0,Urban,Y
LP008033,Male,No,1,Graduate,No,13688,791,193.0,360.0,1.0,Semiurban,N
LP008034,Male,Yes,0,Graduate,No,46914,236,128.0,300.0,1.0,Rural,Y
LP008035,Female,No,1,Graduate,No,5467,366,68.0,360.0,1.0,Rural,Y
LP008036,Male,No,0,Not Graduate,No,9241,826,65.0,480.0,1.0,Urban,N
LP008037,Male,Yes,1,Not Graduate,No,13381,620,147.0,300.0,1.0,Urban,Y
LP008038,Female,No,1,Not Graduate,No,42531,340,154.0,360.0,1.0,Semiurban,Y
LP008039,Male,No,1,Graduate,No,46649,480,149.0,480.0,1.0,Urban,Y
LP008040,Female,Yes,3+,Not Graduate,No,8819,1907,201.0,360.0,1.0,Urban,Y
LP008041,Female,Yes,0,Not Graduate,No,6962,3140,,360.0,1.0,Urban,Y
LP008042,Male,No,2,Graduate,Yes,12428,270,120.0,,1.0,Rural,N
LP008043,Male,Yes,1,Graduate,No,32608,381,133.0,480.0,1.0,Urban,Y
LP008044,Female,Yes,2,Graduate,No,13914,1419,204.0,240.0,1.0,Urban,Y
LP008045,Male,No,1,Graduate,No,16101,901,93.0,180.0,1.0,Semiurban,Y
LP008046,Male,Yes,0,Graduate,No,32367,706,157.0,480.0,1.0,Urban,Y
LP008047,Female,No,0,Not Graduate,No,28448,3317,160.0,300.0,1.0,Urban,Y
LP008048,Male,Yes,0,Not Graduate,No,29342,1368,201.0,360.0,1.0,Semiurban,Y
LP008049,Female,Yes,0,Not Graduate,No,21974,156,155.0,360.0,1.0,Urban,Y
LP008050,Male,No,2,Graduate,,39406,420,102.0,240.0,1.0,Semiurban,Y
LP008051,Male,Yes,0,Graduate,No,5054,149,159.0,300.0,,Urban,N
LP008052,Male,,1,Graduate,No,80773,884,185.0,,0.0,Rural,Y
LP008053,Female,No,0,Graduate,Yes,31203,222,156.0,360.0,1.0,Rural,Y
LP008054,Female,No,1,Graduate,No,11751,132,204.0,360.0,1.0,Semiurban,Y
LP008055,,Yes,2,Graduate,No,32460,93,84.0,360.0,1.0,Rural,Y
LP008056,Male,Yes,0,Graduate,No,10117,11864,142.0,240.0,1.0,Semiurban,Y
LP008057,Male,No,1,Graduate,No,19532,213,150.0,360.0,1.0,Semiurban,Y
LP008058,Male,Yes,2,Graduate,No,21452,750,188.0,240.0,0.0,Semiurban,Y
LP008059,Male,Yes,0,Not Graduate,No,26628,1177,194.0,240.0,1.0,Urban,Y
LP008060,,Yes,2,Graduate,No,9248,1265,151.0,300.0,1.0,Rural,N
LP008061,Female,Yes,0,Graduate,No,27084,2310,131.0,360.0,1.0,Rural,Y
LP008062,Male,No,0,Not Graduate,No,9381,1031,159.0,360.0,1.0,Rural,Y
LP008063,Female,No,1,Graduate,No,23975,636,92.0,240.0,0.0,Semiurban,Y
LP008064,Male,No,0,Graduate,No,13170,1427,125.0,120.0,1.0,Urban,Y
LP008065,Female,Yes,2,Graduate,No,3105,1409,178.0,360.0,1.0,Urban,N
LP008066,Male,No,0,Graduate,No,7410,1165,167.0,360.0,1.0,Semiurban,Y
LP008067,Male,Yes,0,Graduate,No,26330,2366,116.0,300.0,1.0,Urban,Y
LP008068,Male,Yes,1,Not Graduate,No,10478,517,110.0,180.0,1.0,Rural,N
LP008069,Male,Yes,1,Graduate,No,35271,861,110.0,180.0,1.0,Semiurban,Y
LP008070,Male,No,2,Graduate,No,5061,223,113.0,300.0,1.0,Rural,Y
LP008071,Male,No,0,Graduate,No,23316,817,157.0,,1.0,Semiurban,Y
LP008072,,,2,Graduate,Yes,12861,509,210.0,300.0,1.0,Semiurban,Y
LP008073,Female,No,3+,Graduate,No,10966,3891,216.0,360.0,1.0,Semiurban,N
LP008074,Female,No,1,Graduate,No,5204,189,103.0,360.0,1.0,Rural,Y
LP008075,Female,Yes,2,Graduate,No,15803,620,166.0,360.0,1.0,Semiurban,Y
LP008076,Male,No,,Graduate,No,5960,584,164.0,360.0,1.0,Urban,Y
LP008077,Female,Yes,0,Graduate,No,8031,2452,160.0,360.0,1.0,Urban,N
LP008078,Male,Yes,0,Graduate,No,11937,237,101.0,180.0,1.0,Semiurban,Y
LP008079,Male,Yes,0,Graduate,No,9970,1101,112.0,180.0,1.0,Rural,Y
LP008080,Male,Yes,3+,Graduate,Yes,30401,1205,167.0,300.0,1.0,Semiurban,Y
LP008081,,Yes,0,Graduate,No,1682,3322,130.0,240.0,1.0,Semiurban,N
LP008082,,Yes,1,Graduate,No,11583,393,154.0,360.0,1.0,Urban,Y
LP008083,Male,Yes,,Not Graduate,,9994,228,99.0,360.0,1.0,Semiurban,N
LP008084,Male,No,1,Graduate,No,13269,1939,125.0,300.0,1.0,Semiurban,Y
LP008085,Female,No,0,Not Graduate,No,8643,205,83.0,,1.0,Semiurban,N
LP008086,Female,Yes,2,Graduate,Yes,30306,585,,480.0,0.0,Semiurban,Y
LP008087,Female,Yes,0,Not Graduate,No,10870,823,132.0,300.0,1.0,Urban,N
LP008088,Female,Yes,2,Graduate,No,14858,2295,,300.0,1.0,Semiurban,Y
LP008089,,Yes,2,Graduate,No,27277,172,131.0,300.0,1.0,Rural,Y
LP008090,Female,Yes,1,Not Graduate,No,13927,768,,180.0,1.0,Urban,Y
LP008091,,No,0,Graduate,No,4839,1131,240.0,180.0,1.0,Urban,Y
LP008092,,Yes,0,Not Graduate,No,9497,390,123.0,300.0,0.0,Semiurban,Y
LP008093,Male,Yes,2,Graduate,No,12096,713,174.0,480.0,1.0,Urban,Y
LP008094,Female,Yes,0,Graduate,,3578,3187,117.0,360.0,1.0,Semiurban,N
LP008095,Male,Yes,,Graduate,No,7559,596,143.0,360.0,1.0,Rural,Y
LP008096,Female,Yes,1,Graduate,No,12649,708,173.0,360.0,1.0,Urban,Y
LP008097,Male,Yes,0,Graduate,,66820,3173,164.0,360.0,1.0,Rural,Y
LP008098,Male,No,0,Not Graduate,No,17977,844,184.0,480.0,1.0,Semiurban,Y
LP008099,Male,Yes,1,Not Graduate,No,15156,5464,197.0,360.0,1.0,Urban,Y
LP008100,Male,Yes,0,Graduate,No,51663,153,183.0,300.0,1.0,Urban,Y
LP008101,Female,Yes,0,Graduate,No,21381,789,196.0,180.0,1.0,Semiurban,Y
LP008102,Female,Yes,1,Graduate,No,23935,2783,,120.0,1.0,Urban,Y
LP008103,Male,Yes,0,Graduate,No,9647,462,113.0,360.0,1.0,Urban,Y
LP008104,Male,Yes,2,Graduate,No,4854,827,190.0,300.0,1.0,Semiurban,N
LP008105,Female,Yes,0,Graduate,No,16470,4993,130.0,180.0,1.0,Rural,Y
LP008106,Female,Yes,1,Graduate,No,57397,432,184.0,,1.0,Semiurban,Y
LP008107,Male,,1,Not Graduate,No,44820,1956,87.0,300.0,1.0,Semiurban,Y
LP008108,Male,Yes,1,Graduate,No,22612,2686,132.0,360.0,0.0,Semiurban,Y
LP008109,Female,Yes,0,Graduate,Yes,7713,1202,115.0,300.0,1.0,Urban,N
LP008110,Female,Yes,0,Graduate,Yes,3864,1150,169.0,360.0,1.0,Semiurban,Y
LP008111,Male,Yes,2,Graduate,No,6920,320,121.0,120.0,1.0,Rural,Y
LP008112,Male,Yes,0,Graduate,Yes,15901,2636,149.0,480.0,1.0,Rural,Y
LP008113,Female,Yes,,Graduate,No,9165,243,142.0,480.0,1.0,Urban,Y
LP008114,Female,Yes,3+,Graduate,No,29781,1753,201.0,360.0,1.0,Rural,Y
LP008115,Male,Yes,1,Not Graduate,No,4058,588,173.0,360.0,0.0,Rural,N
LP008116,Male,Yes,0,Graduate,No,12052,682,164.0,360.0,1.0,Rural,Y
LP008117,Female,Yes,0,Not Graduate,,7234,861,151.0,480.0,1.0,Rural,Y
LP008118,Male,No,,Graduate,Yes,29526,1996,111.0,360.0,1.0,Semiurban,Y
LP008119,Male,No,1,Graduate,No,20621,7146,106.0,360.0,1.0,Rural,Y
LP008120,Male,No,1,Not Graduate,Yes,6871,1253,163.0,240.0,1.0,Semiurban,N
LP008121,Male,No,1,Graduate,No,26459,462,79.0,,1.0,Urban,Y
LP008122,Female,No,2,Graduate,No,3647,194,148.0,360.0,1.0,Urban,Y
LP008123,Male,No,2,Graduate,No,3199,4411,,480.0,1.0,Urban,Y
LP008124,Female,Yes,0,Not Graduate,Yes,6580,1353,79.0,360.0,1.0,Semiurban,Y
LP008125,Male,Yes,1,Graduate,No,2734,830,147.0,360.0,1.0,Rural,Y
LP008126,Male,Yes,1,Graduate,No,12209,1176,150.0,360.0,,Urban,Y
LP008127,Male,Yes,0,Graduate,Yes,12523,2751,253.0,360.0,0.0,Semiurban,N
LP008128,Female,No,2,Graduate,No,9658,670,150.0,360.0,1.0,Urban,Y
LP008129,Female,Yes,0,Not Graduate,No,20560,493,193.0,360.0,0.0,Semiurban,Y
LP008130,Male,No,1,Not Graduate,Yes,7489,227,172.0,180.0,1.0,Rural,Y
LP008131,Female,Yes,0,Graduate,No,4730,300,162.0,,1.0,Semiurban,Y
LP008132,Female,Yes,0,Graduate,No,7060,725,191.0,360.0,0.0,Urban,Y
LP008133,Female,Yes,1,Not Graduate,,5032,3982,77.0,180.0,1.0,Urban,Y
LP008134,Male,Yes,3+,Graduate,No,8189,595,145.0,300.0,1.0,Rural,N
LP008135,Female,Yes,1,Not Graduate,Yes,21521,1499,164.0,180.0,1.0,Rural,Y
LP008136,Male,No,0,Graduate,Yes,3277,4227,101.0,300.0,1.0,Urban,Y
LP008137,Male,No,,Graduate,No,10180,1733,147.0,360.0,1.0,Urban,Y
LP008138,Female,No,0,Not Graduate,Yes,28741,11712,154.0,240.0,1.0,Semiurban,Y
LP008139,Male,Yes,0,Graduate,No,31488,1189,141.0,180.0,0.0,Semiurban,N
LP008140,Male,No,0,Graduate,No,7741,908,105.0,360.0,1.0,Semiurban,Y
LP008141,Male,Yes,0,Graduate,No,78478,693,112.0,360.0,1.0,Semiurban,Y
LP008142,Female,Yes,1,Graduate,Yes,5760,11977,133.0,240.0,1.0,Urban,Y
LP008143,Female,No,1,Not Graduate,No,11128,4737,169.0,480.0,1.0,Semiurban,Y
LP008144,Male,Yes,0,Graduate,Yes,5238,190,154.0,360.0,,Semiurban,N
LP008145,Female,Yes,2,Graduate,No,18891,13795,159.0,360.0,1.0,Semiurban,Y
LP008146,Male,Yes,0,Not Graduate,No,125614,1993,138.0,180.0,0.0,Semiurban,Y
LP008147,Male,No,3+,Not Graduate,Yes,58395,1280,107.0,480.0,1.0,Rural,Y
LP008148,Female,Yes,1,Not Graduate,No,26294,2042,134.0,300.0,1.0,Rural,Y
LP008149,Male,Yes,0,Graduate,No,8217,347,108.0,360.0,1.0,Urban,Y
LP008150,Male,Yes,3+,Graduate,No,11680,1388,-1.0,360.0,1.0,Semiurban,Y
LP008151,Male,No,0,Graduate,No,32625,757,149.0,360.0,1.0,Urban,Y
LP008152,Female,No,1,Graduate,,24333,711,136.0,360.0,1.0,Rural,Y
LP008153,Male,Yes,0,Graduate,No,14275,3465,211.0,180.0,,Semiurban,Y
LP008154,Female,Yes,2,Graduate,Yes,14965,798,184.0,300.0,1.0,Semiurban,Y
LP008155,Female,Yes,1,Graduate,Yes,31087,1235,173.0,360.0,1.0,Urban,Y
LP008156,Male,Yes,0,Not Graduate,No,37899,1625,100.0,180.0,1.0,Urban,Y
LP008157,Female,No,0,Graduate,No,4021,3402,200.0,360.0,1.0,Urban,N
LP008158,Male,Yes,2,Graduate,No,16020,5022,157.0,360.0,1.0,Rural,Y
LP008159,Male,Yes,0,Graduate,No,21216,1116,132.0,,0.0,Semiurban,Y
LP008160,Female,No,0,Not Graduate,Yes,8727,696,110.0,240.0,0.0,Rural,N
LP008161,Female,Yes,1,Not Graduate,No,37168,10770,117.0,180.0,0.0,Semiurban,Y
LP008162,Male,No,2,Graduate,No,10606,49,137.0,360.0,1.0,Semiurban,N
LP008163,Male,No,,Not Graduate,No,38003,3105,98.0,180.0,1.0,Urban,Y
LP008164,Male,No,0,Graduate,No,9949,922,151.0,360.0,1.0,Urban,Y
LP008165,Male,,2,Graduate,Yes,16440,2174,141.0,360.0,1.0,Rural,Y
LP008166,Male,,0,Not Graduate,No,16152,1151,184.0,240.0,1.0,Urban,Y
LP008167,Male,No,1,Graduate,Yes,50518,5104,142.0,240.0,1.0,Rural,Y
LP008168,Female,Yes,3+,Graduate,Yes,24168,1813,58.0,180.0,,Semiurban,N
LP008169,Male,Yes,2,Graduate,No,9263,199,134.0,360.0,1.0,Rural,Y
LP008170,Male,Yes,0,Graduate,No,10745,188,93.0,480.0,1.0,Rural,Y
LP008171,Female,Yes,0,Graduate,No,10711,847,120.0,240.0,1.0,Rural,Y
LP008172,Female,,0,Graduate,Yes,13558,2273,102.0,240.0,1.0,Rural,Y
LP008173,Male,,3+,Graduate,Yes,6275,5264,254.0,360.0,0.0,Semiurban,N
LP008174,Male,Yes,3+,Graduate,Yes,12518,491,133.0,360.0,1.0,Rural,Y
LP008175,Female,No,0,Graduate,No,39913,77,185.0,360.0,1.0,Rural,Y
LP008176,Male,No,1,Graduate,No,38519,1839,134.0,300.0,1.0,Urban,Y
LP008177,Male,Yes,2,Not Graduate,No,3820,1153,138.0,360.0,1.0,Semiurban,Y
LP008178,Female,Yes,0,Graduate,No,3365,1302,126.0,360.0,1.0,Rural,N
LP008179,Male,Yes,0,Not Graduate,No,8312,292,115.0,360.0,1.0,Semiurban,Y
LP008180,Male,Yes,,Graduate,Yes,3218,4588,116.0,360.0,1.0,Urban,Y
LP008181,Male,No,1,Graduate,No,4862,411,168.0,180.0,1.0,Semiurban,Y
LP008182,Male,Yes,2,Graduate,No,17693,1587,147.0,300.0,,Urban,Y
LP008183,Male,Yes,3+,Graduate,No,12960,1526,216.0,360.0,1.0,Rural,Y
LP008184,Female,Yes,0,Graduate,No,3371,2121,138.0,360.0,1.0,Semiurban,N
LP008185,Male,Yes,0,Graduate,No,34065,448,136.0,180.0,0.0,Urban,Y
LP008186,Male,,1,Graduate,Yes,9532,362,152.0,300.0,1.0,Urban,Y
LP008187,Male,Yes,2,Graduate,No,8825,3052,180.0,360.0,1.0,Rural,N
LP008188,Female,No,1,Graduate,No,30129,2128,155.0,360.0,1.0,Semiurban,Y
LP008189,Male,Yes,1,Not Graduate,No,18558,1639,217.0,360.0,1.0,Semiurban,Y
LP008190,Male,No,,Graduate,No,12913,4234,278.0,240.0,0.0,Urban,Y
LP008191,Female,Yes,0,Not Graduate,No,8994,1652,190.0,300.0,1.0,Urban,N
LP008192,Male,Yes,1,Graduate,No,21071,703,168.0,360.0,1.0,Urban,Y
LP008193,Male,Yes,3+,Graduate,No,9449,2041,49.0,360.0,1.0,Urban,Y
LP008194,Male,Yes,0,Not Graduate,No,11128,1882,219.0,360.0,0.0,Urban,Y
LP008195,Male,Yes,1,Graduate,No,5212,1940,211.0,300.0,0.0,Urban,N
LP008196,Male,Yes,0,Graduate,Yes,33324,380,226.0,360.0,1.0,Rural,Y
LP008197,Female,No,1,Graduate,No,46262,338,189.0,120.0,1.0,Semiurban,Y
LP008198,Male,No,1,Graduate,No,15827,3153,102.0,360.0,1.0,Semiurban,Y
LP008199,Male,Yes,1,Not Graduate,No,9055,917,101.0,360.0,1.0,Semiurban,N
LP008200,Male,Yes,2,Graduate,No,28236,106,95.0,120.0,1.0,Rural,Y
LP008201,Male,No,0,Not Graduate,No,21395,211,154.0,300.0,0.0,Semiurban,N
LP008202,Male,Yes,1,Graduate,Yes,9367,225,,360.0,1.0,Urban,Y
LP008203,Female,No,0,Graduate,No,33554,3947,192.0,360.0,,Semiurban,Y
LP008204,Male,No,2,Graduate,Yes,9513,1034,121.0,300.0,0.0,Urban,Y
LP008205,Female,Yes,0,Not Graduate,No,4774,1144,133.0,180.0,,Rural,N
LP008206,Male,Yes,2,Graduate,No,12674,717,163.0,360.0,1.0,Semiurban,N
LP008207,Male,Yes,0,Not Graduate,No,31808,307,126.0,360.0,1.0,Rural,Y
LP008208,Male,No,,Graduate,No,14504,2729,104.0,360.0,1.0,Rural,Y
LP008209,Male,Yes,0,Graduate,No,5228,2398,59.0,180.0,0.0,Semiurban,Y
LP008210,,No,3+,Graduate,No,9676,470,196.0,360.0,1.0,Rural,N
LP008211,Male,Yes,0,Not Graduate,No,34788,5898,103.0,180.0,1.0,Rural,Y
LP008212,Female,Yes,0,Graduate,No,16631,2680,130.0,360.0,1.0,Semiurban,Y
LP008213,Male,Yes,0,Graduate,No,13159,393,131.0,360.0,1.0,Semiurban,Y
LP008214,Male,Yes,0,Graduate,No,12036,776,46.0,360.0,1.0,Urban,Y
LP008215,Male,Yes,0,Graduate,No,31694,705,,,1.0,Semiurban,Y
LP008216,Male,Yes,1,Graduate,No,30083,1595,220.0,300.0,1.0,Urban,Y
LP008217,Male,Yes,0,Not Graduate,No,4354,197,197.0,240.0,,Semiurban,N
LP008218,Male,Yes,1,Graduate,No,28337,470,131.0,300.0,1.0,Semiurban,Y
LP008219,Male,Yes,0,Not Graduate,No,20193,2844,202.0,360.0,1.0,Semiurban,Y
LP008220,Female,No,1,Graduate,No,47781,163,63.0,360.0,1.0,Urban,Y
LP008221,Female,Yes,1,Graduate,No,12640,864,191.0,360.0,1.0,Urban,Y
LP008222,Male,Yes,0,Graduate,No,33129,251,113.0,360.0,1.0,Semiurban,Y
LP008223,Male,No,0,Graduate,No,19441,3280,198.0,480.0,1.0,Urban,Y
LP008224,Female,No,0,Graduate,No,5480,1655,,360.0,1.0,Urban,Y
LP008225,Male,,0,Not Graduate,No,30226,188,89.0,360.0,1.0,Rural,Y
LP008226,Male,Yes,1,Graduate,No,25528,313,,300.0,,Semiurban,Y
LP008227,Male,No,1,Not Graduate,No,7943,1115,150.0,480.0,1.0,Rural,Y
LP008228,Male,No,1,Graduate,No,16841,68,,120.0,1.0,Rural,Y
LP008229,Male,No,0,Not Graduate,No,72128,292,109.0,360.0,,Semiurban,N
LP008230,Male,Yes,0,Graduate,No,9077,407,91.0,300.0,1.0,Urban,N
LP008231,Male,Yes,,Graduate,No,23883,5124,180.0,180.0,1.0,Semiurban,Y
LP008232,Male,Yes,1,Graduate,No,5564,548,146.0,360.0,1.0,Urban,Y
LP008233,Female,No,1,Graduate,Yes,8465,2419,178.0,300.0,1.0,Semiurban,Y
LP008234,Male,Yes,0,Not Graduate,No,25551,621,177.0,,1.0,Urban,Y
LP008235,Male,Yes,2,Graduate,No,16405,2679,185.0,360.0,1.0,Rural,Y
LP008236,Male,No,0,Graduate,No,11373,170,230.0,240.0,,Urban,Y
LP008237,Female,Yes,3+,Graduate,No,52156,460,159.0,240.0,1.0,Urban,Y
LP008238,Female,Yes,0,Graduate,No,6390,961,100.0,300.0,1.0,Rural,N
LP008239,Female,Yes,2,Graduate,No,11887,1357,111.0,360.0,1.0,Urban,Y
LP008240,Male,Yes,0,Graduate,No,19799,1617,135.0,480.0,0.0,Semiurban,N
LP008241,Female,Yes,2,Graduate,No,6652,1381,160.0,300.0,0.0,Rural,N
LP008242,Female,Yes,0,Graduate,No,20078,2012,218.0,360.0,1.0,Urban,Y
LP008243,Male,,0,Graduate,Yes,31562,1081,142.0,300.0,1.0,Urban,Y
LP008244,Male,Yes,0,Graduate,No,12189,1351,233.0,360.0,1.0,Urban,Y
LP008245,Male,Yes,3+,Graduate,No,7721,325,238.0,480.0,1.0,Urban,Y
LP008246,Female,Yes,3+,Not Graduate,No,10405,157,171.0,240.0,1.0,Semiurban,Y
LP008247,Male,Yes,0,Not Graduate,No,1567,286,181.0,360.0,1.0,Rural,N
LP008248,Male,Yes,1,Not Graduate,Yes,29878,144,127.0,480.0,,Semiurban,N
LP008249,Female,Yes,1,Not Graduate,No,16509,1435,234.0,300.0,1.0,Rural,Y
LP008250,Female,Yes,0,Graduate,No,11601,3384,118.0,300.0,1.0,Urban,Y
LP008251,Female,Yes,0,Graduate,No,3521,351,210.0,480.0,1.0,Rural,Y
LP008252,Female,Yes,3+,Not Graduate,No,32442,3678,98.0,240.0,1.0,Semiurban,Y
LP008253,Male,Yes,1,Graduate,Yes,9413,1885,182.0,240.0,1.0,Rural,Y
LP008254,Female,Yes,0,Graduate,,20998,564,205.0,360.0,1.0,Rural,Y
LP008255,Male,No,0,Graduate,Yes,13238,721,195.0,360.0,,Rural,Y
LP008256,Female,Yes,0,Not Graduate,No,3670,4182,126.0,,1.0,Urban,Y
LP008257,Male,Yes,1,Not Graduate,,36858,67,136.0,360.0,1.0,Semiurban,Y
LP008258,Female,Yes,0,Graduate,Yes,31661,4161,226.0,360.0,1.0,Urban,Y
LP008259,Female,No,1,Not Graduate,No,24617,3213,124.0,180.0,1.0,Urban,Y
LP008260,Female,,0,Not Graduate,No,17186,540,126.0,240.0,1.0,Semiurban,Y
LP008261,Male,Yes,0,Graduate,Yes,5125,981,225.0,360.0,1.0,Rural,N
LP008262,Male,Yes,0,Not Graduate,No,26773,7724,146.0,180.0,0.0,Urban,Y
LP008263,Female,Yes,,Not Graduate,No,77963,227,147.0,480.0,1.0,Rural,Y
LP008264,Male,No,0,Graduate,No,14660,881,241.0,360.0,1.0,Rural,Y
LP008265,Female,Yes,2,Graduate,No,14891,2384,117.0,360.0,1.0,Urban,Y
LP008266,Male,No,0,Graduate,No,5533,1410,113.0,180.0,1.0,Urban,Y
LP008267,Female,Yes,1,Graduate,Yes,2549,1167,158.0,300.0,,Urban,N
LP008268,Male,Yes,0,Not Graduate,,10023,9702,151.0,240.0,1.0,Semiurban,Y
LP008269,Female,Yes,1,Graduate,Yes,43710,290,111.0,360.0,1.0,Urban,Y
LP008270,Female,,2,Graduate,No,39144,306,190.0,300.0,1.0,Urban,Y
LP008271,Male,Yes,0,Not Graduate,No,12678,53,150.0,300.0,1.0,Urban,Y
LP008272,Male,Yes,0,Not Graduate,No,18846,300,153.0,360.0,1.0,Semiurban,Y
LP008273,Male,,1,Graduate,No,5040,493,,,1.0,Rural,N
LP008274,Male,,0,Not Graduate,No,14602,1609,,,0.0,Semiurban,Y
LP008275,Male,Yes,1,Graduate,No,8781,3469,109.0,240.0,1.0,Urban,Y
LP008276,Female,,0,Graduate,No,13957,344,,240.0,1.0,Semiurban,Y
LP008277,Male,Yes,1,Not Graduate,,10724,924,206.0,180.0,1.0,Urban,N
LP008278,Male,Yes,1,Not Graduate,No,10572,5855,150.0,360.0,1.0,Urban,Y
LP008279,Male,Yes,0,Graduate,No,29647,875,199.0,300.0,1.0,Urban,Y
LP008280,Male,No,,Graduate,No,64288,2043,127.0,180.0,1.0,Urban,Y
LP008281,Male,No,1,Graduate,No,11666,4209,,300.0,1.0,Urban,Y
LP008282,Female,Yes,0,Not Graduate,No,41560,359,69.0,180.0,1.0,Rural,Y
LP008283,,Yes,0,Graduate,No,4948,281,198.0,360.0,1.0,Rural,Y
LP008284,Male,Yes,1,Graduate,No,12409,7671,146.0,240.0,1.0,Rural,Y
LP008285,Male,No,0,Not Graduate,No,4736,2197,80.0,300.0,1.0,Urban,Y
LP008286,Female,Yes,3+,Graduate,No,10405,223,8.0,480.0,1.0,Rural,Y
LP008287,Male,Yes,1,Graduate,Yes,23684,308,175.0,240.0,0.0,Urban,Y
LP008288,Male,No,,Graduate,No,32692,862,199.0,240.0,1.0,Semiurban,Y
LP008289,Male,No,2,Not Graduate,No,7166,5839,153.0,360.0,,Semiurban,N
LP008290,,Yes,0,Not Graduate,No,19272,3562,180.0,480.0,1.0,Urban,Y
LP008291,Female,No,1,Graduate,,35738,3946,172.0,480.0,1.0,Urban,Y
LP008292,Female,Yes,0,Graduate,No,31894,649,152.0,360.0,1.0,Urban,Y
LP008293,Male,Yes,2,Graduate,,16434,1086,197.0,360.0,1.0,Urban,Y
LP008294,,Yes,2,Not Graduate,No,8338,420,76.0,300.0,1.0,Urban,Y
LP008295,Female,No,1,Graduate,Yes,7699,665,154.0,300.0,1.0,Semiurban,Y
LP008296,Female,Yes,0,Graduate,No,6808,285,184.0,300.0,0.0,Urban,N
LP008297,Female,Yes,0,Graduate,No,13026,385,127.0,300.0,1.0,Semiurban,Y
LP008298,Female,No,0,Graduate,No,6915,458,162.0,360.0,1.0,Urban,Y
LP008299,Male,Yes,0,Not Graduate,No,22981,921,,360.0,1.0,Rural,Y
LP008300,,No,0,Graduate,No,16037,1816,153.0,360.0,1.0,Rural,Y
LP008301,Female,Yes,1,Not Graduate,Yes,15466,8099,113.0,360.0,1.0,Urban,Y
LP008302,Male,Yes,2,Graduate,No,3064,707,124.0,360.0,1.0,Semiurban,Y
LP008303,Female,Yes,0,Graduate,No,13659,2220,178.0,360.0,1.0,Rural,Y
LP008304,Male,No,0,Graduate,No,9253,884,61.0,360.0,1.0,Urban,Y
LP008305,Male,Yes,2,Graduate,No,75594,3482,95.0,360.0,1.0,Semiurban,Y
LP008306,Male,Yes,2,Graduate,No,4798,243,186.0,120.0,0.0,Rural,Y
LP008307,Male,,1,Not Graduate,No,11335,576,142.0,360.0,0.0,Rural,Y
LP008308,Male,No,0,Graduate,,18150,2429,113.0,360.0,1.0,Urban,Y
LP008309,Male,Yes,1,Not Graduate,No,6135,2203,172.0,360.0,1.0,Semiurban,N
LP008310,Male,Yes,2,Graduate,No,62480,2252,94.0,360.0,0.0,Rural,Y
LP008311,Male,Yes,0,Graduate,No,63514,5949,93.0,360.0,1.0,Urban,Y
LP008312,Male,No,1,Graduate,No,6722,136,139.0,240.0,1.0,Urban,Y
LP008313,Male,Yes,1,Not Graduate,Yes,8321,243,143.0,120.0,1.0,Urban,N
LP008314,Female,Yes,0,Graduate,No,74417,2150,112.0,240.0,1.0,Rural,Y
LP008315,Male,No,2,Graduate,No,40790,2910,136.0,300.0,,Semiurban,Y
LP008316,Male,No,1,Graduate,No,9941,2406,216.0,240.0,1.0,Semiurban,Y
LP008317,Female,Yes,1,Graduate,No,18866,28294,148.0,360.0,1.0,Urban,Y
LP008318,Female,No,1,Graduate,No,4405,365,92.0,480.0,1.0,Urban,Y
LP008319,Female,Yes,0,Graduate,No,77450,1707,151.0,360.0,1.0,Rural,Y
LP008320,Male,Yes,1,Graduate,No,14161,1007,44.0,300.0,,Semiurban,N
LP008321,Male,Yes,,Graduate,Yes,21342,2311,230.0,180.0,1.0,Urban,Y
LP008322,Female,,3+,Not Graduate,Yes,6323,1721,90.0,360.0,1.0,Rural,Y
LP008323,Male,No,0,Not Graduate,No,5383,589,160.0,,1.0,Semiurban,N
LP008324,Male,Yes,0,Graduate,Yes,19165,1746,158.0,240.0,,Urban,Y
LP008325,Male,Yes,,Graduate,No,61885,1212,110.0,120.0,1.0,Urban,Y
LP008326,Female,Yes,1,Graduate,No,8669,1279,214.0,360.0,1.0,Urban,Y
LP008327,Male,Yes,3+,Not Graduate,No,6104,4274,252.0,360.0,1.0,Semiurban,Y
LP008328,Female,Yes,0,Graduate,No,17053,21521,112.0,480.0,1.0,Rural,Y
LP008329,Female,Yes,0,Graduate,No,49501,110,185.0,300.0,1.0,Urban,Y
LP008330,Male,Yes,0,Not Graduate,No,8015,5149,100.0,360.0,1.0,Semiurban,N
LP008331,Female,No,2,Not Graduate,No,10938,2370,216.0,360.0,1.0,Urban,Y
LP008332,Female,Yes,2,Not Graduate,No,26100,450,213.0,300.0,1.0,Urban,Y
LP008333,Female,Yes,1,Not Graduate,Yes,28439,709,200.0,300.0,,Semiurban,N
LP008334,Male,Yes,0,Not Graduate,No,10640,3160,67.0,360.0,1.0,Urban,Y
LP008335,,Yes,0,Graduate,No,32122,1165,122.0,,1.0,Urban,Y
LP008336,Male,No,1,Graduate,,20394,1034,123.0,360.0,1.0,Urban,Y
LP008337,Female,No,1,Not Graduate,Yes,13533,481,120.0,480.0,1.0,Urban,N
LP008338,Male,Yes,1,Not Graduate,No,27500,441,216.0,300.0,1.0,Rural,Y
LP008339,Male,,0,Graduate,No,24629,344,59.0,360.0,1.0,Semiurban,Y
LP008340,Female,Yes,1,Graduate,No,5781,594,169.0,360.0,1.0,Semiurban,Y
LP008341,Female,Yes,0,Graduate,No,43774,939,187.0,300.0,1.0,Urban,Y
LP008342,Male,Yes,1,Not Graduate,No,17611,1677,114.0,180.0,1.0,Urban,Y
LP008343,Male,No,1,Graduate,No,40154,408,175.0,360.0,0.0,Rural,Y
LP008344,Male,No,3+,Graduate,No,13924,2715,172.0,240.0,,Rural,N
LP008345,Female,Yes,,Graduate,No,16286,368,136.0,360.0,1.0,Semiurban,Y
LP008346,Female,No,0,Not Graduate,No,18381,2759,204.0,360.0,1.0,Urban,Y
LP008347,Female,No,0,Graduate,No,20691,387,122.0,360.0,1.0,Urban,Y
LP008348,Male,No,3+,Graduate,No,45367,12338,204.0,360.0,1.0,Urban,Y
LP008349,Male,No,0,Graduate,No,19402,2387,156.0,360.0,1.0,Semiurban,Y
LP008350,Female,Yes,0,Graduate,No,13063,3008,134.0,180.0,1.0,Semiurban,Y
LP008351,,Yes,3+,Graduate,No,29960,892,138.0,360.0,1.0,Rural,Y
LP008352,Male,No,1,Graduate,No,18851,2272,80.0,480.0,0.0,Semiurban,Y
LP008353,Female,No,1,Graduate,No,142119,244,131.0,360.0,1.0,Urban,Y
LP008354,Male,No,0,Graduate,No,16867,339,93.0,180.0,1.0,Semiurban,Y
LP008355,Male,Yes,2,Graduate,No,35958,758,163.0,360.0,1.0,Semiurban,Y
LP008356,Male,Yes,0,Graduate,No,27056,6778,195.0,360.0,1.0,Urban,Y
LP008357,Male,Yes,0,Not Graduate,No,2591,3669,172.0,360.0,0.0,Urban,Y
LP008358,Male,Yes,0,Graduate,No,7409,74,114.0,300.0,0.0,Semiurban,Y
LP008359,Male,Yes,0,Graduate,No,9399,335,136.0,360.0,1.0,Urban,N
LP008360,Male,Yes,3+,Graduate,Yes,4024,988,163.0,240.0,1.0,Rural,Y
LP008361,Female,Yes,1,Graduate,Yes,9738,4952,166.0,360.0,1.0,Rural,Y
LP008362,Male,Yes,1,Graduate,No,4460,1470,231.0,360.0,1.0,Urban,N
LP008363,Male,Yes,3+,Graduate,No,5500,52,181.0,360.0,1.0,Semiurban,N
LP008364,Male,Yes,0,Graduate,No,16208,268,,360.0,0.0,Urban,Y
LP008365,Male,Yes,0,Graduate,No,62038,2602,155.0,360.0,1.0,Semiurban,Y
LP008366,Female,Yes,1,Graduate,No,4492,1400,132.0,240.0,1.0,Semiurban,Y
LP008367,Male,No,1,Not Graduate,No,5052,1289,150.0,360.0,1.0,Urban,N
LP008368,Female,Yes,1,Graduate,No,8723,4164,185.0,360.0,1.0,Rural,Y
LP008369,Female,Yes,0,Not Graduate,No,11875,723,114.0,360.0,0.0,Urban,Y
LP008370,Male,No,1,Graduate,No,3890,2536,170.0,480.0,1.0,Urban,N
LP008371,Male,Yes,0,Graduate,Yes,7636,7865,144.0,300.0,0.0,Urban,N
LP008372,Male,No,0,Graduate,Yes,7092,1435,235.0,360.0,1.0,Rural,Y
LP008373,Male,Yes,0,Graduate,Yes,17234,374,164.0,480.0,0.0,Rural,Y
LP008374,Female,No,0,Not Graduate,No,18779,657,166.0,240.0,0.0,Semiurban,Y
LP008375,,Yes,0,Graduate,No,11822,370,107.0,360.0,1.0,Rural,Y
LP008376,Male,No,0,Graduate,No,9875,74,223.0,180.0,1.0,Semiurban,Y
LP008377,Male,No,3+,Graduate,No,7572,424,175.0,120.0,0.0,Semiurban,N
LP008378,Male,Yes,3+,Graduate,No,13922,2351,218.0,360.0,1.0,Rural,Y
LP008379,Male,Yes,,Graduate,No,6118,1109,140.0,480.0,1.0,Semiurban,Y
LP008380,Male,Yes,3+,Graduate,No,46064,5600,149.0,120.0,0.0,Urban,Y
LP008381,Male,Yes,3+,Graduate,No,4030,1303,,360.0,1.0,Rural,Y
LP008382,Male,Yes,0,Not Graduate,No,7902,3166,242.0,360.0,1.0,Urban,N
LP008383,Female,No,1,Graduate,No,26757,132,,360.0,1.0,Rural,N
LP008384,Female,Yes,3+,Graduate,Yes,9711,647,242.0,300.0,1.0,Rural,Y
LP008385,Male,Yes,1,Graduate,No,22869,794,,,1.0,Urban,Y
LP008386,Male,No,0,Graduate,No,52773,407,173.0,300.0,1.0,Urban,Y
LP008387,Female,Yes,1,Graduate,No,26016,6842,199.0,300.0,1.0,Rural,Y
LP008388,Male,Yes,0,Not Graduate,No,5107,108,166.0,480.0,0.0,Urban,N
LP008389,Male,No,0,Graduate,No,5306,956,133.0,360.0,1.0,Rural,N
LP008390,Male,No,0,Graduate,No,11499,4268,126.0,300.0,1.0,Urban,Y
LP008391,Female,Yes,0,Graduate,Yes,19042,2740,132.0,360.0,1.0,Urban,Y
LP008392,Male,No,0,Graduate,No,35063,695,283.0,360.0,1.0,Semiurban,Y
LP008393,Female,Yes,2,Graduate,No,7129,372,118.0,360.0,1.0,Urban,Y
LP008394,Female,Yes,0,Graduate,No,9064,4061,50.0,180.0,1.0,Urban,Y
LP008395,Female,Yes,,Graduate,No,10932,586,151.0,360.0,1.0,Semiurban,Y
LP008396,Female,Yes,0,Graduate,No,10758,404,151.0,240.0,1.0,Urban,Y
LP008397,Male,Yes,1,Graduate,No,44201,3641,134.0,240.0,1.0,Urban,Y
LP008398,Male,Yes,3+,Not Graduate,No,12292,1585,,360.0,0.0,Semiurban,Y
LP008399,Female,No,0,Graduate,No,15099,718,136.0,360.0,0.0,Semiurban,Y
LP008400,Female,Yes,0,Not Graduate,Yes,27699,1620,84.0,360.0,1.0,Semiurban,Y
LP008401,Male,No,1,Graduate,No,47708,1870,238.0,300.0,1.0,Urban,Y
LP008402,Female,Yes,1,Not Graduate,No,12988,1028,162.0,360.0,1.0,Rural,Y
LP008403,Male,No,0,Graduate,No,36583,1318,155.0,120.0,1.0,Urban,Y
LP008404,Male,Yes,0,Not Graduate,No,57654,81,202.0,360.0,1.0,Urban,Y
LP008405,Male,Yes,1,Not Graduate,No,12230,966,285.0,180.0,1.0,Urban,Y
LP008406,Male,Yes,0,Not Graduate,No,8510,509,129.0,,0.0,Semiurban,N
LP008407,Male,No,3+,Not Graduate,No,76853,420,165.0,360.0,1.0,Urban,Y
LP008408,Male,No,0,Graduate,No,32756,482,190.0,300.0,1.0,Urban,Y
LP008409,Male,Yes,0,Graduate,No,13493,604,184.0,240.0,1.0,Semiurban,Y
LP008410,Male,Yes,2,Graduate,No,22470,767,195.0,360.0,1.0,Semiurban,Y
LP008411,Male,Yes,2,Graduate,No,5790,1338,195.0,,1.0,Semiurban,Y
LP008412,Female,No,0,Graduate,No,32452,454,129.0,300.0,1.0,Semiurban,Y
LP008413,Male,No,3+,Graduate,No,3165,2042,209.0,360.0,1.0,Rural,Y
LP008414,Male,No,,Graduate,No,31461,2651,144.0,240.0,1.0,Urban,Y
LP008415,Male,No,0,Graduate,No,7499,2619,164.0,300.0,1.0,Rural,N
LP008416,Male,No,,Graduate,No,3557,3368,180.0,120.0,1.0,Rural,N
LP008417,Female,Yes,0,Graduate,Yes,2694,554,114.0,360.0,1.0,Semiurban,Y
LP008418,Male,No,0,Graduate,No,9127,792,171.0,240.0,1.0,Urban,Y
LP008419,Female,No,0,Graduate,No,23597,1474,181.0,480.0,1.0,Rural,Y
LP008420,Male,No,1,Not Graduate,No,4394,658,55.0,300.0,1.0,Urban,N
LP008421,Male,Yes,2,Not Graduate,No,4971,273,220.0,360.0,1.0,Semiurban,Y
LP008422,Male,Yes,0,Graduate,No,8996,600,109.0,300.0,1.0,Semiurban,N
LP008423,,Yes,0,Graduate,Yes,25490,7798,163.0,240.0,1.0,Urban,Y
LP008424,Male,Yes,1,Graduate,No,28170,449,226.0,360.0,1.0,Rural,Y
LP008425,Male,Yes,1,Graduate,Yes,14941,423,182.0,,1.0,Semiurban,Y
LP008426,,Yes,,Graduate,No,29339,568,202.0,300.0,1.0,Semiurban,Y
LP008427,Male,Yes,0,Not Graduate,Yes,23157,2139,205.0,300.0,1.0,Urban,Y
LP008428,Female,Yes,1,Not Graduate,No,9570,1665,125.0,300.0,0.0,Urban,Y
LP008429,Male,Yes,0,Not Graduate,No,27656,2559,98.0,300.0,1.0,Urban,Y
LP008430,Male,Yes,2,Graduate,No,4782,22903,170.0,180.0,1.0,Urban,Y
LP008431,Male,,0,Graduate,No,19716,2937,185.0,240.0,1.0,Semiurban,Y
LP008432,Male,No,0,Graduate,Yes,5256,3227,205.0,360.0,1.0,Urban,Y
LP008433,Male,Yes,1,Graduate,No,14976,33914,189.0,360.0,1.0,Urban,Y
LP008434,Female,No,2,Graduate,No,35413,1973,125.0,240.0,1.0,Rural,Y
LP008435,Female,No,1,Graduate,No,15844,685,193.0,240.0,1.0,Urban,Y
LP008436,Male,Yes,3+,Graduate,No,13225,762,44.0,300.0,1.0,Urban,Y
LP008437,Male,Yes,0,Not Graduate,No,16007,3897,213.0,,1.0,Urban,Y
LP008438,Male,Yes,1,Graduate,No,22711,244,105.0,360.0,1.0,Semiurban,Y
LP008439,Female,Yes,1,Not Graduate,No,73659,106,104.0,360.0,1.0,Semiurban,Y
LP008440,Male,No,1,Graduate,No,22515,409,274.0,480.0,1.0,Urban,Y
LP008441,Male,Yes,2,Graduate,No,8937,2933,152.0,360.0,1.0,Urban,N
LP008442,Male,Yes,2,Graduate,No,11305,2233,137.0,360.0,1.0,Rural,N
LP008443,Female,No,1,Graduate,No,6497,905,92.0,360.0,0.0,Urban,Y
LP008444,Male,Yes,1,Graduate,No,4957,3956,172.0,300.0,1.0,Semiurban,Y
LP008445,Male,No,3+,Graduate,,1908,2275,189.0,480.0,1.0,Rural,Y
LP008446,Female,Yes,0,Not Graduate,,9234,1657,132.0,300.0,1.0,Semiurban,N
LP008447,Male,Yes,2,Graduate,No,4343,1074,42.0,480.0,0.0,Semiurban,N
LP008448,Female,Yes,3+,Not Graduate,No,14438,3215,231.0,360.0,1.0,Rural,Y
LP008449,Male,Yes,1,Graduate,No,8887,2714,135.0,240.0,1.0,Urban,Y
LP008450,Female,Yes,2,Graduate,Yes,5605,790,134.0,240.0,1.0,Urban,Y
LP008451,Female,Yes,0,Graduate,No,2482,2910,148.0,,1.0,Semiurban,N
LP008452,Male,Yes,0,Graduate,No,10102,500,109.0,300.0,1.0,Semiurban,Y
LP008453,Female,Yes,1,Graduate,No,3288,1453,213.0,120.0,0.0,Rural,N
LP008454,Male,Yes,0,Graduate,No,23504,1773,186.0,360.0,1.0,Urban,Y
LP008455,Female,No,1,Not Graduate,No,16381,733,174.0,240.0,1.0,Rural,Y
LP008456,Male,Yes,2,Graduate,No,11142,1288,265.0,360.0,1.0,Rural,N
LP008457,Female,Yes,0,Graduate,No,42642,2274,115.0,300.0,1.0,Urban,Y
LP008458,Male,Yes,0,Graduate,No,13465,299,213.0,360.0,1.0,Urban,N
LP008459,Female,Yes,1,Graduate,No,18194,1367,38.0,360.0,,Rural,Y
LP008460,Male,,0,Graduate,Yes,23155,15641,182.0,480.0,1.0,Rural,Y
LP008461,Female,Yes,1,Graduate,No,8835,406,,300.0,0.0,Urban,Y
LP008462,Female,No,1,Graduate,No,8874,3774,97.0,300.0,1.0,Urban,Y
LP008463,Male,Yes,0,Graduate,No,13810,977,232.0,360.0,1.0,Semiurban,Y
LP008464,Female,Yes,0,Not Graduate,No,4549,4535,,300.0,1.0,Urban,Y
LP008465,Female,Yes,,Graduate,Yes,55728,460,,360.0,,Urban,Y
LP008466,Male,No,0,Not Graduate,No,15193,1104,126.0,360.0,1.0,Urban,Y
LP008467,Male,Yes,1,Graduate,,11375,15569,112.0,360.0,1.0,Urban,Y
LP008468,Male,Yes,3+,Graduate,No,70857,890,123.0,,1.0,Urban,Y
LP008469,Male,Yes,2,Not Graduate,No,5534,2345,151.0,480.0,1.0,Semiurban,Y
LP008470,Male,Yes,0,Graduate,No,45657,2238,142.0,180.0,1.0,Rural,Y
LP008471,Male,Yes,1,Not Graduate,No,25607,96,147.0,300.0,0.0,Semiurban,N
LP008472,Male,No,2,Graduate,No,32650,1873,,300.0,1.0,Urban,Y
LP008473,Male,Yes,1,Graduate,No,11609,248,161.0,240.0,0.0,Semiurban,N
LP008474,,Yes,2,Graduate,,13970,2343,150.0,360.0,1.0,Rural,Y
LP008475,Female,,1,Not Graduate,No,10151,1263,127.0,480.0,1.0,Semiurban,Y
LP008476,Female,Yes,0,Not Graduate,No,29645,287,171.0,240.0,,Rural,Y
LP008477,Male,Yes,1,Graduate,No,18276,262,168.0,240.0,0.0,Semiurban,N
LP008478,Female,Yes,1,Graduate,No,8545,1004,166.0,360.0,1.0,Rural,Y
LP008479,Female,Yes,1,Graduate,No,8865,21530,149.0,300.0,1.0,Semiurban,Y
LP008480,Female,Yes,0,Graduate,No,13202,7692,115.0,300.0,1.0,Semiurban,Y
LP008481,,Yes,0,Graduate,No,10241,1688,153.0,360.0,1.0,Urban,Y
LP008482,Male,No,3+,Graduate,No,42337,2035,136.0,180.0,1.0,Semiurban,Y
LP008483,Female,No,0,Not Graduate,No,25503,2257,46.0,360.0,0.0,Urban,Y
LP008484,Female,No,0,Graduate,No,25460,577,199.0,180.0,1.0,Urban,Y
LP008485,Female,Yes,2,Not Graduate,No,16109,477,162.0,300.0,,Semiurban,Y
LP008486,Female,Yes,1,Not Graduate,No,6896,3045,148.0,240.0,1.0,Semiurban,N
LP008487,Male,Yes,0,Graduate,No,23315,532,176.0,360.0,1.0,Semiurban,Y
LP008488,Male,Yes,1,Not Graduate,No,2493,6177,112.0,240.0,1.0,Semiurban,Y
LP008489,Male,No,1,Graduate,No,15355,216,217.0,360.0,1.0,Rural,N
LP008490,Male,Yes,1,Not Graduate,Yes,6976,371,210.0,360.0,1.0,Rural,N
LP008491,Female,No,3+,Graduate,No,6559,5995,91.0,360.0,1.0,Rural,Y
LP008492,Male,Yes,0,Graduate,Yes,9221,777,,360.0,1.0,Rural,Y
LP008493,Male,Yes,1,Graduate,Yes,12492,946,183.0,360.0,1.0,Semiurban,N
LP008494,Female,Yes,0,Not Graduate,No,13111,2379,162.0,360.0,1.0,Urban,Y
LP008495,Male,Yes,0,Not Graduate,No,25139,4405,149.0,360.0,1.0,Urban,Y
LP008496,Female,No,2,Graduate,No,11624,2279,171.0,,,Rural,Y
LP008497,Female,No,0,Graduate,No,12315,1547,56.0,300.0,1.0,Urban,Y
LP008498,Male,Yes,1,Graduate,No,4374,2866,103.0,480.0,1.0,Rural,Y
LP008499,Male,Yes,0,Not Graduate,No,4854,1791,119.0,180.0,0.0,Urban,N
LP008500,,Yes,0,Not Graduate,,16808,4032,188.0,300.0,1.0,Urban,Y
LP008501,Male,Yes,1,Graduate,Yes,22126,33802,42.0,360.0,0.0,Urban,Y
LP008502,Male,Yes,1,Graduate,No,10846,2011,159.0,300.0,1.0,Rural,Y
LP008503,Male,No,0,Graduate,No,28179,390,131.0,360.0,,Semiurban,Y
LP008504,Female,Yes,3+,Graduate,No,4331,3814,182.0,180.0,1.0,Rural,Y
LP008505,Male,Yes,,Not Graduate,No,18376,920,190.0,360.0,1.0,Rural,Y
LP008506,,No,0,Graduate,No,6758,1643,234.0,480.0,1.0,Semiurban,Y
LP008507,Male,Yes,0,Graduate,,6344,1702,91.0,480.0,1.0,Rural,Y
LP008508,Male,Yes,0,Not Graduate,No,7245,545,108.0,180.0,0.0,Rural,N
LP008509,,Yes,0,Graduate,No,12523,702,152.0,240.0,1.0,Rural,Y
LP008510,Male,,2,Graduate,No,18979,68,220.0,300.0,1.0,Urban,Y
LP008511,Male,Yes,1,Graduate,No,17861,970,171.0,240.0,1.0,Rural,Y
LP008512,Female,Yes,0,Graduate,No,10589,2149,155.0,360.0,1.0,Urban,Y
LP008513,Female,No,3+,Graduate,No,22154,1116,211.0,360.0,1.0,Rural,Y
LP008514,Female,No,0,Not Graduate,No,51502,631,130.0,180.0,1.0,Urban,Y
LP008515,Male,No,0,Graduate,No,12142,1724,208.0,120.0,1.0,Urban,Y
LP008516,Male,Yes,0,Graduate,No,14412,353,236.0,480.0,1.0,Semiurban,Y
LP008517,Female,No,0,Graduate,No,8189,308,142.0,300.0,1.0,Rural,N
LP008518,Female,Yes,1,Graduate,No,9763,2061,72.0,180.0,1.0,Urban,Y
LP008519,Male,Yes,0,Graduate,No,36267,2201,157.0,360.0,1.0,Urban,Y
LP008520,Female,Yes,1,Graduate,No,36567,2024,232.0,360.0,1.0,Rural,Y
LP008521,Male,,1,Not Graduate,No,11374,764,174.0,360.0,1.0,Rural,Y
LP008522,Male,Yes,2,Graduate,No,19775,4073,81.0,360.0,1.0,Semiurban,Y
LP008523,Male,Yes,2,Graduate,No,27899,284,213.0,360.0,1.0,Semiurban,Y
LP008524,Male,No,0,Graduate,No,9346,767,189.0,300.0,1.0,Urban,N
LP008525,Male,Yes,0,Graduate,Yes,4699,2690,199.0,360.0,1.0,Semiurban,Y
LP008526,Male,No,1,Graduate,No,23189,3076,206.0,480.0,,Urban,Y
LP008527,Male,Yes,0,Graduate,No,27367,434,122.0,480.0,1.0,Urban,Y
LP008528,Female,Yes,0,Not Graduate,No,24328,14344,202.0,360.0,0.0,Urban,Y
LP008529,Female,Yes,1,Graduate,No,9903,937,117.0,360.0,1.0,Urban,N
LP008530,,Yes,,Graduate,No,45183,1218,90.0,300.0,1.0,Urban,Y
LP008531,Female,Yes,2,Not Graduate,Yes,16771,3546,108.0,300.0,0.0,Rural,Y
LP008532,Male,Yes,0,Graduate,No,5334,7060,184.0,480.0,1.0,Rural,Y
LP008533,Male,Yes,3+,Graduate,Yes,3726,1180,129.0,360.0,1.0,Urban,N
LP008534,Female,Yes,2,Graduate,No,10532,4482,223.0,300.0,1.0,Rural,N
LP008535,Male,No,0,Not Graduate,No,15992,634,205.0,360.0,1.0,Rural,Y
LP008536,Male,Yes,1,Not Graduate,Yes,10610,8120,183.0,180.0,1.0,Urban,Y
LP008537,Male,Yes,1,Graduate,No,65831,1148,219.0,480.0,1.0,Semiurban,Y
LP008538,Female,No,1,Graduate,No,18456,1599,91.0,360.0,1.0,Urban,Y
LP008539,Male,Yes,,Graduate,Yes,6133,723,197.0,300.0,1.0,Semiurban,Y
LP008540,Female,No,1,Graduate,Yes,2172,1421,178.0,120.0,1.0,Urban,N
LP008541,Male,No,0,Graduate,Yes,16123,456,86.0,360.0,1.0,Rural,Y
LP008542,,No,0,Graduate,No,29471,1017,113.0,480.0,1.0,Rural,Y
LP008543,Female,Yes,3+,Not Graduate,No,59338,1119,142.0,360.0,0.0,Urban,Y
LP008544,Female,Yes,0,Graduate,No,11362,308,140.0,300.0,1.0,Semiurban,N
LP008545,Male,Yes,,Graduate,No,52976,552,147.0,300.0,1.0,Urban,Y
LP008546,Male,Yes,0,Not Graduate,No,4504,88,119.0,360.0,1.0,Urban,Y
LP008547,Female,Yes,2,Not Graduate,No,10146,247,223.0,360.0,1.0,Urban,Y
LP008548,,Yes,,Graduate,No,5934,1078,88.0,240.0,1.0,Urban,Y
LP008549,Male,No,2,Not Graduate,No,25176,3468,89.0,480.0,1.0,Rural,Y
LP008550,,Yes,2,Graduate,No,4717,714,102.0,300.0,1.0,Rural,Y
LP008551,Female,No,2,Graduate,Yes,18423,1057,118.0,360.0,1.0,Semiurban,Y
LP008552,Male,No,1,Graduate,No,4946,4420,,480.0,1.0,Urban,Y
LP008553,Female,Yes,0,Graduate,Yes,54514,2980,233.0,360.0,1.0,Urban,Y
LP008554,Male,Yes,0,Graduate,No,9903,2929,117.0,360.0,1.0,Semiurban,Y
LP008555,Male,Yes,1,Graduate,No,18076,1265,143.0,360.0,1.0,Urban,Y
LP008556,Female,No,0,Graduate,Yes,3193,609,,240.0,1.0,Rural,Y
LP008557,Male,Yes,1,Graduate,No,4040,1763,126.0,480.0,1.0,Urban,Y
LP008558,Male,Yes,1,Graduate,No,7196,5110,,300.0,1.0,Urban,N
LP008559,Female,Yes,1,Graduate,No,26381,9594,184.0,180.0,1.0,Urban,Y
LP008560,Female,No,0,Graduate,,22635,19676,199.0,480.0,1.0,Rural,Y
LP008561,Male,No,0,Graduate,No,31834,6874,100.0,360.0,1.0,Rural,Y
LP008562,Female,Yes,2,Graduate,Yes,3992,1155,116.0,360.0,1.0,Urban,N
LP008563,Female,Yes,0,Not Graduate,No,20040,259,190.0,480.0,,Rural,Y
LP008564,Female,Yes,1,Graduate,Yes,8536,2258,148.0,360.0,1.0,Urban,Y
LP008565,Male,,1,Graduate,No,6998,4088,146.0,300.0,1.0,Urban,Y
LP008566,Male,No,3+,Graduate,No,8692,51,,240.0,1.0,Semiurban,Y
LP008567,Female,No,2,Graduate,No,12171,185,199.0,360.0,,Semiurban,N
LP008568,Female,No,,Graduate,No,22670,633,115.0,300.0,1.0,Semiurban,Y
LP008569,Male,Yes,1,Graduate,No,32801,435,144.0,360.0,1.0,Semiurban,Y
LP008570,Male,Yes,0,Graduate,No,20269,159,144.0,360.0,1.0,Rural,Y
LP008571,Male,Yes,0,Graduate,No,22172,1730,101.0,360.0,0.0,Semiurban,Y
LP008572,Male,Yes,2,Graduate,No,57436,4863,164.0,360.0,1.0,Rural,Y
LP008573,Male,Yes,1,Graduate,No,23333,874,123.0,300.0,1.0,Rural,Y
LP008574,Male,No,1,Graduate,No,11259,149,149.0,300.0,1.0,Semiurban,N
LP008575,Female,Yes,0,Not Graduate,No,21266,1404,182.0,,1.0,Semiurban,Y
LP008576,Male,No,2,Graduate,No,52371,289,163.0,300.0,1.0,Semiurban,Y
LP008577,Female,Yes,0,Graduate,No,6658,326,105.0,360.0,1.0,Rural,N
LP008578,Male,Yes,2,Graduate,No,9464,3469,160.0,360.0,1.0,Rural,Y
LP008579,Male,Yes,1,Graduate,No,42620,4629,156.0,180.0,0.0,Semiurban,Y
LP008580,,Yes,0,Graduate,Yes,10589,774,121.0,360.0,1.0,Rural,Y
LP008581,Male,Yes,0,Graduate,Yes,24622,2636,106.0,480.0,1.0,Semiurban,Y
LP008582,Female,No,0,Graduate,No,37469,302,157.0,180.0,1.0,Semiurban,Y
LP008583,Female,Yes,2,Not Graduate,Yes,4891,2069,80.0,180.0,0.0,Rural,N
LP008584,Male,No,2,Graduate,No,9636,691,96.0,360.0,1.0,Urban,Y
LP008585,Male,No,1,Graduate,No,35022,223,85.0,480.0,1.0,Rural,Y
LP008586,Male,Yes,1,Not Graduate,No,12074,369,89.0,120.0,1.0,Semiurban,N
LP008587,Female,,1,Graduate,No,2657,1793,126.0,,1.0,Urban,N
LP008588,Female,Yes,1,Graduate,No,8884,185,203.0,180.0,1.0,Semiurban,N
LP008589,Male,No,1,Graduate,No,25224,782,180.0,240.0,1.0,Semiurban,Y
LP008590,Female,Yes,0,Graduate,No,37093,3952,206.0,360.0,1.0,Semiurban,Y
LP008591,Female,Yes,,Graduate,No,13914,607,119.0,300.0,0.0,Semiurban,Y
LP008592,,Yes,2,Graduate,No,19673,172,49.0,300.0,0.0,Urban,N
LP008593,Male,Yes,0,Graduate,Yes,9944,786,,240.0,1.0,Rural,N
LP008594,,No,2,Graduate,No,27516,2472,206.0,360.0,1.0,Urban,Y
LP008595,Female,No,1,Graduate,No,41779,231,130.0,360.0,1.0,Rural,Y
LP008596,,No,0,Not Graduate,No,24700,4557,148.0,360.0,1.0,Urban,Y
LP008597,Male,Yes,0,Not Graduate,No,12154,2740,139.0,360.0,0.0,Semiurban,N
LP008598,Male,Yes,1,Graduate,Yes,18907,1669,184.0,360.0,1.0,Rural,Y
LP008599,Male,Yes,2,Not Graduate,No,28623,2192,191.0,480.0,1.0,Urban,Y
LP008600,Female,Yes,2,Graduate,No,13659,1277,72.0,240.0,1.0,Semiurban,Y
LP008601,Male,Yes,1,Graduate,No,25347,1637,28.0,480.0,1.0,Urban,Y
LP008602,Female,Yes,0,Graduate,Yes,17966,1194,182.0,240.0,1.0,Urban,Y
LP008603,Female,Yes,0,Not Graduate,No,41584,3163,,360.0,0.0,Urban,N
LP008604,Male,Yes,0,Not Graduate,Yes,23391,5174,182.0,360.0,0.0,Urban,Y
LP008605,Male,,2,Graduate,No,8965,409,135.0,360.0,0.0,Semiurban,N
LP008606,Male,Yes,3+,Graduate,No,41093,472,176.0,360.0,1.0,Rural,Y
LP008607,Female,,0,Graduate,No,19303,685,143.0,360.0,1.0,Semiurban,Y
LP008608,Male,Yes,2,Graduate,No,11946,528,114.0,360.0,1.0,Semiurban,N
LP008609,Female,No,1,Graduate,Yes,4522,4275,130.0,120.0,0.0,Urban,Y
LP008610,Female,Yes,0,Graduate,No,16076,181,141.0,360.0,1.0,Urban,Y
LP008611,Male,No,,Graduate,No,57983,2103,180.0,300.0,1.0,Semiurban,Y
LP008612,Female,Yes,2,Graduate,No,1504,5790,141.0,240.0,1.0,Urban,N
LP008613,Female,Yes,0,Graduate,No,1553,547,96.0,300.0,1.0,Semiurban,N
LP008614,Male,Yes,,Graduate,No,24683,6415,233.0,360.0,1.0,Rural,Y
LP008615,Male,No,0,Not Graduate,No,16138,4397,165.0,360.0,1.0,Urban,Y
LP008616,Female,Yes,0,Graduate,No,22877,721,218.0,480.0,1.0,Rural,Y
LP008617,Female,Yes,0,Graduate,No,8768,2929,95.0,300.0,1.0,Rural,N
LP008618,Male,No,2,Graduate,No,2408,406,137.0,240.0,1.0,Semiurban,N
LP008619,,Yes,1,Not Graduate,No,6866,292,,300.0,0.0,Semiurban,N
LP008620,,Yes,2,Graduate,No,46537,628,182.0,180.0,1.0,Semiurban,Y
LP008621,Female,Yes,1,Graduate,No,9308,5543,55.0,360.0,0.0,Rural,N
LP008622,Male,Yes,1,Graduate,No,9373,632,57.0,240.0,0.0,Semiurban,N
LP008623,Male,Yes,2,Graduate,No,1630,1152,116.0,360.0,0.0,Semiurban,Y
LP008624,,Yes,1,Graduate,No,3153,328,177.0,480.0,1.0,Semiurban,Y
LP008625,Male,No,2,Graduate,,32472,3102,116.0,300.0,,Urban,Y
LP008626,Female,No,0,Not Graduate,Yes,10855,2974,143.0,300.0,1.0,Urban,N
LP008627,Male,Yes,1,Graduate,No,29524,470,152.0,240.0,0.0,Semiurban,Y
LP008628,Female,Yes,2,Graduate,No,7310,68,108.0,360.0,0.0,Semiurban,Y
LP008629,Male,No,2,Not Graduate,No,4128,710,223.0,,1.0,Urban,Y
LP008630,,No,0,Graduate,No,10842,1865,110.0,480.0,1.0,Semiurban,Y
LP008631,Female,No,1,Graduate,Yes,8447,1079,46.0,240.0,1.0,Semiurban,Y
LP008632,Male,Yes,1,Not Graduate,No,6860,1207,100.0,,1.0,Semiurban,N
LP008633,Male,No,0,Graduate,No,7005,1668,108.0,360.0,1.0,Semiurban,N
LP008634,Male,No,0,Not Graduate,No,11992,593,,180.0,1.0,Semiurban,N
LP008635,Male,Yes,0,Not Graduate,,9015,243,161.0,300.0,1.0,Urban,Y
LP008636,Female,Yes,2,Graduate,No,6337,2661,179.0,300.0,,Urban,Y
LP008637,Female,Yes,2,Graduate,No,56600,379,243.0,240.0,1.0,Urban,Y
LP008638,Male,Yes,0,Graduate,No,19271,259,151.0,480.0,1.0,Rural,Y
LP008639,Female,No,2,Graduate,No,15165,1998,192.0,300.0,1.0,Semiurban,Y
LP008640,Female,No,0,Graduate,No,12667,290,127.0,180.0,1.0,Rural,N
LP008641,Female,No,1,Graduate,No,22753,410,164.0,120.0,1.0,Rural,Y
LP008642,Male,No,2,Graduate,No,20444,7307,132.0,300.0,,Urban,N
LP008643,Male,Yes,2,Graduate,No,5840,7378,142.0,360.0,1.0,Rural,N
LP008644,Male,Yes,0,Graduate,No,3921,4580,158.0,240.0,1.0,Rural,N
LP008645,Male,No,2,Graduate,,2166,2727,199.0,360.0,1.0,Rural,Y
LP008646,Male,Yes,1,Not Graduate,,56024,4392,147.0,,1.0,Rural,Y
LP008647,Male,Yes,2,Graduate,No,9355,11557,147.0,300.0,1.0,Urban,Y
LP008648,Male,Yes,1,Not Graduate,No,21453,4076,,360.0,1.0,Semiurban,Y
LP008649,Female,Yes,2,Graduate,No,15703,1482,193.0,360.0,1.0,Semiurban,Y
LP008650,Male,Yes,0,Graduate,Yes,27723,3126,79.0,360.0,1.0,Rural,Y
LP008651,Male,Yes,1,Graduate,No,12687,627,162.0,480.0,1.0,Urban,N
LP008652,Male,Yes,1,Not Graduate,No,4617,1307,83.0,360.0,1.0,Semiurban,Y
LP008653,Male,No,1,Graduate,No,5827,1378,215.0,120.0,1.0,Semiurban,N
LP008654,Male,No,1,Not Graduate,No,10090,929,166.0,120.0,1.0,Urban,Y
LP008655,Male,No,3+,Not Graduate,No,3758,751,211.0,120.0,1.0,Urban,Y
LP008656,Male,Yes,2,Graduate,No,6744,5143,66.0,300.0,,Semiurban,N
LP008657,Male,No,0,Graduate,No,5120,349,141.0,300.0,,Semiurban,N
LP008658,Male,No,2,Graduate,No,10270,1309,193.0,360.0,1.0,Urban,Y
LP008659,,Yes,0,Graduate,Yes,8983,233,220.0,360.0,1.0,Urban,Y
LP008660,Female,No,1,Graduate,No,14699,98,167.0,480.0,1.0,Rural,N
LP008661,Male,Yes,2,Not Graduate,No,26464,4601,128.0,360.0,0.0,Semiurban,Y
LP008662,Male,No,0,Not Graduate,No,11002,5130,136.0,360.0,0.0,Urban,Y
LP008663,Male,Yes,2,Not Graduate,No,4016,612,97.0,240.0,1.0,Urban,Y
LP008664,Male,Yes,2,Graduate,No,2594,1165,223.0,360.0,1.0,Rural,Y
LP008665,Male,Yes,1,Graduate,No,15212,774,182.0,180.0,1.0,Urban,Y
LP008666,Male,Yes,0,Graduate,No,7844,775,,360.0,1.0,Urban,N
LP008667,,Yes,1,Graduate,No,11779,610,177.0,360.0,1.0,Semiurban,Y
LP008668,Male,No,3+,Not Graduate,No,17389,1904,144.0,300.0,1.0,Urban,Y
LP008669,Male,No,0,Not Graduate,No,42384,694,134.0,240.0,1.0,Semiurban,Y
LP008670,Female,No,1,Graduate,No,3301,1804,112.0,240.0,1.0,Urban,Y
LP008671,Female,Yes,0,Graduate,No,5943,8113,113.0,360.0,1.0,Rural,Y
LP008672,Male,No,,Graduate,No,12479,1750,169.0,,1.0,Semiurban,Y
LP008673,Male,Yes,2,Graduate,No,5366,1273,202.0,360.0,1.0,Rural,Y
LP008674,Male,No,0,Graduate,No,4059,552,133.0,360.0,0.0,Semiurban,N
LP008675,Male,Yes,3+,Graduate,No,38088,1077,110.0,,1.0,Rural,Y
LP008676,Male,Yes,1,Graduate,,5776,147,197.0,360.0,1.0,Semiurban,Y
LP008677,Male,No,1,Not Graduate,Yes,4687,6957,153.0,360.0,1.0,Urban,N
LP008678,Female,No,0,Graduate,No,5331,347,38.0,360.0,1.0,Semiurban,Y
LP008679,Male,Yes,3+,Not Graduate,No,31850,109,114.0,480.0,0.0,Urban,N
LP008680,Male,No,0,Graduate,No,7659,967,173.0,300.0,0.0,Semiurban,Y
LP008681,,Yes,,Not Graduate,No,4409,1677,110.0,240.0,1.0,Semiurban,N
LP008682,Female,No,0,Not Graduate,Yes,6821,5374,152.0,360.0,1.0,Urban,Y
LP008683,Male,Yes,1,Graduate,,12854,1471,87.0,360.0,1.0,Urban,Y
LP008684,Female,Yes,1,Graduate,No,27266,3329,129.0,180.0,1.0,Rural,Y
LP008685,Male,Yes,1,Graduate,No,25494,3346,95.0,240.0,1.0,Urban,Y
LP008686,Male,Yes,0,Graduate,No,7170,2976,88.0,120.0,1.0,Rural,Y
LP008687,Male,No,1,Graduate,,8735,281,112.0,360.0,1.0,Semiurban,Y
LP008688,Male,Yes,2,Graduate,Yes,71847,2024,193.0,240.0,1.0,Semiurban,Y
LP008689,Male,Yes,1,Not Graduate,No,29630,208,170.0,480.0,1.0,Urban,Y
LP008690,Male,Yes,0,Graduate,No,10922,12007,252.0,360.0,1.0,Rural,Y
LP008691,Male,Yes,0,Graduate,No,2130,2533,120.0,480.0,1.0,Semiurban,Y
LP008692,Female,No,0,Graduate,No,9255,518,200.0,300.0,1.0,Urban,N
LP008693,Male,Yes,0,Not Graduate,No,4622,1721,242.0,480.0,1.0,Semiurban,N
LP008694,Male,Yes,0,Graduate,No,6699,326,205.0,480.0,1.0,Urban,Y
LP008695,Male,Yes,1,Graduate,No,6171,169,206.0,180.0,,Semiurban,Y
LP008696,Female,Yes,0,Not Graduate,,11103,3140,156.0,180.0,1.0,Urban,Y
LP008697,Female,No,1,Graduate,Yes,14126,337,161.0,300.0,1.0,Urban,Y
LP008698,Male,Yes,3+,Graduate,No,7440,882,103.0,300.0,1.0,Rural,N
LP008699,Male,Yes,3+,Graduate,No,4807,1403,16.0,360.0,1.0,Semiurban,Y
LP008700,Male,No,2,Graduate,No,11577,881,160.0,180.0,0.0,Urban,N
LP008701,Female,Yes,0,Graduate,,8967,319,102.0,360.0,1.0,Semiurban,N
LP008702,Female,No,0,Not Graduate,,2927,1179,128.0,240.0,1.0,Urban,N
LP008703,Male,Yes,2,Graduate,No,21721,1309,108.0,240.0,1.0,Semiurban,Y
LP008704,Male,No,0,Graduate,No,7457,3119,166.0,360.0,1.0,Urban,Y
LP008705,Male,Yes,0,Graduate,No,10769,20616,,180.0,1.0,Urban,Y
LP008706,Male,Yes,1,Graduate,No,11205,102,212.0,360.0,1.0,Urban,Y
LP008707,Female,Yes,0,Graduate,No,13195,420,113.0,180.0,1.0,Urban,Y
LP008708,Male,No,2,Not Graduate,No,15015,1433,159.0,360.0,1.0,Semiurban,Y
LP008709,Male,No,2,Not Graduate,No,4704,3688,140.0,360.0,0.0,Urban,Y
LP008710,Female,Yes,2,Graduate,No,17152,1661,135.0,360.0,1.0,Urban,Y
LP008711,Female,No,2,Graduate,No,10144,4220,146.0,300.0,1.0,Semiurban,Y
LP008712,Male,Yes,,Graduate,No,31810,185,226.0,240.0,0.0,Rural,Y
LP008713,Female,No,2,Not Graduate,No,25641,749,,360.0,1.0,Semiurban,Y
LP008714,Male,No,0,Graduate,No,38492,6335,127.0,180.0,1.0,Semiurban,Y
LP008715,Female,Yes,1,Graduate,No,6306,390,119.0,480.0,1.0,Urban,Y
LP008716,Female,No,0,Not Graduate,No,37396,33,110.0,360.0,1.0,Urban,Y
LP008717,Male,Yes,2,Graduate,No,14403,411,155.0,360.0,0.0,Rural,N
LP008718,Female,Yes,3+,Graduate,,23205,1853,74.0,480.0,1.0,Rural,Y
LP008719,Female,Yes,0,Graduate,No,22914,1007,139.0,360.0,1.0,Urban,Y
LP008720,Male,No,0,Graduate,Yes,19288,234,169.0,180.0,0.0,Rural,Y
LP008721,,No,0,Graduate,Yes,5593,461,113.0,300.0,1.0,Urban,Y
LP008722,Female,No,1,Graduate,No,28683,222,152.0,360.0,1.0,Rural,Y
LP008723,Male,No,0,Graduate,No,17700,255,163.0,360.0,1.0,Semiurban,Y
LP008724,Male,No,2,Graduate,No,4111,381,61.0,120.0,1.0,Urban,N
LP008725,Female,Yes,,Graduate,No,9072,1244,160.0,240.0,1.0,Urban,Y
LP008726,Female,Yes,1,Not Graduate,No,5062,62,127.0,360.0,0.0,Rural,N
LP008727,Male,Yes,2,Graduate,No,4268,5647,242.0,360.0,1.0,Urban,Y
LP008728,Male,Yes,0,Graduate,Yes,26440,968,159.0,360.0,1.0,Urban,Y
LP008729,Male,Yes,0,Graduate,No,4090,290,104.0,480.0,1.0,Urban,Y
LP008730,Male,Yes,2,Graduate,No,4642,340,59.0,360.0,1.0,Semiurban,N
LP008731,,No,2,Graduate,No,65028,511,147.0,360.0,1.0,Urban,Y
LP008732,Female,No,0,Graduate,No,9336,1104,215.0,360.0,1.0,Rural,Y
LP008733,Male,Yes,0,Not Graduate,Yes,22609,1315,119.0,300.0,0.0,Rural,Y
LP008734,Male,No,,Graduate,No,32855,869,165.0,360.0,1.0,Urban,Y
LP008735,Male,Yes,0,Graduate,No,24819,442,187.0,360.0,1.0,Semiurban,Y
LP008736,Female,No,0,Not Graduate,No,15057,1082,184.0,360.0,,Semiurban,Y
LP008737,Male,Yes,1,Graduate,No,12967,91,149.0,360.0,1.0,Semiurban,N
LP008738,Male,Yes,2,Graduate,No,20539,255,117.0,360.0,0.0,Urban,N
LP008739,Male,No,0,Graduate,No,11161,487,137.0,480.0,1.0,Rural,Y
LP008740,Male,Yes,1,Graduate,No,23293,219,96.0,360.0,1.0,Urban,Y
LP008741,Male,Yes,0,Not Graduate,No,10859,843,102.0,360.0,1.0,Urban,Y
LP008742,Male,Yes,1,Graduate,No,11891,220,199.0,360.0,1.0,Urban,Y
LP008743,Male,Yes,1,Graduate,No,60198,8566,166.0,300.0,1.0,Urban,Y
LP008744,Male,No,2,Not Graduate,No,9096,190,164.0,360.0,1.0,Urban,N
LP008745,Male,Yes,0,Graduate,Yes,13566,6724,,360.0,0.0,Urban,Y
LP008746,Male,No,0,Graduate,Yes,18853,98,209.0,360.0,1.0,Urban,Y
LP008747,Male,Yes,1,Graduate,,19847,12162,138.0,240.0,1.0,Semiurban,Y
LP008748,Male,Yes,0,Not Graduate,Yes,16886,2210,156.0,300.0,0.0,Semiurban,Y
LP008749,Male,Yes,0,Graduate,No,4913,2835,208.0,360.0,0.0,Rural,Y
LP008750,Male,No,0,Graduate,No,15208,213,113.0,480.0,1.0,Rural,Y
LP008751,Female,Yes,1,Graduate,No,16224,744,118.0,300.0,1.0,Urban,Y
LP008752,Male,Yes,0,Not Graduate,No,33255,805,201.0,180.0,1.0,Rural,Y
LP008753,Male,,3+,Not Graduate,,24134,971,190.0,360.0,1.0,Semiurban,Y
LP008754,Male,Yes,1,Graduate,No,35055,5049,167.0,360.0,1.0,Rural,Y
LP008755,Female,No,0,Not Graduate,No,5987,2513,41.0,360.0,1.0,Urban,Y
LP008756,Female,Yes,1,Not Graduate,No,6022,898,213.0,360.0,1.0,Urban,Y
LP008757,Male,Yes,0,Graduate,No,17369,3637,119.0,240.0,1.0,Semiurban,Y
LP008758,Male,Yes,1,Graduate,No,33066,4535,121.0,120.0,,Urban,Y
LP008759,Male,Yes,1,Graduate,No,11380,554,139.0,360.0,1.0,Semiurban,Y
LP008760,Male,Yes,1,Graduate,No,7389,535,90.0,360.0,1.0,Urban,Y
LP008761,Male,Yes,2,Graduate,No,3710,14676,210.0,180.0,1.0,Semiurban,Y
LP008762,Female,,0,Graduate,No,17861,822,158.0,480.0,1.0,Semiurban,Y
LP008763,Male,Yes,3+,Graduate,No,12205,506,184.0,480.0,,Urban,Y
LP008764,Female,Yes,2,Graduate,Yes,9441,911,111.0,360.0,1.0,Semiurban,N
LP008765,Male,No,0,Not Graduate,No,27560,3981,199.0,180.0,1.0,Urban,Y
LP008766,Female,No,0,Graduate,No,12463,2596,221.0,240.0,1.0,Rural,Y
LP008767,Female,Yes,0,Graduate,No,13369,943,86.0,300.0,1.0,Rural,N
LP008768,Male,Yes,0,Not Graduate,No,27443,2284,93.0,180.0,0.0,Semiurban,Y
LP008769,Male,No,,Graduate,,77079,1480,109.0,360.0,1.0,Urban,Y
LP008770,Male,No,0,Not Graduate,No,9362,924,196.0,180.0,1.0,Rural,Y
LP008771,Male,Yes,3+,Graduate,,6627,765,159.0,240.0,1.0,Semiurban,Y
LP008772,Male,No,0,Graduate,No,6055,1309,146.0,300.0,1.0,Urban,Y
LP008773,Male,No,0,Graduate,,19564,665,168.0,300.0,1.0,Semiurban,Y
LP008774,,Yes,0,Graduate,No,5583,1193,246.0,240.0,1.0,Semiurban,N
LP008775,Female,Yes,,Graduate,No,9911,1033,62.0,480.0,1.0,Semiurban,Y
LP008776,Male,No,2,Graduate,No,10633,192,134.0,480.0,0.0,Semiurban,N
LP008777,Female,Yes,1,Not Graduate,,46402,581,-3.0,360.0,1.0,Urban,Y
LP008778,Male,No,0,Graduate,No,34692,804,,180.0,1.0,Urban,Y
LP008779,Female,No,2,Graduate,Yes,3907,10215,204.0,360.0,1.0,Rural,Y
LP008780,Male,No,2,Graduate,No,47470,905,134.0,480.0,1.0,Rural,Y
LP008781,Male,Yes,2,Graduate,Yes,5049,1522,182.0,480.0,1.0,Semiurban,Y
LP008782,Female,Yes,2,Not Graduate,No,15187,14495,73.0,360.0,,Semiurban,Y
LP008783,Male,Yes,1,Graduate,Yes,6852,164,173.0,240.0,0.0,Urban,Y
LP008784,Female,No,1,Graduate,No,9792,173,272.0,360.0,1.0,Urban,Y
LP008785,Male,No,0,Graduate,Yes,6097,430,130.0,360.0,1.0,Urban,Y
LP008786,Male,Yes,0,Graduate,,51042,735,170.0,300.0,1.0,Rural,Y
LP008787,Male,Yes,1,Not Graduate,No,11943,830,120.0,180.0,1.0,Semiurban,Y
LP008788,Female,No,2,Not Graduate,No,16002,594,158.0,240.0,1.0,Urban,Y
LP008789,Male,No,1,Graduate,Yes,5665,249,205.0,360.0,0.0,Semiurban,N
LP008790,Female,Yes,3+,Graduate,No,4306,3529,179.0,240.0,1.0,Rural,Y
LP008791,Female,Yes,0,Graduate,No,9364,635,144.0,300.0,1.0,Semiurban,N
LP008792,Male,No,1,Graduate,No,20275,4542,144.0,360.0,,Urban,Y
LP008793,Male,No,1,Graduate,No,12122,323,89.0,480.0,1.0,Urban,Y
LP008794,Female,No,1,Graduate,No,29133,11517,,120.0,1.0,Urban,Y
LP008795,Male,Yes,1,Not Graduate,No,14754,148,187.0,360.0,1.0,Semiurban,Y
LP008796,Male,Yes,0,Graduate,No,13429,1077,87.0,180.0,1.0,Rural,Y
LP008797,Male,Yes,0,Graduate,No,20498,330,158.0,480.0,1.0,Urban,Y
LP008798,Male,No,3+,Not Graduate,No,14475,1144,103.0,360.0,1.0,Semiurban,Y
LP008799,Male,No,0,Not Graduate,No,28430,338,127.0,300.0,1.0,Urban,Y
LP008800,Male,No,1,Graduate,No,20830,83,190.0,360.0,1.0,Rural,Y
LP008801,Female,Yes,1,Not Graduate,No,27688,429,199.0,360.0,1.0,Semiurban,Y
LP008802,Male,No,0,Not Graduate,No,23698,7445,185.0,360.0,1.0,Urban,Y
LP008803,Male,Yes,2,Graduate,No,39664,330,136.0,480.0,1.0,Urban,Y
LP008804,Female,Yes,2,Not Graduate,No,25929,2018,173.0,480.0,1.0,Semiurban,Y
LP008805,Female,Yes,3+,Graduate,No,54072,1104,111.0,180.0,0.0,Semiurban,N
LP008806,Female,No,0,Graduate,No,8665,635,187.0,360.0,1.0,Rural,Y
LP008807,Male,No,1,Graduate,No,26051,12733,,360.0,1.0,Semiurban,Y
LP008808,Female,Yes,2,Not Graduate,Yes,4426,751,126.0,360.0,1.0,Urban,N
LP008809,Male,Yes,3+,Graduate,No,28499,1343,113.0,480.0,1.0,Rural,Y
LP008810,Male,,3+,Graduate,No,13976,1215,183.0,360.0,1.0,Rural,Y
LP008811,Male,Yes,2,Graduate,,28266,7259,143.0,240.0,1.0,Urban,Y
LP008812,Male,No,0,Graduate,No,51205,181,125.0,360.0,1.0,Rural,Y
LP008813,Female,Yes,0,Graduate,No,25358,16203,125.0,300.0,0.0,Urban,Y
LP008814,Male,Yes,2,Graduate,No,9602,6790,87.0,300.0,1.0,Semiurban,Y
LP008815,,Yes,2,Graduate,Yes,5594,1767,158.0,360.0,0.0,Semiurban,N
LP008816,Female,,2,Not Graduate,No,20512,2302,164.0,240.0,1.0,Rural,Y
LP008817,Male,Yes,0,Graduate,Yes,10628,834,75.0,360.0,1.0,Urban,Y
LP008818,Male,Yes,,Not Graduate,No,22717,1313,96.0,360.0,1.0,Urban,Y
LP008819,Male,Yes,0,Graduate,,8907,1815,67.0,480.0,1.0,Semiurban,N
LP008820,Male,Yes,1,Graduate,No,6351,368,210.0,,1.0,Semiurban,Y
LP008821,Male,No,0,Graduate,No,11010,6790,180.0,300.0,1.0,Rural,Y
LP008822,Female,Yes,3+,Graduate,No,19945,1435,205.0,360.0,1.0,Urban,Y
LP008823,Male,Yes,0,Not Graduate,No,14731,1299,231.0,360.0,1.0,Semiurban,Y
LP008824,Male,No,1,Graduate,No,6971,387,171.0,180.0,1.0,Semiurban,Y
LP008825,Female,Yes,0,Graduate,No,56410,4463,146.0,300.0,1.0,Semiurban,Y
LP008826,Male,Yes,1,Graduate,No,11956,1037,159.0,,1.0,Rural,N
LP008827,Female,No,1,Graduate,No,2187,583,117.0,300.0,1.0,Urban,Y
LP008828,Male,No,3+,Graduate,No,28165,297,109.0,360.0,1.0,Urban,Y
LP008829,Male,No,0,Graduate,No,13241,903,128.0,360.0,1.0,Semiurban,N
LP008830,Male,Yes,0,Graduate,No,11656,269,137.0,480.0,1.0,Semiurban,N
LP008831,Male,No,2,Graduate,No,11472,1660,66.0,360.0,0.0,Semiurban,N
LP008832,Male,Yes,0,Graduate,No,11524,2777,88.0,300.0,1.0,Semiurban,Y
LP008833,Female,Yes,0,Graduate,No,50776,684,86.0,300.0,1.0,Urban,Y
LP008834,Male,No,1,Graduate,No,19372,1455,84.0,300.0,1.0,Urban,Y
LP008835,Female,Yes,1,Graduate,No,16453,4741,181.0,240.0,1.0,Urban,Y
LP008836,Male,No,0,Not Graduate,No,10827,891,133.0,360.0,0.0,Semiurban,N
LP008837,Male,,0,Graduate,No,53251,966,140.0,240.0,1.0,Rural,Y
LP008838,Male,Yes,2,Graduate,No,26221,1103,169.0,240.0,1.0,Urban,Y
LP008839,Female,No,1,Graduate,No,29473,646,191.0,180.0,1.0,Urban,Y
LP008840,Male,Yes,0,Graduate,No,16689,719,172.0,240.0,1.0,Rural,Y
LP008841,Male,No,0,Graduate,No,29731,435,231.0,300.0,1.0,Urban,Y
LP008842,Female,No,1,Graduate,No,18298,1836,151.0,180.0,1.0,Urban,Y
LP008843,Male,No,0,Graduate,No,9926,1006,159.0,360.0,1.0,Semiurban,Y
LP008844,Female,Yes,2,Graduate,No,17953,2249,119.0,360.0,1.0,Urban,Y
LP008845,Male,Yes,1,Graduate,No,71515,3737,55.0,300.0,1.0,Rural,Y
LP008846,,No,1,Graduate,No,15725,310,153.0,360.0,1.0,Semiurban,Y
LP008847,Female,No,3+,Graduate,Yes,36906,401,193.0,,1.0,Urban,Y
LP008848,Female,Yes,0,Graduate,No,34651,2515,112.0,180.0,1.0,Urban,Y
LP008849,Male,No,0,Graduate,No,20958,808,124.0,360.0,1.0,Urban,Y
LP008850,Male,Yes,1,Graduate,No,50282,1208,198.0,480.0,1.0,Urban,Y
LP008851,Female,No,,Graduate,No,2348,1212,147.0,300.0,1.0,Rural,N
LP008852,Male,Yes,0,Graduate,No,3074,351,103.0,360.0,1.0,Urban,Y
LP008853,Male,Yes,0,Graduate,No,53223,2012,,360.0,1.0,Urban,Y
LP008854,Female,Yes,0,Not Graduate,No,7959,1478,182.0,360.0,,Urban,N
LP008855,Male,Yes,0,Graduate,Yes,14609,326,143.0,360.0,1.0,Semiurban,N
LP008856,Male,No,,Graduate,No,54201,899,142.0,240.0,1.0,Rural,Y
LP008857,Male,Yes,1,Graduate,No,15673,962,81.0,180.0,,Urban,Y
LP008858,Male,No,1,Graduate,No,51621,2689,173.0,120.0,,Urban,Y
LP008859,Male,Yes,0,Graduate,No,9792,4481,201.0,240.0,0.0,Semiurban,N
LP008860,Female,Yes,0,Graduate,No,21866,1085,131.0,180.0,1.0,Rural,Y
LP008861,Male,Yes,0,Graduate,No,13995,145,170.0,120.0,1.0,Urban,N
LP008862,Female,Yes,0,Graduate,No,44024,2621,129.0,180.0,1.0,Urban,Y
LP008863,Female,Yes,0,Graduate,Yes,10836,15331,179.0,120.0,1.0,Semiurban,Y
LP008864,Female,Yes,0,Graduate,No,6176,2595,174.0,360.0,,Semiurban,N
LP008865,,No,1,Not Graduate,No,9190,790,,180.0,0.0,Semiurban,N
LP008866,Female,Yes,2,Not Graduate,No,9522,1774,43.0,480.0,0.0,Urban,N
LP008867,Male,,,Not Graduate,No,7960,2864,110.0,360.0,0.0,Rural,Y
LP008868,Male,No,3+,Graduate,No,7700,1255,167.0,480.0,1.0,Semiurban,Y
LP008869,Female,Yes,2,Not Graduate,,32773,5313,194.0,300.0,1.0,Semiurban,Y
LP008870,Male,Yes,3+,Not Graduate,No,41202,281,119.0,180.0,1.0,Urban,Y
LP008871,Female,Yes,2,Not Graduate,No,18279,675,217.0,360.0,1.0,Semiurban,Y
LP008872,Male,Yes,1,Graduate,No,7959,1902,224.0,240.0,1.0,Semiurban,Y
LP008873,Female,Yes,1,Not Graduate,Yes,8373,2535,184.0,120.0,1.0,Rural,N
LP008874,Male,Yes,0,Graduate,Yes,2544,568,93.0,240.0,1.0,Urban,Y
LP008875,Female,No,2,Graduate,No,18101,636,185.0,,1.0,Urban,Y
LP008876,Male,No,1,Graduate,,7737,492,123.0,300.0,1.0,Urban,Y
LP008877,Male,Yes,1,Not Graduate,No,43342,448,120.0,240.0,1.0,Semiurban,Y
LP008878,Male,,,Graduate,No,4436,2044,172.0,360.0,1.0,Rural,N
LP008879,Male,Yes,1,Graduate,No,8317,1048,171.0,480.0,1.0,Rural,Y
LP008880,Male,Yes,1,Not Graduate,No,12376,5201,,360.0,1.0,Rural,Y
LP008881,Male,Yes,0,Graduate,No,19383,295,182.0,180.0,1.0,Urban,Y
LP008882,Male,Yes,2,Not Graduate,No,56520,908,147.0,300.0,1.0,Urban,Y
LP008883,Male,Yes,2,Not Graduate,,4463,2651,77.0,360.0,1.0,Semiurban,N
LP008884,Male,Yes,2,Graduate,Yes,10492,1657,254.0,180.0,,Rural,N
LP008885,Female,No,2,Graduate,No,4261,293,130.0,360.0,1.0,Rural,Y
LP008886,Female,,0,Graduate,,25133,4370,114.0,360.0,0.0,Urban,Y
LP008887,Female,Yes,3+,Not Graduate,No,7962,1230,89.0,180.0,1.0,Semiurban,N
LP008888,Female,No,0,Not Graduate,,12300,10943,157.0,360.0,1.0,Semiurban,Y
LP008889,Male,No,2,Graduate,Yes,11639,935,151.0,480.0,1.0,Rural,N
LP008890,Male,Yes,0,Graduate,Yes,14662,4401,143.0,360.0,1.0,Semiurban,Y
LP008891,Male,Yes,1,Graduate,No,11789,713,224.0,480.0,1.0,Semiurban,N
LP008892,Female,Yes,2,Graduate,No,6140,826,182.0,360.0,1.0,Rural,Y
LP008893,,Yes,1,Graduate,No,14298,1983,99.0,360.0,1.0,Semiurban,Y
LP008894,Male,Yes,1,Graduate,Yes,7076,142,253.0,360.0,1.0,Rural,Y
LP008895,Male,Yes,1,Graduate,Yes,25633,97,74.0,300.0,1.0,Urban,Y
LP008896,Male,Yes,1,Graduate,No,13987,486,144.0,240.0,1.0,Urban,Y
LP008897,Male,Yes,0,Graduate,No,5815,230,113.0,180.0,1.0,Semiurban,N
LP008898,Male,Yes,1,Not Graduate,No,91628,73,168.0,480.0,1.0,Urban,Y
LP008899,Male,Yes,0,Graduate,No,50366,2673,181.0,360.0,1.0,Semiurban,Y
LP008900,Female,,1,Graduate,No,94351,424,129.0,360.0,1.0,Urban,Y
LP008901,Male,Yes,0,Graduate,No,10154,726,202.0,,1.0,Rural,N
LP008902,Female,Yes,1,Graduate,No,6848,1295,159.0,360.0,1.0,Rural,Y
LP008903,Female,No,,Graduate,No,25468,2009,223.0,360.0,0.0,Semiurban,N
LP008904,Female,Yes,0,Not Graduate,No,32416,1539,196.0,300.0,1.0,Semiurban,Y
LP008905,Female,Yes,1,Graduate,No,15636,1397,126.0,360.0,0.0,Urban,Y
LP008906,Female,Yes,1,Graduate,Yes,2482,1926,202.0,180.0,1.0,Urban,N
LP008907,,No,3+,Graduate,No,6094,602,117.0,360.0,1.0,Urban,Y
LP008908,Female,No,2,Graduate,No,18732,466,181.0,,1.0,Rural,Y
LP008909,Male,Yes,2,Graduate,Yes,7878,68,176.0,180.0,1.0,Semiurban,N
LP008910,Female,Yes,1,Graduate,No,4482,2358,124.0,240.0,1.0,Rural,Y
LP008911,Female,Yes,0,Graduate,No,10871,481,50.0,360.0,1.0,Semiurban,Y
LP008912,Female,Yes,0,Graduate,Yes,994,11851,223.0,240.0,1.0,Urban,Y
LP008913,Female,No,0,Graduate,No,8244,2658,170.0,360.0,1.0,Rural,Y
LP008914,Male,Yes,,Not Graduate,,9501,3429,151.0,180.0,,Semiurban,N
LP008915,Male,Yes,0,Graduate,No,17125,2557,150.0,240.0,1.0,Urban,Y
LP008916,Male,Yes,1,Graduate,No,20704,2073,198.0,360.0,1.0,Rural,Y
LP008917,Male,Yes,0,Graduate,No,18072,1941,259.0,300.0,1.0,Rural,Y
LP008918,Female,No,0,Graduate,No,27386,2170,195.0,360.0,1.0,Rural,Y
LP008919,,Yes,0,Graduate,No,11679,1352,168.0,300.0,1.0,Rural,Y
LP008920,Male,No,1,Graduate,No,4169,523,164.0,300.0,1.0,Urban,Y
LP008921,Male,Yes,1,Graduate,No,13840,266,168.0,360.0,1.0,Rural,Y
LP008922,Male,Yes,1,Graduate,No,6631,1821,99.0,360.0,1.0,Rural,Y
LP008923,,Yes,1,Graduate,No,4511,5165,179.0,480.0,1.0,Rural,N
LP008924,Female,Yes,2,Graduate,,21230,943,84.0,300.0,0.0,Semiurban,Y
LP008925,Male,Yes,2,Graduate,No,4314,1315,172.0,360.0,1.0,Urban,Y
LP008926,Male,,2,Not Graduate,,23021,225,,360.0,,Urban,N
LP008927,Male,No,1,Graduate,No,4751,636,193.0,360.0,1.0,Rural,Y
LP008928,Male,Yes,0,Graduate,No,10588,250,169.0,300.0,1.0,Urban,Y
LP008929,Male,Yes,3+,Graduate,No,8508,272,132.0,360.0,1.0,Urban,N
LP008930,Female,Yes,0,Graduate,No,33173,1234,99.0,360.0,1.0,Semiurban,Y
LP008931,Male,Yes,0,Not Graduate,No,21492,1023,223.0,480.0,1.0,Urban,Y
LP008932,Male,No,1,Not Graduate,No,6909,2821,145.0,480.0,1.0,Semiurban,N
LP008933,Male,Yes,1,Graduate,Yes,11777,2750,236.0,240.0,0.0,Rural,Y
LP008934,Female,No,0,Graduate,,38697,384,88.0,360.0,1.0,Urban,Y
LP008935,Female,Yes,2,Not Graduate,No,44108,107,137.0,360.0,1.0,Urban,Y
LP008936,Female,No,1,Graduate,No,4469,351,37.0,480.0,1.0,Semiurban,N
LP008937,Male,No,1,Graduate,Yes,38290,467,187.0,180.0,0.0,Semiurban,Y
LP008938,Female,No,1,Graduate,No,36015,2126,191.0,480.0,0.0,Rural,Y
LP008939,Male,Yes,1,Graduate,No,15411,2286,119.0,240.0,1.0,Semiurban,Y
LP008940,Male,Yes,0,Graduate,No,12424,1037,117.0,360.0,1.0,Urban,N
LP008941,Male,Yes,0,Not Graduate,,8601,2665,130.0,360.0,1.0,Rural,Y
LP008942,Male,Yes,0,Graduate,No,4901,23735,138.0,360.0,1.0,Semiurban,Y
LP008943,Female,Yes,2,Graduate,Yes,17520,951,122.0,360.0,1.0,Semiurban,Y
LP008944,Female,No,1,Not Graduate,No,11660,829,204.0,480.0,1.0,Rural,Y
LP008945,Male,Yes,1,Not Graduate,,18919,399,126.0,360.0,1.0,Urban,Y
LP008946,Female,No,1,Graduate,No,19284,1607,55.0,300.0,1.0,Semiurban,Y
LP008947,Female,Yes,1,Graduate,No,100139,4293,,,1.0,Rural,Y
LP008948,Female,No,0,Graduate,No,34799,602,124.0,240.0,1.0,Urban,Y
LP008949,Male,Yes,,Graduate,No,20692,685,84.0,180.0,1.0,Semiurban,Y
LP008950,Male,Yes,2,Graduate,No,2417,586,159.0,480.0,0.0,Urban,N
LP008951,Male,No,1,Graduate,No,18285,275,53.0,,1.0,Semiurban,Y
LP008952,Female,Yes,1,Not Graduate,No,47373,1288,169.0,480.0,1.0,Urban,Y
LP008953,Male,No,1,Not Graduate,No,9494,1344,148.0,360.0,0.0,Semiurban,N
LP008954,Male,Yes,2,Graduate,No,77075,1043,121.0,480.0,1.0,Semiurban,Y
LP008955,Male,Yes,,Not Graduate,No,20642,9965,92.0,360.0,1.0,Urban,Y
LP008956,Male,No,,Graduate,No,16909,1772,76.0,360.0,0.0,Urban,Y
LP008957,Female,Yes,2,Graduate,Yes,6047,287,194.0,240.0,0.0,Urban,N
LP008958,Female,No,0,Not Graduate,No,44487,2342,135.0,240.0,1.0,Semiurban,Y
LP008959,Female,Yes,0,Graduate,No,6873,729,66.0,300.0,1.0,Urban,Y
LP008960,Female,No,0,Not Graduate,No,8505,739,149.0,120.0,1.0,Semiurban,N
LP008961,Male,Yes,2,Graduate,No,2966,890,136.0,360.0,,Semiurban,N
LP008962,Male,Yes,,Graduate,No,27362,778,220.0,360.0,1.0,Urban,Y
LP008963,Male,Yes,2,Graduate,No,21378,1516,129.0,180.0,1.0,Rural,Y
LP008964,Male,,3+,Graduate,No,13469,13884,198.0,360.0,1.0,Urban,Y
LP008965,Male,Yes,0,Graduate,No,24153,704,139.0,360.0,1.0,Rural,Y
LP008966,Female,,,Not Graduate,Yes,22399,1220,90.0,180.0,1.0,Semiurban,Y
LP008967,Male,Yes,1,Graduate,No,9972,1452,173.0,240.0,1.0,Urban,Y
LP008968,Female,Yes,3+,Graduate,No,7130,592,210.0,240.0,1.0,Rural,N
LP008969,Male,Yes,0,Graduate,No,3387,677,195.0,360.0,1.0,Semiurban,Y
LP008970,Male,Yes,3+,Not Graduate,No,11589,3612,165.0,480.0,1.0,Semiurban,Y
LP008971,Male,Yes,0,Graduate,No,4691,594,199.0,360.0,1.0,Urban,Y
LP008972,Male,Yes,2,Graduate,No,15216,377,158.0,360.0,1.0,Semiurban,Y
LP008973,Male,Yes,,Not Graduate,No,11750,9316,154.0,240.0,1.0,Semiurban,Y
LP008974,Male,,2,Not Graduate,No,9685,258,76.0,360.0,1.0,Urban,N
LP008975,Male,Yes,0,Graduate,Yes,30859,3165,160.0,,0.0,Urban,Y
LP008976,Male,No,0,Graduate,No,6068,861,225.0,360.0,0.0,Rural,Y
LP008977,Male,Yes,0,Graduate,No,3046,255,68.0,240.0,1.0,Rural,Y
LP008978,Female,No,1,Not Graduate,No,11155,697,84.0,120.0,1.0,Semiurban,N
LP008979,Female,Yes,1,Not Graduate,No,7391,836,133.0,360.0,1.0,Rural,Y
LP008980,Male,Yes,3+,Not Graduate,No,14724,155,82.0,240.0,1.0,Rural,Y
LP008981,Female,No,1,Graduate,No,6432,1832,184.0,360.0,1.0,Semiurban,Y
LP008982,Female,No,0,Not Graduate,No,18702,1623,63.0,360.0,1.0,Semiurban,Y
LP008983,Female,Yes,0,Graduate,Yes,6134,721,184.0,360.0,,Urban,N
LP008984,Male,Yes,0,Graduate,No,6081,1935,200.0,480.0,1.0,Semiurban,Y
LP008985,Male,Yes,2,Graduate,,21876,1400,182.0,360.0,1.0,Urban,Y
LP008986,Female,Yes,2,Not Graduate,No,12872,5179,151.0,,1.0,Rural,Y
LP008987,Male,No,3+,Graduate,No,5168,300,176.0,240.0,1.0,Semiurban,Y
LP008988,Female,Yes,1,Graduate,Yes,6238,771,92.0,360.0,1.0,Semiurban,Y
LP008989,Female,Yes,0,Not Graduate,No,9914,3645,162.0,300.0,1.0,Rural,N
LP008990,Male,Yes,0,Graduate,Yes,5354,2099,119.0,300.0,1.0,Semiurban,N
LP008991,Male,Yes,1,Graduate,No,10611,69,194.0,300.0,1.0,Semiurban,Y
LP008992,Male,Yes,3+,Graduate,Yes,10914,147,185.0,300.0,1.0,Rural,Y
LP008993,Male,No,0,Graduate,No,6414,1097,109.0,480.0,1.0,Rural,N
LP008994,Male,Yes,0,Graduate,No,22472,7846,167.0,240.0,1.0,Rural,Y
LP008995,Male,No,2,Not Graduate,,5905,653,169.0,300.0,1.0,Urban,Y
LP008996,,Yes,1,Graduate,No,36189,2389,126.0,300.0,1.0,Semiurban,Y
LP008997,Male,Yes,0,Not Graduate,No,11217,1210,151.0,240.0,1.0,Rural,Y
LP008998,Female,Yes,2,Not Graduate,No,7881,2196,175.0,240.0,1.0,Rural,Y
LP008999,Male,Yes,0,Graduate,,20568,3963,127.0,300.0,1.0,Urban,Y
LP009000,Female,No,3+,Not Graduate,No,13733,3405,105.0,360.0,0.0,Rural,Y
LP009001,,Yes,0,Graduate,,24536,3264,161.0,360.0,1.0,Semiurban,Y
LP009002,Male,,0,Graduate,No,2695,524,224.0,360.0,1.0,Rural,N
LP009003,Female,Yes,0,Not Graduate,No,20200,914,142.0,180.0,1.0,Rural,Y
LP009004,Male,Yes,0,Graduate,No,8818,2043,132.0,300.0,1.0,Semiurban,Y
LP009005,Female,No,1,Graduate,,13767,1956,110.0,300.0,1.0,Rural,N
LP009006,Male,Yes,1,Graduate,Yes,12449,2238,207.0,360.0,1.0,Urban,N
LP009007,,No,1,Graduate,No,39233,131,193.0,240.0,1.0,Urban,Y
LP009008,Male,Yes,1,Not Graduate,No,3015,4612,142.0,240.0,0.0,Rural,Y
LP009009,Male,Yes,0,Not Graduate,No,48594,142,,180.0,1.0,Urban,Y
LP009010,Male,Yes,0,Graduate,No,23509,445,110.0,360.0,,Rural,Y
LP009011,,No,3+,Graduate,No,15088,1386,,360.0,1.0,Rural,Y
LP009012,Male,No,2,Graduate,No,4243,1058,125.0,360.0,1.0,Semiurban,Y
LP009013,Male,Yes,0,Graduate,No,3506,6017,121.0,360.0,1.0,Urban,Y
LP009014,Male,Yes,1,Graduate,No,8529,269,113.0,240.0,1.0,Semiurban,Y
LP009015,Male,Yes,1,Graduate,No,22205,708,205.0,360.0,1.0,Semiurban,Y
LP009016,Male,Yes,0,Graduate,No,13295,103,229.0,180.0,1.0,Urban,N
LP009017,Male,Yes,1,Graduate,No,21217,1284,95.0,480.0,1.0,Urban,Y
LP009018,Female,Yes,1,Not Graduate,No,4143,854,121.0,180.0,1.0,Urban,N
LP009019,Male,Yes,0,Graduate,No,13842,247,102.0,360.0,1.0,Urban,N
LP009020,Female,Yes,0,Graduate,No,32090,5276,165.0,120.0,1.0,Rural,Y
LP009021,,Yes,2,Graduate,No,42681,4007,133.0,360.0,1.0,Urban,Y
LP009022,Female,No,0,Not Graduate,No,4899,1195,98.0,360.0,1.0,Semiurban,N
LP009023,Male,Yes,0,Not Graduate,No,10081,4299,232.0,360.0,0.0,Semiurban,Y
LP009024,Male,No,2,Not Graduate,No,10171,981,174.0,300.0,0.0,Semiurban,Y
LP009025,Male,Yes,2,Graduate,Yes,8094,2582,101.0,180.0,1.0,Rural,Y
LP009026,Male,Yes,0,Graduate,No,27617,3089,225.0,360.0,1.0,Semiurban,Y
LP009027,Male,Yes,2,Graduate,No,132877,304,92.0,360.0,,Semiurban,N
LP009028,Male,Yes,1,Graduate,No,5480,1842,180.0,300.0,,Urban,Y
LP009029,Female,Yes,0,Not Graduate,,18766,1342,270.0,240.0,1.0,Rural,Y
LP009030,Male,Yes,1,Graduate,No,16922,320,143.0,240.0,1.0,Urban,Y
LP009031,Male,No,2,Graduate,No,17215,236,135.0,480.0,1.0,Urban,Y
LP009032,Female,Yes,0,Graduate,No,38808,1993,158.0,480.0,1.0,Semiurban,Y
LP009033,Male,No,1,Graduate,No,18009,781,261.0,480.0,1.0,Rural,Y
LP009034,Female,,1,Not Graduate,No,2418,189,223.0,360.0,1.0,Semiurban,Y
LP009035,Male,Yes,1,Graduate,No,4232,2198,127.0,,1.0,Semiurban,N
LP009036,Female,Yes,1,Graduate,No,5689,3367,165.0,240.0,1.0,Urban,N
LP009037,,No,1,Graduate,Yes,7340,269,196.0,300.0,1.0,Rural,Y
LP009038,Female,Yes,0,Graduate,Yes,11948,1094,128.0,240.0,1.0,Semiurban,Y
LP009039,Female,No,1,Not Graduate,No,11251,6782,93.0,300.0,0.0,Urban,Y
LP009040,,Yes,1,Not Graduate,Yes,3106,367,204.0,240.0,1.0,Urban,Y
LP009041,Male,No,,Graduate,No,3688,8506,,180.0,1.0,Semiurban,Y
LP009042,Male,Yes,1,Not Graduate,No,2452,743,165.0,120.0,1.0,Semiurban,Y
LP009043,Female,Yes,1,Graduate,No,3853,1008,205.0,300.0,1.0,Urban,Y
LP009044,Male,Yes,3+,Graduate,No,29523,205,92.0,360.0,1.0,Urban,Y
LP009045,Male,Yes,0,Not Graduate,No,10760,214,138.0,300.0,1.0,Semiurban,N
LP009046,Male,Yes,0,Graduate,No,6234,499,281.0,360.0,1.0,Rural,Y
LP009047,Male,Yes,0,Graduate,No,2881,3174,178.0,360.0,0.0,Urban,N
LP009048,Male,Yes,0,Graduate,No,5941,18191,181.0,,1.0,Urban,Y
LP009049,Female,Yes,,Graduate,Yes,21714,25011,155.0,360.0,1.0,Semiurban,Y
LP009050,Male,Yes,0,Not Graduate,No,19546,945,57.0,360.0,,Semiurban,Y
LP009051,Female,Yes,0,Graduate,No,10916,715,109.0,180.0,1.0,Semiurban,Y
LP009052,Male,,0,Graduate,No,10789,336,195.0,360.0,0.0,Semiurban,N
LP009053,Male,No,1,Graduate,Yes,3238,4178,122.0,360.0,1.0,Rural,Y
LP009054,Male,No,2,Graduate,No,7180,458,141.0,120.0,1.0,Urban,N
LP009055,Male,Yes,,Graduate,No,20836,824,164.0,180.0,1.0,Urban,Y
LP009056,Female,No,0,Not Graduate,No,7786,1990,101.0,360.0,1.0,Urban,Y
LP009057,Female,Yes,1,Not Graduate,No,48961,1884,85.0,,1.0,Semiurban,Y
LP009058,Male,Yes,0,Graduate,No,35047,527,149.0,360.0,1.0,Rural,Y
LP009059,Male,Yes,0,Graduate,No,9292,978,131.0,300.0,0.0,Semiurban,Y
LP009060,Male,No,2,Graduate,No,10804,544,161.0,480.0,1.0,Semiurban,Y
LP009061,Female,Yes,1,Graduate,No,79099,403,78.0,180.0,0.0,Semiurban,Y
LP009062,Female,No,0,Graduate,No,26311,320,123.0,180.0,1.0,Urban,Y
LP009063,Female,No,1,Graduate,No,14132,187,184.0,360.0,1.0,Urban,Y
LP009064,Male,Yes,0,Graduate,No,15499,1693,297.0,180.0,1.0,Rural,Y
LP009065,Male,Yes,0,Graduate,No,15049,821,155.0,180.0,1.0,Urban,Y
LP009066,Male,Yes,1,Not Graduate,Yes,13179,280,183.0,360.0,0.0,Urban,N
LP009067,Male,Yes,0,Not Graduate,No,5671,251,174.0,240.0,0.0,Rural,N
LP009068,Male,,3+,Not Graduate,No,9683,246,164.0,360.0,1.0,Semiurban,N
LP009069,Male,Yes,1,Graduate,No,4235,526,184.0,300.0,0.0,Semiurban,Y
LP009070,Male,Yes,2,Graduate,No,23857,4233,102.0,180.0,1.0,Urban,Y
LP009071,Female,Yes,,Graduate,Yes,12016,484,132.0,300.0,1.0,Urban,Y
LP009072,Female,,1,Graduate,No,24844,2141,162.0,300.0,0.0,Semiurban,Y
LP009073,Male,Yes,1,Graduate,Yes,4819,7134,101.0,360.0,1.0,Semiurban,Y
LP009074,Male,Yes,0,Graduate,No,41675,1342,,240.0,0.0,Urban,Y
LP009075,Male,Yes,1,Graduate,No,37728,437,54.0,120.0,1.0,Rural,Y
LP009076,Female,Yes,0,Graduate,No,3791,984,,360.0,1.0,Urban,Y
LP009077,Female,No,0,Graduate,Yes,8913,1041,142.0,180.0,1.0,Urban,Y
LP009078,Female,Yes,1,Graduate,No,9721,8718,184.0,240.0,1.0,Urban,Y
LP009079,Female,Yes,2,Graduate,No,4228,137,199.0,480.0,1.0,Urban,N
LP009080,Male,No,3+,Not Graduate,No,10852,4182,220.0,120.0,1.0,Semiurban,Y
LP009081,Male,Yes,0,Graduate,No,20878,135,163.0,360.0,1.0,Urban,Y
LP009082,Male,No,1,Graduate,No,9177,2904,63.0,180.0,1.0,Urban,Y
LP009083,Male,Yes,2,Graduate,No,3393,671,61.0,360.0,1.0,Urban,Y
LP009084,Female,No,0,Graduate,No,24784,9808,86.0,360.0,1.0,Urban,Y
LP009085,Male,No,,Not Graduate,No,7091,2461,186.0,300.0,0.0,Rural,N
LP009086,Male,Yes,0,Graduate,,7715,2182,79.0,300.0,1.0,Semiurban,Y
LP009087,Male,Yes,2,Graduate,No,51278,354,138.0,360.0,1.0,Semiurban,Y
LP009088,,No,0,Graduate,No,18348,9569,128.0,360.0,1.0,Semiurban,Y
LP009089,Male,No,0,Graduate,No,6993,32147,168.0,120.0,1.0,Semiurban,Y
LP009090,Female,No,1,Not Graduate,No,5160,12255,185.0,120.0,1.0,Urban,Y
LP009091,Male,Yes,2,Not Graduate,,28932,329,154.0,240.0,1.0,Urban,Y
LP009092,Male,No,3+,Graduate,No,27381,873,190.0,360.0,1.0,Semiurban,Y
LP009093,,Yes,1,Not Graduate,No,8907,263,94.0,240.0,1.0,Rural,N
LP009094,Female,Yes,3+,Graduate,No,4879,527,201.0,300.0,1.0,Semiurban,N
LP009095,Male,Yes,0,Graduate,No,18187,1541,156.0,360.0,1.0,Rural,Y
LP009096,Female,Yes,0,Graduate,No,21485,2632,187.0,300.0,,Urban,Y
LP009097,Male,Yes,3+,Not Graduate,No,9915,2079,124.0,,1.0,Urban,Y
LP009098,Male,,1,Graduate,No,5527,139,47.0,360.0,1.0,Semiurban,Y
LP009099,Female,Yes,0,Not Graduate,Yes,13626,1049,183.0,240.0,1.0,Urban,Y
LP009100,Male,Yes,1,Graduate,Yes,19329,2040,142.0,300.0,0.0,Urban,Y
LP009101,Male,No,2,Graduate,No,9048,3423,210.0,360.0,0.0,Urban,Y
LP009102,Female,Yes,2,Not Graduate,No,16473,1833,171.0,360.0,0.0,Semiurban,Y
LP009103,,Yes,2,Graduate,,17832,1971,297.0,240.0,1.0,Rural,Y
LP009104,Female,Yes,1,Graduate,No,33402,824,213.0,360.0,0.0,Urban,Y
LP009105,Male,Yes,2,Graduate,No,9541,1519,137.0,360.0,1.0,Urban,Y
LP009106,Male,Yes,1,Not Graduate,No,5370,24380,70.0,180.0,1.0,Semiurban,N
LP009107,Male,Yes,1,Graduate,No,12659,4667,106.0,360.0,1.0,Urban,Y
LP009108,,Yes,2,Graduate,No,51534,1698,103.0,240.0,0.0,Rural,Y
LP009109,Male,No,1,Graduate,No,3260,2629,123.0,240.0,1.0,Semiurban,Y
LP009110,Female,Yes,0,Not Graduate,No,2099,1201,143.0,240.0,1.0,Urban,Y
LP009111,Female,Yes,0,Graduate,No,12253,1194,,360.0,0.0,Urban,N
LP009112,Male,Yes,1,Graduate,No,9863,3430,,360.0,1.0,Semiurban,Y
LP009113,Male,Yes,0,Not Graduate,No,11308,534,106.0,240.0,0.0,Urban,N
LP009114,Male,Yes,,Graduate,No,10976,938,80.0,180.0,1.0,Semiurban,Y
LP009115,Male,Yes,0,Graduate,,29865,211,191.0,300.0,1.0,Semiurban,Y
LP009116,Male,Yes,0,Graduate,No,12913,2783,216.0,180.0,1.0,Semiurban,N
LP009117,Female,Yes,2,Graduate,No,25736,3958,125.0,360.0,1.0,Rural,Y
LP009118,Female,Yes,0,Graduate,Yes,1840,2261,202.0,360.0,0.0,Rural,Y
LP009119,Female,Yes,0,Not Graduate,No,8749,827,188.0,480.0,1.0,Semiurban,Y
LP009120,Female,No,1,Graduate,Yes,6958,1040,,180.0,1.0,Semiurban,Y
LP009121,Female,Yes,,Graduate,No,2147,1308,118.0,300.0,1.0,Rural,Y
LP009122,,Yes,0,Graduate,No,14511,4080,126.0,240.0,1.0,Rural,Y
LP009123,Female,Yes,0,Graduate,Yes,12329,3803,249.0,240.0,1.0,Urban,Y
LP009124,Female,No,3+,Graduate,No,9194,196,175.0,360.0,0.0,Semiurban,N
LP009125,Male,No,0,Not Graduate,Yes,12078,382,124.0,180.0,1.0,Urban,Y
LP009126,Female,Yes,3+,Graduate,Yes,14511,1847,,120.0,1.0,Urban,Y
LP009127,Male,No,0,Graduate,No,30045,220,71.0,240.0,0.0,Rural,N
LP009128,Female,Yes,0,Graduate,No,22337,3302,203.0,300.0,1.0,Urban,Y
LP009129,Female,No,0,Graduate,Yes,17375,788,169.0,120.0,1.0,Urban,Y
LP009130,Female,Yes,0,Graduate,Yes,84608,2562,180.0,360.0,1.0,Semiurban,Y
LP009131,Male,Yes,2,Graduate,No,7582,1142,85.0,360.0,1.0,Semiurban,Y
LP009132,Female,Yes,3+,Not Graduate,Yes,4501,974,186.0,120.0,1.0,Urban,N
LP009133,Male,Yes,3+,Graduate,No,34177,297,138.0,240.0,1.0,Rural,Y
LP009134,Male,Yes,2,Graduate,No,59484,568,113.0,360.0,1.0,Urban,Y
LP009135,Female,Yes,2,Graduate,No,8037,954,175.0,,1.0,Semiurban,N
LP009136,Male,Yes,1,Graduate,No,40224,917,89.0,300.0,1.0,Urban,Y
LP009137,Female,Yes,2,Not Graduate,Yes,8718,2615,158.0,180.0,,Urban,Y
LP009138,Male,Yes,0,Graduate,No,21328,507,136.0,300.0,1.0,Urban,Y
LP009139,Male,No,,Graduate,No,22297,1058,203.0,480.0,0.0,Urban,Y
LP009140,Female,No,1,Graduate,No,8063,6669,,300.0,1.0,Semiurban,Y
LP009141,Male,No,2,Graduate,No,58534,2939,154.0,360.0,0.0,Urban,Y
LP009142,Male,No,,Graduate,Yes,64168,1243,164.0,300.0,1.0,Rural,Y
LP009143,,,2,Graduate,No,5901,190,179.0,300.0,1.0,Urban,Y
LP009144,Male,Yes,1,Graduate,No,15691,210,149.0,360.0,1.0,Semiurban,Y
LP009145,Female,Yes,2,Graduate,No,27766,2356,109.0,360.0,0.0,Urban,Y
LP009146,Male,Yes,,Not Graduate,No,2962,2664,125.0,360.0,1.0,Semiurban,Y
LP009147,Male,Yes,0,Graduate,No,13643,106,88.0,120.0,,Semiurban,Y
LP009148,Male,No,3+,Graduate,No,3559,2539,196.0,360.0,1.0,Urban,Y
LP009149,Male,Yes,1,Graduate,No,22787,558,169.0,360.0,1.0,Rural,Y
LP009150,Male,No,1,Not Graduate,No,14310,674,128.0,180.0,1.0,Urban,Y
LP009151,Male,Yes,2,Graduate,No,9906,3186,113.0,240.0,1.0,Urban,Y
LP009152,Male,No,1,Graduate,No,3814,2640,161.0,360.0,1.0,Urban,Y
LP009153,Male,Yes,1,Graduate,No,8276,974,79.0,300.0,1.0,Rural,Y
LP009154,Male,Yes,1,Graduate,No,20238,2504,,360.0,1.0,Urban,Y
LP009155,Male,No,0,Graduate,No,12928,708,149.0,360.0,1.0,Urban,Y
LP009156,,Yes,1,Graduate,,34683,425,272.0,360.0,1.0,Semiurban,Y
LP009157,Female,Yes,0,Graduate,No,32932,4973,172.0,300.0,1.0,Urban,Y
LP009158,Female,Yes,3+,Graduate,No,31832,5382,159.0,,0.0,Semiurban,Y
LP009159,Female,Yes,0,Not Graduate,No,8688,506,91.0,360.0,1.0,Rural,Y
LP009160,Male,Yes,1,Graduate,Yes,16915,577,103.0,360.0,1.0,Semiurban,Y
LP009161,Female,Yes,3+,Graduate,Yes,6172,3195,217.0,240.0,0.0,Semiurban,N
LP009162,Female,Yes,3+,Graduate,No,4875,477,126.0,360.0,1.0,Rural,N
LP009163,Female,Yes,2,Not Graduate,No,34388,2866,153.0,300.0,0.0,Urban,Y
LP009164,Male,Yes,1,Graduate,No,5170,320,179.0,180.0,1.0,Urban,Y
LP009165,Female,,0,Graduate,No,4744,777,128.0,480.0,1.0,Semiurban,Y
LP009166,Female,No,0,Graduate,No,14532,3548,124.0,360.0,0.0,Rural,Y
LP009167,Female,Yes,0,Graduate,No,10758,342,63.0,360.0,1.0,Semiurban,Y
LP009168,Male,Yes,2,Graduate,No,11529,541,89.0,360.0,1.0,Semiurban,Y
LP009169,Male,Yes,0,Not Graduate,No,84501,1722,179.0,180.0,,Semiurban,Y
LP009170,Male,No,1,Graduate,No,6029,126,128.0,,0.0,Semiurban,N
LP009171,Male,No,,Graduate,No,19851,1196,,360.0,,Semiurban,Y
LP009172,Female,No,,Graduate,No,14319,4418,70.0,240.0,0.0,Rural,Y
LP009173,Male,Yes,,Not Graduate,No,29955,3095,190.0,360.0,0.0,Rural,Y
LP009174,Male,Yes,2,Not Graduate,No,7125,1033,148.0,360.0,1.0,Urban,Y
LP009175,Male,Yes,0,Graduate,No,11163,1124,,120.0,1.0,Urban,Y
LP009176,Male,Yes,0,Graduate,No,14637,6569,206.0,360.0,1.0,Semiurban,Y
LP009177,Male,,0,Graduate,No,4242,5679,79.0,360.0,0.0,Semiurban,N
LP009178,,Yes,0,Graduate,No,3151,978,203.0,360.0,1.0,Rural,Y
LP009179,Male,No,1,Graduate,No,13139,515,148.0,240.0,1.0,Urban,Y
LP009180,Male,,0,Not Graduate,Yes,38952,3067,105.0,360.0,1.0,Semiurban,Y
LP009181,Male,No,0,Graduate,No,10079,4258,242.0,360.0,1.0,Semiurban,Y
LP009182,Male,Yes,,Graduate,No,11247,5735,170.0,,1.0,Urban,Y
LP009183,Male,No,1,Not Graduate,No,33542,2209,210.0,360.0,1.0,Rural,Y
LP009184,Female,No,0,Graduate,No,11860,715,171.0,300.0,0.0,Semiurban,N
LP009185,Female,No,0,Graduate,No,24872,147,139.0,300.0,1.0,Semiurban,Y
LP009186,Female,No,0,Graduate,No,112777,11225,106.0,480.0,1.0,Urban,Y
LP009187,Female,No,1,Graduate,No,8419,7505,140.0,,0.0,Semiurban,Y
LP009188,Male,Yes,1,Not Graduate,,11595,436,158.0,120.0,0.0,Rural,Y
LP009189,Female,Yes,1,Not Graduate,No,18342,1378,190.0,360.0,1.0,Urban,Y
LP009190,Female,Yes,0,Graduate,No,44059,841,,240.0,1.0,Rural,N
LP009191,Female,No,,Not Graduate,No,12184,1187,175.0,120.0,1.0,Rural,Y
LP009192,Male,No,1,Graduate,No,23942,678,233.0,240.0,1.0,Rural,Y
LP009193,Female,Yes,1,Graduate,No,17646,2514,157.0,120.0,1.0,Semiurban,Y
LP009194,Female,Yes,2,Graduate,No,12609,281,52.0,,1.0,Urban,Y
LP009195,Female,Yes,0,Graduate,No,9543,683,152.0,360.0,1.0,Semiurban,Y
LP009196,Male,No,0,Graduate,No,8206,3128,145.0,240.0,1.0,Semiurban,Y
LP009197,Female,,2,Graduate,No,155192,102,143.0,240.0,0.0,Rural,N
LP009198,Female,Yes,0,Graduate,Yes,3893,1588,70.0,180.0,,Semiurban,N
LP009199,Female,Yes,0,Graduate,No,4200,568,,360.0,1.0,Urban,Y
LP009200,Male,Yes,2,Not Graduate,No,16249,7619,123.0,300.0,1.0,Urban,Y
LP009201,Female,Yes,1,Not Graduate,No,15718,1627,144.0,120.0,1.0,Semiurban,Y
LP009202,Male,Yes,,Not Graduate,No,18790,426,197.0,300.0,1.0,Urban,Y
LP009203,Male,No,0,Graduate,No,6636,6263,109.0,180.0,1.0,Urban,Y
LP009204,Male,Yes,0,Graduate,No,5877,1125,144.0,360.0,1.0,Urban,Y
LP009205,Female,Yes,0,Graduate,No,10631,1283,139.0,300.0,1.0,Rural,Y
LP009206,Male,No,1,Graduate,,27614,3180,141.0,300.0,1.0,Semiurban,Y
LP009207,Male,No,0,Graduate,,5918,530,127.0,360.0,1.0,Urban,Y
LP009208,Female,No,,Graduate,Yes,15076,6227,130.0,300.0,,Semiurban,Y
LP009209,Female,Yes,0,Graduate,Yes,8867,2191,233.0,300.0,1.0,Rural,N
LP009210,Male,No,0,Not Graduate,Yes,3945,508,128.0,360.0,1.0,Urban,Y
LP009211,Female,Yes,,Graduate,No,4792,652,163.0,300.0,1.0,Semiurban,Y
LP009212,Female,No,3+,Graduate,No,27674,242,155.0,480.0,1.0,Rural,Y
LP009213,Male,Yes,2,Graduate,No,8241,1586,153.0,240.0,1.0,Urban,Y
LP009214,Male,Yes,3+,Graduate,No,36136,885,174.0,480.0,1.0,Rural,Y
LP009215,Male,Yes,1,Graduate,No,12967,1595,118.0,360.0,1.0,Semiurban,Y
LP009216,Male,Yes,0,Graduate,No,4472,142,220.0,480.0,1.0,Semiurban,Y
LP009217,Male,No,0,Not Graduate,,19570,584,103.0,240.0,1.0,Urban,Y
LP009218,Female,Yes,1,Graduate,No,7036,337,141.0,240.0,1.0,Rural,N
LP009219,,Yes,0,Graduate,No,9882,1981,90.0,360.0,1.0,Semiurban,Y
LP009220,Male,Yes,0,Graduate,No,33063,532,194.0,480.0,1.0,Rural,Y
LP009221,,Yes,0,Graduate,No,4761,1928,103.0,360.0,1.0,Semiurban,N
LP009222,Male,No,1,Graduate,,9323,578,187.0,360.0,1.0,Semiurban,N
LP009223,Male,No,0,Graduate,No,5614,7718,163.0,360.0,1.0,Semiurban,Y
LP009224,Male,No,0,Graduate,Yes,5155,1166,,120.0,0.0,Semiurban,N
LP009225,Female,Yes,1,Graduate,No,9149,3291,205.0,360.0,,Semiurban,N
LP009226,Female,Yes,0,Graduate,No,6727,957,119.0,240.0,1.0,Urban,Y
LP009227,Male,Yes,1,Graduate,No,10730,3319,223.0,180.0,1.0,Semiurban,Y
LP009228,,Yes,2,Graduate,,22271,433,130.0,360.0,,Semiurban,N
LP009229,Male,Yes,0,Graduate,No,7326,1042,171.0,360.0,1.0,Semiurban,N
LP009230,Female,,2,Graduate,No,4127,627,,360.0,1.0,Semiurban,Y
LP009231,Male,Yes,0,Graduate,No,22318,10325,180.0,300.0,1.0,Urban,Y
LP009232,Male,Yes,1,Graduate,No,7287,263,99.0,180.0,1.0,Urban,Y
LP009233,Female,Yes,1,Graduate,No,57654,13151,155.0,360.0,1.0,Urban,Y
LP009234,Male,Yes,3+,Graduate,No,9631,210,150.0,120.0,1.0,Semiurban,N
LP009235,Female,No,1,Graduate,No,11982,2652,171.0,360.0,1.0,Urban,Y
LP009236,Male,Yes,0,Graduate,Yes,2114,519,170.0,480.0,1.0,Urban,N
LP009237,Male,,1,Graduate,No,5274,1488,106.0,480.0,1.0,Semiurban,Y
LP009238,Male,Yes,0,Graduate,No,2157,893,215.0,300.0,1.0,Semiurban,Y
LP009239,Male,No,1,Graduate,No,16903,404,147.0,180.0,1.0,Rural,Y
LP009240,Female,No,0,Graduate,No,12513,1208,,180.0,0.0,Rural,Y
LP009241,Male,Yes,1,Graduate,No,22116,664,86.0,300.0,1.0,Rural,Y
LP009242,Female,Yes,0,Graduate,No,25487,2176,129.0,360.0,1.0,Rural,Y
LP009243,Female,Yes,2,Graduate,No,28830,328,203.0,120.0,1.0,Rural,Y
LP009244,,Yes,1,Not Graduate,No,11158,1933,231.0,240.0,1.0,Semiurban,Y
LP009245,Male,No,0,Graduate,No,14304,3093,171.0,360.0,1.0,Urban,Y
LP009246,Female,No,2,Graduate,No,21229,963,145.0,180.0,1.0,Semiurban,Y
LP009247,Male,No,1,Graduate,No,7074,224,96.0,360.0,1.0,Rural,Y
LP009248,Male,Yes,0,Graduate,No,6308,8767,189.0,360.0,1.0,Urban,Y
LP009249,Male,No,0,Graduate,No,45800,1920,165.0,300.0,1.0,Rural,Y
LP009250,Male,Yes,1,Graduate,,3149,461,32.0,120.0,1.0,Urban,N
LP009251,Male,No,0,Graduate,Yes,19930,1983,63.0,180.0,1.0,Urban,Y
LP009252,,Yes,,Graduate,,17552,146,167.0,360.0,1.0,Semiurban,Y
LP009253,Male,Yes,0,Graduate,No,5438,4499,108.0,360.0,0.0,Semiurban,N
LP009254,Male,Yes,0,Graduate,No,7830,14036,98.0,,1.0,Rural,Y
LP009255,Female,Yes,3+,Graduate,No,10041,2948,144.0,480.0,1.0,Semiurban,Y
LP009256,Male,Yes,3+,Graduate,No,15888,329,167.0,,1.0,Urban,Y
LP009257,Male,No,0,Graduate,No,17700,100,221.0,360.0,0.0,Rural,Y
LP009258,Male,Yes,2,Graduate,No,13033,5635,109.0,360.0,1.0,Rural,Y
LP009259,Female,Yes,0,Graduate,No,15532,918,171.0,480.0,1.0,Rural,Y
LP009260,Male,Yes,2,Graduate,No,22641,685,98.0,360.0,1.0,Semiurban,Y
LP009261,Male,Yes,2,Not Graduate,No,21820,4438,125.0,360.0,1.0,Rural,N
LP009262,Male,No,,Not Graduate,No,45590,539,159.0,180.0,,Urban,Y
LP009263,Female,Yes,0,Not Graduate,Yes,30776,2737,142.0,360.0,1.0,Semiurban,Y
LP009264,Female,Yes,0,Graduate,Yes,13551,1128,81.0,360.0,1.0,Urban,Y
LP009265,Female,No,0,Not Graduate,No,22304,1474,175.0,360.0,1.0,Urban,Y
LP009266,Male,No,0,Graduate,No,18752,7747,187.0,480.0,1.0,Rural,Y
LP009267,Male,Yes,2,Graduate,No,15237,609,267.0,360.0,1.0,Semiurban,Y
LP009268,Male,No,0,Graduate,No,6668,546,161.0,240.0,1.0,Rural,Y
LP009269,Male,Yes,1,Graduate,No,15211,860,158.0,240.0,1.0,Rural,Y
LP009270,Male,No,2,Graduate,No,2560,258,165.0,300.0,1.0,Urban,Y
LP009271,Male,Yes,1,Graduate,No,31503,3373,81.0,300.0,1.0,Rural,Y
LP009272,Male,No,1,Graduate,No,17681,2876,85.0,360.0,1.0,Urban,Y
LP009273,Female,,0,Graduate,No,11762,1084,145.0,360.0,1.0,Urban,Y
LP009274,Male,Yes,1,Not Graduate,No,9541,361,35.0,300.0,1.0,Urban,Y
LP009275,Female,Yes,0,Graduate,No,22552,40,93.0,480.0,1.0,Rural,Y
LP009276,Male,Yes,2,Graduate,No,58105,403,125.0,480.0,1.0,Rural,Y
LP009277,Male,No,0,Graduate,No,18034,831,200.0,300.0,1.0,Semiurban,Y
LP009278,Male,Yes,1,Graduate,Yes,61193,112,162.0,360.0,1.0,Rural,Y
LP009279,Male,Yes,1,Not Graduate,No,25021,21881,74.0,180.0,1.0,Semiurban,Y
LP009280,Male,Yes,,Not Graduate,No,7014,1805,147.0,360.0,1.0,Rural,Y
LP009281,Male,Yes,0,Graduate,No,19735,2107,179.0,360.0,0.0,Semiurban,Y
LP009282,Female,No,0,Graduate,Yes,18252,915,185.0,300.0,0.0,Rural,Y
LP009283,Female,Yes,2,Not Graduate,Yes,7010,2657,202.0,120.0,1.0,Urban,Y
LP009284,Male,Yes,0,Not Graduate,No,9641,764,,180.0,,Urban,N
LP009285,,No,,Graduate,No,9489,902,178.0,360.0,1.0,Urban,Y
LP009286,Female,No,1,Graduate,No,14475,5919,174.0,360.0,1.0,Urban,Y
LP009287,Female,Yes,2,Graduate,,10678,4095,161.0,240.0,1.0,Semiurban,Y
LP009288,Female,Yes,0,Graduate,No,16563,1082,192.0,480.0,1.0,Semiurban,Y
LP009289,Male,No,,Not Graduate,No,18855,12418,110.0,480.0,1.0,Rural,Y
LP009290,Male,No,1,Not Graduate,No,36832,993,139.0,300.0,1.0,Urban,Y
LP009291,Male,No,0,Graduate,No,20729,597,115.0,360.0,,Rural,N
LP009292,Male,No,1,Graduate,No,7619,1277,,300.0,1.0,Rural,Y
LP009293,Male,No,2,Graduate,No,72321,1573,137.0,360.0,0.0,Semiurban,N
LP009294,Male,No,3+,Graduate,Yes,7658,262,200.0,480.0,1.0,Rural,Y
LP009295,Female,No,0,Graduate,No,9797,1968,152.0,,1.0,Urban,N
LP009296,Female,Yes,1,Graduate,No,21547,13871,203.0,300.0,1.0,Rural,Y
LP009297,Female,Yes,1,Graduate,No,135434,3429,44.0,360.0,1.0,Urban,Y
LP009298,Female,Yes,0,Not Graduate,,18421,2433,114.0,,1.0,Urban,Y
LP009299,Female,Yes,1,Not Graduate,No,7996,1951,196.0,240.0,1.0,Semiurban,N
LP009300,Male,No,0,Graduate,No,3599,331,151.0,300.0,1.0,Semiurban,Y
LP009301,Male,No,0,Graduate,No,3412,331,202.0,300.0,1.0,Urban,Y
LP009302,Male,No,,Graduate,No,13477,1333,162.0,360.0,0.0,Semiurban,Y
LP009303,Female,No,0,Graduate,No,20656,656,103.0,300.0,0.0,Urban,Y
LP009304,Male,Yes,1,Graduate,No,4290,193,239.0,300.0,1.0,Urban,Y
LP009305,Female,No,0,Graduate,No,15955,720,116.0,300.0,1.0,Rural,Y
LP009306,Male,Yes,1,Not Graduate,,4671,1883,112.0,480.0,1.0,Urban,Y
LP009307,Male,Yes,0,Graduate,No,6377,2200,190.0,120.0,1.0,Urban,Y
LP009308,Female,Yes,1,Graduate,No,22145,403,104.0,300.0,1.0,Urban,Y
LP009309,Male,No,2,Graduate,No,7345,1037,85.0,240.0,1.0,Urban,N
LP009310,,Yes,0,Graduate,Yes,38103,1803,111.0,300.0,1.0,Urban,Y
LP009311,Male,No,1,Graduate,No,8370,239,191.0,,0.0,Semiurban,Y
LP009312,Male,Yes,1,Graduate,No,32453,434,256.0,240.0,1.0,Urban,Y
LP009313,Female,Yes,1,Graduate,No,81811,1079,150.0,300.0,1.0,Semiurban,Y
LP009314,Male,Yes,0,Not Graduate,Yes,7357,368,113.0,360.0,1.0,Semiurban,Y
LP009315,Male,Yes,1,Graduate,No,96069,739,211.0,360.0,1.0,Urban,Y
LP009316,Male,,0,Graduate,No,13504,21915,119.0,360.0,1.0,Semiurban,Y
LP009317,Female,Yes,0,Graduate,No,8054,179,127.0,480.0,1.0,Semiurban,Y
LP009318,Male,,1,Graduate,No,10542,6060,170.0,300.0,1.0,Semiurban,Y
LP009319,Female,,0,Graduate,No,9674,1652,,480.0,1.0,Urban,N
LP009320,Female,No,1,Graduate,No,41004,252,153.0,300.0,1.0,Urban,Y
LP009321,Male,Yes,1,Graduate,Yes,38340,2475,132.0,240.0,1.0,Semiurban,Y
LP009322,Female,No,2,Graduate,No,37978,1154,266.0,360.0,1.0,Semiurban,Y
LP009323,Female,Yes,0,Graduate,No,4724,4658,116.0,360.0,1.0,Urban,Y
LP009324,Male,Yes,3+,Graduate,No,15544,2422,,300.0,1.0,Rural,Y
LP009325,Male,Yes,1,Not Graduate,No,3867,1387,130.0,240.0,1.0,Urban,Y
LP009326,Female,No,0,Not Graduate,No,29997,759,,360.0,,Urban,Y
LP009327,Female,,0,Graduate,No,9073,4459,126.0,360.0,1.0,Urban,Y
LP009328,Male,Yes,1,Graduate,No,19979,685,190.0,360.0,1.0,Rural,Y
LP009329,Male,Yes,2,Not Graduate,Yes,8941,204,147.0,300.0,1.0,Rural,Y
LP009330,Female,Yes,1,Not Graduate,No,3279,112,134.0,240.0,1.0,Rural,N
LP009331,Female,Yes,1,Graduate,No,27122,248,,,1.0,Rural,Y
LP009332,Female,No,0,Graduate,No,28851,2874,148.0,180.0,1.0,Urban,Y
LP009333,,Yes,0,Graduate,No,14935,709,172.0,300.0,1.0,Semiurban,N
LP009334,Female,No,0,Not Graduate,Yes,2467,434,148.0,480.0,,Urban,Y
LP009335,Male,Yes,2,Not Graduate,No,24349,651,161.0,360.0,1.0,Urban,Y
LP009336,Male,No,0,Graduate,,7405,2967,111.0,120.0,1.0,Urban,Y
LP009337,Female,Yes,0,Graduate,No,20196,2344,114.0,360.0,1.0,Semiurban,Y
LP009338,,Yes,0,Graduate,No,9022,1331,149.0,360.0,1.0,Rural,Y
LP009339,Male,Yes,2,Graduate,No,9795,533,155.0,360.0,0.0,Semiurban,N
LP009340,Male,Yes,,Graduate,No,19892,686,152.0,360.0,1.0,Urban,Y
LP009341,Female,No,0,Graduate,No,6927,935,120.0,,0.0,Semiurban,N
LP009342,Male,Yes,3+,Graduate,Yes,11691,374,153.0,300.0,1.0,Semiurban,N
LP009343,Female,No,0,Not Graduate,No,20084,960,151.0,300.0,1.0,Semiurban,Y
LP009344,Female,No,,Graduate,No,75596,352,143.0,120.0,1.0,Urban,Y
LP009345,Male,Yes,0,Graduate,No,12587,1700,117.0,180.0,1.0,Urban,Y
LP009346,Female,Yes,0,Not Graduate,No,26149,1946,175.0,300.0,1.0,Urban,Y
LP009347,Female,,0,Graduate,No,5232,4190,149.0,360.0,1.0,Rural,Y
LP009348,Female,Yes,1,Graduate,No,51829,1499,112.0,480.0,1.0,Rural,Y
LP009349,Female,Yes,1,Graduate,No,6999,1443,143.0,360.0,1.0,Urban,Y
LP009350,Female,No,,Not Graduate,No,12019,402,,240.0,1.0,Urban,Y
LP009351,,Yes,1,Not Graduate,Yes,20109,1035,150.0,480.0,1.0,Urban,Y
LP009352,Male,Yes,2,Graduate,No,7158,321,221.0,480.0,1.0,Semiurban,N
LP009353,Female,Yes,0,Graduate,Yes,31720,141,157.0,300.0,1.0,Urban,Y
LP009354,Male,Yes,1,Not Graduate,No,7867,797,160.0,360.0,0.0,Rural,N
LP009355,Male,No,1,Graduate,No,25964,599,221.0,300.0,0.0,Rural,Y
LP009356,Female,No,3+,Graduate,Yes,31387,2284,163.0,360.0,0.0,Semiurban,Y
LP009357,Female,No,0,Graduate,Yes,21220,345,171.0,240.0,0.0,Rural,Y
LP009358,Male,No,0,Graduate,No,23546,32086,157.0,180.0,0.0,Semiurban,Y
LP009359,Female,Yes,1,Graduate,No,101184,616,130.0,300.0,1.0,Urban,Y
LP009360,Female,Yes,2,Graduate,Yes,18643,1007,172.0,,1.0,Semiurban,Y
LP009361,Male,Yes,0,Graduate,No,14586,555,235.0,300.0,1.0,Semiurban,N
LP009362,Female,No,1,Not Graduate,No,17483,2788,83.0,360.0,1.0,Semiurban,Y
LP009363,Male,No,,Graduate,,36940,848,127.0,360.0,1.0,Urban,Y
LP009364,Male,Yes,3+,Graduate,Yes,86113,338,107.0,360.0,1.0,Urban,Y
LP009365,Male,Yes,0,Graduate,No,11693,121,112.0,360.0,1.0,Rural,Y
LP009366,Male,Yes,0,Graduate,No,6438,2183,211.0,360.0,1.0,Rural,Y
LP009367,Male,No,0,Not Graduate,No,33861,2391,142.0,180.0,1.0,Rural,Y
LP009368,Female,Yes,1,Not Graduate,No,4489,1654,186.0,360.0,0.0,Semiurban,N
LP009369,Female,No,0,Not Graduate,No,16419,847,116.0,360.0,0.0,Semiurban,N
LP009370,Male,Yes,2,Not Graduate,No,17046,747,117.0,360.0,1.0,Rural,Y
LP009371,Female,Yes,2,Not Graduate,No,12260,2787,99.0,480.0,1.0,Rural,N
LP009372,Male,No,0,Graduate,No,12850,971,222.0,480.0,1.0,Urban,Y
LP009373,Male,Yes,1,Graduate,Yes,3561,4227,188.0,480.0,1.0,Urban,N
LP009374,Female,No,0,Graduate,No,6669,973,97.0,240.0,1.0,Semiurban,N
LP009375,Male,No,0,Graduate,No,28273,932,207.0,360.0,1.0,Rural,Y
LP009376,Male,Yes,0,Graduate,No,2609,1711,137.0,480.0,1.0,Semiurban,N
LP009377,Female,No,0,Graduate,No,12471,5826,172.0,360.0,0.0,Rural,N
LP009378,Male,Yes,1,Graduate,No,10404,4501,152.0,360.0,1.0,Semiurban,Y
LP009379,Female,Yes,0,Graduate,Yes,2713,1034,78.0,360.0,1.0,Rural,Y
LP009380,Male,No,2,Graduate,No,51735,700,,240.0,1.0,Urban,Y
LP009381,Male,Yes,1,Graduate,No,5859,257,217.0,240.0,0.0,Rural,Y
LP009382,Male,Yes,2,Not Graduate,No,20725,2516,196.0,300.0,,Rural,Y
LP009383,Male,,3+,Graduate,No,9180,128,98.0,480.0,1.0,Urban,Y
LP009384,Male,Yes,3+,Not Graduate,Yes,6796,8486,160.0,180.0,1.0,Rural,Y
LP009385,Male,No,1,Not Graduate,,11061,3016,139.0,300.0,1.0,Urban,Y
LP009386,Female,No,1,Graduate,No,10045,448,207.0,360.0,1.0,Rural,N
LP009387,Female,Yes,,Graduate,No,11505,4803,139.0,360.0,1.0,Rural,Y
LP009388,Male,Yes,2,Graduate,No,7118,2117,111.0,360.0,1.0,Rural,Y
LP009389,Male,Yes,1,Graduate,No,5936,1922,186.0,,1.0,Urban,Y
LP009390,Male,Yes,3+,Graduate,No,29838,796,209.0,240.0,1.0,Urban,Y
LP009391,Female,No,0,Graduate,No,13434,2128,169.0,360.0,1.0,Urban,Y
LP009392,,No,0,Graduate,No,12730,200,178.0,360.0,1.0,Urban,Y
LP009393,Male,Yes,0,Graduate,No,6547,1182,90.0,240.0,0.0,Semiurban,N
LP009394,Female,Yes,2,Not Graduate,No,47076,485,86.0,300.0,1.0,Urban,Y
LP009395,Male,No,0,Graduate,No,12457,776,82.0,300.0,1.0,Rural,Y
LP009396,Male,Yes,1,Graduate,No,2931,479,202.0,360.0,0.0,Urban,N
LP009397,Male,No,1,Graduate,No,16658,510,,360.0,1.0,Semiurban,N
LP009398,Male,No,0,Graduate,No,7249,5146,191.0,360.0,1.0,Rural,Y
LP009399,Male,Yes,1,Graduate,Yes,27685,196,119.0,360.0,0.0,Rural,Y
LP009400,Male,Yes,1,Graduate,No,30660,1790,149.0,240.0,1.0,Rural,Y
LP009401,Female,No,0,Graduate,No,27954,282,109.0,120.0,1.0,Urban,Y
LP009402,Male,Yes,1,Graduate,No,9236,5355,133.0,,,Semiurban,N
LP009403,Male,Yes,3+,Graduate,No,12205,1832,64.0,360.0,1.0,Urban,Y
LP009404,Male,No,3+,Not Graduate,No,16299,203,134.0,180.0,1.0,Semiurban,Y
LP009405,Male,No,1,Graduate,No,27286,1638,129.0,240.0,1.0,Urban,Y
LP009406,Male,Yes,1,Graduate,,5824,475,65.0,360.0,,Urban,N
LP009407,Male,Yes,0,Graduate,No,14396,1439,171.0,,1.0,Semiurban,Y
LP009408,Male,Yes,3+,Graduate,No,59536,222,178.0,180.0,1.0,Urban,Y
LP009409,Male,Yes,0,Graduate,No,8705,4803,116.0,360.0,1.0,Urban,Y
LP009410,Male,Yes,1,Graduate,No,13083,99,89.0,300.0,1.0,Urban,Y
LP009411,Male,Yes,0,Graduate,Yes,108097,416,,360.0,1.0,Semiurban,Y
LP009412,Female,Yes,0,Not Graduate,No,11014,299,162.0,480.0,1.0,Semiurban,N
LP009413,Female,Yes,0,Graduate,No,3900,1728,30.0,360.0,1.0,Urban,Y
LP009414,Male,Yes,2,Graduate,No,12760,607,128.0,360.0,0.0,Rural,N
LP009415,Male,Yes,1,Graduate,No,50936,878,117.0,480.0,1.0,Semiurban,Y
LP009416,Male,Yes,1,Graduate,No,31112,507,113.0,240.0,1.0,Rural,Y
LP009417,Male,Yes,0,Graduate,Yes,6101,212,204.0,480.0,1.0,Semiurban,Y
LP009418,Male,,2,Graduate,No,18626,833,162.0,360.0,1.0,Urban,Y
LP009419,Male,Yes,0,Graduate,No,11606,229,181.0,240.0,,Urban,Y
LP009420,Male,Yes,0,Graduate,Yes,25581,121,143.0,240.0,1.0,Urban,Y
LP009421,Female,No,1,Graduate,No,8165,2324,192.0,360.0,1.0,Rural,Y
LP009422,Male,Yes,3+,Graduate,No,19843,247,131.0,480.0,1.0,Rural,Y
LP009423,Male,No,0,Not Graduate,No,61586,6301,161.0,180.0,1.0,Urban,Y
LP009424,Male,Yes,1,Graduate,No,1652,6010,174.0,360.0,1.0,Rural,Y
LP009425,Female,Yes,1,Graduate,No,21467,3174,118.0,300.0,1.0,Rural,Y
LP009426,Female,Yes,2,Graduate,No,38378,280,45.0,300.0,1.0,Semiurban,Y
LP009427,Male,Yes,0,Graduate,No,3846,13987,,240.0,1.0,Semiurban,Y
LP009428,Female,Yes,1,Graduate,No,7506,65,265.0,360.0,1.0,Rural,Y
LP009429,Male,Yes,0,Graduate,No,9750,380,182.0,300.0,,Semiurban,N
LP009430,,Yes,0,Graduate,No,7444,2980,184.0,300.0,0.0,Rural,N
LP009431,Female,No,0,Graduate,No,7011,2712,221.0,240.0,1.0,Rural,Y
LP009432,Male,Yes,,Graduate,No,9899,459,93.0,360.0,1.0,Urban,N
LP009433,Female,Yes,0,Graduate,No,26406,427,113.0,300.0,1.0,Semiurban,Y
LP009434,Male,Yes,3+,Graduate,No,43919,846,94.0,240.0,1.0,Semiurban,Y
LP009435,Male,Yes,0,Graduate,No,37877,987,,300.0,1.0,Semiurban,Y
LP009436,Male,No,3+,Graduate,No,29585,624,,300.0,1.0,Urban,Y
LP009437,Female,Yes,1,Not Graduate,No,57854,8019,212.0,180.0,1.0,Semiurban,Y
LP009438,Male,Yes,0,Graduate,No,67850,482,117.0,180.0,1.0,Rural,Y
LP009439,Male,No,1,Graduate,No,15257,6372,154.0,480.0,1.0,Urban,Y
LP009440,Female,No,0,Graduate,No,41972,1784,213.0,480.0,1.0,Urban,Y
LP009441,Male,Yes,0,Not Graduate,No,18753,3725,164.0,360.0,,Rural,Y
LP009442,Male,Yes,1,Graduate,Yes,11237,182,143.0,240.0,1.0,Rural,Y
LP009443,Male,Yes,1,Not Graduate,No,12838,3765,263.0,240.0,,Rural,Y
LP009444,Male,Yes,1,Graduate,No,30031,3608,58.0,300.0,0.0,Semiurban,Y
LP009445,Male,Yes,2,Graduate,No,43151,493,102.0,300.0,1.0,Semiurban,Y
LP009446,Male,Yes,0,Not Graduate,No,21255,3033,134.0,360.0,1.0,Urban,Y
LP009447,Female,No,3+,Not Graduate,Yes,9731,185,202.0,300.0,1.0,Urban,Y
LP009448,Female,Yes,3+,Graduate,No,9030,620,124.0,480.0,0.0,Semiurban,N
LP009449,Male,Yes,0,Graduate,No,3033,4449,198.0,240.0,,Urban,Y
LP009450,Male,,0,Graduate,No,17831,881,63.0,120.0,1.0,Urban,Y
LP009451,Male,Yes,1,Graduate,No,16887,798,207.0,360.0,1.0,Urban,Y
LP009452,Female,Yes,1,Not Graduate,No,5792,5916,194.0,480.0,1.0,Semiurban,N
LP009453,Male,Yes,0,Graduate,No,19506,105,96.0,360.0,1.0,Semiurban,Y
LP009454,Male,Yes,0,Graduate,Yes,19246,886,148.0,120.0,1.0,Semiurban,Y
LP009455,Female,Yes,1,Graduate,No,4076,1013,136.0,360.0,1.0,Semiurban,Y
LP009456,Male,Yes,1,Graduate,No,10327,421,172.0,300.0,0.0,Urban,Y
LP009457,Male,Yes,0,Graduate,No,41242,5704,208.0,360.0,,Rural,N
LP009458,Female,Yes,2,Graduate,No,8050,367,115.0,240.0,0.0,Rural,N
LP009459,Female,Yes,1,Graduate,No,13549,373,168.0,240.0,1.0,Semiurban,N
LP009460,Male,Yes,0,Not Graduate,Yes,15189,56,162.0,300.0,1.0,Rural,N
LP009461,Female,Yes,1,Graduate,No,13081,4158,156.0,240.0,1.0,Rural,Y
LP009462,Male,No,0,Graduate,Yes,23178,738,222.0,,1.0,Urban,Y
LP009463,Female,No,1,Graduate,No,28231,740,158.0,360.0,1.0,Urban,Y
LP009464,Male,Yes,0,Graduate,Yes,36741,849,89.0,360.0,1.0,Urban,Y
LP009465,Female,No,0,Graduate,No,10396,4591,186.0,360.0,1.0,Semiurban,Y
LP009466,Female,Yes,0,Not Graduate,No,20314,7596,230.0,360.0,0.0,Semiurban,Y
LP009467,Female,No,0,Not Graduate,No,26156,137,156.0,360.0,1.0,Urban,Y
LP009468,Female,Yes,1,Not Graduate,No,12153,629,217.0,240.0,1.0,Semiurban,N
LP009469,Male,Yes,1,Graduate,No,7515,280,129.0,360.0,1.0,Rural,Y
LP009470,Male,,0,Not Graduate,No,14985,838,170.0,360.0,0.0,Semiurban,Y
LP009471,Male,Yes,0,Graduate,Yes,8228,983,71.0,300.0,1.0,Semiurban,Y
LP009472,Female,No,2,Graduate,No,7605,139,119.0,360.0,1.0,Semiurban,N
LP009473,Female,Yes,0,Graduate,No,15932,1706,158.0,360.0,0.0,Urban,Y
LP009474,Male,Yes,0,Graduate,No,11491,639,183.0,,1.0,Semiurban,Y
LP009475,Female,Yes,1,Graduate,No,15373,2797,171.0,360.0,1.0,Urban,Y
LP009476,Female,Yes,2,Graduate,No,3862,1137,214.0,240.0,1.0,Semiurban,N
LP009477,Female,Yes,2,Graduate,No,11609,139,73.0,360.0,1.0,Semiurban,Y
LP009478,Female,Yes,2,Graduate,No,2190,2292,223.0,120.0,1.0,Urban,Y
LP009479,Male,Yes,0,Graduate,No,5788,219,114.0,240.0,0.0,Urban,N
LP009480,Male,No,2,Not Graduate,No,12442,250,88.0,480.0,0.0,Rural,N
LP009481,Male,Yes,0,Not Graduate,No,35259,749,201.0,360.0,1.0,Urban,Y
LP009482,Male,Yes,0,Graduate,No,20526,778,94.0,300.0,1.0,Semiurban,Y
LP009483,Female,Yes,1,Graduate,No,14360,133,220.0,360.0,0.0,Semiurban,Y
LP009484,Female,No,1,Graduate,No,9883,918,40.0,120.0,1.0,Urban,Y
LP009485,Female,Yes,0,Graduate,No,10932,985,112.0,300.0,1.0,Urban,Y
LP009486,,Yes,0,Not Graduate,No,37972,940,193.0,180.0,0.0,Rural,Y
LP009487,Male,No,2,Graduate,No,5513,144,183.0,360.0,0.0,Semiurban,N
LP009488,Male,Yes,2,Not Graduate,No,7476,1303,18.0,300.0,1.0,Urban,N
LP009489,Male,Yes,1,Graduate,No,31363,2306,116.0,240.0,1.0,Urban,Y
LP009490,Male,Yes,1,Graduate,No,10146,217,64.0,360.0,1.0,Urban,N
LP009491,Male,No,2,Not Graduate,No,63023,301,156.0,300.0,1.0,Semiurban,Y
LP009492,Male,No,2,Graduate,No,23215,2820,152.0,300.0,1.0,Urban,Y
LP009493,Male,No,1,Graduate,No,33656,7302,137.0,360.0,0.0,Rural,Y
LP009494,Male,Yes,0,Not Graduate,No,3639,898,144.0,360.0,1.0,Urban,N
LP009495,Female,Yes,0,Graduate,No,31180,639,94.0,480.0,1.0,Semiurban,Y
LP009496,Male,Yes,1,Graduate,No,6771,1391,113.0,,1.0,Semiurban,Y
LP009497,Male,No,0,Graduate,No,23685,5583,203.0,,1.0,Urban,Y
LP009498,Male,No,0,Not Graduate,No,9986,395,125.0,360.0,1.0,Urban,N
LP009499,Female,Yes,1,Graduate,No,15966,613,121.0,360.0,1.0,Semiurban,Y
LP009500,Male,Yes,0,Not Graduate,No,5513,594,206.0,480.0,1.0,Urban,N
LP009501,Male,Yes,2,Graduate,No,3372,200,91.0,360.0,1.0,Rural,N
LP009502,Female,Yes,0,Graduate,No,15069,3051,223.0,360.0,1.0,Urban,Y
LP009503,Male,Yes,1,Graduate,No,10561,1500,228.0,360.0,1.0,Rural,N
LP009504,Female,Yes,2,Graduate,No,6535,97,99.0,,1.0,Semiurban,N
LP009505,Male,Yes,1,Graduate,No,3478,1081,196.0,300.0,1.0,Urban,N
LP009506,Male,Yes,0,Not Graduate,No,1571,8060,41.0,240.0,1.0,Semiurban,Y
LP009507,Male,No,,Graduate,Yes,20309,1526,155.0,360.0,1.0,Semiurban,Y
LP009508,Female,No,2,Not Graduate,No,10893,7515,99.0,360.0,1.0,Semiurban,Y
LP009509,Male,No,3+,Graduate,No,8241,559,175.0,360.0,1.0,Semiurban,N
LP009510,Male,No,,Graduate,No,15839,3496,165.0,300.0,0.0,Semiurban,Y
LP009511,Male,Yes,2,Graduate,No,30077,5312,136.0,180.0,1.0,Semiurban,Y
LP009512,Male,Yes,0,Graduate,Yes,16575,1004,95.0,240.0,1.0,Urban,Y
LP009513,Male,No,2,Graduate,No,9372,669,,360.0,1.0,Rural,Y
LP009514,Female,Yes,3+,Graduate,No,73569,4105,,300.0,1.0,Semiurban,Y
LP009515,Female,Yes,1,Not Graduate,No,8033,2096,114.0,360.0,1.0,Rural,N
LP009516,Male,Yes,2,Graduate,No,4325,3445,124.0,240.0,1.0,Urban,Y
LP009517,Male,No,1,Graduate,No,14470,1800,145.0,360.0,1.0,Urban,Y
LP009518,Female,Yes,0,Not Graduate,No,10889,996,145.0,480.0,1.0,Rural,Y
LP009519,Male,Yes,2,Not Graduate,No,28500,985,165.0,360.0,1.0,Rural,Y
LP009520,Male,Yes,1,Not Graduate,No,8768,716,197.0,,1.0,Rural,N
LP009521,,No,1,Not Graduate,No,11706,1772,202.0,240.0,1.0,Urban,N
LP009522,Female,,1,Graduate,Yes,6683,886,138.0,240.0,1.0,Semiurban,Y
LP009523,Female,Yes,2,Not Graduate,No,25492,1486,171.0,120.0,1.0,Urban,Y
LP009524,Female,Yes,2,Graduate,No,14985,423,139.0,360.0,1.0,Semiurban,Y
LP009525,Male,No,0,Not Graduate,No,10719,394,210.0,360.0,1.0,Rural,N
LP009526,Male,No,1,Graduate,No,11849,2210,143.0,360.0,1.0,Urban,Y
LP009527,Female,Yes,3+,Not Graduate,No,13133,1747,156.0,180.0,1.0,Semiurban,Y
LP009528,Male,Yes,1,Graduate,Yes,4230,654,148.0,480.0,1.0,Urban,Y
LP009529,Female,No,3+,Graduate,No,33865,5723,173.0,360.0,1.0,Urban,Y
LP009530,,Yes,2,Graduate,No,32312,409,181.0,180.0,1.0,Rural,Y
LP009531,Male,No,1,Not Graduate,No,13801,1853,219.0,180.0,0.0,Urban,Y
LP009532,Female,Yes,0,Graduate,No,12670,1899,210.0,360.0,1.0,Rural,Y
LP009533,Male,Yes,0,Not Graduate,Yes,6018,1169,152.0,240.0,1.0,Semiurban,N
LP009534,Female,No,1,Graduate,No,53202,5011,147.0,240.0,1.0,Urban,Y
LP009535,Male,Yes,1,Graduate,Yes,43842,7728,,120.0,1.0,Semiurban,Y
LP009536,Male,Yes,2,Graduate,No,18315,275,,300.0,1.0,Urban,Y
LP009537,Female,Yes,2,Graduate,Yes,25746,71,162.0,180.0,1.0,Urban,Y
LP009538,Female,No,0,Graduate,No,35752,609,273.0,180.0,1.0,Urban,Y
LP009539,Male,Yes,2,Graduate,No,30393,337,146.0,240.0,0.0,Urban,Y
LP009540,Male,Yes,1,Graduate,No,6734,649,226.0,120.0,1.0,Semiurban,N
LP009541,Male,No,0,Graduate,No,10416,9734,226.0,180.0,1.0,Urban,Y
LP009542,Male,Yes,1,Graduate,No,19429,27886,225.0,360.0,1.0,Rural,Y
LP009543,Male,Yes,2,Not Graduate,No,15719,351,133.0,240.0,1.0,Urban,Y
LP009544,Male,Yes,0,Graduate,No,24402,1435,145.0,180.0,1.0,Rural,Y
LP009545,Male,No,0,Graduate,No,22358,1396,141.0,180.0,1.0,Semiurban,Y
LP009546,Male,Yes,0,Graduate,Yes,16278,1660,223.0,120.0,1.0,Urban,Y
LP009547,Male,Yes,0,Not Graduate,Yes,1664,211,127.0,360.0,1.0,Urban,N
LP009548,Male,Yes,1,Graduate,No,34141,4831,121.0,,1.0,Semiurban,Y
LP009549,Male,No,0,Graduate,No,26140,3236,184.0,300.0,1.0,Rural,Y
LP009550,Female,No,2,Graduate,No,69938,616,83.0,,1.0,Urban,Y
LP009551,Male,Yes,0,Not Graduate,No,9117,4802,188.0,,1.0,Semiurban,N
LP009552,Female,Yes,1,Graduate,Yes,3058,194,92.0,120.0,1.0,Semiurban,N
LP009553,Female,,0,Graduate,No,11563,143,129.0,300.0,,Semiurban,Y
LP009554,Female,Yes,3+,Graduate,No,19251,1506,207.0,240.0,1.0,Urban,Y
LP009555,Female,No,1,Not Graduate,No,9380,1839,122.0,300.0,1.0,Urban,Y
LP009556,Female,Yes,,Graduate,No,40032,900,165.0,480.0,0.0,Rural,N
LP009557,Male,Yes,2,Graduate,,7878,4141,210.0,300.0,1.0,Semiurban,N
LP009558,Male,Yes,2,Graduate,No,12323,498,93.0,240.0,0.0,Urban,N
LP009559,Female,,2,Not Graduate,,10973,4652,158.0,360.0,1.0,Rural,Y
LP009560,Male,Yes,0,Graduate,No,122939,2823,182.0,300.0,1.0,Urban,Y
LP009561,Female,Yes,1,Graduate,No,6471,10253,79.0,360.0,1.0,Semiurban,Y
LP009562,Male,Yes,0,Graduate,No,21311,130,98.0,180.0,0.0,Urban,Y
LP009563,Female,Yes,2,Graduate,No,5110,611,230.0,300.0,0.0,Semiurban,N
LP009564,Male,,3+,Graduate,No,17577,369,92.0,120.0,1.0,Semiurban,Y
LP009565,Male,Yes,3+,Graduate,No,6225,2785,132.0,240.0,1.0,Semiurban,N
LP009566,,No,0,Not Graduate,No,32207,7241,49.0,360.0,1.0,Semiurban,Y
LP009567,Female,Yes,0,Graduate,No,27625,701,110.0,240.0,1.0,Semiurban,Y
LP009568,Female,No,0,Graduate,No,16600,2251,188.0,180.0,1.0,Rural,Y
LP009569,Male,Yes,0,Not Graduate,No,4388,6200,197.0,180.0,1.0,Urban,N
LP009570,Female,Yes,0,Graduate,Yes,12803,1622,189.0,360.0,0.0,Rural,N
LP009571,Male,Yes,0,Graduate,No,10474,2544,148.0,180.0,1.0,Semiurban,Y
LP009572,Male,No,3+,Graduate,No,25960,101,96.0,360.0,1.0,Urban,Y
LP009573,Male,No,1,Not Graduate,No,6489,7179,170.0,300.0,1.0,Semiurban,Y
LP009574,Male,Yes,1,Not Graduate,No,33659,766,127.0,300.0,1.0,Urban,Y
LP009575,Male,No,1,Graduate,No,28966,27002,69.0,360.0,,Semiurban,Y
LP009576,Male,Yes,1,Graduate,No,4449,395,151.0,360.0,1.0,Semiurban,Y
LP009577,Female,Yes,3+,Graduate,Yes,11207,1938,213.0,480.0,1.0,Urban,Y
LP009578,Female,Yes,,Not Graduate,Yes,12822,2953,205.0,180.0,1.0,Urban,N
LP009579,Male,Yes,0,Graduate,No,29874,54,208.0,360.0,1.0,Semiurban,Y
LP009580,,Yes,1,Not Graduate,No,7712,9254,165.0,,,Semiurban,Y
LP009581,Male,No,3+,Graduate,No,15773,2675,103.0,360.0,,Urban,Y
LP009582,,Yes,0,Graduate,Yes,32184,182,179.0,360.0,0.0,Semiurban,Y
LP009583,Male,No,1,Graduate,Yes,16334,1709,157.0,360.0,1.0,Rural,Y
LP009584,Male,Yes,0,Graduate,No,3023,1697,137.0,360.0,1.0,Urban,N
LP009585,Female,Yes,0,Not Graduate,No,8994,933,183.0,120.0,,Rural,N
LP009586,Female,No,2,Not Graduate,No,27539,536,172.0,360.0,0.0,Urban,Y
LP009587,Male,No,0,Graduate,No,24921,1010,119.0,360.0,1.0,Semiurban,Y
LP009588,Male,No,0,Graduate,No,2209,3082,116.0,480.0,1.0,Rural,N
LP009589,Male,Yes,0,Graduate,No,15687,2936,92.0,180.0,1.0,Urban,Y
LP009590,,No,3+,Not Graduate,No,28475,1107,162.0,480.0,1.0,Semiurban,Y
LP009591,Male,No,0,Not Graduate,No,20560,1442,195.0,360.0,0.0,Urban,Y
LP009592,Male,Yes,2,Graduate,Yes,22535,941,120.0,240.0,1.0,Semiurban,Y
LP009593,Female,Yes,0,Graduate,No,69553,341,,180.0,1.0,Semiurban,Y
LP009594,Male,Yes,2,Graduate,No,12903,1023,175.0,360.0,1.0,Semiurban,N
LP009595,Male,Yes,3+,Not Graduate,No,17048,454,228.0,360.0,1.0,Urban,Y
LP009596,Male,Yes,,Graduate,No,6300,332,249.0,360.0,1.0,Urban,Y
LP009597,Male,No,0,Not Graduate,No,8040,60,225.0,,1.0,Semiurban,Y
LP009598,,Yes,,Not Graduate,No,10243,671,147.0,360.0,1.0,Urban,N
LP009599,Male,No,2,Graduate,No,26364,2814,104.0,240.0,1.0,Urban,Y
LP009600,Male,Yes,0,Not Graduate,No,7346,4758,180.0,360.0,1.0,Rural,Y
LP009601,Male,Yes,0,Graduate,No,35871,1873,146.0,,1.0,Semiurban,Y
LP009602,Female,Yes,0,Graduate,No,5571,231,140.0,300.0,1.0,Urban,N
LP009603,Male,Yes,0,Not Graduate,No,22285,910,245.0,300.0,1.0,Semiurban,Y
LP009604,Male,No,0,Graduate,Yes,20778,274,219.0,360.0,1.0,Semiurban,Y
LP009605,Female,No,2,Graduate,Yes,16415,10843,181.0,480.0,1.0,Urban,Y
LP009606,Female,Yes,2,Graduate,No,29369,689,145.0,240.0,1.0,Semiurban,Y
LP009607,Female,No,1,Graduate,No,7375,605,150.0,180.0,1.0,Rural,N
LP009608,Male,Yes,1,Not Graduate,Yes,9201,3318,72.0,240.0,0.0,Semiurban,N
LP009609,Male,Yes,1,Not Graduate,No,6181,1046,202.0,480.0,1.0,Rural,N
LP009610,Female,Yes,2,Graduate,No,13456,3967,214.0,360.0,1.0,Urban,Y
LP009611,Female,Yes,1,Graduate,No,12137,284,,120.0,1.0,Semiurban,Y
LP009612,Male,Yes,1,Graduate,No,26506,1220,118.0,360.0,0.0,Urban,Y
LP009613,Female,Yes,1,Graduate,,18204,2015,198.0,360.0,1.0,Rural,Y
LP009614,Male,Yes,2,Graduate,Yes,23191,47,133.0,180.0,1.0,Urban,Y
LP009615,Female,No,0,Graduate,No,11410,483,206.0,180.0,1.0,Rural,Y
LP009616,Female,Yes,0,Graduate,No,18481,525,110.0,180.0,1.0,Semiurban,Y
LP009617,Female,Yes,0,Graduate,No,56964,1171,134.0,360.0,0.0,Rural,Y
LP009618,Female,Yes,1,Not Graduate,No,4553,755,175.0,360.0,1.0,Rural,N
LP009619,Female,No,0,Graduate,No,3067,1564,133.0,300.0,0.0,Urban,Y
LP009620,Male,No,1,Graduate,Yes,22237,827,130.0,300.0,,Rural,N
LP009621,,No,1,Graduate,No,6776,4345,129.0,360.0,1.0,Rural,N
LP009622,Male,Yes,2,Graduate,No,4423,13805,184.0,360.0,1.0,Semiurban,Y
LP009623,Male,Yes,0,Graduate,No,20478,181,198.0,480.0,0.0,Semiurban,N
LP009624,Female,No,1,Not Graduate,No,5981,1129,174.0,360.0,1.0,Semiurban,Y
LP009625,Male,Yes,1,Not Graduate,No,45763,4038,115.0,240.0,1.0,Semiurban,Y
LP009626,Male,Yes,0,Graduate,No,15141,471,218.0,480.0,1.0,Urban,Y
LP009627,Male,Yes,1,Not Graduate,No,11360,1534,162.0,180.0,1.0,Semiurban,Y
LP009628,Female,,2,Graduate,Yes,6923,695,202.0,300.0,1.0,Urban,Y
LP009629,Male,Yes,0,Graduate,No,15869,328,,480.0,1.0,Urban,Y
LP009630,Male,Yes,2,Graduate,,3741,323,208.0,480.0,0.0,Semiurban,Y
LP009631,Male,Yes,2,Graduate,No,1854,56,131.0,360.0,1.0,Semiurban,Y
LP009632,Female,Yes,1,Graduate,No,3853,1338,127.0,120.0,1.0,Semiurban,Y
LP009633,Male,No,2,Not Graduate,No,33181,1448,170.0,300.0,1.0,Semiurban,Y
LP009634,Female,Yes,1,Graduate,No,6378,349,47.0,480.0,1.0,Urban,Y
LP009635,Male,Yes,1,Graduate,No,4240,783,167.0,360.0,1.0,Urban,Y
LP009636,Male,Yes,3+,Graduate,,12443,194,136.0,360.0,1.0,Semiurban,N
LP009637,Female,Yes,0,Graduate,No,79201,2077,220.0,240.0,1.0,Semiurban,Y
LP009638,,Yes,0,Graduate,No,32000,678,,360.0,1.0,Urban,Y
LP009639,Male,Yes,0,Graduate,Yes,7041,2764,100.0,360.0,1.0,Semiurban,Y
LP009640,,Yes,1,Graduate,,6941,745,,360.0,1.0,Urban,Y
LP009641,Male,Yes,0,Graduate,No,7067,335,27.0,360.0,1.0,Urban,Y
LP009642,Male,No,3+,Graduate,No,6449,576,271.0,300.0,1.0,Urban,Y
LP009643,Male,Yes,1,Graduate,Yes,20640,6699,24.0,360.0,1.0,Semiurban,Y
LP009644,Male,Yes,2,Graduate,No,10211,13565,122.0,300.0,1.0,Rural,Y
LP009645,Male,Yes,0,Graduate,No,5483,179,187.0,120.0,,Rural,N
LP009646,Female,No,0,Graduate,Yes,4587,3251,223.0,360.0,1.0,Urban,Y
LP009647,Female,Yes,0,Graduate,No,84189,290,240.0,360.0,,Urban,Y
LP009648,Male,No,0,Graduate,No,24124,440,145.0,360.0,1.0,Urban,Y
LP009649,Male,Yes,1,Graduate,No,6735,1409,175.0,240.0,0.0,Rural,Y
LP009650,Male,Yes,3+,Graduate,No,35238,1972,134.0,180.0,1.0,Rural,Y
LP009651,Male,Yes,0,Not Graduate,No,5313,457,72.0,240.0,1.0,Rural,Y
LP009652,Male,Yes,1,Not Graduate,No,11971,2280,97.0,360.0,1.0,Semiurban,Y
LP009653,Male,Yes,1,Graduate,No,10968,4541,64.0,240.0,1.0,Urban,Y
LP009654,Male,Yes,0,Graduate,No,15457,2628,165.0,360.0,1.0,Rural,Y
LP009655,Male,Yes,1,Graduate,No,6287,343,132.0,360.0,1.0,Urban,Y
LP009656,Male,Yes,0,Graduate,No,14806,643,,300.0,0.0,Rural,N
LP009657,Female,Yes,2,Graduate,No,3298,3134,183.0,360.0,1.0,Semiurban,N
LP009658,Male,No,2,Graduate,No,9883,7056,162.0,180.0,1.0,Rural,Y
LP009659,Female,,0,Graduate,No,38878,238,183.0,360.0,1.0,Urban,Y
LP009660,Female,Yes,1,Graduate,No,30341,1577,240.0,360.0,1.0,Semiurban,Y
LP009661,Male,No,0,Not Graduate,No,7655,2646,110.0,360.0,1.0,Urban,N
LP009662,Male,Yes,2,Graduate,No,3941,205,56.0,180.0,1.0,Semiurban,Y
LP009663,Male,Yes,2,Graduate,No,2329,3724,120.0,180.0,1.0,Urban,N
LP009664,Male,Yes,2,Not Graduate,No,21894,13874,139.0,240.0,1.0,Urban,Y
LP009665,Male,Yes,,Graduate,No,16692,2432,171.0,240.0,1.0,Semiurban,Y
LP009666,Female,Yes,0,Not Graduate,Yes,18188,2162,186.0,360.0,1.0,Urban,Y
LP009667,Male,Yes,1,Graduate,Yes,51662,445,96.0,180.0,,Rural,Y
LP009668,Male,Yes,3+,Not Graduate,No,15097,608,89.0,240.0,1.0,Urban,N
LP009669,Female,Yes,3+,Not Graduate,Yes,16033,504,218.0,240.0,1.0,Semiurban,Y
LP009670,Female,,0,Graduate,No,4368,379,165.0,360.0,1.0,Urban,Y
LP009671,Male,No,2,Not Graduate,No,48979,820,167.0,300.0,1.0,Urban,Y
LP009672,Female,Yes,3+,Graduate,No,11717,1589,163.0,240.0,1.0,Rural,Y
LP009673,Male,Yes,0,Graduate,No,6950,391,,120.0,0.0,Rural,Y
LP009674,Male,Yes,2,Graduate,No,15776,722,138.0,180.0,1.0,Urban,Y
LP009675,Male,Yes,0,Graduate,No,66187,1607,114.0,360.0,1.0,Urban,Y
LP009676,Male,Yes,0,Graduate,,73729,86,123.0,360.0,1.0,Urban,Y
LP009677,Female,Yes,,Graduate,No,6146,3425,258.0,360.0,1.0,Rural,N
LP009678,Male,Yes,1,Not Graduate,No,34210,1416,240.0,300.0,0.0,Semiurban,Y
LP009679,Male,Yes,2,Graduate,No,17476,1439,196.0,240.0,1.0,Rural,Y
LP009680,Male,No,1,Not Graduate,,29438,4392,146.0,240.0,1.0,Rural,Y
LP009681,Male,No,0,Graduate,No,16670,3380,178.0,360.0,1.0,Rural,Y
LP009682,Male,Yes,0,Graduate,No,21848,2272,78.0,,1.0,Semiurban,Y
LP009683,Male,Yes,1,Graduate,No,38447,1533,199.0,240.0,,Urban,N
LP009684,Female,No,1,Not Graduate,No,3296,1083,137.0,120.0,1.0,Semiurban,Y
LP009685,Male,,1,Not Graduate,No,17823,546,150.0,240.0,1.0,Urban,Y
LP009686,Male,Yes,,Graduate,No,5241,346,154.0,360.0,1.0,Rural,Y
LP009687,Male,Yes,2,Graduate,No,9219,1745,141.0,360.0,1.0,Urban,Y
LP009688,Male,Yes,3+,Graduate,No,13370,1759,190.0,180.0,1.0,Semiurban,Y
LP009689,Male,No,1,Graduate,Yes,5965,1299,229.0,300.0,0.0,Urban,N
LP009690,Female,Yes,2,Graduate,No,8390,218,192.0,180.0,,Rural,N
LP009691,,Yes,3+,Graduate,No,4356,45,153.0,300.0,0.0,Urban,N
LP009692,Male,Yes,1,Graduate,,8311,1172,96.0,180.0,1.0,Rural,Y
LP009693,Male,Yes,1,Graduate,Yes,20120,121,151.0,360.0,1.0,Semiurban,Y
LP009694,Female,Yes,2,Graduate,No,26698,1605,146.0,360.0,1.0,Urban,Y
LP009695,Male,No,0,Graduate,No,7219,11365,191.0,240.0,0.0,Urban,Y
LP009696,Male,Yes,1,Graduate,No,38647,1631,117.0,480.0,1.0,Rural,Y
LP009697,Male,Yes,2,Graduate,No,21203,649,105.0,360.0,1.0,Urban,Y
LP009698,Female,Yes,0,Graduate,No,42054,312,164.0,240.0,1.0,Semiurban,Y
LP009699,Male,Yes,2,Not Graduate,No,3240,548,196.0,300.0,0.0,Urban,N
LP009700,Female,Yes,1,Graduate,,17137,1049,157.0,480.0,1.0,Urban,Y
LP009701,Female,Yes,1,Not Graduate,No,21784,3973,198.0,240.0,1.0,Semiurban,Y
LP009702,Male,Yes,1,Graduate,No,3378,1297,86.0,240.0,0.0,Urban,N
LP009703,Female,Yes,1,Not Graduate,No,92170,772,173.0,360.0,1.0,Semiurban,Y
LP009704,Female,Yes,2,Graduate,No,8028,2459,85.0,300.0,1.0,Semiurban,Y
LP009705,Male,No,1,Not Graduate,No,20642,6446,283.0,300.0,1.0,Urban,Y
LP009706,Male,Yes,3+,Graduate,No,28040,1597,217.0,300.0,1.0,Urban,Y
LP009707,Male,Yes,1,Graduate,No,14486,1379,169.0,360.0,1.0,Semiurban,Y
LP009708,Male,Yes,1,Graduate,Yes,40484,149,69.0,360.0,1.0,Urban,Y
LP009709,Male,Yes,3+,Graduate,Yes,65918,213,81.0,360.0,1.0,Semiurban,Y
LP009710,Male,Yes,0,Graduate,No,5498,183,244.0,360.0,1.0,Semiurban,Y
LP009711,Male,Yes,2,Not Graduate,No,14660,871,92.0,120.0,1.0,Urban,Y
LP009712,Female,Yes,0,Graduate,No,27793,403,175.0,360.0,1.0,Urban,Y
LP009713,Male,Yes,2,Graduate,Yes,3617,604,241.0,480.0,1.0,Urban,Y
LP009714,Male,,1,Not Graduate,No,31301,397,155.0,360.0,1.0,Rural,Y
LP009715,Male,Yes,3+,Graduate,No,52324,441,90.0,180.0,1.0,Urban,Y
LP009716,Male,Yes,2,Graduate,No,37313,118,61.0,480.0,1.0,Rural,Y
LP009717,Male,Yes,0,Not Graduate,No,18972,1427,169.0,240.0,1.0,Urban,Y
LP009718,Male,No,0,Graduate,Yes,45778,2540,94.0,180.0,1.0,Urban,Y
LP009719,,No,1,Graduate,,17782,1192,150.0,240.0,1.0,Rural,Y
LP009720,Female,,1,Not Graduate,No,4648,1699,96.0,180.0,,Semiurban,Y
LP009721,Female,Yes,0,Graduate,No,8799,1916,119.0,240.0,0.0,Urban,N
LP009722,Male,Yes,0,Graduate,Yes,10888,1826,121.0,300.0,1.0,Semiurban,Y
LP009723,Female,Yes,1,Graduate,No,12693,3028,136.0,,1.0,Urban,Y
LP009724,Female,Yes,0,Graduate,,12389,4577,112.0,360.0,1.0,Urban,Y
LP009725,,Yes,2,Graduate,No,10192,7288,164.0,360.0,1.0,Semiurban,N
LP009726,Female,No,2,Not Graduate,No,15915,108,,240.0,0.0,Rural,Y
LP009727,Female,Yes,2,Not Graduate,No,44506,1921,131.0,480.0,1.0,Urban,Y
LP009728,Male,Yes,0,Graduate,No,15855,256,163.0,240.0,1.0,Semiurban,Y
LP009729,Male,,0,Graduate,No,22092,5927,103.0,300.0,1.0,Urban,Y
LP009730,Male,Yes,1,Graduate,No,2309,1187,71.0,300.0,1.0,Semiurban,Y
LP009731,Male,Yes,3+,Graduate,Yes,14776,1527,170.0,120.0,1.0,Urban,Y
LP009732,Female,Yes,0,Not Graduate,No,31871,1262,193.0,300.0,0.0,Urban,Y
LP009733,Male,Yes,0,Not Graduate,No,36224,1411,54.0,300.0,0.0,Semiurban,Y
LP009734,Female,Yes,0,Not Graduate,No,33392,7917,145.0,180.0,1.0,Urban,Y
LP009735,Female,Yes,1,Graduate,No,17029,4854,171.0,360.0,1.0,Semiurban,Y
LP009736,Female,Yes,1,Graduate,Yes,18604,7520,164.0,360.0,1.0,Rural,Y
LP009737,,Yes,0,Graduate,Yes,7799,868,120.0,240.0,0.0,Urban,Y
LP009738,,Yes,,Graduate,No,26265,85,152.0,240.0,1.0,Rural,Y
LP009739,Male,No,1,Graduate,No,7832,2688,196.0,480.0,1.0,Semiurban,Y
LP009740,Female,Yes,1,Not Graduate,Yes,23033,287,107.0,240.0,1.0,Rural,Y
LP009741,Male,Yes,1,Graduate,No,13810,710,,360.0,0.0,Rural,N
LP009742,Male,Yes,2,Graduate,,13520,1017,80.0,180.0,0.0,Urban,N
LP009743,Female,Yes,1,Graduate,No,29762,1099,194.0,360.0,1.0,Semiurban,Y
LP009744,Female,Yes,1,Not Graduate,No,20930,2374,152.0,360.0,0.0,Semiurban,Y
LP009745,Male,No,2,Not Graduate,No,16748,362,124.0,360.0,1.0,Rural,Y
LP009746,Female,Yes,3+,Graduate,No,8971,2325,57.0,180.0,1.0,Semiurban,Y
LP009747,,No,0,Not Graduate,No,48139,872,209.0,300.0,1.0,Semiurban,Y
LP009748,Male,No,0,Graduate,No,17437,24898,103.0,300.0,1.0,Rural,Y
LP009749,Male,No,2,Graduate,Yes,24292,162,148.0,360.0,1.0,Urban,Y
LP009750,Female,Yes,0,Graduate,No,14253,1277,173.0,360.0,1.0,Rural,Y
LP009751,Male,No,,Graduate,,7669,2293,268.0,300.0,1.0,Urban,Y
LP009752,Male,Yes,0,Graduate,No,17746,669,132.0,,1.0,Semiurban,Y
LP009753,Male,Yes,3+,Graduate,No,8294,550,152.0,300.0,1.0,Semiurban,Y
LP009754,Female,,1,Graduate,No,18962,5374,170.0,360.0,1.0,Urban,Y
LP009755,Male,No,2,Graduate,No,980,3008,155.0,480.0,1.0,Semiurban,Y
LP009756,Male,Yes,0,Graduate,No,9694,420,111.0,180.0,1.0,Semiurban,Y
LP009757,Male,Yes,3+,Not Graduate,No,13207,185,224.0,240.0,0.0,Urban,N
LP009758,Female,Yes,0,Graduate,No,6225,2221,126.0,240.0,1.0,Semiurban,N
LP009759,Male,Yes,0,Graduate,No,17872,1615,173.0,480.0,1.0,Semiurban,Y
LP009760,Male,Yes,0,Graduate,No,9530,2175,139.0,360.0,1.0,Urban,Y
LP009761,Female,No,3+,Graduate,No,13296,936,119.0,180.0,1.0,Urban,N
LP009762,Male,No,1,Graduate,No,8593,3073,202.0,300.0,1.0,Rural,N
LP009763,Female,No,1,Graduate,No,29071,7483,163.0,300.0,0.0,Urban,N
LP009764,Female,Yes,1,Graduate,No,20677,6881,40.0,360.0,1.0,Urban,Y
LP009765,Female,Yes,2,Not Graduate,No,16955,410,164.0,240.0,1.0,Rural,Y
LP009766,Male,Yes,1,Graduate,No,14038,22015,118.0,360.0,1.0,Rural,Y
LP009767,Female,Yes,1,Not Graduate,No,101164,2415,70.0,360.0,1.0,Rural,Y
LP009768,Female,Yes,,Graduate,No,11778,197,197.0,360.0,1.0,Rural,Y
LP009769,Female,No,2,Graduate,Yes,7650,1853,111.0,180.0,1.0,Urban,N
LP009770,Male,Yes,0,Graduate,No,5226,1444,163.0,,1.0,Semiurban,N
LP009771,Female,No,0,Graduate,No,27564,953,195.0,300.0,1.0,Urban,Y
LP009772,Male,No,0,Graduate,Yes,49265,859,137.0,300.0,1.0,Rural,Y
LP009773,Male,Yes,0,Graduate,No,6778,2546,162.0,360.0,0.0,Semiurban,Y
LP009774,Male,No,,Graduate,No,10636,2558,115.0,300.0,0.0,Semiurban,Y
LP009775,Female,No,1,Graduate,No,10021,542,205.0,360.0,1.0,Semiurban,Y
LP009776,Male,Yes,3+,Graduate,No,12097,576,140.0,300.0,1.0,Urban,N
LP009777,Male,Yes,0,Graduate,No,3247,550,176.0,300.0,1.0,Semiurban,N
LP009778,Female,Yes,2,Graduate,No,25473,889,225.0,300.0,1.0,Urban,Y
LP009779,Male,Yes,1,Graduate,No,34620,3177,57.0,300.0,1.0,Urban,Y
LP009780,Female,Yes,,Not Graduate,No,2911,4642,,300.0,1.0,Urban,Y
LP009781,Male,Yes,1,Graduate,No,54521,847,141.0,240.0,1.0,Semiurban,Y
LP009782,Male,Yes,3+,Graduate,,48729,4099,156.0,180.0,1.0,Semiurban,Y
LP009783,Female,Yes,0,Graduate,No,1146,1863,180.0,360.0,1.0,Semiurban,Y
LP009784,Female,Yes,1,Graduate,Yes,2348,1286,211.0,180.0,1.0,Urban,Y
LP009785,Male,Yes,0,Graduate,No,12011,10311,112.0,360.0,1.0,Urban,Y
LP009786,Female,Yes,0,Graduate,No,38285,1627,139.0,300.0,1.0,Urban,Y
LP009787,Male,Yes,1,Not Graduate,No,16845,932,206.0,240.0,1.0,Semiurban,Y
LP009788,Male,Yes,2,Graduate,No,13590,2989,166.0,300.0,1.0,Semiurban,Y
LP009789,Male,No,2,Graduate,Yes,21140,250,64.0,180.0,1.0,Rural,Y
LP009790,Male,Yes,1,Graduate,No,6999,842,60.0,360.0,0.0,Rural,Y
LP009791,Male,Yes,3+,Graduate,No,37119,1501,125.0,240.0,1.0,Semiurban,Y
LP009792,Male,Yes,0,Graduate,No,12296,2599,177.0,300.0,0.0,Rural,Y
LP009793,Male,Yes,2,Graduate,No,3617,1464,176.0,240.0,1.0,Semiurban,Y
LP009794,Male,Yes,1,Graduate,Yes,7070,233,105.0,,0.0,Rural,N
LP009795,Male,Yes,2,Graduate,No,17947,379,183.0,360.0,0.0,Urban,Y
LP009796,Male,No,2,Graduate,No,10596,653,162.0,360.0,1.0,Urban,Y
LP009797,Female,No,3+,Graduate,No,9753,1465,95.0,180.0,1.0,Urban,Y
LP009798,Female,Yes,0,Graduate,No,15714,231,119.0,360.0,1.0,Urban,Y
LP009799,Male,No,1,Not Graduate,,17799,5948,52.0,300.0,1.0,Urban,Y
LP009800,Female,Yes,2,Graduate,No,4992,1596,90.0,300.0,1.0,Urban,Y
LP009801,Female,No,2,Graduate,No,35553,1545,55.0,300.0,1.0,Urban,Y
LP009802,,Yes,1,Graduate,Yes,12029,890,72.0,240.0,1.0,Semiurban,Y
LP009803,Male,Yes,,Not Graduate,Yes,18690,194,233.0,360.0,0.0,Rural,Y
LP009804,Female,Yes,0,Graduate,No,14442,1222,129.0,240.0,1.0,Urban,Y
LP009805,Male,Yes,0,Graduate,No,9622,2691,61.0,360.0,1.0,Semiurban,N
LP009806,Female,No,2,Graduate,No,27703,912,170.0,360.0,1.0,Urban,Y
LP009807,Female,Yes,2,Graduate,No,14256,3956,164.0,300.0,1.0,Semiurban,Y
LP009808,Female,Yes,0,Graduate,No,14166,1017,159.0,360.0,1.0,Semiurban,Y
LP009809,Female,Yes,3+,Graduate,Yes,1824,2528,106.0,480.0,1.0,Urban,Y
LP009810,Male,Yes,0,Graduate,No,25744,960,181.0,360.0,1.0,Rural,Y
LP009811,Male,Yes,1,Not Graduate,,11655,1728,95.0,180.0,1.0,Urban,Y
LP009812,Female,No,0,Not Graduate,No,24439,3108,189.0,240.0,1.0,Semiurban,Y
LP009813,Male,No,2,Graduate,Yes,49809,299,194.0,360.0,1.0,Semiurban,Y
LP009814,Female,Yes,2,Graduate,No,25814,2384,146.0,300.0,1.0,Rural,Y
LP009815,Female,Yes,0,Not Graduate,No,13951,3886,76.0,360.0,1.0,Urban,Y
LP009816,Female,Yes,1,Not Graduate,No,10623,15191,190.0,360.0,1.0,Semiurban,Y
LP009817,Male,No,0,Not Graduate,No,100768,1194,,480.0,1.0,Rural,Y
LP009818,Male,No,0,Graduate,No,19667,88,163.0,120.0,1.0,Urban,Y
LP009819,Male,Yes,0,Graduate,No,15799,129,184.0,300.0,1.0,Semiurban,Y
LP009820,Male,No,0,Graduate,No,11540,378,109.0,300.0,0.0,Semiurban,Y
LP009821,Female,Yes,2,Not Graduate,No,6520,5109,257.0,300.0,1.0,Rural,Y
LP009822,Female,Yes,1,Graduate,Yes,2805,15307,147.0,360.0,1.0,Rural,Y
LP009823,Female,No,0,Graduate,No,45113,673,116.0,,0.0,Semiurban,N
LP009824,Male,Yes,0,Graduate,No,7161,1168,199.0,360.0,0.0,Semiurban,N
LP009825,Male,Yes,,Graduate,No,11472,49,227.0,360.0,0.0,Urban,Y
LP009826,Female,Yes,0,Not Graduate,No,12272,2396,46.0,300.0,1.0,Urban,Y
LP009827,Male,Yes,1,Graduate,Yes,42044,1288,80.0,360.0,1.0,Semiurban,Y
LP009828,Male,Yes,0,Graduate,No,7237,812,111.0,240.0,1.0,Semiurban,N
LP009829,Female,No,2,Not Graduate,No,16413,345,,180.0,1.0,Semiurban,Y
LP009830,Female,Yes,1,Graduate,No,20125,718,126.0,480.0,1.0,Rural,Y
LP009831,Male,No,0,Not Graduate,No,4413,218,226.0,300.0,1.0,Rural,Y
LP009832,Female,Yes,3+,Graduate,No,4093,390,161.0,300.0,0.0,Urban,N
LP009833,Male,Yes,0,Graduate,No,7540,238,77.0,240.0,0.0,Semiurban,N
LP009834,Female,No,0,Graduate,No,16235,323,194.0,360.0,1.0,Rural,Y
LP009835,Male,Yes,0,Graduate,No,14664,274,165.0,480.0,1.0,Rural,Y
LP009836,Male,Yes,0,Graduate,No,12145,2191,106.0,360.0,1.0,Urban,Y
LP009837,Female,Yes,0,Not Graduate,No,22514,275,116.0,300.0,1.0,Semiurban,Y
LP009838,Male,Yes,0,Graduate,No,6731,1029,97.0,360.0,1.0,Rural,Y
LP009839,Female,Yes,2,Graduate,Yes,11655,295,118.0,300.0,1.0,Urban,Y
LP009840,Female,No,2,Not Graduate,No,12199,310,182.0,180.0,1.0,Semiurban,Y
LP009841,Female,No,1,Graduate,No,6878,295,104.0,240.0,1.0,Urban,Y
LP009842,Female,Yes,1,Graduate,No,84234,3544,154.0,240.0,1.0,Rural,Y
LP009843,Male,No,1,Graduate,No,2372,880,165.0,480.0,1.0,Rural,N
LP009844,Female,,0,Graduate,No,36045,447,147.0,480.0,1.0,Rural,Y
LP009845,Male,No,0,Graduate,No,25337,328,69.0,240.0,1.0,Semiurban,Y
LP009846,Male,Yes,0,Not Graduate,No,25505,218,187.0,300.0,1.0,Urban,Y
LP009847,Female,Yes,1,Graduate,Yes,14424,463,91.0,480.0,1.0,Urban,Y
LP009848,Male,Yes,0,Graduate,No,38826,195,121.0,360.0,1.0,Urban,Y
LP009849,Male,Yes,,Graduate,No,9333,650,126.0,300.0,0.0,Urban,N
LP009850,Male,Yes,0,Graduate,No,18287,469,148.0,300.0,1.0,Urban,Y
LP009851,Female,Yes,0,Graduate,No,14165,430,154.0,360.0,1.0,Semiurban,N
LP009852,Female,Yes,0,Graduate,No,11093,4845,184.0,120.0,1.0,Urban,Y
LP009853,Male,Yes,0,Not Graduate,Yes,14727,818,134.0,480.0,1.0,Urban,Y
LP009854,Male,Yes,0,Graduate,No,6254,881,89.0,180.0,1.0,Semiurban,N
LP009855,Female,Yes,0,Graduate,,7853,5107,204.0,480.0,1.0,Semiurban,N
LP009856,Male,No,0,Not Graduate,No,47299,214,129.0,180.0,1.0,Semiurban,Y
LP009857,Male,Yes,0,Graduate,No,133957,611,140.0,480.0,1.0,Urban,Y
LP009858,Male,No,0,Graduate,No,20251,170,99.0,120.0,0.0,Semiurban,N
LP009859,Male,No,2,Not Graduate,No,26025,1193,106.0,,0.0,Semiurban,Y
LP009860,Male,No,,Graduate,No,16344,2272,222.0,180.0,1.0,Semiurban,Y
LP009861,Female,No,0,Graduate,No,19226,59,81.0,180.0,1.0,Semiurban,Y
LP009862,Male,No,,Graduate,No,20640,3077,88.0,480.0,1.0,Rural,Y
LP009863,Female,Yes,0,Not Graduate,Yes,30587,1592,126.0,360.0,1.0,Semiurban,Y
LP009864,Female,No,0,Graduate,No,45686,1145,165.0,360.0,1.0,Urban,Y
LP009865,Female,No,3+,Not Graduate,No,6584,247,101.0,300.0,1.0,Rural,Y
LP009866,Male,No,2,Graduate,,128314,2769,71.0,180.0,0.0,Urban,Y
LP009867,Male,Yes,0,Not Graduate,No,14922,8262,88.0,,1.0,Urban,Y
LP009868,Male,Yes,1,Graduate,No,14926,672,129.0,480.0,1.0,Urban,N
LP009869,Female,Yes,0,Graduate,No,9601,749,99.0,300.0,1.0,Urban,Y
LP009870,Male,Yes,0,Graduate,No,9630,1126,261.0,360.0,0.0,Semiurban,N
LP009871,Male,No,2,Graduate,No,21874,679,249.0,360.0,1.0,Rural,Y
LP009872,Male,Yes,0,Graduate,No,22241,885,208.0,300.0,1.0,Urban,Y
LP009873,Male,Yes,1,Graduate,No,20997,3767,168.0,,0.0,Semiurban,N
LP009874,Male,Yes,1,Not Graduate,No,9284,1012,168.0,360.0,1.0,Urban,N
LP009875,Male,Yes,1,Graduate,No,1539,1553,216.0,360.0,1.0,Semiurban,Y
LP009876,Male,Yes,3+,Not Graduate,Yes,3176,12579,156.0,360.0,1.0,Urban,N
LP009877,Male,Yes,2,Graduate,No,13502,6356,108.0,240.0,1.0,Urban,Y
LP009878,Male,Yes,,Graduate,No,17478,312,256.0,240.0,1.0,Semiurban,Y
LP009879,Female,Yes,0,Not Graduate,No,9549,8894,178.0,360.0,1.0,Rural,Y
LP009880,,Yes,0,Not Graduate,No,7674,5723,222.0,360.0,1.0,Semiurban,Y
LP009881,Male,No,2,Graduate,No,16938,6589,240.0,360.0,,Semiurban,Y
LP009882,Male,No,3+,Graduate,,12257,517,61.0,480.0,1.0,Urban,Y
LP009883,Male,No,1,Graduate,Yes,9125,1413,106.0,360.0,1.0,Semiurban,N
LP009884,Female,Yes,3+,Graduate,Yes,3668,685,139.0,360.0,1.0,Rural,Y
LP009885,Male,Yes,0,Graduate,Yes,6801,1268,175.0,240.0,1.0,Semiurban,N
LP009886,Female,Yes,0,Graduate,Yes,28171,8974,195.0,300.0,0.0,Urban,Y
LP009887,Female,,0,Graduate,No,6185,1297,146.0,300.0,1.0,Urban,Y
LP009888,Female,No,1,Graduate,No,22718,139,214.0,180.0,1.0,Semiurban,Y
LP009889,Male,Yes,2,Graduate,Yes,40502,700,180.0,,1.0,Urban,Y
LP009890,Male,No,0,Graduate,No,7095,499,179.0,300.0,1.0,Urban,N
LP009891,Female,Yes,3+,Not Graduate,No,9360,9393,136.0,360.0,1.0,Urban,Y
LP009892,Male,Yes,1,Graduate,No,29433,413,165.0,360.0,1.0,Urban,Y
LP009893,Female,Yes,1,Graduate,No,35820,672,165.0,120.0,1.0,Urban,Y
LP009894,Female,,2,Not Graduate,No,7975,701,198.0,120.0,1.0,Semiurban,Y
LP009895,Female,Yes,0,Graduate,No,3651,7476,84.0,300.0,1.0,Urban,Y
LP009896,Male,No,2,Graduate,No,36457,3471,185.0,360.0,1.0,Semiurban,Y
LP009897,Female,Yes,0,Graduate,Yes,21313,2168,67.0,300.0,1.0,Rural,Y
LP009898,Female,Yes,0,Graduate,No,18407,1450,107.0,480.0,,Semiurban,Y
LP009899,Female,No,1,Graduate,No,27791,1419,180.0,240.0,1.0,Rural,Y
LP009900,Male,Yes,3+,Not Graduate,,5176,1201,108.0,180.0,0.0,Urban,Y
LP009901,Male,Yes,1,Not Graduate,,18268,12917,151.0,180.0,0.0,Semiurban,Y
LP009902,Male,Yes,1,Graduate,No,10633,239,103.0,240.0,0.0,Semiurban,Y
LP009903,Male,Yes,2,Graduate,,21637,39,179.0,240.0,1.0,Urban,Y
LP009904,Male,Yes,0,Graduate,No,25316,1866,,300.0,,Urban,Y
LP009905,Female,,2,Graduate,Yes,29180,5903,148.0,360.0,0.0,Semiurban,Y
LP009906,Male,Yes,1,Not Graduate,No,21565,1370,204.0,240.0,1.0,Rural,Y
LP009907,Female,Yes,0,Graduate,No,16326,101,170.0,360.0,1.0,Urban,Y
LP009908,,No,0,Graduate,No,16769,2683,174.0,300.0,1.0,Rural,Y
LP009909,,No,0,Graduate,Yes,17915,305,205.0,300.0,1.0,Rural,Y
LP009910,Male,No,0,Graduate,No,8107,235,210.0,300.0,1.0,Rural,N
LP009911,Male,Yes,0,Not Graduate,No,9932,339,102.0,300.0,1.0,Rural,N
LP009912,Female,Yes,0,Graduate,No,18432,159,186.0,480.0,1.0,Semiurban,Y
LP009913,Male,No,1,Graduate,No,22480,1399,171.0,180.0,0.0,Rural,Y
LP009914,Female,Yes,1,Graduate,,7936,504,215.0,360.0,1.0,Rural,Y
LP009915,Male,Yes,1,Graduate,No,5645,222,85.0,,0.0,Semiurban,N
LP009916,Female,No,0,Graduate,No,3497,19069,115.0,240.0,1.0,Rural,Y
LP009917,Male,Yes,2,Not Graduate,No,4870,579,140.0,360.0,1.0,Rural,Y
LP009918,Male,Yes,,Graduate,No,8676,1166,220.0,300.0,1.0,Urban,Y
LP009919,Male,No,,Graduate,No,9346,7078,135.0,360.0,1.0,Urban,Y
LP009920,Male,No,0,Not Graduate,,10654,2472,147.0,300.0,1.0,Rural,N
LP009921,Male,Yes,1,Graduate,No,5094,10830,115.0,300.0,,Urban,Y
LP009922,Female,Yes,0,Graduate,Yes,3133,475,189.0,360.0,1.0,Rural,Y
LP009923,Female,Yes,2,Graduate,Yes,14783,3854,183.0,360.0,1.0,Semiurban,Y
LP009924,Female,No,2,Graduate,No,14788,1975,122.0,360.0,1.0,Urban,Y
LP009925,Male,Yes,2,Graduate,No,21961,3619,97.0,360.0,1.0,Urban,Y
LP009926,Male,Yes,0,Graduate,Yes,25643,3020,188.0,360.0,0.0,Rural,Y
LP009927,Male,No,0,Graduate,No,18285,434,175.0,360.0,1.0,Urban,Y
LP009928,Female,Yes,3+,Graduate,No,14643,32471,116.0,360.0,1.0,Urban,Y
LP009929,Female,No,1,Graduate,No,26924,72,184.0,240.0,1.0,Urban,Y
LP009930,Female,No,3+,Graduate,Yes,41741,388,181.0,360.0,1.0,Urban,Y
LP009931,Female,Yes,0,Graduate,,7774,2483,211.0,360.0,1.0,Urban,Y
LP009932,Male,No,3+,Not Graduate,No,24740,1554,192.0,180.0,1.0,Urban,Y
LP009933,Male,Yes,3+,Not Graduate,No,8108,1287,133.0,360.0,1.0,Rural,Y
LP009934,Male,No,1,Graduate,No,15918,2588,111.0,360.0,1.0,Semiurban,Y
LP009935,Male,No,0,Not Graduate,No,31433,398,250.0,300.0,1.0,Urban,Y
LP009936,Male,Yes,1,Graduate,No,10732,3004,124.0,180.0,1.0,Rural,Y
LP009937,Male,No,3+,Not Graduate,No,6237,939,58.0,360.0,1.0,Semiurban,N
LP009938,Female,No,2,Graduate,No,9252,5890,89.0,240.0,1.0,Semiurban,Y
LP009939,Female,Yes,0,Graduate,No,6232,760,48.0,360.0,1.0,Semiurban,Y
LP009940,Female,Yes,0,Not Graduate,No,5656,1922,211.0,360.0,1.0,Urban,Y
LP009941,Female,Yes,2,Not Graduate,No,35075,2356,241.0,360.0,1.0,Semiurban,Y
LP009942,Male,,1,Graduate,No,20453,3249,162.0,300.0,1.0,Urban,Y
LP009943,Male,No,2,Not Graduate,No,7512,1146,69.0,360.0,1.0,Semiurban,Y
LP009944,Female,No,2,Graduate,No,6078,777,210.0,180.0,1.0,Rural,Y
LP009945,Male,Yes,3+,Graduate,No,6423,432,173.0,120.0,1.0,Semiurban,Y
LP009946,Male,Yes,0,Graduate,Yes,7511,1965,211.0,360.0,1.0,Semiurban,Y
LP009947,Male,Yes,0,Graduate,No,33594,112,179.0,120.0,1.0,Semiurban,Y
LP009948,Male,Yes,0,Not Graduate,No,12233,1588,80.0,300.0,1.0,Urban,Y
LP009949,Male,Yes,3+,Not Graduate,No,73518,1737,183.0,360.0,,Rural,Y
LP009950,Male,Yes,1,Graduate,No,12941,10392,,300.0,1.0,Semiurban,Y
LP009951,Male,Yes,0,Graduate,No,8429,496,111.0,240.0,1.0,Urban,Y
LP009952,Female,No,0,Graduate,No,28063,1373,201.0,360.0,1.0,Semiurban,Y
LP009953,Male,Yes,0,Graduate,,3511,1327,199.0,300.0,1.0,Rural,N
LP009954,Male,Yes,2,Graduate,No,15533,290,102.0,180.0,1.0,Rural,Y
LP009955,Male,Yes,2,Graduate,No,5065,1089,93.0,,1.0,Rural,Y
LP009956,Male,No,1,Graduate,No,2331,219,151.0,360.0,1.0,Urban,N
LP009957,Female,No,0,Not Graduate,No,12159,3482,250.0,300.0,1.0,Urban,Y
LP009958,Female,No,3+,Graduate,,26051,2228,178.0,180.0,1.0,Rural,Y
LP009959,Female,Yes,0,Graduate,No,15853,1840,267.0,300.0,0.0,Semiurban,Y
LP009960,Male,Yes,1,Not Graduate,No,14400,510,141.0,360.0,1.0,Rural,N
LP009961,Male,Yes,0,Graduate,Yes,1670,6018,194.0,180.0,,Urban,N
LP009962,Male,Yes,0,Graduate,Yes,11802,298,134.0,240.0,1.0,Semiurban,Y
LP009963,Male,Yes,0,Graduate,No,11894,1164,109.0,480.0,1.0,Semiurban,Y
LP009964,Male,No,1,Graduate,No,21960,269,102.0,240.0,1.0,Semiurban,Y
LP009965,,Yes,1,Not Graduate,No,5730,880,,180.0,1.0,Semiurban,N
LP009966,Male,Yes,0,Graduate,No,25944,5040,214.0,300.0,1.0,Semiurban,Y
LP009967,Female,No,0,Not Graduate,No,8888,1933,133.0,180.0,1.0,Urban,N
LP009968,Male,Yes,2,Graduate,No,10515,363,221.0,120.0,1.0,Rural,Y
LP009969,Female,Yes,0,Graduate,No,20380,586,241.0,120.0,1.0,Semiurban,Y
LP009970,Male,Yes,0,Graduate,No,5158,695,193.0,240.0,1.0,Rural,Y
LP009971,Male,Yes,1,Not Graduate,No,25831,402,166.0,,1.0,Urban,Y
LP009972,Female,No,2,Graduate,No,4520,1520,116.0,240.0,1.0,Urban,Y
LP009973,Female,Yes,0,Graduate,No,22564,15071,215.0,360.0,0.0,Urban,Y
LP009974,Male,No,3+,Graduate,Yes,11065,560,92.0,240.0,1.0,Semiurban,Y
LP009975,Male,No,0,Graduate,No,11813,11111,180.0,360.0,1.0,Urban,Y
LP009976,,No,0,Graduate,No,1150,1091,85.0,300.0,1.0,Rural,Y
LP009977,Male,Yes,0,Graduate,No,8328,1614,97.0,360.0,1.0,Urban,N
LP009978,Female,Yes,1,Not Graduate,No,11291,1499,146.0,360.0,1.0,Semiurban,N
LP009979,Female,Yes,0,Not Graduate,,46115,143,185.0,360.0,1.0,Urban,Y
LP009980,,Yes,1,Graduate,No,12981,1892,200.0,360.0,1.0,Urban,N
LP009981,Male,No,0,Graduate,No,7923,59,150.0,360.0,1.0,Semiurban,Y
LP009982,Female,Yes,0,Graduate,Yes,26027,1409,,360.0,0.0,Rural,Y
LP009983,Male,No,2,Graduate,No,8918,1333,110.0,360.0,1.0,Rural,Y
LP009984,Female,Yes,2,Graduate,No,30508,173,185.0,360.0,1.0,Urban,Y
LP009985,Female,Yes,0,Graduate,No,16466,1185,183.0,300.0,1.0,Rural,Y
LP009986,Male,No,1,Not Graduate,No,6505,771,158.0,180.0,,Rural,N
LP009987,Male,Yes,,Graduate,No,28290,911,165.0,360.0,1.0,Urban,Y
LP009988,Male,No,0,Graduate,No,21608,923,230.0,180.0,0.0,Rural,N
LP009989,Male,Yes,1,Not Graduate,Yes,27352,540,200.0,,1.0,Urban,Y
LP009990,Female,No,0,Not Graduate,No,11548,1200,79.0,480.0,1.0,Urban,Y
LP009991,Male,Yes,1,Graduate,No,21609,3098,194.0,240.0,1.0,Rural,Y
LP009992,Male,No,2,Graduate,No,62093,823,219.0,360.0,1.0,Rural,Y
LP009993,Male,Yes,0,Graduate,No,15323,1032,109.0,480.0,1.0,Semiurban,Y
LP009994,Female,Yes,0,Graduate,No,9711,2389,197.0,300.0,1.0,Semiurban,Y
LP009995,Male,No,0,Not Graduate,,45943,16705,300.0,360.0,1.0,Urban,Y
LP009996,Female,No,3+,Not Graduate,No,22781,870,174.0,300.0,1.0,Rural,Y
LP009997,Female,Yes,2,Not Graduate,No,9317,142,138.0,300.0,,Rural,Y
LP009998,Female,Yes,0,Graduate,No,53535,373,144.0,360.0,1.0,Urban,Y
LP009999,Male,Yes,1,Graduate,No,5101,2259,156.0,360.0,,Semiurban,Y
LP010000,Male,Yes,0,Graduate,No,20400,6735,71.0,480.0,1.0,Rural,Y
