Date,Open,High,Low,Close,Volume,SMA_5,SMA_10,SMA_20,SMA_50,EMA_12,EMA_26,MACD,MACD_Signal,MACD_Histogram,RSI,BB_Middle,BB_Upper,BB_Lower,BB_Width,BB_Position,Stoch_K,Stoch_D,Williams_R,True_Range,ATR,ROC_5,ROC_10,Volume_SMA,Volume_Ratio,Momentum_5,Momentum_10,CCI,MFI,Next_Close,Price_Change,Price_Change_Pct,Price_Up,Strong_Up,Strong_Down,Next_3_Close,Next_5_Close,Next_10_Close,Next_5_Volatility,Close_Lag_1,Volume_Lag_1,RSI_Lag_1,Close_Lag_2,Volume_Lag_2,RSI_Lag_2,Close_Lag_3,Volume_Lag_3,RSI_Lag_3,Close_Lag_5,Volume_Lag_5,RSI_Lag_5,Close_Lag_10,Volume_Lag_10,RSI_Lag_10,Price_to_SMA_5,Price_to_SMA_20,Price_to_SMA_50,Price_Volatility_5,Price_Volatility_20,Trend_5,Trend_20,Bull_Market,Bear_Market,High_Volatility,Low_Volatility
2023-01-26 01:19:21.305279,82.73,84.22,82.73,84.02,1369031,82.99,84.545,87.237,95.178,85.15561568781558,88.19456333006691,-3.0389476422513297,-3.003427526307115,-0.03552011594421467,27.03766160764475,87.237,94.22352869155328,80.2504713084467,13.973057383106578,0.2697712167210198,32.07698476343224,20.286706235554902,-67.92301523656776,1.4899999999999949,2.5442857142857185,-2.325040688212044,-0.7325141776937671,1161617.4,1.178555865296095,-2.0,-0.6200000000000045,-82.59896723368314,27.80739303069143,81.1,-2.9200000000000017,-3.475363008807429,0,0,1,81.08,81.04,83.08,0.5970092126609161,83.41,901146.0,30.662393162393144,81.64,1217592.0,21.04984093319193,82.36,1315700.0,21.9713656387665,86.02,1047519.0,38.85653785071466,84.64,1305527.0,30.234786775275495,1.012411133871551,0.9631234453270975,0.8827670259934018,0.9666436778885401,3.4932643457766432,-1,-1,0,1,0,0
2023-01-27 01:19:21.305279,83.94,83.94,80.74,81.1,1623626,82.506,84.15299999999999,86.78049999999999,94.8,84.53155031944439,87.65845636191568,-3.1269060424712904,-3.0281235115182534,-0.09878253095303702,26.0,86.78049999999999,94.12742051492556,79.43357948507442,14.693841029851143,0.11340945580806099,9.068010075566727,22.374002111083954,-90.93198992443328,3.280000000000001,2.5628571428571476,-2.8975095785440637,-4.6106798400376405,1200359.7,1.3526162199547354,-2.4200000000000017,-3.9200000000000017,-110.40936446002269,27.95983689628872,81.67,0.5700000000000074,0.7028360049321917,1,0,0,80.02,82.75,84.74,0.9991346255645314,84.02,1369031.0,27.03766160764475,83.41,901146.0,30.662393162393144,81.64,1217592.0,21.04984093319193,83.52,1256178.0,36.068796068796075,85.02,1253791.0,30.66666666666663,0.9829588151164763,0.934541746129603,0.8554852320675105,1.2101156969488205,3.6734602574627884,-1,-1,0,1,0,0
2023-01-28 01:19:21.305279,80.2,82.5,80.2,81.67,944704,82.36800000000001,83.689,86.40450000000001,94.4126,84.09123748517511,87.20660742141295,-3.1153699362378404,-3.0455729558521174,-0.06979698038572302,26.595174262734602,86.40450000000001,93.99779198423832,78.81120801576171,15.186583968476612,0.18824457100901698,15.774378585086085,18.973124474695023,-84.22562141491392,2.299999999999997,2.50571428571429,-0.837785332685767,-5.37597033947399,1194401.6,0.7909433476981276,-0.6899999999999977,-4.640000000000001,-109.97434183574438,27.872236064311934,81.08,-0.5900000000000034,-0.7224194930819191,0,0,0,81.04,84.33,83.97,1.6998617590856973,81.1,1623626.0,26.0,84.02,1369031.0,27.03766160764475,83.41,901146.0,30.662393162393144,82.36,1315700.0,21.9713656387665,86.31,1489478.0,38.286280336800374,0.9915258352758352,0.9452054001817034,0.8650328451922731,1.2688459323345516,3.7966459921191493,-1,-1,0,1,0,0
2023-01-29 01:19:21.305279,81.09,81.22,80.69,81.08,1151177,82.256,83.13199999999999,85.83149999999999,94.01799999999999,83.62790400257292,86.74497123605937,-3.117067233486452,-3.0598719158687513,-0.05719531761770069,31.492063492063508,85.83149999999999,93.2016425395059,78.46135746049409,14.740285079011812,0.1776520959716382,12.282734646581703,12.375041102411508,-87.7172653534183,0.980000000000004,2.318571428571432,-0.6859382655561027,-6.428159261396431,1199873.55,0.9594152650502213,-0.5600000000000023,-5.570000000000007,-109.21152800434992,27.933233983209988,80.02,-1.0600000000000023,-1.3073507646768652,0,0,0,82.75,82.96,83.7,1.6965405978053927,81.67,944704.0,26.595174262734602,81.1,1623626.0,26.0,84.02,1369031.0,27.03766160764475,81.64,1217592.0,21.04984093319193,86.65,947496.0,37.070707070707094,0.9857031705893795,0.9446415360328085,0.8623880533514859,1.3698649568486454,3.6850712697529557,-1,-1,0,1,0,0
2023-01-30 01:19:21.305279,80.91,80.94,79.61,80.02,1229190,81.578,82.484,85.2045,93.575,83.07277475828633,86.23889410968901,-3.166119351402685,-3.0811215272009056,-0.08499782420177926,34.112792297111426,85.2045,92.29271846817907,78.11628153182092,14.176436936358158,0.13428751362033942,4.535398230088455,10.864170487252084,-95.46460176991155,1.4699999999999989,2.2378571428571457,-4.064260879990409,-7.49132947976879,1207225.8,1.0181939451592237,-3.3900000000000006,-6.480000000000004,-117.10014527391183,28.185867573267288,81.04,1.0200000000000102,1.2746813296675958,1,0,0,84.33,82.49,81.89,1.1753425032737577,81.08,1151177.0,31.492063492063508,81.67,944704.0,26.595174262734602,81.1,1623626.0,26.0,83.41,901146.0,30.662393162393144,86.5,1233865.0,38.83597883597885,0.9809017136973203,0.9391522748211656,0.8551429334758215,1.4896039742166276,3.5441092340895377,-1,-1,0,1,0,0
2023-01-31 01:19:21.305279,79.37,81.49,79.37,81.04,1179470,80.982,81.986,84.72399999999999,93.0892,82.76000819602608,85.84812037548939,-3.088112179463309,-3.0825196641922004,-0.005592515271108489,36.89064558629782,84.72399999999999,91.55620670216118,77.8917932978388,13.664413404322374,0.23039457377404524,17.99568965517243,11.6046075106142,-82.00431034482757,2.1199999999999903,2.279285714285716,-3.54677457748154,-5.789351313647977,1199400.25,0.9833831533718623,-2.9799999999999898,-4.97999999999999,-98.89607725320202,35.16553182108932,82.75,1.7099999999999937,2.110069101678176,1,1,0,82.96,83.08,79.97,0.7115265279677121,80.02,1229190.0,34.112792297111426,81.08,1151177.0,31.492063492063508,81.67,944704.0,26.595174262734602,84.02,1369031.0,27.03766160764475,86.02,1047519.0,38.85653785071466,1.0007162085401695,0.9565176337283416,0.8705628579899709,0.5970092126609161,3.41610335108059,-1,-1,0,1,0,0
2023-02-01 01:19:21.305279,81.12,83.83,81.12,82.75,1101138,81.312,81.909,84.252,92.64640000000001,82.75846834031805,85.61550455329449,-2.857036212976439,-3.037422805221667,0.1803865922452279,38.5897435897436,84.252,90.15338823988884,78.35061176011115,11.802776479777691,0.3727418076099764,44.01041666666665,22.18050151730918,-55.98958333333335,2.789999999999992,2.183571428571429,2.034525277435272,-0.9219348659003784,1200813.6,0.9169932785571382,1.6500000000000057,-0.769999999999996,-47.6475538550968,33.3714890871605,84.33,1.5799999999999983,1.9093655589123848,1,0,0,82.49,84.74,81.31,0.9634054182958153,81.04,1179470.0,36.89064558629782,80.02,1229190.0,34.112792297111426,81.08,1151177.0,31.492063492063508,81.1,1623626.0,26.0,83.52,1256178.0,36.068796068796075,1.017684966548603,0.9821725300289608,0.8931809546836141,0.9991346255645314,2.9506941199444263,1,-1,0,1,0,0
2023-02-02 01:19:21.305279,82.93,84.36,82.93,84.33,1056931,81.844,82.106,83.96950000000001,92.24400000000001,83.00026014507988,85.51908243201402,-2.518822286934139,-2.9337023911128486,0.4148801041787098,43.11163895486934,83.96950000000001,89.2215731746219,78.71742682537813,10.504146349243769,0.5343197807812284,64.58333333333331,42.19647988505747,-35.416666666666686,1.6099999999999994,2.2464285714285714,3.257009917962528,2.39193783389995,1175961.85,0.8987800071915597,2.6599999999999966,1.9699999999999989,-5.597334219242318,33.687480347091466,82.96,-1.3700000000000045,-1.6245701411123021,0,0,0,83.08,83.97,83.56,0.899038375155224,82.75,1101138.0,38.5897435897436,81.04,1179470.0,36.89064558629782,80.02,1229190.0,34.112792297111426,81.67,944704.0,26.595174262734602,82.36,1315700.0,21.9713656387665,1.0303748594887836,1.0042932255164077,0.9142058020033822,1.6998617590856973,2.6260365873109413,1,-1,0,1,0,0
2023-02-03 01:19:21.305279,85.08,85.08,82.72,82.96,1157732,82.22,82.238,83.5975,91.74700000000001,82.99406589285445,85.32731172596277,-2.3332458331083217,-2.8136107919496927,0.480364958841371,40.199335548172755,83.5975,87.89989529368954,79.29510470631045,8.604790587379085,0.42591336261744195,46.74479166666657,51.77951388888885,-53.25520833333343,2.3599999999999994,2.3514285714285714,2.31869758263443,1.616854483096513,1193767.5,0.9698136362398876,1.8799999999999955,1.3199999999999932,-4.757956962116755,33.9332507839852,82.49,-0.46999999999999886,-0.5665380906460932,0,0,0,84.74,83.7,83.48,0.8586209873988202,84.33,1056931.0,43.11163895486934,82.75,1101138.0,38.5897435897436,81.04,1179470.0,36.89064558629782,81.08,1151177.0,31.492063492063508,81.64,1217592.0,21.04984093319193,1.0090002432498175,0.9923741738688358,0.9042257512507219,1.6965405978053927,2.1511976468447696,1,-1,0,1,0,0
2023-02-04 01:19:21.305279,82.57,83.03,81.84,82.49,1291388,82.714,82.146,83.3765,91.2066,82.91651322851558,85.1148746495966,-2.1983614210810174,-2.690560682058777,0.4921992609777597,40.22160664819945,83.3765,87.40801936880584,79.34498063119415,8.063038737611691,0.39005385824766814,45.48104956268208,52.26972485422733,-54.518950437317926,1.1899999999999977,2.335,3.0867283179205187,-1.1029852535667206,1203633.95,1.0729075895541165,2.469999999999999,-0.9200000000000017,-39.14817394765679,33.53698801563516,83.08,0.5900000000000034,0.7152382106922093,1,0,0,83.97,81.89,85.2,1.06819005799611,82.96,1157732.0,40.199335548172755,84.33,1056931.0,43.11163895486934,82.75,1101138.0,38.5897435897436,80.02,1229190.0,34.112792297111426,83.41,901146.0,30.662393162393144,0.9972918732016345,0.9893675076310472,0.9044301618523221,1.1753425032737577,2.0157596844029264,1,-1,0,1,0,0
2023-02-05 01:19:21.305279,82.36,83.08,82.36,83.08,1179972,83.12199999999999,82.05199999999999,83.2985,90.6974,82.94166615521591,84.96263974433867,-2.020973589122761,-2.556643058243412,0.5356694691206512,48.636926889715,83.2985,87.2872276694526,79.3097723305474,7.977455338905202,0.47261031360032757,64.97373029772325,52.39985717569064,-35.02626970227675,0.7199999999999989,2.087857142857142,2.5172754195458933,-1.1187812425612924,1197356.2,0.9854811792848277,2.039999999999992,-0.9399999999999977,-19.705838367608155,40.83275510747154,84.74,1.6599999999999966,1.9980741454020183,1,0,0,83.7,79.97,85.86,1.921257400766955,82.49,1291388.0,40.22160664819945,82.96,1157732.0,40.199335548172755,84.33,1056931.0,43.11163895486934,81.04,1179470.0,36.89064558629782,84.02,1369031.0,27.03766160764475,0.999494718606386,0.997376903545682,0.9160130279368537,0.7115265279677121,1.994363834726301,1,-1,0,1,0,0
2023-02-06 01:19:21.305279,82.55,85.28,82.55,84.74,1125986,83.52,82.41600000000001,83.28450000000001,90.1968,83.21834328499497,84.94599571325367,-1.7276524282586934,-2.3908447289783084,0.663192300719615,57.15144230769229,83.28450000000001,87.24968254706933,79.31931745293069,7.9303650941386366,0.6835350557915363,90.86294416243643,67.10590800761393,-9.137055837563562,2.730000000000004,2.068571428571428,2.404833836858,4.488286066584465,1190965.95,0.9454392881677264,1.9899999999999949,3.6400000000000006,38.8157567223514,48.21582753696378,83.97,-0.769999999999996,-0.9086617890016475,0,0,0,81.89,81.31,84.79,1.676221942345902,83.08,1179972.0,48.636926889715,82.49,1291388.0,40.22160664819945,82.96,1157732.0,40.199335548172755,82.75,1101138.0,38.5897435897436,81.1,1623626.0,26.0,1.0146072796934866,1.017476241077271,0.9395011796427367,0.9634054182958153,1.9825912735346582,1,-1,0,1,0,0
2023-02-07 01:19:21.305279,84.54,84.54,83.83,83.97,1245174,83.44800000000001,82.64599999999999,83.1675,89.7,83.33398645225328,84.87308238071915,-1.5390959284658692,-2.220494801797098,0.6813988733312288,56.98022768124624,83.1675,86.88729555182441,79.4477044481756,7.439591103648809,0.6078688316090923,77.83417935702195,77.89028460572722,-22.165820642978055,0.9099999999999966,2.0507142857142844,-0.426894343649946,2.8162115832006824,1178750.75,1.056350547390956,-0.35999999999999943,2.299999999999997,44.33681073025331,48.0431208402269,83.7,-0.269999999999996,-0.3215434083601239,0,0,0,79.97,83.56,85.45,1.5728731671695195,84.74,1125986.0,57.15144230769229,83.08,1179972.0,48.636926889715,82.49,1291388.0,40.22160664819945,84.33,1056931.0,43.11163895486934,81.67,944704.0,26.595174262734602,1.0062553925798101,1.0096492019118044,0.9361204013377926,0.899038375155224,1.859897775912204,-1,-1,0,1,0,0
2023-02-08 01:19:21.305279,84.85,84.85,83.49,83.7,462423,83.596,82.908,83.02,89.21699999999998,83.39029774205449,84.78550076973785,-1.3952030276833653,-2.055436317463239,0.6602332897798737,50.954575378538536,83.02,86.37436243844122,79.66563756155877,6.7087248768824566,0.6013605435428144,73.26565143824028,80.6542583192329,-26.734348561759713,1.3599999999999994,1.807857142857141,0.8919961427193939,3.2313764183522506,1154497.1,0.40054063366638165,0.7400000000000091,2.6200000000000045,51.0799047384411,43.72831298820771,81.89,-1.8100000000000023,-2.1624850657108747,0,0,1,81.31,83.48,88.12,1.5185749899171523,83.97,1245174.0,56.98022768124624,84.74,1125986.0,57.15144230769229,83.08,1179972.0,48.636926889715,82.96,1157732.0,40.199335548172755,81.08,1151177.0,31.492063492063508,1.0012440786640509,1.0081907973982174,0.938162009482498,0.8586209873988202,1.6771812192206115,1,-1,0,1,0,0
2023-02-09 01:19:21.305279,84.01,84.01,81.79,81.89,1446020,83.476,83.095,82.7895,88.68620000000001,83.15947745636277,84.5694509150429,-1.4099734586801418,-1.926343664673848,0.5163702059937063,43.5021354484442,82.7895,85.74708418485945,79.83191581514056,5.915168369718884,0.347933322641372,42.6395939086294,64.57980823463056,-57.3604060913706,2.219999999999999,1.8599999999999983,-0.7273608922293543,2.3369157710572415,1165104.85,1.241107184473569,-0.5999999999999943,1.8700000000000045,-16.292308550166776,34.99165846183787,79.97,-1.9200000000000017,-2.3446086213212864,0,0,1,83.56,85.2,88.1,2.0605169254344418,83.7,462423.0,50.954575378538536,83.97,1245174.0,56.98022768124624,84.74,1125986.0,57.15144230769229,82.49,1291388.0,40.22160664819945,80.02,1229190.0,34.112792297111426,0.9810005270976089,0.9891350956341082,0.9233680099045848,1.06819005799611,1.4787920924297233,-1,-1,0,1,0,0
2023-02-10 01:19:21.305279,81.63,81.63,78.22,79.97,886298,82.854,82.988,82.487,88.199,82.66877917585333,84.22644539035716,-1.5576662145038256,-1.8526081376122112,0.29494192310838563,46.328784925276175,82.487,85.28673758168874,79.68726241831125,5.599475163377491,0.05049358617356702,24.787535410764864,46.89759358587819,-75.21246458923514,3.6700000000000017,1.8878571428571413,-3.7433798748194502,-1.3203356367226151,1157043.8,0.7660021167737988,-3.1099999999999994,-1.0700000000000074,-163.03866354489637,36.70042269802165,81.31,1.3400000000000034,1.6756283606352422,1,0,0,83.48,85.86,90.9,1.769892652112455,81.89,1446020.0,43.5021354484442,83.7,462423.0,50.954575378538536,83.97,1245174.0,56.98022768124624,83.08,1179972.0,48.636926889715,81.04,1179470.0,36.89064558629782,0.9651917831366017,0.9694861008401324,0.9066996224446989,1.921257400766955,1.3998687908443737,-1,-1,0,1,0,0
2023-02-11 01:19:21.305279,79.21,82.71,79.21,81.31,1095016,82.168,82.844,82.3765,87.80940000000001,82.45973282243511,84.00905950538615,-1.5493266829510333,-1.7919518223122404,0.2426251393612071,48.886138613861384,82.3765,85.17901973090464,79.57398026909534,5.605039461809298,0.30972480082134407,43.7677053824363,37.06494490061019,-56.2322946175637,3.5,1.9735714285714272,-4.0476752419164415,-1.7401812688821725,1148985.7,0.9530283971332281,-3.4299999999999926,-1.4399999999999977,-80.28971152655684,43.27219076051351,83.56,2.25,2.7671873078342144,1,1,0,85.2,84.79,86.18,1.038903267875108,79.97,886298.0,46.328784925276175,81.89,1446020.0,43.5021354484442,83.7,462423.0,50.954575378538536,84.74,1125986.0,57.15144230769229,82.75,1101138.0,38.5897435897436,0.9895579787751922,0.9870533465247978,0.9259828674378824,1.676221942345902,1.4012598654523265,-1,-1,0,1,0,0
2023-02-12 01:19:21.305279,80.49,84.69,80.49,83.56,1052314,82.08599999999998,82.767,82.4365,87.4866,82.62900702773233,83.97560304661148,-1.3465960188791541,-1.7028806329992467,0.3562846141200926,56.95847362514031,82.4365,85.28847826078751,79.58452173921248,5.703956521575037,0.6969685420550461,75.6373937677054,48.064211520302194,-24.362606232294592,4.200000000000003,2.203571428571427,-0.4882696201024135,-0.9130795683623811,1135816.4,0.9264824843170076,-0.4099999999999966,-0.769999999999996,32.319391634981166,50.29727694074439,83.48,-0.0799999999999983,-0.09573958831976818,0,0,0,85.86,85.45,87.64,0.9119923245299486,81.31,1095016.0,48.886138613861384,79.97,886298.0,46.328784925276175,81.89,1446020.0,43.5021354484442,83.97,1245174.0,56.98022768124624,84.33,1056931.0,43.11163895486934,1.0179567770387157,1.013628671765541,0.9551176980246119,1.5728731671695195,1.4259891303937593,-1,1,0,1,0,0
2023-02-13 01:19:21.305279,83.56,84.2,82.96,83.48,750465,82.042,82.819,82.5285,87.2016,82.75993054952829,83.9386947814679,-1.1787642319396099,-1.5980573258361896,0.41929309389657976,60.273159144893135,82.5285,85.39098530219243,79.66601469780755,5.724970604384879,0.6662017267427077,74.50424929178475,64.63644948064216,-25.495750708215247,1.240000000000009,2.1871428571428564,-0.2628434886499389,0.6268081002893084,1112460.05,0.6745995058429289,-0.21999999999999886,0.5200000000000102,65.42225444001457,56.79278046865901,85.2,1.7199999999999989,2.0603737422137023,1,1,0,84.79,88.12,87.84,1.3089423211132878,83.56,1052314.0,56.95847362514031,81.31,1095016.0,48.886138613861384,79.97,886298.0,46.328784925276175,83.7,462423.0,50.954575378538536,82.96,1157732.0,40.199335548172755,1.0175276078106337,1.0115293504668086,0.9573218840021285,1.5185749899171523,1.4312426510962177,-1,1,0,1,0,0
2023-02-14 01:19:21.305279,83.31,86.33,83.31,85.2,1437871,82.704,83.09,82.618,86.9376,83.13532955211804,84.03258866969466,-0.897259117576624,-1.4578976553551044,0.5606385377784804,61.858608893956664,82.618,85.70004716655126,79.53595283344873,6.1640943331025255,0.9188774312122556,86.0665844636252,78.73607584103846,-13.93341553637479,3.019999999999996,2.2514285714285713,4.042007571132009,3.285246696569291,1139296.3,1.2620694019632996,3.3100000000000023,2.710000000000008,132.48638838475458,57.712601411165814,85.86,0.6599999999999966,0.7746478873239396,1,0,0,85.45,88.1,87.36,1.550332222461166,83.48,750465.0,60.273159144893135,83.56,1052314.0,56.95847362514031,81.31,1095016.0,48.886138613861384,81.89,1446020.0,43.5021354484442,82.49,1291388.0,40.22160664819945,1.0301799187463727,1.031252269481227,0.9800132508833922,2.0605169254344418,1.5410235832756285,1,1,0,1,0,0
2023-02-15 01:19:21.305279,86.05,87.63,83.62,85.86,983786,83.88199999999999,83.368,82.71000000000001,86.7216,83.55451311932697,84.16857452992387,-0.6140614105969036,-1.289130378632732,0.6750689680358284,59.42995755003033,82.71000000000001,86.0659373935576,79.35406260644241,6.7118747871151925,0.9693174559881624,81.19022316684382,80.5870189740846,-18.80977683315618,4.009999999999991,2.338571428571428,7.365261973239965,3.34617236398652,1120034.05,0.8783536536232983,5.890000000000001,2.780000000000001,155.68128241395564,57.49158265630065,84.79,-1.0699999999999932,-1.2462147682273388,0,0,0,88.12,90.9,87.56,2.4416736063612783,85.2,1437871.0,61.858608893956664,83.48,750465.0,60.273159144893135,83.56,1052314.0,56.95847362514031,79.97,886298.0,46.328784925276175,83.08,1179972.0,48.636926889715,1.0235807443790088,1.0380848748639824,0.9900647589527869,1.769892652112455,1.6779686967787988,1,1,0,1,0,0
2023-02-16 01:19:21.305279,85.47,86.88,82.62,84.79,1193324,84.578,83.373,82.89450000000001,86.5378,83.74458936628685,84.21480184593352,-0.47021247964667623,-1.1253467772749879,0.6551342976283117,51.43929912390491,82.89450000000001,86.2833204748158,79.50567952518422,6.777640949631575,0.7796695803283937,69.81934112646132,79.02538291897679,-30.180658873538686,4.259999999999991,2.5278571428571417,4.279916369450257,0.059004012272847975,1098518.95,1.0863026077064943,3.480000000000004,0.05000000000001137,96.1324601507481,49.980682607032136,85.45,0.6599999999999966,0.778393678499819,1,0,0,88.1,86.18,84.12,2.117592973165822,85.86,983786.0,59.42995755003033,85.2,1437871.0,61.858608893956664,83.48,750465.0,60.273159144893135,81.31,1095016.0,48.886138613861384,84.74,1125986.0,57.15144230769229,1.0025065619901157,1.022866414538962,0.9798030456055042,1.038903267875108,1.694410237407893,1,1,0,1,0,0
2023-02-17 01:19:21.305279,84.71,86.78,84.45,85.45,1067895,84.956,83.521,83.0835,86.31120000000001,84.00696180073798,84.30665825139792,-0.2996964506599369,-0.9602166945617503,0.6605202439018134,58.15324165029474,83.0835,86.60385449770018,79.56314550229982,7.040708995400365,0.8361167180103618,76.83315621679073,75.94757350336529,-23.16684378320928,2.3299999999999983,2.5257142857142845,2.2618477740545724,1.7625342384184877,1104678.5,0.9667020766675554,1.8900000000000006,1.480000000000004,120.25601517126971,57.3844567680342,88.12,2.6700000000000017,3.1246342890579304,1,1,0,90.9,87.64,83.8,1.7102397492752996,84.79,1193324.0,51.43929912390491,85.86,983786.0,59.42995755003033,85.2,1437871.0,61.858608893956664,83.56,1052314.0,56.95847362514031,83.97,1245174.0,56.98022768124624,1.005814774706907,1.028483393212852,0.9900221523973712,0.9119923245299486,1.7601772488500949,1,1,0,1,0,0
2023-02-18 01:19:21.305279,84.81,88.13,84.81,88.12,1408015,85.884,83.963,83.4355,86.1458,84.6397401076014,84.59015749015694,0.049582617444457355,-0.7582568151454225,0.8078394325898799,66.113337149399,83.4355,87.48104322681196,79.38995677318805,8.091086453623916,1.0789704543203662,99.89909182643804,82.18386305656337,-0.10090817356196678,3.319999999999993,2.6778571428571416,5.558217537134643,5.280764635603347,1117520.4,1.2599456797388218,4.640000000000001,4.420000000000002,167.07357506706433,66.19196242494473,88.1,-0.020000000000010232,-0.022696323195653914,0,0,0,86.18,87.84,84.44,1.7175913367274662,85.45,1067895.0,58.15324165029474,84.79,1193324.0,51.43929912390491,85.86,983786.0,59.42995755003033,83.48,750465.0,60.273159144893135,83.7,462423.0,50.954575378538536,1.02603511713474,1.0561451660264516,1.0229169617091025,1.3089423211132878,2.0227716134059763,1,1,0,0,0,0
2023-02-19 01:19:21.305279,88.51,88.51,87.84,88.1,1017529,86.46400000000001,84.584,83.8395,85.97640000000001,85.17209006079977,84.85102294351051,0.3210671172892603,-0.5423920141092272,0.8634591313984875,64.85207100591715,83.8395,88.0589560637229,79.6200439362771,8.438912127445803,1.004863652525022,96.01554907677347,90.91593237333409,-3.984450923226536,0.6700000000000017,2.674285714285713,3.4037558685445912,7.583343509586022,1106937.35,0.9192290783213701,2.8999999999999915,6.209999999999994,195.380994410122,65.9790021165017,90.9,2.8000000000000114,3.178206583427936,1,1,0,87.64,87.36,86.97,1.7525638362128946,88.12,1408015.0,66.113337149399,85.45,1067895.0,58.15324165029474,84.79,1193324.0,51.43929912390491,85.2,1437871.0,61.858608893956664,81.89,1446020.0,43.5021354484442,1.0189211695040707,1.0508173355041477,1.0246998013408328,1.550332222461166,2.1097280318614535,1,1,0,0,0,0
2023-02-20 01:19:21.305279,86.91,91.21,86.91,90.9,1061330,87.47200000000001,85.67699999999999,84.33250000000001,85.9172,86.05331016447646,85.30049464984431,0.7528155146321467,-0.2833504943934614,1.036166009025608,67.07317073170734,84.33250000000001,89.39465213229808,79.27034786770194,10.124304264596134,1.1486865495504721,97.61354888375683,97.84272992898946,-2.386451116243173,4.299999999999997,2.7864285714285697,5.870020964360594,13.667625359509824,1101030.35,0.9639425470878255,5.040000000000006,10.930000000000007,220.7058949452781,65.98901051712694,86.18,-4.719999999999999,-5.192519251925191,0,0,1,87.84,87.56,86.12,0.6579361671175357,88.1,1017529.0,64.85207100591715,88.12,1408015.0,66.113337149399,85.45,1067895.0,58.15324165029474,85.86,983786.0,59.42995755003033,79.97,886298.0,46.328784925276175,1.0391896835558807,1.0778762635994426,1.0579953722886688,2.4416736063612783,2.531076066149032,1,1,0,0,0,0
2023-02-21 01:19:21.305279,91.43,91.43,84.78,86.18,1718202,87.75,86.16400000000002,84.504,85.78300000000002,86.07280096810379,85.36583153884028,0.7069694292635091,-0.08528650111839585,0.792255930381905,55.025011368804016,84.504,89.57281653373201,79.435183466268,10.137633067464009,0.665324586996446,60.25738077214234,84.62882624422423,-39.74261922785766,6.650000000000006,3.1964285714285703,1.6393442622950825,5.98942319517895,1131883.55,1.5180024482200487,1.3900000000000006,4.8700000000000045,113.2125765578116,63.719872028236054,87.64,1.4599999999999937,1.6941285681132439,1,0,0,87.36,84.12,84.77,1.5657841485981872,90.9,1061330.0,67.07317073170734,88.1,1017529.0,64.85207100591715,88.12,1408015.0,66.113337149399,84.79,1193324.0,51.43929912390491,81.31,1095016.0,48.886138613861384,0.9821082621082622,1.0198333806683708,1.004627956588135,2.117592973165822,2.5344082668660057,1,1,0,0,0,0
2023-02-22 01:19:21.305279,85.4,87.98,85.4,87.64,1070629,88.18800000000002,86.572,84.6695,85.67299999999999,86.31390913637247,85.534739299804,0.7791698365684709,0.08760477238523605,0.6915650641832349,58.498705780845555,84.6695,89.92702983824185,79.41197016175815,10.515059676483702,0.7824995854891196,71.30961392884176,76.39351452824698,-28.69038607115824,2.5799999999999983,3.2835714285714275,2.562902282036276,4.88271900430828,1132568.45,0.9453106344256721,2.1899999999999977,4.079999999999998,84.82902440514076,61.21029571247599,87.84,0.20000000000000284,0.2282062984938417,1,0,0,87.56,83.8,83.96,1.9969176247410492,86.18,1718202.0,55.025011368804016,90.9,1061330.0,67.07317073170734,88.1,1017529.0,64.85207100591715,85.45,1067895.0,58.15324165029474,83.56,1052314.0,56.95847362514031,0.9937860026307432,1.0350834716161073,1.0229593921071984,1.7102397492752996,2.628764919120923,1,1,0,0,0,0
2023-02-23 01:19:21.305279,87.79,88.09,87.33,87.84,711093,88.132,87.008,84.9135,85.609,86.5486928610531,85.70592241755304,0.8427704435000578,0.23863791077777,0.6041325327222878,63.79230412610107,84.9135,90.28862114918577,79.53837885081423,10.750242298371546,0.772226422323831,72.8236184708554,68.13020439061317,-27.176381529144596,0.7600000000000051,3.179285714285714,-0.31774852473899357,5.22280785816962,1110236.5,0.6404878600190139,-0.28000000000000114,4.359999999999999,97.90294346383901,68.57028217556535,87.36,-0.480000000000004,-0.5464480874316985,0,0,0,84.12,84.44,85.54,1.844689675799564,87.64,1070629.0,58.498705780845555,86.18,1718202.0,55.025011368804016,90.9,1061330.0,67.07317073170734,88.12,1408015.0,66.113337149399,83.48,750465.0,60.273159144893135,0.9966867879998185,1.0344644844459363,1.0260603441226974,1.7175913367274662,2.6875605745928888,-1,1,0,0,0,0
2023-02-24 01:19:21.305279,87.54,87.54,87.33,87.36,969178,87.98400000000001,87.224,85.15700000000001,85.52080000000002,86.67350957558479,85.82872770495966,0.8447818706251269,0.3598667054246506,0.4849151652004763,68.35568802781917,85.15700000000001,90.51105050799003,79.80294949200999,10.708101015980048,0.7057320898180154,66.6939443535188,70.27572558440534,-33.306055646481205,0.5100000000000051,2.9535714285714283,-0.8399545970488025,2.5352112676056295,1094126.0,0.885801086894928,-0.7399999999999949,2.1599999999999966,77.515336256595,67.85846256765956,87.56,0.20000000000000284,0.2289377289377322,1,0,0,83.8,86.97,86.14,1.7498628517691068,87.84,711093.0,63.79230412610107,87.64,1070629.0,58.498705780845555,86.18,1718202.0,55.025011368804016,88.1,1017529.0,64.85207100591715,85.2,1437871.0,61.858608893956664,0.9929078014184396,1.0258698638984463,1.0215058792714753,1.7525638362128946,2.677025253995015,-1,1,0,0,0,0
2023-02-25 01:19:21.305279,86.88,88.44,86.88,87.56,1323504,87.316,87.394,85.381,85.4576,86.80989293194753,85.95724240013813,0.8526505318094024,0.4584234724429483,0.39422705936645414,66.45602948920484,85.381,90.74402703213133,80.01797296786867,10.726054064262655,0.7031501973554329,64.62522851919562,68.04759711452328,-35.37477148080439,1.5600000000000023,2.815,-3.674367436743678,1.9799673887724234,1101302.6,1.201762349421494,-3.3400000000000034,1.7000000000000028,76.02905569007227,68.49981164344533,84.12,-3.4399999999999977,-3.928734582000911,0,0,1,84.44,86.12,85.27,1.380470934138615,87.36,969178.0,68.35568802781917,87.84,711093.0,63.79230412610107,87.64,1070629.0,58.498705780845555,90.9,1061330.0,67.07317073170734,85.86,983786.0,59.42995755003033,1.002794447752989,1.025520900434523,1.0246016738125105,0.6579361671175357,2.681513516065663,-1,1,0,0,0,0
2023-02-26 01:19:21.305279,87.85,87.85,82.4,84.12,1562558,86.90400000000001,87.32700000000001,85.35,85.33539999999999,86.39606270029245,85.8208828473456,0.5751798529468459,0.4817747488737928,0.09340510407305314,51.387512388503474,85.35,90.73574727259026,79.96425272740973,10.77149454518053,0.3858097179698869,19.047619047619033,50.12226397344449,-80.95238095238096,5.449999999999989,2.904285714285713,-2.3903457878858227,-0.7901875221134588,1123131.2,1.3912515296521013,-2.0600000000000023,-0.6700000000000017,-16.762216762216408,60.102622301905924,83.8,-0.3200000000000074,-0.3804089396100896,0,0,0,86.97,84.77,86.19,1.2941985937256806,87.56,1323504.0,66.45602948920484,87.36,969178.0,68.35568802781917,87.84,711093.0,63.79230412610107,86.18,1718202.0,55.025011368804016,84.79,1193324.0,51.43929912390491,0.967964650648992,0.9855887521968367,0.9857573761885455,1.5657841485981872,2.6928736362951313,-1,-1,0,0,0,0
2023-02-27 01:19:21.305279,83.4,84.4,82.89,83.8,969203,86.136,87.162,85.3415,85.2276,85.99666798970769,85.67091539529689,0.32575259441080107,0.4505703176283403,-0.12481772321753926,50.7835455435847,85.3415,90.73694554523367,79.94605445476633,10.79089109046734,0.3571480346639993,15.503875968992151,33.05890784526894,-84.49612403100785,1.5100000000000051,2.923571428571427,-4.381560931081702,-1.9309537741369287,1109332.65,0.8736811271172809,-3.8400000000000034,-1.6500000000000057,-51.37143629239274,54.93123119846031,84.44,0.6400000000000006,0.763723150357996,1,0,0,86.12,83.96,86.4,1.2515869925824281,84.12,1562558.0,51.387512388503474,87.56,1323504.0,66.45602948920484,87.36,969178.0,68.35568802781917,87.64,1070629.0,58.498705780845555,85.45,1067895.0,58.15324165029474,0.9728800965914368,0.9819372755341774,0.983249557655032,1.9969176247410492,2.697722772616836,-1,-1,0,0,0,0
2023-02-28 01:19:21.305279,83.6,84.87,83.6,84.44,1006570,85.45599999999999,86.79400000000001,85.3785,85.06559999999999,85.75718037886318,85.57958285497926,0.17759752388391803,0.3959757583855795,-0.2183782345016615,48.035160289555314,85.3785,90.73656828898966,80.02043171101035,10.716136577979313,0.4124217955631009,22.591362126245755,19.04761904761899,-77.40863787375424,1.2700000000000102,2.798571428571428,-3.870673952641172,-4.176123467998192,1136540.0,0.885644148028226,-3.4000000000000057,-3.680000000000007,-32.39712606139793,53.72163010749382,86.97,2.530000000000001,2.99621032685931,1,1,0,84.77,85.54,88.12,1.166991859440976,83.8,969203.0,50.7835455435847,84.12,1562558.0,51.387512388503474,87.56,1323504.0,66.45602948920484,87.84,711093.0,63.79230412610107,88.12,1408015.0,66.113337149399,0.988110840666542,0.9890077712773121,0.9926456758078472,1.844689675799564,2.679034144494831,-1,1,0,0,0,0
2023-03-01 01:19:21.305279,84.18,88.74,84.18,86.97,1236251,85.378,86.681,85.63250000000001,84.95379999999999,85.94376816306945,85.68273737203432,0.2610307910351253,0.36898676472016917,-0.1079559736850439,52.61669024045261,85.63250000000001,90.77141602332046,80.49358397667956,10.277832046640896,0.630134447997438,50.6090808416389,29.568106312292276,-49.3909191583611,4.559999999999988,2.837857142857142,-0.4464285714285721,-1.282633371169121,1126051.55,1.097863592479403,-0.39000000000000057,-1.1299999999999955,38.65559617771997,54.468335176571756,86.12,-0.8499999999999943,-0.9773485109807915,0,0,0,83.96,86.14,86.93,0.937005869779653,84.44,1006570.0,48.035160289555314,83.8,969203.0,50.7835455435847,84.12,1562558.0,51.387512388503474,87.36,969178.0,68.35568802781917,88.1,1017529.0,64.85207100591715,1.018646489728033,1.0156190698624936,1.0237328995289205,1.7498628517691068,2.5694580116602235,-1,1,1,0,0,0
2023-03-02 01:19:21.305279,87.01,87.23,85.54,86.12,1514003,85.09,86.203,85.94,84.86319999999999,85.97088077183211,85.7151739715765,0.2557068002556093,0.34633077169608795,-0.09062397144047862,53.16817532158169,85.94,90.33432169485773,81.54567830514226,8.788643389715475,0.5204809766443185,41.19601328903653,38.132152085640406,-58.80398671096347,1.6899999999999977,2.654285714285714,-1.6445865692096822,-5.258525852585259,1157436.8,1.3080653734182288,-1.4399999999999977,-4.780000000000001,18.98079520374252,53.3535279608683,84.77,-1.3500000000000085,-1.5675801207617377,0,0,0,85.54,85.27,86.4,0.8225144375641915,86.97,1236251.0,52.61669024045261,84.44,1006570.0,48.035160289555314,83.8,969203.0,50.7835455435847,87.56,1323504.0,66.45602948920484,90.9,1061330.0,67.07317073170734,1.0121048301798097,1.0020944845240867,1.0148097172861736,1.380470934138615,2.1971608474288677,-1,1,1,0,0,0
2023-03-03 01:19:21.305279,86.29,87.06,83.98,84.77,1233085,85.22,86.062,86.113,84.7148,85.78612977738742,85.64506747629333,0.14106230109408102,0.30527707738553883,-0.1642147762914578,48.43173431734316,86.113,89.9807130465598,82.2452869534402,7.7354260931195995,0.32638319029451307,26.24584717607962,39.35031376891836,-73.75415282392038,3.0799999999999983,2.7078571428571427,0.7727056585829666,-1.6361104664655495,1164340.25,1.0590418050050232,0.6499999999999915,-1.4100000000000108,-34.13459729902596,46.569998931576016,83.96,-0.8100000000000023,-0.9555267193582663,0,0,0,86.14,86.19,85.77,0.9055109055121907,86.12,1514003.0,53.16817532158169,86.97,1236251.0,52.61669024045261,84.44,1006570.0,48.035160289555314,84.12,1562558.0,51.387512388503474,86.18,1718202.0,55.025011368804016,0.9947195494015489,0.9844042130688746,1.00065159806787,1.2941985937256806,1.9338565232798985,1,1,1,0,0,0
2023-03-04 01:19:21.305279,85.04,85.24,81.94,83.96,1181359,85.252,85.69399999999999,86.13300000000001,84.59440000000001,85.50518659771564,85.52009315413468,-0.014906556419049366,0.24124035038734293,-0.2561469068063923,39.50554994954591,86.13300000000001,89.9489173553892,82.31708264461082,7.631834710778378,0.21527161130322886,21.285563751317113,29.57580807214443,-78.71443624868289,3.299999999999997,2.7064285714285714,0.19093078758949472,-4.198995892286635,1170792.5,1.0090250834370735,0.1599999999999966,-3.680000000000007,-109.16753663534791,38.780298086880535,85.54,1.5800000000000125,1.881848499285389,1,0,0,85.27,86.4,83.3,0.4790302704437905,84.77,1233085.0,48.43173431734316,86.12,1514003.0,53.16817532158169,86.97,1236251.0,52.61669024045261,83.8,969203.0,50.7835455435847,87.64,1070629.0,58.498705780845555,0.9848449303242153,0.9747715741933984,0.9925006856245802,1.2515869925824281,1.9079586776945958,1,1,0,0,0,0
2023-03-05 01:19:21.305279,83.79,85.82,83.79,85.54,1394137,85.47200000000001,85.464,86.236,84.4972,85.51054250796929,85.52156942526685,-0.011026917297556338,0.19078689670080506,-0.2018138139983614,44.01309635173063,86.236,89.85661000966796,82.61538999033205,7.241220019335913,0.4038835999815639,37.93466807165443,28.48869299968373,-62.06533192834557,2.029999999999987,2.8035714285714275,1.3027001421127529,-2.618397085610197,1202976.1,1.1589066482700694,1.1000000000000085,-2.299999999999997,-53.43125254997914,39.990680105407264,86.14,0.5999999999999943,0.7014262333411203,1,0,0,86.19,88.12,83.83,1.0421276313395573,83.96,1181359.0,39.50554994954591,84.77,1233085.0,48.43173431734316,86.12,1514003.0,53.16817532158169,84.44,1006570.0,48.035160289555314,87.84,711093.0,63.79230412610107,1.0007955821789591,0.9919291247274921,1.0123412373427758,1.166991859440976,1.8103050048339762,1,1,1,0,0,0
2023-03-06 01:19:21.305279,85.8,86.42,85.8,86.14,1118508,85.306,85.34200000000001,86.283,84.48179999999998,85.60738215593776,85.56742770499572,0.03995445094203376,0.16062040747751336,-0.1206659565354796,37.59124087591241,86.283,89.87124454954939,82.69475545045061,7.176489099098774,0.48007382188904063,44.257112750263424,34.49244819107833,-55.74288724973657,0.8799999999999955,2.5592857142857133,-0.9543520754283066,-1.3965201465201451,1187007.95,0.9422919197803182,-0.8299999999999983,-1.2199999999999989,-4.093118444614905,40.03801300525051,85.27,-0.8700000000000045,-1.0099837473879782,0,0,0,86.4,86.93,84.31,1.0481746037761925,85.54,1394137.0,44.01309635173063,83.96,1181359.0,39.50554994954591,84.77,1233085.0,48.43173431734316,86.97,1236251.0,52.61669024045261,87.36,969178.0,68.35568802781917,1.0097765690572762,0.9983426630970179,1.0196278961859244,0.937005869779653,1.794122274774695,-1,1,1,0,0,0
2023-03-07 01:19:21.305279,86.01,88.17,82.87,85.27,1049143,85.136,85.113,86.2535,84.4944,85.55547719353665,85.54537437921526,0.010102814321385267,0.13051688878917722,-0.12041407446779195,47.0319634703196,86.2535,89.8660062010513,82.6409937989487,7.225012402102607,0.36387566619071954,48.970588235294116,43.72078968573734,-51.02941176470589,5.299999999999997,2.4628571428571413,-0.9869948908499866,-2.615349474645964,1190275.8,0.8814284890947123,-0.8500000000000085,-2.2900000000000063,-37.984299822739956,41.77107989948017,86.19,0.9200000000000017,1.0789257652163737,1,0,0,88.12,86.4,84.36,0.7827962697926865,86.14,1118508.0,37.59124087591241,85.54,1394137.0,44.01309635173063,83.96,1181359.0,39.50554994954591,86.12,1514003.0,53.16817532158169,87.56,1323504.0,66.45602948920484,1.0015739522646119,0.9885975641568168,1.0091793065575942,0.8225144375641915,1.8062531005256488,-1,-1,1,0,0,0
2023-03-08 01:19:21.305279,85.56,86.55,85.56,86.19,1068383,85.42,85.32,86.3235,84.5178,85.65309611124057,85.59316785690481,0.05992825433575888,0.11639916187706693,-0.056470907541308055,45.09803921568628,86.3235,89.87025997436983,82.77674002563016,7.093519948739669,0.4811800064051815,62.50000000000002,51.90923366185253,-37.49999999999997,1.2800000000000011,2.3699999999999983,1.6751209154181923,2.4607703281027025,1184028.75,0.9023285963284253,1.4200000000000017,2.069999999999993,-8.18994264372384,48.37699393617874,86.4,0.21000000000000796,0.2436477549599814,1,0,0,86.93,85.77,84.01,0.881946710409056,85.27,1049143.0,47.0319634703196,86.14,1118508.0,37.59124087591241,85.54,1394137.0,44.01309635173063,84.77,1233085.0,48.43173431734316,84.12,1562558.0,51.387512388503474,1.0090142823694686,0.998453491806982,1.0197851813464147,0.9055109055121907,1.7733799871849194,1,1,1,0,0,0
2023-03-09 01:19:21.305279,85.95,87.42,84.53,86.4,1010095,85.90799999999999,85.58000000000001,86.371,84.51960000000001,85.76800442612362,85.6529835311353,0.11502089498831936,0.11612350849898273,-0.001102613510663375,45.13513513513516,86.371,89.89386904607478,82.8481309539252,7.045738092149577,0.5041159633839246,65.5882352941178,59.01960784313732,-34.411764705882206,2.8900000000000006,2.5221428571428555,2.9061457837065414,3.102625298329366,1181138.75,0.855187419767576,2.440000000000012,2.6000000000000085,-8.985902683036716,49.267977433114034,88.12,1.7199999999999989,1.9907407407407394,1,0,0,86.4,83.3,81.67,1.7894216942916068,86.19,1068383.0,45.09803921568628,85.27,1049143.0,47.0319634703196,86.14,1118508.0,37.59124087591241,83.96,1181359.0,39.50554994954591,83.8,969203.0,50.7835455435847,1.0057270568515158,1.0003357608456542,1.0222480939332415,0.4790302704437905,1.7614345230373962,1,1,1,0,0,0
2023-03-10 01:19:21.305279,86.6,89.23,86.6,88.12,1191284,86.424,85.94800000000001,86.37100000000001,84.54899999999999,86.12984996378833,85.83586797625453,0.29398198753379745,0.15169520434049769,0.14228678319329977,52.36907730673318,86.37100000000001,89.8938690460748,82.84813095392522,7.045738092149577,0.7482351709821213,84.77366255144035,70.9539659485194,-15.226337448559649,2.8299999999999983,2.6878571428571405,3.0161328033668435,4.358124111795366,1170302.2,1.0179285316220033,2.5799999999999983,3.680000000000007,86.60286872548157,55.838302110107115,86.93,-1.1899999999999977,-1.3504312301407144,0,0,0,85.77,83.83,81.03,1.5995405590361114,86.4,1010095.0,45.13513513513516,86.19,1068383.0,45.09803921568628,85.27,1049143.0,47.0319634703196,85.54,1394137.0,44.01309635173063,84.44,1006570.0,48.035160289555314,1.0196241784689437,1.0202498523810075,1.0422358632272413,1.0421276313395573,1.7614345230373962,1,1,1,0,0,0
2023-03-11 01:19:21.305279,88.12,88.12,86.44,86.93,1280936,86.58200000000001,85.94399999999999,86.31250000000001,84.55760000000001,86.25294998800149,85.91697330097632,0.33597668702516614,0.18855150090607117,0.14742518611909497,48.15032295948328,86.31250000000001,89.75235847322125,82.87264152677878,6.879716946442471,0.5897565996983792,68.44993141289444,72.9372764194842,-31.550068587105557,1.6800000000000068,2.6964285714285694,0.9171116786626495,-0.04599287110496958,1183472.55,1.0823537901238183,0.7900000000000063,-0.03999999999999204,48.24070280850302,47.953427823550264,86.4,-0.5300000000000011,-0.6096859542160372,0,0,0,83.3,84.31,80.51,1.3135334026973253,88.12,1191284.0,52.36907730673318,86.4,1010095.0,45.13513513513516,86.19,1068383.0,45.09803921568628,86.14,1118508.0,37.59124087591241,86.97,1236251.0,52.61669024045261,1.004019311173223,1.0071542360608254,1.0280566146626677,1.0481746037761925,1.7199292366106196,1,-1,1,0,0,0
2023-03-12 01:19:21.305279,87.23,87.23,85.93,86.4,1070921,86.808,85.972,86.0875,84.5652,86.27557306966943,85.95277697148134,0.32279609818809263,0.21540042037916618,0.10739567780892645,58.07365439093483,86.0875,88.76901469371961,83.4059853062804,5.363029387439212,0.55826930591354,61.17969821673531,71.46776406035671,-38.82030178326469,1.2999999999999972,2.3999999999999986,1.3252022985809895,0.3251277287505819,1183952.1,0.9045306816044331,1.1300000000000097,0.28000000000000114,24.93335424180789,49.317429861097004,85.77,-0.6300000000000097,-0.7291666666666777,0,0,0,83.83,84.36,79.26,0.919853249166225,86.93,1280936.0,48.15032295948328,88.12,1191284.0,52.36907730673318,86.4,1010095.0,45.13513513513516,85.27,1049143.0,47.0319634703196,86.12,1514003.0,53.16817532158169,0.9952999723527786,1.0036300275882097,1.0216968682152943,0.7827962697926865,1.340757346859806,1,-1,1,0,0,0
2023-03-13 01:19:21.305279,85.75,86.25,85.23,85.77,1219949,86.724,86.072,86.067,84.6102,86.19779258897913,85.93922955787178,0.258563031107343,0.2240329425290947,0.034530088578248325,56.826056826056806,86.067,88.75180402107519,83.3821959789248,5.369608042150389,0.4446887002424378,52.53772290809321,60.722450845907666,-47.46227709190679,1.1700000000000017,2.375714285714284,-0.4872955099199463,1.1796626164916835,1159039.45,1.052551748777835,-0.4200000000000017,1.0,-18.59294310840307,48.5037798440276,83.3,-2.469999999999999,-2.879794800046635,0,0,1,84.31,84.01,79.04,0.4293832786703596,86.4,1070921.0,58.07365439093483,86.93,1280936.0,48.15032295948328,88.12,1191284.0,52.36907730673318,86.19,1068383.0,45.09803921568628,84.77,1233085.0,48.43173431734316,0.9889995848899957,0.9965492000418279,1.013707567172752,0.881946710409056,1.3424020105376,-1,-1,1,0,0,0
2023-03-14 01:19:21.305279,85.97,85.97,83.24,83.3,1271559,86.10400000000001,86.006,85.85,84.62899999999999,85.7519783036193,85.74361905408416,0.008359249535132562,0.18089820391314074,-0.17253895437800817,46.494464944649444,85.85,88.69619783312156,83.00380216687843,5.692395666243129,0.05203395028881616,18.65569272976678,44.124371284865106,-81.34430727023322,2.730000000000004,2.4799999999999978,-3.5879629629629726,-0.7860886136255321,1169085.95,1.0876522808267433,-3.1000000000000085,-0.6599999999999966,-105.747126436782,41.89196429043428,83.83,0.5300000000000011,0.6362545018007217,1,0,0,84.36,81.67,79.72,1.1203927882674614,85.77,1219949.0,56.826056826056806,86.4,1070921.0,58.07365439093483,86.93,1280936.0,48.15032295948328,86.4,1010095.0,45.13513513513516,83.96,1181359.0,39.50554994954591,0.9674347300938398,0.9702970297029704,0.984296163253731,1.7894216942916068,1.4230989165607832,-1,-1,0,0,0,0
2023-03-15 01:19:21.305279,83.59,84.13,83.23,83.83,1079951,85.24600000000001,85.835,85.6495,84.6728,85.45628931087711,85.6017942934521,-0.145504982574991,0.11561756659473643,-0.26112254916972744,38.99018232819077,85.6495,88.47029850583645,82.82870149416355,5.6415970116729,0.1774849397723164,25.925925925925913,32.37311385459531,-74.07407407407409,0.8999999999999915,2.2185714285714266,-4.8683613254652816,-1.9990647650222209,1187528.85,0.9094103271680515,-4.290000000000006,-1.710000000000008,-118.1128803484348,34.888089874635924,84.31,0.480000000000004,0.5725873792198545,1,0,0,84.01,81.03,82.77,1.5973978840607583,83.3,1271559.0,46.494464944649444,85.77,1219949.0,56.826056826056806,86.4,1070921.0,58.07365439093483,88.12,1191284.0,52.36907730673318,85.54,1394137.0,44.01309635173063,0.9833892499354807,0.978756443411812,0.9900463903402273,1.5995405590361114,1.4103992529182274,-1,-1,0,0,0,0
2023-03-16 01:19:21.305279,82.92,85.04,82.64,84.31,657570,84.72200000000001,85.652,85.497,84.6908,85.27993709761954,85.50605882475786,-0.22612172713832024,0.04726970783072173,-0.27339143496904195,43.48452123830094,85.497,88.25757278572149,82.7364272142785,5.521145571442986,0.2850083855532598,32.51028806584365,25.697302240512126,-67.48971193415635,2.4000000000000057,2.269285714285713,-3.0139192453698427,-2.1244485720919415,1171948.45,0.5610912322978029,-2.6200000000000045,-1.8299999999999983,-91.88863807373943,40.91086992964397,84.36,0.04999999999999716,0.05930494603249574,1,0,0,81.67,80.51,83.1,1.75928394524643,83.83,1079951.0,38.99018232819077,83.3,1271559.0,46.494464944649444,85.77,1219949.0,56.826056826056806,86.93,1280936.0,48.15032295948328,86.14,1118508.0,37.59124087591241,0.9951370364250135,0.9861164719229915,0.9955036438432511,1.3135334026973253,1.3802863928607452,-1,-1,0,0,0,0
2023-03-17 01:19:21.305279,84.11,85.1,83.04,84.36,1189288,84.314,85.561,85.337,84.69760000000001,85.13840830550394,85.42112696890057,-0.2827186633966221,-0.018727966428190992,-0.26399069696843114,48.371723590150935,85.337,87.96171732813929,82.71228267186072,5.2494346562785665,0.31388472017049174,33.19615912208504,30.54412437128488,-66.80384087791495,2.059999999999988,2.1964285714285694,-2.3611111111111183,-1.0671983112466243,1165237.65,1.020639866897538,-2.0400000000000063,-0.9099999999999966,-74.32878002826148,48.484587508515325,84.01,-0.3499999999999943,-0.4148885727833029,0,0,0,81.03,79.26,83.57,1.7563826462368377,84.31,657570.0,43.48452123830094,83.83,1079951.0,38.99018232819077,83.3,1271559.0,46.494464944649444,86.4,1070921.0,58.07365439093483,85.27,1049143.0,47.0319634703196,1.0005455796190432,0.9885512731874802,0.9960140547075713,0.919853249166225,1.3123586640696425,-1,-1,0,0,0,0
2023-03-18 01:19:21.305279,84.81,84.81,83.24,84.01,1111215,83.962,85.343,85.3315,84.7558,84.96480701956949,85.31655502874231,-0.3517480091728231,-0.08533197498797139,-0.2664160341848517,50.20610057708166,85.3315,87.96739213899662,82.6956078610034,5.27178427799322,0.2493258581318414,20.789074355083518,28.831840514337415,-79.21092564491649,1.5700000000000074,2.0728571428571416,-2.0519995336364594,-2.5292957419654165,1142670.5,0.9724719418239991,-1.759999999999991,-2.1799999999999926,-78.28282828282929,48.684216634578036,81.67,-2.3400000000000034,-2.7853826925366065,0,0,1,80.51,79.04,83.49,1.131711093875987,84.36,1189288.0,48.371723590150935,84.31,657570.0,43.48452123830094,83.83,1079951.0,38.99018232819077,85.77,1219949.0,56.826056826056806,86.19,1068383.0,45.09803921568628,1.0005716871918249,0.9845133391537709,0.9912006022006755,0.4293832786703596,1.3179460694983027,-1,-1,0,0,0,0
2023-03-19 01:19:21.305279,84.5,84.5,81.54,81.67,1477676,83.636,84.86999999999999,85.225,84.7558,84.45791361177143,85.04633452521385,-0.5884209134424196,-0.18594976269197858,-0.40247115075044104,34.98836307214894,85.225,88.26289747237043,82.18710252762956,6.0757949447408635,-0.08510862073730101,1.6905071521455852,18.558580209771392,-98.30949284785441,2.9599999999999937,2.1392857142857133,-1.9567827130852287,-5.474537037037041,1168094.15,1.265031590133381,-1.6299999999999955,-4.730000000000004,-154.62275196253412,39.75608838872925,81.03,-0.6400000000000006,-0.7836414840210612,0,0,0,79.26,79.72,80.33,0.8411123587262364,84.01,1111215.0,50.20610057708166,84.36,1189288.0,48.371723590150935,84.31,657570.0,43.48452123830094,83.3,1271559.0,46.494464944649444,86.4,1010095.0,45.13513513513516,0.9764933760581569,0.9582868876503374,0.9635918721786593,1.1203927882674614,1.5189487361852163,-1,-1,0,0,0,0
2023-03-20 01:19:21.305279,81.52,81.52,80.91,81.03,499877,83.076,84.161,85.05449999999999,84.75479999999999,83.93054226912537,84.74872086365005,-0.8181785945246816,-0.312395529071707,-0.5057830654529746,30.239752513534455,85.05449999999999,88.61561440275047,81.49338559724951,7.122228805500953,-0.0650618801928422,1.4423076923077456,7.973963066512293,-98.55769230769226,0.7600000000000051,2.130714285714286,-3.3400930454491196,-8.0458465728552,1142759.5,0.43742974790408656,-2.799999999999997,-7.090000000000003,-197.56332719782645,34.01213446041869,80.51,-0.519999999999996,-0.641737628038993,0,0,0,79.04,82.77,80.32,1.5118366313864653,81.67,1477676.0,34.98836307214894,84.01,1111215.0,50.20610057708166,84.36,1189288.0,48.371723590150935,83.83,1079951.0,38.99018232819077,88.12,1191284.0,52.36907730673318,0.9753719485772065,0.9526832795442923,0.9560520466097496,1.5973978840607583,1.7805572013752349,-1,-1,0,0,0,0
2023-03-21 01:19:21.305279,80.61,82.11,79.35,80.51,1481217,82.316,83.519,84.7315,84.76459999999999,83.40430498195843,84.43463659206596,-1.030331610107524,-0.4559827452908508,-0.5743488648166731,31.081081081081138,84.7315,88.70864668945929,80.75435331054071,7.954293378918578,-0.030719675387925367,11.740890688259208,4.957901844237522,-88.25910931174079,2.760000000000005,1.9492857142857147,-4.507175898469929,-7.385252502013115,1155007.8,1.282430300470698,-3.799999999999997,-6.420000000000002,-183.9169765247797,33.243913572194586,79.26,-1.25,-1.5526021612222083,0,0,0,79.72,83.1,80.46,1.9877172837206805,81.03,499877.0,30.239752513534455,81.67,1477676.0,34.98836307214894,84.01,1111215.0,50.20610057708166,84.31,657570.0,43.48452123830094,86.93,1280936.0,48.15032295948328,0.9780601584139171,0.950177914943085,0.9498068769273967,1.75928394524643,1.988573344729642,-1,-1,0,1,0,0
2023-03-22 01:19:21.305279,80.26,80.26,77.2,79.26,1127537,81.296,82.805,84.3885,84.729,82.76671958474711,84.05121155012863,-1.2844919653815197,-0.6216845893200451,-0.6628073760614746,23.160340821068985,84.3885,88.99491326390697,79.78208673609302,9.212826527813945,-0.056669550275022754,17.123857024106417,10.1023518015578,-82.87614297589359,3.3100000000000023,2.0942857142857148,-6.045519203413933,-8.26388888888889,1135684.5,0.9928259124783335,-5.099999999999994,-7.140000000000001,-213.90395042602586,26.340067249609746,79.04,-0.21999999999999886,-0.27756749936916336,0,0,0,82.77,83.57,84.46,2.096413604230293,80.51,1481217.0,31.081081081081138,81.03,499877.0,30.239752513534455,81.67,1477676.0,34.98836307214894,84.36,1189288.0,48.371723590150935,86.4,1070921.0,58.07365439093483,0.9749557173784688,0.9392275013775575,0.9354530326098502,1.7563826462368377,2.3032066319534876,-1,-1,0,1,0,0
2023-03-23 01:19:21.305279,79.05,81.15,77.61,79.04,1248893,80.30199999999999,82.13199999999999,84.102,84.6548,82.19337809847448,83.67990432550438,-1.4865262270298985,-0.7946529168712522,-0.6918733101586463,21.517027863777088,84.102,89.28516546239167,78.91883453760833,10.366330924783341,0.011688365273193833,15.29509559434749,14.719947768904381,-84.7049044056525,3.5400000000000063,2.1407142857142865,-5.915962385430304,-7.846566398507624,1136474.9,1.0989182427170192,-4.969999999999999,-6.72999999999999,-169.27008548496124,27.005251976888616,79.72,0.6799999999999926,0.8603238866396667,1,0,0,83.1,83.49,84.18,1.603262299189309,79.26,1127537.0,23.160340821068985,80.51,1481217.0,31.081081081081138,81.03,499877.0,30.239752513534455,84.01,1111215.0,50.20610057708166,85.77,1219949.0,56.826056826056806,0.9842843266668329,0.9398111816603648,0.9336741685055072,1.131711093875987,2.591582731195832,-1,-1,0,1,0,0
2023-03-24 01:19:21.305279,78.98,80.56,78.98,79.72,877828,79.912,81.774,83.89000000000001,84.5626,81.81285838444853,83.38650025324412,-1.5736418687955904,-0.9504507072627756,-0.6231911615328148,14.646464646464608,83.89000000000001,89.43204218487654,78.3479578151235,11.084084369753043,0.12378489184191181,23.076923076923038,18.498625231792325,-76.92307692307696,1.5799999999999983,2.0514285714285725,-2.3876576466266717,-4.297719087635052,1121298.35,0.7828674678777507,-1.9500000000000028,-3.5799999999999983,-129.6530466061041,25.04363593796367,82.77,3.049999999999997,3.825890617160057,1,1,0,83.57,80.33,84.73,1.3370938635719558,79.04,1248893.0,21.517027863777088,79.26,1127537.0,23.160340821068985,80.51,1481217.0,31.081081081081138,81.67,1477676.0,34.98836307214894,83.3,1271559.0,46.494464944649444,0.997597357092802,0.9502920491119321,0.942733548873852,0.8411123587262364,2.771021092438261,-1,-1,0,1,0,0
2023-03-25 01:19:21.305279,80.19,83.82,80.19,82.77,1504791,80.26,81.668,83.75150000000001,84.55879999999999,81.96011094283797,83.34082234916923,-1.3807114063312582,-1.036502847079413,-0.3442085592518451,34.86171761280927,83.75150000000001,89.2582586224856,78.24474137751442,11.013517244971183,0.41088223878269514,55.533399800598126,31.30180615728956,-44.46660019940187,4.099999999999994,2.224285714285714,2.1473528322843327,-1.2644637957771707,1126831.05,1.3354184728935186,1.7399999999999949,-1.0600000000000023,-46.34138963671041,34.280429803877,83.1,0.3299999999999983,0.3986951794128287,1,0,0,83.49,80.32,84.71,1.6863481253886503,79.72,877828.0,14.646464646464608,79.04,1248893.0,21.517027863777088,79.26,1127537.0,23.160340821068985,81.03,499877.0,30.239752513534455,83.83,1079951.0,38.99018232819077,1.0312733615748815,0.9882808069109209,0.9788454897657015,1.5118366313864653,2.753379311242795,1,-1,0,1,0,0
2023-03-26 01:19:21.305279,82.6,83.31,82.6,83.1,829232,80.77799999999999,81.547,83.5995,84.571,82.135478492261,83.32297959900814,-1.1875011067471348,-1.0667024990137832,-0.1207986077333516,37.81388478581975,83.5995,88.99537161877666,78.20362838122335,10.791743237553305,0.45371461412630326,65.19337016574578,47.93456434775566,-34.80662983425422,0.710000000000008,2.182142857142858,3.216991678052402,-1.4351796939864878,1112367.25,0.7454660320141572,2.589999999999989,-1.210000000000008,-19.605109617191886,40.279908789089774,83.57,0.46999999999999886,0.5655836341756906,1,0,0,80.33,80.46,82.78,1.7319151249417062,82.77,1504791.0,34.86171761280927,79.72,877828.0,14.646464646464608,79.04,1248893.0,21.517027863777088,80.51,1481217.0,31.081081081081138,84.31,657570.0,43.48452123830094,1.0287454504939464,0.9940250838820804,0.9826063307753248,1.9877172837206805,2.697935809388329,1,-1,0,1,0,0
2023-03-27 01:19:21.305279,83.24,83.6,83.24,83.57,931756,81.64,81.46799999999999,83.5145,84.5808,82.35617411114416,83.34128126018462,-0.9851071490404593,-1.0503834290187615,0.06527627997830221,41.77877428998504,83.5145,88.8528241013009,78.1761758986991,10.676648202601797,0.5051982606288807,72.63397947548454,64.45358314727616,-27.366020524515474,0.5,2.134285714285715,5.437799646732258,-0.9364627785680492,1106497.9,0.8420766094540262,4.309999999999988,-0.7900000000000063,-2.174093037294103,47.32960634859534,83.49,-0.0799999999999983,-0.09572813210482027,0,0,0,80.32,84.46,84.71,2.0048615912331305,83.1,829232.0,37.81388478581975,82.77,1504791.0,34.86171761280927,79.72,877828.0,14.646464646464608,79.26,1127537.0,23.160340821068985,84.36,1189288.0,48.371723590150935,1.0236403723664869,1.0006645552568716,0.9880492972400355,2.096413604230293,2.6691620506504465,1,-1,0,1,0,0
2023-03-28 01:19:21.305279,83.47,84.75,82.26,83.49,1392695,82.53,81.416,83.3795,84.5558,82.53060886481933,83.35229961135883,-0.8216907465395025,-1.0046448925221094,0.18295414598260695,50.86442220200181,83.3795,88.56737848333964,78.19162151666035,10.37575696667929,0.5106498253915219,79.62025316455694,72.48253426859577,-20.37974683544305,2.489999999999995,2.117142857142857,5.630060728744925,-0.6189739316748127,1122713.5,1.2404723021501034,4.449999999999989,-0.5200000000000102,3.1201688163667276,56.17018466658161,80.33,-3.1599999999999966,-3.7848844172954808,0,0,1,80.46,84.18,86.03,2.166471786107967,83.57,931756.0,41.77877428998504,83.1,829232.0,37.81388478581975,82.77,1504791.0,34.86171761280927,79.04,1248893.0,21.517027863777088,84.01,1111215.0,50.20610057708166,1.0116321337695382,1.0013252658027454,0.9873953058217176,1.603262299189309,2.5939392416698226,1,-1,0,1,0,0
2023-03-29 01:19:21.305279,82.75,82.75,79.6,80.33,1340617,82.652,81.28200000000001,83.076,84.48299999999999,82.19205365231227,83.1283851437246,-0.9363314914123322,-0.9909822122999628,0.054650720887630566,37.151248164464,83.076,88.22995974495682,77.92204025504317,10.307919489913644,0.23360288633540732,39.62025316455694,63.958161934866155,-60.37974683544305,3.8900000000000006,2.3307142857142864,0.7651781234320113,-1.6407493571690992,1139239.6,1.1767647472928433,0.6099999999999994,-1.3400000000000034,-75.65329304459776,55.38166423209162,80.32,-0.010000000000005116,-0.01244864932155498,0,0,0,84.46,84.73,87.43,2.236425719759504,83.49,1392695.0,50.86442220200181,83.57,931756.0,41.77877428998504,83.1,829232.0,37.81388478581975,79.72,877828.0,14.646464646464608,81.67,1477676.0,34.98836307214894,0.9719063059575086,0.9669459290288411,0.9508421812672373,1.3370938635719558,2.5769798724784128,1,-1,0,1,0,0
2023-03-30 01:19:21.305279,80.29,81.46,79.16,80.32,1043789,82.162,81.21099999999998,82.686,84.4154,81.90404539628572,82.92032183603727,-1.0162764397515502,-0.9960410577903368,-0.02023538196121344,34.82889733840298,82.686,87.39405088735231,77.9779491126477,9.4161017747046,0.24872828941207578,39.49367088607587,52.91139240506326,-60.50632911392413,2.299999999999997,2.323571428571429,-2.960009665337686,-0.8762186844378723,1131864.85,0.9221851884524905,-2.450000000000003,-0.710000000000008,-85.53066075475752,49.96649350275506,80.46,0.14000000000000057,0.17430278884462222,1,0,0,84.18,84.71,85.88,1.8293632772092536,80.33,1340617.0,37.151248164464,83.49,1392695.0,50.86442220200181,83.57,931756.0,41.77877428998504,82.77,1504791.0,34.86171761280927,81.03,499877.0,30.239752513534455,0.977580876804362,0.971385724306412,0.9514851555521858,1.6863481253886503,2.3540254436761483,-1,-1,0,1,0,0
2023-03-31 01:19:21.305279,80.41,80.54,80.41,80.46,1191059,81.63399999999999,81.20599999999999,82.3625,84.38680000000001,81.68188456489698,82.73804756318862,-1.05616299829164,-1.0080654458907052,-0.04809755240093483,35.271903323262805,82.3625,86.71868797622585,78.00631202377414,8.712375952451708,0.2816324719705616,42.83837056504588,40.6507648718929,-57.16162943495412,0.22000000000001307,2.192142857142859,-3.1768953068592065,-0.06210408644890245,1127371.0,1.0564924944849565,-2.6400000000000006,-0.05000000000001137,-71.8063410297075,49.80379732026891,84.46,4.0,4.971414367387522,1,1,0,84.73,82.78,88.34,0.8095492573041836,80.32,1043789.0,34.82889733840298,80.33,1340617.0,37.151248164464,83.49,1392695.0,50.86442220200181,83.1,829232.0,37.81388478581975,80.51,1481217.0,31.081081081081138,0.9856187372908348,0.9769008954317802,0.9534666559224901,1.7319151249417062,2.1780939881129253,-1,-1,0,1,0,0
2023-04-01 01:19:21.305279,80.23,84.79,80.23,84.46,1596784,81.81199999999998,81.726,82.2655,84.47660000000002,82.1092869414669,82.8656178772941,-0.7563309358271937,-0.9577185438776422,0.20138760805044853,51.332149200710454,82.2655,86.31902854735411,78.2119714526459,8.10705709470821,0.7706900881988886,95.65217391304331,59.328071788055034,-4.347826086956685,4.560000000000002,2.405714285714287,1.064975469666149,6.560686348725699,1153664.15,1.384097789638345,0.8900000000000006,5.199999999999989,35.970288022234115,58.20041739846179,84.18,-0.2799999999999869,-0.3315178782855635,0,0,0,84.71,84.71,85.9,0.8389696061251272,80.46,1191059.0,35.271903323262805,80.32,1043789.0,34.82889733840298,80.33,1340617.0,37.151248164464,83.57,931756.0,41.77877428998504,79.26,1127537.0,23.160340821068985,1.0323668899427958,1.0266758240088494,0.9998034958793319,2.0048615912331305,2.0267642736770535,1,-1,0,1,0,0
2023-04-02 01:19:21.305279,83.92,84.61,82.82,84.18,1063555,81.94999999999999,82.24,82.186,84.53399999999999,82.42785818246395,82.96299243682691,-0.5351342543629585,-0.8732016859742209,0.3380674316112624,58.4625758597438,82.186,86.00575695010808,78.36624304989193,7.639513900216144,0.7610113714098463,91.9631093544137,76.81788461083431,-8.036890645586286,1.7900000000000063,2.3221428571428597,0.82644628099175,6.503036437246963,1145844.45,0.9281844494686866,0.6900000000000119,5.140000000000001,71.34182092302557,66.43716309107015,84.73,0.5499999999999972,0.6533618436683263,1,0,0,82.78,86.03,86.96,1.1616884263870966,84.46,1596784.0,51.332149200710454,80.46,1191059.0,35.271903323262805,80.32,1043789.0,34.82889733840298,83.49,1392695.0,50.86442220200181,79.04,1248893.0,21.517027863777088,1.0272117144600368,1.0242620397634634,0.9958123358648593,2.166471786107967,1.9098784750540385,1,-1,0,1,0,0
2023-04-03 01:19:21.305279,84.52,86.28,83.32,84.73,1138301,82.83,82.741,82.25750000000001,84.5574,82.7820338478505,83.09389796937849,-0.31186412152798937,-0.7609341730844595,0.4490700515564702,62.55088195386707,82.25750000000001,86.21606898652239,78.29893101347763,7.91713797304476,0.8122971973480875,82.92951541850223,90.18159956198643,-17.07048458149777,2.960000000000008,2.4792857142857168,5.477405701481397,6.284495735072761,1139181.55,0.9992270327762944,4.400000000000006,5.010000000000005,106.41998734977848,70.76622603071155,84.71,-0.020000000000010232,-0.023604390416629564,0,0,0,84.71,87.43,90.81,1.7302658755236713,84.18,1063555.0,58.4625758597438,84.46,1596784.0,51.332149200710454,80.46,1191059.0,35.271903323262805,80.33,1340617.0,37.151248164464,79.72,877828.0,14.646464646464608,1.0229385488349632,1.030058049417986,1.0020412169721398,2.236425719759504,1.97928449326119,1,1,0,0,0,0
2023-04-04 01:19:21.305279,84.26,85.83,83.31,84.71,1482625,83.708,82.935,82.3015,84.58200000000001,83.07864402591936,83.21362285103652,-0.13497882511715886,-0.6357431034905401,0.5007642783733812,64.74719101123594,82.3015,86.35215439807394,78.25084560192607,8.101308796147862,0.7972976417273738,82.7092511013215,85.86729195807915,-17.290748898678498,2.519999999999996,2.462142857142859,5.465637450199204,2.3438443880633053,1159315.25,1.2788799250247074,4.390000000000001,1.9399999999999977,95.88681682408996,70.45859692507388,82.78,-1.9299999999999926,-2.2783614685397153,0,0,1,86.03,85.88,89.05,1.7380247409060883,84.73,1138301.0,62.55088195386707,84.18,1063555.0,58.4625758597438,84.46,1596784.0,51.332149200710454,80.32,1043789.0,34.82889733840298,82.77,1504791.0,34.86171761280927,1.0119701820614517,1.0292643511965152,1.00151332434797,1.8293632772092536,2.025327199036969,1,1,0,0,0,0
2023-04-05 01:19:21.305279,84.94,84.94,82.38,82.78,1217211,84.172,82.90299999999999,82.225,84.5336,83.0326987910557,83.18149925610665,-0.1488004650509538,-0.5383545758023369,0.38955411075138313,61.79624664879358,82.225,86.17241487692014,78.27758512307985,7.894829753840298,0.5702991726617077,59.63091118800462,75.08989256927613,-40.36908881199538,2.5600000000000023,2.4085714285714306,2.883420333084772,-0.3850782190132289,1187297.3,1.0251947848276923,2.3200000000000074,-0.3199999999999932,47.42580750942764,69.8243871709777,84.71,1.9299999999999926,2.331481034066191,1,1,0,87.43,88.34,88.09,1.419285031275117,84.71,1482625.0,64.74719101123594,84.73,1138301.0,62.55088195386707,84.18,1063555.0,58.4625758597438,80.46,1191059.0,35.271903323262805,83.1,829232.0,37.81388478581975,0.9834624340635841,1.0067497719671634,0.9792555859445238,0.8095492573041836,1.9737074384600743,1,-1,0,1,0,0
2023-04-06 01:19:21.305279,83.22,85.87,83.22,84.71,1273784,84.22200000000001,83.01700000000001,82.2425,84.5106,83.290745131401,83.29473257736062,-0.003987445959623415,-0.4314811498335432,0.4274937038739198,67.04750450992182,82.2425,86.232639820793,78.25236017920702,7.98027964158598,0.8091996910912262,78.49315068493141,73.6111043247525,-21.506849315068603,3.0900000000000034,2.376428571428573,0.2959981056121241,1.3641258824937186,1191522.1,1.0690393405208345,0.25,1.1400000000000006,96.06857019251558,70.01361292515523,86.03,1.3200000000000074,1.5582575847007527,1,0,0,85.88,85.9,88.31,1.1160779542673473,82.78,1217211.0,61.79624664879358,84.71,1482625.0,64.74719101123594,84.73,1138301.0,62.55088195386707,84.46,1596784.0,51.332149200710454,83.57,931756.0,41.77877428998504,1.005794210538814,1.030002735811776,1.002359467333092,0.8389696061251272,1.9950699103964917,1,1,0,0,0,0
2023-04-07 01:19:21.305279,84.05,86.57,84.05,86.03,1365517,84.59200000000001,83.271,82.3435,84.5354,83.7121689580409,83.49736327818405,0.21480567985685184,-0.30222378389522137,0.5170294637520731,68.2686740011581,82.3435,86.61440166740417,78.07259833259585,8.541803334808321,0.931583338494496,92.71255060728755,76.94553749340787,-7.287449392712446,2.519999999999996,2.4435714285714303,2.197671655975284,3.0422805126362515,1204237.2,1.1339269373176648,1.8499999999999943,2.5400000000000063,126.42120689263032,70.98514559369399,87.43,1.4000000000000057,1.6273393002441077,1,0,0,88.34,86.96,87.46,1.0486276746307892,84.71,1273784.0,67.04750450992182,82.78,1217211.0,61.79624664879358,84.71,1482625.0,64.74719101123594,84.18,1063555.0,58.4625758597438,83.49,1392695.0,50.86442220200181,1.0169992434272743,1.0447697753921075,1.0176801671252518,1.1616884263870966,2.135450833702084,1,1,0,0,0,0
2023-04-08 01:19:21.305279,86.52,87.68,86.52,87.43,1384311,85.13199999999999,83.981,82.6315,84.575,84.2841429653019,83.78869406263507,0.49544890266682273,-0.14268924658257276,0.6381381492493955,64.91677336747765,82.6315,87.45256900135162,77.81043099864839,9.642138002703234,0.997659336410111,97.06572769953053,89.42380966391651,-2.93427230046948,1.6500000000000057,2.268571428571431,3.1865927062433643,8.838541018299525,1199568.95,1.1540070289415212,2.700000000000003,7.1000000000000085,162.28394042851374,70.92359683137717,85.88,-1.5500000000000114,-1.7728468489077105,0,0,0,85.9,90.81,84.8,2.068047388238849,86.03,1365517.0,68.2686740011581,84.71,1273784.0,67.04750450992182,82.78,1217211.0,61.79624664879358,84.73,1138301.0,62.55088195386707,80.33,1340617.0,37.151248164464,1.026993374994127,1.0580710745901987,1.0337570203960982,1.7302658755236713,2.4105345006758068,1,1,0,0,0,0
2023-04-09 01:19:21.305279,87.42,87.42,85.64,85.88,1414283,85.36600000000001,84.537,82.874,84.53020000000001,84.52965943247118,83.94361760841983,0.5860418240513496,0.0030569675443869464,0.5829848565069626,58.2541567695962,82.874,87.84157231823009,77.9064276817699,9.935144636460194,0.8025622786575769,78.87323943661961,89.55050591447925,-21.12676056338039,1.7900000000000063,2.345714285714288,1.3811828591665705,6.922310756972115,1245289.25,1.1357064232265717,1.1700000000000017,5.560000000000002,117.99355574947985,63.793724935778336,88.34,2.460000000000008,2.8644620400559013,1,1,0,86.96,89.05,84.95,1.8961197219588926,87.43,1384311.0,64.91677336747765,86.03,1365517.0,68.2686740011581,84.71,1273784.0,67.04750450992182,84.71,1482625.0,64.74719101123594,80.32,1043789.0,34.82889733840298,1.006021132535201,1.0362719308830273,1.0159682574985034,1.7380247409060883,2.483786159115048,1,1,0,0,0,0
2023-04-10 01:19:21.305279,85.83,89.04,85.83,88.34,1413304,86.478,85.325,83.2655,84.535,85.1158656742207,84.26929891121522,0.8465667630054838,0.1717589266367686,0.6748078363687152,62.66595857673926,83.2655,88.66409426147248,77.86690573852752,10.797188522944964,0.969983458121181,92.914979757085,89.61798229774506,-7.085020242915002,3.210000000000008,2.5392857142857173,6.7165982121285355,9.79368630375343,1241893.6,1.1380234184313374,5.560000000000002,7.88000000000001,150.21405325120728,64.87964591792402,85.9,-2.4399999999999977,-2.762055693909891,0,0,1,90.81,88.09,83.19,1.8951965597271097,85.88,1414283.0,58.2541567695962,87.43,1384311.0,64.91677336747765,86.03,1365517.0,68.2686740011581,82.78,1217211.0,61.79624664879358,80.46,1191059.0,35.271903323262805,1.0215314877772383,1.060943608096991,1.0450109422132845,1.419285031275117,2.699297130736242,1,1,0,0,0,0
2023-04-11 01:19:21.305279,89.09,89.09,84.79,85.9,1046769,86.71600000000001,85.469,83.5975,84.435,85.23650172444356,84.39009960308506,0.8464021213584942,0.3066875655812175,0.5397145557772767,55.686644643699886,83.5975,88.77091330875093,78.42408669124906,10.346826617501875,0.7225319979852839,67.87512588116822,79.88778169162428,-32.12487411883178,4.299999999999997,2.6685714285714317,1.4047928225711392,1.7049490883258491,1237855.2,0.8456312176092972,1.190000000000012,1.440000000000012,104.83481501167317,58.30449933845755,86.96,1.059999999999988,1.2339930151338627,1,0,0,89.05,88.31,84.02,1.4239662917363718,88.34,1413304.0,62.66595857673926,85.88,1414283.0,58.2541567695962,87.43,1384311.0,64.91677336747765,84.71,1273784.0,67.04750450992182,84.46,1596784.0,51.332149200710454,0.9905899718621707,1.0275426896737343,1.017350624740925,1.1160779542673473,2.586706654375472,1,1,0,0,0,0
2023-04-12 01:19:21.305279,85.69,87.16,85.69,86.96,1449057,86.90200000000002,85.747,83.9935,84.4506,85.50165530548988,84.58047429626177,0.921181009228107,0.42958625431067093,0.49159475491743604,67.36511262441067,83.9935,88.90383828827164,79.08316171172835,9.820676576543292,0.8020667646346779,78.5498489425981,79.77998486028378,-21.450151057401897,1.4699999999999989,2.4957142857142887,1.0810182494478584,3.3024471370871784,1247863.4,1.1612304680143677,0.9299999999999926,2.779999999999987,95.38611891179102,65.8442227456566,90.81,3.8500000000000085,4.427322907083727,1,1,0,88.09,87.46,82.52,1.2871208179504448,85.9,1046769.0,55.686644643699886,88.34,1413304.0,62.66595857673926,85.88,1414283.0,58.2541567695962,86.03,1365517.0,68.2686740011581,84.18,1063555.0,58.4625758597438,1.0006674184713813,1.0353182091471362,1.029714412923058,1.0486276746307892,2.4551691441358208,1,1,0,0,0,0
2023-04-13 01:19:21.305279,86.6,91.42,86.6,90.81,1213822,87.578,86.35499999999999,84.548,84.51400000000001,86.31832372052891,85.04194690675853,1.2763768137703835,0.5989443662026968,0.6774324475676867,72.87396423898824,84.548,89.9102799549998,79.18572004500021,10.724559909999584,1.083893423371276,94.54870420017873,80.32455967464836,-5.451295799821265,4.820000000000007,2.6757142857142893,3.8659499027793607,7.175734686651715,1264663.1,0.9597987005392977,3.3799999999999955,6.079999999999998,176.88632572866314,71.7733298441326,89.05,-1.7600000000000051,-1.9381125426715176,0,0,0,88.31,84.8,85.12,1.6347385112003416,86.96,1449057.0,67.36511262441067,85.9,1046769.0,55.686644643699886,88.34,1413304.0,62.66595857673926,87.43,1384311.0,64.91677336747765,84.73,1138301.0,62.55088195386707,1.0369042453584234,1.0740644367696457,1.074496533118773,2.068047388238849,2.681139977499894,1,1,1,0,0,0
2023-04-14 01:19:21.305279,90.78,90.78,88.13,89.05,1253634,88.21199999999999,86.789,84.862,84.5382,86.73858160989559,85.33885537370753,1.3997262361880587,0.7591007401998321,0.6406254959882266,67.49490835030551,84.862,90.51357677113235,79.21042322886764,11.30315354226471,0.8705160674266919,78.8203753351206,83.97297615929915,-21.1796246648794,2.680000000000007,2.8514285714285745,3.691197019096416,5.123362058788813,1252105.25,1.001220943686643,3.1700000000000017,4.340000000000003,145.29744734841591,64.94718671535202,88.09,-0.9599999999999937,-1.0780460415496842,0,0,0,87.46,84.95,83.83,1.7155086709199592,90.81,1213822.0,72.87396423898824,86.96,1449057.0,67.36511262441067,85.9,1046769.0,55.686644643699886,85.88,1414283.0,58.2541567695962,84.71,1482625.0,64.74719101123594,1.0094998412914344,1.0493507105653885,1.0533699558306184,1.8961197219588926,2.82578838556618,1,1,1,0,0,0
2023-04-15 01:19:21.305279,88.8,88.8,87.72,88.09,957404,88.162,87.32000000000001,85.1115,84.55279999999999,86.94649213154106,85.54265380797777,1.403838323563292,0.8880482568725646,0.5157900666907275,58.4379358437936,85.1115,90.87503062481329,79.34796937518672,11.52706124962657,0.758391964395651,63.16371681415933,78.84426544981956,-36.836283185840664,1.3299999999999983,2.6207142857142887,-0.28299750962191533,6.414592896834987,1258513.85,0.7607417272364543,-0.25,5.310000000000002,96.53755203493438,58.30002816376884,88.31,0.21999999999999886,0.24974457940742292,1,0,0,84.8,83.19,83.33,2.09603673631967,89.05,1253634.0,67.49490835030551,90.81,1213822.0,72.87396423898824,86.96,1449057.0,67.36511262441067,88.34,1413304.0,62.66595857673926,82.78,1217211.0,61.79624664879358,0.999183321612486,1.0349952709093366,1.0418342148338082,1.8951965597271097,2.8817653124066434,-1,1,1,0,0,0
2023-04-16 01:19:21.305279,88.31,89.1,87.74,88.31,1012102,88.64399999999999,87.67999999999999,85.3485,84.5678,87.15626257292008,85.74765167586347,1.4086108970566187,0.9921607849094017,0.41645011214721694,59.62703962703961,85.3485,91.23367593530358,79.46332406469642,11.770351870607158,0.7516067516550153,65.59734513274338,69.19381242734111,-34.40265486725661,1.3599999999999994,2.5900000000000025,2.8055878928987155,4.249793412820221,1262531.15,0.8016451712894371,2.4099999999999966,3.6000000000000085,90.77633519499044,58.30693239276348,87.46,-0.8500000000000085,-0.9625184010870893,0,0,0,84.95,84.02,84.73,1.6018208389210233,88.09,957404.0,58.4379358437936,89.05,1253634.0,67.49490835030551,90.81,1213822.0,72.87396423898824,85.9,1046769.0,55.686644643699886,84.71,1273784.0,67.04750450992182,0.9962321194891929,1.0346989109357516,1.0442508850886507,1.4239662917363718,2.9425879676517863,1,1,1,0,0,0
2023-04-17 01:19:21.305279,88.52,89.24,85.7,87.46,1161447,88.744,87.82300000000001,85.547,84.6346,87.20299140787009,85.87449759843315,1.3284938094369352,1.059427389814922,0.26906641962201316,56.27586206896548,85.547,91.43604460127378,79.65795539872622,11.778089202547562,0.6624202336306148,56.19469026548667,61.6519174041298,-43.80530973451333,3.539999999999992,2.6314285714285726,0.5749770009199633,1.6622108566778944,1250968.75,0.9284380605031101,0.5,1.4299999999999926,58.349571058458,51.80868228731871,84.8,-2.6599999999999966,-3.0413903498742245,0,0,1,83.19,82.52,82.68,1.0410715633431278,88.31,1012102.0,59.62703962703961,88.09,957404.0,58.4379358437936,89.05,1253634.0,67.49490835030551,86.96,1449057.0,67.36511262441067,86.03,1365517.0,68.2686740011581,0.9855314162084197,1.022361976457386,1.0333835098174977,1.2871208179504448,2.9445223006368937,1,1,1,0,0,0
2023-04-18 01:19:21.305279,87.14,87.14,84.74,84.8,1369404,87.542,87.56,85.7705,84.65459999999999,86.83330042194594,85.79490210088169,1.0383983210642498,1.055221576064787,-0.016823255000537163,50.18450184501847,85.7705,91.1424719989867,80.3985280010133,10.743943997973389,0.4096700429392535,26.769911504424783,49.52064896755163,-73.23008849557522,2.719999999999999,2.6457142857142872,-6.618213853099884,-3.0081207823401686,1252408.1,1.0934167544908084,-6.010000000000005,-2.6300000000000097,-4.087362652196091,52.09075261389029,84.95,0.15000000000000568,0.1768867924528369,1,0,0,84.02,85.12,83.1,1.1175643158233486,87.46,1161447.0,56.27586206896548,88.31,1012102.0,59.62703962703961,88.09,957404.0,58.4379358437936,90.81,1213822.0,72.87396423898824,87.43,1384311.0,64.91677336747765,0.9686778917548148,0.9886849208061046,1.0017175676218424,1.6347385112003416,2.685985999493346,-1,1,1,0,0,0
2023-04-19 01:19:21.305279,85.25,86.92,82.71,84.95,1103096,86.722,87.46700000000001,86.002,84.66480000000001,86.54356189542774,85.73231451552857,0.8112473798991715,1.0064267368316575,-0.195179356932486,54.79876160990712,86.002,90.74750912359332,81.25649087640667,9.491018247186645,0.38915836292783135,25.71756601607356,36.227389261995015,-74.28243398392644,4.210000000000008,2.7635714285714306,-4.604154969118467,-1.082906380996731,1255373.45,0.8786994818155506,-4.099999999999994,-0.9299999999999926,-38.36838750796686,52.36130071876118,83.19,-1.7600000000000051,-2.0718069452619248,0,0,1,82.52,83.83,85.31,0.9723322477433889,84.8,1369404.0,50.18450184501847,87.46,1161447.0,56.27586206896548,88.31,1012102.0,59.62703962703961,89.05,1253634.0,67.49490835030551,85.88,1414283.0,58.2541567695962,0.9795668919074746,0.9877677263319459,1.0033685782048736,1.7155086709199592,2.3727545617966603,-1,1,1,0,0,0
2023-04-20 01:19:21.305279,85.08,85.08,82.45,83.19,1530202,85.74199999999999,86.952,86.1385,84.5892,86.02762929603327,85.54398866823473,0.4836406277985361,0.9018695150250224,-0.4182288872264863,46.61319073083781,86.1385,90.33850639097282,81.93849360902716,8.400012781945662,0.14898862935812746,8.249721293199498,20.24573293789929,-91.7502787068005,2.6299999999999955,2.730714285714287,-5.562492904983546,-5.829748698211462,1272330.6,1.2026764113037915,-4.900000000000006,-5.150000000000006,-99.29698899058248,44.65278419124829,84.02,0.8299999999999983,0.9977160716432244,1,0,0,85.12,83.33,82.61,0.9545312985972274,84.95,1103096.0,54.79876160990712,84.8,1369404.0,50.18450184501847,87.46,1161447.0,56.27586206896548,88.09,957404.0,58.4379358437936,88.34,1413304.0,62.66595857673926,0.9702362902661473,0.9657702421100902,0.9834588812756238,2.09603673631967,2.1000031954864156,-1,1,0,0,0,0
2023-04-21 01:19:21.305279,82.63,84.95,82.63,84.02,1190425,84.88399999999999,86.764,86.1165,84.54720000000002,85.7187632504401,85.43109714773811,0.28766610270199067,0.779028832560406,-0.49136272985841534,45.42141230068337,86.1165,90.35793111399195,81.87506888600805,8.482862227983901,0.25285464461701207,17.502787068004384,17.15669145909249,-82.4972129319956,2.3200000000000074,2.7164285714285734,-4.857886989015974,-2.1885913853317924,1252012.65,0.9508090832788312,-4.290000000000006,-1.8800000000000097,-90.94850948509514,44.03343490515846,82.52,-1.5,-1.7852892168531302,0,0,0,83.83,84.73,82.96,1.0501571311007296,83.19,1530202.0,46.61319073083781,84.95,1103096.0,54.79876160990712,84.8,1369404.0,50.18450184501847,88.31,1012102.0,59.62703962703961,85.9,1046769.0,55.686644643699886,0.9898214033268933,0.9756550719084031,0.9937644298096209,1.6018208389210233,2.1207155569959726,-1,-1,0,0,0,0
2023-04-22 01:19:21.305279,84.84,84.84,82.08,82.52,1130053,83.896,86.32,86.0335,84.50219999999999,85.22664582722862,85.21545418288198,0.01119164434663844,0.6254613949176424,-0.614269750571004,38.86621315192743,86.0335,90.4938104683067,81.5731895316933,8.920620936613403,0.10613728293516507,4.710920770877918,10.15447637736061,-95.28907922912208,2.760000000000005,2.7957142857142876,-5.648296364052136,-5.105795768169271,1255337.55,0.9001985163273416,-4.939999999999998,-4.439999999999998,-116.18441549832671,36.7264178277349,85.12,2.6000000000000085,3.1507513330101897,1,1,0,83.33,82.68,83.43,0.9985339253133624,84.02,1190425.0,45.42141230068337,83.19,1530202.0,46.61319073083781,84.95,1103096.0,54.79876160990712,87.46,1161447.0,56.27586206896548,86.96,1449057.0,67.36511262441067,0.9835987412987508,0.9591612569522336,0.9765426225589394,1.0410715633431278,2.230155234153353,-1,-1,0,0,0,0
2023-04-23 01:19:21.305279,82.28,86.01,82.28,85.12,1507804,83.96000000000001,85.751,86.053,84.52539999999999,85.21023877688388,85.20838331628042,0.0018554606034655308,0.5007402080548005,-0.49888474745133493,48.35497835497838,86.053,90.49267803479415,81.61332196520584,8.879356069588312,0.394924812938237,32.5481798715204,18.25396257013424,-67.4518201284796,3.730000000000004,2.9342857142857164,0.3773584905660465,-6.265829754432328,1273812.7,1.1836936466405148,0.3200000000000074,-5.689999999999998,-62.370676913981015,45.109081891319846,83.83,-1.2900000000000063,-1.5155075187969997,0,0,0,84.73,83.1,84.78,0.7869752219744336,82.52,1130053.0,38.86621315192743,84.02,1190425.0,45.42141230068337,83.19,1530202.0,46.61319073083781,84.8,1369404.0,50.18450184501847,90.81,1213822.0,72.87396423898824,1.0138161029061457,0.9891578445841517,1.0070345718565072,1.1175643158233486,2.2198390173970806,1,1,1,0,0,0
2023-04-24 01:19:21.305279,85.13,85.13,81.76,83.83,1389544,83.736,85.229,86.00899999999999,84.49119999999999,84.99789434965032,85.10627835628989,-0.10838400663956804,0.3789153651159216,-0.48729937175548965,39.7172822617419,86.00899999999999,90.52156444771029,81.49643555228968,9.025128895420607,0.258563004999782,21.428571428571367,19.562557356989903,-78.57142857142864,3.3699999999999903,2.945714285714286,-1.3184226015303173,-5.861875350926445,1269158.65,1.09485445338138,-1.1200000000000045,-5.219999999999999,-92.79296501624961,37.01614588850298,83.33,-0.5,-0.5964451866873434,0,0,0,82.68,85.31,82.73,1.1298008674105862,85.12,1507804.0,48.35497835497838,82.52,1130053.0,38.86621315192743,84.02,1190425.0,45.42141230068337,84.95,1103096.0,54.79876160990712,89.05,1253634.0,67.49490835030551,1.001122575714149,0.9746654419886293,0.9921743329482835,0.9723322477433889,2.256282223855154,-1,-1,0,0,0,0
2023-04-25 01:19:21.305279,83.62,85.15,82.17,83.33,813890,83.764,84.75300000000001,86.0365,84.435,84.74129521891378,84.9746992081327,-0.23340398921892813,0.25645149424894753,-0.48985548346787566,43.571785892946465,86.0365,90.47226030390354,81.60073969609647,8.87152060780707,0.194922649718218,16.25258799171836,23.409779763936715,-83.74741200828164,2.980000000000004,2.8514285714285728,0.16828945786753285,-5.403564536269729,1248992.6,0.6516371674259719,0.14000000000000057,-4.760000000000005,-94.53252618429934,37.58799552375168,84.73,1.4000000000000057,1.6800672026881143,1,0,0,83.1,82.61,80.58,1.249051640246195,83.83,1389544.0,39.7172822617419,85.12,1507804.0,48.35497835497838,82.52,1130053.0,38.86621315192743,83.19,1530202.0,46.61319073083781,88.09,957404.0,58.4379358437936,0.9948187765627239,0.9685424209492483,0.9869130100076982,0.9545312985972274,2.217880151951768,1,1,0,0,0,0
2023-04-26 01:19:21.305279,83.21,84.89,83.21,84.73,1287183,83.90599999999999,84.39500000000001,86.0375,84.4242,84.73955749292692,84.95657296156426,-0.21701546863734222,0.16175810167168705,-0.37877357030902925,44.51549434333501,86.0375,90.47201000081976,81.60298999918022,8.86902000163954,0.3525767221453685,30.745341614906827,22.80883367839886,-69.25465838509317,1.6800000000000068,2.8664285714285733,0.8450368959771578,-4.0539010304608745,1249662.55,1.0300244654046806,0.710000000000008,-3.5799999999999983,-65.37192180756547,36.85500334510647,82.68,-2.049999999999997,-2.4194500177032894,0,0,1,85.31,82.96,81.46,1.1237303947129393,83.33,813890.0,43.571785892946465,83.83,1389544.0,39.7172822617419,85.12,1507804.0,48.35497835497838,84.02,1190425.0,45.42141230068337,88.31,1012102.0,59.62703962703961,1.0098205134316975,0.9848031381664972,1.003622184160466,1.0501571311007296,2.2172550004098874,1,1,1,0,0,0
2023-04-27 01:19:21.305279,85.05,85.05,82.24,82.68,1381407,83.938,83.917,85.87,84.35400000000001,84.42270249399641,84.78793465994129,-0.3652321659448745,0.056360048148372505,-0.421592214093247,28.06260118726395,85.87,90.55187546766669,81.18812453233332,9.363750935333371,0.15932455679029375,10.199556541019978,19.065828715881732,-89.80044345898001,2.8100000000000023,2.722857142857144,0.19389238972371645,-5.4653555911273575,1250457.05,1.1047216695687387,0.1600000000000108,-4.779999999999987,-91.60997732426262,29.21892095278396,83.1,0.4199999999999875,0.5079825834542664,1,0,0,82.61,83.43,81.99,1.0633766971312228,84.73,1287183.0,44.51549434333501,83.33,813890.0,43.571785892946465,83.83,1389544.0,39.7172822617419,82.52,1130053.0,38.86621315192743,87.46,1161447.0,56.27586206896548,0.9850127475041103,0.9628508210085013,0.9801550608151361,0.9985339253133624,2.3409377338333415,1,-1,0,0,0,0
2023-04-28 01:19:21.305279,82.55,83.63,82.55,83.1,990979,83.53399999999999,83.747,85.6535,84.288,84.21920980260221,84.66290021976862,-0.4436904171664082,-0.043650044914585344,-0.4000403722518229,32.69342641070389,85.6535,90.43111567928499,80.875884320715,9.555231358569984,0.23276418914652514,17.914438502673676,19.61977888620017,-82.08556149732632,1.0799999999999983,2.6085714285714294,-2.3731203007518915,-2.004716981132079,1230790.45,0.80515655609775,-2.0200000000000102,-1.7000000000000028,-89.94170069152422,29.826331790573064,85.31,2.210000000000008,2.6594464500601784,1,1,0,82.96,84.78,82.44,1.1723352762762533,82.68,1381407.0,28.06260118726395,84.73,1287183.0,44.51549434333501,83.33,813890.0,43.571785892946465,85.12,1507804.0,48.35497835497838,84.8,1369404.0,50.18450184501847,0.9948045107381426,0.9701880250077346,0.9859054669703872,0.7869752219744336,2.388807839642496,-1,-1,0,0,0,0
2023-04-29 01:19:21.305279,84.36,86.48,84.15,85.31,1541569,83.83,83.78299999999999,85.625,84.2318,84.38702367913201,84.71083433306953,-0.32381065393751385,-0.0996821667191718,-0.22412848721834205,42.462039045553155,85.625,90.4037269830939,80.8462730169061,9.557453966187808,0.46704143162871625,47.45989304812837,25.19129603060735,-52.540106951871635,3.3800000000000097,2.7550000000000017,1.7654777525945413,0.4237786933490282,1237154.75,1.2460599613750827,1.480000000000004,0.35999999999999943,-11.030405603939597,37.80476202981041,82.61,-2.700000000000003,-3.1649279099753875,0,0,1,83.43,82.73,83.05,0.8837250703706971,83.1,990979.0,32.69342641070389,82.68,1381407.0,28.06260118726395,84.73,1287183.0,44.51549434333501,83.83,1389544.0,39.7172822617419,84.95,1103096.0,54.79876160990712,1.0176547775259455,0.9963211678832117,1.0128003913011474,1.1298008674105862,2.3893634915469546,1,-1,1,0,0,0
2023-04-30 01:19:21.305279,85.51,85.51,81.76,82.61,1286485,83.686,83.725,85.3385,84.1454,84.11363542079424,84.55521458150652,-0.4415791607122799,-0.16806156551779414,-0.2735175951944857,36.37667304015298,85.3385,90.1189306126235,80.55806938737649,9.56086122524701,0.2146177592458984,11.363636363636303,25.579322638146124,-88.6363636363637,3.75,2.9257142857142875,-0.8640345613824538,-0.6971991825940598,1230813.8,1.0452312120647331,-0.7199999999999989,-0.5799999999999983,-76.02718344019398,31.352640465610648,82.96,0.3499999999999943,0.4236775208812424,1,0,0,84.78,80.58,81.96,1.5190556276850649,85.31,1541569.0,42.462039045553155,83.1,990979.0,32.69342641070389,82.68,1381407.0,28.06260118726395,83.33,813890.0,43.571785892946465,83.19,1530202.0,46.61319073083781,0.9871424133068851,0.9680273264704676,0.9817530132366119,1.249051640246195,2.39021530631175,-1,-1,0,0,0,0
2023-05-01 01:19:21.305279,82.56,83.26,82.56,82.96,1067042,83.332,83.619,85.19149999999999,84.0766,83.93615304835899,84.43704885557587,-0.5008958072168781,-0.2346284138576115,-0.26626739335926664,38.98139079333988,85.19149999999999,90.07884682086008,80.3041531791399,9.774693641720177,0.2717064000373835,22.304832713754454,27.04278737517305,-77.69516728624555,0.7000000000000028,2.722857142857145,-2.08898855187066,-1.2616043799095482,1231827.45,0.8662268404556174,-1.7700000000000102,-1.0600000000000023,-81.80586263461997,31.630746123318886,83.43,0.4700000000000131,0.5665380906461104,1,0,0,82.73,81.46,82.39,1.6460650047922323,82.61,1286485.0,36.37667304015298,85.31,1541569.0,42.462039045553155,83.1,990979.0,32.69342641070389,84.73,1287183.0,44.51549434333501,84.02,1190425.0,45.42141230068337,0.9955359285748572,0.973806072202039,0.9867192536329965,1.1237303947129393,2.443673410430042,-1,-1,0,0,0,0
2023-05-02 01:19:21.305279,82.87,84.41,82.51,83.43,1022362,83.482,83.71000000000001,85.015,84.0298,83.85828334860946,84.36245166037094,-0.5041683117614753,-0.2885363934383846,-0.21563191832309064,46.24245748765774,85.015,89.88837557281266,80.14162442718734,9.746751145625325,0.33738171044703485,32.36434108527137,22.010936720887383,-67.63565891472862,1.8999999999999915,2.664285714285716,0.9071117561683599,1.1027629665535759,1210492.7,0.8445833667563629,0.75,0.9100000000000108,-58.392310894709205,38.23132428034275,84.78,1.3499999999999943,1.6181229773462713,1,0,0,80.58,81.99,82.91,1.5886377812458157,82.96,1067042.0,38.98139079333988,82.61,1286485.0,36.37667304015298,85.31,1541569.0,42.462039045553155,82.68,1381407.0,28.06260118726395,82.52,1130053.0,38.86621315192743,0.9993771112335594,0.9813562312533083,0.992862056080105,1.0633766971312228,2.4366877864063285,1,-1,0,0,0,0
2023-05-03 01:19:21.305279,83.59,85.19,83.59,84.78,1164480,83.818,83.676,84.7135,84.05940000000001,84.00008591036493,84.39338154465729,-0.3932956342923575,-0.30948824160917926,-0.08380739268317822,49.56253216675243,84.7135,88.7519117513804,80.67508824861959,8.076823502760817,0.5082334348370091,63.983050847457555,39.5507415488278,-36.016949152542445,1.759999999999991,2.4892857142857148,2.021660649819503,-0.39943609022556786,1208025.6,0.9639530817889951,1.6800000000000068,-0.3400000000000034,-12.45104280180887,44.892144097901756,82.73,-2.049999999999997,-2.418023118660058,0,0,1,81.46,82.44,81.77,0.8524376810075821,83.43,1022362.0,46.24245748765774,82.96,1067042.0,38.98139079333988,82.61,1286485.0,36.37667304015298,83.1,990979.0,32.69342641070389,85.12,1507804.0,48.35497835497838,1.011477248323749,1.0007849988490618,1.0085725094397533,1.1723352762762533,2.019205875690202,1,-1,1,0,0,0
2023-05-04 01:19:21.305279,84.95,84.95,81.99,82.73,1023135,83.30199999999999,83.566,84.39750000000001,84.03740000000002,83.80468807799751,84.27016670391744,-0.4654786259199284,-0.3406863184713292,-0.1247923074485992,48.83367139959434,84.39750000000001,87.96927753182439,80.82572246817563,7.143555063648762,0.26657280791669524,20.5508474576271,38.96607979678535,-79.4491525423729,2.960000000000008,2.5128571428571442,-3.0242644473098093,-1.3121794107121487,1196500.65,0.8551060962649708,-2.5799999999999983,-1.0999999999999943,-66.78315902946123,46.255417144114986,80.58,-2.1500000000000057,-2.598815423667358,0,0,1,81.99,83.05,84.86,0.943148980809283,84.78,1164480.0,49.56253216675243,83.43,1022362.0,46.24245748765774,82.96,1067042.0,38.98139079333988,85.31,1541569.0,42.462039045553155,83.83,1389544.0,39.7172822617419,0.9931334181652303,0.9802423057555022,0.9844426410145957,0.8837250703706971,1.7858887659121923,-1,-1,0,0,0,0
2023-05-05 01:19:21.305279,82.92,82.92,79.41,80.58,971081,82.896,83.291,84.022,83.9628,83.30858221983637,83.99681816075484,-0.6882359409184744,-0.4101962429607585,-0.2780396979577159,41.82509505703423,84.022,87.53789832797186,80.50610167202815,7.031796655943708,0.010509167370387963,16.54879773691656,33.69423201400041,-83.45120226308345,3.510000000000005,2.597857142857144,-2.457329621111247,-3.300132005280211,1197184.5,0.8111372975510458,-2.030000000000001,-2.75,-180.52472824540553,39.76022330779994,81.46,0.8799999999999955,1.09208240258128,1,0,0,82.44,81.96,85.71,0.5973692325535526,82.73,1023135.0,48.83367139959434,84.78,1164480.0,49.56253216675243,83.43,1022362.0,46.24245748765774,82.61,1286485.0,36.37667304015298,83.33,813890.0,43.571785892946465,0.9720613781123335,0.9590345385732307,0.9597107290371449,1.5190556276850649,1.7579491639859268,-1,-1,0,0,0,0
2023-05-06 01:19:21.305279,80.41,81.66,80.41,81.46,1428289,82.59599999999999,82.96400000000001,83.67949999999999,83.90480000000001,83.02418495524243,83.80890388303986,-0.784718927797428,-0.48510077992809253,-0.2996181478693355,47.40450538687561,83.67949999999999,86.74194123466776,80.61705876533222,6.124882469335546,0.13762569957676632,28.995756718528927,22.031800637690868,-71.00424328147108,1.25,2.490000000000001,-1.8081002892960465,-3.8593178331169717,1217993.85,1.172656988374777,-1.5,-3.2700000000000102,-172.28835978836008,47.37387188675029,81.99,0.5300000000000011,0.6506260741468219,1,0,0,83.05,82.39,83.71,0.4416220103229006,80.58,971081.0,41.82509505703423,82.73,1023135.0,48.83367139959434,84.78,1164480.0,49.56253216675243,82.96,1067042.0,38.98139079333988,84.73,1287183.0,44.51549434333501,0.9862463073272314,0.973476179948494,0.9708622152725468,1.6460650047922323,1.5312206173338867,-1,-1,0,1,0,0
2023-05-07 01:19:21.305279,81.86,82.98,81.37,81.99,895004,82.30799999999999,82.89500000000001,83.40599999999999,83.8644,82.86507957751105,83.67416905288881,-0.8090894753777604,-0.5498985190180263,-0.2591909563597341,41.47138964577655,83.40599999999999,85.98585230095466,80.82614769904532,5.15970460190934,0.22556568461767976,36.49222065063643,27.34559170202731,-63.50777934936357,1.6099999999999994,2.3385714285714294,-1.725997842502711,-0.8345428156749055,1204671.7,0.7429443225071196,-1.440000000000012,-0.6900000000000119,-110.85608758738847,45.28025822524274,82.44,0.45000000000000284,0.5488474204171275,1,0,0,81.96,82.91,84.85,0.43743570956388267,81.46,1428289.0,47.40450538687561,80.58,971081.0,41.82509505703423,82.73,1023135.0,48.83367139959434,83.43,1022362.0,46.24245748765774,82.68,1381407.0,28.06260118726395,0.9961364630412597,0.9830228041148119,0.9776496344098329,1.5886377812458157,1.289926150477335,-1,-1,0,1,0,0
2023-05-08 01:19:21.305279,81.7,83.22,81.49,82.44,856820,81.84,82.829,83.288,83.87979999999999,82.79968271943183,83.58274836336001,-0.7830656439281825,-0.5965319440000577,-0.18653369992812474,46.03083952027413,83.288,85.81472952752516,80.76127047247483,5.053459055050325,0.3321941484511436,42.857142857142826,36.11504007543607,-57.142857142857174,1.730000000000004,2.221428571428573,-2.760084925690025,-0.7942238267147974,1179042.5,0.7267083247635263,-2.3400000000000034,-0.6599999999999966,-81.99395345567068,52.25008694476691,83.05,0.6099999999999994,0.7399320718098004,1,0,0,82.39,81.77,83.24,0.5638971537449392,81.99,895004.0,41.47138964577655,81.46,1428289.0,47.40450538687561,80.58,971081.0,41.82509505703423,84.78,1164480.0,49.56253216675243,83.1,990979.0,32.69342641070389,1.0073313782991202,0.9898184612429162,0.9828349614567513,0.8524376810075821,1.2633647637625813,-1,-1,0,1,0,0
2023-05-09 01:19:21.305279,83.45,83.45,82.81,83.05,643611,81.904,82.603,83.193,83.92020000000001,82.83819307028878,83.54328521799096,-0.7050921477021745,-0.618243984740481,-0.08684816296169351,49.20544835414302,83.193,85.59648956837087,80.78951043162913,4.806979136741745,0.4702515871335925,51.485148514851446,43.61150400754358,-48.514851485148554,1.0100000000000051,2.0807142857142873,0.38680043515048124,-2.6491618802016235,1156068.25,0.5567240515428047,0.3199999999999932,-2.260000000000005,-15.040352164343476,56.969158400074456,81.96,-1.0900000000000034,-1.3124623720650253,0,0,0,82.91,84.86,84.59,1.243772487234579,82.44,856820.0,46.03083952027413,81.99,895004.0,41.47138964577655,81.46,1428289.0,47.40450538687561,82.73,1023135.0,48.83367139959434,85.31,1541569.0,42.462039045553155,1.0139919906231687,0.9982811053814624,0.9896306252844963,0.943148980809283,1.2017447841854378,1,-1,0,1,0,0
2023-05-10 01:19:21.305279,82.49,82.49,81.06,81.96,1003212,82.17999999999999,82.538,83.13149999999999,83.9492,82.70308644408959,83.42600399592754,-0.722917551837952,-0.6391786981599753,-0.08373885367797673,41.998844598497946,83.13149999999999,85.59744723980019,80.66555276019979,4.931894479600402,0.26246450429026347,36.067892503535994,43.47006129184343,-63.932107496464006,1.9899999999999949,2.1028571428571436,1.7125837676842832,-0.7868296816366126,1129718.75,0.8880192525794584,1.3799999999999955,-0.6500000000000057,-113.77089197903173,49.59762918173723,82.39,0.4300000000000068,0.5246461688628683,1,0,0,81.77,85.71,86.59,1.680987804834342,83.05,643611.0,49.20544835414302,82.44,856820.0,46.03083952027413,81.99,895004.0,41.47138964577655,80.58,971081.0,41.82509505703423,82.61,1286485.0,36.37667304015298,0.9973229496227792,0.985907868858375,0.9763047176149384,0.5973692325535526,1.2329736199000976,1,-1,0,1,0,0
2023-05-11 01:19:21.305279,82.38,84.42,80.32,82.39,786832,82.366,82.481,83.05,84.01180000000001,82.65491929884477,83.34926245296154,-0.6943431541167655,-0.6502115893513333,-0.04413156476543223,49.075844486934336,83.05,85.49999677765724,80.60000322234275,4.899993555314495,0.3653059452937105,42.14992927864216,43.23432343234321,-57.85007072135784,4.1000000000000085,2.195000000000001,1.1416646206727312,-0.6870781099324894,1109539.1,0.7091521155045369,0.9300000000000068,-0.5699999999999932,-60.975949614022895,56.97027043715074,82.91,0.519999999999996,0.6311445563781964,1,0,0,84.86,83.71,85.21,1.5566374015813103,81.96,1003212.0,41.998844598497946,83.05,643611.0,49.20544835414302,82.44,856820.0,46.03083952027413,81.46,1428289.0,47.40450538687561,82.96,1067042.0,38.98139079333988,1.0002913823665105,0.9920529801324504,0.9806955689557895,0.4416220103229006,1.2249983888286244,1,-1,0,1,0,0
2023-05-12 01:19:21.305279,83.16,83.42,82.64,82.91,1392017,82.55,82.429,83.06949999999999,84.0892,82.69416248363808,83.31672429474207,-0.6225618111039921,-0.644681633701865,0.02211982259787293,49.3983533882204,83.06949999999999,85.5079160087203,80.63108399127968,4.87683201744062,0.4672943420176075,49.50495049504946,42.57425742574255,-50.49504950495055,1.0300000000000011,2.191428571428573,1.1220880595194558,-0.6232769986815416,1122637.3,1.2399525652675178,0.9200000000000017,-0.5200000000000102,-8.994961989701823,64.69609595251241,81.77,-1.1400000000000006,-1.3749849234109282,0,0,0,85.71,84.85,86.9,1.5232530978146253,82.39,786832.0,49.075844486934336,81.96,1003212.0,41.998844598497946,83.05,643611.0,49.20544835414302,81.99,895004.0,41.47138964577655,83.43,1022362.0,46.24245748765774,1.0043609933373714,0.998079921029981,0.9859767960689362,0.43743570956388267,1.2192080043601583,1,1,0,1,0,0
2023-05-13 01:19:21.305279,81.83,81.83,81.76,81.77,1339833,82.416,82.128,82.902,84.13019999999999,82.55198364000087,83.20215147679552,-0.6501678367946511,-0.6457788743204222,-0.004388962474228819,37.97554347826085,82.902,85.203757680786,80.600242319214,4.6035153615719935,0.2541009617455793,38.68852459016387,43.44780145461851,-61.31147540983613,1.1499999999999915,2.0321428571428575,-0.8127122755943736,-3.550365652276486,1114238.75,1.2024649115820105,-0.6700000000000017,-3.010000000000005,-96.40001091732721,55.14730429101295,84.86,3.0900000000000034,3.7788920141861357,1,1,0,83.71,83.24,87.66,0.9905200654211326,82.91,1392017.0,49.3983533882204,82.39,786832.0,49.075844486934336,81.96,1003212.0,41.998844598497946,82.44,856820.0,46.03083952027413,84.78,1164480.0,49.56253216675243,0.9921617161716172,0.9863453233938867,0.9719458648618452,0.5638971537449392,1.150878840393001,-1,-1,0,1,0,0
2023-05-14 01:19:21.305279,81.34,84.96,81.34,84.86,1240524,82.77799999999999,82.341,82.9535,84.17200000000001,82.90706308000196,83.32495571417952,-0.41789263417756217,-0.6002016262918503,0.18230899211428808,57.44540039708801,82.9535,85.38511003625699,80.52188996374302,4.863220072513968,0.8920242085640302,94.2906574394464,60.82804417488658,-5.709342560553603,3.6199999999999903,2.0228571428571422,2.179409993979533,2.5746403964704405,1106787.75,1.120832788400486,1.8100000000000023,2.1299999999999955,60.86226052082555,63.771184834136115,85.71,0.8499999999999943,1.0016497761018082,1,0,0,84.85,84.59,89.14,0.9713907555674379,81.77,1339833.0,37.97554347826085,82.91,1392017.0,49.3983533882204,82.39,786832.0,49.075844486934336,83.05,643611.0,49.20544835414302,82.73,1023135.0,48.83367139959434,1.0251516103312475,1.022982755399109,1.0081737394858146,1.243772487234579,1.2158050181284954,1,1,0,0,0,0
2023-05-15 01:19:21.305279,84.47,86.25,84.47,85.71,1550253,83.52799999999999,82.854,83.07249999999999,84.2242,83.33828414461831,83.50162651789626,-0.163342373277942,-0.5128297756890686,0.34948740241112664,58.80845611787315,83.07249999999999,85.79699995412085,80.34800004587913,5.448999908241717,0.9840337758146652,92.10526315789464,75.02814839583498,-7.89473684210535,1.7800000000000011,2.099999999999999,4.575402635431918,6.366344005956807,1143605.9,1.355583247690485,3.75,5.1299999999999955,177.4781743839097,71.99827845416797,83.71,-2.0,-2.333450005833625,0,0,1,83.24,86.59,92.57,1.290767213715123,84.86,1240524.0,57.44540039708801,81.77,1339833.0,37.97554347826085,82.91,1392017.0,49.3983533882204,81.96,1003212.0,41.998844598497946,80.58,971081.0,41.82509505703423,1.0261229767263673,1.0317493755454574,1.0176410105409135,1.680987804834342,1.3622499770604282,1,1,0,0,0,0
2023-05-16 01:19:21.305279,86.06,86.06,83.45,83.71,1429613,83.792,83.079,83.02149999999999,84.227,83.39547119929256,83.51706165994094,-0.12159046064837753,-0.4345819126809304,0.31299145203255285,50.81680280046671,83.02149999999999,85.6519234199888,80.39107658001117,5.260846839977631,0.6308724661527938,62.86549707602332,83.0871392244548,-37.13450292397668,2.6099999999999994,2.150714285714286,1.6021361815754258,2.7620918242082007,1150727.4,1.2423559220020313,1.3199999999999932,2.25,97.53865861469328,63.50866299487764,84.85,1.1400000000000006,1.3618444630271183,1,0,0,84.59,85.21,92.16,1.204815338548579,85.71,1550253.0,58.80845611787315,84.86,1240524.0,57.44540039708801,81.77,1339833.0,37.97554347826085,82.39,786832.0,49.075844486934336,81.46,1428289.0,47.40450538687561,0.9990213862898605,1.0082930325277188,0.9938618257803316,1.5566374015813103,1.315211709994407,1,-1,0,1,0,0
2023-05-17 01:19:21.305279,83.58,84.92,83.58,84.85,1071344,84.17999999999999,83.36499999999998,83.13000000000001,84.2542,83.61924486094033,83.61579824372221,0.0034466172181168986,-0.3469762067011209,0.3504228239192378,50.206733608978126,83.13000000000001,85.87752328662212,80.3824767133779,5.495046573244224,0.8130091760049475,79.53216374268999,78.167641325536,-20.467836257310015,1.3400000000000034,2.1207142857142864,2.3398866240501723,3.4882302719843876,1135224.25,0.94372895927831,1.9399999999999977,2.8599999999999994,90.88560949150114,63.28504547824965,83.24,-1.6099999999999994,-1.8974661166764872,0,0,0,86.59,86.9,90.82,1.4983090468931897,83.71,1429613.0,50.81680280046671,85.71,1550253.0,58.80845611787315,84.86,1240524.0,57.44540039708801,82.91,1392017.0,49.3983533882204,81.99,895004.0,41.47138964577655,1.0079591351865052,1.02069048478287,1.0070714575653201,1.5232530978146253,1.3737616433110589,1,1,0,0,0,0
2023-05-18 01:19:21.305279,85.94,85.94,81.79,83.24,690055,84.474,83.445,83.137,84.3124,83.56089949771862,83.58796122963425,-0.027061731915623,-0.2829933117440213,0.2559315798283983,51.546391752577286,83.137,85.88491480753646,80.38908519246354,5.495829615072921,0.5187414834909557,55.994152046783576,66.13060428849897,-44.005847953216424,4.1499999999999915,2.2057142857142855,1.7977253271370908,0.9704027171276046,1120178.05,0.6160226046207564,1.4699999999999989,0.7999999999999972,33.45649983204686,64.65210401089573,84.59,1.3500000000000085,1.6218164344065458,1,0,0,85.21,87.66,89.25,1.2595038705784374,84.85,1071344.0,50.206733608978126,83.71,1429613.0,50.81680280046671,85.71,1550253.0,58.80845611787315,81.77,1339833.0,37.97554347826085,82.44,856820.0,46.03083952027413,0.9853919549210407,1.0012389188929116,0.9872806372490879,0.9905200654211326,1.3739574037682323,1,1,0,1,0,0
2023-05-19 01:19:21.305279,83.35,87.22,81.98,84.59,1620605,84.41999999999999,83.599,83.101,84.39779999999999,83.719222651916,83.6621865882686,0.0570360636474021,-0.2149874366657366,0.2720235003131387,62.77884002549395,83.101,85.74598651872085,80.45601348127914,5.289973037441712,0.7814759148035471,61.88405797101459,65.80345792016273,-38.11594202898541,5.239999999999995,2.3292857142857133,-0.31817110534998355,1.8543046357615969,1124129.85,1.441652848200766,-0.269999999999996,1.5400000000000063,102.7240518092579,72.12997573492781,86.59,2.0,2.3643456673365644,1,1,0,86.9,89.14,87.84,1.4445933683920091,83.24,690055.0,51.546391752577286,84.85,1071344.0,50.206733608978126,83.71,1429613.0,50.81680280046671,84.86,1240524.0,57.44540039708801,83.05,643611.0,49.20544835414302,1.0020137408197112,1.017917955259263,1.0022773105460097,0.9713907555674379,1.322493259360425,-1,-1,0,0,0,0
2023-05-20 01:19:21.305279,84.56,87.72,84.56,86.59,958804,84.596,84.062,83.29999999999998,84.5204,84.16088070546795,83.87906237147813,0.28181833398981837,-0.11562628253462559,0.39744461652444396,65.25877453896491,83.29999999999998,86.3563411217722,80.24365887822776,6.112682243544441,1.0382252616639063,84.72972972972981,67.53597991584267,-15.270270270270197,3.1599999999999966,2.4657142857142844,1.0267180025668063,5.64909712054662,1107745.8,0.8655451458267772,0.8800000000000097,4.63000000000001,181.01465794788746,71.41509713324355,85.21,-1.3800000000000097,-1.5937175193440463,0,0,0,87.66,92.57,87.74,2.777414265103841,84.59,1620605.0,62.77884002549395,83.24,690055.0,51.546391752577286,84.85,1071344.0,50.206733608978126,85.71,1550253.0,58.80845611787315,81.96,1003212.0,41.998844598497946,1.0235708544139204,1.039495798319328,1.0244863961836432,1.290767213715123,1.5281705608861131,1,1,0,0,0,0
2023-05-21 01:19:21.305279,86.03,86.03,84.89,85.21,830056,84.896,84.344,83.4125,84.5354,84.32228367385767,83.97765064519635,0.3446330286613204,-0.02357442029543637,0.3682074489567568,59.116647791619464,83.4125,86.57977261054016,80.24522738945983,6.334545221080333,0.7837614915145309,66.08108108108104,70.89828959394181,-33.91891891891896,1.7000000000000028,2.472142857142856,1.7919006092462073,3.4227454788202367,1095896.5,0.7574218915746149,1.5,2.819999999999993,110.15983321751186,65.87208261675661,86.9,1.690000000000012,1.983335289285309,1,0,0,89.14,92.16,88.39,2.5788912346205035,86.59,958804.0,65.25877453896491,84.59,1620605.0,62.77884002549395,83.24,690055.0,51.546391752577286,83.71,1429613.0,50.81680280046671,82.39,786832.0,49.075844486934336,1.0036986430456087,1.021549527948449,1.0079800888148633,1.204815338548579,1.5836363052700821,1,1,0,0,0,0
2023-05-22 01:19:21.305279,84.86,86.96,84.86,86.9,1402189,85.306,84.74300000000001,83.586,84.5898,84.71885541634146,84.19412158020403,0.524733836137429,0.08608723099113674,0.4386466051462922,61.7989417989418,83.586,87.11663226781414,80.05536773218586,7.061264535628283,0.9693210377941379,88.91891891891902,79.90990990990996,-11.081081081080981,2.0999999999999943,2.498571428571427,2.4160282852092063,4.812447231938258,1114887.85,1.2576951125622187,2.0500000000000114,3.990000000000009,134.7277556440906,67.1518340101396,87.66,0.7599999999999909,0.8745684695051678,1,0,0,92.57,90.82,88.92,2.064800232468645,85.21,830056.0,59.116647791619464,86.59,958804.0,65.25877453896491,84.59,1620605.0,62.77884002549395,84.85,1071344.0,50.206733608978126,82.91,1392017.0,49.3983533882204,1.0186856727545543,1.0396477879070658,1.0273106213751542,1.4983090468931897,1.7653161339070675,1,1,0,0,0,0
2023-05-23 01:19:21.305279,86.88,87.69,86.88,87.66,1575506,86.19,85.33200000000001,83.72999999999999,84.6484,85.17133919844312,84.45085398753663,0.7204852109064888,0.21296682697420719,0.5075183839322815,62.09973753280838,83.72999999999999,87.67615335685187,79.78384664314811,7.892306713703761,0.9979532781178124,99.18918918918916,84.72972972972974,-0.8108108108108408,0.8100000000000023,2.484285714285712,5.309947140797696,7.2031307325424985,1135439.15,1.387574138164956,4.420000000000002,5.890000000000001,167.4427302477799,69.09124403929519,89.14,1.480000000000004,1.688341318731467,1,0,0,92.16,89.25,90.44,1.59219031525839,86.9,1402189.0,61.7989417989418,85.21,830056.0,59.116647791619464,86.59,958804.0,65.25877453896491,83.24,690055.0,51.546391752577286,81.77,1339833.0,37.97554347826085,1.017055342847198,1.0469365818702974,1.0355777545706712,1.2595038705784374,1.9730766784259433,1,1,0,0,0,0
2023-05-24 01:19:21.305279,88.04,93.06,87.75,89.14,1446266,87.1,85.76,84.0505,84.737,85.78190239868304,84.7981989791084,0.9837034195746384,0.3671141454942935,0.6165892740803449,68.46707818930041,84.0505,88.64297198656368,79.45802801343632,9.18494397312736,1.0541133418876032,69.23076923076924,85.7796257796258,-30.76923076923076,5.400000000000006,2.727857142857142,5.3788863931906805,5.043601225547962,1156595.7,1.2504507841417707,4.549999999999997,4.280000000000001,220.0461643907191,75.66561049480806,92.57,3.4299999999999926,3.8478797397352396,1,1,0,90.82,87.84,90.5,1.986018630326155,87.66,1575506.0,62.09973753280838,86.9,1402189.0,61.7989417989418,85.21,830056.0,59.116647791619464,84.59,1620605.0,62.77884002549395,84.86,1240524.0,57.44540039708801,1.0234213547646385,1.0605528818983825,1.0519607727439018,1.4445933683920091,2.2962359932818366,1,1,0,0,0,0
2023-05-25 01:19:21.305279,88.86,92.79,88.86,92.57,1497140,88.29599999999999,86.446,84.64999999999999,84.9328,86.82622510657853,85.37388923654647,1.4523358700320586,0.5841584904018466,0.8681773796302119,72.6827094474153,84.64999999999999,90.33526812773272,78.96473187226727,11.370536255465453,1.1965370693218722,95.81911262798627,88.07969034931489,-4.18088737201373,3.930000000000007,2.7157142857142844,6.906109250490807,8.003733520009334,1182898.65,1.2656536551123803,5.97999999999999,6.859999999999999,223.68792478231546,76.79891808834054,92.16,-0.4099999999999966,-0.44290806956897116,0,0,0,89.25,87.74,93.18,1.9179728882344702,89.14,1446266.0,68.46707818930041,87.66,1575506.0,62.09973753280838,86.9,1402189.0,61.7989417989418,86.59,958804.0,65.25877453896491,85.71,1550253.0,58.80845611787315,1.0484053637763886,1.0935617247489664,1.0899205018555846,2.777414265103841,2.8426340638663667,1,1,0,0,0,0
2023-05-26 01:19:21.305279,91.7,92.68,91.54,92.16,1163028,89.68599999999999,87.291,85.185,85.0818,87.64680585941298,85.87656515323434,1.7702407061786403,0.8213749335572055,0.9488657726214348,70.71204657411553,85.185,91.57628189102381,78.7937181089762,12.782563782047617,1.0456651825822285,92.32081911262794,85.79023365712783,-7.679180887372063,1.1400000000000006,2.7235714285714274,8.156319680788645,10.094373432086972,1169635.6,0.9943507191470573,6.950000000000003,8.450000000000003,198.72319605573838,76.67256422943201,90.82,-1.3400000000000034,-1.4539930555555591,0,0,0,87.84,88.39,92.73,1.2743508151221117,92.57,1497140.0,72.6827094474153,89.14,1446266.0,68.46707818930041,87.66,1575506.0,62.09973753280838,85.21,830056.0,59.116647791619464,83.71,1429613.0,50.81680280046671,1.0275851303436434,1.0818806127839409,1.083192880263464,2.5788912346205035,3.1956409455119066,1,1,1,0,0,0
2023-05-27 01:19:21.305279,91.88,91.88,90.61,90.82,1316430,90.47,87.888,85.6265,85.1776,88.13498957334964,86.24274621732638,1.8922433560232577,1.035548618050416,0.8566947379728416,70.0843320017754,85.6265,92.30209664197275,78.95090335802723,13.35119328394552,0.8889914473970694,80.8873720136518,89.67576791808868,-19.1126279863482,1.5499999999999972,2.7521428571428563,4.5109321058688,7.03594578668238,1190706.9,1.1055869416730517,3.9199999999999875,5.969999999999999,143.81414892884203,76.16010721156539,89.25,-1.5699999999999932,-1.7286941202378256,0,0,0,87.74,88.92,97.82,0.6592192351580389,92.16,1163028.0,70.71204657411553,92.57,1497140.0,72.6827094474153,89.14,1446266.0,68.46707818930041,86.9,1402189.0,61.7989417989418,84.85,1071344.0,50.206733608978126,1.003868685752183,1.0606529520650734,1.0662427680516944,2.064800232468645,3.337798320986378,1,1,1,0,0,0
2023-05-28 01:19:21.305279,91.22,91.22,88.55,89.25,1324688,90.78799999999998,88.489,85.967,85.214,88.30652963898821,86.46550615393055,1.8410234850576614,1.1966435914518652,0.6443798936057963,60.447405997144216,85.967,92.65295102080724,79.28104897919276,13.371902041614476,0.7455148108162198,66.19343389529722,79.800541673859,-33.80656610470278,2.6700000000000017,2.684285714285714,1.813826146475021,7.220086496876508,1214100.3,1.0910861318459437,1.5900000000000034,6.010000000000005,93.0552815048668,68.79051146193088,87.84,-1.4099999999999966,-1.5798319327731056,0,0,0,88.39,90.44,99.1,1.0985809028025089,90.82,1316430.0,70.0843320017754,92.16,1163028.0,70.71204657411553,92.57,1497140.0,72.6827094474153,87.66,1575506.0,62.09973753280838,83.24,690055.0,51.546391752577286,0.9830594351676435,1.0381890725510952,1.0473631093482292,1.59219031525839,3.34297551040362,1,1,1,0,0,0
2023-05-29 01:19:21.305279,89.53,89.53,87.23,87.84,1214400,90.52799999999999,88.814,86.2065,85.25319999999999,88.23475584837462,86.56732068097246,1.6674351674021608,1.2908019066419243,0.3766332607602365,54.937413073713515,86.2065,92.79494690587855,79.61805309412146,13.176893811757083,0.6239670003671508,53.68234250221827,66.9210494703891,-46.31765749778173,2.299999999999997,2.721428571428571,-1.458380076284493,3.842061709421917,1242639.75,0.977274387045803,-1.2999999999999972,3.25,50.41961548261952,61.311694068931224,87.74,-0.10000000000000853,-0.11384335154827928,0,0,0,88.92,90.5,97.45,1.234269014438278,89.25,1324688.0,60.447405997144216,90.82,1316430.0,70.0843320017754,92.16,1163028.0,70.71204657411553,89.14,1446266.0,68.46707818930041,84.59,1620605.0,62.77884002549395,0.9703075291622483,1.018948687163961,1.030342556056547,1.986018630326155,3.2942234529392693,-1,1,1,0,0,0
2023-05-30 01:19:21.305279,88.1,88.55,87.34,87.74,1031260,89.562,88.929,86.49549999999999,85.24119999999999,88.15863956400926,86.65418594848914,1.50445361552012,1.3335322484175636,0.17092136710255645,60.244026436197245,86.49549999999999,92.8006306593583,80.19036934064168,12.610261318716624,0.5986894695158195,52.795031055900544,57.556935817805346,-47.20496894409946,1.2099999999999937,2.6214285714285706,-5.217673112239385,1.328097932786686,1244042.15,0.8289590509453398,-4.829999999999998,1.1499999999999915,36.224116516087115,62.533153172743205,88.39,0.6500000000000057,0.740825165261005,1,0,0,90.44,93.18,95.41,1.8645052963192588,87.84,1214400.0,54.937413073713515,89.25,1324688.0,60.447405997144216,90.82,1316430.0,70.0843320017754,92.57,1497140.0,72.6827094474153,86.59,958804.0,65.25877453896491,0.9796565507692995,1.0143880317473164,1.0293144629592264,1.9179728882344702,3.152565329679156,-1,1,1,0,0,0
2023-05-31 01:19:21.305279,87.95,90.57,86.26,88.39,1060711,88.80799999999999,89.247,86.79549999999999,85.291,88.19423347723863,86.78276494909505,1.4114685281435726,1.3491195043627655,0.06234902378080709,59.228362877997924,86.79549999999999,92.84387855610044,80.74712144389954,12.09675711220089,0.6318121861264606,58.56255545696537,55.013309671694735,-41.43744454303464,4.309999999999988,2.833571428571427,-4.090711805555551,3.7319563431522207,1257736.1,0.8433494116929616,-3.769999999999996,3.180000000000007,43.323277004747105,62.61493018286862,88.92,0.5300000000000011,0.5996153411019359,1,0,0,90.5,92.73,96.38,1.7689488404141775,87.74,1031260.0,60.244026436197245,87.84,1214400.0,54.937413073713515,89.25,1324688.0,60.447405997144216,92.16,1163028.0,70.71204657411553,85.21,830056.0,59.116647791619464,0.995293216827313,1.0183707680697733,1.036334431534394,1.2743508151221117,3.0241892780502213,-1,1,1,0,0,0
2023-06-01 01:19:21.305279,88.42,89.92,86.99,88.92,909545,88.42800000000001,89.44899999999998,87.096,85.3302,88.30588986535578,86.94107886403128,1.3648110013244974,1.352257803755112,0.012553197569385333,65.69060773480663,87.096,92.92476857988851,81.2672314201115,11.657537159777007,0.6564652957996566,62.63537906137183,57.99765519141258,-37.36462093862817,2.930000000000007,2.7464285714285706,-2.092050209205012,2.324510932105864,1233612.5,0.737302029608163,-1.8999999999999915,2.019999999999996,42.90365917526203,66.93459991899373,90.44,1.519999999999996,1.709401709401705,1,0,0,93.18,97.82,96.0,3.004975873447712,88.39,1060711.0,59.228362877997924,87.74,1031260.0,60.244026436197245,87.84,1214400.0,54.937413073713515,90.82,1316430.0,70.0843320017754,86.9,1402189.0,61.7989417989418,1.0055638485547562,1.0209424083769634,1.0420695134899485,0.6592192351580389,2.9143842899442487,-1,1,1,0,0,0
2023-06-02 01:19:21.305279,89.55,90.96,89.55,90.44,1114301,88.666,89.727,87.5295,85.32279999999999,88.63421450145493,87.20025852191866,1.4339559795362788,1.3685974389113456,0.06535854062493329,66.00985221674875,87.5295,92.96692770066878,82.09207229933122,10.874855401337555,0.7676357425076219,69.17647058823523,63.45813503552415,-30.82352941176476,2.039999999999992,2.517857142857142,1.3333333333333308,3.1713438284280184,1222335.9,0.9116160296036466,1.1899999999999977,2.780000000000001,82.4749228395064,66.12977888295953,90.5,0.060000000000002274,0.06634232640424843,1,0,0,92.73,99.1,97.41,3.637303946607021,88.92,909545.0,65.69060773480663,88.39,1060711.0,59.228362877997924,87.74,1031260.0,60.244026436197245,89.25,1324688.0,60.447405997144216,87.66,1575506.0,62.09973753280838,1.0200076692305957,1.033251646587722,1.059974590613529,1.0985809028025089,2.718713850334391,1,1,1,0,0,0
2023-06-03 01:19:21.305279,90.57,91.29,89.81,90.5,669009,89.19800000000001,89.863,87.8115,85.3518,88.92125842430805,87.44468409120249,1.4765743331055603,1.3901928177501885,0.08638151535537175,61.971830985915474,87.8115,93.2510018154239,82.37199818457609,10.87900363084782,0.7471274108574303,68.78048780487804,66.86411248482837,-31.21951219512197,1.480000000000004,2.3978571428571422,3.028233151183967,1.5256899259591647,1193760.15,0.5604216223836924,2.6599999999999966,1.3599999999999994,81.28723843030926,65.62097951496023,93.18,2.680000000000007,2.9613259668508363,1,1,0,97.82,97.45,98.39,2.9006257945490277,90.44,1114301.0,66.00985221674875,88.92,909545.0,65.69060773480663,88.39,1060711.0,59.228362877997924,87.84,1214400.0,54.937413073713515,89.14,1446266.0,68.46707818930041,1.014596739837216,1.0306167187669042,1.060317415684262,1.234269014438278,2.7197509077119517,1,1,1,0,0,0
2023-06-04 01:19:21.305279,91.3,95.02,91.3,93.18,1276038,90.286,89.92399999999999,88.185,85.45360000000001,89.57644943595304,87.86952274861761,1.7069266873354252,1.453539591667236,0.2533870956681892,72.60351673284177,88.185,94.02782375856775,82.34217624143226,11.685647517135493,0.9274474300782632,81.88976377952766,73.28224072421365,-18.110236220472338,4.519999999999996,2.5992857142857133,6.200136767722832,0.6589607864319041,1180049.4,1.0813428658156177,5.440000000000012,0.6100000000000136,141.6205881445952,71.35542641199908,92.73,-0.45000000000000284,-0.48293625241468424,0,0,0,99.1,95.41,98.29,2.490275085207102,90.5,669009.0,61.971830985915474,90.44,1114301.0,66.00985221674875,88.92,909545.0,65.69060773480663,87.74,1031260.0,60.244026436197245,92.57,1497140.0,72.6827094474153,1.0320536960326077,1.0566422861030789,1.090416319499705,1.8645052963192588,2.9214118792838764,1,1,1,0,0,0
2023-06-05 01:19:21.305279,92.7,93.2,92.14,92.73,850213,91.154,89.981,88.636,85.54199999999999,90.06161106119107,88.22955844736427,1.8320526138268036,1.5292421960991498,0.3028104177276538,67.78523489932886,88.636,94.41657873627848,82.85542126372151,11.561157472556971,0.854116792346964,73.85844748858453,74.84289969099676,-26.141552511415462,1.0600000000000023,2.5249999999999995,4.910057698834713,0.6184895833333414,1151079.4,0.7386223747901318,4.340000000000003,0.5700000000000074,115.60524577790318,65.22200644396699,97.82,5.089999999999989,5.48905424350263,1,1,0,97.45,96.38,96.68,1.407860078276011,93.18,1276038.0,72.60351673284177,90.5,669009.0,61.971830985915474,90.44,1114301.0,66.00985221674875,88.39,1060711.0,59.228362877997924,92.16,1163028.0,70.71204657411553,1.0172894222963338,1.0461889074416717,1.0840288980851513,1.7689488404141775,2.8902893681392405,1,1,1,0,0,0
2023-06-06 01:19:21.305279,92.32,98.49,92.32,97.82,1328315,92.934,90.68100000000001,89.2845,85.7492,91.25520935946946,88.93996215892315,2.3152472005463096,1.686443196988582,0.6288040035577276,74.51737451737452,89.2845,96.09505983478276,82.47394016521723,13.62111966956553,1.1266371786653757,94.52166802943579,83.42329309918267,-5.478331970564205,6.170000000000002,2.9078571428571425,10.008996851102104,7.707553402334288,1163927.95,1.1412347302081713,8.899999999999991,7.0,185.0786951551918,64.98762978889266,99.1,1.2800000000000011,1.3085258638315285,1,0,0,95.41,96.0,93.8,1.4524014596533845,92.73,850213.0,67.78523489932886,93.18,1276038.0,72.60351673284177,90.5,669009.0,61.971830985915474,88.92,909545.0,65.69060773480663,90.82,1316430.0,70.0843320017754,1.052574945660361,1.095598900145042,1.1407686602323985,3.004975873447712,3.405279917391385,1,1,1,0,0,0
2023-06-07 01:19:21.305279,97.64,101.7,97.27,99.1,1166112,94.666,91.66600000000001,90.0775,86.03519999999999,92.46210022724345,89.69255817605458,2.7695420511888784,1.9030629678286417,0.8664790833602367,74.26900584795321,90.0775,97.58263894117313,82.57236105882687,15.010277882346259,1.101088139121758,83.16062176165798,83.84691242655944,-16.839378238342025,4.430000000000007,2.838571428571428,9.575409111012823,11.036414565826325,1187730.8,0.9817982323940745,8.659999999999997,9.849999999999994,230.64436792916868,64.64459086866123,97.45,-1.6499999999999915,-1.664984863773957,0,0,0,96.38,97.41,93.0,0.8914314331474046,97.82,1328315.0,74.51737451737452,92.73,850213.0,67.78523489932886,93.18,1276038.0,72.60351673284177,90.44,1114301.0,66.00985221674875,89.25,1324688.0,60.447405997144216,1.0468383580166056,1.1001637478837667,1.1518541248233283,3.637303946607021,3.7525694705865664,1,1,1,0,0,0
2023-06-08 01:19:21.305279,98.66,100.04,95.19,97.45,1444831,96.056,92.627,90.7205,86.28519999999999,93.2294694230522,90.26718393572436,2.962285487327833,2.11490747172848,0.8473780155993529,63.0202774813234,90.7205,98.44640849708047,82.99459150291953,15.451816994160936,0.935515124372946,72.4740932642487,83.3854610184475,-27.5259067357513,4.8500000000000085,2.904285714285714,7.679558011049727,10.940346083788706,1178942.1,1.2255317712379599,6.950000000000003,9.61,161.58214474379284,55.09915343264049,95.41,-2.0400000000000063,-2.093381221139052,0,0,1,96.0,98.39,94.64,1.1848080013247997,99.1,1166112.0,74.26900584795321,97.82,1328315.0,74.51737451737452,92.73,850213.0,67.78523489932886,90.5,669009.0,61.971830985915474,87.84,1214400.0,54.937413073713515,1.0145123677854586,1.074178383055649,1.1293941487068468,2.9006257945490277,3.862954248540233,1,1,1,0,0,0
2023-06-09 01:19:21.305279,97.13,97.13,94.62,95.41,1392841,96.502,93.39399999999999,91.1615,86.52960000000002,93.56493566565955,90.64813354352853,2.916802122131017,2.2752864018089873,0.6415157203220296,57.977417771232204,91.1615,98.90157554702671,83.4214244529733,15.480151094053411,0.7744482256140267,59.26165803108804,71.63212435233159,-40.73834196891196,2.8299999999999983,3.0249999999999995,2.3932174286327426,8.741736950079785,1200643.95,1.1600783063122087,2.2299999999999898,7.670000000000002,104.60400988324918,46.92731601889428,96.38,0.9699999999999989,1.0166649198197244,1,0,0,97.41,98.29,95.1,1.08587752532381,97.45,1444831.0,63.0202774813234,99.1,1166112.0,74.26900584795321,97.82,1328315.0,74.51737451737452,93.18,1276038.0,72.60351673284177,87.74,1031260.0,60.244026436197245,0.9886841723487596,1.04660410370606,1.1026284647103417,2.490275085207102,3.8700377735133533,1,1,1,0,0,0
2023-06-10 01:19:21.305279,95.49,96.94,95.49,96.38,787394,97.232,94.193,91.72,86.77679999999998,93.99802248632733,91.07271652234289,2.9253059639844423,2.4052903142440787,0.5200156497403636,63.900000000000006,91.72,99.26133312240971,84.17866687759029,15.082666244819421,0.8089639407489116,65.54404145077714,65.7599309153713,-34.45595854922285,1.5300000000000011,3.0235714285714286,3.936158740429194,9.039484104536706,1198510.85,0.6569769476847038,3.6499999999999915,7.989999999999995,102.97324965504961,53.61306583224885,96.0,-0.37999999999999545,-0.3942726706785593,0,0,0,98.39,96.68,92.77,1.0295775832851872,95.41,1392841.0,57.977417771232204,97.45,1444831.0,63.0202774813234,99.1,1166112.0,74.26900584795321,92.73,850213.0,67.78523489932886,88.39,1060711.0,59.228362877997924,0.9912374526904723,1.050806803314435,1.1106655235039782,1.407860078276011,3.7706665612048584,1,1,1,0,0,0
2023-06-11 01:19:21.305279,96.67,96.82,94.69,96.0,841766,96.86800000000001,94.901,92.175,87.04639999999999,94.30601902689236,91.43770070519254,2.8683183216998174,2.4978959157352265,0.37042240596459086,67.94258373205741,92.175,99.58887177774459,84.76112822225541,14.827743555489178,0.7579623788127898,63.082901554404124,62.629533678756445,-36.91709844559588,2.1299999999999955,2.9849999999999994,-1.8605602126354461,7.9622132253711175,1170489.7,0.7191571185974555,-1.8199999999999932,7.079999999999998,82.99671670754515,55.06714083756611,97.41,1.4099999999999966,1.4687499999999964,1,0,0,98.29,93.8,93.14,1.875481271568263,96.38,787394.0,63.900000000000006,95.41,1392841.0,57.977417771232204,97.45,1444831.0,63.0202774813234,97.82,1328315.0,74.51737451737452,88.92,909545.0,65.69060773480663,0.9910393525209562,1.0414971521562246,1.1028600838173666,1.4524014596533845,3.7069358888722936,-1,1,1,0,0,0
2023-06-12 01:19:21.305279,96.41,99.51,95.39,97.41,1335954,96.53,95.598,92.6625,87.29220000000001,94.78355456121663,91.88009349418566,2.9034610670309746,2.579008945994376,0.3244521210365985,75.43859649122805,92.6625,100.10848761608844,85.21651238391155,14.89197523217689,0.8187958565591852,72.2150259067357,66.94732297063901,-27.784974093264292,4.1200000000000045,3.1149999999999998,-1.705348133198787,7.7067669172932325,1158512.1,1.153163613914779,-1.6899999999999977,6.969999999999999,104.74765338049247,63.29073697633015,98.39,0.980000000000004,1.0060568730109887,1,0,0,96.68,93.0,93.91,2.5126420357868726,96.0,841766.0,67.94258373205741,96.38,787394.0,63.900000000000006,95.41,1392841.0,57.977417771232204,99.1,1166112.0,74.26900584795321,90.44,1114301.0,66.00985221674875,1.009116336890086,1.0512343180898422,1.1159072631919003,0.8914314331474046,3.722993808044223,-1,1,1,0,0,0
2023-06-13 01:19:21.305279,97.07,98.8,97.07,98.39,903150,96.718,96.387,93.125,87.5834,95.33839232102946,92.36230904185571,2.97608327917375,2.658423812630251,0.31765946654349886,77.04418486541394,93.125,100.79546420059609,85.45453579940391,15.340928401192173,0.843199567999473,78.5621761658031,71.28670120898099,-21.43782383419691,1.730000000000004,3.152142857142858,0.9645972293483814,8.718232044198896,1131356.3,0.798289628121574,0.9399999999999977,7.890000000000001,104.1267749661994,69.59146966479878,98.29,-0.09999999999999432,-0.10163634515702237,0,0,0,93.8,94.64,92.29,2.1690136006957426,97.41,1335954.0,75.43859649122805,96.0,841766.0,67.94258373205741,96.38,787394.0,63.900000000000006,97.45,1444831.0,63.0202774813234,90.5,669009.0,61.971830985915474,1.0172873715337372,1.056536912751678,1.1233863951388048,1.1848080013247997,3.8352321002980467,1,1,1,0,0,0
2023-06-14 01:19:21.305279,97.89,99.53,96.43,98.29,964639,97.294,96.898,93.411,87.8826,95.79248581010185,92.80139747255146,2.9910883375503943,2.72495671761428,0.2661316199361141,75.86206896551728,93.411,101.41368875868702,85.40831124131299,16.00537751737403,0.8048350465150723,76.81849082256971,75.86523096503619,-23.181509177430286,3.0999999999999943,3.0657142857142867,3.018551514516308,5.484009444086713,1104731.25,0.8731888411774357,2.8800000000000097,5.109999999999999,91.76553308481034,62.98034032648542,96.68,-1.6099999999999994,-1.6380099704954718,0,0,0,93.0,95.1,92.62,1.393585304171591,98.39,903150.0,77.04418486541394,97.41,1335954.0,75.43859649122805,96.0,841766.0,67.94258373205741,95.41,1392841.0,57.977417771232204,93.18,1276038.0,72.60351673284177,1.0102370135876828,1.0522315359004828,1.1184238973357639,1.08587752532381,4.001344379343506,1,1,1,0,0,0
2023-06-15 01:19:21.305279,98.46,98.46,94.36,96.68,1274369,97.354,97.293,93.637,88.1216,95.92902645470157,93.08870149165591,2.84032496304566,2.7480303667005566,0.0922945963451034,69.18892185954503,93.637,101.74552988168013,85.52847011831987,16.217059763360254,0.6876419057710547,58.68312757201652,71.35459818679645,-41.31687242798348,4.099999999999994,3.1492857142857145,0.3112678979041413,4.259678636902839,1110298.3,1.1477717294532468,0.30000000000001137,3.950000000000003,55.20296366359265,55.680219516438164,93.8,-2.8800000000000097,-2.9788994621431626,0,0,1,94.64,92.77,92.78,1.0096137875459705,98.29,964639.0,75.86206896551728,98.39,903150.0,77.04418486541394,97.41,1335954.0,75.43859649122805,96.38,787394.0,63.900000000000006,92.73,850213.0,67.78523489932886,0.9930768124576289,1.0324978373933382,1.0971203427990415,1.0295775832851872,4.054264940840063,1,1,1,0,0,0
2023-06-16 01:19:21.305279,96.99,96.99,93.5,93.8,1104300,96.914,96.89099999999999,93.786,88.344,95.60148392320902,93.1413902918179,2.4600936313911177,2.690443019638669,-0.23034938824755136,57.78498609823911,93.786,101.78535892168172,85.78664107831828,15.998717843363437,0.5008750701235601,33.55761143818331,56.35307661092319,-66.4423885618167,3.489999999999995,3.252857142857143,-2.2916666666666696,-4.109589041095886,1099691.8,1.0041904468142802,-2.200000000000003,-4.019999999999996,19.345057904398544,48.69959831303434,93.0,-0.7999999999999972,-0.8528784648187604,0,0,0,95.1,93.14,90.7,1.0615554625185175,96.68,1274369.0,69.18892185954503,98.29,964639.0,75.86206896551728,98.39,903150.0,77.04418486541394,96.0,841766.0,67.94258373205741,97.82,1328315.0,74.51737451737452,0.9678684194234063,1.0001492760113448,1.0617585800959886,1.875481271568263,3.999679460840856,-1,1,1,0,0,0
2023-06-17 01:19:21.305279,93.95,93.95,92.59,93.0,1105378,96.03200000000001,96.28099999999999,93.9735,88.542,95.2012556273307,93.13091693286229,2.070338694468404,2.5664221546046164,-0.4960834601362123,55.600358422939074,93.9735,101.69620275840853,86.25079724159147,15.445405516817061,0.43697154801535976,16.346153846153864,36.1956309521179,-83.65384615384613,1.3599999999999994,3.244285714285714,-4.527255928549427,-6.155398587285565,1088726.3,1.0152946612936602,-4.409999999999997,-6.099999999999994,-15.602043556417524,43.34166515505406,94.64,1.6400000000000006,1.7634408602150546,1,0,0,92.77,93.91,91.4,0.9799846937595132,93.8,1104300.0,57.78498609823911,96.68,1274369.0,69.18892185954503,98.29,964639.0,75.86206896551728,97.41,1335954.0,75.43859649122805,99.1,1166112.0,74.26900584795321,0.9684271909363544,0.9896406965793548,1.050348986921461,2.5126420357868726,3.8613513792042657,-1,1,1,0,0,0
2023-06-18 01:19:21.305279,93.36,95.69,93.36,94.64,909474,95.282,96.0,94.3135,88.72859999999999,95.11490860774136,93.24270090335223,1.872207704389126,2.4275792645615186,-0.5553715601723925,53.430451127819545,94.3135,101.47778356134526,87.14921643865475,14.328567122690515,0.5227866469273788,26.150627615062756,25.351464299799986,-73.84937238493724,2.6899999999999977,3.113571428571429,-3.8113629433885556,-2.883530015392511,1073480.0,0.8472202556172449,-3.75,-2.8100000000000023,6.942863646710509,42.08561211016136,95.1,0.45999999999999375,0.48605240912932557,1,0,0,93.14,92.29,92.47,1.099759064524072,93.0,1105378.0,55.600358422939074,93.8,1104300.0,57.78498609823911,96.68,1274369.0,69.18892185954503,98.39,903150.0,77.04418486541394,97.45,1444831.0,63.0202774813234,0.9932621061690561,1.0034618585886432,1.0666233886255392,2.1690136006957426,3.5821417806726323,-1,1,1,0,0,0
2023-06-19 01:19:21.305279,94.16,95.24,94.16,95.1,927545,94.644,95.96900000000001,94.6815,88.97840000000001,95.11261497578114,93.38027865933196,1.732336316449178,2.2885306749390506,-0.5561943584898725,55.565993424142775,94.6815,101.14601455416769,88.21698544583231,12.929029108335385,0.5323690198616837,29.637526652452006,24.044769371222884,-70.36247334754799,1.0799999999999983,3.1149999999999998,-3.245498016074892,-0.32491353107640947,1068294.25,0.8682486122152206,-3.190000000000012,-0.3100000000000023,5.966451296597733,47.72152194400223,92.77,-2.3299999999999983,-2.45005257623554,0,0,1,93.91,92.62,94.52,0.6193787209799909,94.64,909474.0,53.430451127819545,93.0,1105378.0,55.600358422939074,93.8,1104300.0,57.78498609823911,98.29,964639.0,75.86206896551728,95.41,1392841.0,57.977417771232204,1.0048180550272598,1.004420082064606,1.0687987196892728,1.393585304171591,3.2322572770838427,-1,1,1,0,0,0
2023-06-20 01:19:21.305279,95.25,95.25,90.76,92.77,1308104,93.862,95.608,94.9005,89.1746,94.7522126718148,93.3350728189882,1.4171398528266081,2.114252510516562,-0.6971126576899538,36.373448461953586,94.9005,100.73350761997871,89.06749238002128,11.666015239957432,0.3173755171600674,18.37294332723941,24.720365864918065,-81.62705667276059,4.489999999999995,2.9949999999999997,-4.044269755895749,-3.7455903714463576,1080663.9,1.2104633087123573,-3.910000000000011,-3.6099999999999994,-55.86461150567679,39.322576304324016,93.14,0.37000000000000455,0.39883583054867366,1,0,0,92.29,92.78,96.56,0.6186840874006779,95.1,927545.0,55.565993424142775,94.64,909474.0,53.430451127819545,93.0,1105378.0,55.600358422939074,96.68,1274369.0,69.18892185954503,96.38,787394.0,63.900000000000006,0.9883658988728133,0.9775501709685408,1.0403186557607211,1.0096137875459705,2.916503809989361,-1,1,1,0,0,0
2023-06-21 01:19:21.305279,93.06,95.21,92.33,93.14,721037,93.72999999999999,95.322,95.1115,89.3688,94.50417995307406,93.320622976482,1.1835569765920582,1.9281134037316612,-0.744556427139603,33.08740068104427,95.1115,100.30373012627555,89.91926987372446,10.384460252551094,0.31014901573573084,25.64655172413788,24.552340567943105,-74.35344827586212,2.8799999999999955,2.884285714285713,-0.7036247334754762,-2.979166666666666,1071238.5,0.6730872723487813,-0.6599999999999966,-2.8599999999999994,-49.99725832099581,37.27989305380413,93.91,0.769999999999996,0.826712475842813,1,0,0,92.62,90.7,93.95,1.1572596942790156,92.77,1308104.0,36.373448461953586,95.1,927545.0,55.565993424142775,94.64,909474.0,53.430451127819545,93.8,1104300.0,57.78498609823911,96.0,841766.0,67.94258373205741,0.9937053238024113,0.9792716969031084,1.0421981720689995,1.0615554625185175,2.59611506313777,-1,1,1,0,0,0
2023-06-22 01:19:21.305279,93.32,95.33,92.4,93.91,1170158,93.912,94.972,95.285,89.5514,94.41276765260112,93.36428054514491,1.0484871074562108,1.752188144476571,-0.7037010370203602,39.426523297491016,95.285,100.0328549173055,90.5371450826945,9.495709834611006,0.35519776573329476,35.917901938426375,26.64579899660123,-64.08209806157362,2.9299999999999926,2.7471428571428547,0.9784946236559103,-3.593060260753516,1074031.35,1.0895007859872992,0.9099999999999966,-3.5,-49.70090480055349,45.91398044083363,92.29,-1.6199999999999903,-1.7250559045894904,0,0,0,92.78,91.4,92.23,0.8829042983261082,93.14,721037.0,33.08740068104427,92.77,1308104.0,36.373448461953586,95.1,927545.0,55.565993424142775,93.0,1105378.0,55.600358422939074,97.41,1335954.0,75.43859649122805,0.9999787034670755,0.985569606968568,1.048671489222949,0.9799846937595132,2.3739274586527532,1,1,1,0,0,0
2023-06-23 01:19:21.305279,94.02,94.02,90.38,92.29,1167843,93.44200000000001,94.362,95.3745,89.74259999999998,94.0861880137394,93.2847041892861,0.8014838244532996,1.5620472804719168,-0.7605634560186172,40.441176470588246,95.3745,99.79904148679991,90.94995851320009,8.84908297359982,0.15143280843876955,20.874316939890818,27.479590200818365,-79.12568306010918,3.6400000000000006,2.8049999999999975,-2.4830938292476694,-6.199817054578712,1098973.05,1.0626675513107442,-2.3499999999999943,-6.099999999999994,-117.6811594202901,46.76550854322933,92.62,0.3299999999999983,0.35756853396900884,1,0,0,90.7,92.47,93.23,0.9032607596938542,93.91,1170158.0,39.426523297491016,93.14,721037.0,33.08740068104427,92.77,1308104.0,36.373448461953586,94.64,909474.0,53.430451127819545,98.39,903150.0,77.04418486541394,0.9876714967573468,0.9676590702965678,1.0283856273386331,1.099759064524072,2.212270743399955,-1,1,1,0,0,0
2023-06-24 01:19:21.305279,92.13,94.93,90.97,92.62,1146243,92.946,93.795,95.3465,89.98339999999999,93.86062062701026,93.23546683094234,0.6251537960679201,1.3746685835911177,-0.7495147875231976,38.01020408163266,95.3465,99.83612441284498,90.85687558715503,8.97924882568995,0.19635544654922715,24.480874316939975,27.09103106508573,-75.51912568306003,3.960000000000008,2.978571428571427,-2.6077812828601368,-5.768643809136231,1092483.3,1.049208715593181,-2.4799999999999898,-5.670000000000002,-93.13854030093091,47.920031450444,92.78,0.1599999999999966,0.172748866335561,1,0,0,91.4,94.52,94.23,1.4603355778733678,92.29,1167843.0,40.441176470588246,93.91,1170158.0,39.426523297491016,93.14,721037.0,33.08740068104427,95.1,927545.0,55.565993424142775,98.29,964639.0,75.86206896551728,0.9964925870935812,0.9714042990565989,1.0293009599548364,0.6193787209799909,2.244812206422488,-1,-1,1,0,0,0
2023-06-25 01:19:21.305279,92.86,95.24,90.31,92.78,1061424,92.94800000000001,93.405,95.349,90.2098,93.69437129977791,93.20172854019661,0.492642759581301,1.1982634187891543,-0.7056206592078533,39.586028460543325,95.349,99.8325413634634,90.8654586365366,8.967082726926805,0.21350771725505766,26.789587852494567,24.04825970310846,-73.21041214750544,4.929999999999993,3.1785714285714266,0.010779346771591158,-4.033926354985525,1103043.85,0.9622681818134428,0.010000000000005116,-3.9000000000000057,-95.90687194892892,47.32319725025809,90.7,-2.0799999999999983,-2.2418624703599894,0,0,1,92.47,96.56,95.25,2.3994999479063996,92.62,1146243.0,38.01020408163266,92.29,1167843.0,40.441176470588246,93.91,1170158.0,39.426523297491016,92.77,1308104.0,36.373448461953586,96.68,1274369.0,69.18892185954503,0.9981925377630503,0.9730568752687495,1.0284913612489996,0.6186840874006779,2.241770681731702,1,1,1,0,0,0
2023-06-26 01:19:21.305279,92.94,92.94,86.91,90.7,1496422,92.46000000000001,93.095,94.99300000000001,90.384,93.23369879211977,93.01641527953744,0.21728351258232692,1.002067437547789,-0.784783924965462,29.200247985120896,94.99300000000001,99.77141242078903,90.21458757921098,9.556824841578049,0.05079222742235228,30.031695721077696,27.100719296837422,-69.96830427892232,6.030000000000001,3.3149999999999977,-2.619712261112302,-3.3049040511727017,1111449.2,1.3463701264979093,-2.4399999999999977,-3.0999999999999943,-164.9477517955002,38.089337380555655,91.4,0.7000000000000028,0.7717750826901906,1,0,0,94.52,93.95,102.64,1.9802398844591724,92.78,1061424.0,39.586028460543325,92.62,1146243.0,38.01020408163266,92.29,1167843.0,40.441176470588246,93.14,721037.0,33.08740068104427,93.8,1104300.0,57.78498609823911,0.980964741509842,0.9548071963197288,1.00349619401664,1.1572596942790156,2.3892062103945113,-1,-1,1,0,0,0
2023-06-27 01:19:21.305279,90.99,92.56,90.85,91.4,1101602,91.958,92.935,94.60799999999999,90.5632,92.95159128563981,92.89668079317262,0.0549104924671866,0.8126360485316684,-0.7577255560644818,27.949526813880112,94.60799999999999,99.23140772021694,89.98459227978304,9.246815440433892,0.15306974918389266,35.57844690966726,30.79991016107985,-64.42155309033275,1.8599999999999994,3.3242857142857116,-2.6727718027898955,-1.7204301075268755,1108223.7,0.9940249427981012,-2.509999999999991,-1.5999999999999943,-108.47316434606682,38.616769755352365,92.47,1.0699999999999932,1.1706783369802989,1,0,0,96.56,92.23,103.86,1.7525495713396801,90.7,1496422.0,29.200247985120896,92.78,1061424.0,39.586028460543325,92.62,1146243.0,38.01020408163266,93.91,1170158.0,39.426523297491016,93.0,1105378.0,55.600358422939074,0.993932012440462,0.9660916624386946,1.0092399561852938,0.8829042983261082,2.3117038601084765,-1,-1,1,0,0,0
2023-06-28 01:19:21.305279,92.3,93.19,91.94,92.47,1031275,91.994,92.718,94.359,90.7516,92.8775003186183,92.86507480330819,0.012425515310113155,0.6525939418873574,-0.6401684265772443,32.69916765755049,94.359,98.87306177230707,89.84493822769292,9.028123544614147,0.2907649368481554,48.13852813852817,37.91622358975772,-51.86147186147183,1.789999999999992,3.2307142857142828,0.1950373821649069,-2.2928994082840255,1087545.9,0.9482588275124757,0.1799999999999926,-2.1700000000000017,-68.05937328202269,45.188326084818556,94.52,2.049999999999997,2.216935222234235,1,1,0,93.95,93.23,106.27,1.620515350128752,91.4,1101602.0,27.949526813880112,90.7,1496422.0,29.200247985120896,92.78,1061424.0,39.586028460543325,92.29,1167843.0,40.441176470588246,94.64,909474.0,53.430451127819545,1.0051742504945975,0.9799807119617631,1.018935203346277,0.9032607596938542,2.2570308861535366,1,-1,1,0,0,0
2023-06-29 01:19:21.305279,93.4,94.52,93.4,94.52,1246069,92.374,92.66,94.3145,91.00280000000001,93.1301925772924,92.9876618735358,0.1425307037566057,0.550581294261207,-0.40805059050460135,43.742757821552686,94.3145,98.80240878507479,89.8265912149252,8.975817570149587,0.522894850345825,75.49603174603176,53.07100226474241,-24.503968253968246,2.049999999999997,3.084285714285712,2.0513927877348213,-0.6098843322818068,1080207.3,1.1535461758127352,1.8999999999999915,-0.5799999999999983,-6.2612655345795085,53.50304290776624,96.56,2.0400000000000063,2.1582733812949706,1,1,0,92.23,94.23,108.35,1.6067669401636648,92.47,1031275.0,32.69916765755049,91.4,1101602.0,27.949526813880112,90.7,1496422.0,29.200247985120896,92.62,1146243.0,38.01020408163266,95.1,927545.0,55.565993424142775,1.0232316452681491,1.0021788802358067,1.038649360239465,1.4603355778733678,2.243954392537396,1,-1,1,0,0,0
2023-06-30 01:19:21.305279,94.16,97.26,94.16,96.56,1324420,93.13,93.039,94.3235,91.2862,93.65785525770895,93.25227954975081,0.40557570795813547,0.5215801770005928,-0.11600446904245731,58.404384896467754,94.3235,98.82953466709326,89.81746533290674,9.01206933418652,0.7481671985718124,93.23671497584539,72.29042495346845,-6.763285024154611,3.1000000000000085,3.0564285714285697,4.0741539124811395,4.085372426430965,1107058.6,1.196341368017917,3.780000000000001,3.7900000000000063,64.90138472874867,61.36435032356364,93.95,-2.6099999999999994,-2.7029826014913003,0,0,1,93.23,95.25,109.82,1.1288578298452288,94.52,1246069.0,43.742757821552686,92.47,1031275.0,32.69916765755049,91.4,1101602.0,27.949526813880112,92.78,1061424.0,39.586028460543325,92.77,1308104.0,36.373448461953586,1.0368302373026952,1.0237109522017314,1.0577721495691572,2.3994999479063996,2.253017333546628,1,1,1,0,0,0
2023-07-01 01:19:21.305279,96.82,96.82,92.68,93.95,1280305,93.78,93.12,94.22099999999999,91.50699999999999,93.7028006026768,93.30396255279618,0.39883804988062366,0.49703175157659896,-0.0981937016959753,52.605595172792114,94.22099999999999,98.65921633210009,89.78278366789989,8.876432664200195,0.4694697171429053,68.01932367149759,78.91735679779158,-31.980676328502412,4.139999999999986,3.2549999999999977,3.583241455347299,0.8696585784840051,1128985.55,1.134031343448107,3.25,0.8100000000000023,10.123528372870739,60.620417876347034,92.23,-1.7199999999999989,-1.830761043108035,0,0,0,94.23,102.64,109.18,4.138221840356439,96.56,1324420.0,58.404384896467754,94.52,1246069.0,43.742757821552686,92.47,1031275.0,32.69916765755049,90.7,1496422.0,29.200247985120896,93.14,721037.0,33.08740068104427,1.0018127532522927,0.9971237834453043,1.0266974111270177,1.9802398844591724,2.2191081660500473,1,-1,1,0,0,0
2023-07-02 01:19:21.305279,93.79,93.79,91.7,92.23,1190683,93.946,92.95200000000001,93.962,91.71620000000001,93.47621589457269,93.22440976151493,0.25180613305775523,0.44798662787283017,-0.19618049481507494,43.41889677771709,93.962,98.21745148819899,89.70654851180102,8.510902976397972,0.29649632890856603,51.4009661835749,70.88566827697264,-48.59903381642509,2.25,3.223571428571426,0.9080962800875255,-1.7889468640187336,1121722.0,1.061477799312129,0.8299999999999983,-1.6799999999999926,-60.52821248385428,53.93634981505816,93.23,1.0,1.0842459069717012,1,0,0,95.25,103.86,110.89,5.006812359176573,93.95,1280305.0,52.605595172792114,96.56,1324420.0,58.404384896467754,94.52,1246069.0,43.742757821552686,91.4,1101602.0,27.949526813880112,93.91,1170158.0,39.426523297491016,0.9817341877248633,0.9815670164534599,1.0056020637575476,1.7525495713396801,2.127725744099496,1,-1,1,0,0,0
2023-07-03 01:19:21.305279,92.95,94.64,91.85,93.23,967608,94.098,93.046,93.704,91.88359999999999,93.43833652617688,93.22482385330079,0.21351267287609232,0.40109183687348254,-0.18757916399739022,45.03978779840851,93.704,97.42066177326325,89.98733822673674,7.433323546526509,0.43623309990031534,61.06280193236717,60.16103059581323,-38.93719806763283,2.7900000000000063,3.345714285714284,0.8218881799502596,1.0185285513056646,1124944.9,0.8601381276540745,0.7600000000000051,0.9399999999999977,-24.839625272760088,54.00528180612055,94.23,1.0,1.0726161106939827,1,0,0,102.64,106.27,109.23,5.385745073803953,92.23,1190683.0,43.41889677771709,93.95,1280305.0,52.605595172792114,96.56,1324420.0,58.404384896467754,92.47,1031275.0,32.69916765755049,92.29,1167843.0,40.441176470588246,0.9907755744011563,0.9949415179714848,1.014653322246843,1.620515350128752,1.8583308866316248,1,-1,1,0,0,0
2023-07-04 01:19:21.305279,93.25,94.91,93.25,94.23,975177,94.04,93.207,93.501,92.054,93.56013090676505,93.29928135334627,0.2608495534187796,0.373043380182542,-0.11219382676376244,54.1666666666667,93.501,96.54577395237267,90.45622604762734,6.089547904745331,0.6197133204965708,70.72463768115944,61.06280193236719,-29.275362318840564,1.6799999999999926,3.1449999999999982,-0.30681337283113846,1.7382854675016188,1125471.8,0.8664606256682753,-0.28999999999999204,1.6099999999999994,34.14348462664714,61.29924826678556,95.25,1.019999999999996,1.082457815982167,1,0,0,103.86,108.35,108.77,4.996791970855282,93.23,967608.0,45.03978779840851,92.23,1190683.0,43.41889677771709,93.95,1280305.0,52.605595172792114,94.52,1246069.0,43.742757821552686,92.62,1146243.0,38.01020408163266,1.0020204168438962,1.0077967080565984,1.0236382992591306,1.6067669401636648,1.5223869761863311,-1,-1,1,0,0,0
2023-07-05 01:19:21.305279,94.35,96.33,93.18,95.25,827488,93.77799999999999,93.454,93.42949999999999,92.28479999999999,93.82011076726275,93.44377904470777,0.3763317225549798,0.37370104865702963,0.0026306738979501865,55.80627407815081,93.42949999999999,96.21617109459801,90.64282890540197,5.57334218919604,0.8266442178140543,80.5797101449275,70.78904991948473,-19.420289855072497,3.1499999999999915,3.164285714285712,-1.3566694283347165,2.6622116835524885,1103127.75,0.7501288948628116,-1.3100000000000023,2.469999999999999,91.37822529893116,61.58717488494061,102.64,7.390000000000001,7.758530183727035,1,1,0,106.27,109.82,107.77,2.9950075125121334,94.23,975177.0,54.1666666666667,93.23,967608.0,45.03978779840851,92.23,1190683.0,43.41889677771709,96.56,1324420.0,58.404384896467754,92.78,1061424.0,39.586028460543325,1.0156966452686131,1.0194852803450731,1.0321309684801832,1.1288578298452288,1.3933355472990128,-1,-1,1,0,0,0
2023-07-06 01:19:21.305279,96.15,104.41,96.15,102.64,2125461,95.51599999999999,94.648,93.8715,92.64059999999999,95.17701680306847,94.1249806573275,1.0520361457409706,0.509368068073818,0.5426680776671526,67.60790641387658,93.8715,98.84881813223424,88.89418186776575,9.95463626446849,1.3808458457992872,89.88571428571431,80.39668737060043,-10.11428571428569,9.159999999999997,3.609285714285712,9.249600851516762,13.164277839029765,1154185.8,1.8415241289574,8.689999999999998,11.939999999999998,347.62376355761336,64.11507605088792,103.86,1.2199999999999989,1.1886204208885414,1,0,0,108.35,109.18,108.0,2.4336043228109747,95.25,827488.0,55.80627407815081,94.23,975177.0,54.1666666666667,93.23,967608.0,45.03978779840851,93.95,1280305.0,52.605595172792114,90.7,1496422.0,29.200247985120896,1.0745843628292644,1.0934096078149385,1.1079375565356875,4.138221840356439,2.4886590661171195,1,1,1,0,0,0
2023-07-07 01:19:21.305279,102.6,104.2,102.6,103.86,870405,97.84200000000001,95.894,94.4145,93.05300000000001,96.51286037182716,94.84609326040805,1.6667671114191052,0.7408478767428754,0.9259192346762297,73.71873718737187,94.4145,101.07607394077516,87.75292605922485,13.323147881550312,1.2089540763170525,96.85714285714288,89.10752242926158,-3.1428571428571264,1.6000000000000085,3.463571428571427,12.60977989808088,13.632385120350103,1142437.15,0.7618843627415303,11.629999999999995,12.459999999999994,319.5599423158291,70.54383712956752,106.27,2.4099999999999966,2.320431349894085,1,1,0,109.82,110.89,113.05,1.7395602892697972,102.64,2125461.0,67.60790641387658,95.25,827488.0,55.80627407815081,94.23,975177.0,54.1666666666667,92.23,1190683.0,43.41889677771709,91.4,1101602.0,27.949526813880112,1.0615073281412888,1.1000428959534816,1.1161381148377805,5.006812359176573,3.330786970387577,1,1,1,0,0,0
2023-07-08 01:19:21.305279,103.26,107.47,103.26,106.27,1093532,100.45,97.274,94.996,93.4866,98.01395877616145,95.69230863875337,2.3216501374080707,1.0570083288759147,1.264641808532156,75.78390630902909,94.996,103.51258295698167,86.47941704301832,17.03316591396336,1.1618851748962218,94.16342412451361,93.63542708912361,-5.836575875486394,4.209999999999994,3.481428571428569,13.986914083449525,14.923759056991454,1151640.05,0.9495432188208459,13.039999999999992,13.799999999999997,267.7482609862326,70.71340548424476,108.35,2.0799999999999983,1.9572786299049576,1,0,0,109.18,109.23,108.89,0.9396967596009242,103.86,870405.0,73.71873718737187,102.64,2125461.0,67.60790641387658,95.25,827488.0,55.80627407815081,93.23,967608.0,45.03978779840851,92.47,1031275.0,32.69916765755049,1.0579392732702837,1.11867868120763,1.1367404526424107,5.385745073803953,4.258291478490843,1,1,1,0,0,0
2023-07-09 01:19:21.305279,106.61,109.22,106.61,108.35,1052118,103.274,98.657,95.6585,93.9218,99.6041189644443,96.6299154722217,2.9742034922225997,1.4404473615452518,1.533756130677348,77.42162733356815,95.6585,106.06161952202156,85.25538047797845,20.80623904404311,1.1099853016748649,96.10040340654413,95.70699012940021,-3.8995965934558696,2.950000000000003,3.3399999999999985,14.984612119282595,14.631823952602623,1157868.7,0.9086677962708553,14.11999999999999,13.829999999999998,227.5235460413924,77.13989964772429,109.82,1.4699999999999989,1.3567143516382085,1,0,0,110.89,108.77,110.43,0.8234500592048587,106.27,1093532.0,75.78390630902909,103.86,870405.0,73.71873718737187,102.64,2125461.0,67.60790641387658,94.23,975177.0,54.1666666666667,94.52,1246069.0,43.742757821552686,1.0491508027189804,1.1326750889884327,1.1536192875349491,4.996791970855282,5.201559761010778,1,1,1,0,0,0
2023-07-10 01:19:21.305279,108.49,111.58,108.49,109.82,1314263,106.18799999999999,99.983,96.511,94.414,101.1757929699144,97.60695883422682,3.568834135687581,1.866124716373718,1.702709419313863,84.41324694024478,96.511,108.57868438084874,84.44331561915125,24.135368761697492,1.0514313923026195,91.50988904968642,93.9245721935814,-8.490110950313579,3.230000000000004,3.1399999999999983,15.296587926509178,13.732394366197173,1158176.65,1.1347690354489535,14.569999999999993,13.259999999999991,195.05539511996759,85.65130010160915,109.18,-0.6399999999999864,-0.5827718084137556,0,0,0,109.23,107.77,106.93,1.1271734560414615,108.35,1052118.0,77.42162733356815,106.27,1093532.0,75.78390630902909,103.86,870405.0,73.71873718737187,95.25,827488.0,55.80627407815081,96.56,1324420.0,58.404384896467754,1.034203488153087,1.1379013791174062,1.1631749528671596,2.9950075125121334,6.033842190424375,1,1,1,0,0,0
2023-07-11 01:19:21.305279,109.53,109.6,108.8,109.18,999063,107.49600000000001,101.506,97.313,94.85960000000001,102.40720943608142,98.46422119451357,3.9429882415678463,2.281497421412544,1.6614908201553025,82.0707070707071,97.313,110.51597908966366,84.11002091033635,26.405958179327314,0.9494061499078809,87.92756539235417,91.84595261619491,-12.072434607645835,1.019999999999996,3.0799999999999983,6.371784879189406,16.210750399148488,1172077.95,0.8523861403586681,6.540000000000006,15.230000000000004,147.04750972358738,78.98738890809551,110.89,1.7099999999999937,1.5662209195823353,1,0,0,108.77,108.0,105.97,1.241740713677549,109.82,1314263.0,84.41324694024478,108.35,1052118.0,77.42162733356815,106.27,1093532.0,75.78390630902909,102.64,2125461.0,67.60790641387658,93.95,1280305.0,52.605595172792114,1.015665699188807,1.121946708045174,1.150964161771713,2.4336043228109747,6.601489544831829,1,1,1,0,0,0
2023-07-12 01:19:21.305279,109.06,111.47,109.06,110.89,1406342,108.902,103.372,98.162,95.3242,103.71225413822273,99.38464930558774,4.327604832634989,2.690718903657033,1.6368859289779563,82.47531734837803,98.162,112.57217272258478,83.75182727741523,28.82034544516955,0.9416324580222295,96.52917505030182,91.98887649744749,-3.4708249496981787,2.4099999999999966,3.124285714285713,6.768727132678606,20.23202862409194,1183887.15,1.1879020732677097,7.030000000000001,18.659999999999997,134.09117541557436,79.7373226621107,109.23,-1.6599999999999966,-1.4969789881864881,0,0,0,107.77,113.05,108.33,2.142353845657729,109.18,999063.0,82.0707070707071,109.82,1314263.0,84.41324694024478,108.35,1052118.0,77.42162733356815,103.86,870405.0,73.71873718737187,92.23,1190683.0,43.41889677771709,1.0182549448127673,1.1296632097960513,1.1632932665577052,1.7395602892697972,7.20508636129239,1,1,1,0,0,0
2023-07-13 01:19:21.305279,110.79,110.88,107.98,109.23,1014866,109.494,104.97200000000001,99.009,95.726,104.5611381169577,100.11393457992628,4.447203537031413,3.0420158303319096,1.4051877066995035,76.29603146228106,99.009,113.94764067655242,84.07035932344758,29.87728135310485,0.84209939917903,88.1790744466801,90.87860496311204,-11.820925553319894,2.9099999999999966,3.185714285714284,2.785358050249372,17.161857771103723,1176238.3,0.862806456820867,2.960000000000008,16.0,105.30221172829624,73.02674742461592,108.77,-0.46000000000000796,-0.42112972626568523,0,0,0,108.0,108.89,108.53,2.1530397116645235,110.89,1406342.0,82.47531734837803,109.18,999063.0,82.0707070707071,109.82,1314263.0,84.41324694024478,106.27,1093532.0,75.78390630902909,93.23,967608.0,45.03978779840851,0.9975889089813141,1.1032330394206589,1.141069301966028,0.9396967596009242,7.469320338276211,1,1,1,0,0,0
2023-07-14 01:19:21.305279,109.09,109.28,108.33,108.77,1098162,109.578,106.426,99.81649999999999,96.05,105.20865532973342,100.75512464174611,4.45353068798731,3.3243188018629906,1.1292118861243199,73.13376278893521,99.81649999999999,115.04418154589351,84.58881845410647,30.455363091787035,0.7939876294699147,85.86519114688127,90.19114688128775,-14.134808853118727,0.9500000000000028,3.0321428571428553,0.3876326718966329,15.430330043510551,1173834.25,0.9355341267304136,0.4200000000000017,14.539999999999992,87.95457001188575,65.72872181928089,107.77,-1.0,-0.9193711501333088,0,0,0,113.05,110.43,106.24,2.1794770014855605,109.23,1014866.0,76.29603146228106,110.89,1406342.0,82.47531734837803,109.18,999063.0,82.0707070707071,108.35,1052118.0,77.42162733356815,94.23,975177.0,54.1666666666667,0.9926262570954023,1.0896995987637315,1.132431025507548,0.8234500592048587,7.613840772946755,1,1,1,0,0,0
2023-07-15 01:19:21.305279,108.74,108.74,106.88,107.77,925003,109.168,107.678,100.566,96.36219999999999,105.60270835592827,101.27474506169261,4.3279632942356585,3.525047700337525,0.8029155938981334,77.88539144471349,100.566,115.81102804195476,85.32097195804525,30.490056083909508,0.736273753651826,80.83501006036215,84.95975855130786,-19.16498993963784,1.8900000000000006,2.8714285714285706,-1.8666909488253483,13.144356955380573,1167013.2,0.7926242822274847,-2.049999999999997,12.519999999999996,70.50772731958361,66.57846448460174,108.0,0.23000000000000398,0.21341746311589865,1,0,0,108.89,106.93,104.77,2.381512124681387,108.77,1098162.0,73.13376278893521,109.23,1014866.0,76.29603146228106,110.89,1406342.0,82.47531734837803,109.82,1314263.0,84.41324694024478,95.25,827488.0,55.80627407815081,0.9871940495383261,1.0716345484557404,1.1183845947892432,1.1271734560414615,7.6225140209773805,-1,1,1,0,0,0
2023-07-16 01:19:21.305279,107.12,109.04,107.12,108.0,1450404,108.93199999999999,108.21399999999998,101.431,96.7058,105.97152245501624,101.77291211461132,4.198610340404926,3.6597602283510056,0.5388501120539204,83.85573207385147,101.431,116.27697113520549,86.58502886479451,29.691942270410976,0.7212384740672971,81.85504308160164,82.8517480962817,-18.144956918398368,1.9200000000000017,2.847857142857142,-1.0807840263784638,5.222135619641464,1164712.3,1.2452895019654209,-1.1800000000000068,5.359999999999999,66.2914749926594,74.01746555423253,113.05,5.049999999999997,4.675925925925923,1,1,0,110.43,105.97,106.25,2.8244787129671196,107.77,925003.0,77.88539144471349,108.77,1098162.0,73.13376278893521,109.23,1014866.0,76.29603146228106,109.18,999063.0,82.0707070707071,102.64,2125461.0,67.60790641387658,0.9914442037234239,1.064763238063314,1.1167892722049764,1.241740713677549,7.422985567602744,-1,1,1,0,0,0
2023-07-17 01:19:21.305279,107.56,115.31,107.56,113.05,1230412,109.36399999999999,109.133,102.5135,97.18180000000001,107.06051900039836,102.60825198972678,4.4522670106715765,3.81826158481512,0.6340054258564565,86.24725676664231,102.5135,117.43686673598913,87.59013326401086,29.84673347197827,0.853020206043393,89.78761861726161,84.1592239197418,-10.21238138273839,7.75,3.202142857142856,1.9478762737848285,8.84844983631812,1171152.8,1.050599033704227,2.1599999999999966,9.189999999999998,95.40527147530807,74.72830616993592,108.89,-4.159999999999997,-3.679787704555503,0,0,1,106.93,108.33,104.75,1.7328589094338518,108.0,1450404.0,83.85573207385147,107.77,925003.0,77.88539144471349,108.77,1098162.0,73.13376278893521,110.89,1406342.0,82.47531734837803,103.86,870405.0,73.71873718737187,1.0337039610840861,1.1027815848644325,1.1632836601091971,2.142353845657729,7.46168336799457,1,1,1,0,0,0
2023-07-18 01:19:21.305279,113.38,113.38,108.23,108.89,1430417,109.296,109.39500000000001,103.3345,97.6028,107.34197761572169,103.073566673532,4.268410942189689,3.9082914562900344,0.3601194858996548,74.03278688524591,103.3345,117.7286851929314,88.94031480706862,28.788370385862777,0.6929772309282278,70.98960686850428,80.87742285578918,-29.01039313149572,5.1499999999999915,3.449999999999999,-0.31126979767463464,2.465418274207212,1191109.9,1.200911015851686,-0.3400000000000034,2.6200000000000045,71.77371852825947,66.91451251855224,110.43,1.5400000000000063,1.4142712829460982,1,0,0,105.97,108.53,105.26,1.6995058105238319,113.05,1230412.0,86.24725676664231,108.0,1450404.0,83.85573207385147,107.77,925003.0,77.88539144471349,109.23,1014866.0,76.29603146228106,106.27,1093532.0,75.78390630902909,0.9962853169374908,1.0537622962321394,1.115644223321462,2.1530397116645235,7.197092596465694,-1,1,1,0,0,0
2023-07-19 01:19:21.305279,108.87,111.39,108.87,110.43,1269007,109.628,109.603,104.13,98.0566,107.81705798253374,103.61848767843654,4.198570304097203,3.966347225851469,0.23222307824573374,74.468085106383,104.13,118.22859268825995,90.03140731174004,28.19718537651991,0.7234265553769096,74.5302713987474,78.43583229483778,-25.46972860125259,2.519999999999996,3.404999999999999,1.5261561092213027,1.9197046608214239,1192256.8,1.0643738832103955,1.6600000000000108,2.0800000000000125,67.24378023744943,68.00247791634278,106.93,-3.5,-3.1694285973014575,0,0,1,108.33,106.24,105.41,1.1782614310942034,108.89,1430417.0,74.03278688524591,113.05,1230412.0,86.24725676664231,108.0,1450404.0,83.85573207385147,108.77,1098162.0,73.13376278893521,108.35,1052118.0,77.42162733356815,1.0073156492866786,1.0605012964563527,1.1261863046444605,2.1794770014855605,7.049296344129977,1,1,1,0,0,0
2023-07-20 01:19:21.305279,110.24,110.24,106.51,106.93,1400302,109.46000000000001,109.31400000000001,104.64849999999998,98.42739999999999,107.68058752368242,103.8637848948432,3.8168026288392127,3.9364383064490185,-0.11963567760980576,57.9063767047549,104.64849999999998,118.33150717178574,90.96549282821422,27.36601434357152,0.5833698313300769,34.067663257277815,59.86251384150984,-65.93233674272219,3.9200000000000017,3.0307142857142852,-0.7794376913797803,-2.631578947368409,1196050.9,1.1707712439328462,-0.8399999999999892,-2.8899999999999864,38.02845726723776,58.484368834659286,105.97,-0.960000000000008,-0.8977835967455418,0,0,0,108.53,104.77,104.09,1.6164838384605347,110.43,1269007.0,74.468085106383,108.89,1430417.0,74.03278688524591,113.05,1230412.0,86.24725676664231,107.77,925003.0,77.88539144471349,109.82,1314263.0,84.41324694024478,0.9768865338936598,1.0218015547284482,1.0863844823697468,2.381512124681387,6.841503585892883,-1,1,1,0,0,0
2023-07-21 01:19:21.305279,107.11,107.11,104.61,105.97,1052328,109.054,108.99300000000001,105.24950000000001,98.7684,107.41742021234667,104.01980083291767,3.3976193794290026,3.8286745210450155,-0.4310551416160129,53.92631187197619,105.24950000000001,117.97644361126005,92.52255638873997,25.45388722252008,0.5283060891132783,22.48962655601655,43.69585373734727,-77.51037344398345,2.5,3.094999999999999,-1.8796296296296306,-2.940098919215981,1184652.05,0.8883013370888101,-2.030000000000001,-3.210000000000008,9.676554990837651,52.8562625493523,108.33,2.3599999999999994,2.2270453902047747,1,1,0,106.24,106.25,108.6,1.5864992908930375,106.93,1400302.0,57.9063767047549,110.43,1269007.0,74.468085106383,108.89,1430417.0,74.03278688524591,108.0,1450404.0,83.85573207385147,109.18,999063.0,82.0707070707071,0.9717204320795202,1.0068456382215591,1.0729140089340314,2.8244787129671196,6.36347180563002,-1,1,1,0,0,0
2023-07-22 01:19:21.305279,105.93,109.26,105.93,108.33,1196825,108.10999999999999,108.737,106.0545,99.12620000000001,107.55781710275488,104.33907485355397,3.218742249200915,3.706688066676196,-0.4879458174752811,53.840417598806866,106.0545,117.25979287529042,94.8492071247096,22.41058575058082,0.6015368373377309,34.766355140186896,30.441214984493765,-65.2336448598131,3.3299999999999983,3.032142857142856,-4.175143741707208,-2.3085941022635064,1184959.15,1.0100137207261535,-4.719999999999999,-2.5600000000000023,29.91967403656711,53.203237961616715,108.53,0.20000000000000284,0.18462106526354918,1,0,0,104.77,104.75,110.03,1.5441891075914294,105.97,1052328.0,53.92631187197619,106.93,1400302.0,57.9063767047549,110.43,1269007.0,74.468085106383,113.05,1230412.0,86.24725676664231,110.89,1406342.0,82.47531734837803,1.0020349643881232,1.0214559495353803,1.092849317334872,1.7328589094338518,5.602646437645205,-1,1,1,0,0,0
2023-07-23 01:19:21.305279,108.27,109.38,107.41,108.53,1026618,108.03800000000001,108.667,106.81949999999999,99.4868,107.70738370233104,104.64951376072706,3.0578699416039825,3.576924441661754,-0.5190545000577713,50.36086607858863,106.81949999999999,116.29366537082105,97.34533462917894,18.94833074164211,0.5902718040613942,36.635514018691595,31.29716523829836,-63.364485981308405,1.9699999999999989,2.962142857142856,-0.33060887133804706,-0.6408495834477733,1187909.65,0.8642222916532415,-0.35999999999999943,-0.7000000000000028,33.8293783795862,53.14288226909322,106.24,-2.2900000000000063,-2.110015663871746,0,0,1,106.25,105.26,105.63,0.7504198824684292,108.33,1196825.0,53.840417598806866,105.97,1052328.0,53.92631187197619,106.93,1400302.0,57.9063767047549,108.89,1430417.0,74.03278688524591,109.23,1014866.0,76.29603146228106,1.0045539532386751,1.0160129938822033,1.0908984910561,1.6995058105238319,4.7370826854105275,-1,1,1,0,0,0
2023-07-24 01:19:21.305279,109.5,109.5,104.68,106.24,1181148,107.2,108.41400000000002,107.42,99.74799999999999,107.48163236351088,104.76732755884187,2.7143048046690126,3.4044005142632057,-0.6900957095941931,43.05124223602485,107.42,114.83247028927967,100.00752971072033,14.824940578559335,0.42040440271938834,15.233644859813037,28.87850467289719,-84.76635514018696,4.819999999999993,3.075714285714284,-3.794258806483756,-2.3260090098372723,1198208.2,0.9857619068205342,-4.190000000000012,-2.530000000000001,-12.874065505644445,45.720756387103094,104.77,-1.4699999999999989,-1.383659638554216,0,0,0,104.75,105.41,106.08,0.612143773964836,108.53,1026618.0,50.36086607858863,108.33,1196825.0,53.840417598806866,105.97,1052328.0,53.92631187197619,110.43,1269007.0,74.468085106383,108.77,1098162.0,73.13376278893521,0.9910447761194029,0.9890150809905045,1.065084011709508,1.1782614310942034,3.7062351446398334,-1,1,1,0,0,0
2023-07-25 01:19:21.305279,106.45,108.36,100.77,104.77,1330836,106.768,108.11399999999999,107.896,99.98880000000001,107.06445815373996,104.76752551745025,2.2969326362897107,3.182906938668507,-0.8859743023787963,41.707408800300854,107.896,112.82431731719123,102.96768268280877,9.85663463438246,0.182853213499898,27.510316368638225,26.459825082380963,-72.48968363136177,7.590000000000003,3.5449999999999986,-2.0200130926774627,-2.7837060406421084,1223375.6,1.0878392539462123,-2.160000000000011,-3.0,-110.0852973795299,44.97372503983248,106.25,1.480000000000004,1.4126181158728683,1,0,0,105.26,104.09,104.73,0.8020723159440771,106.24,1181148.0,43.05124223602485,108.53,1026618.0,50.36086607858863,108.33,1196825.0,53.840417598806866,106.93,1400302.0,57.9063767047549,107.77,925003.0,77.88539144471349,0.9812865277985913,0.9710276562615852,1.0478173555438208,1.6164838384605347,2.464158658595617,-1,1,1,0,0,0
2023-07-26 01:19:21.305279,104.63,107.04,104.63,106.25,1583024,106.824,107.939,108.07650000000001,100.1574,106.93915689931842,104.87733844417173,2.0618184551466925,2.9586892419641444,-0.8968707868174519,41.19878603945373,108.07650000000001,112.42455836885004,103.72844163114998,8.696116737700066,0.2899637211536468,37.6891334250344,26.811031551161893,-62.310866574965594,2.410000000000011,3.5449999999999995,0.2642257242615845,-1.6203703703703702,1196253.75,1.3233178997349015,0.28000000000000114,-1.75,-84.53490791623551,45.3407731644258,104.75,-1.5,-1.411764705882353,0,0,0,105.41,108.6,106.56,1.7429773377769258,104.77,1330836.0,41.707408800300854,106.24,1181148.0,43.05124223602485,108.53,1026618.0,50.36086607858863,105.97,1052328.0,53.92631187197619,108.0,1450404.0,83.85573207385147,0.9946266756534112,0.9830999338431573,1.0608302531814924,1.5864992908930375,2.174029184425016,1,1,1,0,0,0
2023-07-27 01:19:21.305279,106.22,107.03,101.59,104.75,1029574,106.10799999999999,107.109,108.12100000000001,100.27040000000001,106.6023635301925,104.86790596665959,1.7344575635329136,2.7138429062778986,-0.979385342744985,41.45038167938932,108.12100000000001,112.30238179124916,103.93961820875086,8.362763582498303,0.09690358734343746,27.372764786795063,30.857404860155906,-72.62723521320493,5.439999999999998,3.7257142857142855,-3.3047170682174825,-7.341884122069878,1204212.2,0.8549772207921494,-3.5799999999999983,-8.299999999999997,-152.61618733037358,45.4249454671853,105.26,0.5100000000000051,0.48687350835322685,1,0,0,104.09,110.03,104.93,2.5122838215464545,106.25,1583024.0,41.19878603945373,104.77,1330836.0,41.707408800300854,106.24,1181148.0,43.05124223602485,108.33,1196825.0,53.840417598806866,113.05,1230412.0,86.24725676664231,0.9872017190032798,0.9688219679803183,1.0446751982638944,1.5441891075914294,2.0906908956245727,-1,1,1,0,0,0
2023-07-28 01:19:21.305279,105.25,105.71,104.85,105.26,774331,105.454,106.74600000000001,108.0705,100.4266,106.39584606400904,104.89694996960274,1.498896094406291,2.4708535439035773,-0.9719574494972862,43.31428571428574,108.0705,112.36877125591825,103.77222874408174,8.596542511836503,0.1730662360908193,30.880330123796472,31.980742778541984,-69.11966987620353,0.9599999999999937,3.7264285714285705,-3.012991799502438,-3.333639452658642,1188252.15,0.6516554588182315,-3.269999999999996,-3.6299999999999955,-116.12777939605824,50.86073351373585,105.41,0.14999999999999147,0.14250427512824573,1,0,0,108.6,105.63,104.74,2.465080120402595,104.75,1029574.0,41.45038167938932,106.25,1583024.0,41.19878603945373,104.77,1330836.0,41.707408800300854,108.53,1026618.0,50.36086607858863,108.89,1430417.0,74.03278688524591,0.9981603353120793,0.9739938281029514,1.0481286830381593,0.7504198824684292,2.1491356279591285,-1,-1,1,0,0,0
2023-07-29 01:19:21.305279,106.08,106.08,105.15,105.41,996457,105.28800000000001,106.244,107.92350000000002,100.6266,106.24417743877687,104.93495367613177,1.3092237626451038,2.2385275876518826,-0.9293038250067789,45.35433070866143,107.92350000000002,112.37971635589051,103.46728364410953,8.91243271178098,0.21797823542863565,31.91196698762035,30.055020632737307,-68.08803301237965,0.9299999999999926,3.6578571428571416,-0.7812499999999984,-4.5458661595581,1185469.1,0.8405592351584701,-0.8299999999999983,-5.02000000000001,-92.3423423423427,56.47984345295469,104.09,-1.3199999999999932,-1.252253106915846,0,0,0,110.03,106.08,105.85,2.390989334983342,105.26,774331.0,43.31428571428574,104.75,1029574.0,41.45038167938932,106.25,1583024.0,41.19878603945373,106.24,1181148.0,43.05124223602485,110.43,1269007.0,74.468085106383,1.0011587265405364,0.9767103550199908,1.0475361385558093,0.612143773964836,2.2281081779452445,-1,-1,1,0,0,0
2023-07-30 01:19:21.305279,106.4,106.4,101.54,104.09,1641261,105.152,105.96,107.63699999999999,100.7808,105.9127655251189,104.872364514062,1.0404010110569004,1.9989022723328862,-0.9585012612759858,42.61985654964138,107.63699999999999,112.31127945474299,102.96272054525699,9.348558909486002,0.1205832327375255,22.83356258596978,28.54195323246221,-77.16643741403021,4.859999999999999,3.867857142857141,-0.6490407559415793,-2.655943140372209,1201819.0,1.3656474061401924,-0.6799999999999926,-2.8400000000000034,-130.63241343743584,47.51484440792408,108.6,4.509999999999991,4.332788932654425,1,1,0,105.63,104.73,107.74,2.2145044592423155,105.41,996457.0,45.35433070866143,105.26,774331.0,43.31428571428574,104.75,1029574.0,41.45038167938932,104.77,1330836.0,41.707408800300854,106.93,1400302.0,57.9063767047549,0.9899003347534997,0.9670466475282664,1.0328356194830761,0.8020723159440771,2.337139727371501,-1,-1,1,0,0,0
2023-07-31 01:19:21.305279,104.25,110.45,104.25,108.6,1273053,105.622,106.223,107.60799999999999,101.03280000000001,106.32618621356215,105.14848566474201,1.177700548820141,1.834661927630337,-0.656961378810196,41.42581888246629,107.60799999999999,112.24905069773291,102.96694930226707,9.282101395465844,0.6068723511773509,62.09357652656621,38.94636870005212,-37.90642347343379,6.359999999999999,3.768571428571427,2.2117647058823473,2.4818344814570117,1215518.5,1.0473332985059463,2.3499999999999943,2.6299999999999955,7.325735357809638,47.49824250314455,110.03,1.4300000000000068,1.3167587476979805,1,0,0,106.08,106.56,105.2,2.0294408096823275,104.09,1641261.0,42.61985654964138,105.41,996457.0,45.35433070866143,105.26,774331.0,43.31428571428574,106.25,1583024.0,41.19878603945373,105.97,1052328.0,53.92631187197619,1.0281948836416654,1.0092186454538696,1.0748984488205808,1.7429773377769258,2.320525348866464,1,-1,1,0,0,0
2023-08-01 01:19:21.305279,108.72,111.07,108.72,110.03,1459607,106.678,106.393,107.56500000000001,101.28519999999999,106.89600371916796,105.51007932353858,1.385924395629388,1.7449144212301475,-0.35899002560075943,52.4547803617571,107.56500000000001,112.09256469917806,103.03743530082197,9.055129398356087,0.7722213997789471,87.19397363465161,57.37370424906254,-12.806026365348389,2.469999999999999,3.577142857142856,5.040572792362769,1.5692790547401483,1218181.75,1.1981849178088573,5.280000000000001,1.7000000000000028,90.06775118658462,56.15168029015067,105.63,-4.400000000000006,-3.998909388348637,0,0,1,104.73,104.93,104.55,0.7677434467346307,108.6,1273053.0,41.42581888246629,104.09,1641261.0,42.61985654964138,105.41,996457.0,45.35433070866143,104.75,1029574.0,41.45038167938932,108.33,1196825.0,53.840417598806866,1.031421661448471,1.0229163761446567,1.0863383791511496,2.5122838215464545,2.2637823495890195,1,-1,1,0,0,0
2023-08-02 01:19:21.305279,109.71,109.71,105.06,105.63,1735568,106.752,106.103,107.38499999999999,101.43,106.70123391621904,105.51896233670837,1.1822715795106689,1.6323858528862518,-0.45011427337558296,40.797546012269926,107.38499999999999,111.92009124842698,102.849908751573,9.070182496853988,0.30650885463344085,47.184466019417485,65.49067206021178,-52.815533980582515,4.969999999999999,3.7521428571428563,0.3515105453163503,-2.6720722380908555,1254216.85,1.3837862248462056,0.36999999999999034,-2.9000000000000057,-23.633933636529985,47.37170344164164,106.08,0.45000000000000284,0.42601533655211865,1,0,0,106.56,104.74,103.61,0.8533873680831933,110.03,1459607.0,52.4547803617571,108.6,1273053.0,41.42581888246629,104.09,1641261.0,42.61985654964138,105.26,774331.0,43.31428571428574,108.53,1026618.0,50.36086607858863,0.9894896582733813,0.9836569353261629,1.041407867494824,2.465080120402595,2.2675456242134966,1,-1,1,0,0,0
2023-08-03 01:19:21.305279,105.04,106.34,105.04,106.08,931573,106.88600000000001,106.08699999999999,107.25050000000002,101.5858,106.60565946756996,105.56052068256433,1.0451387850056335,1.5149364393101283,-0.4697976543044948,48.154580981328685,107.25050000000002,111.77217865894042,102.72882134105961,9.043357317880805,0.3705679805788864,51.55339805825246,61.977279237440534,-48.44660194174754,1.2999999999999972,3.5649999999999986,0.6356133194194116,-0.150602409638551,1245887.4,0.7477184535295887,0.6700000000000017,-0.1599999999999966,-55.263577002707656,48.72969736268668,104.73,-1.3499999999999943,-1.2726244343891349,0,0,0,104.93,105.85,102.31,0.8133695347158981,105.63,1735568.0,40.797546012269926,110.03,1459607.0,52.4547803617571,108.6,1273053.0,41.42581888246629,105.41,996457.0,45.35433070866143,106.24,1181148.0,43.05124223602485,0.9924592556555581,0.9890862979659767,1.0442404351789325,2.390989334983342,2.2608393294702043,1,-1,1,0,0,0
2023-08-04 01:19:21.305279,105.7,105.7,104.3,104.73,1241153,107.01399999999998,106.083,107.09850000000002,101.74680000000001,106.31709647255921,105.4990006314188,0.8180958411404191,1.3755683196761865,-0.5574724785357674,47.352690008539724,107.09850000000002,111.749192195224,102.44780780477603,9.301384390447964,0.2453604860764235,38.44660194174766,45.72815533980588,-61.55339805825234,1.7800000000000011,3.5135714285714275,0.6148525314631574,-0.03817886799655631,1261694.9,0.9837188055527529,0.6400000000000006,-0.03999999999999204,-80.9635819474821,48.2353351721943,106.56,1.8299999999999983,1.747350329418503,1,0,0,104.74,107.74,105.97,1.2338679021694388,106.08,931573.0,48.154580981328685,105.63,1735568.0,40.797546012269926,110.03,1459607.0,52.4547803617571,104.09,1641261.0,42.61985654964138,104.77,1330836.0,41.707408800300854,0.978656998149775,0.9778848443255507,1.029319841017113,2.2145044592423155,2.3253460976119924,1,-1,1,0,0,0
2023-08-05 01:19:21.305279,104.44,107.36,104.44,106.56,1501165,106.606,106.11399999999999,107.02650000000001,102.002,106.35446624601163,105.57759317793186,0.776873068079766,1.2558292693569024,-0.47895620127713645,46.133682830930546,107.02650000000001,111.66299266261761,102.39000733738241,9.272985325235197,0.4496925764855367,56.21359223300979,48.737864077669975,-43.786407766990216,2.9200000000000017,3.4842857142857135,-1.878453038674026,0.2917647058823551,1264232.95,1.1874117028827638,-2.039999999999992,0.3100000000000023,-33.417045216727914,49.06767990763691,104.93,-1.6299999999999955,-1.5296546546546503,0,0,0,105.85,105.2,106.88,1.2194547962118065,104.73,1241153.0,47.352690008539724,106.08,931573.0,48.154580981328685,105.63,1735568.0,40.797546012269926,108.6,1273053.0,41.42581888246629,106.25,1583024.0,41.19878603945373,0.9995685045869839,0.9956412664153269,1.044685398325523,2.0294408096823275,2.3182463313088,-1,-1,1,0,0,0
2023-08-06 01:19:21.305279,106.78,106.78,104.62,104.93,1077678,105.58599999999998,106.13199999999999,106.62049999999999,102.2406,106.13531759277906,105.52962331250865,0.6056942802704128,1.1258022715396045,-0.5201079912691917,42.59868421052632,106.62049999999999,110.37415351848342,102.86684648151656,7.507307036966864,0.2748193870750504,40.388349514563224,45.016181229773565,-59.611650485436776,2.1599999999999966,3.497857142857142,-4.635099518313182,0.17183770883055544,1256596.25,0.8576167563766007,-5.099999999999994,0.18000000000000682,-53.63820921038554,43.09489433342892,104.74,-0.19000000000001194,-0.18107309634995897,0,0,0,107.74,104.55,104.24,1.2886931364774048,106.56,1501165.0,46.133682830930546,104.73,1241153.0,47.352690008539724,106.08,931573.0,48.154580981328685,110.03,1459607.0,52.4547803617571,104.75,1029574.0,41.45038167938932,0.9937870551020024,0.9841447001280242,1.026304618713114,0.7677434467346307,1.8768267592417178,-1,-1,1,0,0,0
2023-08-07 01:19:21.305279,105.21,106.86,103.69,104.74,977231,105.40799999999999,106.08,106.41300000000001,102.4426,105.92065334773613,105.47113269632558,0.44952065141055186,0.990545947513794,-0.5410252961032421,46.624662466246626,106.41300000000001,110.09658006635453,102.72941993364549,7.367160132709046,0.27291113945356554,38.543689320388346,45.04854368932047,-61.45631067961165,3.1700000000000017,3.3799999999999994,-0.8425636656252964,-0.494014820444623,1233936.95,0.7919618583429243,-0.8900000000000006,-0.5200000000000102,-63.481973285616675,43.63840703322337,105.85,1.1099999999999994,1.0597670421997323,1,0,0,105.2,103.61,106.21,1.552755615028951,104.93,1077678.0,42.59868421052632,106.56,1501165.0,46.133682830930546,104.73,1241153.0,47.352690008539724,105.63,1735568.0,40.797546012269926,105.26,774331.0,43.31428571428574,0.9936627200971464,0.9842782366816083,1.0224262172182275,0.8533873680831933,1.8417900331772594,-1,-1,1,0,0,0
2023-08-08 01:19:21.305279,103.64,106.3,103.64,105.85,989661,105.362,106.124,106.184,102.6576,105.90978360193058,105.49919694123842,0.4105866606921609,0.8745540901494674,-0.4639674294573065,52.47026532479415,106.184,109.34905525020078,103.01894474979922,6.33011050040156,0.44723630812150666,45.225603357817356,41.385880730922985,-54.774396642182644,2.6599999999999966,3.0278571428571417,-0.21681749622926466,0.41741770230528197,1219969.65,0.811217721686765,-0.23000000000000398,0.4399999999999977,-51.3667368498311,50.18773461254123,107.74,1.8900000000000006,1.7855455833726979,1,0,0,104.55,102.31,110.77,2.0256282975915987,104.74,977231.0,46.624662466246626,104.93,1077678.0,42.59868421052632,106.56,1501165.0,46.133682830930546,106.08,931573.0,48.154580981328685,105.41,996457.0,45.35433070866143,1.0046316508798239,0.9968545166880133,1.031097551472078,0.8133695347158981,1.5825276251003908,-1,-1,1,0,0,0
2023-08-09 01:19:21.305279,105.35,108.41,105.35,107.74,975199,105.96399999999998,106.48899999999999,106.22449999999999,102.95700000000001,106.19135535547971,105.66518235407315,0.526173001406562,0.8048778724008864,-0.2787048709943244,53.345307588684314,106.22449999999999,109.44990230048614,102.99909769951384,6.450804600972305,0.7349319338817948,65.0577124868835,49.609001721696416,-34.942287513116504,3.0600000000000023,3.0742857142857125,2.874057099207477,3.5065808435008083,1198714.5,0.8135373352036702,3.009999999999991,3.6499999999999915,57.65182650036531,48.39871476785856,105.2,-2.539999999999992,-2.357527380731383,0,0,1,103.61,105.97,113.11,1.422469683333813,105.85,989661.0,52.47026532479415,104.74,977231.0,46.624662466246626,104.93,1077678.0,42.59868421052632,104.73,1241153.0,47.352690008539724,104.09,1641261.0,42.61985654964138,1.016760409195576,1.0142669534806001,1.0464562875763668,1.2338679021694388,1.612701150243078,1,1,1,0,0,0
2023-08-10 01:19:21.305279,106.56,108.92,103.38,105.2,1105203,105.69200000000001,106.149,106.186,103.1982,106.03883914694437,105.63072440171304,0.4081147452313303,0.7255252469669753,-0.317410501735645,50.965250965250966,106.186,109.44242619737172,102.9295738026283,6.512852394743419,0.3486070403198737,38.40503672612803,49.5627841902763,-61.59496327387196,5.540000000000006,3.0814285714285705,-1.2762762762762758,-3.130755064456714,1201358.25,0.9199612188953629,-1.3599999999999994,-3.3999999999999915,-18.504225862085494,48.14116801222691,104.55,-0.6500000000000057,-0.6178707224334654,0,0,0,102.31,106.88,109.73,1.8221909888932717,107.74,975199.0,53.345307588684314,105.85,989661.0,52.47026532479415,104.74,977231.0,46.624662466246626,106.56,1501165.0,46.133682830930546,108.6,1273053.0,41.42581888246629,0.9953449646141619,0.9907144067956227,1.0193976251523766,1.2194547962118065,1.628213098685856,-1,-1,1,0,0,0
2023-08-11 01:19:21.305279,103.77,105.3,103.51,104.55,817112,105.61599999999999,105.601,105.997,103.411,105.80978697049139,105.55067074188254,0.2591162286088462,0.6322434432953495,-0.37312721468650334,48.48614072494668,105.997,109.16711771323575,102.82688228676425,6.340235426471509,0.2717750363088185,31.58447009443856,45.01573976915004,-68.41552990556143,1.789999999999992,3.1407142857142847,-0.36214619269990433,-4.9804598745796635,1182372.6,0.6910782607783705,-0.38000000000000966,-5.480000000000004,-91.9340503510197,43.442949841134386,103.61,-0.9399999999999977,-0.8990913438546128,0,0,0,105.97,104.24,108.72,1.8322854581106711,105.2,1105203.0,50.965250965250966,107.74,975199.0,53.345307588684314,105.85,989661.0,52.47026532479415,104.93,1077678.0,42.59868421052632,110.03,1459607.0,52.4547803617571,0.9899068322981368,0.9863486702453843,1.0110143021535427,1.2886931364774048,1.5850588566178752,-1,-1,1,0,0,0
2023-08-12 01:19:21.305279,104.28,106.14,102.4,103.61,1096805,105.38999999999999,105.399,105.751,103.6374,105.47135820580041,105.40691735285613,0.06444085294428703,0.518682925225137,-0.45424207228085,46.2871287128713,105.751,108.8564173378287,102.64558266217131,6.210834675657395,0.15527982762262338,21.72088142707236,30.57012941587966,-78.27911857292764,3.739999999999995,3.3414285714285703,-1.078861943860985,-1.9123355107450497,1185881.95,0.924885482909998,-1.1299999999999955,-2.019999999999996,-111.06622063489357,37.327214048937044,102.31,-1.2999999999999972,-1.2547051442910888,0,0,0,106.88,106.21,111.53,1.849234976957741,104.55,817112.0,48.48614072494668,105.2,1105203.0,50.965250965250966,107.74,975199.0,53.345307588684314,104.74,977231.0,46.624662466246626,105.63,1735568.0,40.797546012269926,0.983110352025809,0.9797543285642688,0.999735616678921,1.552755615028951,1.5527086689143466,-1,-1,0,0,0,0
2023-08-13 01:19:21.305279,103.68,105.49,98.22,102.31,971671,104.68199999999999,105.022,105.5545,103.83120000000001,104.98499540490803,105.17751606636773,-0.19252066145969593,0.3764422078881704,-0.5689628693478663,46.3253509496284,105.5545,109.00753207721819,102.10146792278182,6.906064154436365,0.030195502467816198,31.82879377431911,28.378048431943352,-68.17120622568089,7.269999999999996,3.5135714285714275,-3.344355219650441,-3.5539215686274472,1175408.1,0.8266669253002424,-3.539999999999992,-3.769999999999996,-209.36696443169578,38.888406499006344,105.97,3.6599999999999966,3.5773629166259377,1,1,0,104.24,110.77,110.01,2.4164498753344996,103.61,1096805.0,46.2871287128713,104.55,817112.0,48.48614072494668,105.2,1105203.0,50.965250965250966,105.85,989661.0,52.47026532479415,106.08,931573.0,48.154580981328685,0.977340899103953,0.9692623242021894,0.985349297706277,2.0256282975915987,1.7265160386090914,-1,-1,0,0,0,0
2023-08-14 01:19:21.305279,102.58,108.76,102.58,105.97,1404848,104.328,105.146,105.61449999999999,104.095,105.13653457338371,105.23621858022878,-0.09968400684506662,0.281216964941523,-0.3809009717865896,44.37312794180574,105.61449999999999,109.05180295128741,102.17719704871257,6.874605902574842,0.5517120552127731,60.311284046692634,37.95365308269471,-39.688715953307366,6.450000000000003,3.519999999999999,-1.6428438834230519,1.1839969445240093,1179108.7,1.191449100494297,-1.769999999999996,1.2399999999999949,11.289092295957426,39.292654741672344,106.88,0.9099999999999966,0.8587336038501431,1,0,0,106.21,113.11,111.04,3.6086105359271317,102.31,971671.0,46.3253509496284,103.61,1096805.0,46.2871287128713,104.55,817112.0,48.48614072494668,107.74,975199.0,53.345307588684314,104.73,1241153.0,47.352690008539724,1.0157388237098381,1.0033660150831563,1.018012392526058,1.422469683333813,1.7186514756437132,-1,1,1,0,0,0
2023-08-15 01:19:21.305279,104.86,110.16,104.86,106.88,774817,104.66399999999999,105.178,105.646,104.41860000000001,105.40476002363238,105.35798016737525,0.04677985625713177,0.23432954320464475,-0.18754968694751298,43.10722100656454,105.646,109.119183887411,102.172816112589,6.946367774821994,0.6776467990181555,72.5293132328308,54.88979701794753,-27.470686767169195,5.299999999999997,3.722142857142856,1.5969581749049357,0.30030030030029387,1138698.35,0.680440961383671,1.6799999999999926,0.3199999999999932,94.30652480646803,36.440120854579376,104.24,-2.6400000000000006,-2.4700598802395217,0,0,1,110.77,109.73,112.82,3.5645083812504033,105.97,1404848.0,44.37312794180574,102.31,971671.0,46.3253509496284,103.61,1096805.0,46.2871287128713,105.2,1105203.0,50.965250965250966,106.56,1501165.0,46.133682830930546,1.0211725139494001,1.0116805179561932,1.0235724286669232,1.8221909888932717,1.7365919437054962,1,1,1,0,0,0
2023-08-16 01:19:21.305279,106.86,106.86,103.95,104.24,1313352,104.602,105.109,105.62049999999999,104.67540000000001,105.22556617384278,105.27516682133091,-0.049600647488134086,0.17754350506608899,-0.22714415255422307,46.704599336178276,105.62049999999999,109.1286947674406,102.11230523255938,7.0163895348812275,0.3032463857462602,50.4187604690117,61.08645258284506,-49.5812395309883,2.9299999999999926,3.5764285714285697,-0.2965088474414178,-0.6575812446392947,1152887.25,1.1391851197938045,-0.3100000000000023,-0.6900000000000119,-38.743373869660175,37.52158586939975,106.21,1.9699999999999989,1.8898695318495768,1,0,0,113.11,108.72,110.78,2.545293696217484,106.88,774817.0,43.10722100656454,105.97,1404848.0,44.37312794180574,102.31,971671.0,46.3253509496284,104.55,817112.0,48.48614072494668,104.93,1077678.0,42.59868421052632,0.9965392631116039,0.9869296206702297,0.9958404744572267,1.8322854581106711,1.7540973837203042,-1,-1,0,0,0,0
2023-08-17 01:19:21.305279,103.94,106.72,103.94,106.21,1355278,105.12199999999999,105.256,105.668,104.95020000000001,105.37701753171312,105.34441372369676,0.03260380801636131,0.14855556565614347,-0.11595175763978216,50.287483414418396,105.668,109.18136455926476,102.15463544073525,7.026729118529516,0.5771340393029711,66.91792294807367,63.28866554997207,-33.082077051926326,2.780000000000001,3.682142857142856,2.5094102885821776,1.4034752721023476,1181934.6,1.1466607374045907,2.5999999999999943,1.4699999999999989,-4.35742763557652,45.216892184350236,110.77,4.560000000000002,4.2933810375670864,1,1,0,109.73,111.53,110.71,1.6835438812233428,104.24,1313352.0,46.704599336178276,106.88,774817.0,43.10722100656454,105.97,1404848.0,44.37312794180574,103.61,1096805.0,46.2871287128713,104.74,977231.0,46.624662466246626,1.0103498791879912,1.0051292728167467,1.0120037884634807,1.849234976957741,1.756682279632378,1,1,1,0,0,0
2023-08-18 01:19:21.305279,105.98,112.92,105.98,110.77,1030684,106.81400000000001,105.748,105.93599999999999,105.27519999999998,106.20670714221879,105.74630900472454,0.46039813749425207,0.21092408002376523,0.24947405747048684,61.69635941130905,105.93599999999999,110.12018274734021,101.75181725265978,8.368365494680432,1.0776516337715962,85.3741496598639,67.57027769231644,-14.62585034013609,6.939999999999998,4.050714285714284,8.268986413840283,4.648086915446388,1183645.95,0.870770520526007,8.459999999999994,4.920000000000002,195.11237609186506,52.654103754885625,113.11,2.3400000000000034,2.1124853299629898,1,1,0,108.72,110.01,103.58,1.717731061605553,106.21,1355278.0,50.287483414418396,104.24,1313352.0,46.704599336178276,106.88,774817.0,43.10722100656454,102.31,971671.0,46.3253509496284,105.85,989661.0,52.47026532479415,1.0370363435504708,1.0456313245733273,1.05219462893445,2.4164498753344996,2.09209137367011,1,1,1,0,0,0
2023-08-19 01:19:21.305279,110.47,113.79,110.47,113.11,1286304,108.242,106.285,106.38699999999999,105.6062,107.26875219726205,106.29176759860286,0.9769845986591861,0.3641361837508495,0.6128484149083366,62.43828332700342,106.38699999999999,111.56083335438325,101.21316664561672,10.347666708766525,1.1497116875927498,95.63262684649963,82.6415664848124,-4.367373153500363,3.3200000000000074,4.079285714285713,6.737755968670379,4.984221273436054,1165898.1,1.1032730905042214,7.140000000000001,5.3700000000000045,240.4987851281345,52.22362682014167,109.73,-3.3799999999999955,-2.988241534789139,0,0,1,111.53,111.04,101.51,1.1092474926744267,110.77,1030684.0,61.69635941130905,106.21,1355278.0,50.287483414418396,104.24,1313352.0,46.704599336178276,105.97,1404848.0,44.37312794180574,107.74,975199.0,53.345307588684314,1.0449733005672475,1.063193811273934,1.071054540358426,3.6086105359271317,2.5869166771916285,1,1,1,0,0,0
2023-08-20 01:19:21.305279,113.49,113.59,107.41,109.73,1544407,108.81199999999998,106.73799999999999,106.4435,105.9218,107.64740570537558,106.546451480895,1.1009542244805743,0.5114997918967946,0.5894544325837797,58.54700854700854,106.4435,111.74225963638584,101.14474036361416,10.597519272771677,0.8101197474057956,73.92421323057161,84.97699657897839,-26.07578676942839,6.180000000000007,4.366428571428571,2.666541916167673,4.306083650190115,1179465.8,1.3094122779990738,2.8500000000000085,4.530000000000001,135.7762165815788,50.45061371008136,108.72,-1.0100000000000051,-0.9204410826574366,0,0,0,110.01,112.82,101.05,1.5506869445521758,113.11,1286304.0,62.43828332700342,110.77,1030684.0,61.69635941130905,106.21,1355278.0,50.287483414418396,106.88,774817.0,43.10722100656454,105.2,1105203.0,50.965250965250966,1.0084365694960116,1.0308755349081908,1.03595293886622,3.5645083812504033,2.6493798181929216,1,1,1,0,0,0
2023-08-21 01:19:21.305279,109.78,111.1,107.42,108.72,849918,109.708,107.155,106.378,106.2516,107.81242021224088,106.7074550753167,1.1049651369241786,0.6301928609022714,0.4747722760219072,56.88581314878894,106.378,111.52016255961001,101.23583744038999,10.284325119220028,0.7277252005212392,67.43737957610787,78.99807321772639,-32.56262042389213,3.6799999999999926,4.402857142857142,4.297774366845744,3.9885222381635597,1148981.35,0.7397143565472145,4.480000000000004,4.170000000000002,98.5331347499359,50.75475071589602,111.53,2.8100000000000023,2.5846210448859477,1,1,0,111.04,110.78,98.58,1.0422235844599799,109.73,1544407.0,58.54700854700854,113.11,1286304.0,62.43828332700342,110.77,1030684.0,61.69635941130905,104.24,1313352.0,46.704599336178276,104.55,817112.0,48.48614072494668,0.9909942757137128,1.02201583034086,1.02323165015868,2.545293696217484,2.571081279805008,1,-1,1,0,0,0
2023-08-22 01:19:21.305279,108.61,111.67,108.61,111.53,1592896,110.772,107.947,106.673,106.6176,108.38435556420383,107.06468062614361,1.319674938060217,0.7680892763338607,0.5515856617263564,59.281045751634,106.673,112.28955110506178,101.05644889493823,11.233102210123548,0.9323827834151417,85.48490687219008,75.61549989295652,-14.515093127809916,3.0600000000000023,4.431428571428571,5.008944543828272,7.644049802142653,1141847.75,1.3950161043799403,5.320000000000007,7.920000000000002,130.02310220284423,52.804475573348846,110.01,-1.519999999999996,-1.3628620102214615,0,0,0,112.82,110.71,101.85,1.048889889361409,108.72,849918.0,56.88581314878894,109.73,1544407.0,58.54700854700854,113.11,1286304.0,62.43828332700342,106.21,1355278.0,50.287483414418396,103.61,1096805.0,46.2871287128713,1.0068428844834434,1.0455316715570013,1.0460749444744584,1.6835438812233428,2.8082755525308856,1,1,1,0,0,0
2023-08-23 01:19:21.305279,111.47,111.47,109.64,110.01,1220337,110.62,108.71700000000001,106.86949999999999,106.9332,108.63445470817247,107.28285243209534,1.3516022760771307,0.8847918762825149,0.4668103997946158,53.75454846179294,106.86949999999999,112.67065224489083,101.06834775510914,11.602304489781687,0.7706789847453064,75.72254335260115,76.21494326696637,-24.27745664739884,1.8900000000000006,4.347857142857142,-0.6861063464836968,7.526146026781354,1156285.95,1.0553937804052709,-0.7599999999999909,7.700000000000003,105.15106488360607,45.961331562660604,111.04,1.0300000000000011,0.9362785201345342,1,0,0,110.78,103.58,98.99,3.5753992784029625,111.53,1592896.0,59.281045751634,108.72,849918.0,56.88581314878894,109.73,1544407.0,58.54700854700854,110.77,1030684.0,61.69635941130905,102.31,971671.0,46.3253509496284,0.994485626468993,1.0293863075994556,1.0287731032083582,1.717731061605553,2.900576122445421,-1,1,0,0,0,0
2023-08-24 01:19:21.305279,110.49,112.02,110.11,111.04,952761,110.20599999999999,109.224,107.18499999999999,107.249,109.00453859922285,107.56115965991553,1.4433789393073226,0.9965092888874765,0.44686965041984616,60.167130919220064,107.18499999999999,113.17935348342014,101.19064651657983,11.988706966840311,0.8215526086893776,82.33782915863841,81.18175979447655,-17.662170841361586,2.009999999999991,4.095714285714284,-1.8300769162761854,4.7843729357365365,1141866.35,0.834389243539754,-2.069999999999993,5.070000000000007,109.23670122464539,52.30443734209522,112.82,1.779999999999987,1.603025936599412,1,0,0,110.71,101.51,98.16,4.997234235054838,110.01,1220337.0,53.75454846179294,111.53,1592896.0,59.281045751634,108.72,849918.0,56.88581314878894,113.11,1286304.0,62.43828332700342,105.97,1404848.0,44.37312794180574,1.00756764604468,1.035965853430984,1.0353476489291276,1.1092474926744267,2.9971767417100756,-1,1,0,0,0,0
2023-08-25 01:19:21.305279,110.54,113.89,110.54,112.82,1148772,110.824,109.81800000000001,107.498,107.4526,109.59153266088089,107.9507033895468,1.6408292713340842,1.1253732853767981,0.515455985957286,63.85259631490787,107.498,113.988179139526,101.00782086047401,12.980358279051984,0.9100040912267238,93.17166560306313,83.74401270476757,-6.828334396936868,3.3499999999999943,4.2071428571428555,2.816002916248965,5.55763473053892,1124246.7,1.0218148739062343,3.089999999999989,5.939999999999998,124.94331637023242,58.23033180707589,110.78,-2.039999999999992,-1.808190037227435,0,0,0,103.58,101.05,98.47,4.85870661802128,111.04,952761.0,60.167130919220064,110.01,1220337.0,53.75454846179294,111.53,1592896.0,59.281045751634,109.73,1544407.0,58.54700854700854,106.88,774817.0,43.10722100656454,1.018010539233379,1.0495078978213548,1.0499513273759777,1.5506869445521758,3.245089569762999,1,1,1,0,0,0
2023-08-26 01:19:21.305279,113.3,114.02,109.09,110.78,1292051,111.23600000000002,110.47200000000001,107.7905,107.59100000000001,109.77437378997612,108.16028091661374,1.614092873362381,1.2231172029739148,0.39097567038846615,61.5831987075929,107.7905,114.32054868201256,101.26045131798743,13.060097364025125,0.7289033470940864,79.49367088607598,85.00105521592586,-20.50632911392402,4.929999999999993,4.2921428571428555,1.8947755702722613,6.2739831158864225,1134965.35,1.1384056790808634,2.0600000000000023,6.540000000000006,85.46123001363354,57.282045530055285,110.71,-0.07000000000000739,-0.06318830113739608,0,0,0,101.51,98.58,101.36,4.617968167928771,112.82,1148772.0,63.85259631490787,111.04,952761.0,60.167130919220064,110.01,1220337.0,53.75454846179294,108.72,849918.0,56.88581314878894,104.24,1313352.0,46.704599336178276,0.995900607716926,1.0277343550683966,1.0296400256527032,1.0422235844599799,3.265024341006281,1,1,1,0,0,0
2023-08-27 01:19:21.305279,110.45,111.02,110.45,110.71,1022106,111.072,110.922,108.08899999999998,107.67980000000001,109.91831628382596,108.34914899717057,1.5691672866553859,1.2923272197102091,0.2768400669451767,64.13189771197845,108.08899999999998,114.57758398306156,101.60041601693841,12.977167966123147,0.7019701067938799,71.06643356643355,81.24392335185756,-28.93356643356646,0.5699999999999932,3.8135714285714264,-0.7352281897247444,4.236889181809623,1137209.1,0.8987845770843725,-0.8200000000000074,4.5,64.56661476424361,56.84357726523054,103.58,-7.1299999999999955,-6.440249299972899,0,0,1,101.05,101.85,98.5,1.8031167460825064,110.78,1292051.0,61.5831987075929,112.82,1148772.0,63.85259631490787,111.04,952761.0,60.167130919220064,111.53,1592896.0,59.281045751634,106.21,1355278.0,50.287483414418396,0.9967408527801785,1.0242485359287254,1.0281408397861065,1.048889889361409,3.2442919915307877,-1,1,1,0,0,0
2023-08-28 01:19:21.305279,111.22,111.22,103.17,103.58,1751004,109.78599999999999,110.203,107.97549999999998,107.5844,108.9431907016989,107.9958787005539,0.9473120011449936,1.223324175997166,-0.27601217485217244,46.39951792708647,107.97549999999998,114.70397046042575,101.24702953957421,13.456940920851537,0.17336558688541504,3.778801843317943,51.44630209860917,-96.22119815668205,8.049999999999997,3.9278571428571403,-5.844923188801024,-6.490927146339259,1175276.25,1.489865893231485,-6.430000000000007,-7.189999999999998,-50.42880258899689,47.78975772835128,101.51,-2.069999999999993,-1.998455300251007,0,0,0,98.58,98.99,100.84,1.5047856990292736,110.71,1022106.0,64.13189771197845,110.78,1292051.0,61.5831987075929,112.82,1148772.0,63.85259631490787,110.01,1220337.0,53.75454846179294,110.77,1030684.0,61.69635941130905,0.9434718452261673,0.9592916911706824,0.9627789902625288,3.5753992784029625,3.3642352302128877,-1,-1,0,0,0,0
2023-08-29 01:19:21.305279,103.91,103.91,101.37,101.51,1015742,107.88,109.043,107.66400000000002,107.4182,107.79962290143753,107.51544324058628,0.284179660851251,1.035495272967983,-0.7513156121167319,42.18340611353713,107.66400000000002,114.98879681773039,100.33920318226964,14.649593635460747,0.0799200883563307,1.106719367588938,25.317318259113488,-98.89328063241106,2.539999999999992,3.7307142857142828,-8.582492795389049,-10.255503492175754,1177303.4,0.8627699537774206,-9.530000000000001,-11.599999999999994,-123.87425027389408,42.87759025574042,101.05,-0.46000000000000796,-0.45315732440154466,0,0,0,101.85,98.16,100.91,1.6257090760658555,103.58,1751004.0,46.39951792708647,110.71,1022106.0,64.13189771197845,110.78,1292051.0,61.5831987075929,111.04,952761.0,60.167130919220064,113.11,1286304.0,62.43828332700342,0.9409529106414536,0.9428406895526823,0.944998147427531,4.997234235054838,3.6623984088651875,-1,-1,0,0,0,0
2023-08-30 01:19:21.305279,101.68,101.99,98.78,101.05,1079385,105.526,108.175,107.45649999999998,107.2556,106.76121937813944,107.03652151844541,-0.27530214030596767,0.7733357903131928,-1.0486379306191604,45.0419645632577,107.45649999999998,115.2924852099469,99.62051479005305,15.671970419893853,0.09121285783773375,14.89501312335956,6.59351144475549,-85.10498687664044,3.2099999999999937,3.7507142857142832,-10.43254742067009,-7.910325344026252,1176012.5,0.9178346318597804,-11.769999999999996,-8.680000000000007,-142.5175470054817,43.55195876847237,98.58,-2.469999999999999,-2.4443344878772875,0,0,1,98.99,98.47,98.98,1.5054069217333919,101.51,1015742.0,42.18340611353713,103.58,1751004.0,46.39951792708647,110.71,1022106.0,64.13189771197845,112.82,1148772.0,63.85259631490787,109.73,1544407.0,58.54700854700854,0.9575839129693157,0.9403805260733414,0.9421419487653792,4.85870661802128,3.9179926049734606,-1,-1,0,0,0,0
2023-08-31 01:19:21.305279,101.09,101.37,94.87,98.58,961813,103.08600000000001,107.16100000000002,107.15799999999999,107.00939999999999,105.50257024304108,106.41011251633313,-0.9075422732920515,0.4371601775921439,-1.3447024508841954,38.322620140801966,107.15799999999999,115.86643656280515,98.44956343719483,17.416873125610323,0.007489091863072403,19.373368146214077,11.791700212387534,-80.62663185378592,6.5,4.016428571428569,-11.012818198230729,-9.326710816777043,1183247.55,0.8128586448372531,-12.200000000000003,-10.14,-167.81532931184637,36.836491522489865,101.85,3.269999999999996,3.3171028606208117,1,1,0,98.16,101.36,99.94,1.713543112968831,101.05,1079385.0,45.0419645632577,101.51,1015742.0,42.18340611353713,103.58,1751004.0,46.39951792708647,110.78,1292051.0,61.5831987075929,108.72,849918.0,56.88581314878894,0.9562889238111867,0.9199499804027699,0.9212274809502717,4.617968167928771,4.354218281402584,-1,-1,0,0,0,0
2023-09-01 01:19:21.305279,99.19,103.16,99.19,101.85,1309237,101.314,106.19300000000001,107.07000000000001,106.8618,104.9406363594963,106.07232640363969,-1.1316900441433972,0.12339013324503556,-1.2550801773884328,35.78712555768004,107.07000000000001,115.96301085714194,98.17698914285808,17.786021714283862,0.20651109709329446,36.449086161879855,23.572489143817837,-63.55091383812014,4.579999999999998,3.84785714285714,-8.00289043446843,-8.679279117726178,1193869.15,1.0966335799865505,-8.86,-9.680000000000007,-102.70453069494224,37.507255293540425,98.99,-2.8599999999999994,-2.8080510554737357,0,0,1,98.47,98.5,100.39,1.3000115384114048,98.58,961813.0,38.322620140801966,101.05,1079385.0,45.0419645632577,101.51,1015742.0,42.18340611353713,110.71,1022106.0,64.13189771197845,111.53,1592896.0,59.281045751634,1.0052904830526876,0.9512468478565423,0.9531001723721666,1.8031167460825064,4.446505428570962,-1,-1,0,0,0,0
2023-09-02 01:19:21.305279,101.38,101.38,95.81,98.99,1100246,100.39599999999999,105.09100000000001,106.904,106.66619999999999,104.02515384265071,105.54770963246409,-1.5225557898133815,-0.20579905136664797,-1.3167567384467336,27.86833855799371,106.904,116.28185162244598,97.52614837755401,18.755703244891976,0.07804834632605201,21.514360313315887,25.778938207136616,-78.48563968668412,6.039999999999992,4.042142857142854,-4.431357404904425,-10.017271157167539,1200297.9,0.9166441097664172,-4.590000000000003,-11.02000000000001,-140.91597955356877,30.22060587266303,98.16,-0.8299999999999983,-0.8384685321749654,0,0,0,101.36,100.84,99.24,1.5088008483570194,101.85,1309237.0,35.78712555768004,98.58,961813.0,38.322620140801966,101.05,1079385.0,45.0419645632577,103.58,1751004.0,46.39951792708647,110.01,1220337.0,53.75454846179294,0.985995457986374,0.9259709646037566,0.9280353101544819,1.5047856990292736,4.688925811222992,-1,-1,0,0,0,0
2023-09-03 01:19:21.305279,99.54,99.54,97.22,98.16,935902,99.726,103.803,106.5135,106.47399999999999,103.1228224822429,105.00047188139388,-1.8776493991509824,-0.540169120923515,-1.3374802782274675,30.289608177172028,106.5135,116.67296387934772,96.35403612065227,20.31892775869545,0.08888086521075748,17.180156657963412,25.047867711053062,-82.81984334203659,2.3200000000000074,3.7664285714285675,-3.3001674711851128,-11.599423631123926,1176850.6,0.7952598231245325,-3.3500000000000085,-12.88000000000001,-128.20065965700445,31.594384553620657,98.47,0.3100000000000023,0.3158109209453976,1,0,0,98.5,100.91,99.42,1.41181797693717,98.99,1100246.0,27.86833855799371,101.85,1309237.0,35.78712555768004,98.58,961813.0,38.322620140801966,101.51,1015742.0,42.18340611353713,111.04,952761.0,60.167130919220064,0.9842969737079598,0.9215733216916165,0.9219152093468829,1.6257090760658555,5.079731939673861,-1,-1,0,0,0,0
2023-09-04 01:19:21.305279,97.9,99.72,96.64,98.47,1278366,99.21,102.36800000000001,106.09299999999999,106.2834,102.40700363882091,104.51673322308943,-2.1097295842685213,-0.8540812135925164,-1.2556483706760049,32.11169284467712,106.09299999999999,116.8662321299737,95.31976787002628,21.546464259947413,0.1462064537349482,18.798955613577,19.164490861618777,-81.20104438642299,3.0799999999999983,3.723571428571425,-2.5531914893617005,-12.71937599716362,1202028.05,1.0635076277962066,-2.5799999999999983,-14.349999999999994,-111.8181602486532,31.001456803077943,101.36,2.8900000000000006,2.934904031684778,1,1,0,100.84,98.98,98.71,1.2849202309882826,98.16,935902.0,30.289608177172028,98.99,1100246.0,27.86833855799371,101.85,1309237.0,35.78712555768004,101.05,1079385.0,45.0419645632577,112.82,1148772.0,63.85259631490787,0.9925410744884589,0.9281479456703082,0.9264852272320984,1.5054069217333919,5.386616064986853,-1,-1,0,1,0,0
2023-09-05 01:19:21.305279,98.65,102.13,98.65,101.36,1511516,99.76599999999999,101.426,105.949,106.0496,102.24592615592539,104.2829011323007,-2.036974976375305,-1.0906599661490741,-0.9463150102262308,32.30073094326487,105.949,116.90200948790273,94.99599051209726,21.906018975805466,0.2905141958897959,33.890339425587456,23.289817232375967,-66.10966057441254,3.6599999999999966,3.7664285714285675,2.8200446337999603,-8.503339953060122,1211936.25,1.2471910135537245,2.780000000000001,-9.420000000000002,-70.70676184231255,30.046499449564834,98.5,-2.8599999999999994,-2.8216258879242297,0,0,1,100.91,99.94,98.98,1.0828111562054243,98.47,1278366.0,32.11169284467712,98.16,935902.0,30.289608177172028,98.99,1100246.0,27.86833855799371,98.58,961813.0,38.322620140801966,110.78,1292051.0,61.5831987075929,1.015977387085781,0.9566867077556183,0.9557791825711742,1.713543112968831,5.476504743951369,1,-1,0,1,0,0
2023-09-06 01:19:21.305279,100.42,100.42,98.42,98.5,1404000,99.096,100.205,105.5635,105.84179999999998,101.66962982424455,103.85453808514215,-2.1849082608976005,-1.3095096250987794,-0.875398635798821,30.86132357831724,105.5635,117.00945773279962,94.11754226720039,22.891915465599226,0.1914412858716579,18.955613577023485,23.88163620539599,-81.04438642297652,2.9399999999999977,3.8414285714285676,-3.2891507118311187,-11.028814018607166,1214372.35,1.1561528060153872,-3.3499999999999943,-12.209999999999994,-82.03933091842511,29.969215063025004,100.84,2.3400000000000034,2.375634517766501,1,1,0,98.98,100.39,100.34,0.7913722259487017,101.36,1511516.0,32.30073094326487,98.47,1278366.0,32.11169284467712,98.16,935902.0,30.289608177172028,101.85,1309237.0,35.78712555768004,110.71,1022106.0,64.13189771197845,0.9939856300960684,0.9330876676123849,0.9306342106804686,1.3000115384114048,5.722978866399804,-1,-1,0,1,0,0
2023-09-07 01:19:21.305279,98.96,100.95,98.96,100.84,1019170,99.46600000000001,99.931,105.06700000000001,105.65,101.54199446666847,103.63123896756905,-2.089244500900577,-1.4654566002591392,-0.6237879006414377,33.747609942638604,105.06700000000001,116.42315594709407,93.71084405290594,22.712311894188133,0.31388948779443043,31.174934725848573,28.00696257615318,-68.82506527415143,2.450000000000003,3.8728571428571397,1.8688756440044536,-2.6452983201390183,1213796.65,0.8396546489068001,1.8500000000000085,-2.739999999999995,-60.93518112079594,29.822028873703374,100.91,0.06999999999999318,0.06941689805632008,1,0,0,99.94,99.24,103.57,0.7974145722288597,98.5,1404000.0,30.86132357831724,101.36,1511516.0,32.30073094326487,98.47,1278366.0,32.11169284467712,98.99,1100246.0,27.86833855799371,103.58,1751004.0,46.39951792708647,1.0138137655078117,0.9597685286531451,0.9544723142451491,1.5088008483570194,5.678077973547031,1,-1,0,1,0,0
2023-09-08 01:19:21.305279,101.11,101.26,100.63,100.91,943764,100.01599999999999,99.87100000000001,104.457,105.52959999999999,101.44476454871948,103.4296657105824,-1.984901161862922,-1.5693455125798959,-0.41555564928302613,29.92922143579372,104.457,115.29280439294142,93.62119560705857,21.671608785882853,0.3363296405428583,31.54046997389031,27.2236727589208,-68.45953002610969,0.6300000000000097,3.6785714285714266,2.8015484922575387,-0.5910747709585347,1196669.65,0.7886587580791408,2.75,-0.6000000000000085,-47.053312198018396,28.421107978194257,98.98,-1.9299999999999926,-1.912595382023578,0,0,0,100.39,99.42,101.06,0.5669920634390491,100.84,1019170.0,33.747609942638604,98.5,1404000.0,30.86132357831724,101.36,1511516.0,32.30073094326487,98.16,935902.0,30.289608177172028,101.51,1015742.0,42.18340611353713,1.0089385698288273,0.9660434437136812,0.9562246042816424,1.41181797693717,5.417902196470715,1,-1,0,1,0,0
2023-09-09 01:19:21.305279,101.27,101.27,98.68,98.98,1433921,100.11800000000001,99.664,103.9195,105.3898,101.06557000276263,103.1000608429355,-2.0344908401728787,-1.6623745780984924,-0.3721162620743863,30.040595399188092,103.9195,114.72042096463049,93.1185790353695,21.601841929260985,0.2713389434023611,25.13761467889909,29.284339792879337,-74.86238532110092,2.589999999999989,3.5114285714285693,0.5179242408855541,-2.0484908461157776,1191145.35,1.2038169816974897,0.5100000000000051,-2.069999999999993,-58.68165399026287,28.4365259174878,99.94,0.9599999999999937,0.9698929076581064,1,0,0,99.24,98.71,105.42,0.6472634703139535,100.91,943764.0,29.92922143579372,100.84,1019170.0,33.747609942638604,98.5,1404000.0,30.86132357831724,98.47,1278366.0,32.11169284467712,101.05,1079385.0,45.0419645632577,0.9886334125731636,0.9524680161086226,0.9391800724548297,1.2849202309882826,5.400460482315246,1,-1,0,1,0,0
2023-09-10 01:19:21.305279,98.92,100.07,98.92,99.94,1125764,99.834,99.8,103.48049999999998,105.222,100.89240538695297,102.86598226184822,-1.9735768748952438,-1.724615037457843,-0.24896183743740075,32.315270935960584,103.48049999999998,114.17306204835299,92.78793795164697,21.385124096706022,0.3344409887925164,31.009174311926575,29.229086321572,-68.99082568807341,1.1499999999999915,3.5528571428571403,-1.4009471191791651,1.3795901805640083,1204937.65,0.9342923262460926,-1.4200000000000017,1.3599999999999994,-54.274930306372596,30.46918376687256,100.39,0.45000000000000284,0.45027016209726123,1,0,0,99.42,98.98,101.36,0.6413033603551583,98.98,1433921.0,30.040595399188092,100.91,943764.0,29.92922143579372,100.84,1019170.0,33.747609942638604,101.36,1511516.0,32.30073094326487,98.58,961813.0,38.322620140801966,1.0010617625257927,0.9657858243823717,0.9498013723365837,1.0828111562054243,5.346281024176505,-1,-1,0,1,0,0
2023-09-11 01:19:21.305279,100.7,100.78,99.47,100.39,1508677,100.212,99.654,102.92349999999999,105.0592,100.81511225049867,102.68257616828431,-1.867463917785642,-1.7531848135234027,-0.1142791042622393,43.28986116954144,102.92349999999999,112.99297921090917,92.85402078909081,20.13895842181836,0.37419905503875417,61.061946902654874,39.06957863116019,-38.93805309734512,1.3100000000000023,3.0714285714285694,1.9187817258883255,-1.4334806087383345,1200726.7,1.2564699360812082,1.8900000000000006,-1.4599999999999937,-42.591789149458315,40.90702688352924,99.24,-1.1500000000000057,-1.1455324235481679,0,0,0,98.71,100.34,101.1,0.6210636038304121,99.94,1125764.0,32.315270935960584,98.98,1433921.0,30.040595399188092,100.91,943764.0,29.92922143579372,98.5,1404000.0,30.86132357831724,101.85,1309237.0,35.78712555768004,1.0017762343831078,0.9753846303322371,0.9555564862477536,0.7913722259487017,5.03473960545459,1,-1,0,1,0,0
2023-09-12 01:19:21.305279,99.92,99.92,99.13,99.24,1193706,99.89200000000001,99.679,102.38499999999999,104.9192,100.5727872888835,102.42757052606859,-1.8547832371850888,-1.77350449825574,-0.08127873892934878,45.032822757111575,102.38499999999999,112.00048641241582,92.76951358758416,19.230972824831667,0.33646173136186497,52.71411338962599,48.26174486806915,-47.285886610374014,1.2600000000000051,2.979999999999999,-1.5866719555731938,0.2525507627033034,1199395.15,0.995256650821041,-1.6000000000000085,0.25,-51.64255319148937,40.51940935263441,99.42,0.18000000000000682,0.18137847642080493,1,0,0,98.98,103.57,102.34,1.9807397607972144,100.39,1508677.0,43.28986116954144,99.94,1125764.0,32.315270935960584,98.98,1433921.0,30.040595399188092,100.84,1019170.0,33.747609942638604,98.99,1100246.0,27.86833855799371,0.9934729507868496,0.9692826097572887,0.9458707271881599,0.7974145722288597,4.8077432062079195,-1,-1,0,1,0,0
2023-09-13 01:19:21.305279,99.4,99.69,99.12,99.42,1057370,99.59400000000001,99.80499999999999,101.804,104.81219999999999,100.39543539828604,102.20478752404004,-1.8093521257540033,-1.7806740237553926,-0.02867810199861065,46.38901196278246,101.804,110.58561332737696,93.02238667262304,17.56322665475392,0.36426184397303146,54.88540410132692,56.22048813120261,-45.11459589867308,0.5699999999999932,2.7914285714285705,-1.4765632742047319,1.2836185819070958,1204625.6,0.8777582013863892,-1.4899999999999949,1.2600000000000051,-49.50511575117231,40.60979018544499,98.71,-0.710000000000008,-0.7141420237376865,0,0,0,100.34,101.06,102.97,1.9540649938021715,99.24,1193706.0,45.032822757111575,100.39,1508677.0,43.28986116954144,99.94,1125764.0,32.315270935960584,100.91,943764.0,29.92922143579372,98.16,935902.0,30.289608177172028,0.9982529068016145,0.9765824525558917,0.9485536989014639,0.5669920634390491,4.390806663688477,-1,-1,0,1,0,0
2023-09-14 01:19:21.305279,98.48,99.28,98.14,98.71,1010239,99.53999999999999,99.829,101.0985,104.6614,100.13613764470358,101.9459143740062,-1.8097767293026124,-1.7864945648648365,-0.023282164437775865,50.31234983181161,101.0985,108.2740499330777,93.9229500669223,14.351099866155408,0.33356676336474583,39.45578231292509,49.018433267959345,-60.54421768707492,1.2800000000000011,2.4185714285714277,-0.27278238027885454,0.24372905453437077,1197698.95,0.8434832476057527,-0.27000000000001023,0.23999999999999488,-64.50887548377362,40.474890371676175,98.98,0.27000000000001023,0.2735285178806709,1,0,0,103.57,105.42,101.74,2.5904401170463967,99.42,1057370.0,46.38901196278246,99.24,1193706.0,45.032822757111575,100.39,1508677.0,43.28986116954144,98.98,1433921.0,30.040595399188092,98.47,1278366.0,32.11169284467712,0.9916616435603778,0.9763745258337165,0.9431366291679645,0.6472634703139535,3.5877749665388516,-1,-1,0,1,0,0
2023-09-15 01:19:21.305279,98.5,100.7,96.25,98.98,1054411,99.348,99.59100000000001,100.5085,104.54599999999999,99.95827031474919,101.72621701288622,-1.7679466981370382,-1.782784991519277,0.014838293382238854,41.94272880404271,100.5085,106.09730563457339,94.91969436542661,11.17761126914678,0.3632534301654356,50.15822784810135,48.16647142078446,-49.84177215189865,4.450000000000003,2.4092857142857134,-0.9605763458074783,-2.3480662983425367,1185816.95,0.8891852996366767,-0.9599999999999937,-2.3799999999999955,-68.50626378657334,32.59285886286423,100.34,1.3599999999999994,1.374014952515659,1,0,0,101.06,101.36,101.37,2.0974746720767437,98.71,1010239.0,50.31234983181161,99.42,1057370.0,46.38901196278246,99.24,1193706.0,45.032822757111575,99.94,1125764.0,32.315270935960584,101.36,1511516.0,32.30073094326487,0.9962958489350566,0.9847923309968809,0.9467602777724639,0.6413033603551583,2.7944028172866933,-1,-1,0,1,0,0
2023-09-16 01:19:21.305279,99.23,102.05,97.62,100.34,1106932,99.338,99.775,99.99,104.44760000000001,100.01699795863394,101.62353427115525,-1.606536312521314,-1.7475352557196846,0.1409989431983707,54.138565297363606,99.99,102.85341717092075,97.12658282907924,5.72683434184151,0.5611157891267836,69.55782312925182,53.0572777634261,-30.442176870748188,4.429999999999993,2.2942857142857136,-0.049805757545569436,1.8680203045685313,1190058.25,0.9301494275595333,-0.04999999999999716,1.8400000000000034,-1.3260173754004476,39.742871338086644,103.57,3.2299999999999898,3.2190552122782434,1,1,0,105.42,101.1,100.42,1.936780834272035,98.98,1054411.0,41.94272880404271,98.71,1010239.0,50.31234983181161,99.42,1057370.0,46.38901196278246,100.39,1508677.0,43.28986116954144,98.5,1404000.0,30.86132357831724,1.0100867744468383,1.0035003500350035,0.9606731030679498,0.6210636038304121,1.4317085854603793,-1,-1,0,1,0,0
2023-09-17 01:19:21.305279,100.29,105.07,100.29,103.57,1463825,100.204,100.048,99.98949999999999,104.4108,100.56361365730562,101.76771691778275,-1.204103260477126,-1.6388488566711727,0.43474559619404674,64.457509353287,99.98949999999999,102.85027998197172,97.12872001802826,5.721559963943463,1.1257908721684038,82.99319727891155,67.56974941875491,-17.006802721088448,4.779999999999987,2.469999999999998,4.36316001612253,2.707259024196737,1175699.3,1.2450675100342408,4.329999999999998,2.7299999999999898,197.40703592258316,47.71770365581246,101.06,-2.509999999999991,-2.4234817031958977,0,0,1,101.36,102.34,99.28,1.8430626684959566,100.34,1106932.0,54.138565297363606,98.98,1054411.0,41.94272880404271,98.71,1010239.0,50.31234983181161,99.24,1193706.0,45.032822757111575,100.84,1019170.0,33.747609942638604,1.0335914733942757,1.0358087599197916,0.9919471932022358,1.9807397607972144,1.430389990985863,1,-1,0,1,0,0
2023-09-18 01:19:21.305279,103.28,103.28,100.31,101.06,1433903,100.53200000000001,100.06299999999999,99.967,104.3502,100.63998078695093,101.7152934423758,-1.0753126554248666,-1.5261416164219117,0.45082896099704506,56.19320899091345,99.967,102.7841736489624,97.1498263510376,5.634347297924791,0.693988751883039,54.53514739229032,69.02872260015124,-45.46485260770968,3.259999999999991,2.48285714285714,1.649567491450413,0.14864730948370397,1196607.35,1.1983070302885903,1.6400000000000006,0.15000000000000568,113.06107371079172,47.12828482304963,105.42,4.359999999999999,4.314268751236888,1,1,0,101.1,102.97,101.02,1.7275184514220157,103.57,1463825.0,64.457509353287,100.34,1106932.0,54.138565297363606,98.98,1054411.0,41.94272880404271,99.42,1057370.0,46.38901196278246,100.91,943764.0,29.92922143579372,1.0052520590458758,1.01093360809067,0.9684696339824935,1.9540649938021715,1.4085868244811943,1,-1,0,1,0,0
2023-09-19 01:19:21.305279,100.26,110.73,100.26,105.42,1274408,101.874,100.70700000000001,100.18549999999999,104.28659999999999,101.37536835818923,101.98971615042369,-0.6143477922344545,-1.3437828515844203,0.7294350593499659,59.07059874888294,100.18549999999999,103.89340606251126,96.47759393748872,7.415812125022541,1.2058566090607508,63.32872928176795,66.95235798432329,-36.67127071823205,10.469999999999999,2.9692857142857116,6.797690203626794,6.506364922206504,1206358.5,1.056409019375252,6.710000000000008,6.439999999999998,279.8039623164329,46.539363405101454,101.36,-4.060000000000002,-3.851261620185925,0,0,1,102.34,101.74,101.79,0.7575750787897966,101.06,1433903.0,56.19320899091345,103.57,1463825.0,64.457509353287,100.34,1106932.0,54.138565297363606,98.71,1010239.0,50.31234983181161,98.98,1433921.0,30.040595399188092,1.0348077036339007,1.052248079811949,1.0108681268734432,2.5904401170463967,1.8539530312556378,1,1,0,0,0,0
2023-09-20 01:19:21.305279,106.03,106.03,100.83,101.36,1119170,102.35,100.849,100.3245,104.11319999999999,101.3730039953909,101.94307050963964,-0.5700665142487367,-1.1890395841172836,0.6189730698685469,56.06446140797286,100.3245,103.98714485971651,96.66185514028349,7.325289719433016,0.6413595966386088,35.29005524861877,51.05131064089235,-64.70994475138123,5.200000000000003,3.1307142857142836,2.4045261669023996,1.4208525115069057,1214226.35,0.921714472758724,2.3799999999999955,1.4200000000000017,118.97250279211282,47.2533879961503,101.1,-0.2600000000000051,-0.25651144435675327,0,0,0,102.97,101.37,100.43,0.7557975919539335,105.42,1274408.0,59.07059874888294,101.06,1433903.0,56.19320899091345,103.57,1463825.0,64.457509353287,98.98,1054411.0,41.94272880404271,99.94,1125764.0,32.315270935960584,0.9903273082559844,1.0103215067107236,0.9735557066731213,2.0974746720767437,1.8313224298582533,1,1,0,1,0,0
2023-09-21 01:19:21.305279,100.42,101.85,100.42,101.1,658115,102.502,100.92,100.287,104.0226,101.33100338071539,101.88062084224414,-0.5496174615287543,-1.0611551595995778,0.5115376980708235,50.604651162790674,100.287,103.89888739114366,96.67511260885635,7.2237747822873075,0.6125450369789301,33.4944751381215,44.03775322283608,-66.50552486187851,1.4299999999999926,3.05785714285714,0.7574247558301683,0.7072417571471199,1181670.25,0.5569362518858371,0.7599999999999909,0.7099999999999937,41.11575112454914,41.71133996125644,102.34,1.240000000000009,1.2265084075173187,1,0,0,101.74,100.42,102.29,0.9680237600406989,101.36,1119170.0,56.06446140797286,105.42,1274408.0,59.07059874888294,101.06,1433903.0,56.19320899091345,100.34,1106932.0,54.138565297363606,100.39,1508677.0,43.28986116954144,0.9863222181030614,1.0081067336743545,0.9719041823603717,1.936780834272035,1.8059436955718273,1,-1,0,1,0,0
2023-09-22 01:19:21.305279,101.2,102.96,101.2,102.34,1224261,102.256,101.22999999999999,100.45450000000001,103.9478,101.48623362983611,101.91464892801129,-0.42841529817518165,-0.9346071873146986,0.506191889139517,53.15394794883107,100.45450000000001,104.12339327927694,96.78560672072308,7.337786558553859,0.7569575968112638,42.05801104972377,36.94751381215469,-57.94198895027623,1.8599999999999994,3.145714285714282,-1.1876025876218883,3.1237404272470863,1187871.0,1.0306346396199588,-1.2299999999999898,3.1000000000000085,81.30178457616323,42.81873219060181,102.97,0.6299999999999955,0.6155950752393936,1,0,0,101.37,99.28,102.97,1.3909097742136944,101.1,658115.0,50.604651162790674,101.36,1119170.0,56.06446140797286,105.42,1274408.0,59.07059874888294,103.57,1463825.0,64.457509353287,99.24,1193706.0,45.032822757111575,1.0008214676889375,1.0187696917509916,0.9845326211810159,1.8430626684959566,1.8344466396384644,-1,1,0,1,0,0
2023-09-23 01:19:21.305279,101.06,103.53,101.06,102.97,840525,102.638,101.58500000000001,100.69500000000001,103.9126,101.71450537909209,101.99282308150778,-0.2783177024156913,-0.8033492903348971,0.5250315879192058,59.3355170800187,100.69500000000001,104.36120124637667,97.02879875362335,7.332402492753317,0.810266655744607,46.408839779005504,40.6537753222836,-53.591160220994496,2.469999999999999,3.1371428571428543,1.8899663566198261,3.5707101186883894,1183102.15,0.7104416131776956,1.9099999999999966,3.549999999999997,87.13325219487372,50.11915495747271,101.74,-1.230000000000004,-1.1945226765077246,0,0,0,100.42,101.02,104.7,0.9625383109274672,102.34,1224261.0,53.15394794883107,101.1,658115.0,50.604651162790674,101.36,1119170.0,56.06446140797286,101.06,1433903.0,56.19320899091345,99.42,1057370.0,46.38901196278246,1.0032346694206824,1.0225929787973582,0.9909289152614794,1.7275184514220157,1.833100623188326,1,1,0,1,0,0
2023-09-24 01:19:21.305279,103.0,103.0,101.42,101.74,688961,101.902,101.888,100.85849999999999,103.81620000000001,101.71842762846255,101.97409544583702,-0.25566781737447286,-0.6938129957428123,0.43814517836833944,54.158964879852114,100.85849999999999,104.39631541275446,97.32068458724552,7.075630825508938,0.6245825314715452,37.91436464088393,42.12707182320441,-62.08563535911607,1.5799999999999983,3.1678571428571405,-3.490798709922222,3.0695978117718585,1153631.9,0.597210427346886,-3.680000000000007,3.030000000000001,57.619555728004734,47.89344860215423,101.37,-0.36999999999999034,-0.3636721053666113,0,0,0,99.28,101.79,106.07,0.9753614714571766,102.97,840525.0,59.3355170800187,102.34,1224261.0,53.15394794883107,101.1,658115.0,50.604651162790674,105.42,1274408.0,59.07059874888294,98.71,1010239.0,50.31234983181161,0.9984102372868049,1.0087399673800423,0.9800011944185973,0.7575750787897966,1.7689077063772325,-1,1,0,1,0,0
2023-09-25 01:19:21.305279,101.25,101.67,100.97,101.37,1114340,101.904,102.127,100.85900000000001,103.745,101.66482337792985,101.92934763502652,-0.26452425709666727,-0.6079552480135834,0.3434309909169161,52.27272727272729,100.85900000000001,104.39711665631172,97.3208833436883,7.07623331262343,0.5722135601561374,35.35911602209947,39.89410681399631,-64.64088397790053,0.769999999999996,3.1292857142857113,0.009865824782956901,2.414629218023844,1133773.1,0.982859797961338,0.010000000000005116,2.3900000000000006,21.103519916895863,39.29400352835067,100.42,-0.9500000000000028,-0.937160895728522,0,0,0,101.02,100.43,104.36,0.921341413376748,101.74,688961.0,54.158964879852114,102.97,840525.0,59.3355170800187,102.34,1224261.0,53.15394794883107,101.36,1119170.0,56.06446140797286,98.98,1054411.0,41.94272880404271,0.9947597739048517,1.005066478945855,0.9771073304737578,0.7557975919539335,1.7690583281558592,1,1,0,1,0,0
2023-09-26 01:19:21.305279,101.07,101.07,100.11,100.42,1592200,101.768,102.135,100.95500000000001,103.6586,101.47331208901755,101.81754410648803,-0.3442320174704747,-0.5552106019049616,0.21097858443448692,52.762172284644215,100.95500000000001,104.32375113514081,97.58624886485921,6.737502270281595,0.4205937187791626,28.798342541436465,34.02394106813997,-71.20165745856353,1.2600000000000051,3.1292857142857113,-0.6726013847675496,0.07972892166633276,1143183.1,1.3927777623724493,-0.6799999999999926,0.0799999999999983,-21.879265091862923,38.26907077320717,99.28,-1.1400000000000006,-1.1352320254929302,0,0,0,101.79,102.29,103.24,1.179478698410089,101.37,1114340.0,52.27272727272729,101.74,688961.0,54.158964879852114,102.97,840525.0,59.3355170800187,101.1,658115.0,50.604651162790674,100.34,1106932.0,54.138565297363606,0.9867541859916673,0.9947006091823088,0.968757054407449,0.9680237600406989,1.6843755675704002,-1,1,0,1,0,0
2023-09-27 01:19:21.305279,100.99,100.99,98.8,99.28,1111658,101.15599999999999,101.70599999999999,100.877,103.5272,101.13587945993794,101.62957787634977,-0.49369841641183143,-0.5429081648063356,0.049209748394504205,49.68637992831541,100.877,104.32819414878644,97.42580585121355,6.902388297572884,0.2686308084751543,20.925414364640886,28.36095764272562,-79.07458563535911,2.1899999999999977,3.2449999999999974,-2.9900332225913644,-4.142126098291003,1147807.5,0.9685056074298173,-3.0600000000000023,-4.289999999999992,-61.789904434581395,38.13186767938954,101.02,1.7399999999999949,1.7526188557614775,1,0,0,100.43,102.97,104.84,1.0055346836401693,100.42,1592200.0,52.762172284644215,101.37,1114340.0,52.27272727272729,101.74,688961.0,54.158964879852114,102.34,1224261.0,53.15394794883107,103.57,1463825.0,64.457509353287,0.9814543872830085,0.9841688392795187,0.9589750326484249,1.3909097742136944,1.7255970743932203,-1,-1,0,1,0,0
2023-09-28 01:19:21.305279,98.59,101.56,98.59,101.02,1342618,100.76599999999999,101.70200000000001,100.88250000000001,103.39280000000001,101.11805185071671,101.58442395957688,-0.46637210886017044,-0.5276009536171026,0.06122884475693213,54.94646680942184,100.88250000000001,104.33426613832259,97.43073386167742,6.903532276645166,0.5199173400644703,32.941988950276205,27.55524861878453,-67.0580110497238,2.969999999999999,3.365714285714283,-1.8937554627561453,-0.039580447259060215,1167750.2,1.1497476086923386,-1.9500000000000028,-0.04000000000000625,-25.370150002834045,45.593590230713374,101.79,0.7700000000000102,0.7622253019204219,1,0,0,102.29,104.7,106.17,1.5711078893581798,99.28,1111658.0,49.68637992831541,100.42,1592200.0,52.762172284644215,101.37,1114340.0,52.27272727272729,102.97,840525.0,59.3355170800187,101.06,1433903.0,56.19320899091345,1.0025206915030864,1.0013629717740935,0.9770506263492235,0.9625383109274672,1.725883069161291,-1,1,0,1,0,0
2023-09-29 01:19:21.305279,101.9,103.12,101.18,101.79,1092768,100.776,101.339,101.023,103.3246,101.22142848906799,101.59965181442499,-0.37822332535699843,-0.49772542796508173,0.1195021026080833,55.8909853249476,101.023,104.37605108504678,97.66994891495321,6.706102170093573,0.6143734438494706,31.807780320366145,28.55839454509442,-68.19221967963385,2.1000000000000085,3.1978571428571407,0.04914487910360858,-3.443369379624355,1150692.55,0.9496611410232907,0.05000000000001137,-3.6299999999999955,48.75864875864946,52.205565662869525,100.43,-1.3599999999999994,-1.3360840947047836,0,0,0,102.97,106.07,106.18,2.1793622920486877,101.02,1342618.0,54.94646680942184,99.28,1111658.0,49.68637992831541,100.42,1592200.0,52.762172284644215,101.74,688961.0,54.158964879852114,105.42,1274408.0,59.07059874888294,1.010061919504644,1.0075923304594003,0.9851477770056696,0.9753614714571766,1.6765255425233931,1,1,0,1,0,0
2023-09-30 01:19:21.305279,101.19,101.19,99.73,100.43,1113803,100.588,101.24600000000001,101.0475,103.2422,101.0996702599806,101.51301093927215,-0.4133406792915508,-0.4808484782303756,0.06750779893882475,50.188679245283026,101.0475,104.37428998118808,97.72071001881191,6.65357996237617,0.4071928189798944,15.156507413509088,26.635425561383823,-84.84349258649091,2.0600000000000023,3.028571428571427,-0.9272960441945326,-0.9175217048145152,1150094.5,0.9684447669300218,-0.9399999999999977,-0.9299999999999926,-31.303472571716107,45.400762929942395,102.29,1.8599999999999994,1.8520362441501534,1,0,0,104.7,104.36,106.48,1.4882103345978723,101.79,1092768.0,55.8909853249476,101.02,1342618.0,54.94646680942184,99.28,1111658.0,49.68637992831541,101.37,1114340.0,52.27272727272729,101.36,1119170.0,56.06446140797286,0.9984292360917805,0.9938890125930875,0.9727611383717124,0.921341413376748,1.6633949905940415,-1,1,0,1,0,0
2023-10-01 01:19:21.305279,100.39,102.74,100.39,102.29,1368735,100.962,101.36500000000001,101.1425,103.2158,101.28279791229127,101.57056568451755,-0.2877677722262746,-0.44223233702955544,0.15446456480328086,47.15302491103206,101.1425,104.49861852873723,97.78638147126277,6.712237057474454,0.6709564173872855,30.477759472817155,25.81401573556414,-69.52224052718284,2.3499999999999943,2.854999999999999,1.862178848834898,1.1770524233432365,1143097.4,1.197391403392222,1.8700000000000045,1.190000000000012,33.24873096446703,45.017815980684674,102.97,0.6799999999999926,0.6647766155049296,1,0,0,106.07,103.24,109.26,1.2433704194663655,100.43,1113803.0,50.188679245283026,101.79,1092768.0,55.8909853249476,101.02,1342618.0,54.94646680942184,100.42,1592200.0,52.762172284644215,101.1,658115.0,50.604651162790674,1.0131534636794042,1.0113453790444176,0.9910304430135697,1.179478698410089,1.6780592643686127,1,1,0,1,0,0
2023-10-02 01:19:21.305279,101.51,103.4,101.51,102.97,1008404,101.7,101.42800000000001,101.32900000000001,103.229,101.54236746424647,101.67422748567492,-0.13186002142845155,-0.38015787390933464,0.2482978524808831,54.62469733656174,101.32900000000001,104.65438497968938,98.00361502031063,6.650769959378749,0.7467383490968431,36.079077429983485,27.237781438769918,-63.920922570016515,1.8900000000000006,2.7571428571428567,3.7167606768734864,0.6155950752393936,1133832.3,0.8893766741342612,3.6899999999999977,0.6299999999999955,68.2308487135922,52.75661106117873,104.7,1.730000000000004,1.6801010002913508,1,0,0,104.36,104.84,108.02,1.0157361862235978,102.29,1368735.0,47.15302491103206,100.43,1113803.0,50.188679245283026,101.79,1092768.0,55.8909853249476,99.28,1111658.0,49.68637992831541,102.34,1224261.0,53.15394794883107,1.0124877089478859,1.0161947714869386,0.9974910151217197,1.0055346836401693,1.6626924898446849,1,1,0,1,0,0
2023-10-03 01:19:21.305279,103.09,105.77,103.09,104.7,1221050,102.436,101.601,101.593,103.2036,102.02815708513162,101.8983587830534,0.1297983020782283,-0.27816663871182207,0.40796494079005036,48.002219755826864,101.593,105.11292284604234,98.07307715395767,7.039845692084668,0.9413449009959679,82.12365591397851,49.560164272259726,-17.876344086021486,2.799999999999997,2.2092857142857136,3.642843001385871,1.6801010002913508,1142016.3,1.0692054045113015,3.680000000000007,1.730000000000004,148.69083585095652,52.5530780584886,106.07,1.3699999999999903,1.3085004775549096,1,0,0,103.24,106.17,109.25,1.227407837682381,102.97,1008404.0,54.62469733656174,102.29,1368735.0,47.15302491103206,100.43,1113803.0,50.188679245283026,101.02,1342618.0,54.94646680942184,102.97,840525.0,59.3355170800187,1.0221016049045257,1.0305828157451793,1.0144994942036907,1.5711078893581798,1.7599614230211704,1,1,0,0,0,0
2023-10-04 01:19:21.305279,104.8,108.75,103.99,106.07,1195265,103.292,102.034,101.961,103.1874,102.64997907203445,102.20736924359484,0.4426098284396147,-0.13401134528153466,0.5766211737211494,65.36203522504891,101.961,105.74114703139078,98.18085296860922,7.560294062781566,1.0434973779959322,73.62204724409442,63.94159352935214,-26.377952755905586,4.760000000000005,2.1778571428571425,4.204735239217984,4.255946530371533,1151267.6,1.0382164841605894,4.279999999999987,4.329999999999998,207.08642566435222,60.15558128911738,104.36,-1.7099999999999937,-1.6121429244838257,0,0,0,104.84,106.18,108.87,1.253523035290599,104.7,1221050.0,48.002219755826864,102.97,1008404.0,54.62469733656174,102.29,1368735.0,47.15302491103206,101.79,1092768.0,55.8909853249476,101.74,688961.0,54.158964879852114,1.0268946288192695,1.0402997224428947,1.0279355812822109,2.1793622920486877,1.8900735156953943,1,1,0,0,0,0
2023-10-05 01:19:21.305279,106.47,106.47,103.34,104.36,1027180,104.078,102.333,102.22999999999999,103.18979999999999,102.9130592147984,102.36682337371177,0.5462358410866273,0.0020380919920977686,0.5441977490945294,59.713945172824815,102.22999999999999,105.88043040000053,98.57956959999945,7.3008608000010895,0.7917464198193851,56.79133858267714,70.84568058025003,-43.20866141732285,3.1299999999999955,2.299285714285714,3.913173354575319,2.9495906086613344,1149906.05,0.893272976518386,3.9299999999999926,2.989999999999995,119.06136720880333,58.640452553802014,103.24,-1.1200000000000045,-1.0732081257186705,0,0,0,106.17,106.48,108.45,1.3551088517179264,106.07,1195265.0,65.36203522504891,104.7,1221050.0,48.002219755826864,102.97,1008404.0,54.62469733656174,100.43,1113803.0,50.188679245283026,101.37,1114340.0,52.27272727272729,1.0027095063317897,1.020835371221755,1.0113402681272763,1.4882103345978723,1.8252152000002748,1,1,0,0,0,0
2023-10-06 01:19:21.305279,104.98,104.98,103.08,103.24,1305444,104.26799999999999,102.61500000000001,102.375,103.1304,102.96335779713709,102.43150312381202,0.5318546733250713,0.1080014082586925,0.42385326506637877,52.70108043217285,102.375,105.93868525989093,98.81131474010907,7.127370519781863,0.6213631307084718,45.767716535433,58.72703412073486,-54.232283464567,1.9000000000000057,2.3021428571428575,0.92873203636718,2.8082055367456613,1159831.65,1.125546108351156,0.9499999999999886,2.819999999999993,64.79597431554818,50.63741855070816,104.84,1.6000000000000085,1.5497869043006671,1,0,0,106.18,109.26,110.88,1.6238780742422176,104.36,1027180.0,59.713945172824815,106.07,1195265.0,65.36203522504891,104.7,1221050.0,48.002219755826864,102.29,1368735.0,47.15302491103206,100.42,1592200.0,52.762172284644215,0.9901407910384779,1.0084493284493283,1.0010627322302639,1.2433704194663655,1.7818426299454624,1,1,0,0,0,0
2023-10-07 01:19:21.305279,103.15,105.42,103.15,104.84,1119466,104.64200000000001,103.171,102.4385,103.01180000000001,103.25207198219292,102.60991029983826,0.6421616823546543,0.21483346307788492,0.4273282192767694,55.30346001134431,102.4385,106.13463895272886,98.74236104727115,7.392277905457718,0.8248660332733123,61.51574803149609,54.69160104986875,-38.48425196850392,2.269999999999996,2.287857142857143,1.8160629309507668,5.6003223207091075,1142613.7,0.9797414471750164,1.8700000000000045,5.560000000000002,90.02961651781747,51.54736354392413,106.17,1.3299999999999983,1.268599771079739,1,0,0,106.48,108.02,112.77,1.3723410654807362,103.24,1305444.0,52.70108043217285,104.36,1027180.0,59.713945172824815,106.07,1195265.0,65.36203522504891,102.97,1008404.0,54.62469733656174,99.28,1111658.0,49.68637992831541,1.0018921656696163,1.023443334293259,1.0177474813565048,1.0157361862235978,1.8480694763644296,1,1,0,0,0,0
2023-10-08 01:19:21.305279,103.8,106.38,103.8,106.17,975925,104.93599999999999,103.68599999999999,102.694,102.87299999999999,103.70098398493245,102.87362064801525,0.8273633369172018,0.3373394378457484,0.4900238990714534,62.492949802594495,102.694,106.6837257523459,98.70427424765411,7.979451504691781,0.9356189141517021,74.60629921259844,60.62992125984251,-25.393700787401567,2.5799999999999983,2.3592857142857144,1.4040114613180503,5.0980003959612015,1119714.8,0.8715835496681833,1.4699999999999989,5.150000000000006,116.07356944385684,56.605465762069635,106.18,0.010000000000005116,0.00941885655081955,1,0,0,109.26,109.25,114.66,1.4698707426182043,104.84,1119466.0,55.30346001134431,103.24,1305444.0,52.70108043217285,104.36,1027180.0,59.713945172824815,104.7,1221050.0,48.002219755826864,101.02,1342618.0,54.94646680942184,1.011759548677289,1.0338481313416559,1.0320492257443645,1.227407837682381,1.994862876172946,1,1,0,0,0,0
2023-10-09 01:19:21.305279,106.12,106.9,105.7,106.18,1108121,104.95800000000001,104.125,102.73200000000001,102.802,104.0823710641736,103.11853763706566,0.963833427107943,0.46263823569818735,0.5011951914097557,63.845710995970066,102.73200000000001,106.84366044061667,98.62033955938335,8.22332088123332,0.9192953248205082,74.70472440944887,70.27559055118114,-25.295275590551125,1.2000000000000028,2.3900000000000006,0.10370510040540552,4.312800864525003,1111400.45,0.9970492633865679,0.11000000000001364,4.390000000000001,144.2776876698079,63.34276438461649,106.48,0.29999999999999716,0.2825390845733633,1,0,0,108.02,108.87,117.71,1.173767438637295,106.17,975925.0,62.492949802594495,104.84,1119466.0,55.30346001134431,103.24,1305444.0,52.70108043217285,106.07,1195265.0,65.36203522504891,101.79,1092768.0,55.8909853249476,1.0116427523390308,1.0335630572752403,1.032859282893329,1.253523035290599,2.055830220308329,1,1,0,0,0,0
2023-10-10 01:19:21.305279,106.73,107.68,105.76,106.48,848771,105.38200000000002,104.72999999999999,102.98800000000001,102.7572,104.45123705430073,103.36753484914853,1.083702205152207,0.5868510295889914,0.49685117556321556,68.122009569378,102.98800000000001,107.368740624716,98.60725937528403,8.761481249431966,0.898562743055164,77.65748031496067,75.65616797900266,-22.34251968503934,1.9200000000000017,2.4371428571428573,2.031429666538908,6.024096385542165,1097880.5,0.773099622408814,2.1200000000000045,6.049999999999997,132.78763074124552,71.56029246890458,109.26,2.780000000000001,2.6108189331329834,1,1,0,109.25,108.45,117.82,0.5351168096829573,106.18,1108121.0,63.845710995970066,106.17,975925.0,62.492949802594495,104.84,1119466.0,55.30346001134431,104.36,1027180.0,59.713945172824815,100.43,1113803.0,50.188679245283026,1.0104192366817861,1.0339068629354875,1.036229091489453,1.3551088517179264,2.1903703123579943,1,1,1,0,0,0
2023-10-11 01:19:21.305279,106.1,111.11,106.1,109.26,1266169,106.58600000000001,105.42699999999999,103.396,102.7118,105.19104673825447,103.80401374923376,1.3870329890207103,0.7468874214753353,0.640145567545375,77.17864923747278,103.396,108.49710163540395,98.29489836459605,10.2022032708079,1.0747778047884005,85.22364217252401,79.19528229897786,-14.776357827475998,5.010000000000005,2.6385714285714292,5.831073227431238,6.813960308925602,1128283.2,1.1222085022625525,6.02000000000001,6.969999999999999,174.62157912292085,78.67861834039553,108.02,-1.240000000000009,-1.1349075599487544,0,0,0,108.87,110.88,119.49,1.0991496713393252,106.48,848771.0,68.122009569378,106.18,1108121.0,63.845710995970066,106.17,975925.0,62.492949802594495,103.24,1305444.0,52.70108043217285,102.29,1368735.0,47.15302491103206,1.0250877225902089,1.0567139928043638,1.063753142287449,1.6238780742422176,2.550550817701978,1,1,1,0,0,0
2023-10-12 01:19:21.305279,110.15,110.15,107.13,108.02,1111490,107.22200000000001,105.93199999999999,103.67999999999999,102.67200000000001,105.62627031698455,104.11630902708298,1.5099612899015682,0.899502195160582,0.6104590947409861,69.59686450167972,103.67999999999999,109.15249582241042,98.20750417758957,10.944991644820846,0.8965283977218644,72.84710017574689,78.57607422107719,-27.15289982425312,3.0200000000000102,2.6421428571428587,3.033193437619222,4.904341070214622,1122644.65,0.9900639530059668,3.1799999999999926,5.049999999999997,139.18892760356186,71.19138278233265,109.25,1.230000000000004,1.1386780225884134,1,0,0,108.45,112.77,118.81,1.7804156818017485,109.26,1266169.0,77.17864923747278,106.48,848771.0,68.122009569378,106.18,1108121.0,63.845710995970066,104.84,1119466.0,55.30346001134431,102.97,1008404.0,54.62469733656174,1.0074425024715077,1.0418595679012346,1.0520882032102228,1.3723410654807362,2.7362479112052145,1,1,1,0,0,0
2023-10-13 01:19:21.305279,107.31,109.9,107.31,109.25,1331598,107.83800000000001,106.38700000000001,103.994,102.6362,106.1837671912946,104.49658243250079,1.6871847587938191,1.0570387078872296,0.6301460509065895,70.3602620087336,103.994,109.99054075718786,97.99745924281214,11.993081514375717,0.9382526703999972,83.6555360281195,80.57542612546347,-16.344463971880494,2.5900000000000034,2.6771428571428584,2.9010078176509353,4.345749761222538,1147198.3,1.1607391677620162,3.0799999999999983,4.549999999999997,130.45537829020896,71.76301617676918,108.87,-0.37999999999999545,-0.34782608695651757,0,0,0,110.88,114.66,119.64,2.62216132226945,108.02,1111490.0,69.59686450167972,109.26,1266169.0,77.17864923747278,106.48,848771.0,68.122009569378,106.17,975925.0,62.492949802594495,104.7,1221050.0,48.002219755826864,1.013093714646043,1.050541377387157,1.0644392524275061,1.4698707426182043,2.9982703785939284,1,1,1,0,0,0
2023-10-14 01:19:21.305279,108.62,109.13,108.5,108.87,1130378,108.376,106.667,104.35050000000001,102.55720000000001,106.59703377724928,104.82053928936564,1.7764944878836388,1.2009298638865116,0.5755646239971273,74.33679354094578,104.35050000000001,110.62418598110051,98.07681401889951,12.547371962200998,0.8601949486804888,79.10447761194035,78.53570460526892,-20.895522388059657,0.75,2.5835714285714295,2.5334337916745127,2.639766192137279,1169269.15,0.9667389240535424,2.6899999999999977,2.8000000000000114,116.3435376328929,78.54980205702924,108.45,-0.4200000000000017,-0.3857812069440633,0,0,0,112.77,117.71,119.38,3.5402443418507676,109.25,1331598.0,70.3602620087336,108.02,1111490.0,69.59686450167972,109.26,1266169.0,77.17864923747278,106.18,1108121.0,63.845710995970066,106.07,1195265.0,65.36203522504891,1.0045582047685835,1.0433107651616427,1.0615539425803355,1.173767438637295,3.1368429905502495,1,1,1,0,0,0
2023-10-15 01:19:21.305279,109.08,109.08,108.13,108.45,1033530,108.77000000000001,107.076,104.70450000000001,102.5106,106.88210550382631,105.08938823090415,1.792717272922161,1.3192873456936416,0.4734299272285194,69.37106918238992,104.70450000000001,111.0684129803161,98.34058701968392,12.727825960632174,0.7942764940049478,72.29166666666669,78.35056010224218,-27.708333333333314,0.9500000000000028,2.4835714285714303,1.850112697220134,3.919126101954775,1165228.65,0.8869761312511498,1.9699999999999989,4.090000000000003,98.97400097311203,71.47322545020424,110.88,2.4299999999999926,2.2406639004149307,1,1,0,114.66,117.82,119.68,3.04508948965493,108.87,1130378.0,74.33679354094578,109.25,1331598.0,70.3602620087336,108.02,1111490.0,69.59686450167972,106.48,848771.0,68.122009569378,104.36,1027180.0,59.713945172824815,0.9970580123195734,1.0357721014856094,1.057939374074486,0.5351168096829573,3.181956490158045,1,1,1,0,0,0
2023-10-16 01:19:21.305279,109.03,112.41,109.03,110.88,1388308,109.09400000000001,107.83999999999999,105.22749999999999,102.514,107.49716619554535,105.51832243603718,1.978843759508166,1.4511986284565466,0.5276451310516195,72.40793201133143,105.22749999999999,111.8238526604507,98.63114733954929,13.19270532090141,0.9284564736729667,83.60128617363343,78.33247681741348,-16.398713826366578,3.9599999999999937,2.6314285714285726,1.4827018121910949,7.400232468035646,1155034.05,1.2019628339095285,1.6199999999999903,7.640000000000001,137.464500970477,72.30840240090768,112.77,1.8900000000000006,1.704545454545455,1,0,0,117.71,119.49,121.16,2.7131439327848734,108.45,1033530.0,69.37106918238992,108.87,1130378.0,74.33679354094578,109.25,1331598.0,70.3602620087336,109.26,1266169.0,77.17864923747278,103.24,1305444.0,52.70108043217285,1.0163712028159202,1.0537169466156662,1.081608365686638,1.0991496713393252,3.298176330225355,1,1,1,0,0,0
2023-10-17 01:19:21.305279,111.16,113.54,111.16,112.77,1448124,110.04400000000001,108.633,105.902,102.69779999999999,108.30837139623067,106.05548373708865,2.2528876591420186,1.6115364345936412,0.6413512245483775,72.65581134194271,105.902,112.69361898379425,99.11038101620575,13.583237967588502,1.0056231817765395,92.63862332695976,82.84385872241995,-7.361376673040246,2.660000000000011,2.6214285714285737,4.397333827069062,7.5639069057611525,1171857.35,1.2357510920591144,4.75,7.929999999999993,160.09341876759086,72.86554211752156,114.66,1.8900000000000006,1.6759776536312856,1,0,0,117.82,118.81,119.24,1.8501540476424314,110.88,1388308.0,72.40793201133143,108.45,1033530.0,69.37106918238992,108.87,1130378.0,74.33679354094578,108.02,1111490.0,69.59686450167972,104.84,1119466.0,55.30346001134431,1.0247719094180507,1.0648524107193442,1.09807610289607,1.7804156818017485,3.3958094918971273,1,1,1,0,0,0
2023-10-18 01:19:21.305279,111.68,115.63,111.68,114.66,1279263,111.126,109.482,106.58399999999999,102.9608,109.2855450275798,106.692855312138,2.592689715441807,1.8077670907632746,0.7849226246785326,73.43153300600108,106.58399999999999,114.02025655682537,99.1477434431746,14.872513113650768,1.0430151540822938,92.27091633466135,89.50360861175152,-7.729083665338638,3.9499999999999886,2.5635714285714295,4.95194508009153,7.996609211641702,1168689.6,1.0946131462109356,5.409999999999997,8.489999999999995,172.62421708297654,73.15344528672055,117.71,3.049999999999997,2.6600383743240865,1,1,0,119.49,119.64,124.29,0.9047264780075424,112.77,1448124.0,72.65581134194271,110.88,1388308.0,72.40793201133143,108.45,1033530.0,69.37106918238992,109.25,1331598.0,70.3602620087336,106.17,975925.0,62.492949802594495,1.031801738567032,1.0757712226975906,1.1136277107403982,2.62216132226945,3.718128278412695,1,1,1,0,0,0
2023-10-19 01:19:21.305279,114.61,117.78,114.61,117.71,1268166,112.894,110.63499999999999,107.38,103.294,110.58161502333675,107.50894010385386,3.0726749194828926,2.060748656507198,1.0119262629756944,83.9349262836807,107.38,115.97373333491093,98.78626666508906,17.187466669821873,1.101019347321129,99.52380952380948,94.81111639514353,-0.47619047619052635,3.1700000000000017,2.566428571428573,8.11977587948929,10.858918817103019,1177459.5,1.07703577065708,8.83999999999999,11.529999999999987,194.84122906176125,79.687020540189,117.82,0.10999999999999943,0.09345000424772698,1,0,0,118.81,119.38,121.85,0.744761706862016,114.66,1279263.0,73.43153300600108,112.77,1448124.0,72.65581134194271,110.88,1388308.0,72.40793201133143,108.87,1130378.0,74.33679354094578,106.18,1108121.0,63.845710995970066,1.0426594858894183,1.0962004097597318,1.139562801324375,3.5402443418507676,4.29686666745547,1,1,1,0,0,0
2023-10-20 01:19:21.305279,117.74,118.34,116.99,117.82,746833,114.76799999999999,111.769,108.24949999999998,103.67880000000001,111.69521271205417,108.2727223184026,3.4224903936515716,2.3330970039360728,1.0893933897154988,89.0675241157556,108.24949999999998,117.38438046186764,99.11461953813233,18.269760923735305,1.0238437459554504,96.57669519420665,96.12380701755916,-3.423304805793353,1.3500000000000085,2.527142857142859,8.63992623328722,10.649887302779854,1159111.0,0.6443153416713326,9.36999999999999,11.33999999999999,187.23679948169737,86.81479065654983,119.49,1.6700000000000017,1.4174163978950958,1,0,0,119.64,119.68,118.95,0.3509273429189233,117.71,1268166.0,83.9349262836807,114.66,1279263.0,73.43153300600108,112.77,1448124.0,72.65581134194271,108.45,1033530.0,69.37106918238992,106.48,848771.0,68.122009569378,1.0265927784748363,1.0884114938175236,1.1363943255516074,3.04508948965493,4.567440230933828,1,1,1,0,0,0
2023-10-21 01:19:21.305279,118.1,119.85,118.1,119.49,928367,116.48999999999998,112.792,109.1095,104.0316,112.89441075635352,109.10363177631825,3.7907789800352703,2.6246333991559125,1.1661455808793577,89.10838227442602,109.1095,119.08219846815902,99.13680153184097,19.945396936318048,1.0204458970229076,97.7570093457944,97.95250468793684,-2.242990654205604,2.030000000000001,2.510000000000002,7.765151515151516,9.362987369577146,1137092.6,0.8164392240350521,8.61,10.22999999999999,183.15011735402595,86.76726626331123,118.81,-0.6799999999999926,-0.5690852791028476,0,0,0,119.38,121.16,121.76,0.8695286079297396,117.82,746833.0,89.0675241157556,117.71,1268166.0,83.9349262836807,114.66,1279263.0,73.43153300600108,110.88,1388308.0,72.40793201133143,109.26,1266169.0,77.17864923747278,1.025753283543652,1.0951383701694168,1.1485933120321132,2.7131439327848734,4.98634923407951,1,1,1,0,0,0
2023-10-22 01:19:21.305279,119.43,120.07,117.57,118.81,996008,117.69800000000001,113.87100000000001,109.90150000000001,104.428,113.80450140922223,109.82262201512515,3.981879394097078,2.896082598144146,1.0857967959529318,84.95575221238938,109.90150000000001,120.32688253747125,99.47611746252878,20.850765074942473,0.9272505094168382,91.23173277661802,95.18847910553968,-8.768267223381988,2.5,2.5042857142857167,5.356034406313741,9.988890946121094,1136472.8,0.8764028492366909,6.040000000000006,10.790000000000006,146.14454704495753,80.21168749993915,119.64,0.8299999999999983,0.6985943944112434,1,0,0,119.68,119.24,123.75,0.7709734107012118,119.49,928367.0,89.10838227442602,117.82,746833.0,89.0675241157556,117.71,1268166.0,83.9349262836807,112.77,1448124.0,72.65581134194271,108.02,1111490.0,69.59686450167972,1.009447909055379,1.0810589482400148,1.1377216838395834,1.8501540476424314,5.212691268735616,1,1,1,0,0,0
2023-10-23 01:19:21.305279,118.38,121.12,118.01,119.64,947930,118.694,114.91,110.64849999999998,104.8576,114.70227042318804,110.54983519920461,4.1524352239834315,3.1473531233120036,1.005082100671428,85.60846560846561,110.64849999999998,121.63071964909781,99.66628035090216,21.964439298195657,0.9093662432229105,90.3645833333333,93.11777515191524,-9.635416666666693,3.1099999999999994,2.640714285714288,4.343275771847204,9.51029748283753,1122816.8,0.8442428007845981,4.980000000000004,10.39,134.1214136190124,80.16264403634625,119.38,-0.2600000000000051,-0.21731862253427375,0,0,0,121.16,124.29,125.36,2.121414622370776,118.81,996008.0,84.95575221238938,119.49,928367.0,89.10838227442602,117.82,746833.0,89.0675241157556,114.66,1279263.0,73.43153300600108,109.25,1331598.0,70.3602620087336,1.0079700743087265,1.0812618336443784,1.1409759521484375,0.9047264780075424,5.491109824548917,1,1,1,0,0,0
2023-10-24 01:19:21.305279,119.57,120.53,117.44,119.38,983634,119.02799999999999,115.96099999999998,111.31400000000001,105.2758,115.42192112731296,111.20392148075723,4.217999646555725,3.3614824279607487,0.8565172185949765,84.19936373276774,111.31400000000001,122.732471461903,99.89552853809701,22.836942923805992,0.8531996391509882,88.41544607190409,90.00392072728512,-11.584553928095925,3.0900000000000034,2.7242857142857164,1.4187409735791368,9.653715440433535,1112235.25,0.8843758548382638,1.6700000000000017,10.509999999999991,109.83416572390409,73.93442675399753,119.68,0.30000000000001137,0.25129837493718493,1,0,0,119.24,121.85,127.0,2.0071447381812493,119.64,947930.0,85.60846560846561,118.81,996008.0,84.95575221238938,119.49,928367.0,89.10838227442602,117.71,1268166.0,83.9349262836807,108.87,1130378.0,74.33679354094578,1.0029572873609571,1.072461684963257,1.1339738097454495,0.744761706862016,5.709235730951498,1,1,1,0,0,0
2023-10-25 01:19:21.305279,117.64,120.15,117.64,119.68,1035729,119.4,117.08400000000002,112.08,105.64220000000002,116.07701018464941,111.83177914886014,4.245231035789274,3.538232149526454,0.70699888626282,81.8070818070818,112.08,123.58934448725437,100.57065551274563,23.018688974508734,0.8301665011598346,89.7069335239457,89.4956543097277,-10.293066476054303,2.510000000000005,2.5457142857142876,1.5786793413682005,10.355002305209778,1112662.7,0.9308562244425018,1.8600000000000136,11.230000000000004,97.39411211160349,73.72416111109104,121.16,1.4799999999999898,1.2366310160427723,1,0,0,124.29,118.95,127.03,2.1693478282674348,119.38,983634.0,84.19936373276774,119.64,947930.0,85.60846560846561,118.81,996008.0,84.95575221238938,117.82,746833.0,89.0675241157556,108.45,1033530.0,69.37106918238992,1.0023450586264657,1.0678087080656675,1.1328806102106923,0.3509273429189233,5.754672243627185,1,1,1,0,0,0
2023-10-26 01:19:21.305279,118.93,121.35,118.93,121.16,1229969,119.734,118.112,112.976,106.09540000000001,116.85900861778026,112.52275847117785,4.33625014660241,3.697835748941645,0.6384143976607648,89.53068592057764,112.976,124.37732291492976,101.57467708507023,22.80264582985953,0.8589057191461196,98.64672364672367,92.2563677475245,-1.3532763532763379,2.4199999999999875,2.502857142857143,1.397606494267304,9.271284271284273,1108888.95,1.1091904198341953,1.6700000000000017,10.280000000000001,102.94985055239275,80.78592920330925,119.24,-1.9200000000000017,-1.5846814130075948,0,0,0,121.85,121.76,124.81,2.190130133121927,119.68,1035729.0,81.8070818070818,119.38,983634.0,84.19936373276774,119.64,947930.0,85.60846560846561,119.49,928367.0,89.10838227442602,110.88,1388308.0,72.40793201133143,1.01190973324202,1.0724401642826795,1.1419910759561676,0.8695286079297396,5.70066145746488,1,1,1,0,0,0
2023-10-27 01:19:21.305279,120.8,120.8,118.71,119.24,1144544,119.82000000000001,118.75899999999999,113.696,106.46340000000001,117.22531498427561,113.02033191776465,4.204983066510962,3.7992652124555093,0.40571785405545313,78.85615251299828,113.696,124.74734885789617,102.64465114210383,22.102697715792345,0.7508291101515095,84.0393343419062,90.79766383752519,-15.960665658093795,2.450000000000003,2.4928571428571433,0.3619223971046146,5.737341491531435,1110142.85,1.0309880390618198,0.4299999999999926,6.469999999999999,82.16981343367169,73.10313153646273,124.29,5.050000000000011,4.235155987923525,1,1,0,118.95,123.75,125.07,2.0986424183287897,121.16,1229969.0,89.53068592057764,119.68,1035729.0,81.8070818070818,119.38,983634.0,84.19936373276774,118.81,996008.0,84.95575221238938,112.77,1448124.0,72.65581134194271,0.9951594057753296,1.0487616099071206,1.120009317756149,0.7709734107012118,5.525674428948085,1,1,1,0,0,0
2023-10-28 01:19:21.305279,118.52,127.66,118.52,124.29,1520777,120.75,119.72199999999998,114.602,106.931,118.31218960207936,113.85512214608983,4.457067455989531,3.930825661162314,0.5262417948272171,85.07734303912648,114.602,126.02039623728105,103.18360376271896,22.83679247456209,0.9242277023269125,82.74449564772151,88.47685121211714,-17.255504352278493,9.14,3.0921428571428575,3.8866599799398243,8.398744113029837,1137385.45,1.3370814616979672,4.650000000000006,9.63000000000001,121.37264035846603,74.03666914933225,121.85,-2.440000000000012,-1.9631506959530225,0,0,0,121.76,125.36,123.43,2.4071206866314294,119.24,1144544.0,78.85615251299828,121.16,1229969.0,89.53068592057764,119.68,1035729.0,81.8070818070818,119.64,947930.0,85.60846560846561,114.66,1279263.0,73.43153300600108,1.0293167701863355,1.0845360464913352,1.162338330325163,2.121414622370776,5.709198118640524,1,1,1,0,0,0
2023-10-29 01:19:21.305279,124.23,124.23,121.41,121.85,1209098,121.244,120.13600000000001,115.38549999999998,107.3884,118.85646812483638,114.44733532046106,4.409132804375318,4.026487089804915,0.382645714570403,77.91666666666663,115.38549999999998,126.51752960640462,104.25347039359534,22.264059212809286,0.7903558573128823,68.81374127750938,78.53252375571236,-31.186258722490628,2.8800000000000097,3.230000000000001,2.069023286982743,3.5171183416871985,1142434.3,1.0583523271316346,2.469999999999999,4.140000000000001,98.9353487874027,72.63877052920637,118.95,-2.8999999999999915,-2.379975379565032,0,0,1,123.75,127.0,125.9,3.138858072613229,124.29,1520777.0,85.07734303912648,119.24,1144544.0,78.85615251299828,121.16,1229969.0,89.53068592057764,119.38,983634.0,84.19936373276774,117.71,1268166.0,83.9349262836807,1.0049981854772194,1.0560252371398486,1.134666314052542,2.0071447381812493,5.566014803202318,1,1,1,0,0,0
2023-10-30 01:19:21.305279,121.06,121.06,117.24,118.95,842744,121.098,120.249,116.00899999999999,107.7686,118.87085764409233,114.78086603746787,4.0899916066244515,4.039187993168822,0.05080361345562956,66.48957907642011,116.00899999999999,126.41398443307848,105.60401556692149,20.809968866156993,0.6413264968782789,47.21212121212125,66.25678604578405,-52.78787878787875,4.609999999999999,3.2764285714285726,-0.6099598930481317,0.9590901374978864,1142132.95,0.7378685642507731,-0.730000000000004,1.1300000000000097,47.80721579835042,66.41999447795641,121.76,2.8100000000000023,2.362337116435479,1,1,0,125.36,127.03,125.6,2.253253203705632,121.85,1209098.0,77.91666666666663,124.29,1520777.0,85.07734303912648,119.24,1144544.0,78.85615251299828,119.68,1035729.0,81.8070818070818,117.82,746833.0,89.0675241157556,0.982262299955408,1.025351481350585,1.1037537835696112,2.1693478282674348,5.20249221653925,-1,1,1,0,0,0
2023-10-31 01:19:21.305279,118.34,122.84,118.34,121.76,1048755,121.218,120.476,116.63399999999999,108.196,119.31534108346274,115.297838923587,4.017502159875747,4.0348508265102065,-0.017348666634459775,67.70382040173297,116.63399999999999,126.83167858000175,106.43632141999822,20.395357160003527,0.7513317104371382,63.078848560700905,59.70157035011052,-36.921151439299095,4.5,3.4078571428571434,0.49521294156487994,1.899740564063947,1131262.25,0.9270662041449717,0.6000000000000085,2.2700000000000102,70.82356133584027,65.7527578313441,123.75,1.9899999999999949,1.6343626806833074,1,0,0,127.0,124.81,123.59,1.4237801796660443,118.95,842744.0,66.48957907642011,121.85,1209098.0,77.91666666666663,124.29,1520777.0,85.07734303912648,121.16,1229969.0,89.53068592057764,119.49,928367.0,89.10838227442602,1.0044712831427676,1.0439494487027798,1.1253650781914304,2.190130133121927,5.098839290000879,1,1,1,0,0,0
2023-11-01 01:19:21.305279,122.37,124.74,122.37,123.75,1134515,122.12,120.97,117.42049999999999,108.68620000000001,119.99759630139155,115.92392492925353,4.073671372138023,4.04261493563577,0.031056436502252538,67.83052177324441,117.42049999999999,127.24024268073063,107.60075731926935,19.639485361461283,0.8222844124225596,70.03831417624524,60.10976131635581,-29.96168582375477,2.9799999999999898,3.3385714285714294,3.7822878228782333,4.157899166736804,1132413.5,1.0018557708822793,4.510000000000005,4.939999999999998,107.35448568269268,65.64712302377224,125.36,1.6099999999999994,1.3010101010101005,1,0,0,127.03,125.07,122.85,1.0776038233088958,121.76,1048755.0,67.70382040173297,118.95,842744.0,66.48957907642011,121.85,1209098.0,77.91666666666663,119.24,1144544.0,78.85615251299828,118.81,996008.0,84.95575221238938,1.0133475270226007,1.0539045567000653,1.1385990125701329,2.0986424183287897,4.909871340365324,1,1,1,0,0,0
2023-11-02 01:19:21.305279,123.06,126.04,123.06,125.36,887885,122.33399999999999,121.542,118.226,109.205,120.82258148579285,116.62289345301905,4.199688032773807,4.074029555063378,0.12565847771042904,65.9043659043659,118.226,127.86508578324809,108.58691421675191,19.278171566496184,0.8700558414159091,78.44423617619498,70.52046630438038,-21.55576382380503,2.980000000000004,3.3250000000000006,0.8608898543728322,4.781009695753927,1110227.85,0.7997322351443444,1.0699999999999932,5.719999999999999,124.24274036142808,64.92576506208815,127.0,1.6400000000000006,1.3082322910019148,1,0,0,124.81,123.43,123.93,1.5436709493962273,123.75,1134515.0,67.83052177324441,121.76,1048755.0,67.70382040173297,118.95,842744.0,66.48957907642011,124.29,1520777.0,85.07734303912648,119.64,947930.0,85.60846560846561,1.024735560024196,1.0603420567387885,1.147932786960304,2.4071206866314294,4.819542891624046,1,1,1,0,0,0
2023-11-03 01:19:21.305279,124.6,127.81,124.6,127.0,1250654,123.364,122.304,119.13250000000001,109.7708,121.77295356490164,117.39156801206133,4.381385552840314,4.135500754618765,0.24588479822154863,67.94370602032839,119.13250000000001,128.4722326119719,109.79276738802814,18.67946522394375,0.9211844346547593,92.3368022705771,80.27311754100577,-7.663197729422912,3.210000000000008,3.4578571428571436,4.226508001641367,6.382978723404259,1116241.65,1.1204151000815998,5.150000000000006,7.6200000000000045,154.16586544138192,66.26473098342669,127.03,0.030000000000001137,0.023622047244095383,1,0,0,125.07,125.9,122.59,1.3350355800538796,125.36,887885.0,65.9043659043659,123.75,1134515.0,67.83052177324441,121.76,1048755.0,67.70382040173297,121.85,1209098.0,77.91666666666663,119.38,983634.0,84.19936373276774,1.0294737524723583,1.0660399135416447,1.1569561304099087,3.138858072613229,4.669866305985937,1,1,1,0,0,0
2023-11-04 01:19:21.305279,127.57,131.24,124.69,127.03,1308700,124.97999999999999,123.03899999999999,120.0615,110.3318,122.58172993953215,118.10552593709954,4.47620400243261,4.203641404181534,0.272562598251076,65.74770258980786,120.0615,128.5881054824065,111.53489451759351,17.053210964812976,0.9086327210974267,69.9285714285714,80.2365366251145,-30.071428571428598,6.550000000000011,3.780714285714287,6.792770071458594,6.1413770053475885,1130000.15,1.1581414391847649,8.079999999999998,7.349999999999994,165.81062895873404,67.26868432788997,124.81,-2.219999999999999,-1.7476186727544665,0,0,0,123.43,125.6,120.64,0.95768992894868,127.0,1250654.0,67.94370602032839,125.36,887885.0,65.9043659043659,123.75,1134515.0,67.83052177324441,118.95,842744.0,66.48957907642011,119.68,1035729.0,81.8070818070818,1.0164026244199074,1.0580410872761044,1.1513453057051548,2.253253203705632,4.2633027412032405,1,1,1,0,0,0
2023-11-05 01:19:21.305279,128.45,128.45,123.89,124.81,1418203,125.59,123.404,120.75800000000001,110.8212,122.92454071806569,118.60215364546622,4.322387072599469,4.227390537865121,0.09499653473434755,61.77394034536891,120.75800000000001,128.3514226385994,113.16457736140065,15.186845277198742,0.7668098559009873,54.07142857142857,72.1122674235257,-45.92857142857143,4.559999999999988,3.9278571428571434,2.5049277266754246,3.0125453945196483,1131494.9,1.2533887691407182,3.049999999999997,3.6500000000000057,111.70634920634892,65.20774965242036,125.07,0.2599999999999909,0.20831664129476074,1,0,0,125.9,123.59,121.29,1.1434902710603483,127.03,1308700.0,65.74770258980786,127.0,1250654.0,67.94370602032839,125.36,887885.0,65.9043659043659,121.76,1048755.0,67.70382040173297,121.16,1229969.0,89.53068592057764,0.9937893144358627,1.0335547127312477,1.1262285555471336,1.4237801796660443,3.7967113192996846,1,1,1,0,0,0
2023-11-06 01:19:21.305279,125.26,129.28,122.99,125.07,977472,125.854,123.98700000000001,121.373,111.25119999999998,123.25461137682481,119.08125337543497,4.173358001389843,4.216584030570066,-0.04322602918022245,60.89923725411479,121.373,128.19565606559834,114.55034393440167,13.645312131196675,0.7709355392133318,55.92857142857136,59.976190476190446,-44.07142857142864,6.290000000000006,4.155000000000001,1.066666666666661,4.889298892988929,1107962.3,0.882224963791638,1.3199999999999932,5.829999999999998,100.37570260790385,65.3773201615967,123.43,-1.6399999999999864,-1.31126569121291,0,0,0,125.6,122.85,121.94,1.3793222973654735,124.81,1418203.0,61.77394034536891,127.03,1308700.0,65.74770258980786,127.0,1250654.0,67.94370602032839,123.75,1134515.0,67.83052177324441,119.24,1144544.0,78.85615251299828,0.9937705595372415,1.0304598222009838,1.1242125927630444,1.0776038233088958,3.4113280327991675,1,1,1,0,1,0
2023-11-07 01:19:21.305279,125.18,125.18,122.71,123.43,1428577,125.46799999999999,123.90100000000002,121.8115,111.6986,123.28159424192869,119.40338275503444,3.8782114868942443,4.148909521834901,-0.2706980349406569,57.7025484975276,121.8115,127.90597126500502,115.71702873499497,12.188942530010053,0.6327842834614363,44.21428571428576,51.4047619047619,-55.78571428571425,2.470000000000013,4.1107142857142875,-1.5395660497766372,-0.6919301633277009,1115428.0,1.2807433559136046,-1.9299999999999926,-0.8599999999999994,48.38801065216125,63.45236207268643,125.9,2.469999999999999,2.0011342461314094,1,1,0,123.59,123.93,120.77,1.3196704134023745,125.07,977472.0,60.89923725411479,124.81,1418203.0,61.77394034536891,127.03,1308700.0,65.74770258980786,125.36,887885.0,65.9043659043659,124.29,1520777.0,85.07734303912648,0.9837568144865625,1.0132869228274834,1.1050272787662514,1.5436709493962273,3.04723563250251,-1,1,1,0,0,0
2023-11-08 01:19:21.305279,122.84,127.33,122.84,125.9,1229757,125.248,124.306,122.221,112.1082,123.68442589701658,119.88461366207176,3.799812234944824,4.079090064456886,-0.27927782951206215,60.92761770906536,122.221,128.2554097517987,116.1865902482013,12.06881950359741,0.8048351165499977,61.85714285714287,54.0,-38.14285714285713,4.489999999999995,4.252142857142858,-0.86614173228346,3.3237587197373917,1113507.55,1.1043993370318863,-1.0999999999999943,4.050000000000011,77.21194651293159,63.99868218471657,125.6,-0.30000000000001137,-0.238284352660851,0,0,0,122.85,122.59,119.69,1.1862630399744436,123.43,1428577.0,57.7025484975276,125.07,977472.0,60.89923725411479,124.81,1418203.0,61.77394034536891,127.0,1250654.0,67.94370602032839,121.85,1209098.0,77.91666666666663,1.0052056719468574,1.03010121010301,1.1230222231736842,1.3350355800538796,3.017204875899354,-1,1,1,0,1,0
2023-11-09 01:19:21.305279,126.47,126.47,124.72,125.6,956994,124.96199999999999,124.971,122.61000000000001,112.59300000000002,123.97912960516788,120.3079756130317,3.6711539921361833,3.9975028499927454,-0.3263488578565621,58.137829912023456,122.61000000000001,128.44978009679468,116.77021990320536,11.679560193589325,0.7560027903825629,59.71428571428565,55.26190476190476,-40.285714285714356,1.75,4.204285714285716,-1.125718334251757,5.590584279108862,1124015.6,0.8514063327946694,-1.4300000000000068,6.6499999999999915,75.80711749649079,63.50195409456004,123.59,-2.009999999999991,-1.6003184713375722,0,0,0,123.93,120.64,120.31,1.2826924806862912,125.9,1229757.0,60.92761770906536,123.43,1428577.0,57.7025484975276,125.07,977472.0,60.89923725411479,127.03,1308700.0,65.74770258980786,118.95,842744.0,66.48957907642011,1.0051055520878347,1.0243862653943396,1.1155222793601731,0.95768992894868,2.9198900483973285,-1,1,1,0,1,0
2023-11-10 01:19:21.305279,126.63,126.63,120.94,123.59,1037418,124.718,125.154,122.81499999999998,113.0428,123.91926351206514,120.55108853058613,3.368174981479015,3.871637276289999,-0.5034622948109839,57.94665692363904,122.81499999999998,128.47882611983815,117.15117388016182,11.327652239676326,0.5684166483576799,45.357142857142875,55.64285714285714,-54.642857142857125,5.689999999999998,4.435714285714288,-0.9774857783831414,1.5029566360052549,1129468.15,0.9185013317993961,-1.2199999999999989,1.8299999999999983,24.88761482832682,63.76973550014859,122.85,-0.7400000000000091,-0.5987539444938984,0,0,0,122.59,121.29,116.88,1.3049137902593513,125.6,956994.0,58.137829912023456,125.9,1229757.0,60.92761770906536,123.43,1428577.0,57.7025484975276,124.81,1418203.0,61.77394034536891,121.76,1048755.0,67.70382040173297,0.9909555958241794,1.006310304115947,1.0933027136624358,1.1434902710603483,2.8319130599190836,-1,1,1,0,1,0
2023-11-11 01:19:21.305279,122.57,123.93,122.26,122.85,998783,124.274,125.064,123.01700000000001,113.45299999999999,123.7547614332859,120.72137826906201,3.033383164223892,3.703986453876778,-0.670603289652886,46.87771032090197,123.01700000000001,128.3583978064068,117.6756021935932,10.682795612813592,0.4843673878961329,40.07142857142853,48.38095238095235,-59.92857142857147,1.6700000000000017,3.902142857142859,-1.7750059966418799,-0.7272727272727318,1129606.9,0.884186348365967,-2.219999999999999,-0.9000000000000057,1.101006634636544,56.282781416117196,123.93,1.0800000000000125,0.8791208791208893,1,0,0,120.64,121.94,113.65,1.2648992054740884,123.59,1037418.0,57.94665692363904,125.6,956994.0,58.137829912023456,125.9,1229757.0,60.92761770906536,125.07,977472.0,60.89923725411479,123.75,1134515.0,67.83052177324441,0.9885414487342484,0.998642464049684,1.082827250050682,1.3793222973654735,2.6706989032033985,-1,1,1,0,0,0
2023-11-12 01:19:21.305279,122.2,125.31,122.2,123.93,1009950,124.374,124.921,123.23150000000001,113.87219999999999,123.78172121278037,120.95905395283623,2.82266725994414,3.5277226150902505,-0.7050553551461105,54.792626728110626,123.23150000000001,128.34143366935763,118.12156633064238,10.219867338715247,0.5683472668332906,47.78571428571432,44.404761904761905,-52.21428571428568,3.1099999999999994,3.9185714285714295,0.4050879040751843,-1.1407147415443464,1132707.9,0.8916243984879068,0.5,-1.4299999999999926,19.381880722134472,63.42626206666964,122.59,-1.3400000000000034,-1.081255547486487,0,0,0,121.29,120.77,112.07,0.8191031681105896,122.85,998783.0,46.87771032090197,123.59,1037418.0,57.94665692363904,125.6,956994.0,58.137829912023456,123.43,1428577.0,57.7025484975276,125.36,887885.0,65.9043659043659,0.9964301220512327,1.0056681936030967,1.0883253331366216,1.3196704134023745,2.554966834678812,1,1,1,0,0,0
2023-11-13 01:19:21.305279,124.1,124.76,121.79,122.59,1141828,123.71200000000002,124.47999999999999,123.39200000000001,114.2892,123.59837948773725,121.07986477114513,2.5185147165921222,3.3258810353906254,-0.8073663187985032,59.03674280039722,123.39200000000001,128.18435180151096,118.59964819848906,9.584703603021893,0.4163250077188459,32.94573643410851,40.267626430417124,-67.05426356589149,2.969999999999999,3.8014285714285725,-2.629070691024624,-3.4724409448818867,1140617.6,1.0010611794873232,-3.3100000000000023,-4.409999999999997,-11.64874551971353,62.13540820978745,120.64,-1.9500000000000028,-1.5906680805938516,0,0,0,121.94,119.69,111.65,0.8331446453099576,123.93,1009950.0,54.792626728110626,122.85,998783.0,46.87771032090197,123.59,1037418.0,57.94665692363904,125.9,1229757.0,60.92761770906536,127.0,1250654.0,67.94370602032839,0.9909305483704086,0.9935003890041493,1.072629784791564,1.1862630399744436,2.39617590075547,-1,1,1,0,0,0
2023-11-14 01:19:21.305279,122.08,122.55,117.77,120.64,1191558,122.72,123.84100000000001,123.44000000000001,114.6746,123.14324418193151,121.04728219550464,2.0959619864268717,3.079897225597875,-0.9839352391710032,47.09543568464729,123.44000000000001,128.09301260644767,118.78698739355234,9.306025212895335,0.19911966323494895,21.306607275426888,34.01268599841658,-78.6933927245731,4.820000000000007,3.8242857142857156,-3.9490445859872563,-5.030307801306779,1148409.05,1.037572805613122,-4.959999999999994,-6.390000000000001,-112.32288329794001,55.24071670798919,121.29,0.6500000000000057,0.5387931034482806,1,0,0,120.77,120.31,112.4,0.8678709581548615,122.59,1141828.0,59.03674280039722,123.93,1009950.0,54.792626728110626,122.85,998783.0,46.87771032090197,125.6,956994.0,58.137829912023456,127.03,1308700.0,65.74770258980786,0.9830508474576272,0.9773169151004536,1.0520202381346873,1.2826924806862912,2.3265063032238347,-1,1,1,0,0,0
2023-11-15 01:19:21.305279,120.39,122.81,119.53,121.29,1054346,122.25999999999999,123.48899999999999,123.44649999999999,115.09200000000001,122.85812969240358,121.06526129213397,1.7928684002696116,2.8224914605322224,-1.0296230602626109,43.14381270903012,123.44649999999999,128.08644680096236,118.80655319903762,9.27989360192474,0.2676158701267105,26.13214550853754,26.794829739357652,-73.86785449146245,3.280000000000001,3.845714285714288,-1.8609919896431726,-2.8202868359907027,1139627.9,0.9251668899997973,-2.299999999999997,-3.519999999999996,-83.57910000245728,54.95872839430413,121.94,0.6499999999999915,0.5359056806002074,1,0,0,119.69,116.88,115.77,1.887424170664456,120.64,1191558.0,47.09543568464729,122.59,1141828.0,59.03674280039722,123.93,1009950.0,54.792626728110626,123.59,1037418.0,57.94665692363904,124.81,1418203.0,61.77394034536891,0.9920660886635041,0.9825308939500109,1.0538525701178187,1.3049137902593513,2.3199734004811847,-1,1,1,0,0,0
2023-11-16 01:19:21.305279,120.63,125.13,119.97,121.94,1141380,122.078,123.176,123.5815,115.54520000000001,122.71687897049533,121.13005675197611,1.5868222185192167,2.5753576121296216,-0.9885353936104049,39.92932862190812,123.5815,127.8482294266184,119.31477057338161,8.533458853236795,0.30763954824984285,30.95768374164809,26.13214550853751,-69.04231625835192,5.159999999999997,4.0014285714285736,-0.740740740740738,-2.5025985448149,1139469.7,1.0016764816124555,-0.9099999999999966,-3.1299999999999955,-51.100280608478364,55.60604785786536,120.77,-1.1700000000000017,-0.9594882729211102,0,0,0,120.31,113.65,117.82,2.987641210053167,121.29,1054346.0,43.14381270903012,120.64,1191558.0,47.09543568464729,122.59,1141828.0,59.03674280039722,122.85,998783.0,46.87771032090197,125.07,977472.0,60.89923725411479,0.9988695751896328,0.9867172675521821,1.0553445751100001,1.2648992054740884,2.133364713309201,-1,1,1,0,0,0
2023-11-17 01:19:21.305279,122.55,123.72,119.75,120.77,1334517,121.446,122.91,123.4055,115.94019999999999,122.41735912888066,121.10338588145927,1.3139732474213872,2.323080739187975,-1.0091074917665876,31.13264688067838,123.4055,127.83641282029156,118.97458717970845,8.861825640583106,0.20260078375604418,22.271714922048975,26.453848057411545,-77.72828507795101,3.969999999999999,4.055714285714287,-2.5498265149681356,-2.155067649679989,1130156.7,1.1808247475770395,-3.160000000000011,-2.660000000000011,-79.05602496836542,47.62644407651699,119.69,-1.0799999999999983,-0.8942618199884064,0,0,0,116.88,112.07,117.5,3.6256723514415237,121.94,1141380.0,39.92932862190812,121.29,1054346.0,43.14381270903012,120.64,1191558.0,47.09543568464729,123.93,1009950.0,54.792626728110626,123.43,1428577.0,57.7025484975276,0.99443374009848,0.9786435774742617,1.041657682149936,0.8191031681105896,2.215456410145779,-1,-1,1,0,0,0
2023-11-18 01:19:21.305279,120.88,121.25,118.23,119.69,1279118,120.86599999999999,122.28900000000002,123.29750000000001,116.2982,121.99776541674518,120.99869063098053,0.9990747857646483,2.0582795485033096,-1.0592047627386614,29.100227790432797,123.29750000000001,127.9858680248903,118.60913197510973,9.376736049780561,0.11527124354914092,16.68114682884449,23.30351516418052,-83.31885317115551,3.019999999999996,3.8035714285714284,-2.3656089403703446,-4.932486100079434,1133657.7,1.1283106002808432,-2.9000000000000057,-6.210000000000008,-126.59457303166191,39.58540345244447,120.31,0.6200000000000045,0.5180048458517876,1,0,0,113.65,111.65,117.51,3.6510847703123943,120.77,1334517.0,31.13264688067838,121.94,1141380.0,39.92932862190812,121.29,1054346.0,43.14381270903012,122.59,1141828.0,59.03674280039722,125.9,1229757.0,60.92761770906536,0.9902702166035114,0.9707414992193677,1.0291646818265459,0.8331446453099576,2.344184012445141,-1,-1,1,0,0,0
2023-11-19 01:19:21.305279,118.69,122.7,118.69,120.31,754430,120.8,121.75999999999999,123.3655,116.6958,121.73810919878439,120.94767651016703,0.7904326886173578,1.804710176526119,-1.0142774879087613,35.902255639097746,123.3655,127.82209050702888,118.90890949297112,8.913181014057756,0.15719309467844317,22.067767158992226,20.34020963662857,-77.93223284100777,4.010000000000005,3.7642857142857156,-0.273541114058354,-4.211783439490439,1129242.0,0.6680853174076061,-0.3299999999999983,-5.289999999999992,-104.3428909537699,46.16519293084477,116.88,-3.430000000000007,-2.850968331809498,0,0,1,112.07,112.4,115.22,2.1201297130144505,119.69,1279118.0,29.100227790432797,120.77,1334517.0,31.13264688067838,121.94,1141380.0,39.92932862190812,120.64,1191558.0,47.09543568464729,125.6,956994.0,58.137829912023456,0.9959437086092716,0.9752321354025234,1.0309711232109466,0.8678709581548615,2.228295253514438,-1,1,1,0,0,0
2023-11-20 01:19:21.305279,120.56,120.56,115.74,116.88,773832,119.918,121.08899999999998,123.12150000000001,116.9876,120.99070778358679,120.64636713904285,0.34434064454393365,1.512636270129682,-1.1682956255857484,28.59383167799271,123.12150000000001,128.40571791255243,117.83728208744758,10.568435825104856,-0.09057935377471842,9.836065573770494,16.19499318720241,-90.1639344262295,4.820000000000007,3.6592857142857156,-3.6359139253030013,-5.429241848045964,1115495.85,0.6937112316464467,-4.410000000000011,-6.710000000000008,-183.49098392679227,40.3951156327855,113.65,-3.2299999999999898,-2.763518138261456,0,0,1,111.65,115.77,115.23,1.664668135096809,120.31,754430.0,35.902255639097746,119.69,1279118.0,29.100227790432797,120.77,1334517.0,31.13264688067838,121.29,1054346.0,43.14381270903012,123.59,1037418.0,57.94665692363904,0.9746660217815506,0.9493061731704047,0.9990802444019707,1.887424170664456,2.642108956276217,-1,-1,0,0,0,0
2023-11-21 01:19:21.305279,117.22,117.22,113.13,113.65,1463356,118.25999999999999,120.16900000000001,122.61650000000002,117.20120000000001,119.86136812457343,120.12811772133486,-0.2667495967614286,1.15675909675146,-1.4235086935128887,26.39961389961394,122.61650000000002,129.3731396973623,115.85986030263774,13.513279394724549,-0.16353249556139896,3.661971830985987,11.85526818791624,-96.33802816901401,4.090000000000003,3.775000000000001,-6.798425455141867,-7.488807488807479,1131937.9,1.2927882351143116,-8.289999999999992,-9.199999999999989,-220.3344120819845,40.59031565834463,112.07,-1.5800000000000125,-1.3902331720193686,0,0,0,112.4,117.82,114.62,2.716425960707716,116.88,773832.0,28.59383167799271,120.31,754430.0,35.902255639097746,119.69,1279118.0,29.100227790432797,121.94,1141380.0,39.92932862190812,122.85,998783.0,46.87771032090197,0.9610180957212922,0.9268736263064106,0.9696999689422975,2.987641210053167,3.3783198486811346,-1,-1,0,0,0,0
2023-11-22 01:19:21.305279,113.86,113.86,111.97,112.07,865313,116.52000000000001,118.98299999999999,121.952,117.3486,118.66269610540829,119.53122011234589,-0.868524006937605,0.7517024760136469,-1.620226482951252,15.12859304084725,121.952,130.0529228843953,113.85107711560471,16.201845768790577,-0.10993050674729817,0.6821282401091019,4.726721881621866,-99.31787175989089,1.8900000000000006,3.5892857142857153,-7.203775772128843,-9.569918502380387,1130809.3,0.7652156734119537,-8.700000000000003,-11.860000000000014,-216.383237854662,33.34571133357082,111.65,-0.4199999999999875,-0.3747657713928683,0,0,0,115.77,117.5,115.42,2.8624237981135887,113.65,1463356.0,26.39961389961394,116.88,773832.0,28.59383167799271,120.31,754430.0,35.902255639097746,120.77,1334517.0,31.13264688067838,123.93,1009950.0,54.792626728110626,0.9618091314795741,0.9189681186040409,0.9550177846177967,3.6256723514415237,4.050461442197644,-1,-1,0,0,0,0
2023-11-23 01:19:21.305279,111.58,112.86,110.47,111.65,992736,114.91199999999999,117.88900000000001,121.1845,117.46019999999999,117.58381978149933,118.94742602994883,-1.3636062484495,0.3286407311210175,-1.6922469795705175,15.037593984962456,121.1845,130.13566922677074,112.23333077322924,17.902338453541503,-0.03258405457717391,7.301980198019846,3.88202675637165,-92.69801980198015,2.3900000000000006,3.635000000000001,-6.717353162336029,-8.924055795741902,1117913.4,0.8880258524497515,-8.039999999999992,-10.939999999999998,-195.78387765707515,26.844608106366465,112.4,0.75,0.6717420510523958,1,0,0,117.82,117.51,113.57,2.272410614305265,112.07,865313.0,15.12859304084725,113.65,1463356.0,26.39961389961394,116.88,773832.0,28.59383167799271,119.69,1279118.0,29.100227790432797,122.59,1141828.0,59.03674280039722,0.97161306042885,0.9213224463524626,0.9505347343185183,3.6510847703123943,4.475584613385379,-1,-1,0,0,0,0
2023-11-24 01:19:21.305279,111.52,112.48,111.52,112.4,833158,113.33,117.06500000000001,120.453,117.62100000000001,116.78630904588404,118.46243150921106,-1.6761224633270189,-0.0723119077685899,-1.603810555558429,20.064205457463927,120.453,129.77622532851632,111.1297746714837,18.646450657032617,0.06812156114210567,13.005390835579558,6.99649975790284,-86.99460916442044,0.960000000000008,3.297142857142859,-6.574682071315764,-6.830238726790447,1094136.3,0.7614755126943508,-7.909999999999997,-8.239999999999995,-157.7181208053689,32.66574783810117,115.77,3.3699999999999903,2.9982206405693863,1,1,0,117.5,115.22,114.81,1.1816640808653451,111.65,992736.0,15.037593984962456,112.07,865313.0,15.12859304084725,113.65,1463356.0,26.39961389961394,120.31,754430.0,35.902255639097746,120.64,1191558.0,47.09543568464729,0.9917938762904792,0.9331440478858974,0.9556116679844585,2.1201297130144505,4.661612664258153,-1,-1,0,0,0,0
2023-11-25 01:19:21.305279,112.79,118.2,112.79,115.77,939675,113.10799999999999,116.513,120.001,117.8716,116.62995380805572,118.26299213815808,-1.6330383301023659,-0.3844571922353452,-1.2485811378670206,33.39587242026268,120.001,129.31135620325836,110.69064379674165,18.620712406516702,0.27277990725428514,35.71428571428569,18.67388558262837,-64.2857142857143,5.799999999999997,3.5921428571428584,-0.9496919917864471,-4.551075933712598,1070209.9,0.8780286932498009,-1.1099999999999994,-5.52000000000001,-82.53128509426529,39.13185161136379,117.82,2.049999999999997,1.7707523538049557,1,0,0,117.51,115.23,118.38,1.312642373233214,112.4,833158.0,20.064205457463927,111.65,992736.0,15.037593984962456,112.07,865313.0,15.12859304084725,116.88,773832.0,28.59383167799271,121.29,1054346.0,43.14381270903012,1.0235350284683666,0.9647419604836626,0.9821704295182215,1.664668135096809,4.655178101629176,-1,-1,0,0,0,0
2023-11-26 01:19:21.305279,115.91,118.38,115.91,117.82,1284824,113.94200000000001,116.101,119.6385,118.1312,116.81303783758563,118.23017790570186,-1.4171400681162396,-0.5909937674115241,-0.8261463007047155,36.29430237774783,119.6385,128.67849132509912,110.59850867490088,18.079982650198232,0.3994191512689273,50.1364256480218,32.95203406596235,-49.8635743519782,2.6099999999999994,3.556428571428573,3.669159700835888,-3.378710841397412,1085577.5,1.1835396367371285,4.1699999999999875,-4.1200000000000045,-43.76374888195899,40.01378882739249,117.5,-0.3199999999999932,-0.2716007469020482,0,0,0,115.22,114.62,118.18,1.3815317585952356,115.77,939675.0,33.39587242026268,112.4,833158.0,20.064205457463927,111.65,992736.0,15.037593984962456,113.65,1463356.0,26.39961389961394,121.94,1141380.0,39.92932862190812,1.0340348598409717,0.9848000434642694,0.9973656409145085,2.716425960707716,4.5199956625495545,1,-1,0,0,0,0
2023-11-27 01:19:21.305279,118.34,118.34,116.99,117.5,1178818,115.02799999999999,115.774,119.34199999999998,118.35780000000001,116.91872432411091,118.17609065342758,-1.2573663293166675,-0.7242682797925528,-0.5330980495241147,38.03479078514337,119.34199999999998,128.24636108408467,110.43763891591529,17.808722168169382,0.39656753681674606,47.9536152796726,44.60144221399336,-52.046384720327396,1.3500000000000085,3.440714285714288,4.845186044436519,-2.707626066076009,1073089.55,1.0985271452881076,5.430000000000007,-3.269999999999996,-34.152205218325236,47.863633670379215,117.51,0.010000000000005116,0.008510638297876695,1,0,0,115.23,115.42,119.19,1.109301582080902,117.82,1284824.0,36.29430237774783,115.77,939675.0,33.39587242026268,112.4,833158.0,20.064205457463927,112.07,865313.0,15.12859304084725,120.77,1334517.0,31.13264688067838,1.0214904197238934,0.9845653667610733,0.9927524844158981,2.8624237981135887,4.452180542042346,1,-1,0,0,0,0
2023-11-28 01:19:21.305279,116.96,119.04,116.53,117.51,885894,116.2,115.556,118.92249999999999,118.58439999999999,117.00968981270923,118.12675060502548,-1.117060792316252,-0.8028267822972928,-0.31423401001895934,41.903776513191936,118.92249999999999,127.3009884329469,110.54401156705308,16.75697686589382,0.41570675239906185,48.021828103683546,48.70395634379266,-51.97817189631645,2.510000000000005,3.2757142857142876,5.248544558889385,-1.821371877349814,1055896.4,0.8389970834259877,5.859999999999999,-2.1799999999999926,-26.840595001159137,54.94563848009103,115.22,-2.2900000000000063,-1.9487703174197992,0,0,0,114.62,113.57,120.9,0.7566835534139104,117.5,1178818.0,38.03479078514337,117.82,1284824.0,36.29430237774783,115.77,939675.0,33.39587242026268,111.65,992736.0,15.037593984962456,119.69,1279118.0,29.100227790432797,1.0112736660929431,0.9881225167651203,0.9909397863462649,2.272410614305265,4.189244216473454,1,-1,0,0,0,0
2023-11-29 01:19:21.305279,118.19,118.19,115.0,115.22,677297,116.76400000000001,115.047,118.40349999999998,118.7592,116.73435291844628,117.91143574539372,-1.1770828269474407,-0.8776779912273225,-0.2994048357201182,35.52694325226513,118.40349999999998,126.31322559241727,110.49377440758269,15.819451184834577,0.29876040181141905,32.40109140518418,42.79217826284678,-67.59890859481582,3.1899999999999977,3.269285714285716,2.5088967971530187,-4.2307372620729815,1041911.55,0.6500523005047789,2.819999999999993,-5.090000000000003,-50.191202978387054,48.97201790263596,115.23,0.010000000000005116,0.008679048776258563,1,0,0,115.42,114.81,119.99,0.7228761996407778,117.51,885894.0,41.903776513191936,117.5,1178818.0,38.03479078514337,117.82,1284824.0,36.29430237774783,112.4,833158.0,20.064205457463927,120.31,754430.0,35.902255639097746,0.986776746257408,0.9731131258788804,0.9701985193568161,1.1816640808653451,3.954862796208643,1,-1,0,1,0,0
2023-11-30 01:19:21.305279,114.72,115.28,114.72,115.23,892048,116.65599999999999,114.88200000000002,117.9855,118.8786,116.50291400791609,117.71281087536434,-1.2098968674482506,-0.9441217664715083,-0.2657751009767424,33.497294638465334,117.9855,125.61997437269528,110.35102562730472,15.26894874539056,0.3195357096321489,35.92452830188683,38.78248260358486,-64.07547169811318,0.5600000000000023,2.940714285714288,-0.46644208344129917,-1.4117043121149826,1034643.05,0.86217947339423,-0.539999999999992,-1.6499999999999915,-65.28019698782103,41.6083701663163,114.62,-0.6099999999999994,-0.5293760305476,0,0,0,113.57,118.38,120.58,1.8150895294742773,115.22,677297.0,35.52694325226513,117.51,885894.0,41.903776513191936,117.5,1178818.0,38.03479078514337,115.77,939675.0,33.39587242026268,116.88,773832.0,28.59383167799271,0.9877760252365931,0.9766454352441614,0.9693081849887196,1.312642373233214,3.817237186347642,-1,-1,0,1,0,0
2023-12-01 01:19:21.305279,114.34,116.24,113.36,114.62,1131092,116.01599999999999,114.979,117.574,119.0106,116.21323492977515,117.48371377348528,-1.2704788437101229,-1.0093931819192314,-0.26108566179089143,34.44613050075874,117.574,124.9885132217673,110.15948677823269,14.829026443534616,0.30079609330739826,33.93295175797223,34.08619048834776,-66.06704824202777,2.8799999999999955,2.8628571428571448,-2.7160074690205303,0.8534975802903642,1041258.5,1.086273965590677,-3.1999999999999886,0.9699999999999989,-66.85619417019265,42.437547272765094,115.42,0.7999999999999972,0.697958471470945,1,0,0,114.81,118.18,120.68,2.1241633647173277,115.23,892048.0,33.497294638465334,115.22,677297.0,35.52694325226513,117.51,885894.0,41.903776513191936,117.82,1284824.0,36.29430237774783,113.65,1463356.0,26.39961389961394,0.9879671769411117,0.9748753976219233,0.9631074879044388,1.3815317585952356,3.7072566108836518,-1,-1,0,1,0,0
2023-12-02 01:19:21.305279,114.26,115.7,114.26,115.42,773761,115.6,115.31400000000001,117.14849999999998,119.134,116.09119878673282,117.33084608656031,-1.2396472998274959,-1.0554440055008842,-0.18420329432661164,39.04566444330427,117.14849999999998,123.9811038035887,110.31589619641127,13.665207607177422,0.3735108862091406,40.474243663123474,36.77724124099419,-59.525756336876526,1.4399999999999977,2.750000000000002,-1.7702127659574451,2.98920317658607,1029449.05,0.7516263189518704,-2.0799999999999983,3.3500000000000085,-52.135120912953234,49.91884266330828,113.57,-1.8500000000000085,-1.6028417951828178,0,0,0,118.38,119.19,120.97,2.4750010101022792,114.62,1131092.0,34.44613050075874,115.23,892048.0,33.497294638465334,115.22,677297.0,35.52694325226513,117.5,1178818.0,38.03479078514337,112.07,865313.0,15.12859304084725,0.9984429065743945,0.9852452229435291,0.968825020565078,1.109301582080902,3.416301901794352,-1,-1,0,1,0,0
2023-12-03 01:19:21.305279,116.23,118.72,107.94,113.57,1197118,114.81199999999998,115.506,116.69749999999999,119.228,115.70332205031237,117.05226489496302,-1.3489428446506508,-1.1141437733308377,-0.23479907131981315,33.73552123552122,116.69749999999999,123.20060007045012,110.19439992954986,13.006200140900262,0.25953776151998237,44.61172741679868,39.67297427929814,-55.388272583201314,10.780000000000001,3.2335714285714303,-3.35290613564804,1.7196596506941224,1032213.55,1.1597580752548733,-3.940000000000012,1.9199999999999875,-83.86547467007182,42.831082688445015,114.81,1.240000000000009,1.091837633177784,1,0,0,118.18,120.9,119.16,2.222199360995187,115.42,773761.0,39.04566444330427,114.62,1131092.0,34.44613050075874,115.23,892048.0,33.497294638465334,117.51,885894.0,41.903776513191936,111.65,992736.0,15.037593984962456,0.9891823154374108,0.973199940015853,0.952544704264099,0.7566835534139104,3.2515500352250686,-1,-1,0,1,0,0
2023-12-04 01:19:21.305279,114.3,115.22,114.3,114.81,1105807,114.72999999999999,115.74699999999999,116.40599999999999,119.35520000000001,115.56588788872584,116.88617119903968,-1.3202833103138403,-1.1553716807274383,-0.16491162958640193,44.41446303291961,116.40599999999999,122.68376158565205,110.12823841434793,12.555523171304117,0.3728846278865004,61.89189189189188,48.992620990604685,-38.10810810810811,1.6500000000000057,3.007142857142859,-0.3558409998264161,2.1441281138790003,1027926.0,1.0757651815403055,-0.4099999999999966,2.4099999999999966,-45.4833923835703,49.656659483204834,118.38,3.569999999999993,3.109485236477653,1,1,0,119.19,119.99,119.28,1.1341384395246856,113.57,1197118.0,33.73552123552122,115.42,773761.0,39.04566444330427,114.62,1131092.0,34.44613050075874,115.22,677297.0,35.52694325226513,112.4,833158.0,20.064205457463927,1.0006972892878934,0.9862893665274987,0.961918709867689,0.7228761996407778,3.1388807928260283,-1,-1,0,1,0,0
2023-12-05 01:19:21.305279,115.8,120.12,115.8,118.38,1427406,115.35999999999999,116.008,116.26050000000001,119.50519999999999,115.99882821353725,116.99682518429607,-0.9979969707588197,-1.1238967387337147,0.125899767974895,62.53312135665074,116.26050000000001,122.1866897761657,110.33431022383432,11.85237955233137,0.6788248503721838,85.71428571428564,64.07263500765875,-14.285714285714352,5.310000000000002,3.0942857142857156,2.7336631085654703,2.254470069966312,1046579.0,1.3638779299030461,3.1499999999999915,2.6099999999999994,45.16521860262388,59.94041548582809,118.18,-0.19999999999998863,-0.16894745734075742,0,0,0,120.9,120.58,120.53,1.1006679790052558,114.81,1105807.0,44.41446303291961,113.57,1197118.0,33.73552123552122,115.42,773761.0,39.04566444330427,115.23,892048.0,33.497294638465334,115.77,939675.0,33.39587242026268,1.0261789181692096,1.018230611428645,0.9905845101301032,1.8150895294742773,2.9630948880828445,1,-1,0,1,0,0
2023-12-06 01:19:21.305279,118.58,119.05,116.62,118.18,1040668,116.072,116.04400000000001,116.07249999999999,119.6134,116.3343931037623,117.08446776323717,-0.7500746594748762,-1.049132322881947,0.29905766340707074,67.46712407089771,116.07249999999999,121.45355008339197,110.69144991660801,10.762100166783966,0.6958260903856462,84.072249589491,77.22614239855618,-15.927750410509004,2.4299999999999926,3.132857142857144,3.105915198045718,0.3055508402648223,1041543.4,0.9991595165405494,3.5600000000000023,0.36000000000001364,52.1479267837132,59.02788102348083,119.19,1.009999999999991,0.8546285327466498,1,0,0,119.99,120.68,124.09,0.6902680638763156,118.38,1427406.0,62.53312135665074,114.81,1105807.0,44.41446303291961,113.57,1197118.0,33.73552123552122,114.62,1131092.0,34.44613050075874,117.82,1284824.0,36.29430237774783,1.018161141360535,1.0181567554761035,0.9880163928121767,2.1241633647173277,2.6905250416959925,1,-1,0,1,0,0
2023-12-07 01:19:21.305279,118.84,121.29,116.89,119.19,890728,116.826,116.213,115.9935,119.70400000000001,116.77371724164502,117.2404331141086,-0.46671587246358115,-0.9326490327982737,0.46593316033469256,70.85176991150442,115.9935,121.12476751551333,110.86223248448667,10.262535031026658,0.8114727492121626,84.26966292134827,84.68539940837498,-15.73033707865174,4.400000000000006,3.2764285714285726,3.266331658291454,1.4382978723404236,1019353.95,0.8738162048619128,3.769999999999996,1.6899999999999977,95.84683047588977,65.60418548902109,120.9,1.710000000000008,1.4346841177951237,1,0,0,120.58,120.97,126.53,0.3882396167414922,118.18,1040668.0,67.46712407089771,118.38,1427406.0,62.53312135665074,114.81,1105807.0,44.41446303291961,115.42,773761.0,39.04566444330427,117.5,1178818.0,38.03479078514337,1.0202352216116275,1.0275575786574247,0.9957060749849628,2.4750010101022792,2.565633757756667,1,-1,0,1,0,0
2023-12-08 01:19:21.305279,120.26,120.9,120.26,120.9,1382343,118.292,116.55199999999999,116.054,119.76780000000001,117.40852997369963,117.5115121426933,-0.10298216899367674,-0.7667156600373544,0.6637334910436776,72.32142857142858,116.054,121.39310065361636,110.71489934638365,10.678201307232712,0.9538217496159809,97.07865168539325,88.47352139874418,-2.9213483146067443,1.710000000000008,3.3300000000000014,6.454169234833154,2.8848608629052848,1024515.2,1.3492654867394842,7.3300000000000125,3.3900000000000006,140.50914483440525,67.06410637107197,119.99,-0.9100000000000108,-0.7526881720430196,0,0,0,120.68,119.16,132.04,0.7184218816319179,119.19,890728.0,70.85176991150442,118.18,1040668.0,67.46712407089771,118.38,1427406.0,62.53312135665074,113.57,1197118.0,33.73552123552122,117.51,885894.0,41.903776513191936,1.0220471375917222,1.041756423733779,1.0094532921202526,2.222199360995187,2.6695503268081775,1,1,0,0,0,0
2023-12-09 01:19:21.305279,122.15,122.17,118.92,119.99,1043538,119.328,117.029,116.03800000000001,119.81119999999999,117.80567920851507,117.69510383582723,0.11057537268784756,-0.591257453492314,0.7018328261801615,62.72617611580216,116.03800000000001,121.32506305896257,110.75093694103745,10.574126117925118,0.8737424687322961,84.68025298664789,88.67618919779648,-15.319747013352117,3.25,3.1478571428571445,4.511802107830322,4.139906266273213,1038970.6,1.004396082045055,5.179999999999993,4.769999999999996,131.37741902100797,60.1926075288186,120.58,0.5900000000000034,0.49170764230352815,1,0,0,120.97,119.28,130.08,0.8476319956251819,120.9,1382343.0,72.32142857142858,119.19,890728.0,70.85176991150442,118.18,1040668.0,67.46712407089771,114.81,1105807.0,44.41446303291961,115.22,677297.0,35.52694325226513,1.0055477339769374,1.0340578086488907,1.0014923479607918,1.1341384395246856,2.643531529481282,1,-1,0,0,0,0
2023-12-10 01:19:21.305279,119.95,122.27,118.98,120.58,1044357,119.768,117.564,116.223,119.833,118.23249779182045,117.90879984798826,0.32369794383218675,-0.4082663740274138,0.7319643178596005,59.12698412698414,116.223,121.88010024286892,110.56589975713108,11.314200485737842,0.8850912846641026,88.2065596650384,89.98848811235985,-11.793440334961605,3.289999999999992,3.1964285714285725,1.8584220307484398,4.642888136769933,1052496.85,0.9922661526255399,2.200000000000003,5.349999999999994,125.44738078883589,59.61824675343209,120.68,0.10000000000000853,0.08293249295074517,1,0,0,119.16,120.53,132.41,0.8413263338369523,119.99,1043538.0,62.72617611580216,120.9,1382343.0,72.32142857142858,119.19,890728.0,70.85176991150442,118.38,1427406.0,62.53312135665074,115.23,892048.0,33.497294638465334,1.0067797742301783,1.0374882768470957,1.006233675197984,1.1006679790052558,2.828550121434461,1,1,0,0,0,0
2023-12-11 01:19:21.305279,120.7,122.16,119.66,120.68,820864,120.268,118.17,116.57449999999999,119.8704,118.60903659307886,118.11407393332257,0.4949626597562826,-0.2276205672706745,0.7225832270269571,60.671140939597315,116.57449999999999,122.42863385206279,110.72036614793718,11.708267704125603,0.8506496523438202,88.9043963712492,87.2637363409785,-11.095603628750798,2.5,3.278571428571429,2.1154171602640037,5.287035421392429,1020372.25,0.804475033498804,2.5,6.060000000000002,115.58062105048607,58.671125763497855,120.97,0.28999999999999204,0.24030493868080213,1,0,0,119.28,124.09,132.97,1.9953520992565663,120.58,1044357.0,59.12698412698414,119.99,1043538.0,62.72617611580216,120.9,1382343.0,72.32142857142858,118.18,1040668.0,67.46712407089771,114.62,1131092.0,34.44613050075874,1.0034256826420993,1.035217822079443,1.0067539609444867,0.6902680638763156,2.9270669260313977,1,1,0,0,0,0
2023-12-12 01:19:21.305279,121.34,121.35,120.23,120.97,935878,120.624,118.725,117.0195,119.897,118.97226173260519,118.32562401233581,0.646637720269382,-0.05276890976266315,0.6994066300320452,61.39657444005266,117.0195,122.78429506185917,111.25470493814082,11.52959012371835,0.8426401075501502,90.92812281926031,89.34635961851598,-9.071877180739687,1.1199999999999903,3.179285714285714,1.4934138770031051,4.80852538554843,1023900.5,0.9140321740247221,1.7800000000000011,5.549999999999997,105.94723232877959,58.887111180212536,119.16,-1.8100000000000023,-1.4962387368769137,0,0,0,120.53,126.53,138.86,3.258844887380755,120.68,820864.0,60.671140939597315,120.58,1044357.0,59.12698412698414,119.99,1043538.0,62.72617611580216,119.19,890728.0,70.85176991150442,115.42,773761.0,39.04566444330427,1.0028684175620108,1.033759330709839,1.00894934819053,0.3882396167414922,2.8823975309295884,1,1,0,0,0,0
2023-12-13 01:19:21.305279,120.32,120.32,117.71,119.16,972641,120.276,119.28400000000002,117.39500000000001,119.8926,119.00114454297362,118.3874296410517,0.6137149019219237,0.08052785257425427,0.5331870493476694,63.40136054421767,117.39500000000001,122.64228100016663,112.14771899983339,10.494562000333246,0.6681823405249252,78.29727843684577,86.0432658757851,-21.70272156315422,3.260000000000005,3.184285714285714,-1.439205955334995,4.922074491503041,1022895.75,0.9508701155518536,-1.740000000000009,5.590000000000003,51.777128598380564,57.62129890231953,119.28,0.12000000000000455,0.10070493454179637,1,0,0,124.09,132.04,136.68,5.102688507052713,120.97,935878.0,61.39657444005266,120.68,820864.0,60.671140939597315,120.58,1044357.0,59.12698412698414,120.9,1382343.0,72.32142857142858,113.57,1197118.0,33.73552123552122,0.9907213409158935,1.0150347118701817,0.9938895311303616,0.7184218816319179,2.623640500083311,-1,1,0,1,0,0
2023-12-14 01:19:21.305279,120.11,120.11,118.25,119.28,975312,120.13399999999999,119.73100000000002,117.73899999999999,119.88459999999999,119.04404538251615,118.45354596393678,0.5904994185793697,0.1825221657752774,0.4079772528040923,63.67319378798107,117.73899999999999,122.48569480574852,112.99230519425146,9.493389611497065,0.6623234759198935,79.13468248429871,82.78669458013495,-20.865317515701292,1.8599999999999994,3.2771428571428567,-0.5917159763313558,3.8933890776064795,1030003.45,0.946901682707956,-0.7099999999999937,4.469999999999999,50.85321334578448,63.84638093911915,120.53,1.25,1.0479543930248156,1,0,0,126.53,130.08,134.45,4.605413119363783,119.16,972641.0,63.40136054421767,120.97,935878.0,61.39657444005266,120.68,820864.0,60.671140939597315,119.99,1043538.0,62.72617611580216,114.81,1105807.0,44.41446303291961,0.9928912714135882,1.0130882715158105,0.9949568168054947,0.8476319956251819,2.373347402874269,-1,1,0,1,0,0
2023-12-15 01:19:21.305279,118.46,120.81,118.46,120.53,1446941,120.124,119.946,117.977,119.87199999999999,119.27265378520596,118.60735737401558,0.6652964111903827,0.27907701485829856,0.3862193963320842,69.12621359223297,117.977,122.78494561664381,113.1690543833562,9.615891233287613,0.7654980113712395,87.85764131193304,81.7632007443592,-12.142358688066958,2.3500000000000085,3.2392857142857148,-0.04146624647536669,1.8161851664132502,1055366.75,1.3710314447560528,-0.04999999999999716,2.1500000000000057,68.5276071868052,72.00104188100747,124.09,3.5600000000000023,2.953621505019499,1,1,0,132.04,132.41,132.91,3.613882953280073,119.28,975312.0,63.67319378798107,119.16,972641.0,63.40136054421767,120.97,935878.0,61.39657444005266,120.58,1044357.0,59.12698412698414,118.38,1427406.0,62.53312135665074,1.0033798408311412,1.0216398111496308,1.005489188467699,0.8413263338369523,2.4039728083219005,-1,1,0,0,0,0
2023-12-16 01:19:21.305279,120.97,124.28,120.97,124.09,1020848,120.806,120.53699999999999,118.29050000000002,119.969,120.01378397209736,119.01347905001454,1.0003049220828188,0.4233225963032026,0.5769823257796163,73.80560131795714,118.29050000000002,123.8190116489526,112.76198835104745,11.057023297905147,1.024508255408917,98.83720930232559,88.60984436618578,-1.1627906976744045,3.75,3.4042857142857152,2.825654623798472,5.000846166864102,1042167.95,0.9795426927109014,3.4099999999999966,5.909999999999997,151.13513513513527,72.56344470424744,126.53,2.4399999999999977,1.9663147715367857,1,0,0,130.08,132.97,127.33,2.6262958706148383,120.53,1446941.0,69.12621359223297,119.28,975312.0,63.67319378798107,119.16,972641.0,63.40136054421767,120.68,820864.0,60.671140939597315,118.18,1040668.0,67.46712407089771,1.0271840802609142,1.0490276057671577,1.0343505405563105,1.9953520992565663,2.7642558244762894,1,1,0,0,0,0
2023-12-17 01:19:21.305279,123.44,128.93,123.44,126.53,874141,121.918,121.271,118.742,120.0138,121.01627874562082,119.57025837964325,1.4460203659775743,0.627862150238077,0.8181582157394973,84.46808510638299,118.742,125.36522103225298,112.11877896774703,13.246442064505942,1.087931458279508,83.59535201640462,90.0967342102211,-16.404647983595382,5.490000000000009,3.0264285714285726,4.596180871290405,6.158234751237523,1026934.1,0.8512143086883569,5.560000000000002,7.340000000000003,204.8255983996534,79.73242313871263,132.04,5.509999999999991,4.354698490476559,1,1,0,132.41,138.86,126.05,3.3078195234941195,124.09,1020848.0,73.80560131795714,120.53,1446941.0,69.12621359223297,119.28,975312.0,63.67319378798107,120.97,935878.0,61.39657444005266,119.19,890728.0,70.85176991150442,1.0378287045391164,1.0655875764262013,1.054295422693057,3.258844887380755,3.3116105161264846,1,1,0,0,0,0
2023-12-18 01:19:21.305279,126.34,134.51,126.34,132.04,1729870,124.494,122.38499999999999,119.46849999999999,120.2176,122.71223586167915,120.49394294411437,2.2182929175647814,0.9459483037034181,1.2723446138613634,87.34286952752491,119.46849999999999,128.33156891129073,110.60543108870924,17.726137822581492,1.2092069420776508,86.79850347407803,89.74368826426944,-13.201496525921966,8.169999999999987,3.492142857142857,10.80899630748573,9.214226633581461,1069132.9,1.6180121292684944,12.879999999999995,11.139999999999986,260.6457389066083,80.79721967180205,130.08,-1.9599999999999795,-1.4843986670705693,0,0,0,132.97,136.68,124.2,3.5198508491140577,126.53,874141.0,84.46808510638299,124.09,1020848.0,73.80560131795714,120.53,1446941.0,69.12621359223297,119.16,972641.0,63.40136054421767,120.9,1382343.0,72.32142857142858,1.0606133628929908,1.1052285748963115,1.098341673764906,5.102688507052713,4.431534455645377,1,1,0,0,0,0
2023-12-19 01:19:21.305279,131.7,131.7,129.21,130.08,1106604,126.654,123.394,120.2115,120.4402,123.84573803680543,121.20402124455052,2.641716792254911,1.2851020014137169,1.3566147908411943,77.26001863932905,120.2115,130.01638229618683,110.40661770381315,19.60976459237368,1.0032441849831242,75.23756288429301,81.87713945825855,-24.762437115706998,2.829999999999984,3.3149999999999986,9.054325955734416,8.409034086173863,1090598.25,1.0146761192767364,10.800000000000011,10.090000000000018,203.22733370157067,72.84316135477059,132.41,2.329999999999984,1.791205412054108,1,0,0,138.86,134.45,124.64,2.6844980908931677,132.04,1729870.0,87.34286952752491,126.53,874141.0,84.46808510638299,124.09,1020848.0,73.80560131795714,119.28,975312.0,63.67319378798107,119.99,1043538.0,62.72617611580216,1.0270500734283956,1.0820928114198727,1.0800380603818327,4.605413119363783,4.9024411480934225,1,1,0,0,0,0
2023-12-20 01:19:21.305279,129.69,132.65,129.69,132.41,1045649,129.03000000000003,124.577,121.07050000000001,120.6532,125.16331680037382,122.03409374495438,3.1292230554194447,1.6539262122148626,1.475296843204582,80.1610852055956,121.07050000000001,131.98524227580944,110.15575772419058,21.82948455161886,1.0194579823076517,88.08172531214532,83.37259722350547,-11.918274687854685,2.960000000000008,3.3528571428571428,9.856467269559442,9.810913916072316,1098278.3,0.9520801785849724,11.879999999999995,11.829999999999998,188.13009555536115,79.56219280708054,132.97,0.5600000000000023,0.4229287818140641,1,0,0,136.68,132.91,125.55,2.5672027578687797,130.08,1106604.0,77.26001863932905,132.04,1729870.0,87.34286952752491,126.53,874141.0,84.46808510638299,120.53,1446941.0,69.12621359223297,120.58,1044357.0,59.12698412698414,1.0261954584205222,1.093660305359274,1.0974429190440038,3.613882953280073,5.457371137904712,1,1,1,0,0,0
2023-12-21 01:19:21.305279,132.72,135.57,131.36,132.97,1249649,130.80599999999998,125.806,121.98799999999999,120.83760000000001,126.36434498493169,122.84416087495792,3.520184109973769,2.0271777917666443,1.493006318207125,79.77528089887643,121.98799999999999,133.6772043761473,110.29879562385267,23.378408752294632,0.9697496787039499,85.44232922732365,82.92053914125401,-14.55767077267634,4.2099999999999795,3.339285714285712,7.156096381658469,10.183957573748751,1104206.15,1.1317171164098299,8.879999999999995,12.289999999999992,171.0193557327311,80.19686573411994,138.86,5.890000000000015,4.429570579830048,1,1,0,134.45,127.33,130.33,4.378096618395818,132.41,1045649.0,80.1610852055956,130.08,1106604.0,77.26001863932905,132.04,1729870.0,87.34286952752491,124.09,1020848.0,73.80560131795714,120.68,820864.0,60.671140939597315,1.0165435836276624,1.0900252483850872,1.100402523717783,2.6262958706148383,5.84460218807366,1,1,1,0,0,0
2023-12-22 01:19:21.305279,132.17,140.64,132.17,138.86,1321837,133.272,127.595,123.16000000000001,121.1076,128.28675344878837,124.030519328665,4.256234120123381,2.472989057437992,1.7832450626853888,82.86969253294292,123.16000000000001,136.63967046293965,109.68032953706037,26.959340925879275,1.0823584501996852,92.23724378543405,88.58709944163435,-7.762756214565954,8.469999999999999,3.8221428571428544,9.744724571247936,14.788790609241973,1131609.95,1.168103019949586,12.330000000000013,17.890000000000015,181.67802378712136,80.34379901965207,136.68,-2.180000000000007,-1.5699265447213069,0,0,0,132.91,126.05,132.87,4.599269507216166,132.97,1249649.0,79.77528089887643,132.41,1045649.0,80.1610852055956,130.08,1106604.0,77.26001863932905,126.53,874141.0,84.46808510638299,120.97,935878.0,61.39657444005266,1.0419292874722375,1.1274764533939592,1.1465836991237546,3.3078195234941195,6.739835231469816,1,1,1,0,0,0
2023-12-23 01:19:21.305279,137.63,139.5,134.42,136.68,1521861,134.2,129.347,124.3155,121.30120000000001,129.57802214897475,124.9675178969122,4.6105042520625545,2.9004920963629046,1.71001215569965,79.18852745715289,124.3155,138.28690610035463,110.34409389964537,27.942812200709255,0.9424930429760454,82.73004797208905,86.80320699494894,-17.26995202791095,5.0800000000000125,3.952857142857141,3.5140866404120077,14.702920443101721,1147847.1,1.325839478097736,4.640000000000015,17.52000000000001,146.8255560459544,77.09431915338004,134.45,-2.230000000000018,-1.6315481416447306,0,0,0,127.33,124.2,131.4,4.45873524668239,138.86,1321837.0,82.86969253294292,132.97,1249649.0,79.77528089887643,132.41,1045649.0,80.1610852055956,132.04,1729870.0,87.34286952752491,119.16,972641.0,63.40136054421767,1.0184798807749629,1.0994606465002355,1.1267819279611413,3.5198508491140577,6.98570305017731,1,1,1,0,0,0
2023-12-24 01:19:21.305279,136.33,136.33,134.0,134.45,1298529,135.074,130.86399999999998,125.29750000000001,121.4496,130.32755720297862,125.66992397862253,4.65763322435609,3.2519203219615416,1.4057129023945483,72.94078729738668,125.29750000000001,139.2165741903247,111.3784258096753,27.8381483806494,0.8287754585848096,73.00479720889665,82.6573629888066,-26.995202791103356,2.680000000000007,3.9092857142857134,3.3594710947109285,12.71797451374915,1157483.2,1.1218555915109611,4.369999999999976,15.169999999999987,107.82973542427636,69.26524869939823,132.91,-1.539999999999992,-1.1454072145779042,0,0,0,126.05,124.64,129.11,3.51232544050341,136.68,1521861.0,79.18852745715289,138.86,1321837.0,82.86969253294292,132.97,1249649.0,79.77528089887643,130.08,1106604.0,77.26001863932905,119.28,975312.0,63.67319378798107,0.9953803100522675,1.0730461501626127,1.1070435802176375,2.6844980908931677,6.959537095162351,1,1,1,0,0,0
2023-12-25 01:19:21.305279,134.72,134.72,132.69,132.91,1017296,135.17400000000004,132.102,126.024,121.6116,130.72485609482806,126.20622590613208,4.51863018869598,3.5052622953084294,1.0133678933875503,69.30849384275338,126.024,139.9396124361689,112.10838756383112,27.83122487233777,0.7474199404297215,66.28870475359794,74.00784997819456,-33.71129524640206,2.030000000000001,3.875714285714285,0.3776149837625557,10.271301750601507,1136977.7,0.8947369856066658,0.5,12.379999999999995,81.22458895168313,63.420669318794495,127.33,-5.579999999999998,-4.198329696787298,0,0,1,124.2,125.55,130.44,1.231758904983911,134.45,1298529.0,72.94078729738668,136.68,1521861.0,79.18852745715289,138.86,1321837.0,82.86969253294292,132.41,1045649.0,80.1610852055956,120.53,1446941.0,69.12621359223297,0.983251216950005,1.05464038595823,1.0929056109779,2.5672027578687797,6.95780621808444,1,1,1,0,0,0
2023-12-26 01:19:21.305279,133.83,133.83,124.86,127.33,1851240,134.046,132.426,126.48150000000001,121.6568,130.2025705417776,126.2894684316038,3.9131021101737957,3.5868302582815033,0.32627185189229246,58.603896103896105,126.48150000000001,139.90419448987032,113.0588055101297,26.84538897974062,0.5316069176960082,41.95377235063239,60.41575810437567,-58.04622764936761,8.970000000000013,4.436428571428572,-4.2415582462209525,2.611008139253763,1177506.3,1.5721699323392155,-5.640000000000001,3.239999999999995,25.604973537328135,54.888419013980716,126.05,-1.2800000000000011,-1.0052619178512534,0,0,0,124.64,130.33,127.06,2.4456553314004217,132.91,1017296.0,69.30849384275338,134.45,1298529.0,72.94078729738668,136.68,1521861.0,79.18852745715289,132.97,1249649.0,79.77528089887643,124.09,1020848.0,73.80560131795714,0.9498977962788894,1.0067084909650816,1.0466328228261799,4.378096618395818,6.711347244935158,-1,1,1,0,0,0
2023-12-27 01:19:21.305279,127.15,127.15,124.08,126.05,979008,131.484,132.37800000000001,126.82450000000001,121.7092,129.56371353535025,126.27173002926276,3.2919835060874902,3.527860907842701,-0.23587740175521077,59.456491902278344,126.82450000000001,139.80601475225956,113.84298524774049,25.96302950451907,0.47016912067733785,34.83698079499777,47.693152633076046,-65.16301920500223,3.25,4.435714285714286,-9.225118824715551,-0.3793566743064917,1181920.3,0.8283198114119877,-12.810000000000016,-0.480000000000004,-11.013016180302044,54.710999565095484,124.2,-1.8499999999999943,-1.4676715589051919,0,0,0,125.55,132.87,131.78,3.8638154717853137,127.33,1851240.0,58.603896103896105,132.91,1017296.0,69.30849384275338,134.45,1298529.0,72.94078729738668,138.86,1321837.0,82.86969253294292,126.53,874141.0,84.46808510638299,0.9586717775546834,0.9938931357900089,1.0356653400071647,4.599269507216166,6.490757376129766,-1,1,1,0,0,0
2023-12-28 01:19:21.305279,127.4,127.4,122.12,124.2,1295245,128.988,131.594,126.98949999999999,121.6752,128.73852683760407,126.11826854561366,2.6202582919904103,3.3463403846722426,-0.7260820926818323,56.44654088050316,126.98949999999999,139.73570682481758,114.2432931751824,25.492413649635182,0.39057528885500764,25.87917042380528,34.22330785647849,-74.12082957619472,5.280000000000001,4.680000000000001,-9.130816505706763,-5.9375946682823315,1177565.4,1.0999346618030728,-12.480000000000004,-7.839999999999989,-28.02709184981813,48.604275921147824,124.64,0.4399999999999977,0.3542673107890481,1,0,0,130.33,131.4,134.96,3.6540758065491508,126.05,979008.0,59.456491902278344,127.33,1851240.0,58.603896103896105,132.91,1017296.0,69.30849384275338,136.68,1521861.0,79.18852745715289,132.04,1729870.0,87.34286952752491,0.9628802679319006,0.9780336169525827,1.0207503254566255,4.45873524668239,6.373103412408796,-1,1,1,0,0,0
2023-12-29 01:19:21.305279,124.89,125.59,124.14,124.64,1094937,127.026,131.05,127.22200000000001,121.656,128.10798424720343,126.0087671718645,2.0992170753389274,3.0969157228055795,-0.997698647466652,55.502008032128515,127.22200000000001,139.5947929025948,114.84920709740521,24.74558580518959,0.39565815817306227,18.65785460091512,26.45800193990607,-81.34214539908487,1.4500000000000028,4.615714285714286,-7.29639271104499,-4.182041820418212,1180135.35,0.9278062893379135,-9.809999999999988,-5.440000000000012,-29.13682875123084,47.76918724475643,125.55,0.9099999999999966,0.730102695763797,1,0,0,132.87,129.11,133.76,2.774476527204356,124.2,1295245.0,56.44654088050316,126.05,979008.0,59.456491902278344,127.33,1851240.0,58.603896103896105,134.45,1298529.0,72.94078729738668,130.08,1106604.0,77.26001863932905,0.9812164438776314,0.9797047680432629,1.0245281778128492,3.51232544050341,6.186396451297401,-1,1,1,0,0,0
2023-12-30 01:19:21.305279,125.18,125.76,125.18,125.55,1333699,125.554,130.364,127.47049999999999,121.6952,127.71444820917213,125.97478441839304,1.7396637907790904,2.8254653364002817,-1.0858015456211914,52.10374639769452,127.47049999999999,139.4757873877776,115.46521261222239,24.0105747755552,0.420014409569436,18.520518358531294,21.019181127750574,-81.47948164146871,1.1200000000000045,4.427857142857143,-5.537581822285757,-5.180877577222264,1194602.45,1.1164375227926244,-7.359999999999999,-6.859999999999999,-24.35441219679384,48.71084920048942,130.33,4.780000000000015,3.80724810832339,1,1,0,131.4,130.44,129.24,1.4006248605562,124.64,1094937.0,55.502008032128515,124.2,1295245.0,56.44654088050316,126.05,979008.0,59.456491902278344,132.91,1017296.0,69.30849384275338,132.41,1045649.0,80.1610852055956,0.9999681411982095,0.9849337689896879,1.0316758590314161,1.231758904983911,6.0026436938888,-1,1,1,0,0,0
2023-12-31 01:19:21.305279,125.51,130.45,125.51,130.33,1692536,126.154,130.1,127.953,121.84480000000002,128.11684079237642,126.29739297999359,1.8194478123828333,2.624261831596792,-0.8048140192139588,55.12958963282939,127.953,139.57885702556683,116.32714297443319,23.251714051133646,0.6022290225474415,44.33045356371499,27.16960884105381,-55.66954643628501,4.9399999999999835,4.388571428571427,2.356082619963885,-1.985410242911925,1238186.05,1.3669480446819764,3.000000000000014,-2.6399999999999864,13.820048350691286,50.98969025809951,132.87,2.539999999999992,1.9488989488222141,1,0,0,129.11,127.06,132.81,2.2176180915585877,125.55,1333699.0,52.10374639769452,124.64,1094937.0,55.502008032128515,124.2,1295245.0,56.44654088050316,127.33,1851240.0,58.603896103896105,132.97,1249649.0,79.77528089887643,1.0331023986556116,1.018577133791314,1.06963941013486,2.4456553314004217,5.812928512783411,1,1,1,0,0,0
2024-01-01 01:19:21.305279,130.66,136.35,130.66,132.87,1201485,127.518,129.501,128.548,122.0236,128.84809605508775,126.78425275925336,2.0638432958343884,2.5121781244443113,-0.4483348286099229,51.218080422659256,128.548,139.8835214399587,117.21247856004129,22.671042879917422,0.6906396641254002,58.04535637149034,40.29877609791222,-41.954643628509665,6.019999999999982,4.2349999999999985,5.410551368504567,-4.313697249027804,1251466.4,0.9600617323805098,6.820000000000007,-5.990000000000009,69.42256197938359,49.60713327599952,131.4,-1.4699999999999989,-1.1063445473018731,0,0,0,130.44,131.78,132.57,1.9202135297950336,130.33,1692536.0,55.12958963282939,125.55,1333699.0,52.10374639769452,124.64,1094937.0,55.502008032128515,126.05,979008.0,59.456491902278344,138.86,1321837.0,82.86969253294292,1.0419705453347763,1.033621682173196,1.0888877233584324,3.8638154717853137,5.667760719979354,1,1,1,0,0,0
2024-01-02 01:19:21.305279,134.36,134.36,130.5,131.4,959697,128.958,128.973,129.16,122.1998,129.24069666199733,127.12615996227166,2.114536699725676,2.432649839500584,-0.3181131397749084,51.9654556283502,129.16,139.65165282247474,118.66834717752525,20.983305644949496,0.6067515308551567,50.107991360691194,50.82793376529886,-49.8920086393088,3.8600000000000136,4.308571428571429,5.797101449275364,-3.863037752414399,1250819.2,0.7672547719126793,7.200000000000003,-5.280000000000001,46.60996478380838,49.977869545759354,129.11,-2.289999999999992,-1.7427701674276954,0,0,0,127.06,134.96,135.92,2.9645741684107088,132.87,1201485.0,51.218080422659256,130.33,1692536.0,55.12958963282939,125.55,1333699.0,52.10374639769452,124.2,1295245.0,56.44654088050316,136.68,1521861.0,79.18852745715289,1.0189363978969899,1.0173428305977084,1.0752881755943955,3.6540758065491508,5.245826411237377,1,1,1,0,0,0
2024-01-03 01:19:21.305279,131.53,131.53,128.88,129.11,1266677,129.852,128.43900000000002,129.6515,122.36920000000002,129.2205894832285,127.27311107617747,1.9474784070510367,2.335615553010675,-0.3881371459596381,45.08050089445442,129.6515,139.05935623547376,120.24364376452624,18.815712470947517,0.4712208612437031,37.742980561555164,48.632109431245574,-62.257019438444836,2.6500000000000057,4.286428571428572,3.58632862644417,-3.9717367050948122,1265387.45,1.001019094981541,4.470000000000013,-5.339999999999975,4.779291842872389,43.58735433798015,130.44,1.329999999999984,1.0301293470683788,1,0,0,131.78,133.76,131.65,3.079967532297735,131.4,959697.0,51.9654556283502,132.87,1201485.0,51.218080422659256,130.33,1692536.0,55.12958963282939,124.64,1094937.0,55.502008032128515,134.45,1298529.0,72.94078729738668,0.9942858022980009,0.9958234189346056,1.0550857568734615,2.774476527204356,4.703928117736876,1,1,1,0,0,0
2024-01-04 01:19:21.305279,129.39,135.11,124.13,130.44,967840,130.83,128.192,130.147,122.5522,129.40819110119335,127.5076954409051,1.9004956602882572,2.2485915744661913,-0.34809591417793406,46.31302827164092,130.147,138.5189006205266,121.77509937947339,16.74380124105322,0.5174990132635837,44.92440604751621,44.25845932325419,-55.07559395248379,10.980000000000018,4.770000000000003,3.8948626045400245,-1.8584004213377465,1241432.4,0.7796155473306481,4.890000000000001,-2.469999999999999,-3.34281295215267,42.59476354183724,127.06,-3.3799999999999955,-2.591229684145964,0,0,1,134.96,129.24,130.14,3.2357688421777238,129.11,1266677.0,45.08050089445442,131.4,959697.0,51.9654556283502,132.87,1201485.0,51.218080422659256,125.55,1333699.0,52.10374639769452,132.91,1017296.0,69.30849384275338,0.9970190323320338,1.0022513004525653,1.0643627776571942,1.4006248605562,4.185950310263304,1,1,1,0,0,0
2024-01-05 01:19:21.305279,130.3,131.57,122.04,127.06,1661724,130.176,128.16500000000002,130.2955,122.65460000000002,129.046930931779,127.47453281565286,1.5723981161261378,2.1133528827981807,-0.5409547666720429,31.44654088050312,130.2955,138.31288499170628,122.27811500829374,16.034769983412545,0.29821974351069397,28.751431844215336,37.13960615109558,-71.24856815578467,9.529999999999987,4.845714285714288,-2.509015575845937,-0.2120474357967455,1273476.2,1.3048724428458105,-3.2700000000000102,-0.269999999999996,-71.06645513837455,34.348428666027814,131.78,4.719999999999999,3.7147804186998257,1,1,0,133.76,132.81,130.22,2.1726021264852653,130.44,967840.0,46.31302827164092,129.11,1266677.0,45.08050089445442,131.4,959697.0,51.9654556283502,130.33,1692536.0,55.12958963282939,127.33,1851240.0,58.603896103896105,0.9760631760078664,0.9751679835450956,1.0359171201080104,2.2176180915585877,4.0086924958531345,-1,1,1,0,0,0
2024-01-06 01:19:21.305279,126.62,132.43,126.62,131.78,1398598,129.958,128.738,130.55800000000002,122.87480000000001,129.46740309612068,127.7934563107897,1.6739467853309833,2.0254716633047414,-0.3515248779737581,42.865463016889905,130.55800000000002,138.3981036513003,122.71789634869975,15.680207302600536,0.5779326431352291,68.06429070580016,47.24670953251058,-31.93570929419984,5.810000000000002,4.897857142857144,-0.8203507187476505,4.545815152717179,1299699.05,1.0760937310833611,-1.0900000000000034,5.730000000000004,-3.8640064612488882,42.56798855193185,134.96,3.180000000000007,2.413112763697076,1,1,0,129.24,132.57,130.4,2.134635800320119,127.06,1661724.0,31.44654088050312,130.44,967840.0,46.31302827164092,129.11,1266677.0,45.08050089445442,132.87,1201485.0,51.218080422659256,126.05,979008.0,59.456491902278344,1.0140199141261024,1.0093598247522173,1.0724737700488627,1.9202135297950336,3.9200518256501304,-1,1,1,0,0,0
2024-01-07 01:19:21.305279,131.41,135.24,131.41,134.96,1167823,130.67000000000002,129.81400000000002,130.704,123.1802,130.3124180044098,128.32431139887936,1.9881066055304473,2.0179986517498825,-0.029892046219435198,50.72258430150187,130.704,138.7659219335796,122.64207806642041,16.12384386715918,0.7639569097210479,90.28651292802245,62.36741182601265,-9.71348707197755,3.8300000000000125,4.980000000000002,2.7092846270928477,8.663446054750407,1271596.7,0.9183910275954633,3.5600000000000023,10.760000000000005,69.90162138903604,49.69319178700544,133.76,-1.200000000000017,-0.8891523414345117,0,0,0,132.81,135.92,129.29,2.4168471197012646,131.78,1398598.0,42.865463016889905,127.06,1661724.0,31.44654088050312,130.44,967840.0,46.31302827164092,131.4,959697.0,51.9654556283502,124.2,1295245.0,56.44654088050316,1.032830795132777,1.0325621251071122,1.0956306289484836,2.9645741684107088,4.030960966789797,1,1,1,0,0,0
2024-01-08 01:19:21.305279,134.09,134.63,133.28,133.76,1125771,131.6,130.726,130.888,123.44920000000002,130.84281523450062,128.72695499896238,2.1158602355382357,2.037570968507553,0.07828926703068273,51.216022889842634,130.888,139.0572223426826,122.71877765731742,16.338444685365175,0.6757817255746822,81.90076869322148,80.08385744234805,-18.099231306778517,1.6800000000000068,4.955000000000003,3.601580048021049,7.3170731707317,1272555.05,0.884654066635467,4.649999999999977,9.11999999999999,63.45152702175655,55.86434048083394,129.24,-4.519999999999982,-3.3791866028707997,0,0,1,132.57,131.65,130.97,2.4045935207448785,134.96,1167823.0,50.72258430150187,131.78,1398598.0,42.865463016889905,127.06,1661724.0,31.44654088050312,129.11,1266677.0,45.08050089445442,124.64,1094937.0,55.502008032128515,1.0164133738601824,1.021942424057209,1.083522614970368,3.079967532297735,4.084611171341294,1,1,1,0,0,0
2024-01-09 01:19:21.305279,134.03,134.03,128.65,129.24,1068201,131.35999999999999,131.095,130.7295,123.69640000000001,130.59622827534668,128.76495833237257,1.831269942974103,1.996310763400863,-0.16504082042675994,52.81794039539689,130.7295,138.8973947232748,122.56160527672522,16.335789446549583,0.4088198336007196,50.3144654088051,74.16724901001635,-49.68553459119491,5.3799999999999955,4.698571428571429,-0.9199632014719324,2.9390681003584325,1273682.65,0.8386712341571113,-1.1999999999999886,3.690000000000012,-1.7434756943013825,58.343352571627605,132.81,3.569999999999993,2.762302692664804,1,1,0,135.92,130.14,128.24,2.1224914605265925,133.76,1125771.0,51.216022889842634,134.96,1167823.0,50.72258430150187,131.78,1398598.0,42.865463016889905,130.44,967840.0,46.31302827164092,125.55,1333699.0,52.10374639769452,0.983861144945189,0.98860624419125,1.0448161789672132,3.2357688421777238,4.083947361637395,-1,-1,1,0,0,0
2024-01-10 01:19:21.305279,129.41,136.03,129.41,132.81,1081451,132.51000000000002,131.343,130.72150000000002,124.07959999999999,130.93680854067796,129.06459104849313,1.8722174921848307,1.9714921091576567,-0.09927461697282602,59.342177998894435,130.72150000000002,138.88046349195974,122.5625365080403,16.31792698391945,0.6279880711599028,75.26205450733757,69.1590962031214,-24.73794549266244,6.789999999999992,4.951428571428572,4.525421060916102,1.9028619657791679,1265272.75,0.8547176883403202,5.75,2.4799999999999898,42.67112882579095,64.21042670784988,132.57,-0.2400000000000091,-0.18070928393946922,0,0,0,131.65,130.22,127.94,2.365998732038601,129.24,1068201.0,52.81794039539689,133.76,1125771.0,51.216022889842634,134.96,1167823.0,50.72258430150187,127.06,1661724.0,31.44654088050312,130.33,1692536.0,55.12958963282939,1.0022639800769753,1.0159767138534976,1.0703612842078796,2.1726021264852653,4.079481745979866,1,-1,1,0,0,0
2024-01-11 01:19:21.305279,133.11,134.67,129.1,132.57,1257990,132.66799999999998,131.31300000000002,130.40699999999998,124.48960000000001,131.18806876518906,129.32425097082697,1.8638177943620917,1.9499572461985437,-0.086139451836452,62.105872143477,130.40699999999998,137.68211721735736,123.13188278264262,14.550234434714739,0.6486573985941698,73.58490566037733,66.38714185884,-26.41509433962267,5.569999999999993,4.972142857142857,0.5994839884656186,-0.22578460149018692,1262080.4,0.9967590020413915,0.789999999999992,-0.30000000000001137,37.82907143395915,64.07208773705946,135.92,3.3499999999999943,2.5269668854190197,1,1,0,130.14,130.4,128.31,2.4555610356918907,132.81,1081451.0,59.342177998894435,129.24,1068201.0,52.81794039539689,133.76,1125771.0,51.216022889842634,131.78,1398598.0,42.865463016889905,132.87,1201485.0,51.218080422659256,0.9992613139566437,1.0165865329315145,1.0649082332982032,2.134635800320119,3.637558608678681,1,-1,1,0,0,0
2024-01-12 01:19:21.305279,134.11,137.01,134.11,135.92,1121184,132.85999999999999,131.765,130.369,124.97500000000002,131.9160581859292,129.81282497298795,2.103233212941234,1.9806124395470817,0.12262077339415223,65.0480256136606,130.369,137.51291283025552,123.22508716974447,14.287825660511047,0.888512579303228,92.71877087508346,80.52191034759946,-7.28122912491653,4.439999999999998,5.185714285714285,0.7113218731475841,3.439878234398768,1242046.55,0.9026908049460787,0.9599999999999795,4.519999999999982,122.34795996920703,64.31782735629318,131.65,-4.269999999999982,-3.141553855208933,0,0,1,130.22,129.29,129.69,0.8480271222125905,132.57,1257990.0,62.105872143477,132.81,1081451.0,59.342177998894435,129.24,1068201.0,52.81794039539689,134.96,1167823.0,50.72258430150187,131.4,959697.0,51.9654556283502,1.02303176275779,1.0425791407466498,1.0875775155031002,2.4168471197012646,3.571956415127762,1,-1,1,0,0,0
2024-01-13 01:19:21.305279,135.07,135.07,131.09,131.65,1104503,132.43800000000002,132.019,130.22899999999998,125.36,131.8751261573247,129.9489120120259,1.9262141452988146,1.9697327806974285,-0.04351863539861389,57.468168462291885,130.22899999999998,137.14219074782136,123.3158092521786,13.826381495642764,0.6027745401389251,64.19505678022718,76.83291110522931,-35.80494321977282,4.829999999999984,5.450714285714284,-1.5774521531100367,1.967314692897523,1232345.25,0.8962610112709892,-2.109999999999985,2.539999999999992,56.21804084757954,57.4555943720294,130.14,-1.5100000000000193,-1.1469806304595664,0,0,0,130.4,130.97,131.6,0.6051693977789627,135.92,1121184.0,65.0480256136606,132.57,1257990.0,62.105872143477,132.81,1081451.0,59.342177998894435,133.76,1125771.0,51.216022889842634,129.11,1266677.0,45.08050089445442,0.994050046059288,1.0109115481190827,1.0501754945756223,2.4045935207448785,3.4565953739106914,-1,-1,1,0,1,0
2024-01-14 01:19:21.305279,131.74,132.03,126.97,130.14,1222205,132.618,131.98899999999998,130.0905,125.64740000000002,131.60818367158242,129.96306667780175,1.6451169937806753,1.904809623314078,-0.2596926295334028,49.74713867447427,130.0905,136.88755036645927,123.29344963354072,13.594100732918548,0.5036412853613869,54.10821643286565,70.34068136272543,-45.89178356713435,5.060000000000002,5.459285714285714,0.6963788300835478,-0.229990800367994,1242590.7,0.9835941955786407,0.8999999999999773,-0.30000000000001137,-9.25329798649252,49.03813866681305,130.22,0.0800000000000125,0.061472260642394735,1,0,0,129.29,128.24,128.71,1.0719281692390237,131.65,1104503.0,57.468168462291885,135.92,1121184.0,65.0480256136606,132.57,1257990.0,62.105872143477,129.24,1068201.0,52.81794039539689,130.44,967840.0,46.31302827164092,0.9813147536533502,1.0003805043412086,1.0357556145212712,2.1224914605265925,3.3985251832296375,1,-1,1,0,1,0
2024-01-15 01:19:21.305279,130.06,131.08,129.32,130.22,1243189,132.1,132.305,130.235,125.8954,131.39461695287744,129.98209877574237,1.4125181771350697,1.8063513340782764,-0.39383315694320675,46.22614639703787,130.235,136.90667303250132,123.5633269674987,13.34334606500262,0.4988758441902852,54.64261857047429,57.648630594522366,-45.35738142952571,1.7600000000000193,5.155000000000002,-1.950154355846701,2.4870140091295423,1212188.15,1.025574288941861,-2.5900000000000034,3.1599999999999966,1.30192282322657,49.078284538818735,130.4,0.18000000000000682,0.13822761480571866,1,0,0,130.97,127.94,124.83,1.3180553857892674,130.14,1222205.0,49.74713867447427,131.65,1104503.0,57.468168462291885,135.92,1121184.0,65.0480256136606,132.81,1081451.0,59.342177998894435,127.06,1661724.0,31.44654088050312,0.985768357305072,0.999884823588129,1.0343507387879145,2.365998732038601,3.335836516250656,-1,1,1,0,0,0
2024-01-16 01:19:21.305279,129.9,131.5,128.51,130.4,1158186,131.666,132.167,130.4525,126.1534,131.24159896012705,130.0130544219837,1.2285445381433533,1.6907899748912918,-0.4622454367479385,48.52158486102898,130.4525,136.8267107870597,124.07828921294026,12.748421574119448,0.4958818431211468,55.84502338009357,54.865286127811174,-44.15497661990643,2.990000000000009,5.092857142857144,-1.6368710869729106,-1.0471998785855179,1221147.05,0.9484410579381083,-2.1699999999999875,-1.3799999999999955,-6.756692995121845,48.546050695081085,129.29,-1.1100000000000136,-0.851226993865041,0,0,0,128.24,128.31,128.08,1.2379216453427309,130.22,1243189.0,46.22614639703787,130.14,1222205.0,49.74713867447427,131.65,1104503.0,57.468168462291885,132.57,1257990.0,62.105872143477,131.78,1398598.0,42.865463016889905,0.9903847614418302,0.9995975546654914,1.033662192219948,2.4555610356918907,3.187105393529859,-1,1,1,0,0,0
2024-01-17 01:19:21.305279,128.51,132.31,124.58,129.29,1284222,130.34,131.6,130.70700000000002,126.38900000000001,130.94135296626135,129.9594948351701,0.9818581310912577,1.549003606131285,-0.5671454750400273,50.27573529411762,130.70700000000002,136.40016154882562,125.01383845117441,11.386323097651214,0.37555245114269387,48.43019372077484,52.972611890447574,-51.56980627922516,7.730000000000004,5.455714285714287,-4.877869334902881,-4.20124481327802,1220595.9,1.0521270798959754,-6.6299999999999955,-5.670000000000016,-57.08369849885062,48.52741852691238,130.97,1.6800000000000068,1.299404439631841,1,0,0,127.94,129.69,128.99,1.2776736672593905,130.4,1158186.0,48.52158486102898,130.22,1243189.0,46.22614639703787,130.14,1222205.0,49.74713867447427,135.92,1121184.0,65.0480256136606,134.96,1167823.0,50.72258430150187,0.9919441460794843,0.9891589585867625,1.0229529468545522,0.8480271222125905,2.846580774412807,-1,1,1,0,0,0
2024-01-18 01:19:21.305279,129.31,132.02,129.31,130.97,978210,130.204,131.321,131.0235,126.704,130.94576020222115,130.03434706960195,0.9114131326192023,1.4214855114288687,-0.5100723788096664,50.80327371930888,131.0235,135.94850932406015,126.09849067593989,9.850018648120269,0.49456853820167834,59.652638610554455,54.64261857047429,-40.347361389445545,2.730000000000018,4.866428571428573,-0.5165210786175517,-2.0858253588516686,1214759.55,0.8052704751323009,-0.6800000000000068,-2.789999999999992,-3.9921889443515384,48.57863324717053,128.24,-2.7299999999999898,-2.084446819882408,0,0,1,128.31,131.6,127.13,1.5241161373097716,129.29,1284222.0,50.27573529411762,130.4,1158186.0,48.52158486102898,130.22,1243189.0,46.22614639703787,131.65,1104503.0,57.468168462291885,133.76,1125771.0,51.216022889842634,1.0058830757887622,0.9995916763023426,1.03366902386665,0.6051693977789627,2.462504662030064,-1,1,1,0,0,0
2024-01-19 01:19:21.305279,132.06,132.69,124.88,128.24,924161,129.824,131.221,131.158,126.9642,130.52948940187943,129.90143247185367,0.6280569300257639,1.262799795148248,-0.634742865122484,51.824366110080405,131.158,135.57427420963765,126.74172579036232,8.832548419275327,0.16963102136728647,29.444891391794155,45.84257457437448,-70.55510860820586,7.810000000000002,4.743571428571431,-1.4599661902566294,-0.773754255648406,1194282.65,0.7738210046005441,-1.8999999999999773,-1.0,-90.19542444905709,50.6865270123542,127.94,-0.30000000000001137,-0.23393636930755718,0,0,0,129.69,128.71,131.13,1.4669185389816526,130.97,978210.0,50.80327371930888,129.29,1284222.0,50.27573529411762,130.4,1158186.0,48.52158486102898,130.14,1222205.0,49.74713867447427,129.24,1068201.0,52.81794039539689,0.987798866157259,0.9777520242760641,1.0100485018611547,1.0719281692390237,2.208137104818834,-1,1,1,0,0,0
2024-01-20 01:19:21.305279,128.35,130.51,126.8,127.94,1323742,129.368,130.734,131.0385,127.2306,130.1311064169749,129.7561411776423,0.37496523933259596,1.0852328839851175,-0.7102676446525216,43.12320916905445,131.0385,135.67305794746326,126.40394205253673,9.269115894926529,0.16571784891631658,27.03137570394209,38.709635235430234,-72.96862429605791,3.7099999999999937,4.593571428571431,-1.7508831208723707,-3.6668925532715946,1175842.95,1.1257812958779911,-2.280000000000001,-4.8700000000000045,-95.73281357262012,42.3373638507867,128.31,0.37000000000000455,0.2891980615913745,1,0,0,131.6,124.83,131.5,2.474534299622457,128.24,924161.0,51.824366110080405,130.97,978210.0,50.80327371930888,129.29,1284222.0,50.27573529411762,130.22,1243189.0,46.22614639703787,132.81,1081451.0,59.342177998894435,0.9889617216003957,0.9763542775596485,1.005575702700451,1.3180553857892674,2.3172789737316357,-1,-1,1,0,0,0
2024-01-21 01:19:21.305279,127.65,128.54,127.65,128.31,964523,128.95,130.308,130.8105,127.4884,129.85093619897873,129.64901960892806,0.20191659005067208,0.9085696251982284,-0.7066530351475563,36.75826363998408,130.8105,135.51383577032246,126.10716422967752,9.406671540644936,0.2341780257559041,30.008045052292893,28.828104049343043,-69.99195494770711,0.8899999999999864,4.383571428571429,-1.6027607361963216,-3.21339669608508,1163994.85,0.8286316730696874,-2.0900000000000034,-4.259999999999991,-98.0751315557573,35.472082539954016,129.69,1.3799999999999955,1.075520224456391,1,0,0,128.71,128.08,134.67,2.4840430753125027,127.94,1323742.0,43.12320916905445,128.24,924161.0,51.824366110080405,130.97,978210.0,50.80327371930888,130.4,1158186.0,48.52158486102898,132.57,1257990.0,62.105872143477,0.9950368359829392,0.980884562019104,1.0064445078924829,1.2379216453427309,2.3516678851612336,-1,-1,1,0,0,0
2024-01-22 01:19:21.305279,128.34,130.99,128.18,129.69,1057721,129.03,129.685,130.725,127.8108,129.82617678375124,129.6520551934519,0.17412159029933605,0.7616800182184499,-0.5875584279191138,41.953341241597485,130.725,135.44535458079102,126.00464541920897,9.440709161582049,0.3903684053511766,41.110217216411925,32.7165459908823,-58.889782783588075,2.8100000000000023,4.464285714285714,0.3093820094361557,-4.583578575632718,1168896.05,0.9048888479005468,0.4000000000000057,-6.22999999999999,-39.55936004446432,35.04558181978936,131.6,1.9099999999999966,1.4727426941167374,1,0,0,124.83,128.99,134.92,2.4250092783344126,128.31,964523.0,36.75826363998408,127.94,1323742.0,43.12320916905445,128.24,924161.0,51.824366110080405,129.29,1284222.0,50.27573529411762,135.92,1121184.0,65.0480256136606,1.0051150895140664,0.9920826161790017,1.01470298284652,1.2776736672593905,2.360177290395511,1,-1,1,0,0,0
2024-01-23 01:19:21.305279,130.34,133.57,129.93,131.6,1412961,129.156,129.68,130.84949999999998,128.1466,130.09907266317413,129.79634740134435,0.302725261829778,0.6698890669407156,-0.3671638051109376,55.202821869488496,130.84949999999998,135.52160523943914,126.17739476056082,9.344210478878324,0.5803171120445594,56.47626709573612,42.53150978814698,-43.52373290426388,3.8799999999999955,4.357142857142857,0.48102618920363094,-0.03797949107482823,1176210.25,1.201282678840794,0.6299999999999955,-0.05000000000001137,36.81491635569823,43.0982049058452,128.71,-2.8899999999999864,-2.196048632218835,0,0,1,128.08,127.13,140.55,1.6789044046662986,129.69,1057721.0,41.953341241597485,128.31,964523.0,36.75826363998408,127.94,1323742.0,43.12320916905445,130.97,978210.0,50.80327371930888,131.65,1104503.0,57.468168462291885,1.0189228529839882,1.0057355970026636,1.0269488226765282,1.5241161373097716,2.3360526197195814,1,1,1,0,0,0
2024-01-24 01:19:21.305279,132.35,132.35,126.42,128.71,1331174,129.25,129.537,130.76299999999998,128.35320000000002,129.88536917653195,129.715877223467,0.16949195306494858,0.5698096441655622,-0.40031769110061366,40.68181818181821,130.76299999999998,135.53012028267037,125.99587971732959,9.534240565340781,0.28467084127674425,33.226065969428895,43.60418342719231,-66.7739340305711,5.929999999999993,4.295714285714285,0.3665003119151582,-1.0988166589826176,1194376.95,1.1145342347740386,0.46999999999999886,-1.4299999999999784,-57.542506179312326,35.80712338186841,124.83,-3.8800000000000097,-3.0145287856421485,0,0,1,128.99,131.13,145.55,2.322933490224793,131.6,1412961.0,55.202821869488496,129.69,1057721.0,41.953341241597485,128.31,964523.0,36.75826363998408,128.24,924161.0,51.824366110080405,130.14,1222205.0,49.74713867447427,0.9958220502901355,0.9842998401688553,1.0027798294082266,1.4669185389816526,2.383560141335196,1,-1,1,0,0,0
2024-01-25 01:19:21.305279,128.49,128.49,124.76,124.83,1393000,128.628,128.998,130.6515,128.4862,129.10762007245012,129.35396039209905,-0.24634031964893666,0.40657965140266245,-0.6529199710515992,34.906396255850254,130.6515,135.86656834995577,125.43643165004421,10.430136699911557,-0.0581422533080853,2.0112630732099768,30.571198712791666,-97.98873692679003,3.950000000000003,4.180000000000001,-2.4308269501328743,-4.139149132237752,1180940.75,1.1795680689314854,-3.1099999999999994,-5.390000000000001,-169.97305902522754,35.65098808967139,128.08,3.250000000000014,2.6035408155091035,1,1,0,127.13,131.5,144.9,1.9013495207373294,128.71,1331174.0,40.68181818181821,131.6,1412961.0,55.202821869488496,129.69,1057721.0,41.953341241597485,127.94,1323742.0,43.12320916905445,130.22,1243189.0,46.22614639703787,0.9704729918835713,0.9554425322326954,0.9715440257397293,2.474534299622457,2.6075341749778906,-1,-1,0,0,0,0
2024-01-26 01:19:21.305279,125.81,128.96,125.81,128.08,1693535,128.582,128.766,130.4665,128.664,128.94952467668855,129.25959295564726,-0.3100682789587097,0.26325006533038803,-0.5733183442890977,34.651527016444874,130.4665,135.77468741984342,125.15831258015656,10.616374839686856,0.27520575186563684,33.3651096282175,22.867479556952123,-66.63489037178249,4.13000000000001,4.157857142857145,-0.17925337074272446,-1.7791411042944731,1195687.6,1.41636912517952,-0.22999999999998977,-2.319999999999993,-100.14197605375495,37.51444856803971,128.99,0.9099999999999966,0.7104934415989979,1,0,0,131.13,134.67,147.79,2.8396091280329796,124.83,1393000.0,34.906396255850254,128.71,1331174.0,40.68181818181821,131.6,1412961.0,55.202821869488496,128.31,964523.0,36.75826363998408,130.4,1158186.0,48.52158486102898,0.9960958765612606,0.9817079480173072,0.9954610458247841,2.4840430753125027,2.654093709921715,-1,-1,0,0,0,0
2024-01-27 01:19:21.305279,127.87,129.23,127.87,128.99,942759,128.442,128.73600000000002,130.16799999999998,128.8258,128.95575164950571,129.2396231070808,-0.28387145757508847,0.1538257607492927,-0.43769721832438113,44.00360685302076,130.16799999999998,135.06797894732046,125.26802105267952,9.79995789464094,0.3797954019124756,49.054505005561886,28.143625902329788,-50.945494994438114,1.3599999999999852,3.9100000000000015,-0.5397486313516761,-0.23203650707710027,1184434.4,0.7959571251898797,-0.6999999999999886,-0.29999999999998295,-57.80240073868778,43.49890816347093,127.13,-1.8600000000000136,-1.4419722459105462,0,0,0,131.5,134.92,149.77,3.173901384732735,128.08,1693535.0,34.651527016444874,124.83,1393000.0,34.906396255850254,128.71,1331174.0,40.68181818181821,129.69,1057721.0,41.953341241597485,129.29,1284222.0,50.27573529411762,1.0042665171828529,0.990950156720546,1.0012745894067805,2.4250092783344126,2.4499894736602346,-1,-1,1,0,0,0
2024-01-28 01:19:21.305279,129.32,130.24,122.47,127.13,1330265,127.548,128.352,129.8365,128.9686,128.67486678035098,129.08335472877852,-0.4084879484275348,0.041363018913927165,-0.44985096734146196,43.32001775410567,129.8365,134.60869258886692,125.0643074111331,9.544385177733815,0.21643013671388373,41.981981981981974,41.46719887192045,-58.018018018018026,7.77000000000001,4.10357142857143,-3.3966565349544062,-2.931969153241203,1194659.1,1.1135101218414525,-4.469999999999999,-3.8400000000000034,-125.00832564202507,43.30284213776509,131.13,4.0,3.1463855895540003,1,1,0,134.67,140.55,153.94,3.7798849188842585,128.99,942759.0,44.00360685302076,128.08,1693535.0,34.651527016444874,124.83,1393000.0,34.906396255850254,131.6,1412961.0,55.202821869488496,130.97,978210.0,50.80327371930888,0.9967228023959607,0.9791545520712588,0.9857438167119748,1.6789044046662986,2.386096294433453,-1,-1,0,0,0,0
2024-01-29 01:19:21.305279,127.01,131.64,127.01,131.13,1326633,128.03199999999998,128.641,129.93099999999998,129.17960000000002,129.0525795833739,129.23495808220233,-0.18237849882842738,-0.003385284634543757,-0.17899321419388362,51.72022684310018,129.93099999999998,134.72824438445485,125.13375561554513,9.594488768909727,0.624967575540375,78.01801801801803,56.35150166852063,-21.981981981981974,4.629999999999981,4.308571428571428,1.8801957889829752,2.2535870243293714,1207580.7,1.098587448441334,2.4199999999999875,2.8899999999999864,2.511119978975938,43.57262011882545,131.5,0.37000000000000455,0.28216273926638036,1,0,0,134.92,145.55,151.05,5.584601149590618,127.13,1330265.0,43.32001775410567,128.99,942759.0,44.00360685302076,128.08,1693535.0,34.651527016444874,128.71,1331174.0,40.68181818181821,128.24,924161.0,51.824366110080405,1.0241970757310674,1.0092279748481887,1.015098359183648,2.322933490224793,2.398622192227429,1,1,1,0,0,0
2024-01-30 01:19:21.305279,131.16,131.56,131.16,131.5,1081853,129.366,128.99699999999999,129.8655,129.39600000000002,129.42910580131638,129.40273896500216,0.02636683631422443,0.002565139555209882,0.023801696759014546,52.064564564564556,129.8655,134.53120229383637,125.19979770616364,9.331404587672736,0.6751611972927691,81.35135135135141,67.11711711711713,-18.648648648648596,0.4300000000000068,4.1257142857142854,5.343266842906354,2.7825543223385982,1207600.8,0.8958697278107136,6.670000000000002,3.5600000000000023,65.5748821754308,50.21381412787286,134.67,3.1699999999999875,2.4106463878326903,1,1,0,140.55,144.9,153.2,5.226391680692228,131.13,1326633.0,51.72022684310018,127.13,1330265.0,43.32001775410567,128.99,942759.0,44.00360685302076,124.83,1393000.0,34.906396255850254,127.94,1323742.0,43.12320916905445,1.0164958335265835,1.0125860986944184,1.0162601626016259,1.9013495207373294,2.332851146918183,1,-1,1,0,0,0
2024-01-31 01:19:21.305279,131.72,134.74,131.72,134.67,1546553,130.684,129.63299999999998,129.97050000000002,129.67,130.23539721649848,129.79290644907607,0.442490767422413,0.09055026512865054,0.35194050229376245,59.37282229965155,129.97050000000002,134.97471075326882,124.96628924673122,10.008421506537601,0.9695545643166812,99.42950285248557,86.26629074061835,-0.570497147514438,3.240000000000009,3.8049999999999997,5.145221736414721,4.956745382277285,1222028.95,1.2655616710226054,6.589999999999975,6.359999999999985,148.10595455320666,58.52219982229608,134.92,0.25,0.18563896933244228,1,0,0,145.55,147.79,156.52,5.099330348193665,131.5,1081853.0,52.064564564564556,131.13,1326633.0,51.72022684310018,127.13,1330265.0,43.32001775410567,128.08,1693535.0,34.651527016444874,128.31,964523.0,36.75826363998408,1.0305010559823695,1.0361582051311642,1.0385594200663222,2.8396091280329796,2.5021053766343995,1,1,1,0,0,0
2024-02-01 01:19:21.305279,135.49,136.32,133.25,134.92,1120070,131.86999999999998,130.156,129.9205,129.9852,130.95610533703717,130.17269115655193,0.7834141804852379,0.22912304819996807,0.5542911322852698,57.24239090575722,129.9205,134.68884065808558,125.15215934191441,9.536681316171169,1.0242389710058186,89.89169675090248,90.22418365157982,-10.108303249097519,3.069999999999993,3.8292857142857124,4.597255601209379,4.032693345670437,1221973.25,0.9166076262307706,5.929999999999978,5.22999999999999,198.37127301354198,58.94593240105085,140.55,5.630000000000024,4.172843166320801,1,1,0,144.9,149.77,151.09,3.4683310107325336,134.67,1546553.0,59.37282229965155,131.5,1081853.0,52.064564564564556,131.13,1326633.0,51.72022684310018,128.99,942759.0,44.00360685302076,129.69,1057721.0,41.953341241597485,1.0231288390081141,1.0384812250568616,1.0379643220920536,3.173901384732735,2.384170329042794,1,-1,0,0,0,0
2024-02-02 01:19:21.305279,135.23,141.76,135.23,140.55,1524808,134.554,131.051,130.3655,130.41060000000002,132.43208913133915,130.94138070051105,1.4907084308281071,0.481440124725596,1.0092683061025112,70.40106065628105,130.3655,137.07818547719637,123.65281452280361,13.425370954392761,1.2586010125603024,93.72731985484718,94.3495064860784,-6.272680145152826,6.840000000000003,3.759999999999998,10.556123652953682,6.800911854103357,1242988.5,1.2267273591026788,13.420000000000016,8.950000000000017,290.8573931785861,65.6211528452311,145.55,5.0,3.557452863749555,1,1,0,147.79,153.94,147.59,3.6507738905619767,134.92,1120070.0,57.24239090575722,134.67,1546553.0,59.37282229965155,131.5,1081853.0,52.064564564564556,127.13,1330265.0,43.32001775410567,131.6,1412961.0,55.202821869488496,1.0445620345734798,1.0781226628210685,1.0777498148156668,3.7798849188842585,3.356342738598191,1,1,0,0,0,0
2024-02-03 01:19:21.305279,139.97,146.28,139.97,145.55,1570569,137.43800000000002,132.73499999999999,131.13600000000002,130.911,134.45022926497927,132.02350064862134,2.4267286163579342,0.8704978230520637,1.5562307933058706,75.25093203326641,131.13600000000002,140.6801409968837,121.59185900311634,19.088281993767353,1.255122959976514,96.93406131877367,93.51769264150778,-3.0659386812263323,6.310000000000002,3.9457142857142844,10.996720811408538,13.083676482013832,1260406.7,1.2460811260365405,14.420000000000016,16.840000000000003,294.89770191500844,73.47190205509709,144.9,-0.6500000000000057,-0.44658193060804235,0,0,0,149.77,151.05,141.65,3.401198318241546,140.55,1524808.0,70.40106065628105,134.92,1120070.0,57.24239090575722,134.67,1546553.0,59.37282229965155,131.13,1326633.0,51.72022684310018,128.71,1331174.0,40.68181818181821,1.0590229776335511,1.1099164226451927,1.1118240636768493,5.584601149590618,4.772070498441841,1,1,1,0,0,0
2024-02-04 01:19:21.305279,145.92,152.11,142.05,144.9,971802,140.118,134.74200000000002,131.86999999999998,131.3272,136.0578863011363,132.97731541539014,3.0805708857461696,1.312512435590885,1.7680584501552845,73.59886201991463,131.86999999999998,143.20707471783925,120.5329252821607,22.674149435678544,1.0746632321077008,75.67476383265856,88.77871500209312,-24.325236167341448,10.060000000000002,4.600714285714285,10.19011406844107,16.07786589762077,1246837.35,0.7794136099628391,13.400000000000006,20.070000000000007,246.8493020099981,78.76355943163004,147.79,2.8899999999999864,1.9944789510006804,1,0,0,153.94,153.2,140.95,2.509511904735497,145.55,1570569.0,75.25093203326641,140.55,1524808.0,70.40106065628105,134.92,1120070.0,57.24239090575722,131.5,1081853.0,52.064564564564556,124.83,1393000.0,34.906396255850254,1.0341283775103842,1.0988094335330252,1.1033510194384712,5.226391680692228,5.668537358919637,1,1,1,0,0,0
2024-02-05 01:19:21.305279,144.19,149.68,144.19,147.79,1031472,142.74200000000002,136.71300000000002,132.7395,131.7524,137.86282687019227,134.07455131054644,3.7882755596458253,1.8076650604018734,1.980610499243952,74.68630660120019,132.7395,146.09046207848067,119.3885379215193,26.70192415696137,1.0636485187932136,85.42510121457482,86.01130878866901,-14.574898785425166,5.490000000000009,4.792142857142857,9.742333110566575,15.388819487820097,1240501.65,0.8314958710453952,13.120000000000005,19.70999999999998,195.72122197493687,78.89173034585555,149.77,1.9800000000000182,1.3397388185939634,1,0,0,151.05,156.52,143.05,2.621799000688127,144.9,971802.0,73.59886201991463,145.55,1570569.0,75.25093203326641,140.55,1524808.0,70.40106065628105,134.67,1546553.0,59.37282229965155,128.08,1693535.0,34.651527016444874,1.0353645037900545,1.1133837327999578,1.1217252968446874,5.099330348193665,6.675481039240343,1,1,1,0,0,0
2024-02-06 01:19:21.305279,147.35,152.47,147.35,149.77,925113,145.712,138.791,133.76350000000002,132.107,139.69469965939345,135.23717713939484,4.457522519998605,2.33763655232122,2.119885967677385,74.73454941464742,133.76350000000002,149.00780009095652,118.51919990904354,30.488600181912986,1.0249995048803735,91.00000000000004,84.03328834907781,-8.999999999999963,5.1200000000000045,4.880714285714286,11.006522383634765,16.109775951624155,1222546.2,0.756710053166089,14.850000000000023,20.78,180.94044107904153,78.47386047390188,153.94,4.1699999999999875,2.7842692127929407,1,1,0,153.2,151.09,147.42,2.2713762347989137,147.79,1031472.0,74.68630660120019,144.9,971802.0,73.59886201991463,145.55,1570569.0,75.25093203326641,134.92,1120070.0,57.24239090575722,128.99,942759.0,44.00360685302076,1.0278494564620624,1.1196626882520269,1.133702226225711,3.4683310107325336,7.622150045478244,1,1,1,0,0,0
2024-02-07 01:19:21.305279,148.36,156.26,148.36,153.94,885454,148.39000000000001,141.472,134.91199999999998,132.5842,141.88628432717908,136.6225714253656,5.263712901813477,2.922851822219672,2.340861079593805,83.18863456984998,134.91199999999998,152.54422361115192,117.27977638884805,35.26444722230387,1.0395802713154478,93.13406333234686,89.8530548489739,-6.865936667653133,7.899999999999977,5.021428571428571,9.526858769121299,21.088649413985685,1217908.4,0.7270284037781496,13.389999999999986,26.810000000000002,169.61960874976947,85.42512273412937,151.05,-2.8899999999999864,-1.8773548135637173,0,0,0,156.52,147.59,147.71,3.278284612416882,149.77,925113.0,74.73454941464742,147.79,1031472.0,74.68630660120019,144.9,971802.0,73.59886201991463,140.55,1524808.0,70.40106065628105,127.13,1330265.0,43.32001775410567,1.037401442145697,1.1410400853889944,1.1610734914114953,3.6507738905619767,8.816111805575966,1,1,1,0,0,0
2024-02-08 01:19:21.305279,153.87,153.87,148.43,151.05,1599226,149.49,143.464,136.0525,132.957,143.2960867383823,137.6912698383015,5.6048169000807775,3.459244837791894,2.1455720622888834,85.41329011345218,136.0525,154.7841640169016,117.32083598309842,37.46332803380318,0.9003248186190973,84.58123705238242,89.57176679490976,-15.418762947617582,5.509999999999991,5.132857142857142,3.7787701820680177,15.19103180050333,1251661.65,1.2776823512967743,5.5,19.920000000000016,127.8251671161867,83.09729890933318,153.2,2.1499999999999773,1.4233697451174956,1,0,0,151.09,141.65,152.59,5.689213478154021,153.94,885454.0,83.18863456984998,149.77,925113.0,74.73454941464742,147.79,1031472.0,74.68630660120019,145.55,1570569.0,75.25093203326641,131.13,1326633.0,51.72022684310018,1.0104354806341562,1.1102331820436964,1.1360815902885897,3.401198318241546,9.365832008450797,1,1,1,0,0,0
2024-02-09 01:19:21.305279,151.57,153.99,151.57,153.2,921568,151.15,145.634,137.3155,133.3616,144.8197657017081,138.840064665094,5.979701036614102,3.963336077556336,2.0163649590577664,84.9665924276169,137.3155,157.11968932288883,117.51131067711114,39.60837864577769,0.9010388847788222,90.9440662918023,89.55312222551053,-9.0559337081977,2.9399999999999977,5.047857142857141,5.728088336783977,16.501901140684403,1231552.95,0.7482975051945595,8.299999999999983,21.69999999999999,121.5380924672565,82.55667165360482,156.52,3.3200000000000216,2.1671018276762544,1,1,0,147.59,140.95,148.46,6.545296020808348,151.05,1599226.0,85.41329011345218,153.94,885454.0,83.18863456984998,149.77,925113.0,74.73454941464742,144.9,971802.0,73.59886201991463,131.5,1081853.0,52.064564564564556,1.0135626860734368,1.1156788563563473,1.1487564636297103,2.509511904735497,9.90209466144442,1,1,1,0,0,0
2024-02-10 01:19:21.305279,153.46,158.71,152.95,156.52,1172434,152.89600000000002,147.81900000000002,138.72600000000003,133.7148,146.61980174759915,140.14968950471666,6.470112242882493,4.464691310621568,2.0054209322609253,85.91181841899295,138.72600000000003,159.80680533765718,117.64519466234286,42.16161067531432,0.9220426998634187,93.95695364238411,89.82741899552293,-6.043046357615886,5.760000000000019,5.3621428571428575,5.907030245618796,16.224845919655472,1241948.5,0.9440278723312601,8.730000000000018,21.850000000000023,125.58072681873936,83.00232140737712,151.09,-5.430000000000007,-3.469205213391264,0,0,1,141.65,143.05,143.47,4.333991232110395,153.2,921568.0,84.9665924276169,151.05,1599226.0,85.41329011345218,153.94,885454.0,83.18863456984998,147.79,1031472.0,74.68630660120019,134.67,1546553.0,59.37282229965155,1.0237023859355379,1.128267231809466,1.1705510534361194,2.621799000688127,10.540402668828582,1,1,1,0,0,0
2024-02-11 01:19:21.305279,157.56,157.56,150.4,151.09,1291385,153.16000000000003,149.43599999999998,139.796,134.003,147.30752455566082,140.96008287473765,6.347441680923168,4.841241384681888,1.5062002962412802,78.59188544152745,139.796,161.11672320290103,118.47527679709896,42.64144640580207,0.7648596835229134,75.96214511041009,86.95438834819883,-24.03785488958992,7.159999999999997,5.3185714285714285,0.881351405488411,11.984879928846738,1253631.7,1.030115144663301,1.3199999999999932,16.170000000000016,92.28820574422076,82.01064667590904,147.59,-3.5,-2.3165000992785756,0,0,1,140.95,147.42,143.39,3.171154363951688,156.52,1172434.0,85.91181841899295,153.2,921568.0,84.9665924276169,151.05,1599226.0,85.41329011345218,149.77,925113.0,74.73454941464742,134.92,1120070.0,57.24239090575722,0.9864847218594932,1.0807891499041462,1.1275120706252846,2.2713762347989137,10.660361601450518,1,1,1,0,0,0
2024-02-12 01:19:21.305279,150.27,150.27,147.53,147.59,1293133,151.89000000000001,150.14000000000001,140.5955,134.2658,147.35098231632838,141.4511878469793,5.899794469349075,5.052952001615326,0.8468424677337492,69.8792270531401,140.5955,161.8211592235358,119.36984077646417,42.45131844707163,0.6647652006078626,59.637023593466424,76.51870744875355,-40.362976406533576,3.5600000000000023,5.242142857142858,-4.124983759906453,5.008893632159368,1247640.3,1.0364629933803837,-6.349999999999994,7.039999999999992,54.90666209967472,74.35449668254947,141.65,-5.939999999999998,-4.024662917541837,0,0,1,143.05,147.71,144.56,3.204150433423787,151.09,1291385.0,78.59188544152745,156.52,1172434.0,85.91181841899295,153.2,921568.0,84.9665924276169,153.94,885454.0,83.18863456984998,140.55,1524808.0,70.40106065628105,0.9716900388439002,1.0497491029229244,1.0992374826649824,3.278284612416882,10.61282961176791,-1,1,1,0,0,0
2024-02-13 01:19:21.305279,147.84,147.84,139.48,141.65,1565993,150.01000000000002,149.75,141.2425,134.4406,146.47390811381632,141.465914673129,5.007993440687329,5.043960289429727,-0.03596684874239742,60.80476900149032,141.2425,161.71834237711894,120.76665762288107,40.951684754237874,0.5099507505599713,36.7914042237866,57.463524309221036,-63.20859577621339,8.360000000000014,5.8085714285714305,-6.223104932141679,-2.6794915836482343,1259381.25,1.2434622160684066,-9.400000000000006,-3.9000000000000057,13.370405767304833,66.37432352205934,140.95,-0.700000000000017,-0.4941757853865281,0,0,0,147.42,152.59,144.54,4.527193391054741,147.59,1293133.0,69.8792270531401,151.09,1291385.0,78.59188544152745,156.52,1172434.0,85.91181841899295,151.05,1599226.0,85.41329011345218,145.55,1570569.0,75.25093203326641,0.944270381974535,1.0028851089438378,1.0536251697775822,5.689213478154021,10.237921188559469,-1,1,1,0,0,0
2024-02-14 01:19:21.305279,140.35,141.03,140.35,140.95,1220976,147.56,149.355,142.0485,134.71300000000002,145.62407609630614,141.42769877141575,4.196377324890392,4.87444369652186,-0.6780663716314681,57.0561797752809,142.0485,161.01777296556446,123.07922703443553,37.93854593112893,0.4710452793316288,30.243519245875827,42.22398235437628,-69.75648075412417,1.3000000000000114,5.670000000000002,-7.9960835509138395,-2.7260179434092593,1250780.05,0.9761716298561045,-12.25,-3.950000000000017,-8.720983976314555,59.05381866151532,143.05,2.1000000000000227,1.4898900319262312,1,0,0,147.71,148.46,138.63,3.394264279635517,141.65,1565993.0,60.80476900149032,147.59,1293133.0,69.8792270531401,151.09,1291385.0,78.59188544152745,153.2,921568.0,84.9665924276169,144.9,971802.0,73.59886201991463,0.9552046625101652,0.9922667258013989,1.0462984270263447,6.545296020808348,9.48463648278223,-1,1,1,0,0,0
2024-02-15 01:19:21.305279,141.41,143.19,141.41,143.05,1031892,144.866,148.881,142.797,135.053,145.22806438918212,141.54786923279235,3.6801951563897717,4.635593988495443,-0.9553988321056712,58.77022653721684,142.797,160.5904773383244,125.00352266167559,35.586954676648816,0.5071093467339037,33.304940374787115,33.44662128148318,-66.69505962521288,2.240000000000009,5.610714285714288,-8.605928954766162,-3.2072535354218696,1217697.9,0.847412153704133,-13.469999999999999,-4.739999999999981,-0.6497554636530648,58.989681510915865,147.42,4.369999999999976,3.054875917511343,1,1,0,152.59,143.47,138.46,3.2479455044704255,140.95,1220976.0,57.0561797752809,141.65,1565993.0,60.80476900149032,147.59,1293133.0,69.8792270531401,156.52,1172434.0,85.91181841899295,147.79,1031472.0,74.68630660120019,0.9874642773321552,1.0017717459050262,1.0592137901416483,4.333991232110395,8.896738669162204,-1,1,1,0,0,0
2024-02-16 01:19:21.305279,143.22,148.94,143.22,147.42,1272047,144.132,148.64600000000002,143.7185,135.5174,145.56528525238485,141.98284188221515,3.582443370169699,4.4249638648302945,-0.8425204946605955,57.618097139055195,143.7185,160.37378432028302,127.06321567971699,33.31056864056603,0.611120888986934,41.28965158606339,34.94603706890877,-58.71034841393661,5.889999999999986,5.5428571428571445,-2.429015818386403,-1.569072577952876,1234162.3,1.0306966919990992,-3.670000000000016,-2.3500000000000227,28.81933560959324,58.562232921486626,147.71,0.29000000000002046,0.19671686338354394,1,0,0,148.46,143.39,134.91,3.850322064452502,143.05,1031892.0,58.77022653721684,140.95,1220976.0,57.0561797752809,141.65,1565993.0,60.80476900149032,151.09,1291385.0,78.59188544152745,149.77,925113.0,74.73454941464742,1.0228124219465489,1.0257552089675301,1.0878307877807571,3.171154363951688,8.327642160141512,-1,1,1,0,0,0
2024-02-17 01:19:21.305279,148.12,148.12,147.66,147.71,1076334,144.156,148.023,144.7475,135.97879999999998,145.89524136740258,142.4070758168659,3.488165550536678,4.237604201971571,-0.7494386514348932,52.67459138187221,144.7475,159.52457880112746,129.97042119887254,29.554157602254918,0.6002397036609824,42.797711908476394,39.1307679564423,-57.20228809152361,0.700000000000017,5.14214285714286,0.08130632156650489,-4.047031310900344,1221465.75,0.8811823008545266,0.12000000000000455,-6.22999999999999,35.05143162888081,57.41198705806088,152.59,4.8799999999999955,3.3037709024439748,1,1,0,143.47,144.56,136.79,3.985791013087598,147.42,1272047.0,57.618097139055195,143.05,1031892.0,58.77022653721684,140.95,1220976.0,57.0561797752809,147.59,1293133.0,69.8792270531401,153.94,885454.0,83.18863456984998,1.024653847221066,1.0204666747266793,1.0862722718541422,3.204150433423787,7.388539400563723,1,1,1,0,0,0
2024-02-18 01:19:21.305279,147.88,155.62,147.88,152.59,1280984,146.344,148.177,145.82049999999998,136.5196,146.92520423395604,143.16136649709804,3.763837736857994,4.142850908948856,-0.37901317209086205,58.61914368975566,145.82049999999998,159.51077080582544,132.13022919417452,27.380541611650926,0.7472376221045779,68.17472698907957,50.75403016120646,-31.82527301092043,7.909999999999997,4.988571428571431,7.723261560183549,1.0195299569678862,1219183.3,1.0506902448548958,10.939999999999998,1.539999999999992,75.47584796642626,58.31972114938719,148.46,-4.1299999999999955,-2.706599383970113,0,0,1,143.39,144.54,137.86,2.0762056738218644,147.71,1076334.0,52.67459138187221,147.42,1272047.0,57.618097139055195,143.05,1031892.0,58.77022653721684,141.65,1565993.0,60.80476900149032,151.05,1599226.0,85.41329011345218,1.0426802602088232,1.0464235138406468,1.1177149654701597,4.527193391054741,6.845135402912732,1,1,1,0,0,0
2024-02-19 01:19:21.305279,152.37,152.37,144.8,148.46,1592489,147.846,147.703,146.6685,136.88219999999998,147.16132665950127,143.55385786768338,3.607468791817894,4.035774485522664,-0.42830569370477,50.730643402399146,146.6685,158.61372459086942,134.72327540913057,23.89044918173886,0.5749881254375653,46.69786791471664,52.5567689374242,-53.30213208528336,7.789999999999992,5.152857142857144,5.328130542745669,-3.0939947780678727,1244715.1,1.2794004025499488,7.510000000000019,-4.739999999999981,27.85012327672979,50.4239753292483,143.47,-4.990000000000009,-3.3611747271992516,0,0,1,144.56,138.63,135.34,2.461781874986175,152.59,1280984.0,58.61914368975566,147.71,1076334.0,52.67459138187221,147.42,1272047.0,57.618097139055195,140.95,1220976.0,57.0561797752809,153.2,921568.0,84.9665924276169,1.0041529699822789,1.0122146200445223,1.084582217410299,3.394264279635517,5.9726122954347165,1,1,1,0,0,0
2024-02-20 01:19:21.305279,147.55,147.55,143.11,143.47,1433871,147.93,146.398,147.1085,137.0942,146.5934302503472,143.54764617378092,3.0457840765662922,3.8377764037313895,-0.7919923271650973,43.55300859598853,147.1085,157.77240128078427,136.44459871921572,21.327802561568546,0.32940108389054773,20.748829953198154,45.20714161899812,-79.25117004680185,5.349999999999994,5.1692857142857145,0.29360363509261617,-8.337592639918228,1239081.0,1.1572052190292643,0.4199999999999875,-13.050000000000011,-37.80082383014793,43.80136967371633,143.39,-0.0800000000000125,-0.055760786227094516,0,0,0,144.54,138.46,134.01,3.1141017966679603,148.46,1592489.0,50.730643402399146,152.59,1280984.0,58.61914368975566,147.71,1076334.0,52.67459138187221,143.05,1031892.0,58.77022653721684,156.52,1172434.0,85.91181841899295,0.9698506050158858,0.9752665549577353,1.0465067085259625,3.2479455044704255,5.331950640392133,1,1,1,0,0,0
2024-02-21 01:19:21.305279,142.89,145.49,141.21,143.39,1153085,147.124,145.62800000000001,147.532,137.334,146.10059482721687,143.53596867942676,2.564626147790108,3.583146352543133,-1.0185202047530253,38.21755639937458,147.532,156.72976769256067,138.33423230743935,18.39553538512132,0.2748366702417285,20.332813312532462,29.259837060149085,-79.66718668746753,4.280000000000001,4.910714285714287,-2.733686067019401,-5.096300218412877,1240731.75,0.9293588239359556,-4.030000000000001,-7.700000000000017,-73.71567234848499,38.19379117308898,144.56,1.170000000000016,0.815956482320954,1,0,0,138.63,134.91,131.24,4.2225525455594966,143.47,1433871.0,43.55300859598853,148.46,1592489.0,50.730643402399146,152.59,1280984.0,58.61914368975566,147.42,1272047.0,57.618097139055195,151.09,1291385.0,78.59188544152745,0.9746200483945515,0.9719247349727516,1.0440968733161489,3.850322064452502,4.5988838462803345,-1,1,1,0,0,0
2024-02-22 01:19:21.305279,144.77,145.82,143.28,144.56,1214389,146.494,145.325,147.73250000000002,137.643,145.86358023841427,143.61182285132108,2.2517573870931926,3.316868559453145,-1.0651111723599525,42.462253193960514,147.73250000000002,156.45181159764576,139.01318840235427,17.438623195291484,0.31807623431782134,26.417056682267333,22.49956664933265,-73.58294331773267,2.539999999999992,4.698571428571431,-2.1325570374382274,-2.052984619554171,1225210.8,0.9911673974796826,-3.1500000000000057,-3.030000000000001,-61.77726780136371,45.97209191056289,144.54,-0.020000000000010232,-0.0138350857775389,0,0,0,138.46,136.79,131.14,3.6115965998449093,143.39,1153085.0,38.21755639937458,143.47,1433871.0,43.55300859598853,148.46,1592489.0,50.730643402399146,147.71,1076334.0,52.67459138187221,147.59,1293133.0,69.8792270531401,0.9867980941198957,0.9785253752559524,1.050253191226579,3.985791013087598,4.359655798822868,-1,1,1,0,0,0
2024-02-23 01:19:21.305279,144.61,146.22,142.67,144.54,1236233,144.88400000000001,145.614,147.682,137.925,145.65995250942746,143.68057671418617,1.9793757952412818,3.049370006610773,-1.0699942113694911,39.41837732160316,147.682,156.46599405617653,138.89800594382345,17.567988112353078,0.32115197369750764,26.31305252210087,24.354307505633557,-73.68694747789914,3.5500000000000114,4.74214285714286,-5.275575070450234,2.040240028238607,1208494.0,1.0229533617874809,-8.050000000000011,2.8899999999999864,-64.26380121749487,39.9302643532495,138.63,-5.909999999999997,-4.088833540888333,0,0,1,134.91,137.86,133.71,1.5326284611775987,144.56,1214389.0,42.462253193960514,143.39,1153085.0,38.21755639937458,143.47,1433871.0,43.55300859598853,152.59,1280984.0,58.61914368975566,141.65,1565993.0,60.80476900149032,0.9976256867563015,0.978724556818028,1.0479608482871123,2.0762056738218644,4.391997028088266,-1,-1,1,0,0,0
2024-02-24 01:19:21.305279,145.4,145.4,137.8,138.63,1444692,142.918,145.382,147.3685,138.1564,144.57842135413094,143.30645992054278,1.2719614335881602,2.6938882920062506,-1.4219268584180904,29.44150769937947,147.3685,156.97920297007167,137.75779702992835,19.221405940143313,0.045376647930319786,4.200404858299517,18.97683802088924,-95.7995951417005,7.599999999999994,4.87357142857143,-6.621312137949624,-1.6459737495565756,1232138.5,1.1725077984333743,-9.830000000000013,-2.319999999999993,-123.04087322773887,32.69285886905662,138.46,-0.1699999999999875,-0.12262857967250053,0,0,0,136.79,135.34,131.14,1.5411910978239398,144.54,1236233.0,39.41837732160316,144.56,1214389.0,42.462253193960514,143.39,1153085.0,38.21755639937458,148.46,1592489.0,50.730643402399146,140.95,1220976.0,57.0561797752809,0.9699967813711359,0.9407030674804995,1.0034279989924462,2.461781874986175,4.805351485035833,-1,-1,1,0,0,0
2024-02-25 01:19:21.305279,139.37,140.05,137.93,138.46,753457,141.916,144.923,146.902,138.29,143.63712576118772,142.94746288939146,0.6896628717962585,2.2930432079642524,-1.603380336167994,33.49019607843141,146.902,157.30005568869774,136.50394431130223,20.796111377395505,0.09405872344114888,3.703703703703686,11.405720361368026,-96.29629629629632,2.1200000000000045,4.513571428571431,-3.492019237471242,-3.208668297797975,1218237.75,0.6184810805608347,-5.009999999999991,-4.590000000000003,-132.65061204896347,33.887058214073775,134.91,-3.5500000000000114,-2.563917376859751,0,0,1,137.86,134.01,132.53,1.5354054839070874,138.63,1444692.0,29.44150769937947,144.54,1236233.0,39.41837732160316,144.56,1214389.0,42.462253193960514,143.47,1433871.0,43.55300859598853,143.05,1031892.0,58.77022653721684,0.975647566165901,0.9425331173163063,1.0012293007448116,3.1141017966679603,5.199027844348874,-1,-1,1,0,0,0
2024-02-26 01:19:21.305279,140.01,140.01,131.82,134.91,1335831,140.22,143.672,146.159,138.289,142.2944910286973,142.35209526795506,-0.05760423925775626,1.8229137185198507,-1.880517957777607,33.44647519582247,146.159,157.74946413856512,134.56853586143487,23.18092827713025,0.0147303910560825,12.983193277310933,6.962433946438044,-87.01680672268907,8.189999999999998,4.844285714285716,-5.913941000069734,-8.48595848595848,1238773.65,1.0783495435183015,-8.47999999999999,-12.509999999999991,-158.48637024546983,34.03234759166209,136.79,1.8799999999999955,1.393521606997254,1,0,0,135.34,131.24,131.19,2.579025009574761,138.46,753457.0,33.49019607843141,138.63,1444692.0,29.44150769937947,144.54,1236233.0,39.41837732160316,143.39,1153085.0,38.21755639937458,147.42,1272047.0,57.618097139055195,0.9621309370988447,0.9230358718929386,0.9755656632125477,4.2225525455594966,5.795232069282558,-1,-1,0,0,0,0
2024-02-27 01:19:21.305279,134.25,139.31,134.25,136.79,1008663,138.666,142.57999999999998,145.3015,138.34959999999998,141.44764625505158,141.9400882110695,-0.4924419560179274,1.3598425836122952,-1.8522845396302225,42.90303738317756,145.3015,157.00518952172976,133.59781047827025,23.407379043459514,0.13637535051672972,20.882352941176453,12.523083307397025,-79.11764705882355,5.060000000000002,4.608571428571429,-5.374930824571119,-7.392864396452518,1244934.1,0.8102139703619653,-7.77000000000001,-10.920000000000016,-126.9198141886617,40.85891093968201,137.86,1.0700000000000216,0.782220922582076,1,0,0,134.01,131.14,129.18,2.8486347607252838,134.91,1335831.0,33.44647519582247,138.46,753457.0,33.49019607843141,138.63,1444692.0,29.44150769937947,144.56,1214389.0,42.462253193960514,147.71,1076334.0,52.67459138187221,0.9864710888033115,0.9414218022525576,0.9887271087158909,3.6115965998449093,5.851844760864882,-1,-1,0,0,0,0
2024-02-28 01:19:21.305279,137.02,138.16,137.02,137.86,972596,137.32999999999998,141.10700000000003,144.642,138.522,140.89570067735133,141.63785945469397,-0.7421587773426381,0.9394423114213085,-1.6816010887639465,45.53597226235197,144.642,156.46765916711772,132.81634083288228,23.65131833423544,0.21325065672204022,25.37815126050428,19.747899159663888,-74.62184873949572,1.3700000000000045,4.613571428571428,-4.621558046215566,-9.653319352513263,1213602.6,0.8014122580159271,-6.679999999999978,-14.72999999999999,-104.65766769388078,47.05504906562595,135.34,-2.5200000000000102,-1.8279413898157622,0,0,0,131.24,133.71,128.96,1.8383606827857681,136.79,1008663.0,42.90303738317756,134.91,1335831.0,33.44647519582247,138.46,753457.0,33.49019607843141,144.54,1236233.0,39.41837732160316,152.59,1280984.0,58.61914368975566,1.0038593169737131,0.9531118209095562,0.9952209757294872,1.5326284611775987,5.912829583558866,-1,-1,0,0,0,0
2024-02-29 01:19:21.305279,139.24,139.24,135.33,135.34,1300248,136.672,139.79500000000002,143.749,138.5726,140.04097749622036,141.17135134693885,-1.1303738507184846,0.5254790789933498,-1.6558529297118345,38.995147016842715,143.749,155.55094792128972,131.94705207871027,23.603895842579448,0.14374525052636178,14.789915966386591,20.35014005602244,-85.21008403361341,3.9099999999999966,4.732857142857142,-2.373223688956209,-8.837397278728279,1232536.6,1.0549366241943645,-3.289999999999992,-13.120000000000005,-110.04128575641411,40.44286184371718,134.01,-1.3300000000000125,-0.9827102113196486,0,0,0,131.14,131.14,126.36,1.4759302151567995,137.86,972596.0,45.53597226235197,136.79,1008663.0,42.90303738317756,134.91,1335831.0,33.44647519582247,138.63,1444692.0,29.44150769937947,148.46,1592489.0,50.730643402399146,0.990254038866776,0.941502201754447,0.9766721559673414,1.5411910978239398,5.900973960644857,-1,-1,0,0,0,0
2024-03-01 01:19:21.305279,134.81,135.72,132.72,134.01,1345429,135.782,138.849,142.6235,138.60139999999998,139.11313480449417,140.64088087679522,-1.5277460723010563,0.11483404873446842,-1.6425801210355246,29.040325101594306,142.6235,153.5589378537223,131.6880621462777,21.87087570744461,0.10616574684899,9.201680672268894,16.456582633053255,-90.79831932773111,3.0,4.526428571428572,-3.213924599162225,-6.593712971352901,1241186.35,1.0839863006872417,-4.450000000000017,-9.460000000000008,-135.78448286879066,32.89011732909762,131.24,-2.769999999999982,-2.067009924632477,0,0,1,133.71,132.53,125.02,1.1456744738418863,135.34,1300248.0,38.995147016842715,137.86,972596.0,45.53597226235197,136.79,1008663.0,42.90303738317756,138.46,753457.0,33.49019607843141,143.47,1433871.0,43.55300859598853,0.9869496693228851,0.939606726801684,0.9668733504856373,1.5354054839070874,5.467718926861153,-1,-1,0,0,0,0
2024-03-02 01:19:21.305279,134.03,134.03,131.09,131.24,1211097,135.048,137.634,141.631,138.50779999999997,137.90188329611044,139.94451933036595,-2.0426360342555085,-0.3166599678635271,-1.7259760663919814,26.109660574412572,141.631,152.92817598619885,130.33382401380115,22.594351972397703,0.04010630565133652,0.6114961271912176,8.201030921948902,-99.38850387280878,2.9399999999999977,4.6864285714285705,-2.720332073233999,-8.4733942394867,1237171.95,0.978923746210056,-3.6699999999999875,-12.149999999999977,-147.45876170208493,26.349277680748557,131.14,-0.10000000000002274,-0.07619628162147418,0,0,0,131.14,131.19,122.09,1.1536333906457856,134.01,1345429.0,29.040325101594306,135.34,1300248.0,38.995147016842715,137.86,972596.0,45.53597226235197,134.91,1335831.0,33.44647519582247,143.39,1153085.0,38.21755639937458,0.9718026183282982,0.9266332935586137,0.9475278648567087,2.579025009574761,5.6485879930994205,-1,-1,0,0,0,0
2024-03-03 01:19:21.305279,131.69,132.65,129.26,131.14,1069302,133.918,136.29199999999997,140.8085,138.4976,136.86159355824728,139.2923327133018,-2.4307391550545105,-0.739475805301724,-1.6912633497527865,13.87672617042783,140.8085,152.66062088504304,128.95637911495697,23.70424177008607,0.09211941500692362,8.135006490696643,5.982727763385586,-91.86499350930336,3.390000000000015,4.363571428571428,-4.130418890269761,-9.283342556723863,1225980.4,0.8722015457995903,-5.650000000000006,-13.420000000000016,-143.7489591511437,18.7795398496811,133.71,2.5700000000000216,1.9597376849168995,1,0,0,132.53,129.18,126.95,1.698572930436893,131.24,1211097.0,26.109660574412572,134.01,1345429.0,29.040325101594306,135.34,1300248.0,38.995147016842715,136.79,1008663.0,42.90303738317756,144.56,1214389.0,42.462253193960514,0.9792559626039814,0.9313358213460123,0.9468756137290464,2.8486347607252838,5.926060442521515,-1,-1,0,0,0,0
2024-03-04 01:19:21.305279,130.48,134.3,130.48,133.71,1536471,133.08800000000002,135.209,140.4115,138.569,136.37673301082464,138.87882658639055,-2.502093575565908,-1.091999359354561,-1.4100942162113472,23.782438677568535,140.4115,152.66989394477318,128.1531060552268,24.51678788954638,0.22665668805425326,24.330235101148233,11.025579239678699,-75.66976489885177,3.8200000000000216,4.080000000000003,-3.0103003046569023,-7.4927355749273445,1224504.3,1.25476978725187,-4.150000000000006,-10.829999999999984,-104.1511259853632,27.72355743010658,131.14,-2.5700000000000216,-1.9220701518211214,0,0,0,131.19,128.96,127.1,1.5058718405007654,131.14,1069302.0,13.87672617042783,131.24,1211097.0,26.109660574412572,134.01,1345429.0,29.040325101594306,137.86,972596.0,45.53597226235197,144.54,1236233.0,39.41837732160316,1.004673599422938,0.9522724278282051,0.9649344369952877,1.8383606827857681,6.1291969723865884,-1,-1,0,0,0,0
2024-03-05 01:19:21.305279,132.81,132.81,130.66,131.14,1240295,132.248,134.46,139.921,138.5874,135.57108177839007,138.30558017258383,-2.734498394193764,-1.4204991663224018,-1.3139992278713624,26.021003500583518,139.921,152.85510815186723,126.98689184813276,25.86821630373447,0.16054868658523105,11.084905660377327,14.516715750740735,-88.91509433962267,3.0500000000000114,3.9157142857142895,-3.103295404167295,-5.402870951453516,1225470.25,1.0120971928939115,-4.200000000000017,-7.490000000000009,-105.88428868184563,28.256840404029134,132.53,1.3900000000000148,1.0599359463169244,1,0,0,129.18,126.36,125.39,2.355149676774988,133.71,1536471.0,23.782438677568535,131.14,1069302.0,13.87672617042783,131.24,1211097.0,26.109660574412572,135.34,1300248.0,38.995147016842715,138.63,1444692.0,29.44150769937947,0.9916218014639162,0.937243158639518,0.9462620700005916,1.4759302151567995,6.467054075933621,-1,-1,0,0,0,0
2024-03-06 01:19:21.305279,132.4,134.59,131.37,132.53,1626145,131.952,133.86700000000002,139.39499999999998,138.63,135.1032230432531,137.8777594190591,-2.7745363758059796,-1.6913066082191177,-1.0832297675868618,29.903774981495317,139.39499999999998,152.64510983072603,126.14489016927392,26.500219661452107,0.2409455435576643,19.28066037735854,18.231933712961368,-80.71933962264146,3.450000000000017,3.856428571428576,-1.104395194388471,-4.282825364726279,1255182.9,1.2955442589283204,-1.4799999999999898,-5.930000000000007,-81.01588511730709,36.81569435664765,131.19,-1.3400000000000034,-1.011091828265301,0,0,0,128.96,125.02,125.99,2.447410876827499,131.14,1240295.0,26.021003500583518,133.71,1536471.0,23.782438677568535,131.14,1069302.0,13.87672617042783,134.01,1345429.0,29.040325101594306,138.46,753457.0,33.49019607843141,1.004380380744513,0.9507514616736613,0.9559979802351584,1.1456744738418863,6.6250549153630285,-1,-1,0,0,0,0
2024-03-07 01:19:21.305279,131.52,131.92,129.78,131.19,1214153,131.94199999999998,133.495,138.5835,138.668,134.50118872890647,137.38236983246213,-2.8811811035556616,-1.9292815072864264,-0.9518995962692351,25.413755057006355,138.5835,151.75193478689962,125.41506521310033,26.33686957379929,0.2192718755248248,11.379716981132109,13.91509433962266,-88.62028301886788,2.75,3.8714285714285768,-0.03809814081073709,-2.7573938181009554,1252288.2,0.9695475849728521,-0.05000000000001137,-3.719999999999999,-95.12183359255384,29.57340880482053,129.18,-2.009999999999991,-1.532128973244905,0,0,0,126.36,122.09,125.77,2.9467643271924198,132.53,1626145.0,29.903774981495317,131.14,1240295.0,26.021003500583518,133.71,1536471.0,23.782438677568535,131.24,1211097.0,26.109660574412572,134.91,1335831.0,33.44647519582247,0.9943005259886921,0.9466494929049996,0.9460726339169815,1.1536333906457856,6.5842173934498245,-1,-1,0,1,0,0
2024-03-08 01:19:21.305279,131.04,131.04,127.39,129.18,801422,131.55,132.73399999999998,137.657,138.6322,133.6825443090747,136.7747868819094,-3.0922425728346923,-2.16187372039608,-0.9303688524386122,23.680603152844526,137.657,150.72887595766642,124.5851240423336,26.143751915332814,0.17575426712076456,9.938922820655224,13.53310005971529,-90.06107717934478,3.799999999999997,3.8892857142857187,-1.4945859386914593,-5.563272169018193,1238542.6,0.6470685788280516,-1.9599999999999795,-7.609999999999985,-108.17657666600446,30.55355225795421,128.96,-0.21999999999999886,-0.17030500077411273,0,0,0,125.02,126.95,125.27,2.5478088625353843,131.19,1214153.0,25.413755057006355,132.53,1626145.0,29.903774981495317,131.14,1240295.0,26.021003500583518,131.14,1069302.0,13.87672617042783,136.79,1008663.0,42.90303738317756,0.9819840364880273,0.9384194047523918,0.9318181490303118,1.698572930436893,6.535937978833207,-1,-1,0,1,0,0
2024-03-09 01:19:21.305279,128.96,129.89,128.43,128.96,1167074,130.6,131.844,136.4755,138.6466,132.95599903075552,136.19591377954575,-3.239914748790227,-2.3774819260749096,-0.8624328227153173,29.416773094934115,136.4755,148.0502064984949,124.9007935015051,23.149412996989795,0.17534813945488534,12.401263823064818,11.239967874950716,-87.59873617693518,1.4599999999999795,3.4507142857142887,-3.5524642883853113,-6.455824749746123,1232847.1,0.9466494263562772,-4.75,-8.900000000000006,-105.4519828304183,31.278299563546824,126.36,-2.6000000000000085,-2.016129032258071,0,0,1,122.09,127.1,126.87,2.0772890988049513,129.18,801422.0,23.680603152844526,131.19,1214153.0,25.413755057006355,132.53,1626145.0,29.903774981495317,133.71,1536471.0,23.782438677568535,137.86,972596.0,45.53597226235197,0.9874425727411946,0.9449315078530579,0.9301346012091173,1.5058718405007654,5.78735324924745,-1,-1,0,1,0,0
2024-03-10 01:19:21.305279,128.65,128.65,126.19,126.36,1278280,129.644,130.946,135.3705,138.615,131.94122994910083,135.46732757365345,-3.5260976245526194,-2.6072050657704517,-0.9188925587821677,26.658950617284034,135.3705,146.33119816254919,124.4098018374508,21.921396325098385,0.08896322723367607,1.2301013024602154,7.856762648726753,-98.76989869753979,2.7700000000000102,3.497142857142861,-3.644959585176138,-6.635141126052907,1217136.65,1.0502354029023775,-4.779999999999987,-8.980000000000004,-124.27061031850253,30.481408988735282,125.02,-1.3400000000000034,-1.0604621715732854,0,0,0,126.95,125.39,128.86,2.0219174068230177,128.96,1167074.0,29.416773094934115,129.18,801422.0,23.680603152844526,131.19,1214153.0,25.413755057006355,131.14,1240295.0,26.021003500583518,135.34,1300248.0,38.995147016842715,0.9746690938261701,0.9334382306337053,0.9115896547992641,2.355149676774988,5.4803490812746,-1,-1,0,1,0,0
2024-03-11 01:19:21.305279,125.85,127.44,122.48,125.02,1363680,128.142,130.047,134.44799999999998,138.5492,130.87642534154685,134.69345145708652,-3.817026115539676,-2.849169275724297,-0.9678568398153788,29.14382117250115,134.44799999999998,145.64161773041758,123.2543822695824,22.387235460835186,0.07886716220528525,15.092097445038577,9.574487523521205,-84.90790255496142,4.959999999999994,3.2664285714285746,-5.666641515128654,-6.708454592940822,1213627.1,1.1236400373722701,-7.510000000000005,-8.989999999999995,-140.87007276735386,30.62547907042712,122.09,-2.9299999999999926,-2.3436250199967947,0,0,1,127.1,125.99,127.56,2.03363713577764,126.36,1278280.0,26.658950617284034,128.96,1167074.0,29.416773094934115,129.18,801422.0,23.680603152844526,132.53,1626145.0,29.903774981495317,134.01,1345429.0,29.040325101594306,0.9756364033650169,0.9298762346780912,0.9023509338198993,2.447410876827499,5.596808865208793,-1,-1,0,1,0,0
2024-03-12 01:19:21.305279,125.5,125.5,121.21,122.09,1369211,126.322,129.132,133.38299999999998,138.3972,129.5246675966935,133.75986246026528,-4.235194863571792,-3.1263743932937964,-1.1088204702779954,20.315024232633434,133.38299999999998,145.03801852602928,121.72798147397069,23.31003705205859,0.015530585610860102,4.8807542983916195,7.067651015296804,-95.11924570160838,4.290000000000006,3.211428571428575,-6.936504306730691,-6.971959768363307,1224433.4,1.1182404857626393,-9.099999999999994,-9.150000000000006,-155.77280147093433,24.19416118340783,126.95,4.859999999999999,3.9806699975427953,1,1,0,125.39,125.77,126.15,0.7499333303792942,125.02,1363680.0,29.14382117250115,126.36,1278280.0,26.658950617284034,128.96,1167074.0,29.416773094934115,131.19,1214153.0,25.413755057006355,131.24,1211097.0,26.109660574412572,0.9664983138329032,0.9153340380708188,0.8821710265814626,2.9467643271924198,5.82750926301465,-1,-1,0,1,0,0
2024-03-13 01:19:21.305279,122.37,128.96,122.37,126.95,1370253,125.876,128.71300000000002,132.5025,138.3042,129.12856488950987,133.25542820394935,-4.1268633144394755,-3.326472177522933,-0.8003911369165424,30.8931698774081,132.5025,143.22571608277454,121.77928391722546,21.446432165549083,0.24109912748474,31.835829173599578,17.269560305676592,-68.16417082640042,6.8700000000000045,3.604285714285718,-1.7262734169376095,-3.1950587158761508,1232226.6,1.112013813043802,-2.230000000000004,-4.1899999999999835,-104.25922311145787,25.45959645987476,127.1,0.14999999999999147,0.1181567546277995,1,0,0,125.99,125.27,125.52,0.7283405796835833,122.09,1369211.0,20.315024232633434,125.02,1363680.0,29.14382117250115,126.36,1278280.0,26.658950617284034,129.18,801422.0,23.680603152844526,131.14,1069302.0,13.87672617042783,1.0085322062982618,0.9580951302805608,0.9179041562006071,2.5478088625353843,5.361608041387273,-1,-1,0,1,0,0
2024-03-14 01:19:21.305279,126.95,131.09,123.61,127.1,767193,125.50399999999999,128.052,131.6305,138.272,128.81647798343144,132.79947055921235,-3.982992575780912,-3.4577762571745296,-0.5252163186063825,34.262796027501935,131.6305,140.9806240633469,122.2803759366531,18.700248126693808,0.2577304873547151,40.59269469331495,25.769759388435386,-59.40730530668505,7.480000000000004,3.8592857142857184,-1.4423076923077027,-4.943534514995148,1208774.6,0.6346865660479629,-1.8600000000000136,-6.610000000000014,-79.48410660275086,30.707719228410923,125.39,-1.7099999999999937,-1.3453973249409865,0,0,0,125.77,126.87,119.8,0.6352322410062567,126.95,1370253.0,30.8931698774081,122.09,1369211.0,20.315024232633434,125.02,1363680.0,29.14382117250115,128.96,1167074.0,29.416773094934115,133.71,1536471.0,23.782438677568535,1.0127167261601224,0.9655816850957794,0.9192027308493405,2.0772890988049513,4.675062031673453,-1,-1,0,1,0,0
2024-03-15 01:19:21.305279,126.88,126.96,123.74,125.39,1093140,125.30999999999999,127.477,130.9685,138.2832,128.289327524442,132.2506208881596,-3.9612933637176013,-3.5584796784831436,-0.4028136852344577,33.772590361445836,130.9685,140.10436172583968,121.83263827416033,18.27172345167935,0.19469218299233362,31.24065769805683,34.55639385499045,-68.75934230194318,3.3599999999999994,3.8850000000000042,-0.7676479898702112,-4.384627116059163,1191197.0,0.9176819619256932,-0.9699999999999989,-5.749999999999986,-102.84816691858548,31.312762139361283,125.99,0.5999999999999943,0.47850705797910065,1,0,0,125.27,128.86,116.23,1.4141145639635402,127.1,767193.0,34.262796027501935,126.95,1370253.0,30.8931698774081,122.09,1369211.0,20.315024232633434,126.36,1278280.0,26.658950617284034,131.14,1240295.0,26.021003500583518,1.0006384167265183,0.9574057884147714,0.9067623543568561,2.0219174068230177,4.567930862919836,-1,-1,0,1,0,0
2024-03-16 01:19:21.305279,126.14,128.6,123.23,125.99,877691,125.50399999999999,126.82300000000001,130.34499999999997,138.2414,127.93558482837399,131.78687119274036,-3.8512863643663735,-3.6170410156597894,-0.2342453487065841,39.23739237392374,130.34499999999997,139.01851322008125,121.6714867799187,17.34702644016255,0.24894832754061527,35.72496263079221,35.85277167405466,-64.2750373692078,5.36999999999999,4.058571428571432,0.7758758598624211,-4.934731758847058,1197408.7,0.7329920018119127,0.9699999999999989,-6.540000000000006,-83.14354255868321,37.15896641033862,125.77,-0.21999999999999886,-0.174617033097864,0,0,0,126.87,127.56,119.47,1.4323163058534805,125.39,1093140.0,33.772590361445836,127.1,767193.0,34.262796027501935,126.95,1370253.0,30.8931698774081,125.02,1363680.0,29.14382117250115,132.53,1626145.0,29.903774981495317,1.003872386537481,0.9665886685335074,0.9113767655709505,2.03363713577764,4.336756610040634,1,-1,0,1,0,0
2024-03-17 01:19:21.305279,125.9,126.53,125.43,125.77,901360,126.23999999999998,126.28099999999999,129.88799999999998,138.17700000000002,127.60241793170107,131.34117703031515,-3.738759098614082,-3.6413846322506487,-0.0973744663634335,39.045287637698934,129.88799999999998,138.51178742048182,121.26421257951813,17.247574840963694,0.26124179555843624,34.08071748878923,33.68211260587943,-65.91928251121078,1.0999999999999943,3.8950000000000022,3.014169874682605,-4.131412455217625,1175685.15,0.7666678447031504,3.6799999999999926,-5.420000000000002,-75.37866629984549,37.62331700690219,125.27,-0.5,-0.3975510853144629,0,0,0,128.86,126.15,123.46,1.3682726336566662,125.99,877691.0,39.23739237392374,125.39,1093140.0,33.772590361445836,127.1,767193.0,34.262796027501935,122.09,1369211.0,20.315024232633434,131.19,1214153.0,25.413755057006355,0.9962769328263626,0.9682957625030797,0.9102093691424765,0.7499333303792942,4.311893710240922,1,-1,0,1,0,0
2024-03-18 01:19:21.305279,126.41,126.97,124.23,125.27,1156909,125.904,125.89000000000001,129.31199999999998,138.1398,127.24358440374705,130.8914602132548,-3.647875809507738,-3.6426828677020664,-0.005192941805671758,31.194295900178233,129.31199999999998,137.5237876763882,121.10021232361177,16.423575352776425,0.2538903732483145,30.343796711509714,33.383158943697055,-69.65620328849029,2.739999999999995,3.817857142857143,-1.323355651831435,-3.026784331939937,1183097.45,0.9778645030466425,-1.6800000000000068,-3.910000000000011,-76.25283852802032,28.835508436354175,126.87,1.6000000000000085,1.2772411590963588,1,0,0,127.56,125.52,122.91,1.294476728262717,125.77,901360.0,39.045287637698934,125.99,877691.0,39.23739237392374,125.39,1093140.0,33.772590361445836,126.95,1370253.0,30.8931698774081,129.18,801422.0,23.680603152844526,0.9949644173338417,0.9687422667656521,0.9068349599463731,0.7283405796835833,4.105893838194105,-1,-1,0,1,0,0
2024-03-19 01:19:21.305279,125.23,126.94,125.23,126.87,1461814,125.85799999999999,125.681,128.7625,138.0546,127.18610988009367,130.59357427153222,-3.407464391438552,-3.595639172449364,0.1881747810108121,40.05589194224503,128.7625,135.97601035064918,121.54898964935082,14.42702070129836,0.36882253521479486,42.30194319880424,35.57548579970106,-57.69805680119576,1.7099999999999937,3.722142857142856,-0.18095987411486214,-1.6206575682382158,1207558.35,1.2105535107268315,-0.22999999999998977,-2.0900000000000034,-53.80395477236264,37.36808476343004,128.86,1.990000000000009,1.5685347205801285,1,0,0,126.15,119.8,124.39,3.4790688409420665,125.27,1156909.0,31.194295900178233,125.77,901360.0,39.045287637698934,125.99,877691.0,39.23739237392374,127.1,767193.0,34.262796027501935,128.96,1167074.0,29.416773094934115,1.0080408078946115,0.9853023978254539,0.9189842279793647,0.6352322410062567,3.6067551753245866,-1,-1,0,1,0,0
2024-03-20 01:19:21.305279,127.64,128.98,127.64,128.86,1235435,126.55199999999999,125.931,128.43850000000003,138.0018,127.44363143700232,130.4651613625298,-3.0215299255274886,-3.480817323064989,0.4592873975375005,41.68554599003174,128.43850000000003,134.9566762867568,121.92032371324326,13.036352573513525,0.5323326634212369,71.42857142857166,48.0247704462952,-28.571428571428342,2.109999999999985,3.6264285714285682,2.7673658186458354,1.9784742006964344,1204317.7,1.025838115640084,3.470000000000013,2.500000000000014,0.2917223775373878,35.60547663575838,127.56,-1.3000000000000114,-1.0088468104920156,0,0,0,125.52,116.23,125.22,4.82508756397377,126.87,1461814.0,40.05589194224503,125.27,1156909.0,31.194295900178233,125.77,901360.0,39.045287637698934,125.39,1093140.0,33.772590361445836,126.36,1278280.0,26.658950617284034,1.0182375624249322,1.003281726273664,0.9337559365167701,1.4141145639635402,3.259088143378382,1,-1,0,1,0,0
2024-03-21 01:19:21.305279,128.97,128.97,125.03,127.56,861923,126.86600000000001,126.18499999999999,128.116,137.8596,127.4615342928481,130.24996422456465,-2.78842993171655,-3.3423398447953017,0.5539099130787517,41.761234679981854,128.116,134.0889474342745,122.14305256572553,11.945894868548976,0.4534568145695102,64.27125506072878,59.333923229368224,-35.72874493927124,3.9399999999999977,3.7114285714285677,1.2461306452893146,2.0316749320108833,1180142.4,0.7303550825730861,1.5700000000000074,2.5400000000000063,-25.35341427318239,36.491244786846586,126.15,-1.4099999999999966,-1.1053621825023492,0,0,0,119.8,119.47,133.0,4.25866528386707,128.86,1235435.0,41.68554599003174,126.87,1461814.0,40.05589194224503,125.27,1156909.0,31.194295900178233,125.99,877691.0,39.23739237392374,125.02,1363680.0,29.14382117250115,1.0054703387826525,0.9956601829591931,0.9252892072804506,1.4323163058534805,2.9864737171372466,1,-1,0,1,0,0
2024-03-22 01:19:21.305279,129.12,129.12,125.56,126.15,1199084,126.94200000000001,126.59100000000001,127.8615,137.6842,127.25975978625608,129.9462631708932,-2.6865033846371063,-3.2111725527636628,0.5246691681265565,42.9304713019132,127.8615,133.7063691849731,122.01663081502691,11.689738369946198,0.3535895376067441,50.000000000000064,61.89994216310017,-49.99999999999993,3.5600000000000023,3.6942857142857113,0.3021388248389995,3.325415676959622,1179541.75,1.0165676628232956,0.38000000000000966,4.060000000000002,-27.018399210633202,35.6179956013481,125.52,-0.6300000000000097,-0.49940546967896127,0,0,0,116.23,123.46,136.04,3.638740166598141,127.56,861923.0,41.761234679981854,128.86,1235435.0,41.68554599003174,126.87,1461814.0,40.05589194224503,125.77,901360.0,39.045287637698934,122.09,1369211.0,20.315024232633434,0.99376093018859,0.986614422636994,0.9162271342681295,1.3682726336566662,2.9224345924865487,1,-1,0,1,0,0
2024-03-23 01:19:21.305279,126.49,126.49,123.65,125.52,1289336,126.992,126.44800000000001,127.58049999999999,137.3836,126.99210443452438,129.6183918249011,-2.626287390376717,-3.094195520286274,0.4679081299095569,42.1245421245421,127.58049999999999,133.30076305983022,121.86023694016976,11.440526119660461,0.3198946465880589,43.6234817813765,52.631578947368446,-56.3765182186235,2.839999999999989,3.7928571428571405,0.199568931108805,-1.126427727451758,1190543.45,1.082981053736426,0.25,-1.4300000000000068,-72.11534795769839,35.43004041869743,119.8,-5.719999999999999,-4.557042702358189,0,0,1,119.47,122.91,135.76,2.9272051516787725,126.15,1199084.0,42.9304713019132,127.56,861923.0,41.761234679981854,128.86,1235435.0,41.68554599003174,125.27,1156909.0,31.194295900178233,126.95,1370253.0,30.8931698774081,0.988408718659443,0.9838494127237314,0.9136461702852451,1.294476728262717,2.8601315299151167,1,-1,0,1,0,0
2024-03-24 01:19:21.305279,126.25,126.25,117.49,119.8,1333427,125.578,125.718,126.88499999999999,136.86860000000001,125.88562682921292,128.8911035415751,-3.0054767123621673,-3.0764517587014533,0.07097504633928597,36.85897435897435,126.88499999999999,132.84482514755652,120.92517485244346,11.919650295113058,-0.09439663283618106,16.985294117647065,36.86959196634121,-83.01470588235293,8.760000000000005,4.2207142857142825,-5.5726334042720955,-5.743509047993704,1180391.25,1.1296483263494201,-7.070000000000007,-7.299999999999997,-188.21323505641206,35.44463890730674,116.23,-3.569999999999993,-2.9799666110183582,0,0,1,123.46,124.39,133.23,3.3859740105344307,125.52,1289336.0,42.1245421245421,126.15,1199084.0,42.9304713019132,127.56,861923.0,41.761234679981854,126.87,1461814.0,40.05589194224503,127.1,767193.0,34.262796027501935,0.9539887559922916,0.9441620364897348,0.8752920684510545,3.4790688409420665,2.979912573778263,-1,-1,0,1,0,0
2024-03-25 01:19:21.305279,119.47,119.47,115.52,116.23,1271234,123.05199999999999,124.80199999999999,126.1395,136.2952,124.40014577856478,127.95324401997694,-3.553098241412158,-3.1717810552435948,-0.38131718616856336,33.8359691062891,126.1395,133.4380405174037,118.8409594825963,14.597081034807388,-0.1788686023164735,4.560051380860678,21.72294242662808,-95.43994861913933,4.280000000000001,4.1721428571428545,-9.801334781933887,-7.305207751814337,1181938.2,1.0755503121906036,-12.63000000000001,-9.159999999999997,-271.48860871488546,35.823341366091526,119.47,3.239999999999995,2.7875763572227434,1,1,0,122.91,125.22,129.02,2.207974184634947,119.8,1333427.0,36.85897435897435,125.52,1289336.0,42.1245421245421,126.15,1199084.0,42.9304713019132,128.86,1235435.0,41.68554599003174,125.39,1093140.0,33.772590361445836,0.9445600234047395,0.921440151578213,0.8527813158497145,4.82508756397377,3.6492702587018466,-1,-1,0,1,0,0
2024-03-26 01:19:21.305279,116.87,121.17,116.87,119.47,1281312,121.434,124.15,125.4865,135.72879999999998,123.64166181263174,127.32485557405272,-3.6831937614209806,-3.2740635964790723,-0.40913016494190835,45.23636363636363,125.4865,132.71425141564015,118.25874858435986,14.455502831280285,0.08379171792067348,25.36929993577393,15.638215144760558,-74.63070006422608,4.939999999999998,4.218571428571425,-6.342113515208532,-5.175013889991266,1164696.55,1.1001251785282613,-8.090000000000003,-6.519999999999996,-183.41182626896872,43.71230692874958,123.46,3.989999999999995,3.339750564995392,1,1,0,124.39,133.0,129.61,4.122866721107286,116.23,1271234.0,33.8359691062891,119.8,1333427.0,36.85897435897435,125.52,1289336.0,42.1245421245421,127.56,861923.0,41.761234679981854,125.99,877691.0,39.23739237392374,0.9838266053988175,0.9520546034832431,0.8802111268942187,4.25866528386707,3.613875707820072,-1,-1,0,1,0,0
2024-03-27 01:19:21.305279,119.38,124.1,119.38,123.46,1177013,120.896,123.91900000000001,125.1,135.2026,123.61371384145764,127.03856997597475,-3.424856134517114,-3.3042221040866813,-0.12063403043043275,43.44723995493802,125.1,131.8548189426024,118.34518105739758,13.509637885204825,0.3786051843923916,50.99550417469489,26.974951830443164,-49.00449582530511,4.719999999999999,4.064999999999997,-2.1323820848196684,-1.8366860141528205,1162839.55,1.012188654918041,-2.690000000000012,-2.3100000000000023,-81.44020574367799,42.89218164337081,122.91,-0.5499999999999972,-0.44548841730114785,0,0,0,125.22,136.04,127.71,5.827166549877692,119.47,1281312.0,45.23636363636363,116.23,1271234.0,33.8359691062891,119.8,1333427.0,36.85897435897435,126.15,1199084.0,42.9304713019132,125.77,901360.0,39.045287637698934,1.0212083112758072,0.986890487609912,0.9131481199326049,3.638740166598141,3.3774094713012084,-1,-1,0,1,0,0
2024-03-28 01:19:21.305279,123.72,123.72,122.85,122.91,1174463,120.374,123.68299999999999,124.7865,134.582,123.50545017354108,126.73274997775441,-3.227299804213331,-3.2888376441120113,0.061537839898680335,42.24935257121717,124.7865,131.32247421562695,118.25052578437307,13.071948431253887,0.35644833210070914,54.338235294117624,43.56767980152881,-45.66176470588238,0.8700000000000045,3.5928571428571394,-2.0793499043977053,-1.8839307096671187,1181491.6,0.9940510791612907,-2.6099999999999994,-2.3599999999999994,-48.59712521365643,44.21809317069385,124.39,1.480000000000004,1.2041331055243707,1,0,0,133.0,135.76,124.14,5.6808907752229345,123.46,1177013.0,43.44723995493802,119.47,1281312.0,45.23636363636363,116.23,1271234.0,33.8359691062891,125.52,1289336.0,42.1245421245421,125.27,1156909.0,31.194295900178233,1.0210676724209546,0.9849623156351047,0.9132722057927509,2.9272051516787725,3.2679871078134695,-1,-1,0,1,0,0
2024-03-29 01:19:21.305279,123.08,127.61,119.53,124.39,1096121,121.292,123.43500000000002,124.55799999999999,134.0488,123.64153476222707,126.5592129423652,-2.9176781801381395,-3.214605751317238,0.2969275711790984,48.134328358208954,124.55799999999999,130.79219973338687,118.32380026661312,12.468399466773747,0.48652593699394336,65.2205882352941,56.85144256803554,-34.77941176470589,8.079999999999998,3.9299999999999966,3.8313856427378994,-1.9547568377078932,1177943.95,0.9305374844023776,4.590000000000003,-2.480000000000004,-22.363019106269384,50.95519355516758,125.22,0.8299999999999983,0.6672562103062933,1,0,0,136.04,133.23,122.6,4.382579149315246,122.91,1174463.0,42.24935257121717,123.46,1177013.0,43.44723995493802,119.47,1281312.0,45.23636363636363,119.8,1333427.0,36.85897435897435,126.87,1461814.0,40.05589194224503,1.0255416680407612,0.998651230751939,0.9279456436760344,3.3859740105344307,3.1170998666934397,1,-1,0,1,0,0
2024-03-30 01:19:21.305279,126.42,127.52,119.51,125.22,1151156,123.09,123.071,124.501,133.4892,123.8843755680383,126.46001198367149,-2.5756364156331983,-3.08681188418043,0.5111754685472318,48.57565667776546,124.501,130.68648351511513,118.31551648488488,12.370967030230247,0.558119951192418,71.32352941176468,63.62745098039213,-28.67647058823532,8.009999999999991,4.118571428571426,7.734664028219903,-2.8247710693776305,1171587.75,0.9825606319287651,8.989999999999995,-3.640000000000015,-11.177589873521338,51.725871550892414,133.0,7.780000000000001,6.213065005590162,1,1,0,135.76,129.02,120.01,2.8245353600216423,124.39,1096121.0,48.134328358208954,122.91,1174463.0,42.24935257121717,123.46,1177013.0,43.44723995493802,116.23,1271234.0,33.8359691062891,128.86,1235435.0,41.68554599003174,1.0173044114062881,1.0057750540156303,0.9380534155572136,2.207974184634947,3.092741757557564,1,-1,0,1,0,0
2024-03-31 01:19:21.305279,125.1,133.21,125.1,133.0,1443277,125.796,123.61500000000001,124.9,133.0188,125.28677932680164,126.94445554043658,-1.657676213634943,-2.800984750071333,1.1433085364363902,60.450997398091936,124.9,132.16223975890094,117.63776024109909,14.52447951780185,1.057679191882385,98.81288863764834,78.45233542823571,-1.1871113623516554,8.110000000000014,4.619285714285712,11.325018833179879,4.264659767952335,1175567.6,1.2277277801803996,13.530000000000001,5.439999999999998,158.58611087984153,58.74698333514457,136.04,3.039999999999992,2.28571428571428,1,1,0,133.23,129.61,124.12,3.3123058433684323,125.22,1151156.0,48.57565667776546,124.39,1096121.0,48.134328358208954,122.91,1174463.0,42.24935257121717,119.47,1281312.0,45.23636363636363,127.56,861923.0,41.761234679981854,1.0572673216954434,1.0648518815052042,0.9998586665944964,4.122866721107286,3.6311198794504604,1,1,0,1,0,0
2024-04-01 01:19:21.305279,131.88,140.17,131.88,136.04,1141423,128.31199999999998,124.604,125.5975,132.7178,126.94112096883215,127.61819957447831,-0.6770786056461588,-2.3762035211862984,1.6991249155401396,64.50309722596282,125.5975,134.2667314356108,116.92826856438917,17.338462871221637,1.1022736892860585,83.24543610547668,84.46061805162991,-16.754563894523315,8.289999999999992,5.015714285714283,10.189535072088125,7.839873166864832,1164178.2,0.9804538514808129,12.579999999999998,9.889999999999986,263.15150242598907,65.72374680245964,135.76,-0.28000000000000114,-0.20582181711261477,0,0,0,129.02,127.71,126.37,3.327360816024158,133.0,1443277.0,60.450997398091936,125.22,1151156.0,48.57565667776546,124.39,1096121.0,48.134328358208954,123.46,1177013.0,43.44723995493802,126.15,1199084.0,42.9304713019132,1.060228193777667,1.08314257847489,1.025032060507332,5.827166549877692,4.33461571780541,1,1,0,0,0,0
2024-04-02 01:19:21.305279,136.38,137.48,133.96,135.76,1165059,130.882,125.628,126.03800000000001,132.4812,128.29787158901183,128.22129590229474,0.07657568671709214,-1.8856476796056203,1.9622233663227124,62.41273387321975,126.03800000000001,135.82042591804702,116.255574081953,19.56485183609402,0.9969115064835015,82.10953346855985,88.05595273722828,-17.890466531440154,3.519999999999982,5.144999999999997,10.454804328370349,8.158062460165706,1153918.5,1.0096544946631847,12.849999999999994,10.239999999999995,207.69136386741658,57.812665321803905,133.23,-2.530000000000001,-1.863582793164409,0,0,0,129.61,124.14,126.41,3.2869545174847326,136.04,1141423.0,64.50309722596282,133.0,1443277.0,60.450997398091936,125.22,1151156.0,48.57565667776546,122.91,1174463.0,42.24935257121717,125.52,1289336.0,42.1245421245421,1.0372702128634952,1.0771354670813562,1.0247491719579833,5.6808907752229345,4.891212959023505,1,1,0,0,0,0
2024-04-03 01:19:21.305279,136.33,136.33,132.08,133.23,1111541,132.65,126.971,126.3445,132.3128,129.0566605753177,128.59231102064328,0.4643495546744134,-1.4156482327496136,1.879997787424027,56.01100412654743,126.3445,136.63781407938254,116.05118592061746,20.58662815876508,0.8344646800291278,71.84584178498986,79.06693711967546,-28.154158215010145,4.25,5.297857142857141,7.106680601334505,11.210350584307173,1171135.9,0.9491135913432421,8.83999999999999,13.429999999999993,144.28892182799547,50.5408930761685,129.02,-4.2099999999999795,-3.1599489604443294,0,0,1,127.71,122.6,130.22,3.090263742791799,135.76,1165059.0,62.41273387321975,136.04,1141423.0,64.50309722596282,133.0,1443277.0,60.450997398091936,124.39,1096121.0,48.134328358208954,119.8,1333427.0,36.85897435897435,1.0043724085940444,1.0544978214326701,1.0069320579717154,4.382579149315246,5.146657039691273,1,1,0,0,0,0
2024-04-04 01:19:21.305279,133.75,133.75,128.91,129.02,1661682,133.41,128.25,126.526,132.0742,129.05102048680726,128.62399168578082,0.42702880102643803,-1.0471128259944034,1.4741416270208414,51.859398879266436,126.526,136.87630515695446,116.17569484304553,20.700610313908925,0.6204795395971622,54.766734279918936,69.57403651115621,-45.233265720081064,4.840000000000003,5.362142857142856,3.0346590001597282,11.004043706444126,1199563.0,1.3852394580359682,3.8000000000000114,12.790000000000006,72.7505501572295,48.08802619314863,129.61,0.5900000000000034,0.4572934428770759,1,0,0,124.14,120.01,130.48,3.867263890661421,133.23,1111541.0,56.01100412654743,135.76,1165059.0,62.41273387321975,136.04,1141423.0,64.50309722596282,125.22,1151156.0,48.57565667776546,116.23,1271234.0,33.8359691062891,0.9670939209954277,1.0197113636722888,0.976875120197586,2.8245353600216423,5.175152578477234,1,1,0,1,0,0
2024-04-05 01:19:21.305279,128.78,131.19,128.56,129.61,965765,132.732,129.26399999999998,126.70700000000002,131.80540000000002,129.13701733499076,128.69702933868595,0.4399879963048079,-0.749692661534561,1.1896806578393688,54.50052029136317,126.70700000000002,137.14408388391956,116.26991611608048,20.874167767839083,0.6390714126803492,57.160243407708,61.25760649087226,-42.839756592292,2.6299999999999955,5.295714285714284,-2.5488721804511174,8.487486398258989,1203966.7,0.8021525844527095,-3.3899999999999864,10.140000000000015,53.3826758108687,48.6795679534609,127.71,-1.90000000000002,-1.4659362703495251,0,0,0,122.6,124.12,128.3,2.7961992060677234,129.02,1661682.0,51.859398879266436,133.23,1111541.0,56.01100412654743,135.76,1165059.0,62.41273387321975,133.0,1443277.0,60.450997398091936,119.47,1281312.0,45.23636363636363,0.9764789199288794,1.0229111256678793,0.9833436262854177,3.3123058433684323,5.218541941959773,-1,1,0,1,0,0
2024-04-06 01:19:21.305279,129.15,129.15,127.25,127.71,1191207,131.066,129.689,126.80400000000002,131.4112,128.91747620653067,128.62391605433885,0.29356015219181586,-0.5410420987892857,0.8346022509811015,52.757491815663556,126.80400000000002,137.24047732462165,116.36752267537838,20.87295464924327,0.5434054505087915,49.45233265720082,53.79310344827592,-50.54766734279919,2.3600000000000136,5.261428571428572,-6.123199059100264,3.44241049732707,1218459.05,0.9776340041957093,-8.329999999999998,4.25,21.687287826501606,48.879435311041185,124.14,-3.569999999999993,-2.7953958186516275,0,0,1,120.01,126.37,132.28,2.3456065313717502,129.61,965765.0,54.50052029136317,129.02,1661682.0,51.859398879266436,133.23,1111541.0,56.01100412654743,136.04,1141423.0,64.50309722596282,123.46,1177013.0,43.44723995493802,0.9743945798300092,1.0071448850193998,0.9718349729703403,3.327360816024158,5.218238662310819,-1,1,0,1,0,0
2024-04-07 01:19:21.305279,127.91,127.91,123.98,124.14,1465968,128.74200000000002,129.812,126.74750000000002,130.9398,128.1824798670644,128.2917741243878,-0.10929425732342679,-0.45469253049611386,0.34539827317268706,55.77742279020235,126.74750000000002,137.23107286424687,116.26392713575315,20.96714572849372,0.3756387715445458,34.96957403651118,47.19405003380667,-65.03042596348881,3.9299999999999926,4.91642857142857,-8.559222156747195,1.0007322431047139,1233912.0,1.1880652753194718,-11.61999999999999,1.230000000000004,-23.48427567279958,48.38647990102378,122.6,-1.5400000000000063,-1.2405348799742277,0,0,0,124.12,126.41,133.77,2.7051561877299726,127.71,1191207.0,52.757491815663556,129.61,965765.0,54.50052029136317,129.02,1661682.0,51.859398879266436,135.76,1165059.0,62.41273387321975,122.91,1174463.0,42.24935257121717,0.9642540895744977,0.9794276021223297,0.9480692654181541,3.2869545174847326,5.241786432123431,-1,-1,0,1,0,0
2024-04-08 01:19:21.305279,122.81,122.85,122.28,122.6,840641,126.61600000000001,129.63299999999998,126.53399999999999,130.34,127.32363681059294,127.870161226285,-0.5465244156920619,-0.4730589075353035,-0.0734655081567584,58.964255558682794,126.53399999999999,137.17973331878596,115.88826668121402,21.291466637571943,0.31523114086195114,24.59227467811156,36.338060457274516,-75.40772532188844,1.8599999999999994,4.743571428571427,-7.978683479696762,-1.4390224294557492,1202853.35,0.6988723937128328,-10.629999999999995,-1.7900000000000063,-63.77404392402157,49.41593561557772,120.01,-2.589999999999989,-2.1125611745513777,0,0,1,126.37,130.22,131.06,3.73766370879104,124.14,1465968.0,55.77742279020235,127.71,1191207.0,52.757491815663556,129.61,965765.0,54.50052029136317,133.23,1111541.0,56.01100412654743,124.39,1096121.0,48.134328358208954,0.9682820496619698,0.9689095420993568,0.9406168482430566,3.090263742791799,5.322866659392987,-1,-1,0,1,0,0
2024-04-09 01:19:21.305279,122.25,122.25,119.22,120.01,859147,124.81400000000001,129.112,126.0915,129.77100000000002,126.19846191665556,127.287927061375,-1.0894651447194406,-0.596340154972131,-0.49312498974730956,50.77408256880735,126.0915,137.06094517140195,115.12205482859804,21.938890342803916,0.22279819512408663,3.7708830548926335,21.110910589838458,-96.22911694510736,3.3799999999999955,4.632142857142855,-6.9834134242753105,-4.160677208113714,1184038.95,0.7256070418967214,-9.010000000000005,-5.209999999999994,-87.29072270959843,43.31002393211247,124.12,4.109999999999999,3.424714607116073,1,1,0,126.41,130.48,130.63,2.746188267401447,122.6,840641.0,58.964255558682794,124.14,1465968.0,55.77742279020235,127.71,1191207.0,52.757491815663556,129.02,1661682.0,51.859398879266436,125.22,1151156.0,48.57565667776546,0.9615107279632092,0.9517691517667726,0.9247828867774772,3.867263890661421,5.484722585700977,-1,-1,0,1,0,0
2024-04-10 01:19:21.305279,120.79,124.72,120.79,124.12,1037297,123.71600000000001,128.224,125.9195,129.384,125.8786985448624,127.05326579756945,-1.1745672527070496,-0.7119855745191148,-0.46258167818793483,50.94285714285715,125.9195,136.89986616204595,114.93913383795403,21.96073232409192,0.41805828815527,23.38902147971364,17.250726404239277,-76.61097852028635,4.709999999999994,4.63142857142857,-4.235784275904644,-6.676691729323305,1192807.65,0.8696263810849973,-5.490000000000009,-8.879999999999995,-41.78215007258965,42.871014126516556,126.37,2.25,1.8127618433773764,1,0,0,130.22,128.3,128.4,1.9824303266478942,120.01,859147.0,50.77408256880735,122.6,840641.0,58.964255558682794,124.14,1465968.0,55.77742279020235,129.61,965765.0,54.50052029136317,133.0,1443277.0,60.450997398091936,1.003265543664522,0.9857091236861646,0.9593149075619861,2.7961992060677234,5.490183081022983,-1,-1,0,1,0,0
2024-04-11 01:19:21.305279,124.19,131.03,121.69,126.37,1433844,123.44800000000001,127.25699999999999,125.93050000000001,129.0436,125.95428338411435,127.00265351626803,-1.0483701321536785,-0.7792624860460277,-0.2691076461076508,54.713896457765685,125.93050000000001,136.91227911959405,114.94872088040597,21.963558239188075,0.5200104188589909,34.12887828162296,20.42959427207641,-65.87112171837704,9.340000000000003,5.236428571428569,-1.0492522120429013,-7.108203469567766,1204545.65,1.1903608634508789,-1.3399999999999892,-9.669999999999987,6.733799991813171,43.854165789507974,126.41,0.03999999999999204,0.031653082218874765,1,0,0,130.48,132.28,124.92,2.246557366285825,124.12,1037297.0,50.94285714285715,120.01,859147.0,50.77408256880735,122.6,840641.0,58.964255558682794,127.71,1191207.0,52.757491815663556,136.04,1141423.0,64.50309722596282,1.023669885295833,1.003490020288969,0.9792814211630798,2.3456065313717502,5.490889559797015,-1,1,0,1,0,0
2024-04-12 01:19:21.305279,126.55,126.55,126.36,126.41,893033,123.902,126.322,125.975,128.6806,126.02439363271213,126.95875325580373,-0.9343596230915949,-0.8102819134551413,-0.12407770963645359,52.86443562110039,125.975,136.95698812409972,114.99301187590028,21.963976248199444,0.519805157093796,34.31980906921242,30.612569610183005,-65.68019093078759,0.18999999999999773,4.672857142857141,1.8285806347671951,-6.887153800824981,1184730.5,0.7537857765964495,2.269999999999996,-9.349999999999994,6.9797035546304675,43.243821921906324,130.22,3.8100000000000023,3.0140020567993058,1,1,0,128.3,133.77,127.29,2.090430577659269,126.37,1433844.0,54.713896457765685,124.12,1037297.0,50.94285714285715,120.01,859147.0,50.77408256880735,124.14,1465968.0,55.77742279020235,135.76,1165059.0,62.41273387321975,1.020241804006392,1.0034530660845407,0.9823547605466558,2.7051561877299726,5.490994062049858,1,1,0,1,0,0
2024-04-13 01:19:21.305279,125.88,131.67,125.88,130.22,1812628,125.426,126.021,126.49600000000001,128.3942,126.66987153537181,127.20032708870716,-0.5304555533353437,-0.7543166414311819,0.22386108809583827,56.53765690376569,126.49600000000001,137.23039999058483,115.76160000941518,21.468799981169653,0.673461022659223,52.5059665871122,40.318217979315854,-47.494033412887795,5.789999999999992,4.5142857142857125,6.215334420880918,-2.2592509194625765,1208690.55,1.4996625894030526,7.6200000000000045,-3.009999999999991,44.81225766201558,45.61202949530747,130.48,0.2599999999999909,0.1996621102749124,1,0,0,132.28,131.06,132.22,2.0443140658941896,126.41,893033.0,52.86443562110039,126.37,1433844.0,54.713896457765685,124.12,1037297.0,50.94285714285715,122.6,840641.0,58.964255558682794,133.23,1111541.0,56.01100412654743,1.0382217403090268,1.0294396660763976,1.014220268516802,3.73766370879104,5.367199995292416,1,1,0,0,0,0
2024-04-14 01:19:21.305279,129.58,131.52,128.5,130.48,907624,127.52000000000001,126.167,127.2085,128.2312,127.25604514531462,127.44326582287701,-0.1872206775623937,-0.6408974486574244,0.4536767710950307,45.898437499999986,127.2085,136.9164268207928,117.5005731792072,19.4158536415856,0.6684963257547932,53.747016706443894,46.857597454256165,-46.2529832935561,3.0200000000000102,4.150714285714284,8.724272977251884,1.131607502712742,1190510.05,0.7623824763176086,10.469999999999985,1.4599999999999795,51.41292938440334,43.8147081837012,128.3,-2.1799999999999784,-1.670754138565281,0,0,0,133.77,130.63,128.59,2.032577181809543,130.22,1812628.0,56.53765690376569,126.41,893033.0,52.86443562110039,126.37,1433844.0,54.713896457765685,120.01,859147.0,50.77408256880735,129.02,1661682.0,51.859398879266436,1.0232120451693851,1.025717621070919,1.0175370736607003,2.746188267401447,4.853963410396402,1,1,0,0,0,0
2024-04-15 01:19:21.305279,130.91,130.91,127.05,128.3,1204167,128.356,126.03600000000002,127.65,128.028,127.41665358449698,127.506727613775,-0.09007402927801422,-0.5307327647815423,0.4406587355035281,37.039517749497676,127.65,136.65370450074946,118.64629549925056,18.0074090014989,0.5360962534891001,49.7261774370209,51.99305357685899,-50.2738225629791,3.8599999999999994,3.8342857142857127,3.3677086690299762,-1.0107244811357166,1186652.8,1.0147593297719433,4.180000000000007,-1.3100000000000023,21.92122616289416,36.50048355149612,132.28,3.9799999999999898,3.1021044427123843,1,1,0,131.06,128.4,130.1,1.9969902353323707,130.48,907624.0,45.898437499999986,130.22,1812628.0,56.53765690376569,126.41,893033.0,52.86443562110039,124.12,1037297.0,50.94285714285715,129.61,965765.0,54.50052029136317,0.9995637134220451,1.0050920485703094,1.0021245352579125,1.9824303266478942,4.5018522503747285,1,1,0,0,0,0
2024-04-16 01:19:21.305279,127.79,132.97,127.79,132.28,1618046,129.538,126.49300000000001,128.091,127.97540000000001,128.1648607253436,127.86030334608796,0.3045573792556411,-0.3636747359741056,0.6682321152297467,44.815256257449356,128.091,137.09460138470774,119.08739861529227,18.00720276941547,0.7326291347768263,76.32963179427232,59.93427531257904,-23.670368205727694,5.179999999999993,3.952857142857142,4.676742897839675,3.5784198574896307,1208704.45,1.3386614072613037,5.909999999999997,4.570000000000007,56.39913232104117,45.34203079030111,133.77,1.490000000000009,1.1263985485334207,1,0,0,130.63,124.92,128.47,3.309158503307626,128.3,1204167.0,37.039517749497676,130.48,907624.0,45.898437499999986,130.22,1812628.0,56.53765690376569,126.37,1433844.0,54.713896457765685,127.71,1191207.0,52.757491815663556,1.0211675338510706,1.0327033124887774,1.0336361519479524,2.246557366285825,4.5018006923538705,1,1,1,0,0,0
2024-04-17 01:19:21.305279,131.09,134.51,131.09,133.77,1514000,131.01000000000002,127.45599999999999,128.634,127.915,129.0271898445215,128.29805865378515,0.7291311907363536,-0.14511355063201373,0.8742447413683673,50.83025830258306,128.634,137.63188606752635,119.6361139324736,17.995772135052746,0.7854003685674573,95.16023544800535,73.73868155976619,-4.8397645519946435,3.4199999999999875,3.893571428571427,5.8223241832133645,7.757370710488167,1225681.3,1.2352313770308807,7.360000000000014,9.63000000000001,87.10394395683528,53.31483117927625,131.06,-2.710000000000008,-2.0258652911714194,0,0,1,128.4,127.29,127.28,2.5185809496645972,132.28,1618046.0,44.815256257449356,128.3,1204167.0,37.039517749497676,130.48,907624.0,45.898437499999986,126.41,893033.0,52.86443562110039,124.14,1465968.0,55.77742279020235,1.0210670941149529,1.0399272354120996,1.0457725833561349,2.090430577659269,4.498943033763189,1,1,1,0,0,0
2024-04-18 01:19:21.305279,132.41,132.41,130.84,131.06,1614749,131.178,128.302,128.9675,127.77900000000001,129.3399298684413,128.50264690165292,0.837282966788365,0.05136575285206208,0.7859172139363029,53.28820116054157,128.9675,137.7959083920499,120.13909160795009,17.656816784099817,0.6185094700582906,77.43623283191636,82.97536669139801,-22.56376716808365,2.930000000000007,3.757142857142856,0.6450622024266651,6.9004893964111,1251612.7,1.2901347197899158,0.8400000000000034,8.460000000000008,50.654239285523246,53.427823049667325,130.63,-0.4300000000000068,-0.3280940027468387,0,0,0,124.92,132.22,125.84,2.84962629129038,133.77,1514000.0,50.83025830258306,132.28,1618046.0,44.815256257449356,128.3,1204167.0,37.039517749497676,130.22,1812628.0,56.53765690376569,122.6,840641.0,58.964255558682794,0.9991004589184163,1.016225017930874,1.0256771456968672,2.0443140658941896,4.4142041960249525,1,1,1,0,0,0
2024-04-19 01:19:21.305279,130.96,131.06,130.18,130.63,1274740,131.208,129.364,129.238,127.6848,129.5384021963734,128.6602286126416,0.8781735837318081,0.21672731902801134,0.6614462647037967,51.652624756966915,129.238,137.91313712920444,120.56286287079556,17.350274258408888,0.5802292793340346,74.62393721386529,82.40680183126234,-25.37606278613471,0.8799999999999955,3.632142857142856,0.1149601471489927,8.849262561453203,1257791.9,1.0134744865187955,0.15000000000000568,10.61999999999999,30.336082659852515,52.456533337790425,128.4,-2.2299999999999898,-1.7071116895047003,0,0,0,127.29,128.59,123.73,2.6411985915514697,131.06,1614749.0,53.28820116054157,133.77,1514000.0,50.83025830258306,132.28,1618046.0,44.815256257449356,130.48,907624.0,45.898437499999986,120.01,859147.0,50.77408256880735,0.9955947808060484,1.0107708259180737,1.023066175457063,2.032577181809543,4.3375685646022255,1,1,1,0,0,0
2024-04-20 01:19:21.305279,130.92,130.92,127.35,128.4,1374936,131.228,129.792,129.008,127.57260000000001,129.36326339693133,128.64095241911258,0.7223109778187506,0.31784405078615924,0.4044669270325914,51.10612375761464,129.008,137.50527039763367,120.51072960236634,16.994540795267326,0.46422380531933444,60.03924133420544,70.69980379332902,-39.96075866579456,3.569999999999993,3.7185714285714258,0.07794232268121147,3.448275862068966,1254374.85,1.0961125376517233,0.09999999999999432,4.280000000000001,-4.122915515321023,51.89059795756011,124.92,-3.480000000000004,-2.710280373831779,0,0,1,132.22,130.1,123.91,2.7663206610972213,130.63,1274740.0,51.652624756966915,131.06,1614749.0,53.28820116054157,133.77,1514000.0,50.83025830258306,128.3,1204167.0,37.039517749497676,124.12,1037297.0,50.94285714285715,0.9784497210961075,0.9952871139774278,1.0064857187201641,1.9969902353323707,4.248635198816833,1,-1,1,0,0,0
2024-04-21 01:19:21.305279,128.52,128.52,121.76,124.92,1390065,129.75600000000003,129.647,128.45200000000003,127.4462,128.67968441278805,128.36532631399314,0.31435809879491217,0.31714686038790985,-0.0027887615929976795,51.254019292604504,128.45200000000003,136.4526199759753,120.45138002402476,16.001239951950538,0.27926710613639183,37.27926749509487,57.3141486810552,-62.72073250490513,6.760000000000005,3.9207142857142836,-5.56395524644693,-1.1474242304344409,1266806.95,1.0972982110652298,-7.359999999999999,-1.4500000000000028,-75.19986134280812,52.11594828554737,127.29,2.3700000000000045,1.897214217098947,1,0,0,128.59,128.47,121.91,1.8969528196592504,128.4,1374936.0,51.10612375761464,130.63,1274740.0,51.652624756966915,131.06,1614749.0,53.28820116054157,132.28,1618046.0,44.815256257449356,126.37,1433844.0,54.713896457765685,0.9627300471654487,0.97250334755395,0.9801783026877223,3.309158503307626,4.000309987987638,-1,-1,0,0,0,0
2024-04-22 01:19:21.305279,125.29,127.73,125.29,127.29,1345907,128.45999999999998,129.73499999999999,128.0285,127.3692,128.46588681082065,128.2856725129566,0.18021429786404042,0.289760347883136,-0.10954605001909556,57.3441904165362,128.0285,135.26006028879664,120.79693971120336,14.463120577593273,0.44893909678495647,52.77959450621329,50.03270111183787,-47.220405493786714,2.8100000000000023,3.9885714285714267,-4.844135456380357,0.6961474566885607,1275849.35,1.0549105973992932,-6.480000000000004,0.8800000000000097,-30.85954172586558,57.8854063558345,132.22,4.929999999999993,3.873045800927011,1,1,0,130.1,127.28,122.63,1.8996499677606875,124.92,1390065.0,51.254019292604504,128.4,1374936.0,51.10612375761464,130.63,1274740.0,51.652624756966915,133.77,1514000.0,50.83025830258306,126.41,893033.0,52.86443562110039,0.9908921064922935,0.9942317530862269,0.9993781856210135,2.5185809496645972,3.615780144398321,-1,-1,0,0,0,0
2024-04-23 01:19:21.305279,127.3,132.94,127.3,132.22,1276646,128.692,129.935,127.978,127.33940000000001,129.043442686079,128.57710417866352,0.466338507415486,0.325075979789606,0.14126252762587999,67.81441494018092,127.978,135.0693664335381,120.88663356646188,14.182732867076226,0.7990960938034288,83.30903790087467,57.78929996739428,-16.690962099125326,5.6499999999999915,4.150714285714284,0.8850907981077343,1.5358623867301489,1284104.6,0.9941915946722719,1.1599999999999966,2.0,70.59961315280535,63.28956182749073,128.59,-3.6299999999999955,-2.7454242928452546,0,0,1,128.47,125.84,122.57,1.5927429171129355,127.29,1345907.0,57.3441904165362,124.92,1390065.0,51.254019292604504,128.4,1374936.0,51.10612375761464,131.06,1614749.0,53.28820116054157,130.22,1812628.0,56.53765690376569,1.0274142914866502,1.033146322024098,1.0383274932974396,2.84962629129038,3.5456832167690573,1,-1,1,0,0,0
2024-04-24 01:19:21.305279,132.11,132.11,128.31,128.59,1111073,128.28400000000002,129.746,127.9565,127.2884,128.97368227283607,128.57805942468843,0.3956228481476387,0.3391853534612126,0.056437494686426115,56.614382953536555,127.9565,135.03716388501854,120.87583611498147,14.161327770037076,0.5447345058519424,53.82215288611552,63.3035950977345,-46.17784711388448,3.9099999999999966,4.093571428571427,-1.561662711475153,-1.4484978540772429,1256574.15,0.8842080668299599,-2.039999999999992,-1.8899999999999864,44.10925599741944,57.598502727738506,130.1,1.509999999999991,1.1742748269694305,1,0,0,127.28,123.73,122.04,2.4419520879848537,132.22,1276646.0,67.81441494018092,127.29,1345907.0,57.3441904165362,124.92,1390065.0,51.254019292604504,130.63,1274740.0,51.652624756966915,130.48,907624.0,45.898437499999986,1.002385332543419,1.004950901282858,1.0102255979335117,2.6411985915514697,3.540331942509268,-1,-1,1,0,0,0
2024-04-25 01:19:21.305279,127.68,132.93,127.68,130.1,1116918,128.62399999999997,129.926,127.981,127.2398,129.146961923169,128.6907957636004,0.4561661595685962,0.36258151468268934,0.09358464488590684,55.642965204236,127.981,135.0890914604766,120.87290853952338,14.216182920953216,0.6490554821770628,65.41176470588233,67.51431849762417,-34.58823529411766,5.25,3.8014285714285694,1.3239875389408011,1.402961808261873,1264131.8,0.8835455290342351,1.6999999999999886,1.799999999999983,57.225822880472144,56.96499861415971,128.47,-1.6299999999999955,-1.2528823981552617,0,0,0,125.84,123.91,119.89,2.0716732367856268,128.59,1111073.0,56.614382953536555,132.22,1276646.0,67.81441494018092,127.29,1345907.0,57.3441904165362,128.4,1374936.0,51.10612375761464,128.3,1204167.0,37.039517749497676,1.0114753078741139,1.0165571452012407,1.0224788155907192,2.7663206610972213,3.554045730238306,1,1,1,0,0,0
2024-04-26 01:19:21.305279,129.52,129.52,127.61,128.47,1091091,129.334,129.54500000000002,128.01899999999998,127.18540000000002,129.04281393498914,128.67444052185223,0.36837341313690786,0.3637398943735331,0.004633518763374755,52.97344110854505,128.01899999999998,135.12911703212404,120.90888296787593,14.220234064248118,0.5317153710664931,52.62745098039217,57.287122857463345,-47.37254901960783,2.489999999999995,3.9657142857142835,2.8418187640089636,-2.8802540066525566,1259126.0,0.8665463186368958,3.549999999999997,-3.8100000000000023,14.531399075274471,51.651966652203505,127.28,-1.1899999999999977,-0.9262862925196526,0,0,0,123.73,121.91,118.57,2.0716732367856894,130.1,1116918.0,55.642965204236,128.59,1111073.0,56.614382953536555,132.22,1276646.0,67.81441494018092,124.92,1390065.0,51.254019292604504,132.28,1618046.0,44.815256257449356,0.9933196220638038,1.003522914567369,1.0101002159052845,1.8969528196592504,3.555058516062027,1,1,1,0,0,0
2024-04-27 01:19:21.305279,128.89,128.89,126.44,127.28,1001779,129.33200000000002,128.89600000000002,128.176,127.1474,128.77161179114466,128.57114863134464,0.20046315980002305,0.33108454745883115,-0.1306213876588081,45.409119300437226,128.176,135.06056519285795,121.29143480714204,13.769130385715911,0.4349268998912594,43.29411764705884,53.77777777777779,-56.70588235294116,2.4499999999999886,3.7271428571428546,-0.00785607667531237,-4.851610974059961,1235916.55,0.8105555346758646,-0.010000000000005116,-6.490000000000009,-13.169507064579374,43.897124207766595,125.84,-1.4399999999999977,-1.1313639220615945,0,0,0,123.91,122.63,120.42,1.493947790257167,128.47,1091091.0,52.97344110854505,130.1,1116918.0,55.642965204236,128.59,1111073.0,56.614382953536555,127.29,1345907.0,57.3441904165362,133.77,1514000.0,50.83025830258306,0.9841338570500725,0.9930096117837974,1.0010428840857146,1.8996499677606875,3.442282596428976,-1,1,1,0,0,0
2024-04-28 01:19:21.305279,126.74,126.74,125.69,125.84,1252756,128.05599999999998,128.374,128.33800000000002,127.085,128.320594592507,128.3688413253191,-0.04824673281208902,0.25521829140464714,-0.30346502421673616,43.0120481927711,128.33800000000002,134.8102422698764,121.86575773012365,12.94448453975275,0.30702205697502943,32.00000000000002,42.64052287581702,-67.99999999999999,1.5900000000000034,3.624999999999997,-4.825291181364389,-3.982908591484815,1256522.3,0.9970025999538568,-6.3799999999999955,-5.219999999999999,-59.72599162493195,38.12974616156728,123.73,-2.1099999999999994,-1.6767323585505398,0,0,0,121.91,122.57,121.68,0.84534016822483,127.28,1001779.0,45.409119300437226,128.47,1091091.0,52.97344110854505,130.1,1116918.0,55.642965204236,132.22,1276646.0,67.81441494018092,131.06,1614749.0,53.28820116054157,0.9826950709064786,0.9805357727251475,0.9902034071684307,1.5927429171129355,3.2361211349381898,-1,1,0,0,0,0
2024-04-29 01:19:21.305279,125.6,125.6,123.55,123.73,1358859,127.08399999999999,127.684,128.524,127.0324,127.61434927058286,128.02522344936955,-0.41087417878668475,0.12199979736638071,-0.5328739761530654,43.10292785994565,128.524,134.14657255224316,122.90142744775686,11.245145104486298,0.07368269102304267,15.450980392156872,30.248366013071916,-84.54901960784314,2.2900000000000063,3.5128571428571402,-3.779454078855276,-5.282094465283619,1281507.9,1.0603594406245955,-4.859999999999999,-6.8999999999999915,-127.51255633592268,37.90637871993253,123.91,0.1799999999999926,0.14547805705972086,1,0,0,122.63,122.04,119.37,0.7916564911717989,125.84,1252756.0,43.0120481927711,127.28,1001779.0,45.409119300437226,128.47,1091091.0,52.97344110854505,128.59,1111073.0,56.614382953536555,130.63,1274740.0,51.652624756966915,0.9736080073022569,0.9626995736204912,0.9740034825760988,2.4419520879848537,2.8112862761215713,-1,1,0,0,0,0
2024-04-30 01:19:21.305279,123.48,124.57,123.48,123.91,1032385,125.846,127.23500000000001,128.5135,127.01019999999998,127.04444938280088,127.72039208274958,-0.6759426999487061,-0.03758870209663671,-0.6383539978520695,35.73133310603477,128.5135,134.17137490326778,122.85562509673221,11.315749806535564,0.09317764366430377,16.862745098039166,21.437908496732025,-83.13725490196083,1.0899999999999892,3.220714285714283,-4.757878554957724,-3.496884735202499,1281262.3,0.8057561671798195,-6.189999999999998,-4.490000000000009,-141.25714165243676,30.009875421692897,121.91,-2.0,-1.614074731660076,0,0,0,122.57,119.89,119.66,1.1179534874110912,123.73,1358859.0,43.10292785994565,125.84,1252756.0,43.0120481927711,127.28,1001779.0,45.409119300437226,130.1,1116918.0,55.642965204236,128.4,1374936.0,51.10612375761464,0.9846161181126137,0.964178860586631,0.9755909367909035,2.0716732367856268,2.828937451633893,-1,-1,0,0,0,0
2024-05-01 01:19:21.305279,123.5,124.02,120.67,121.91,1456696,124.53399999999999,126.93400000000001,128.2905,127.00659999999999,126.25453409313918,127.28999266921258,-1.0354585760733954,-0.2371626768919885,-0.7982958991814069,30.127345844503992,128.2905,134.61625179638344,121.96474820361658,12.651503592766858,-0.004327406874221964,10.105949470252611,14.139891653482886,-89.89405052974739,3.3499999999999943,3.2157142857142835,-5.106250486494903,-2.409542106948451,1282404.9,1.1359095711502663,-6.560000000000002,-3.010000000000005,-170.92180534743304,21.39620088868132,122.63,0.7199999999999989,0.5905996226724624,1,0,0,122.04,118.57,121.52,1.819505427311163,123.91,1032385.0,35.73133310603477,123.73,1358859.0,43.10292785994565,125.84,1252756.0,43.0120481927711,128.47,1091091.0,52.97344110854505,124.92,1390065.0,51.254019292604504,0.9789294489858191,0.9502652183910733,0.9598713767630974,2.0716732367856894,3.162875898191718,-1,-1,0,0,0,0
2024-05-02 01:19:21.305279,122.64,123.04,122.0,122.63,830753,123.604,126.468,128.10150000000002,126.92020000000001,125.69691346342546,126.9448080270487,-1.247894563623234,-0.4393090542382377,-0.8085855093849963,34.865350089766565,128.10150000000002,134.87392792504835,121.3290720749517,13.544855850096653,0.09604590402776533,15.973920130399302,14.314204899563698,-84.02607986960071,1.1300000000000097,3.087142857142855,-3.653362664990576,-3.6609317306937,1279290.9,0.6493855306873519,-4.650000000000006,-4.660000000000011,-141.37762453684726,27.237626136644778,122.57,-0.060000000000002274,-0.04892766859659323,0,0,0,119.89,120.42,117.52,1.6251061503836848,121.91,1456696.0,30.127345844503992,123.91,1032385.0,35.73133310603477,123.73,1358859.0,43.10292785994565,127.28,1001779.0,45.409119300437226,127.29,1345907.0,57.3441904165362,0.9921199961166305,0.9572877757091055,0.9661976580560068,1.493947790257167,3.386213962524162,-1,-1,0,0,0,0
2024-05-03 01:19:21.305279,123.27,124.48,121.16,122.57,966315,122.95,125.503,127.71900000000001,126.82960000000001,125.21584985366768,126.62074817319323,-1.4048983195255573,-0.6324269072957017,-0.7724714122298556,35.334788937409,127.71900000000001,134.84265636453458,120.59534363546544,14.247312729069137,0.13859851342391144,15.484922575387058,13.854930725346328,-84.51507742461294,3.3200000000000074,3.2614285714285702,-2.598537825810561,-7.298441990621695,1236975.25,0.7811918629738146,-3.2700000000000102,-9.650000000000006,-117.55695508987381,33.50816477211936,122.04,-0.5299999999999869,-0.43240597209756626,0,0,0,118.57,121.68,118.86,1.4022660232690984,122.63,830753.0,34.865350089766565,121.91,1456696.0,30.127345844503992,123.91,1032385.0,35.73133310603477,125.84,1252756.0,43.0120481927711,132.22,1276646.0,67.81441494018092,0.9969093127287515,0.9596849333302013,0.9664147801459595,0.84534016822483,3.5618281822672846,-1,-1,0,0,0,0
2024-05-04 01:19:21.305279,123.32,123.32,121.68,122.04,899425,122.612,124.848,127.297,126.7626,124.72725756848803,126.28143349369745,-1.554175925209421,-0.8167767108784456,-0.7373992143309753,37.66485647788982,127.297,134.72542364803667,119.86857635196334,14.856847296073326,0.14615642233938647,11.165444172779177,14.208095626188516,-88.83455582722081,1.6399999999999864,3.123571428571427,-1.3658773135052111,-5.093708686523056,1236565.3,0.7273574634513842,-1.6899999999999977,-6.549999999999997,-110.97822156704588,34.61568710806047,119.89,-2.1500000000000057,-1.761717469682076,0,0,0,120.42,119.37,117.34,1.1674459302319093,122.57,966315.0,35.334788937409,122.63,830753.0,34.865350089766565,121.91,1456696.0,30.127345844503992,123.73,1358859.0,43.10292785994565,128.59,1111073.0,56.614382953536555,0.9953348774997555,0.958702875951515,0.9627445319045207,0.7916564911717989,3.714211824018328,-1,-1,0,0,0,0
2024-05-05 01:19:21.305279,121.68,121.68,118.61,119.89,803205,121.80799999999999,123.827,126.87650000000001,126.6406,123.98306409641293,125.8079939756458,-1.8249298792328688,-1.0184073445493305,-0.8065225346835383,39.71370143149282,126.87650000000001,134.98670481277978,118.76629518722024,16.22040962555954,0.06927721547852095,8.932309839497567,11.86089219588794,-91.06769016050244,3.430000000000007,2.885714285714284,-3.2442902106367493,-7.847809377401995,1216517.2,0.6602496043623551,-4.019999999999996,-10.209999999999994,-138.64085541985486,35.98651642929285,118.57,-1.3200000000000074,-1.1010092584869524,0,0,0,121.68,119.66,118.74,1.1766690273883553,122.04,899425.0,37.66485647788982,122.57,966315.0,35.334788937409,122.63,830753.0,34.865350089766565,123.91,1032385.0,35.73133310603477,130.1,1116918.0,55.642965204236,0.9842539077893079,0.9449346411668039,0.9466948198287121,1.1179534874110912,4.0551024063898815,-1,-1,0,0,0,0
2024-05-06 01:19:21.305279,120.84,120.84,116.85,118.57,1093818,121.14000000000001,122.83699999999999,126.191,126.4966,123.1502850046571,125.2718462737461,-2.121561269089,-1.2390381294572643,-0.8825231396317355,31.367521367521306,126.191,134.68663578364757,117.69536421635243,16.991271567295144,0.05147559322935338,10.689869484151638,10.262541165476131,-89.31013051584836,3.990000000000009,2.969999999999999,-2.7397260273972632,-7.706079240289567,1190305.8,0.9189386458505032,-3.3400000000000034,-9.900000000000006,-144.4172857256971,27.838763408413882,120.42,1.8500000000000085,1.5602597621658165,1,0,0,119.37,121.52,116.99,1.0508567932953197,119.89,803205.0,39.71370143149282,122.04,899425.0,37.66485647788982,122.57,966315.0,35.334788937409,121.91,1456696.0,30.127345844503992,128.47,1091091.0,52.97344110854505,0.9787848770018159,0.9396074204974998,0.9373374462238511,1.819505427311163,4.247817891823788,-1,-1,0,1,0,0
2024-05-07 01:19:21.305279,118.48,123.39,118.48,120.42,1131728,120.69800000000001,122.151,125.52350000000001,126.3996,122.73024115778678,124.91245025346862,-2.1822090956818414,-1.42767232270218,-0.7545367729796615,20.964566929133838,125.52350000000001,133.59928909294044,117.44771090705959,16.15157818588085,0.1840246853114754,22.20149253731346,13.941223953654225,-77.79850746268654,4.909999999999997,2.9171428571428564,-1.8021691266411104,-5.3896920175989935,1171192.2,0.9663042496355424,-2.2099999999999937,-6.859999999999999,-96.40184084246376,26.676609553265536,121.68,1.2600000000000051,1.0463378176382703,1,0,0,119.66,117.52,112.82,1.7163333009689732,118.57,1093818.0,31.367521367521306,119.89,803205.0,39.71370143149282,122.04,899425.0,37.66485647788982,122.63,830753.0,34.865350089766565,127.28,1001779.0,45.409119300437226,0.9976967306831928,0.9593422745541671,0.9526928882686337,1.6251061503836848,4.037894546470212,-1,-1,0,1,0,0
2024-05-08 01:19:21.305279,121.21,122.54,119.57,121.68,1407873,120.52000000000001,121.73500000000001,125.0545,126.2958,122.56866559505035,124.67300949395242,-2.104343898902073,-1.5630066379421588,-0.5413372609599141,30.752089136490255,125.0545,132.86148331117874,117.24751668882126,15.61396662235748,0.28387938941997704,30.037313432835877,20.976225151433663,-69.96268656716413,2.970000000000013,2.8500000000000005,-0.7261156889940331,-3.3057851239669396,1160848.4,1.2127966063441187,-0.8899999999999864,-4.159999999999997,-79.3628971072719,35.24046792886105,119.37,-2.3100000000000023,-1.8984220907297849,0,0,0,121.52,118.86,109.21,1.448095300736513,120.42,1131728.0,20.964566929133838,118.57,1093818.0,31.367521367521306,119.89,803205.0,39.71370143149282,122.57,966315.0,35.334788937409,125.84,1252756.0,43.0120481927711,1.0096249585131098,0.9730157651264049,0.9634524663528004,1.4022660232690984,3.9034916555893715,-1,-1,0,1,0,0
2024-05-09 01:19:21.305279,121.47,121.47,119.2,119.37,1316673,119.98600000000002,121.299,124.4915,126.10600000000001,122.07656319581184,124.28019397588189,-2.2036307800700428,-1.691131466367736,-0.5124993137023068,21.3866666666667,124.4915,132.22924963885848,116.75375036114153,15.475499277716949,0.16905752712131197,19.889502762430993,24.04276957752678,-80.110497237569,2.480000000000004,2.652142857142858,-2.187807276302853,-3.5238018265578273,1162945.05,1.1321884899032848,-2.6700000000000017,-4.359999999999999,-96.31917202236875,27.446268306232426,119.66,0.28999999999999204,0.24294211275864291,1,0,0,117.52,117.34,109.37,1.7138844768581285,121.68,1407873.0,30.752089136490255,120.42,1131728.0,20.964566929133838,118.57,1093818.0,31.367521367521306,122.04,899425.0,37.66485647788982,123.73,1358859.0,43.10292785994565,0.9948660677078991,0.9588606451042843,0.946584619288535,1.1674459302319093,3.868874819429236,-1,-1,0,1,0,0
2024-05-10 01:19:21.305279,118.93,119.85,118.93,119.66,820029,119.94000000000001,120.874,124.05449999999999,125.94800000000001,121.70478424261002,123.93795738507582,-2.2331731424658017,-1.799539801587349,-0.43363334087845273,24.698449167145313,124.05449999999999,131.84981971593558,116.25918028406441,15.590639431871168,0.21813215107671957,23.33887043189372,24.421895542386867,-76.66112956810628,0.9199999999999875,2.54,-0.19184252231212276,-3.4299088047776616,1135199.7,0.7223654128872656,-0.23000000000000398,-4.25,-98.74966802622016,28.063026476095075,121.52,1.8599999999999994,1.5544041450777197,1,0,0,118.86,118.74,109.99,1.6714903529531075,119.37,1316673.0,21.3866666666667,121.68,1407873.0,30.752089136490255,120.42,1131728.0,20.964566929133838,119.89,803205.0,39.71370143149282,123.91,1032385.0,35.73133310603477,0.9976654994163747,0.964576053266911,0.9500746339759265,1.1766690273883553,3.897659857967789,-1,-1,0,1,0,0
2024-05-11 01:19:21.305279,119.66,121.72,119.66,121.52,1526095,120.53,120.835,123.88449999999997,125.85539999999999,121.6763558975931,123.75884943062576,-2.082493533032661,-1.8561305478764114,-0.22636298515624964,34.07079646017698,123.88449999999997,131.7483398950326,116.02066010496738,15.72767979006521,0.34965996055606485,47.219413549039444,30.149262247788055,-52.780586450960556,2.0600000000000023,2.5121428571428583,2.4879817829130495,-0.31990812894758475,1142001.2,1.3363339723285756,2.950000000000003,-0.39000000000000057,-61.55521096818205,36.76711538122054,117.52,-4.0,-3.2916392363396976,0,0,1,117.34,116.99,108.06,0.8533463540764264,119.66,820029.0,24.698449167145313,119.37,1316673.0,21.3866666666667,121.68,1407873.0,30.752089136490255,118.57,1093818.0,31.367521367521306,121.91,1456696.0,30.127345844503992,1.0082137227246328,0.9809136736234155,0.9655525309204055,1.0508567932953197,3.931919947516302,1,-1,0,1,0,0
2024-05-12 01:19:21.305279,121.71,121.71,114.85,117.52,1573087,119.95,120.324,123.396,125.6954,121.0369165287326,123.29671243576459,-2.259795907031986,-1.9368636197075264,-0.32293228732445955,29.844961240310056,123.396,131.57655048977503,115.21544951022497,16.36110097955006,0.1408554652071099,24.837209302325597,31.798497761086256,-75.1627906976744,6.859999999999999,2.8885714285714292,-2.408237834246808,-4.167006442143031,1153360.2,1.363916493737169,-2.9000000000000057,-5.109999999999999,-110.7971745711406,36.248798302506316,118.86,1.3400000000000034,1.140231449965966,1,0,0,118.74,112.82,109.49,2.452692398164879,121.52,1526095.0,34.07079646017698,119.66,820029.0,24.698449167145313,119.37,1316673.0,21.3866666666667,120.42,1131728.0,20.964566929133838,122.63,830753.0,34.865350089766565,0.9797415589829095,0.9523809523809523,0.934958638104497,1.7163333009689732,4.090275244887516,-1,-1,0,1,0,0
2024-05-13 01:19:21.305279,116.7,119.02,116.7,118.86,1230091,119.386,119.953,122.728,125.6766,120.70200629354298,122.9680670701524,-2.2660607766094216,-2.002703051087906,-0.2633577255215158,37.745344740815284,122.728,130.00687382845,115.44912617154998,14.557747656900034,0.23429955710444994,41.25514403292187,37.77058896142898,-58.74485596707814,2.319999999999993,2.8907142857142856,-2.3175542406311695,-3.026841804683033,1151032.45,1.0686849011076969,-2.8200000000000074,-3.7099999999999937,-103.75022112152836,44.174763120981304,117.34,-1.519999999999996,-1.278815413091028,0,0,0,116.99,109.21,105.91,3.9273973570312797,117.52,1573087.0,29.844961240310056,121.52,1526095.0,34.07079646017698,119.66,820029.0,24.698449167145313,121.68,1407873.0,30.752089136490255,122.57,966315.0,35.334788937409,0.9955941232640343,0.9684831497294831,0.9457607860174448,1.448095300736513,3.639436914225011,-1,-1,0,1,0,0
2024-05-14 01:19:21.305279,118.22,120.23,115.48,117.34,1082227,118.97999999999999,119.48299999999999,122.1655,125.69879999999999,120.18477455607483,122.55117321310408,-2.366398657029251,-2.075442172276175,-0.2909564847530759,34.51202263083454,122.1655,129.27374421284478,115.0572557871552,14.216488425689576,0.16057018755206975,25.85669781931471,30.649683718187394,-74.14330218068528,4.75,3.152142857142858,-1.700594789310548,-3.851196329072437,1149590.15,0.9414024641738624,-2.030000000000001,-4.700000000000003,-110.60380320725352,44.189370292629796,118.74,1.3999999999999915,1.1931140276120602,1,0,0,112.82,109.37,105.82,4.345506874924561,118.86,1230091.0,37.745344740815284,117.52,1573087.0,29.844961240310056,121.52,1526095.0,34.07079646017698,119.37,1316673.0,21.3866666666667,122.04,899425.0,37.66485647788982,0.986216170785006,0.9605003049142352,0.9335013540304283,1.7138844768581285,3.554122106422396,-1,-1,0,1,0,0
2024-05-15 01:19:21.305279,117.91,118.94,117.91,118.74,927231,118.796,119.36800000000001,121.5975,125.6842,119.96250154744794,122.26886408620749,-2.3063625387595437,-2.1216262455728487,-0.18473629318669493,42.3095584667637,121.5975,127.79307014919947,115.40192985080053,12.391140298398938,0.2693916838009477,40.394600207684284,35.83548068664029,-59.605399792315716,1.5999999999999943,3.027142857142858,-0.7688450610061857,-0.9592126115606019,1140105.8,0.8132850477560942,-0.9200000000000017,-1.1500000000000057,-84.63913581235613,51.66356252963003,116.99,-1.75,-1.4738083207006907,0,0,0,109.21,109.99,103.31,3.308652293610954,117.34,1082227.0,34.51202263083454,118.86,1230091.0,37.745344740815284,117.52,1573087.0,29.844961240310056,119.66,820029.0,24.698449167145313,119.89,803205.0,39.71370143149282,0.9995286036566887,0.9765003392339481,0.9447488228432849,1.6714903529531075,3.097785074599732,-1,-1,0,1,0,0
2024-05-16 01:19:21.305279,117.85,117.85,116.56,116.99,1073210,117.88999999999999,119.21000000000001,121.02350000000001,125.5548,119.50519361707134,121.87783711685879,-2.3726434997874435,-2.171829696415768,-0.20081380337167554,36.96857670979667,121.02350000000001,126.63809479720567,115.40890520279436,11.22918959441131,0.14080221764111428,22.222222222222207,29.49117341640707,-77.77777777777779,2.1799999999999926,3.1021428571428564,-3.727781435154708,-1.3325461752551222,1139211.75,0.942063668145979,-4.530000000000001,-1.5799999999999983,-116.70705478185529,45.645680383495105,112.82,-4.170000000000002,-3.5644072142918213,0,0,1,109.37,108.06,102.01,1.780210661696371,118.74,927231.0,42.3095584667637,117.34,1082227.0,34.51202263083454,118.86,1230091.0,37.745344740815284,121.52,1526095.0,34.07079646017698,118.57,1093818.0,31.367521367521306,0.992365764695903,0.9666717620957912,0.9317843682599152,0.8533463540764264,2.8072973986028282,-1,-1,0,1,0,0
2024-05-17 01:19:21.305279,115.95,115.95,111.6,112.82,1573726,116.95,118.45,120.30049999999999,125.35300000000001,118.47670229136804,121.20688621931369,-2.730183927945646,-2.2835005427217436,-0.4466833852239023,31.067961165048544,120.30049999999999,126.23765322532765,114.36334677467232,11.874306450655325,-0.1299736351833125,10.347752332485141,24.321524920797213,-89.65224766751486,5.390000000000001,3.249999999999999,-3.999319264805993,-6.311243979405422,1167809.1,1.3475884029333218,-4.700000000000003,-7.6000000000000085,-202.58683330911182,38.186819630974604,109.21,-3.6099999999999994,-3.199787271760326,0,0,1,109.99,109.49,102.16,0.7130778358759919,116.99,1073210.0,36.96857670979667,118.74,927231.0,42.3095584667637,117.34,1082227.0,34.51202263083454,117.52,1573087.0,29.844961240310056,120.42,1131728.0,20.964566929133838,0.9646857631466438,0.9378182135568847,0.9000183481847263,2.452692398164879,2.9685766126638318,-1,-1,0,1,0,0
2024-05-18 01:19:21.305279,111.63,111.63,108.96,109.21,1697425,115.01999999999998,117.203,119.46899999999998,125.0494,117.05105578500374,120.318227980846,-3.2671721958422637,-2.480234873345848,-0.7869373224964158,27.74887270204647,119.46899999999998,126.66434615677068,112.27365384322928,14.390692313541393,-0.21289134507771,1.7325017325017318,11.43415876240303,-98.26749826749827,3.8599999999999994,3.4085714285714284,-8.118795221268723,-10.24819197896122,1190042.55,1.426356561788484,-9.650000000000006,-12.470000000000013,-254.4179357355343,36.749077281883,109.37,0.1600000000000108,0.14650673015292628,1,0,0,108.06,105.91,100.46,1.6460801924626052,112.82,1573726.0,31.067961165048544,116.99,1073210.0,36.96857670979667,118.74,927231.0,42.3095584667637,118.86,1230091.0,37.745344740815284,121.68,1407873.0,30.752089136490255,0.9494870457311773,0.9141283512877819,0.873334858064093,3.9273973570312797,3.597673078385345,-1,-1,0,1,0,0
2024-05-19 01:19:21.305279,109.59,110.06,108.6,109.37,1323265,113.426,116.203,118.751,124.7324,115.86935489500316,119.50724813041298,-3.6378932354098197,-2.7117665457586426,-0.9261266896511771,30.40238450074517,118.751,126.95170574626395,110.55029425373606,16.4014114925279,-0.07196296820391132,5.206220419202231,5.762158161396371,-94.79377958079776,1.460000000000008,3.267857142857143,-6.792227714334412,-8.377314233056882,1188262.85,1.1136130360382805,-7.969999999999999,-10.0,-220.6423824190068,35.89719570843289,109.99,0.6199999999999903,0.5668830575111916,1,0,0,109.49,105.82,99.73,1.9492126615682204,109.21,1697425.0,27.74887270204647,112.82,1573726.0,31.067961165048544,116.99,1073210.0,36.96857670979667,117.34,1082227.0,34.51202263083454,119.37,1316673.0,21.3866666666667,0.9642410029446512,0.9210027705029853,0.8768371329341855,4.345506874924561,4.100352873131977,-1,-1,0,1,0,0
2024-05-20 01:19:21.305279,109.15,111.88,107.88,109.99,959174,111.676,115.23599999999999,118.05499999999999,124.2722,114.96483875731036,118.80226678741943,-3.8374280301090664,-2.936898842628728,-0.9005291874803385,33.58837031369549,118.05499999999999,126.75946346482597,109.35053653517402,17.408926929651955,0.03673192882077103,13.604126370083808,6.84761617392926,-86.39587362991618,4.0,3.268571428571428,-7.369041603503453,-8.08123015209761,1184602.3,0.8097012811810343,-8.75,-9.670000000000002,-173.6274411810602,41.44872980123098,108.06,-1.9299999999999926,-1.7547049731793731,0,0,0,105.91,103.31,101.79,2.3642482949170356,109.37,1323265.0,30.40238450074517,109.21,1697425.0,27.74887270204647,112.82,1573726.0,31.067961165048544,118.74,927231.0,42.3095584667637,119.66,820029.0,24.698449167145313,0.9849027543966474,0.9316843843971031,0.8850732504936744,3.308652293610954,4.352231732412989,-1,-1,0,1,0,0
2024-05-21 01:19:21.305279,110.74,110.74,106.69,108.06,951939,109.88999999999999,113.88999999999999,117.3625,123.71260000000001,113.9025558715703,118.00654332168465,-4.103987450114346,-3.170316564125852,-0.9336708859884939,26.430205949656738,117.3625,126.93597624263957,107.78902375736043,19.146952485279144,0.014152447646585697,8.643533123028416,9.15129330410482,-91.35646687697158,4.049999999999997,3.2071428571428564,-7.63313103684075,-11.076366030283076,1159364.45,0.8210869325862113,-8.929999999999993,-13.459999999999994,-163.6078945451899,35.3796849967043,109.49,1.4299999999999926,1.323338885804176,1,0,0,105.82,102.01,100.67,2.8715187619129927,109.99,959174.0,33.58837031369549,109.37,1323265.0,30.40238450074517,109.21,1697425.0,27.74887270204647,116.99,1073210.0,36.96857670979667,121.52,1526095.0,34.07079646017698,0.9833469833469834,0.9207370326978379,0.873476105101663,1.780210661696371,4.786738121319789,-1,-1,0,1,0,0
2024-05-22 01:19:21.305279,107.75,109.66,107.75,109.49,1160895,109.224,113.08699999999999,116.7055,123.18720000000002,113.22370112209794,117.37568826081912,-4.151987138721182,-3.366650679044919,-0.7853364596762633,26.90413035240617,116.7055,126.55639998559921,106.85460001440079,19.701799971198426,0.13376442708035982,18.629407850964714,13.625689114692316,-81.37059214903528,1.9099999999999966,3.1314285714285695,-2.9516043254742055,-6.832879509870661,1175871.55,0.9872634472702396,-3.3299999999999983,-8.030000000000001,-128.34412899104944,33.936120232087475,105.91,-3.5799999999999983,-3.269704995890034,0,0,1,103.31,102.16,102.4,1.9142544240561745,108.06,951939.0,26.430205949656738,109.99,959174.0,33.58837031369549,109.37,1323265.0,30.40238450074517,112.82,1573726.0,31.067961165048544,117.52,1573087.0,29.844961240310056,1.0024353621914597,0.9381734365561177,0.8888098763507896,0.7130778358759919,4.9254499927996065,-1,-1,0,1,0,0
2024-05-23 01:19:21.305279,110.35,110.35,105.4,105.91,973616,108.564,111.792,115.87249999999999,122.6408,112.09851633408286,116.52637801927698,-4.427861685194117,-3.578892880274759,-0.8489688049193576,25.66883586406358,115.87249999999999,126.42775586216418,105.3172441378358,21.110511724328376,0.02807870647119781,3.1249999999999454,10.132646991331027,-96.87500000000006,4.949999999999989,3.30785714285714,-3.0217013094038983,-10.895170789163725,1176236.6,0.8277382288563372,-3.299999999999997,-12.950000000000003,-130.89204947959254,34.88100378956719,105.82,-0.09000000000000341,-0.08497781134926202,0,0,0,102.01,100.46,100.14,1.9923779761929894,109.49,1160895.0,26.90413035240617,108.06,951939.0,26.430205949656738,109.99,959174.0,33.58837031369549,109.21,1697425.0,27.74887270204647,118.86,1230091.0,37.745344740815284,0.9755535905088243,0.9140218774946601,0.8635788416252992,1.6460801924626052,5.277627931082097,-1,-1,0,1,0,0
2024-05-24 01:19:21.305279,106.22,106.88,105.13,105.82,1072849,107.854,110.63999999999999,115.0615,122.1768,111.13259074422395,115.733312980812,-4.600722236588055,-3.7832587515374185,-0.8174634850506366,24.799708667152203,115.0615,126.10280098169515,104.02019901830484,22.082601963390317,0.08150312108504967,4.159132007233259,8.637846619399308,-95.84086799276675,1.75,3.367142857142855,-3.2458626680076907,-9.81762399863645,1184907.8,0.9054282535738223,-3.5500000000000114,-11.52000000000001,-127.65200056955699,34.59925747420755,103.31,-2.509999999999991,-2.3719523719523634,0,0,1,102.16,99.73,101.25,1.4300804173259352,105.91,973616.0,25.66883586406358,109.49,1160895.0,26.90413035240617,108.06,951939.0,26.430205949656738,109.37,1323265.0,30.40238450074517,117.34,1082227.0,34.51202263083454,0.9811411723255512,0.9196820830599288,0.8661218823868361,1.9492126615682204,5.520650490847577,-1,-1,0,1,0,0
2024-05-25 01:19:21.305279,106.34,106.34,102.52,103.31,1207682,106.51799999999999,109.09699999999998,114.2325,121.6508,109.92911524511256,114.81306757482592,-4.883952329713367,-4.003397467172609,-0.880554862540758,17.609391675560275,114.2325,126.19835119148665,102.26664880851335,23.9317023829733,0.04359703186969949,4.11672746221994,3.800286489817717,-95.88327253778006,3.8200000000000074,3.492857142857141,-6.073279389035361,-12.9947785076638,1205131.65,1.0021162418230407,-6.679999999999993,-15.429999999999993,-131.86061868453615,25.877463653527258,102.01,-1.2999999999999972,-1.2583486593746946,0,0,0,100.46,101.79,104.22,1.0758485023548516,105.82,1072849.0,24.799708667152203,105.91,973616.0,25.66883586406358,109.49,1160895.0,26.90413035240617,109.99,959174.0,33.58837031369549,118.74,927231.0,42.3095584667637,0.9698830244653487,0.9043836036154335,0.8492340370963446,2.3642482949170356,5.982925595743326,-1,-1,0,1,0,0
2024-05-26 01:19:21.305279,103.27,103.27,100.98,102.01,1032159,105.30799999999999,107.599,113.40449999999998,121.13680000000001,108.71078982278753,113.86469219891288,-5.153902376125345,-4.2334984489631555,-0.9204039271621891,19.48051948051946,113.40449999999998,126.35766661141656,100.45133338858341,25.906333222833155,0.060165466027543815,5.350649350649356,4.5421696067008535,-94.64935064935064,2.3299999999999983,3.1692857142857127,-5.5987414399407704,-12.804513206256937,1202048.7,0.858666541546944,-6.049999999999997,-14.97999999999999,-135.98105948505486,27.0302320242469,102.16,0.14999999999999147,0.14704440741102978,1,0,0,99.73,100.67,99.12,0.9969804411417635,103.31,1207682.0,17.609391675560275,105.82,1072849.0,24.799708667152203,105.91,973616.0,25.66883586406358,108.06,951939.0,26.430205949656738,116.99,1073210.0,36.96857670979667,0.9686823413225967,0.8995233875198958,0.8421057845345097,2.8715187619129927,6.476583305708292,-1,-1,0,1,0,0
2024-05-27 01:19:21.305279,102.96,102.96,101.88,102.16,695539,103.84199999999998,106.53299999999999,112.49150000000002,120.69720000000001,107.70297600389713,112.99767796195637,-5.294701958059235,-4.445739150782372,-0.8489628072768634,15.524360033030476,112.49150000000002,125.92771700362047,99.05528299637956,26.872434007240912,0.1155353848030236,6.129870129870092,5.199082314246465,-93.8701298701299,1.0799999999999983,3.080714285714284,-6.694675312813954,-9.44867931217869,1180239.25,0.589320343311748,-7.329999999999998,-10.659999999999997,-118.14894327560702,23.896960278149706,100.46,-1.7000000000000028,-1.6640563821456567,0,0,0,101.79,102.4,97.59,1.0720307831490765,102.01,1032159.0,19.48051948051946,103.31,1207682.0,17.609391675560275,105.82,1072849.0,24.799708667152203,109.49,1160895.0,26.90413035240617,112.82,1573726.0,31.067961165048544,0.9838023150555653,0.9081575052337286,0.8464156583582717,1.9142544240561745,6.718108501810231,-1,-1,0,1,0,0
2024-05-28 01:19:21.305279,102.03,102.03,100.23,100.46,1269802,102.752,105.65799999999999,111.43049999999998,120.2544,106.58867200329757,112.06896107588553,-5.480289072587951,-4.652649135143488,-0.827639937444463,15.4098360655737,111.43049999999998,125.15976720166425,97.70123279833571,27.458534403328542,0.10047030045892998,1.2292891501870116,4.236602876902156,-98.77071084981299,1.9299999999999926,2.8792857142857122,-5.145878576149563,-8.012086805237615,1173335.7,1.0822154307586482,-5.450000000000003,-8.75,-121.68198892562715,23.886298868937843,99.73,-0.7299999999999898,-0.7266573760700675,0,0,0,100.67,100.14,98.76,1.1214856218513147,102.16,695539.0,15.524360033030476,102.01,1032159.0,19.48051948051946,103.31,1207682.0,17.609391675560275,105.91,973616.0,25.66883586406358,109.21,1697425.0,27.74887270204647,0.9776938648396138,0.9015484988400843,0.8353956279354434,1.9923779761929894,6.8646336008321365,-1,-1,0,1,0,0
2024-05-29 01:19:21.305279,100.93,100.93,99.36,99.73,965370,101.534,104.694,110.4485,119.8488,105.53349169509795,111.15496395915326,-5.621472264055313,-4.846413760925853,-0.7750585031294603,9.945217024862998,110.4485,124.59004205095412,96.30695794904587,28.28308410190826,0.12102789210046527,2.001081665765304,3.1200803152741385,-97.9989183342347,1.5700000000000074,2.8771428571428563,-5.755055755055745,-8.814117216787052,1155770.55,0.8352609434459114,-6.089999999999989,-9.64,-121.32074538321305,17.66650743353661,101.79,2.0600000000000023,2.065577058056755,1,1,0,102.4,101.25,98.41,0.891992152442599,100.46,1269802.0,15.4098360655737,102.16,695539.0,15.524360033030476,102.01,1032159.0,19.48051948051946,105.82,1072849.0,24.799708667152203,109.37,1323265.0,30.40238450074517,0.9822325526424646,0.9029547707755199,0.8321318194258099,1.4300804173259352,7.070771025477064,-1,-1,0,1,0,0
2024-05-30 01:19:21.305279,100.08,104.32,99.18,101.79,972275,101.22999999999999,103.874,109.55500000000002,119.4022,104.9575698958521,110.46126292514191,-5.503693029289806,-4.977869614598644,-0.5258234146911622,18.386023294509116,109.55500000000002,123.50280722249005,95.60719277751,27.895614444980055,0.22164083299490245,15.56350626118068,6.264625692377667,-84.43649373881932,5.139999999999986,3.088571428571427,-1.471299970961181,-7.455223202109272,1163382.85,0.8357309032018135,-1.519999999999996,-8.199999999999989,-94.87710376199226,23.804729350498377,100.67,-1.1200000000000045,-1.100304548580415,0,0,0,100.14,104.22,99.19,1.6225689507750003,99.73,965370.0,9.945217024862998,100.46,1269802.0,15.4098360655737,102.16,695539.0,15.524360033030476,103.31,1207682.0,17.609391675560275,109.99,959174.0,33.58837031369549,1.005531956929764,0.9291223586326501,0.8524968551668228,1.0758485023548516,6.973903611245016,-1,-1,0,1,0,0
2024-05-31 01:19:21.305279,101.82,101.82,100.08,100.67,535925,100.962,103.13499999999999,108.5125,118.8882,104.2979437580287,109.73598418994622,-5.438040431917528,-5.069903778062422,-0.36813665385510674,21.057646498332517,108.5125,121.79578728337178,95.22921271662823,26.566574566743554,0.20479822378691745,11.7322834645669,9.765623797170962,-88.26771653543311,1.7399999999999949,2.827857142857141,-1.3135967062052774,-6.838793263002037,1113874.35,0.48113595577454493,-1.3400000000000034,-7.390000000000001,-97.79872263905233,25.699110691094944,102.4,1.730000000000004,1.718486142842956,1,0,0,101.25,99.12,98.04,1.9847871422445122,101.79,972275.0,18.386023294509116,99.73,965370.0,9.945217024862998,100.46,1269802.0,15.4098360655737,102.01,1032159.0,19.48051948051946,108.06,951939.0,26.430205949656738,0.9971078227451913,0.9277272203663173,0.8467619158167085,0.9969804411417635,6.641643641685887,-1,-1,0,1,0,0
2024-06-01 01:19:21.305279,100.49,103.78,100.49,102.4,1166635,101.01,102.426,107.75649999999999,118.40800000000002,104.00595241063967,109.19257795365391,-5.1866255430142445,-5.093248131052786,-0.0933774119614581,32.18210361067504,107.75649999999999,120.59488041105267,94.9181195889473,25.676760822105365,0.2913872377785082,25.354330708661433,17.550040144803006,-74.64566929133856,3.2900000000000063,2.787142857142856,0.23492560689116004,-6.475477212530816,1093551.75,1.0668310850401,0.2400000000000091,-7.089999999999989,-73.27002802911623,34.82110656588533,100.14,-2.260000000000005,-2.207031250000005,0,0,1,104.22,97.59,98.26,2.4948206348391664,100.67,535925.0,21.057646498332517,101.79,972275.0,18.386023294509116,99.73,965370.0,9.945217024862998,102.16,695539.0,15.524360033030476,109.49,1160895.0,26.90413035240617,1.0137610137610138,0.95029070172101,0.8648064319978379,1.0720307831490765,6.419190205526343,1,-1,0,1,0,0
2024-06-02 01:19:21.305279,102.1,104.44,97.56,100.14,1575391,100.946,101.849,106.8205,117.8064,103.41119050131047,108.52201662375363,-5.110826122443157,-5.096763729330861,-0.014062393112296512,28.241395568128198,106.8205,118.96104100068966,94.67995899931033,24.281082001379332,0.22486810927039838,18.016759776536308,18.367791316588214,-81.9832402234637,6.8799999999999955,3.174285714285712,-0.31853474019509576,-5.448021905391366,1110816.75,1.4182276239532758,-0.3199999999999932,-5.769999999999996,-85.04748861498038,34.49911916250727,101.25,1.1099999999999994,1.1084481725584177,1,0,0,99.12,98.76,98.0,2.613153267609718,102.4,1166635.0,32.18210361067504,100.67,535925.0,21.057646498332517,101.79,972275.0,18.386023294509116,100.46,1269802.0,15.4098360655737,105.91,973616.0,25.66883586406358,0.9920155330572782,0.937460506176249,0.8500387075744612,1.1214856218513147,6.070270500344832,-1,-1,0,1,0,0
2024-06-03 01:19:21.305279,100.41,101.62,100.41,101.25,1443212,101.25,101.39200000000001,106.01599999999999,117.2218,103.078699654955,107.98334872569781,-4.904649070742806,-5.05834079761325,0.15369172687044408,29.861751152073722,106.01599999999999,117.32544346901736,94.70655653098262,22.618886938034734,0.28929113474696516,27.99696509863429,23.78935186127735,-72.00303490136571,1.480000000000004,2.9942857142857124,1.5241151107991537,-4.318654318654312,1128866.0,1.2784617483385983,1.519999999999996,-4.569999999999993,-73.5121827181969,36.20762993287276,104.22,2.969999999999999,2.9333333333333322,1,1,0,97.59,98.41,100.34,2.6331824851345678,100.14,1575391.0,28.241395568128198,102.4,1166635.0,32.18210361067504,100.67,535925.0,21.057646498332517,99.73,965370.0,9.945217024862998,105.82,1072849.0,24.799708667152203,1.0,0.9550445215816481,0.8637471869566924,0.891992152442599,5.654721734508686,1,-1,0,1,0,0
2024-06-04 01:19:21.305279,101.52,105.39,101.52,104.22,1201894,101.73600000000002,101.483,105.28999999999999,116.7402,103.25428432342348,107.7045821534239,-4.450297830000423,-4.936732204090685,0.4864343740902619,41.556728232189954,105.28999999999999,114.89619975245998,95.68380024754,19.212399504919972,0.4443068004219887,52.07193119624708,32.695218690472565,-47.92806880375293,4.140000000000001,3.000714285714284,2.3872679045092764,0.8808440615622849,1142599.15,1.0518947086561372,2.4299999999999926,0.9099999999999966,-29.35174755538146,43.64053307209276,99.12,-5.099999999999994,-4.893494530800225,0,0,1,98.76,99.19,100.9,0.6517898434462251,101.25,1443212.0,29.861751152073722,100.14,1575391.0,28.241395568128198,102.4,1166635.0,32.18210361067504,101.79,972275.0,18.386023294509116,103.31,1207682.0,17.609391675560275,1.024416135881104,0.9898375914141895,0.892751597136205,1.6225689507750003,4.803099876229991,1,-1,0,1,0,0
2024-06-05 01:19:21.305279,103.93,103.93,98.48,99.12,1368886,101.426,101.194,104.39649999999999,116.07699999999998,102.61824058135832,107.06868717909622,-4.450446597737894,-4.839475082820127,0.38902848508223276,30.36728511927302,104.39649999999999,112.64957158131241,96.14342841868756,16.506143162624852,0.18033113804879292,12.19702892885069,30.75530840791069,-87.8029710711493,5.739999999999995,3.2742857142857127,-1.5396841164199833,-2.8330555827860016,1157382.95,1.1827424967682478,-1.5499999999999972,-2.8900000000000006,-77.46051221038633,35.34895678303366,97.59,-1.5300000000000011,-1.54358353510896,0,0,0,98.41,98.04,101.64,0.6203789164854767,104.22,1201894.0,41.556728232189954,101.25,1443212.0,29.861751152073722,100.14,1575391.0,28.241395568128198,100.67,535925.0,21.057646498332517,102.01,1032159.0,19.48051948051946,0.9772642123321437,0.9494571178152525,0.8539159351120379,1.9847871422445122,4.1265357906562095,-1,-1,0,1,0,0
2024-06-06 01:19:21.305279,99.66,99.66,97.37,97.59,1248133,100.464,100.73700000000001,103.63499999999999,115.35340000000001,101.8446651073032,106.36656220286686,-4.521897095563659,-4.775959485368833,0.25406238980517415,32.92282430213466,103.63499999999999,111.41233684631203,95.85766315368795,15.554673692624078,0.11137082529307665,2.31335436382754,22.194104829641773,-97.68664563617247,2.289999999999992,3.0842857142857127,-4.697265625000002,-4.473375097885663,1141103.3,1.0937949263664384,-4.810000000000002,-4.569999999999993,-116.85741389076549,34.94776354043924,98.76,1.1700000000000017,1.1988933292345543,1,0,0,99.19,98.26,100.85,0.45163037986794774,99.12,1368886.0,30.36728511927302,104.22,1201894.0,41.556728232189954,101.25,1443212.0,29.861751152073722,102.4,1166635.0,32.18210361067504,102.16,695539.0,15.524360033030476,0.9713927376970856,0.9416702851353308,0.8460088736006047,2.4948206348391664,3.8886684231560165,-1,-1,0,1,0,0
2024-06-07 01:19:21.305279,97.61,99.49,97.61,98.76,920737,100.188,100.56700000000001,103.1125,114.70739999999999,101.37010124464116,105.80311315080264,-4.433011906161482,-4.707369969527363,0.27435806336588087,36.124213836478,103.1125,110.7149646280665,95.5100353719335,15.204929256133,0.2137441466066417,15.496098104793765,10.002160465824003,-84.50390189520624,1.8999999999999915,3.094999999999998,-1.3780707010185693,-1.692215807286471,1102268.9,0.8353106941509464,-1.3799999999999955,-1.6999999999999886,-102.13985369506364,41.20310155654462,98.41,-0.3500000000000085,-0.35439449169705195,0,0,0,98.04,98.0,99.92,0.482545334678202,97.59,1248133.0,32.92282430213466,99.12,1368886.0,30.36728511927302,104.22,1201894.0,41.556728232189954,100.14,1575391.0,28.241395568128198,100.46,1269802.0,15.4098360655737,0.9857467960234759,0.9577888228876228,0.8609732240465743,2.613153267609718,3.8012323140332485,-1,-1,0,1,0,0
2024-06-08 01:19:21.305279,98.46,98.78,97.93,98.41,1095967,99.62,100.435,102.5645,114.06300000000002,100.9147010531579,105.25547513963208,-4.340774086474184,-4.634050792916727,0.2932767064425432,39.47594501718212,102.5645,109.84083648421566,95.28816351578433,14.552672968431324,0.21451979928276882,12.967581047381454,10.259011172000923,-87.03241895261856,0.8499999999999943,2.88285714285714,-2.8049382716049416,-1.3235736488519076,1090904.0,1.0046411049918234,-2.8400000000000034,-1.3200000000000074,-102.79840312408665,41.67420954153437,99.19,0.7800000000000011,0.7926023778071346,1,0,0,98.26,100.34,99.1,1.003384273356736,98.76,920737.0,36.124213836478,97.59,1248133.0,32.92282430213466,99.12,1368886.0,30.36728511927302,101.25,1443212.0,29.861751152073722,99.73,965370.0,9.945217024862998,0.9878538446095161,0.959493781961595,0.8627688207394157,2.6331824851345678,3.6381682421078314,-1,-1,0,1,0,0
2024-06-09 01:19:21.305279,99.41,100.26,97.74,99.19,1232445,98.614,100.175,102.0245,113.47879999999999,100.64936242959514,104.80618068484453,-4.156818255249391,-4.53860428538326,0.3817860301338696,43.804920913884,102.0245,108.54420769444468,95.50479230555533,13.039415388889353,0.28262062251539044,22.693266832917633,17.052315328364287,-77.30673316708237,2.5200000000000102,2.896428571428569,-4.82632891959317,-2.55427841634739,1104567.55,1.1157715071386987,-5.030000000000001,-2.6000000000000085,-85.43693648511585,48.96880603988797,98.04,-1.1499999999999915,-1.1593910676479398,0,0,0,98.0,100.9,99.93,1.3978984226400595,98.41,1095967.0,39.47594501718212,98.76,920737.0,36.124213836478,97.59,1248133.0,32.92282430213466,104.22,1201894.0,41.556728232189954,101.79,972275.0,18.386023294509116,1.005840955645243,0.9722174575714656,0.874083969869262,0.6517898434462251,3.259853847222336,-1,-1,0,1,0,0
2024-06-10 01:19:21.305279,99.36,99.36,97.88,98.04,1361183,98.398,99.912,101.5235,112.9412,100.24792205581127,104.30498211559679,-4.057060059785513,-4.442295440263711,0.38523538047819805,41.32996632996635,101.5235,107.61638204209594,95.43061795790406,12.185764084191874,0.21413364185188816,8.354114713216983,14.671654197838697,-91.64588528678301,1.480000000000004,2.924999999999998,-1.0895883777239692,-2.6124962749577785,1125029.75,1.2099084490876797,-1.0799999999999983,-2.6299999999999955,-98.51176377704049,42.75733073227728,98.26,0.21999999999999886,0.22439820481436032,1,0,0,100.34,101.64,99.14,1.619790109865918,99.19,1232445.0,43.804920913884,98.41,1095967.0,39.47594501718212,98.76,920737.0,36.124213836478,99.12,1368886.0,30.36728511927302,100.67,535925.0,21.057646498332517,0.9963617146689975,0.9656877471718371,0.8680623191536836,0.6203789164854767,3.0464410210479693,-1,-1,0,1,0,0
2024-06-11 01:19:21.305279,98.29,99.5,96.08,98.26,1002287,98.53200000000001,99.498,100.962,112.36059999999999,99.94208789337877,103.85720566258962,-3.915117769210852,-4.33685990605314,0.4217421368422878,45.06283662477561,100.962,105.9295774038363,95.9944225961637,9.935154807672603,0.22803644711068521,23.41568206229867,18.154354536144435,-76.58431793770133,3.4200000000000017,3.0314285714285703,0.6865457526385917,-4.042968750000001,1117099.35,0.8972227940155904,0.6700000000000017,-4.140000000000001,-110.12659654818734,43.552506331978684,98.0,-0.2600000000000051,-0.26460411154081526,0,0,0,100.9,100.85,99.77,1.3909636947164927,98.04,1361183.0,41.32996632996635,99.19,1232445.0,43.804920913884,98.41,1095967.0,39.47594501718212,97.59,1248133.0,32.92282430213466,102.4,1166635.0,32.18210361067504,0.997239475500345,0.9732374556763931,0.8745058321155281,0.45163037986794774,2.483788701918152,1,-1,0,1,0,0
2024-06-12 01:19:21.305279,98.93,100.07,95.85,98.0,985400,98.38000000000001,99.284,100.56649999999999,111.6762,99.64330514055128,103.42333857647186,-3.7800334359205863,-4.225494612026629,0.4454611761060425,46.033929390187986,100.56649999999999,105.1174340857211,96.01556591427888,9.10186817144222,0.21802492063634002,22.5366876310273,18.102161468847655,-77.46331236897271,4.219999999999999,3.220714285714284,-0.7695423248278707,-2.13700818853605,1117688.55,0.8816409544501462,-0.7600000000000051,-2.1400000000000006,-105.02213788741399,49.54517686798775,100.34,2.3400000000000034,2.38775510204082,1,1,0,101.64,99.92,103.96,0.6479969135877868,98.26,1002287.0,45.06283662477561,98.04,1361183.0,41.32996632996635,99.19,1232445.0,43.804920913884,98.76,920737.0,36.124213836478,100.14,1575391.0,28.241395568128198,0.9961374263061596,0.9744795732177217,0.877537022212432,0.482545334678202,2.275467042860557,-1,-1,0,1,0,0
2024-06-13 01:19:21.305279,98.13,102.17,96.73,100.34,1062959,98.76599999999999,99.19300000000001,100.2925,111.11120000000001,99.75048896508186,103.19494312636283,-3.444454161280973,-4.069286521877498,0.6248323605965247,46.71797193300135,100.2925,104.11288231759309,96.47211768240692,7.640764635186173,0.5062166553045305,47.064989517819775,31.005786403715252,-52.93501048218023,5.439999999999998,3.242142857142856,1.96118280662535,-0.8987654320987621,1117194.05,0.9514542258795595,1.9300000000000068,-0.9099999999999966,-29.399652647221632,49.76608704306411,100.9,0.5600000000000023,0.5581024516643435,1,0,0,100.85,99.1,105.82,0.9844897155477742,98.0,985400.0,46.033929390187986,98.26,1002287.0,45.06283662477561,98.04,1361183.0,41.32996632996635,98.41,1095967.0,39.47594501718212,101.25,1443212.0,29.861751152073722,1.0159366583642144,1.0004736146770696,0.9030592775525779,1.003384273356736,1.9101911587965459,1,-1,0,1,0,0
2024-06-14 01:19:21.305279,101.31,101.85,100.13,100.9,890508,99.108,98.861,100.172,110.5272,99.92733681660772,103.02494733922485,-3.0976105226171313,-3.8749513220254244,0.777340799408293,50.53413841151882,100.172,103.73500050961619,96.60899949038381,7.126001019232376,0.6021610855843562,52.93501048218038,40.84556254367582,-47.06498951781962,1.7199999999999989,3.240714285714285,1.7239641092852185,-3.1855689886777907,1101335.35,0.8085711586393735,1.710000000000008,-3.319999999999993,32.293092866248,54.12305769335437,101.64,0.7399999999999949,0.7333994053518283,1,0,0,99.92,99.93,105.18,0.9770721570177718,100.34,1062959.0,46.71797193300135,98.0,985400.0,46.033929390187986,98.26,1002287.0,45.06283662477561,99.19,1232445.0,43.804920913884,104.22,1201894.0,41.556728232189954,1.0180812850627599,1.0072674999001718,0.9128974587250922,1.3978984226400595,1.7815002548080925,1,-1,0,1,0,0
2024-06-15 01:19:21.305279,99.9,103.09,99.9,101.64,1027224,99.828,99.113,100.1535,109.9906,100.19082346020653,102.92235864743043,-2.7315351872238978,-3.646268095065119,0.9147329078412212,48.149951314508264,100.1535,103.67997296585321,96.62702703414678,7.052945931706432,0.7107629938459423,60.6918238993711,53.56394129979043,-39.308176100628906,3.1899999999999977,3.233571428571427,3.671970624235,2.542372881355928,1101088.6,0.9329167516583133,3.5999999999999943,2.519999999999996,62.192968759383646,53.70460954421085,100.85,-0.7900000000000063,-0.7772530499803288,0,0,0,99.1,99.14,107.76,0.717405045995239,100.9,890508.0,50.53413841151882,100.34,1062959.0,46.71797193300135,98.0,985400.0,46.033929390187986,98.04,1361183.0,41.32996632996635,99.12,1368886.0,30.36728511927302,1.0181512200985696,1.0148422171966034,0.9240789667480676,1.619790109865918,1.763236482926609,1,-1,0,1,0,0
2024-06-16 01:19:21.305279,100.59,100.9,100.59,100.85,1150848,100.346,99.439,100.088,109.462,100.29223523555937,102.76885059947261,-2.4766153639132398,-3.4123375488347434,0.9357221849215036,51.86156266386994,100.088,103.50450236660224,96.67149763339775,6.83300473320449,0.6115175577586119,52.41090146750521,55.345911949685565,-47.589098532494795,1.0499999999999972,2.817142857142856,2.6358640341949817,3.3405061994056675,1123854.05,1.0240190885996272,2.589999999999989,3.259999999999991,30.80244024807314,55.14048829414225,99.92,-0.9299999999999926,-0.922161626177484,0,0,0,99.93,99.77,106.94,0.4176960617715506,101.64,1027224.0,48.149951314508264,100.9,890508.0,50.53413841151882,100.34,1062959.0,46.71797193300135,98.26,1002287.0,45.06283662477561,97.59,1248133.0,32.92282430213466,1.0050226217288183,1.0076133002957397,0.921324295189198,1.3909636947164927,1.708251183301125,1,-1,0,1,0,0
2024-06-17 01:19:21.305279,99.81,100.52,99.72,99.92,1275238,100.72999999999999,99.55499999999999,100.061,108.9436,100.23496827624254,102.55782462914132,-2.322856352898782,-3.194441309647551,0.871584956748769,46.47961884595024,100.061,103.47365693681144,96.64834306318858,6.825313873622861,0.4793416093954427,42.662473794549314,51.921733053808545,-57.337526205450686,1.1299999999999955,2.7921428571428555,1.9591836734693895,1.1745646010530544,1124125.85,1.1344263633827119,1.9200000000000017,1.1599999999999966,-3.8941415188012396,46.53450007376852,99.1,-0.8200000000000074,-0.8206565252201835,0,0,0,99.14,103.96,102.63,2.0351289885457797,100.85,1150848.0,51.86156266386994,101.64,1027224.0,48.149951314508264,100.9,890508.0,50.53413841151882,98.0,985400.0,46.033929390187986,98.76,920737.0,36.124213836478,0.991958701479202,0.9985908595756587,0.9171718210156448,0.6479969135877868,1.706328468405714,1,-1,0,1,0,0
2024-06-18 01:19:21.305279,100.73,100.73,98.84,99.1,920875,100.482,99.624,100.0295,108.45100000000001,100.06035777220524,102.30168947142714,-2.2413316992219023,-3.0038193875624217,0.7624876883405194,34.70728793309438,100.0295,103.46656407761483,96.59243592238516,6.87412815522967,0.3647828526017713,40.22277227722766,45.0987158464274,-59.77722772277234,1.8900000000000006,2.6314285714285695,-1.235798285828193,0.7011482572909234,1121901.1,0.8208165586075278,-1.240000000000009,0.6899999999999977,-27.970128988459845,39.45989461457663,99.93,0.8300000000000125,0.8375378405650984,1,0,0,99.77,105.82,100.61,2.978696023433615,99.92,1275238.0,46.47961884595024,100.85,1150848.0,51.86156266386994,101.64,1027224.0,48.149951314508264,100.34,1062959.0,46.71797193300135,98.41,1095967.0,39.47594501718212,0.9862462928683744,0.9907077412163411,0.9137767286608698,0.9844897155477742,1.718532038807415,-1,-1,0,1,0,0
2024-06-19 01:19:21.305279,99.11,100.62,99.11,99.93,1382428,100.288,99.69800000000001,99.9365,107.97140000000002,100.0403027303275,102.12600876983996,-2.085706039512459,-2.8201967179524297,0.7344906784399705,53.24779470729752,99.9365,103.27215285962822,96.60084714037177,6.671305719256452,0.4990256779896585,56.35359116022109,46.41294574399936,-43.64640883977891,1.5200000000000102,2.329999999999999,-0.9613478691774022,0.7460429478778194,1142408.75,1.2100992748873816,-0.9699999999999989,0.7400000000000091,-6.790206952522017,48.38156506798341,99.14,-0.7900000000000063,-0.790553387371166,0,0,0,103.96,105.18,96.9,3.110607657680274,99.1,920875.0,34.70728793309438,99.92,1275238.0,46.47961884595024,100.85,1150848.0,51.86156266386994,100.9,890508.0,50.53413841151882,99.19,1232445.0,43.804920913884,0.9964302807913211,0.9999349586987738,0.9255228699451891,0.9770721570177718,1.6678264298141126,-1,-1,0,1,0,0
2024-06-20 01:19:21.305279,98.59,99.58,98.59,99.14,1024972,99.788,99.80799999999999,99.86,107.51599999999999,99.90179461796943,101.904822935037,-2.0030283170675744,-2.656763037775459,0.6537347207078845,56.60699062233586,99.86,103.19500098634067,96.52499901365933,6.670001972681348,0.39205400493898834,45.441988950276276,47.339450795908355,-54.55801104972373,1.3400000000000034,2.2621428571428575,-2.459661550570641,1.1219910240718016,1166861.1,0.8784010367643587,-2.5,1.0999999999999943,-44.630442364045095,49.04789707605516,99.77,0.6299999999999955,0.6354649989913208,1,0,0,105.82,107.76,96.27,2.97896290678804,99.93,1382428.0,53.24779470729752,99.1,920875.0,34.70728793309438,99.92,1275238.0,46.47961884595024,101.64,1027224.0,48.149951314508264,98.04,1361183.0,41.32996632996635,0.9935062332144146,0.9927899058682155,0.9220953160459839,0.717405045995239,1.6675004931703348,-1,-1,0,1,0,0
2024-06-21 01:19:21.305279,98.9,100.32,98.9,99.77,1058681,99.572,99.959,99.72850000000001,107.05879999999999,99.88151852289721,101.74668790281204,-1.865169379914832,-2.498444306203334,0.633274926288502,54.512957998212634,99.72850000000001,102.84184157930342,96.6151584206966,6.226683158606818,0.5066648645744278,54.14364640883973,51.97974217311236,-45.856353591160264,1.4199999999999875,2.2278571428571428,-1.0708973723351496,1.5367392631793109,1161463.4,0.9115061223625299,-1.0799999999999983,1.509999999999991,-8.01135024841122,49.53477514909189,103.96,4.189999999999998,4.199659216197252,1,1,0,105.18,106.94,96.35,1.485301316238199,99.14,1024972.0,56.60699062233586,99.93,1382428.0,53.24779470729752,99.1,920875.0,34.70728793309438,100.85,1150848.0,51.86156266386994,98.26,1002287.0,45.06283662477561,1.0019885108263367,1.0004161297923861,0.9319177872346786,0.4176960617715506,1.5566707896517011,-1,-1,0,1,0,0
2024-06-22 01:19:21.305279,99.25,104.09,99.25,103.96,1270637,100.38,100.55499999999999,99.9195,106.6866,100.50897721168226,101.91063694704819,-1.401659735365925,-2.2790873920358523,0.8774276566699273,68.46307385229538,99.9195,103.56274595005299,96.27625404994701,7.286491900105972,1.0545192467641706,98.42233009708727,66.00265515206776,-1.5776699029127368,4.840000000000003,2.5128571428571433,4.0432345876701286,6.081632653061218,1146225.7,1.1085399673031238,4.039999999999992,5.959999999999994,141.38894662694327,57.16081728441196,105.82,1.8599999999999994,1.7891496729511347,1,0,0,107.76,102.63,99.63,1.9675568606825427,99.77,1058681.0,54.512957998212634,99.14,1024972.0,56.60699062233586,99.93,1382428.0,53.24779470729752,99.92,1275238.0,46.47961884595024,98.0,985400.0,46.033929390187986,1.035664474995019,1.0404375522295448,0.9744429009828788,2.0351289885457797,1.8216229750264936,1,1,0,1,0,0
2024-06-23 01:19:21.305279,103.91,106.91,103.91,105.82,694376,101.724,101.103,100.148,106.36219999999999,101.32605764065424,102.20021939541498,-0.8741617547607348,-1.9981022645808288,1.123940509820094,70.57728119180629,100.148,104.62129667670733,95.67470332329266,8.94659335341467,1.1339843307883386,90.14466546112114,80.90354732234938,-9.855334538878871,3.0,2.5471428571428567,6.781029263370332,5.4614311341439,1108783.9,0.6262500745185785,6.719999999999999,5.47999999999999,245.99075528632653,55.77888286580529,105.18,-0.6399999999999864,-0.604800604800592,0,0,0,106.94,100.61,100.33,2.98310744024063,103.96,1270637.0,68.46307385229538,99.77,1058681.0,54.512957998212634,99.14,1024972.0,56.60699062233586,99.1,920875.0,34.70728793309438,100.34,1062959.0,46.71797193300135,1.0402658173095827,1.0566361784558853,0.9949023243219867,2.978696023433615,2.2366483383536675,1,1,0,1,0,0
2024-06-24 01:19:21.305279,105.55,105.55,105.05,105.18,1237013,102.774,101.53099999999999,100.196,106.068,101.91897184978437,102.4209438846435,-0.5019720348591363,-1.6988762186364905,1.1969041837773542,72.88461538461537,100.196,104.86939795234676,95.52260204765324,9.346795904693522,1.0332308580202632,84.35804701627497,90.97501419149445,-15.64195298372504,0.769999999999996,2.4964285714285706,5.253677574302011,4.241823587710606,1110539.85,1.113884386949284,5.25,4.280000000000001,214.84992101105777,55.91818693816429,107.76,2.5799999999999983,2.452937820878492,1,1,0,102.63,96.9,99.94,4.50652526898708,105.82,694376.0,70.57728119180629,103.96,1270637.0,68.46307385229538,99.77,1058681.0,54.512957998212634,99.93,1382428.0,53.24779470729752,100.9,890508.0,50.53413841151882,1.0234105902271002,1.0497425046908062,0.9916280122185769,3.110607657680274,2.336698976173378,1,1,0,1,0,0
2024-06-25 01:19:21.305279,104.18,108.64,104.18,107.76,1392611,104.498,102.143,100.62800000000001,105.8518,102.81759156520216,102.81642952281807,0.0011620423840952299,-1.3588685664323734,1.3600306088164686,76.44766146993317,100.62800000000001,106.36003224730614,94.89596775269389,11.464064494612245,1.1221179236519307,93.11962470680223,89.2074457280661,-6.880375293197771,4.459999999999994,2.5707142857142844,8.694775065563853,6.021251475796935,1111726.1,1.2526565671166665,8.620000000000005,6.1200000000000045,213.2508473534347,63.64383507167381,106.94,-0.8200000000000074,-0.7609502598366809,0,0,0,100.61,96.27,101.65,4.379811639787625,105.18,1237013.0,72.88461538461537,105.82,694376.0,70.57728119180629,103.96,1270637.0,68.46307385229538,99.14,1024972.0,56.60699062233586,101.64,1027224.0,48.149951314508264,1.031215908438439,1.0708749055928766,1.0180270907060627,2.97896290678804,2.8660161236530595,1,1,0,0,0,0
2024-06-26 01:19:21.305279,107.34,107.4,106.39,106.94,1020349,105.93199999999999,102.752,101.09549999999999,105.5822,103.45180824747874,103.1218791877945,0.3299290596842326,-1.0211090412090522,1.3510381008932848,74.13606911447081,101.09549999999999,107.2907051917889,94.90029480821107,12.39041038357783,0.9716954337320637,85.72628043660787,87.73465071989501,-14.273719563392135,1.3700000000000045,2.367142857142856,7.1865290167385005,6.038671294000995,1100336.9,0.9273059914649777,7.170000000000002,6.090000000000003,173.43512632200344,63.93387070726866,102.63,-4.310000000000002,-4.030297363007296,0,0,1,96.9,96.35,97.2,2.90046892760796,107.76,1392611.0,76.44766146993317,105.18,1237013.0,72.88461538461537,105.82,694376.0,70.57728119180629,99.77,1058681.0,54.512957998212634,100.85,1150848.0,51.86156266386994,1.0095155382698335,1.05781167312096,1.0128601222554559,1.485301316238199,3.0976025958944544,1,1,0,0,0,0
2024-06-27 01:19:21.305279,107.76,107.76,101.41,102.63,1416023,105.66599999999998,103.023,101.289,105.20120000000001,103.32537620940508,103.08544369240231,0.23993251700277085,-0.7689007295666875,1.0088332465694583,55.58809175207416,101.289,107.41846258483521,95.15953741516479,12.25892516967042,0.6093896880386983,40.19900497512431,73.01497003951147,-59.80099502487569,6.3500000000000085,2.432142857142857,-1.2793382070026917,2.7121697357886245,1125101.2,1.258573895397143,-1.3299999999999983,2.7099999999999937,75.64704199485988,55.731619802906536,100.61,-2.019999999999996,-1.9682354087498743,0,0,0,96.27,99.63,97.71,2.0237885265064883,106.94,1020349.0,74.13606911447081,107.76,1392611.0,76.44766146993317,105.18,1237013.0,72.88461538461537,103.96,1270637.0,68.46307385229538,99.92,1275238.0,46.47961884595024,0.971267957526546,1.0132393448449486,0.9755592141534506,1.9675568606825427,3.0647312924176067,-1,1,0,1,0,0
2024-06-28 01:19:21.305279,102.05,105.36,97.77,100.61,1299805,104.624,103.174,101.399,104.82599999999998,102.90762602334276,102.90207749296509,0.005548530377666339,-0.6140108775778168,0.6195594079554831,49.339407744874705,101.399,107.3882777879307,95.4097222120693,11.978555575861407,0.4341322920778566,26.126954921803147,50.684080111178446,-73.87304507819685,7.590000000000003,2.8514285714285714,-4.923454923454918,1.523713420787089,1135293.1,1.1449069848129967,-5.209999999999994,1.5100000000000051,-2.8314697639474375,48.89543659028583,96.9,-3.7099999999999937,-3.687506212106146,0,0,1,96.35,100.33,99.27,1.933721800057936,102.63,1416023.0,55.58809175207416,106.94,1020349.0,74.13606911447081,107.76,1392611.0,76.44766146993317,105.82,694376.0,70.57728119180629,99.1,920875.0,34.70728793309438,0.9616340419024316,0.9922188581741437,0.9597809703699466,2.98310744024063,2.9946388939653534,-1,1,0,1,0,0
2024-06-29 01:19:21.305279,100.86,100.86,96.62,96.9,1056649,102.96799999999999,102.87100000000001,101.28450000000001,104.3708,101.98337586590542,102.45747916015287,-0.4741032942474561,-0.5860293609117447,0.11192606666428861,40.489566613162125,101.28450000000001,107.53351668053716,95.03548331946286,12.498033361074306,0.1491848058546773,2.329450915141441,22.885136937356304,-97.67054908485856,4.239999999999995,2.926428571428571,-7.872219053051912,-3.032122485740019,1126503.3,0.9379901505836689,-8.280000000000001,-3.030000000000001,-90.33955079492803,42.60911336709224,96.27,-0.6300000000000097,-0.6501547987616199,0,0,0,99.63,99.94,96.38,2.01833594825521,100.61,1299805.0,49.339407744874705,102.63,1416023.0,55.58809175207416,106.94,1020349.0,74.13606911447081,105.18,1237013.0,72.88461538461537,99.93,1382428.0,53.24779470729752,0.941069070002331,0.9567110466063415,0.9284205927328334,4.50652526898708,3.1245083402685774,-1,-1,0,1,0,0
2024-06-30 01:19:21.305279,97.0,97.27,95.57,96.27,959492,100.66999999999999,102.58399999999999,101.196,103.8658,101.10439496345843,101.9991473705119,-0.894752407053474,-0.6477739701400906,-0.2469784369133834,40.751211631663985,101.196,107.68405023018633,94.70794976981367,12.976100460372663,0.12037901794584818,5.355776587605222,11.270727474849942,-94.64422341239478,1.7000000000000028,2.9728571428571433,-10.662583518930965,-2.8948961065160423,1106418.75,0.8672051156038344,-11.490000000000009,-2.8700000000000045,-133.06674020959727,43.22349212898386,96.35,0.0799999999999983,0.08309961566427579,1,0,0,100.33,101.65,98.63,1.962931481233913,96.9,1056649.0,40.489566613162125,100.61,1299805.0,49.339407744874705,102.63,1416023.0,55.58809175207416,107.76,1392611.0,76.44766146993317,99.14,1024972.0,56.60699062233586,0.9562928379854972,0.9513221866476935,0.9268690945431509,4.379811639787625,3.244025115093169,-1,-1,0,1,0,0
2024-07-01 01:19:21.305279,96.72,96.9,95.82,96.35,1167536,98.55199999999999,102.24199999999999,101.1005,103.44239999999999,100.37294958446483,101.58069200973324,-1.2077424252684068,-0.759767661165754,-0.4479747641026528,42.53450439146799,101.1005,107.82252186062229,94.3784781393777,13.444043721244583,0.14664649278898473,5.967865340474375,4.551030947740351,-94.03213465952562,1.0800000000000125,2.9692857142857156,-9.902749205161776,-3.427884133507068,1114681.2,1.0474169654965026,-10.590000000000003,-3.4200000000000017,-127.87750129879458,43.62720121565518,99.63,3.280000000000001,3.4042553191489375,1,1,0,99.94,97.2,99.35,1.6201388829415626,96.27,959492.0,40.751211631663985,96.9,1056649.0,40.489566613162125,100.61,1299805.0,49.339407744874705,106.94,1020349.0,74.13606911447081,99.77,1058681.0,54.512957998212634,0.9776564656222096,0.9530121018194766,0.9314362389117036,2.90046892760796,3.361010930311149,-1,-1,0,1,0,0
2024-07-02 01:19:21.305279,96.3,100.19,96.3,99.63,1089429,97.952,101.809,101.182,103.0578,100.25864964839332,101.43619630530856,-1.17754665691524,-0.8433234603156513,-0.33422319659958866,51.00492984452029,101.182,107.78419931457852,94.57980068542149,13.204398629157026,0.3824634090815019,31.063504208110178,14.129048712063264,-68.93649579188983,3.8900000000000006,3.112142857142859,-2.9231218941829873,-4.165063485956136,1119882.65,0.9728063918125708,-3.0,-4.329999999999998,-66.50078860064168,49.79363922050822,100.33,0.7000000000000028,0.7025996185887814,1,0,0,101.65,97.71,98.57,1.8647600381870002,96.35,1167536.0,42.53450439146799,96.27,959492.0,40.751211631663985,96.9,1056649.0,40.489566613162125,102.63,1416023.0,55.58809175207416,103.96,1270637.0,68.46307385229538,1.0171308395949037,0.9846613033938842,0.9667390532303232,2.0237885265064883,3.301099657289257,-1,1,0,1,0,0
2024-07-03 01:19:21.305279,99.86,100.6,99.86,100.33,1129097,97.89599999999999,101.25999999999999,101.1815,102.7176,100.26962662556357,101.35425583824866,-1.084629212685087,-0.8915846107895384,-0.1930446018955485,50.76219512195121,101.1815,107.78396931477754,94.57903068522246,13.204938629555073,0.43551654999030526,36.419280795715395,24.483550114766654,-63.580719204284605,0.9699999999999989,3.0728571428571434,-0.27830235563065414,-5.188055188055183,1123189.55,1.0052595307710974,-0.28000000000000114,-5.489999999999995,-25.084101213983,49.01626630298204,99.94,-0.39000000000000057,-0.38871723313066936,0,0,0,97.2,99.27,99.87,1.7863734212138307,99.63,1089429.0,51.00492984452029,96.35,1167536.0,42.53450439146799,96.27,959492.0,40.751211631663985,100.61,1299805.0,49.339407744874705,105.82,694376.0,70.57728119180629,1.024863120045763,0.9915844299600223,0.97675568743818,1.933721800057936,3.301234657388766,-1,-1,0,1,0,0
2024-07-04 01:19:21.305279,101.06,101.06,99.12,99.94,767503,98.50399999999999,100.736,101.1335,102.3416,100.21891483701533,101.24949614652654,-1.0305813095112057,-0.9193839505338719,-0.11119735897733385,51.54798761609906,101.1335,107.75850613703389,94.5084938629661,13.250012274067785,0.40992461174274875,33.43534812547821,33.639377709767935,-66.56465187452179,1.9399999999999977,3.115714285714286,3.137254901960776,-4.981935729226096,1117039.3,0.6870868374998086,3.039999999999992,-5.240000000000009,-29.500756429652032,49.78456915396052,101.65,1.710000000000008,1.7110266159695897,1,0,0,97.71,96.38,104.46,2.0800889404107896,100.33,1129097.0,50.76219512195121,99.63,1089429.0,51.00492984452029,96.35,1167536.0,42.53450439146799,96.9,1056649.0,40.489566613162125,105.18,1237013.0,72.88461538461537,1.0145780881994642,0.9881987669763234,0.9765334917570176,2.01833594825521,3.3125030685169463,1,-1,0,1,0,0
2024-07-05 01:19:21.305279,100.32,102.07,100.32,101.65,1264167,99.58,100.125,101.134,102.03480000000002,100.43908178516682,101.27916309863569,-0.8400813134688718,-0.9035234231208719,0.06344210965200003,53.491827637444295,101.134,107.75916859765212,94.50883140234788,13.25033719530424,0.5389424051927425,46.51874521805669,38.791124713083434,-53.48125478194331,2.1299999999999955,3.1664285714285723,5.588449153422675,-5.670007423904973,1128886.45,1.1198353917703592,5.38000000000001,-6.109999999999999,6.09408507288411,50.49205341602125,97.2,-4.450000000000003,-4.3777668470241045,0,0,1,99.27,98.63,104.89,1.143140411331575,99.94,767503.0,51.54798761609906,100.33,1129097.0,50.76219512195121,99.63,1089429.0,51.00492984452029,96.27,959492.0,40.751211631663985,107.76,1392611.0,76.44766146993317,1.0207873066880901,1.0051021417129749,0.9962287376463715,1.962931481233913,3.312584298826057,1,1,0,1,0,0
2024-07-06 01:19:21.305279,101.17,101.17,96.18,97.2,1430098,99.75,99.151,100.9515,101.7224,99.94076151052577,100.97700286910712,-1.03624135858135,-0.9300670102129676,-0.10617434836838235,37.56438557763063,100.9515,107.80670401630834,94.09629598369165,13.710408032616698,0.22637575839644788,12.471308339709324,30.808467227748082,-87.52869166029068,5.469999999999999,3.211428571428572,0.8822003113648247,-9.107910978118566,1142848.95,1.2513447205774657,0.8500000000000085,-9.739999999999995,-73.15675703831022,42.11157747294938,97.71,0.5099999999999909,0.524691358024682,1,0,0,96.38,99.35,105.46,1.243149226770175,101.65,1264167.0,53.491827637444295,99.94,767503.0,51.54798761609906,100.33,1129097.0,50.76219512195121,96.35,1167536.0,42.53450439146799,106.94,1020349.0,74.13606911447081,0.974436090225564,0.9628385908084576,0.9555417489166596,1.6201388829415626,3.427602008154178,1,-1,0,1,0,0
2024-07-07 01:19:21.305279,96.62,98.59,96.0,97.71,729096,99.366,98.65899999999999,100.841,101.4924,99.59756743198336,100.73500265658068,-1.1374352245973114,-0.9715406530898363,-0.1658945715074751,34.30120015485869,100.841,107.83603252315147,93.84596747684851,13.99006504630296,0.27619832433678326,16.373374139250185,25.121142565672073,-83.62662586074981,2.5900000000000034,3.182142857142858,-1.927130382414937,-4.7939199064601015,1115541.85,0.6535801413456608,-1.9200000000000017,-4.920000000000002,-85.76646901348504,37.62564396530009,99.27,1.5600000000000023,1.5965612526865236,1,0,0,98.63,98.57,104.55,1.2055704044224327,97.2,1430098.0,37.56438557763063,101.65,1264167.0,53.491827637444295,99.94,767503.0,51.54798761609906,99.63,1089429.0,51.00492984452029,102.63,1416023.0,55.58809175207416,0.9833343397137854,0.9689511210717863,0.9627321848729559,1.8647600381870002,3.4975162615757394,-1,-1,0,1,0,0
2024-07-08 01:19:21.305279,96.95,99.48,96.95,99.27,1392120,99.154,98.525,100.8495,101.29039999999999,99.54717244244746,100.6264839412784,-1.0793114988309327,-0.9930948222380558,-0.0862166765928769,38.95327102803738,100.8495,107.83603283486012,93.86296716513989,13.973065669720228,0.38696109806291096,28.309104820198932,19.051262433052823,-71.69089517980106,2.530000000000001,3.307857142857144,-1.0565135054320764,-1.3318755590895572,1139104.1,1.222118329659247,-1.0600000000000023,-1.3400000000000034,-55.35011381472465,45.934912513165436,96.38,-2.8900000000000006,-2.9112521406265746,0,0,1,99.35,99.87,102.82,1.3320660644349678,97.71,729096.0,34.30120015485869,97.2,1430098.0,37.56438557763063,101.65,1264167.0,53.491827637444295,100.33,1129097.0,50.76219512195121,100.61,1299805.0,49.339407744874705,1.0011698973314238,0.9843380482798625,0.9800533910419942,1.7863734212138307,3.493266417430058,-1,1,0,1,0,0
2024-07-09 01:19:21.305279,99.09,99.09,92.55,96.38,1143798,98.442,98.473,100.672,101.0182,99.05991514360939,100.31192957525778,-1.2520144316483908,-1.044878744120123,-0.20713568752826772,28.972653362897262,100.672,107.9319277943306,93.41207220566939,14.519855588661216,0.20440477360176418,25.180802103879003,23.287760354442714,-74.819197896121,6.719999999999999,3.4692857142857156,-3.562137282369424,-0.5366357069143552,1127172.6,1.0147496488115484,-3.5600000000000023,-0.5200000000000102,-107.5089568130068,37.653480426208155,98.63,2.25,2.3345092342809712,1,1,0,98.57,104.46,104.58,2.454481615335325,99.27,1392120.0,38.95327102803738,97.71,729096.0,34.30120015485869,97.2,1430098.0,37.56438557763063,99.94,767503.0,51.54798761609906,96.9,1056649.0,40.489566613162125,0.9790536559598546,0.9573664971392244,0.9540855014244958,2.0800889404107896,3.6299638971653057,-1,-1,0,1,0,0
2024-07-10 01:19:21.305279,96.19,98.9,96.19,98.63,1071700,97.838,98.709,100.64649999999999,100.82959999999999,98.99377435228487,100.18734219931275,-1.1935678470278788,-1.0746165647016743,-0.11895128232620444,35.41593541593541,100.64649999999999,107.9326202584777,93.36037974152228,14.572240516955418,0.36162045584865893,39.97370151216302,31.15453614541366,-60.02629848783698,2.710000000000008,3.5650000000000017,-2.9709788489916478,2.4514386620961877,1129509.0,0.9488193542503867,-3.0200000000000102,2.3599999999999994,-60.79784753911605,37.489002144185086,99.35,0.7199999999999989,0.7300010138902959,1,0,0,99.87,104.89,102.84,3.003834216467179,96.38,1143798.0,28.972653362897262,99.27,1392120.0,38.95327102803738,97.71,729096.0,34.30120015485869,101.65,1264167.0,53.491827637444295,96.27,959492.0,40.751211631663985,1.0080950142071587,0.9799645293179594,0.9781849774272635,1.143140411331575,3.643060129238858,-1,-1,0,1,0,0
2024-07-11 01:19:21.305279,99.47,100.54,98.12,99.35,1112813,98.268,99.00899999999999,100.6255,100.6268,99.04857829808721,100.1253168512155,-1.076738553128294,-1.0750409623869983,-0.001697590741295718,43.41365461847389,100.6255,107.92466642680947,93.32633357319054,14.598332853618928,0.4126270093448505,53.083528493364526,39.41267736980219,-46.916471506635474,2.4200000000000017,3.2842857142857156,2.211934156378592,3.1136481577581736,1132215.6,0.982863157864986,2.1499999999999915,3.0,-27.508275311037853,45.55962984184074,98.57,-0.7800000000000011,-0.7851031706089594,0,0,0,104.46,105.46,103.04,3.1845172318608768,98.63,1071700.0,35.41593541593541,96.38,1143798.0,28.972653362897262,99.27,1392120.0,38.95327102803738,97.2,1430098.0,37.56438557763063,96.35,1167536.0,42.53450439146799,1.0110107054178368,0.9873242865873958,0.9873115313216757,1.243149226770175,3.6495832134047346,1,-1,0,1,0,0
2024-07-12 01:19:21.305279,100.0,100.0,98.41,98.57,1307785,98.44,98.90299999999999,100.356,100.48,98.97495086761225,100.0101081955699,-1.0351573279576485,-1.0670642355011284,0.03190690754347991,45.68892645815722,100.356,107.53379147971451,93.17820852028548,14.355582959429029,0.3755884727880785,63.235294117647044,52.097508041058205,-36.764705882352956,1.5900000000000034,2.855714285714287,0.8801555623784664,-1.063936565291581,1134073.0,1.153175324692502,0.8599999999999994,-1.0600000000000023,-32.17724369839583,45.623002752293445,99.87,1.3000000000000114,1.3188596936187595,1,0,0,104.89,104.55,102.11,2.256995790873067,99.35,1112813.0,43.41365461847389,98.63,1071700.0,35.41593541593541,96.38,1143798.0,28.972653362897262,97.71,729096.0,34.30120015485869,99.63,1089429.0,51.00492984452029,1.001320601381552,0.9822033560524532,0.9809912420382164,1.2055704044224327,3.5888957398572563,1,-1,0,1,0,0
2024-07-13 01:19:21.305279,99.0,99.96,99.0,99.87,928392,98.56,98.857,100.0585,100.361,99.11265073413344,99.99972981071286,-0.8870790765794254,-1.0310672037167878,0.14398812713736242,56.98823529411763,100.0585,106.76017386788742,93.35682613211257,13.403347735774844,0.4859363493571934,76.89075630252111,64.40319297117757,-23.10924369747888,1.3900000000000006,2.652142857142859,0.604412209126633,-0.4584869929233467,1145773.8,0.8102751171304493,0.6000000000000085,-0.45999999999999375,-12.190972885292124,52.01612583166554,104.46,4.589999999999989,4.595974767197346,1,1,0,105.46,102.82,103.14,0.9848502424321727,98.57,1307785.0,45.68892645815722,99.35,1112813.0,43.41365461847389,98.63,1071700.0,35.41593541593541,99.27,1392120.0,38.95327102803738,100.33,1129097.0,50.76219512195121,1.013291396103896,0.9981161020802831,0.9951076613425534,1.3320660644349678,3.3508369339437096,1,-1,0,1,0,0
2024-07-14 01:19:21.305279,99.3,107.3,99.3,104.46,1471474,100.176,99.309,100.0225,100.384,99.93531985195906,100.33012019510451,-0.3948003431454481,-0.9038138316025198,0.5090134884570717,66.24355414518047,100.0225,106.61518454225062,93.42981545774937,13.185369084501247,0.8365472723259649,80.74576271186439,73.62393771067752,-19.254237288135617,8.0,3.1021428571428586,8.383482050217886,4.522713628176903,1157496.85,1.271255295424778,8.079999999999998,4.519999999999996,101.16438356164379,59.661868831485485,104.89,0.4300000000000068,0.4116408194524285,1,0,0,104.55,104.58,103.88,0.9870410325912028,99.87,928392.0,56.98823529411763,98.57,1307785.0,45.68892645815722,99.35,1112813.0,43.41365461847389,96.38,1143798.0,28.972653362897262,99.94,767503.0,51.54798761609906,1.0427647340680402,1.0443650178709791,1.0406040803315268,2.454481615335325,3.296342271125312,1,-1,0,0,0,0
2024-07-15 01:19:21.305279,105.1,106.7,102.83,104.89,1127136,101.428,99.63300000000001,99.87899999999999,100.4416,100.69757833627305,100.66788906954122,0.029689266731836028,-0.7171132119356486,0.7468024786674846,66.7057902973396,99.87899999999999,105.85902605169018,93.8989739483098,11.960052103380377,0.91897810784484,83.66101694915257,80.43251198784604,-16.338983050847432,3.8700000000000045,3.3014285714285725,6.346953259657311,3.1874077717658578,1144223.1,0.985066636043268,6.260000000000005,3.239999999999995,141.84366462734275,66.87008266936934,105.46,0.5699999999999932,0.5434264467537355,1,0,0,102.82,102.84,106.08,1.1721774609753939,104.46,1471474.0,66.24355414518047,99.87,928392.0,56.98823529411763,98.57,1307785.0,45.68892645815722,98.63,1071700.0,35.41593541593541,101.65,1264167.0,53.491827637444295,1.03413258666246,1.0501707065549315,1.044288422327004,3.003834216467179,2.990013025845093,1,-1,0,0,0,0
2024-07-16 01:19:21.305279,105.2,106.48,105.03,105.46,1193265,102.65,100.45899999999999,99.805,100.5076,101.43025859223104,101.0228602495752,0.4073983426558385,-0.49221090101735115,0.8996092436731897,62.75711159737417,99.805,105.44403127178387,94.16596872821614,11.278062543567728,1.0014159105923057,87.52542372881354,83.97740112994352,-12.474576271186463,1.5900000000000034,3.1371428571428583,6.149974836436839,8.497942386831266,1152868.9,1.0350396302649851,6.109999999999999,8.259999999999991,173.84063158732008,67.25145899120675,104.55,-0.9099999999999966,-0.8628864024274575,0,0,0,104.58,103.04,105.05,0.9160676830992026,104.89,1127136.0,66.7057902973396,104.46,1471474.0,66.24355414518047,99.87,928392.0,56.98823529411763,99.35,1112813.0,43.41365461847389,97.2,1430098.0,37.56438557763063,1.027374573794447,1.0566604879515054,1.049273885755903,3.1845172318608768,2.819515635891934,1,-1,0,0,0,0
2024-07-17 01:19:21.305279,104.68,105.38,102.94,104.55,1122160,103.846,101.143,99.901,100.58939999999998,101.91021880881087,101.28412986071777,0.6260889480930985,-0.2685509311952612,0.8946398792883596,59.15004336513444,99.901,105.80182563357371,94.00017436642628,11.801651267147435,0.893927925403248,81.35593220338984,84.18079096045199,-18.64406779661017,2.519999999999996,3.2478571428571437,6.066754590646246,7.000307031010136,1138175.75,0.9859285791320014,5.980000000000004,6.840000000000003,131.2847786477573,60.08075251755182,102.82,-1.730000000000004,-1.6547106647537102,0,0,0,102.84,102.11,104.54,0.9107249859418396,105.46,1193265.0,62.75711159737417,104.89,1127136.0,66.7057902973396,104.46,1471474.0,66.24355414518047,98.57,1307785.0,45.68892645815722,97.71,729096.0,34.30120015485869,1.0067792693026212,1.0465360707100029,1.0393739300562486,2.256995790873067,2.9504128167868604,1,1,0,0,0,0
2024-07-18 01:19:21.305279,105.24,105.24,101.79,102.82,1091563,104.43599999999999,101.49799999999999,100.0115,100.6512,102.05018514591687,101.3978980191831,0.6522871267337678,-0.08438331960945535,0.7366704463432231,55.901639344262286,100.0115,106.04940578890856,93.97359421109144,12.07581157781712,0.7325723602013731,69.62711864406776,79.50282485875705,-30.37288135593223,3.4499999999999886,3.355714285714286,2.953839991989575,3.5761055706658578,1127763.65,0.9679004993643837,2.9499999999999886,3.549999999999997,93.47029915727765,58.771825006349076,104.58,1.7600000000000051,1.7117292355572897,1,0,0,103.04,103.14,102.55,0.8992330065220915,104.55,1122160.0,59.15004336513444,105.46,1193265.0,62.75711159737417,104.89,1127136.0,66.7057902973396,99.87,928392.0,56.98823529411763,99.27,1392120.0,38.95327102803738,0.9845264085181356,1.0280817705963814,1.0215476814980844,0.9848502424321727,3.0189528944542814,1,1,0,0,0,0
2024-07-19 01:19:21.305279,102.67,107.16,102.67,104.58,1005549,104.46,102.318,100.3955,100.70700000000001,102.43938743116044,101.63360927702138,0.8057781541390625,0.09364897514024828,0.7121291789988142,55.99182004089978,100.3955,106.57540112337432,94.21559887662568,12.359802246748643,0.8385571966655672,81.55932203389831,77.51412429378531,-18.44067796610169,4.489999999999995,3.5242857142857145,0.11487650775416863,8.507989209379542,1125208.65,0.8936555900099062,0.12000000000000455,8.200000000000003,116.38413715874437,58.19603107084728,102.84,-1.7399999999999949,-1.6637980493402131,0,0,0,102.11,103.88,101.69,0.6350747987589865,102.82,1091563.0,55.901639344262286,104.55,1122160.0,59.15004336513444,105.46,1193265.0,62.75711159737417,104.46,1471474.0,66.24355414518047,96.38,1143798.0,28.972653362897262,1.0011487650775417,1.0416801549870263,1.038458101224344,0.9870410325912028,3.0899505616871643,1,1,0,0,0,0
2024-07-20 01:19:21.305279,105.17,105.17,101.68,102.84,1183445,104.05,102.73899999999999,100.724,100.75040000000001,102.50102013405883,101.72297155279757,0.7780485812612596,0.23052889636445065,0.547519684896809,62.97148114075437,100.724,106.67477491636257,94.77322508363744,11.901549832725124,0.6777919707718851,69.76271186440682,73.6497175141243,-30.237288135593175,3.489999999999995,3.382857142857143,-1.9544284488511747,4.268478150664107,1136406.3,1.0413925019599064,-2.049999999999997,4.210000000000008,66.52873915523712,58.85569004032943,103.04,0.20000000000000284,0.19447685725398955,1,0,0,103.14,106.08,102.5,1.4967965793716687,104.58,1005549.0,55.99182004089978,102.82,1091563.0,55.901639344262286,104.55,1122160.0,59.15004336513444,104.89,1127136.0,66.7057902973396,98.63,1071700.0,35.41593541593541,0.9883709754925517,1.021007902783845,1.0207403643062458,1.1721774609753939,2.975387458181284,-1,1,0,0,0,0
2024-07-21 01:19:21.305279,103.68,103.68,102.78,103.04,804885,103.56599999999999,103.10799999999999,101.05850000000001,100.7632,102.5839401134344,101.82052921555331,0.7634108978810872,0.337105296667778,0.4263056012133092,62.43583761082597,101.05850000000001,106.71907194431705,95.39792805568297,11.321143888634083,0.675026483144458,71.11864406779668,74.1468926553673,-28.881355932203327,0.9000000000000057,3.2621428571428575,-2.294708894367521,3.7141419224962378,1118273.75,0.7197566785413679,-2.4199999999999875,3.690000000000012,57.363785445106956,58.420180535764864,102.11,-0.9300000000000068,-0.9025621118012488,0,0,0,103.88,105.05,104.11,1.5605672045825867,102.84,1183445.0,62.97148114075437,104.58,1005549.0,55.99182004089978,102.82,1091563.0,55.901639344262286,105.46,1193265.0,62.75711159737417,99.35,1112813.0,43.41365461847389,0.9949211131066181,1.0196074550878946,1.0225955507566256,0.9160676830992026,2.8302859721585207,-1,1,1,0,0,0
2024-07-22 01:19:21.305279,102.92,103.72,99.99,102.11,506261,103.078,103.46199999999999,101.18249999999999,100.8026,102.51102624982911,101.84197149588267,0.6690547539464404,0.40349518812351054,0.2655595658229299,56.82692307692309,101.18249999999999,106.81991962248217,95.5450803775178,11.274839244964369,0.5822628136728649,64.81355932203391,68.56497175141249,-35.18644067796608,3.730000000000004,3.3478571428571433,-2.3338115734098497,3.591356396469521,1089115.35,0.4648368972120354,-2.4399999999999977,3.5400000000000063,21.723146848472318,52.74271799542825,103.14,1.0300000000000011,1.0087160904906485,1,0,0,106.08,104.54,102.24,1.1210798365944703,103.04,804885.0,62.43583761082597,102.84,1183445.0,62.97148114075437,104.58,1005549.0,55.99182004089978,104.55,1122160.0,59.15004336513444,98.57,1307785.0,45.68892645815722,0.9906090533382487,1.009166604897092,1.012969903554075,0.9107249859418396,2.8187098112410944,-1,1,1,0,0,0
2024-07-23 01:19:21.305279,101.79,103.34,101.79,103.14,1188107,103.14200000000001,103.78899999999999,101.32300000000001,100.8404,102.60779144216309,101.93812175544693,0.669669686716162,0.45673008784204094,0.21293959887412106,67.84582893347414,101.32300000000001,107.01080079597416,95.63519920402585,11.37560159194831,0.659727816178625,62.556255625562585,66.16281967179775,-37.443744374437415,1.5499999999999972,2.9785714285714286,0.31122349737405897,3.274256533493537,1092065.85,1.087944467817577,0.3200000000000074,3.269999999999996,39.8129097560809,60.210051973401214,103.88,0.7399999999999949,0.7174713980996654,1,0,0,105.05,102.55,104.07,1.3186546174107525,102.11,506261.0,56.82692307692309,103.04,804885.0,62.43583761082597,102.84,1183445.0,62.97148114075437,102.82,1091563.0,55.901639344262286,99.87,928392.0,56.98823529411763,0.9999806092571405,1.0179327497211885,1.0228043522239103,0.8992330065220915,2.843900397987076,1,1,1,0,0,0
2024-07-24 01:19:21.305279,103.3,105.62,102.53,103.88,1252519,103.002,103.731,101.52,100.8336,102.80351583567645,102.08196458837679,0.7215512472996579,0.5096943197335644,0.21185692756609353,65.06024096385542,101.52,107.27859997604956,95.76140002395043,11.517199952099133,0.7049109166998411,62.74509803921564,63.37163766227072,-37.254901960784366,3.0900000000000034,3.005714285714286,-0.6693440428380215,-0.5552364541451257,1116316.65,1.1220104976486736,-0.7000000000000028,-0.5799999999999983,66.46065421935981,60.85100188815628,106.08,2.200000000000003,2.1178282633808267,1,1,0,104.54,101.69,106.94,1.8136620412906947,103.14,1188107.0,67.84582893347414,102.11,506261.0,56.82692307692309,103.04,804885.0,62.43583761082597,104.58,1005549.0,55.99182004089978,104.46,1471474.0,66.24355414518047,1.0085241063280326,1.0232466509062255,1.0302121515050537,0.6350747987589865,2.8792999880247825,-1,1,1,0,0,0
2024-07-25 01:19:21.305279,103.49,108.38,103.49,106.08,739921,103.65,103.85,101.7415,100.9728,103.30759032249546,102.37811535960813,0.9294749628873262,0.5936504483643168,0.33582451452300943,67.79481755684823,101.7415,107.85124122976453,95.63175877023548,12.219482459529047,0.8550477701792296,76.93079237713143,67.41071534730322,-23.06920762286858,4.890000000000001,3.182142857142857,3.150525087514581,1.1345218800648276,1090104.35,0.6787616249765446,3.239999999999995,1.1899999999999977,104.55411044933345,60.03514501021796,105.05,-1.0300000000000011,-0.9709653092006044,0,0,0,102.55,102.5,107.88,1.4481816184508025,103.88,1252519.0,65.06024096385542,103.14,1188107.0,67.84582893347414,102.11,506261.0,56.82692307692309,102.84,1183445.0,62.97148114075437,104.89,1127136.0,66.7057902973396,1.0234442836468884,1.0426423829017657,1.0505799581669517,1.4967965793716687,3.054870614882263,1,1,1,0,0,0
2024-07-26 01:19:21.305279,106.65,106.65,103.56,105.05,895057,104.05199999999999,103.809,102.134,101.12199999999999,103.57565334980384,102.57603274037788,0.9996206094259605,0.6748444805766456,0.32477612884931495,66.91022964509395,102.134,108.01979521076854,96.24820478923147,11.77159042153707,0.7477150406681616,64.49893390191897,68.05827477275535,-35.501066098081026,3.0900000000000034,3.289285714285714,1.9506987577639663,-0.38877299450028124,1063352.3,0.8417313810295985,2.009999999999991,-0.4099999999999966,77.16563241007003,61.44640760189247,104.54,-0.5099999999999909,-0.48548310328414174,0,0,0,101.69,104.11,111.98,1.1981110132282409,106.08,739921.0,67.79481755684823,103.88,1252519.0,65.06024096385542,103.14,1188107.0,67.84582893347414,103.04,804885.0,62.43583761082597,105.46,1193265.0,62.75711159737417,1.0095913581670704,1.0285507274756691,1.0388441684302132,1.5605672045825867,2.942897605384271,1,1,1,0,0,0
2024-07-27 01:19:21.305279,105.03,105.03,103.88,104.54,1172805,104.53799999999998,103.80799999999999,102.47550000000001,101.2376,103.72401437291094,102.72151179664618,1.0025025762647601,0.7403760997142685,0.2621264765504916,62.710941752857934,102.47550000000001,108.06565855155534,96.88534144844468,11.180317103110667,0.684654869889656,57.7092511013217,66.37965912679071,-42.2907488986783,1.1700000000000017,3.2735714285714286,2.3797865047497866,-0.009564801530359546,1085537.75,1.0803908017017372,2.430000000000007,-0.009999999999990905,57.69727562234095,54.22376404635165,102.55,-1.990000000000009,-1.903577577960598,0,0,0,102.5,102.24,110.31,0.9012047492212043,105.05,895057.0,66.91022964509395,106.08,739921.0,67.79481755684823,103.88,1252519.0,65.06024096385542,102.11,506261.0,56.82692307692309,104.55,1122160.0,59.15004336513444,1.0000191317989633,1.020146278866656,1.0326202912751785,1.1210798365944703,2.795079275777667,1,1,1,0,0,0
2024-07-28 01:19:21.305279,104.86,105.43,99.5,102.55,1602251,104.42,103.78099999999999,102.6395,101.32039999999999,103.54339677707848,102.70880721911684,0.8345895579616496,0.7592187913637448,0.07537076659790476,43.94419784400762,102.6395,108.02230488416598,97.25669511583402,10.765609768331956,0.49168649041475815,34.34684684684684,52.18501061669585,-65.65315315315317,5.930000000000007,3.125714285714286,-0.5720380065929836,-0.2625948259093523,1096044.3,1.461848759215298,-0.5900000000000034,-0.269999999999996,-2.5493066039294674,43.958164874420106,101.69,-0.8599999999999994,-0.8386153096050702,0,0,0,104.11,104.07,107.62,1.1056988740243927,104.54,1172805.0,62.710941752857934,105.05,895057.0,66.91022964509395,106.08,739921.0,67.79481755684823,103.14,1188107.0,67.84582893347414,102.82,1091563.0,55.901639344262286,0.9820915533422716,0.9991280160172253,1.0121357594324538,1.3186546174107525,2.6914024420829854,-1,1,1,0,0,0
2024-07-29 01:19:21.305279,101.77,104.74,96.46,101.69,1088017,103.982,103.492,102.905,101.3704,103.2582588113741,102.63334001770077,0.6249187936733307,0.7323587918256621,-0.1074399981523314,40.12345679012345,102.905,107.4458021549584,98.3641978450416,9.081604309916798,0.36621306560634165,43.875838926174524,45.310645624781024,-56.124161073825476,8.280000000000001,3.440714285714286,-2.1082017712745453,-2.763434691145535,1093255.25,0.9952085754904905,-2.1899999999999977,-2.8900000000000006,-66.72164061379617,36.52122895992924,102.5,0.8100000000000023,0.7965384993608047,1,0,0,102.24,106.94,103.84,1.871114641067897,102.55,1602251.0,43.94419784400762,104.54,1172805.0,62.710941752857934,105.05,895057.0,66.91022964509395,103.88,1252519.0,65.06024096385542,104.58,1005549.0,55.99182004089978,0.9779577234521359,0.9881929935377289,1.003152794109523,1.8136620412906947,2.2704010774792023,-1,1,1,0,0,0
2024-07-30 01:19:21.305279,101.42,102.96,101.42,102.5,934859,103.266,103.45800000000001,103.09850000000002,101.45960000000001,103.14160360962424,102.62346297935257,0.5181406302716738,0.6895151595148645,-0.17137452924319074,40.99756690997569,103.09850000000002,107.17872845077028,99.01827154922975,8.160456901540527,0.4266585183622462,50.67114093959736,42.96460890420625,-49.32885906040264,1.539999999999992,3.4371428571428564,-3.3748114630467554,-0.3306106573317808,1086413.2,0.860500406291087,-3.5799999999999983,-0.3400000000000034,-31.337008575565054,35.240477899733904,104.11,1.6099999999999994,1.5707317073170726,1,0,0,104.07,107.88,107.0,2.3087377503775626,101.69,1088017.0,40.12345679012345,102.55,1602251.0,43.94419784400762,104.54,1172805.0,62.710941752857934,106.08,739921.0,67.79481755684823,102.84,1183445.0,62.97148114075437,0.9925822632812348,0.9941948718943533,1.010254327830979,1.4481816184508025,2.0401142253851283,-1,1,1,0,0,0
2024-07-31 01:19:21.305279,102.55,105.03,102.55,104.11,1119818,103.078,103.56500000000001,103.3365,101.5766,103.29058766968204,102.73357683273385,0.5570108369481943,0.6630142950015305,-0.10600345805333622,48.71645274212369,103.3365,107.03339072770355,99.63960927229645,7.393781455407094,0.6046149395495503,64.17785234899333,52.90827740492174,-35.822147651006674,2.530000000000001,3.4378571428571427,-0.894811994288432,1.0384316770186268,1086763.45,1.0304155885993407,-0.9399999999999977,1.0699999999999932,29.765448267650296,42.96984489135262,102.24,-1.8700000000000045,-1.7961771203534767,0,0,0,106.94,111.98,108.45,3.7452129445491065,102.5,934859.0,40.99756690997569,101.69,1088017.0,40.12345679012345,102.55,1602251.0,43.94419784400762,105.05,895057.0,66.91022964509395,103.04,804885.0,62.43583761082597,1.010011835697239,1.0074852544841368,1.024940783605673,1.1981110132282409,1.8484453638517757,-1,1,1,0,0,0
2024-08-01 01:19:21.305279,104.38,104.38,101.91,102.24,1454408,102.61800000000001,103.578,103.52000000000001,101.6614,103.12895879742327,102.69701558586468,0.4319432115585897,0.6168000783129424,-0.18485686675435264,48.32175925925927,103.52000000000001,106.51921393209545,100.52078606790457,5.998427864190887,0.28661075385413987,48.48993288590604,54.44630872483225,-51.51006711409396,2.469999999999999,3.3678571428571433,-2.2001147885976766,0.12731368132405785,1094094.6,1.3293256360099026,-2.3000000000000114,0.12999999999999545,-34.31440283727248,41.94548717514528,104.07,1.8299999999999983,1.7899061032863834,1,0,0,107.88,110.31,108.39,3.0610831416375954,104.11,1119818.0,48.71645274212369,102.5,934859.0,40.99756690997569,101.69,1088017.0,40.12345679012345,104.54,1172805.0,62.710941752857934,102.11,506261.0,56.82692307692309,0.9963164357130326,0.9876352395672332,1.0056914423763592,0.9012047492212043,1.4996069660477185,-1,1,1,0,0,0
2024-08-02 01:19:21.305279,102.25,104.57,102.25,104.07,1049728,102.922,103.671,103.72999999999999,101.736,103.27373436705047,102.79871813505989,0.47501623199057974,0.5884433090484699,-0.11342707705789012,48.53025936599422,103.72999999999999,106.1934421788161,101.26655782118388,4.926884357632218,0.5690091293645467,63.842281879194616,58.83668903803133,-36.157718120805384,2.3299999999999983,3.2135714285714294,1.4822038030229119,0.9016870273414703,1100161.4,0.9541581807905641,1.519999999999996,0.9299999999999926,-2.3323937434368336,42.07288915866879,106.94,2.8700000000000045,2.7577592005381035,1,1,0,111.98,107.62,109.05,2.1203961893989858,102.24,1454408.0,48.32175925925927,104.11,1119818.0,48.71645274212369,102.5,934859.0,40.99756690997569,102.55,1602251.0,43.94419784400762,103.14,1188107.0,67.84582893347414,1.0111540778453585,1.0032777402872843,1.0229417315404576,1.1056988740243927,1.2317210894080566,1,1,1,0,0,0
2024-08-03 01:19:21.305279,103.84,107.68,103.84,106.94,1116289,103.97200000000001,103.977,103.854,101.8568,103.83777523365808,103.10547975468508,0.7322954789730005,0.6172137430333761,0.11508173593962445,61.09307359307356,103.854,106.69317259999826,101.01482740000174,5.678345199996528,1.0434681921067224,87.91946308724835,66.75055928411633,-12.080536912751658,3.8400000000000034,3.2385714285714298,5.1627495328940896,2.945706584520603,1082402.15,1.0313070793512376,5.25,3.0600000000000023,139.70363806429498,49.842947205717316,107.88,0.9399999999999977,0.878997568730127,1,0,0,110.31,103.84,106.65,3.086645428295555,104.07,1049728.0,48.53025936599422,102.24,1454408.0,48.32175925925927,104.11,1119818.0,48.71645274212369,101.69,1088017.0,40.12345679012345,103.88,1252519.0,65.06024096385542,1.0285461470395876,1.0297147919194254,1.0499053573251858,1.871114641067897,1.4195862999991313,1,1,1,0,0,0
2024-08-04 01:19:21.305279,107.47,108.85,107.17,107.88,991138,105.048,104.157,104.00349999999999,101.9816,104.45965596694144,103.45914792100469,1.0005080459367548,0.6938726036140519,0.3066354423227029,62.591050988553555,104.00349999999999,107.3431392808603,100.66386071913968,6.679278561720622,1.0803770518295912,92.17110573042777,81.31095023229024,-7.828894269572226,1.9099999999999966,3.3107142857142864,5.248780487804874,1.6968325791855179,1075602.25,0.9214725982583246,5.3799999999999955,1.7999999999999972,207.5219278435224,55.902058514529315,111.98,4.1000000000000085,3.8005190952910723,1,1,0,107.62,107.0,111.92,3.1430081132599517,106.94,1116289.0,61.09307359307356,104.07,1049728.0,48.53025936599422,102.24,1454408.0,48.32175925925927,102.5,934859.0,40.99756690997569,106.08,739921.0,67.79481755684823,1.0269591044094128,1.037272784088997,1.057837884481122,2.3087377503775626,1.6698196404301575,1,1,1,0,0,0
2024-08-05 01:19:21.305279,107.61,114.06,107.61,111.98,1189693,106.622,104.85,104.32949999999998,102.20419999999999,105.61663197202738,104.09032214907842,1.52630982294896,0.8603600474810337,0.6659497754679263,72.04108977221973,104.32949999999998,109.19301172669903,99.46598827330094,9.72702345339809,1.286520155590594,88.1818181818182,89.42412899983144,-11.818181818181802,6.450000000000003,3.5050000000000003,7.559312265872639,6.596858638743462,1075423.65,1.1062551953362751,7.8700000000000045,6.930000000000007,287.96864489381386,61.188039385124824,110.31,-1.6700000000000017,-1.4913377388819447,0,0,0,103.84,108.45,112.26,2.368697954577158,107.88,991138.0,62.591050988553555,106.94,1116289.0,61.09307359307356,104.07,1049728.0,48.53025936599422,104.11,1119818.0,48.71645274212369,105.05,895057.0,66.91022964509395,1.0502522931477556,1.073330170277822,1.0956496895430914,3.7452129445491065,2.4317558633495215,1,1,1,0,0,0
2024-08-06 01:19:21.305279,111.98,111.98,109.68,110.31,1174291,108.23599999999999,105.42699999999999,104.61749999999999,102.41199999999999,106.33868859171547,104.55103902692446,1.7876495647910104,1.0458179509430292,0.7418316138479812,65.56665219279199,104.61749999999999,110.16943991700694,99.06556008299304,11.103879834013895,1.0126586459052351,78.69318181818183,86.34870191014261,-21.306818181818173,2.299999999999997,3.558571428571429,7.893192488262918,5.519418404438489,1078030.2,1.0892932313027965,8.070000000000007,5.769999999999996,203.115699482009,53.53213260019117,107.62,-2.6899999999999977,-2.4385821774997716,0,0,1,107.0,108.39,112.57,1.8964835881225226,111.98,1189693.0,72.04108977221973,107.88,991138.0,62.591050988553555,106.94,1116289.0,61.09307359307356,102.24,1454408.0,48.32175925925927,104.54,1172805.0,62.710941752857934,1.0191618315532727,1.0544125026883648,1.0771198687653791,3.0610831416375954,2.775969958503473,1,1,1,0,0,0
2024-08-07 01:19:21.305279,111.28,111.28,107.37,107.62,1568866,108.946,105.934,104.8575,102.58239999999999,106.53581342375925,104.7783694693745,1.7574439543847546,1.1881431516313743,0.5693008027533804,57.48598879103284,104.8575,110.49657747213958,99.21842252786043,11.278154944279152,0.7449425472205702,63.409090909090935,76.76136363636367,-36.590909090909065,3.9099999999999966,3.617142857142857,3.411165561641214,4.94392979034618,1101895.35,1.4237885657653424,3.5500000000000114,5.070000000000007,118.83452590096047,44.58679827051601,103.84,-3.780000000000001,-3.5123582977141807,0,0,1,108.45,109.05,114.26,2.099054549081091,110.31,1174291.0,65.56665219279199,111.98,1189693.0,72.04108977221973,107.88,991138.0,62.591050988553555,104.07,1049728.0,48.53025936599422,102.55,1602251.0,43.94419784400762,0.9878288326326805,1.0263452781155378,1.0491078391614936,2.1203961893989858,2.819538736069789,1,1,1,0,0,0
2024-08-08 01:19:21.305279,107.76,107.76,103.39,103.84,1415359,108.326,106.149,104.8205,102.66059999999999,106.12107289702706,104.7088606197912,1.4122122772358665,1.2329569767522728,0.17925530048359373,45.7831325301205,104.8205,110.47692801551356,99.16407198448643,11.312856031027138,0.4133286946010071,41.931818181818215,61.344696969697,-58.068181818181785,4.3700000000000045,3.5800000000000005,-2.8988217692163776,2.114268856328062,1122385.85,1.2610271236045962,-3.0999999999999943,2.1500000000000057,5.1184293476626195,38.381240779677505,107.0,3.1599999999999966,3.043143297380582,1,1,0,108.39,106.65,115.41,1.0292327239346393,107.62,1568866.0,57.48598879103284,110.31,1174291.0,65.56665219279199,111.98,1189693.0,72.04108977221973,106.94,1116289.0,61.09307359307356,101.69,1088017.0,40.12345679012345,0.9585879659546186,0.9906459137287077,1.0114883411941875,3.086645428295555,2.8282140077567863,-1,-1,1,0,0,0
2024-08-09 01:19:21.305279,103.58,107.48,103.58,107.0,1253738,108.15,106.599,105.02849999999998,102.8178,106.2562924513306,104.8785746479548,1.3777178033757878,1.261909142076976,0.11580866129881184,53.398396653886365,105.02849999999998,110.68423123383914,99.37276876616082,11.311462467678325,0.6742922284040138,59.88636363636364,55.0757575757576,-40.11363636363636,3.9000000000000057,3.6378571428571433,-0.8157211716722241,4.390243902439024,1125900.5,1.113542448910894,-0.8799999999999955,4.5,31.739342033304215,44.912194982159704,108.45,1.4500000000000028,1.3551401869158906,1,0,0,109.05,111.92,115.99,1.9149203638840304,103.84,1415359.0,45.7831325301205,107.62,1568866.0,57.48598879103284,110.31,1174291.0,65.56665219279199,107.88,991138.0,62.591050988553555,102.5,934859.0,40.99756690997569,0.9893666204345816,1.0187710954645646,1.0406758362851567,3.1430081132599517,2.82786561691958,-1,1,1,0,0,0
2024-08-10 01:19:21.305279,106.77,108.57,106.77,108.45,1077510,107.444,107.03299999999999,105.299,102.9914,106.59378592035665,105.14312467403224,1.4506612463244153,1.2996595629264638,0.1510016833979515,56.59804252446843,105.299,111.07059614883211,99.5274038511679,11.543192297664206,0.7729747472575337,68.12500000000001,56.6477272727273,-31.874999999999982,1.7999999999999972,3.682857142857143,-3.1523486336845874,4.168667755258864,1139531.75,0.9455726003246508,-3.530000000000001,4.340000000000003,78.83879425855741,51.52656002512825,108.39,-0.060000000000002274,-0.055325034578148705,0,0,0,106.65,112.26,114.21,2.3933512069935805,107.0,1253738.0,53.398396653886365,103.84,1415359.0,45.7831325301205,107.62,1568866.0,57.48598879103284,111.98,1189693.0,72.04108977221973,104.11,1119818.0,48.71645274212369,1.009363017013514,1.029924310772182,1.0530005417928099,2.368697954577158,2.8857980744160496,-1,1,1,0,0,0
2024-08-11 01:19:21.305279,108.67,108.73,108.0,108.39,693478,107.06000000000002,107.648,105.61300000000001,103.08,106.87012654799409,105.38363395743727,1.4864925905568214,1.3370261684525355,0.14946642210428585,60.541516245487365,105.61300000000001,111.33721302335901,99.88878697664101,11.448426046717998,0.7425660949957474,67.7840909090909,65.26515151515153,-32.215909090909086,0.730000000000004,3.3114285714285714,-1.7405493608920333,6.015258215962447,1148892.6,0.6036055937691651,-1.9200000000000017,6.150000000000006,81.38817639900076,58.59890410502855,109.05,0.6599999999999966,0.6089122612787127,1,0,0,111.92,112.57,115.34,2.565316744579016,108.45,1077510.0,56.59804252446843,107.0,1253738.0,53.398396653886365,103.84,1415359.0,45.7831325301205,110.31,1174291.0,65.56665219279199,102.24,1454408.0,48.32175925925927,1.0124229404072482,1.0262941115203619,1.05151338766007,1.8964835881225226,2.8621065116794973,-1,1,1,0,0,0
2024-08-12 01:19:21.305279,107.09,110.04,107.09,109.05,1237615,107.346,108.146,105.9085,103.14460000000001,107.20549169445654,105.65521662725672,1.55027506719982,1.3796759482019925,0.17059911899782754,63.381818181818176,105.9085,111.70491005050843,100.11208994949158,11.592820101016855,0.7709866945769683,60.363924050632875,65.42433831990793,-39.636075949367125,2.950000000000003,2.9307142857142856,1.3287493031035054,4.785240703372734,1151368.0,1.074908283016377,1.4299999999999926,4.980000000000004,82.19359101420562,65.51494701773328,106.65,-2.3999999999999915,-2.2008253094910515,0,0,1,112.26,114.26,119.74,2.873755382773091,108.39,693478.0,60.541516245487365,108.45,1077510.0,56.59804252446843,107.0,1253738.0,53.398396653886365,107.62,1568866.0,57.48598879103284,104.07,1049728.0,48.53025936599422,1.0158739030797608,1.0296623972580103,1.0572536031939626,2.099054549081091,2.898205025254212,1,1,1,0,0,0
2024-08-13 01:19:21.305279,109.63,109.82,103.4,106.65,1204530,107.90799999999999,108.117,106.047,103.17399999999999,107.1200314337709,105.72890428449698,1.3911271492739274,1.3819661884163796,0.009160960857547806,57.13303540735649,106.047,111.77125347924843,100.32274652075156,11.448506958496864,0.5526706235307368,39.0123456790124,55.72012021291207,-60.987654320987595,6.4199999999999875,3.279285714285714,2.706086286594763,-0.2711801009912026,1148968.55,1.0483576769790608,2.8100000000000023,-0.28999999999999204,19.461745930108446,58.89453291510668,111.92,5.269999999999996,4.941397093295823,1,1,0,112.57,115.41,123.03,1.4909158259328514,109.05,1237615.0,63.381818181818176,108.39,693478.0,60.541516245487365,108.45,1077510.0,56.59804252446843,103.84,1415359.0,45.7831325301205,106.94,1116289.0,61.09307359307356,0.9883419208955779,1.0056861580242724,1.0336906584992345,1.0292327239346393,2.8621267396242174,1,1,1,0,0,0
2024-08-14 01:19:21.305279,104.97,112.55,104.97,111.92,1458054,108.89200000000001,108.521,106.33899999999998,103.2572,107.85848813626768,106.18750396712684,1.6709841691408371,1.4397697845612714,0.23121438457956578,61.92366412213741,106.33899999999998,112.637360354715,100.04063964528497,12.59672070943003,0.9430518171147532,82.38683127572017,60.587700335121816,-17.61316872427983,7.579999999999998,3.6399999999999997,4.598130841121497,3.7449017426770546,1184875.2,1.2305549141377927,4.920000000000002,4.040000000000006,98.75894880944374,59.88696821795413,112.26,0.3400000000000034,0.30378842030021747,1,0,0,114.26,115.99,127.01,1.661345839979411,106.65,1204530.0,57.13303540735649,109.05,1237615.0,63.381818181818176,108.39,693478.0,60.541516245487365,107.0,1253738.0,53.398396653886365,107.88,991138.0,62.591050988553555,1.0278073687690554,1.0524830965120984,1.0838953603235417,1.9149203638840304,3.1491801773575108,1,1,1,0,0,0
2024-08-15 01:19:21.305279,112.06,113.48,111.05,112.26,1669465,109.654,108.549,106.69949999999999,103.3636,108.53564380761111,106.63731848808041,1.8983253195306986,1.531480891555157,0.3668444279755416,66.04740550928892,106.69949999999999,113.49310217603791,99.90589782396206,13.587204352075844,0.9092453352370821,84.75867908552077,68.71928534675112,-15.241320914479228,2.430000000000007,3.6371428571428575,3.513139695712312,0.2500446508305065,1223595.6,1.3643927781368288,3.8100000000000023,0.28000000000000114,140.7389303026601,68.78945405459953,112.57,0.30999999999998806,0.27614466417244615,1,0,0,115.41,114.21,125.77,1.3147319118424228,111.92,1458054.0,61.92366412213741,106.65,1204530.0,57.13303540735649,109.05,1237615.0,63.381818181818176,108.45,1077510.0,56.59804252446843,111.98,1189693.0,72.04108977221973,1.023765662903314,1.0521136462682583,1.0860689836654296,2.3933512069935805,3.396801088018963,1,1,1,0,0,0
2024-08-16 01:19:21.305279,112.33,113.07,111.99,112.57,1086629,110.49000000000001,108.775,107.101,103.5624,109.15631399105557,107.07677637785224,2.0795376132033283,1.6410922358847915,0.43844537731853683,64.30976430976432,107.101,114.29459627504718,99.90740372495281,14.387192550094369,0.8801297564453686,86.03561387066534,84.3937080773021,-13.964386129334667,1.0799999999999983,3.547857142857143,3.8564443214318596,2.048771643549987,1219286.8,0.8912004952403323,4.179999999999993,2.259999999999991,128.80761904761937,69.01563301629672,114.26,1.690000000000012,1.5012880874122876,1,0,0,115.99,115.34,123.35,0.7788902361801232,112.26,1669465.0,66.04740550928892,111.92,1458054.0,61.92366412213741,106.65,1204530.0,57.13303540735649,108.39,693478.0,60.541516245487365,110.31,1174291.0,65.56665219279199,1.0188252330527647,1.0510639489827358,1.0869775130742432,2.565316744579016,3.596798137523595,1,1,1,0,0,0
2024-08-17 01:19:21.305279,112.85,117.39,110.85,114.26,999795,111.53200000000001,109.43900000000001,107.6865,103.8354,109.94149645397009,107.60886701652986,2.3326294374402323,1.7793996761958801,0.5532297612443522,62.83309957924264,107.6865,115.21868574553332,100.15431425446667,15.064371491066652,0.9363607206512513,77.64285714285718,82.81238336634777,-22.357142857142826,6.540000000000006,3.740714285714286,4.777624942686849,6.169856903921205,1189164.0,0.8407545132546899,5.210000000000008,6.640000000000001,148.30861523079477,68.94308750988593,115.41,1.1499999999999915,1.006476457202863,1,0,0,114.21,119.74,123.1,2.1142540055576364,112.57,1086629.0,64.30976430976432,112.26,1669465.0,66.04740550928892,111.92,1458054.0,61.92366412213741,109.05,1237615.0,63.381818181818176,107.62,1568866.0,57.48598879103284,1.0244593479898145,1.0610429348154133,1.1003954335419326,2.873755382773091,3.7660928727666594,1,1,1,0,0,0
2024-08-18 01:19:21.305279,114.11,116.62,114.11,115.41,1015930,113.28399999999999,110.596,108.37249999999999,104.20559999999999,110.78280469182084,108.18672871900914,2.596075972811704,1.942734935519045,0.6533410372926589,63.10476853463279,108.37249999999999,116.101708783634,100.64329121636598,15.458417567268015,0.9552535839697694,85.85714285714283,83.17853795688846,-14.14285714285717,2.510000000000005,3.7835714285714297,8.213783403656812,11.14214175654853,1185559.65,0.8569201895492986,8.759999999999991,11.569999999999993,160.49935621116234,69.11262025481611,115.99,0.5799999999999983,0.502556104323714,1,0,0,115.34,123.03,123.3,3.6481872210751773,114.26,999795.0,62.83309957924264,112.57,1086629.0,64.30976430976432,112.26,1669465.0,66.04740550928892,106.65,1204530.0,57.13303540735649,103.84,1415359.0,45.7831325301205,1.0187669926909362,1.0649380608549217,1.1075220525576361,1.4909158259328514,3.8646043918170068,1,1,1,0,0,0
2024-08-19 01:19:21.305279,115.87,120.03,114.67,115.99,1279465,114.098,111.495,109.047,104.6,111.58391166230994,108.76474881389734,2.819162848412603,2.1180205180977567,0.7011423303148461,57.95319317731058,109.047,116.97043917885443,101.12356082114556,15.846878357708874,0.9381304534102456,75.72115384615381,79.74038461538463,-24.27884615384619,5.359999999999999,3.7057142857142864,3.6365260900643257,8.4018691588785,1202789.95,1.0637476643365702,4.069999999999993,8.989999999999995,168.89983649374614,69.39495787588906,114.21,-1.7800000000000011,-1.5346150530218132,0,0,0,119.74,127.01,126.06,5.327722778074681,115.41,1015930.0,63.10476853463279,114.26,999795.0,62.83309957924264,112.57,1086629.0,64.30976430976432,111.92,1458054.0,61.92366412213741,107.0,1253738.0,53.398396653886365,1.0165822363231607,1.0636697937586546,1.1088910133843213,1.661345839979411,3.961719589427221,1,1,1,0,0,0
2024-08-20 01:19:21.305279,116.01,116.01,113.6,114.21,1175748,114.48799999999999,112.071,109.55199999999999,104.9572,111.9879252527238,109.16810075360864,2.819824499115157,2.258381314301237,0.5614431848139199,57.70142180094786,109.55199999999999,117.43791442483004,101.66608557516994,15.771828849660096,0.7953367072646358,65.02403846153841,75.5341117216117,-34.97596153846158,2.410000000000011,3.7135714285714303,1.7370390165686695,5.3112033195020665,1205586.45,0.9752498462470278,1.9499999999999886,5.759999999999991,106.04893532327993,69.21871294949878,115.34,1.1300000000000097,0.9894054811312579,1,0,0,123.03,125.77,121.85,4.734941393514311,115.99,1279465.0,57.95319317731058,115.41,1015930.0,63.10476853463279,114.26,999795.0,62.83309957924264,112.26,1669465.0,66.04740550928892,108.45,1077510.0,56.59804252446843,0.9975717979176858,1.0425186212939974,1.088157839576513,1.3147319118424228,3.9429572124150236,1,1,1,0,0,0
2024-08-21 01:19:21.305279,115.28,116.25,114.24,115.34,811638,115.042,112.76599999999999,110.20700000000002,105.2714,112.50362905999707,109.62527847556355,2.8783505844335195,2.3823751683276937,0.49597541610582585,66.24579124579125,110.20700000000002,117.70221138355446,102.71178861644559,14.990422767108868,0.8424186281965654,71.81490384615387,70.85336538461537,-28.18509615384614,2.0400000000000063,3.5800000000000023,2.460691125521907,6.412030630131933,1173447.95,0.6916693663319281,2.7700000000000102,6.950000000000003,107.48736475836007,77.31243728578235,119.74,4.3999999999999915,3.814808392578456,1,1,0,127.01,123.35,125.64,2.80454987475974,114.21,1175748.0,57.70142180094786,115.99,1279465.0,57.95319317731058,115.41,1015930.0,63.10476853463279,112.57,1086629.0,64.30976430976432,108.39,693478.0,60.541516245487365,1.0025903583039237,1.0465759888210366,1.0956442110582743,0.7788902361801232,3.747605691777215,1,1,1,0,0,0
2024-08-22 01:19:21.305279,115.54,122.65,115.54,119.74,1565250,116.13799999999999,113.835,110.9905,105.6596,113.6169168969206,110.37451710700329,3.2423997899173145,2.554380092645618,0.6880196972716965,82.60869565217392,110.9905,119.04013935118613,102.94086064881387,16.09927870237226,1.0434715530895644,84.88311688311683,73.90735306360305,-15.116883116883173,7.310000000000002,3.7900000000000023,4.796079117801496,9.802842732691424,1199224.05,1.305218987227616,5.47999999999999,10.689999999999998,166.66254600716312,85.79847729513189,123.03,3.2900000000000063,2.7476198429931573,1,1,0,125.77,123.1,125.31,1.8265322335000609,115.34,811638.0,66.24579124579125,114.21,1175748.0,57.70142180094786,115.99,1279465.0,57.95319317731058,114.26,999795.0,62.83309957924264,109.05,1237615.0,63.381818181818176,1.031014827188345,1.0788310711277092,1.1332619089983305,2.1142540055576364,4.024819675593065,1,1,1,0,0,0
2024-08-23 01:19:21.305279,119.74,125.12,119.74,123.03,1140455,117.662,115.473,111.795,106.12140000000001,115.06508352816358,111.3119602842623,3.7531232439012854,2.7941287228967515,0.9589945210045339,82.70093839249287,111.795,121.23604030842033,102.35395969157967,18.882080616840653,1.0950085813096078,90.37753222836095,82.35851765254388,-9.622467771639059,5.38000000000001,3.895714285714288,6.6025474395633,15.35864978902953,1200432.35,0.9500368762971108,7.6200000000000045,16.379999999999995,193.1225117065822,85.8514068248204,127.01,3.980000000000004,3.234983337397386,1,1,0,123.35,123.3,124.3,1.7773097647891078,119.74,1565250.0,82.60869565217392,115.34,811638.0,66.24579124579125,114.21,1175748.0,57.70142180094786,115.41,1015930.0,63.10476853463279,106.65,1204530.0,57.13303540735649,1.0456222059798406,1.1004964443848115,1.15933261340314,3.6481872210751773,4.720520154210162,1,1,1,0,0,0
2024-08-24 01:19:21.305279,124.21,127.71,124.21,127.01,1698296,119.86600000000001,116.98200000000001,112.75150000000001,106.62859999999999,116.90276298536918,112.47477804098361,4.427984944385571,3.1208999671945157,1.3070849771910553,84.31952662721895,112.75150000000001,124.18785988277634,101.31514011722368,22.87271976555266,1.1233845448268,97.12052653229128,90.7937252145897,-2.879473467708716,4.679999999999993,4.101428571428573,9.500819036123813,13.48284488920658,1235790.25,1.3742591026268414,11.02000000000001,15.090000000000003,209.35895278453438,86.5610021210023,125.77,-1.240000000000009,-0.9763010786552312,0,0,0,123.1,126.06,121.85,1.4662639598703735,123.03,1140455.0,82.70093839249287,119.74,1565250.0,82.60869565217392,115.34,811638.0,66.24579124579125,115.99,1279465.0,57.95319317731058,111.92,1458054.0,61.92366412213741,1.0595998865399696,1.1264595149510206,1.1911438394577065,5.327722778074681,5.718179941388164,1,1,1,0,0,0
2024-08-25 01:19:21.305279,126.02,128.64,124.34,125.77,1313252,122.178,118.33300000000001,113.441,107.2,118.26695329531239,113.45960929720704,4.8073439981053525,3.4581887733766834,1.3491552247286691,80.7937632884479,113.441,126.26065579634638,100.62134420365362,25.639311592692763,0.9808631446841878,88.62916006339148,92.04240627468124,-11.37083993660853,4.299999999999983,4.356428571428572,10.121705629979864,12.034562622483511,1241968.2,1.0573958334843034,11.560000000000002,13.509999999999991,170.1555369776194,79.06375136069036,123.35,-2.4200000000000017,-1.9241472529220018,0,0,0,123.3,121.85,117.87,1.5405745681449299,127.01,1698296.0,84.31952662721895,123.03,1140455.0,82.70093839249287,119.74,1565250.0,82.60869565217392,114.21,1175748.0,57.70142180094786,112.26,1669465.0,66.04740550928892,1.0293997282653178,1.1086820461737819,1.1732276119402985,4.734941393514311,6.409827898173187,1,1,1,0,0,0
2024-08-26 01:19:21.305279,124.81,125.1,120.88,123.35,1103456,123.78,119.41099999999999,114.09299999999999,107.71279999999999,119.04896048064894,114.19223083074725,4.856729649901695,3.7378969486816858,1.118832701220009,73.84923282188124,114.09299999999999,127.55260834653299,100.63339165346699,26.919216693066005,0.84388073418141,79.04120443740096,88.26363034436126,-20.958795562599033,4.890000000000001,4.495,6.944685278307603,9.576263658168251,1238426.45,0.8910145612603801,8.009999999999991,10.780000000000001,112.59410304734226,72.45103923415292,123.1,-0.25,-0.20267531414673695,0,0,0,126.06,125.64,119.87,1.792707449645596,125.77,1313252.0,80.7937632884479,127.01,1698296.0,84.31952662721895,123.03,1140455.0,82.70093839249287,115.34,811638.0,66.24579124579125,112.57,1086629.0,64.30976430976432,0.9965260946841169,1.081135564846222,1.1451749467101404,2.80454987475974,6.729804173266499,1,1,1,0,0,0
2024-08-27 01:19:21.305279,124.24,124.24,122.99,123.1,1276360,124.452,120.29499999999999,114.86699999999999,108.1894,119.67219732977988,114.85206558402523,4.820131745754651,3.9543439080962792,0.8657878376583716,79.55443765720443,114.86699999999999,128.53802059871472,101.19597940128527,27.342041197429452,0.8011113888883328,76.59484579636673,81.42173676571974,-23.40515420363327,1.25,4.125714285714287,2.8060798396525803,7.736740766672491,1223801.15,1.0429472140960157,3.3599999999999994,8.83999999999999,103.67892644825415,79.01333422328156,123.3,0.20000000000000284,0.16246953696182198,1,0,0,121.85,125.31,120.11,1.7908573365890141,123.35,1103456.0,73.84923282188124,125.77,1313252.0,80.7937632884479,127.01,1698296.0,84.31952662721895,119.74,1565250.0,82.60869565217392,114.26,999795.0,62.83309957924264,0.9891363738630155,1.0716741971149242,1.13781941668962,1.8265322335000609,6.835510299357361,1,1,1,0,0,0
2024-08-28 01:19:21.305279,122.73,124.08,122.17,123.3,1029716,124.506,121.08400000000002,115.84,108.7278,120.23032081750604,115.47783850372706,4.752482313778984,4.11397158923282,0.6385107245461636,74.99999999999997,115.84,128.96567592244335,102.71432407755665,26.2513518448867,0.7841758414606397,69.98313659359195,75.2063956091199,-30.016863406408046,1.9099999999999966,3.720714285714287,0.21945866861740718,6.836495970886405,1204519.0,0.8548773410797172,0.269999999999996,7.890000000000001,89.78282094634835,72.47282974640198,126.06,2.760000000000005,2.238442822384432,1,1,0,125.64,124.3,117.07,1.6855770525296805,123.1,1276360.0,79.55443765720443,123.35,1103456.0,73.84923282188124,125.77,1313252.0,80.7937632884479,123.03,1140455.0,82.70093839249287,115.41,1015930.0,63.10476853463279,0.9903137198207315,1.0643991712707181,1.1340246008840424,1.7773097647891078,6.562837961221678,1,1,1,0,0,0
2024-08-29 01:19:21.305279,123.4,129.44,120.65,126.06,1394393,124.316,122.09100000000001,116.793,109.2764,121.12719453788974,116.26170231826579,4.865492219623945,4.2642757153110455,0.6012165043128999,77.40270055599679,116.793,129.98378322561706,103.60221677438295,26.381566451234107,0.8512679968086767,81.81818181818184,76.13205473604684,-18.181818181818155,8.789999999999992,4.175,-0.7479726005826335,8.681782912320033,1211551.75,1.1509149320282852,-0.9500000000000028,10.070000000000007,102.56859959583686,72.30245641745793,121.85,-4.210000000000008,-3.339679517689995,0,0,1,125.31,121.85,114.1,1.83849122924611,123.3,1029716.0,74.99999999999997,123.1,1276360.0,79.55443765720443,123.35,1103456.0,73.84923282188124,127.01,1698296.0,84.31952662721895,115.99,1279465.0,57.95319317731058,1.0140287654042923,1.0793455087205568,1.1535885149950036,1.4662639598703735,6.59539161280853,-1,1,1,0,0,0
2024-08-30 01:19:21.305279,126.71,126.71,121.49,121.85,1430439,123.532,122.85499999999999,117.463,109.7264,121.23839537821439,116.67565029469054,4.5627450835238506,4.323969588953607,0.23877549457024383,65.95598349381015,117.463,130.22374754450908,104.7022524554909,25.521495089018174,0.6718943182873214,59.17159763313609,70.32430534830331,-40.82840236686391,5.219999999999999,4.470714285714286,-3.1168005088653907,6.689431748533405,1229198.2,1.1637171287754897,-3.9200000000000017,7.640000000000001,70.37901837307476,64.56918079042171,125.64,3.7900000000000063,3.1103816167419014,1,1,0,124.3,117.87,113.39,3.226256344436238,126.06,1394393.0,77.40270055599679,123.3,1029716.0,74.99999999999997,123.1,1276360.0,79.55443765720443,125.77,1313252.0,80.7937632884479,114.21,1175748.0,57.70142180094786,0.9863840948094421,1.0373479308377958,1.110489362632876,1.5405745681449299,6.380373772254542,-1,1,1,0,0,0
2024-08-31 01:19:21.305279,122.0,127.73,122.0,125.64,1141638,123.99000000000001,123.88500000000002,118.3255,110.26780000000001,121.91556532002757,117.33967619878754,4.575889121240024,4.37435349541089,0.2015356258291341,68.24887748556765,118.3255,130.83351928027568,105.81748071972433,25.01603856055135,0.7923924178600557,76.01010101010102,72.33329348713967,-23.98989898989897,5.88000000000001,4.423571428571429,1.8565058775841154,8.93011964626322,1251606.2,0.912138338720278,2.2900000000000063,10.299999999999997,82.33797469612502,65.04969244491144,125.31,-0.3299999999999983,-0.26265520534861375,0,0,0,121.85,119.87,117.23,3.071416611274901,121.85,1430439.0,65.95598349381015,126.06,1394393.0,77.40270055599679,123.3,1029716.0,74.99999999999997,123.35,1103456.0,73.84923282188124,115.34,811638.0,66.24579124579125,1.013307524800387,1.061816768152258,1.1394078779117747,1.792707449645596,6.254009640137834,1,1,1,0,0,0
2024-09-01 01:19:21.305279,125.58,126.59,123.29,125.31,897891,124.43199999999999,124.44200000000001,119.1385,110.7766,122.43778604002334,117.9300705544329,4.507715485590438,4.4010258934468,0.10668959214363838,66.30434782608694,119.1385,131.21430490942467,107.06269509057532,24.15160981884935,0.755531620719684,73.92676767676771,69.7028221066683,-26.073232323232286,3.299999999999997,4.4799999999999995,1.7952883834281137,4.6517454484716945,1234620.0,0.7272610195849735,2.210000000000008,5.570000000000007,74.74375430176524,59.649889663024,124.3,-1.0100000000000051,-0.8060011172292756,0,0,0,117.87,120.11,116.68,2.4123847122744926,125.64,1141638.0,68.24887748556765,121.85,1430439.0,65.95598349381015,126.06,1394393.0,77.40270055599679,123.1,1276360.0,79.55443765720443,119.74,1565250.0,82.60869565217392,1.007056062749132,1.0518010550745562,1.1311955774053366,1.7908573365890141,6.0379024547123405,1,1,1,0,0,0
2024-09-02 01:19:21.305279,125.78,125.78,123.86,124.3,1286368,124.63200000000002,124.56899999999999,120.02099999999999,111.1734,122.72428049540436,118.40191718003047,4.322363315373892,4.385293377832219,-0.06293006245832711,63.49464111724584,120.02099999999999,130.75972853396877,109.2822714660312,21.477457067937564,0.6992321524128607,67.55050505050505,72.49579124579127,-32.44949494949495,1.9200000000000017,4.234285714285714,0.8110300081103,1.0322685523855937,1238711.9,1.0384723033661016,1.0,1.269999999999996,63.83471429136235,52.299457863290314,121.85,-2.450000000000003,-1.9710378117457787,0,0,0,119.87,117.07,113.23,1.9030712020353058,125.31,897891.0,66.30434782608694,125.64,1141638.0,68.24887748556765,121.85,1430439.0,65.95598349381015,123.3,1029716.0,74.99999999999997,123.03,1140455.0,82.70093839249287,0.9973361576481159,1.0356520942168455,1.1180732081595057,1.6855770525296805,5.369364266984391,1,1,1,0,0,0
2024-09-03 01:19:21.305279,124.48,125.65,119.46,121.85,1130465,123.78999999999999,124.053,120.51750000000001,111.5126,122.58977580380369,118.65733072225042,3.9324450815532686,4.294723718576429,-0.3622786370231603,62.14240305149395,120.51750000000001,130.5758578758093,110.45914212419073,20.11671575161857,0.5662384464965542,50.0657894736842,63.847687400318996,-49.9342105263158,6.190000000000012,4.5042857142857144,-3.339679517689995,-4.062672230533037,1222332.45,0.9248425009088158,-4.210000000000008,-5.160000000000011,26.587884014990095,52.21261236239245,117.87,-3.9799999999999898,-3.266311038161666,0,0,1,120.11,114.1,112.73,2.441757563726705,124.3,1286368.0,63.49464111724584,125.31,897891.0,66.30434782608694,125.64,1141638.0,68.24887748556765,126.06,1394393.0,77.40270055599679,127.01,1698296.0,84.31952662721895,0.9843282979239034,1.0110564855726345,1.0927016319232086,1.83849122924611,5.029178937904641,-1,1,1,0,0,0
2024-09-04 01:19:21.305279,121.77,121.77,117.23,117.87,1245241,122.994,123.26299999999999,120.798,111.7608,121.86365644937234,118.59900992800965,3.2646465213626925,4.088708279133682,-0.8240617577709894,53.686971728359076,120.798,130.1766938828031,111.4193061171969,18.75738776560621,0.3439015050182619,16.762589928057555,44.79296148408228,-83.23741007194245,4.61999999999999,4.688571428571428,-3.266311038161666,-6.281307147968507,1201121.25,1.036732136743064,-3.9799999999999898,-7.8999999999999915,-32.31221732012538,46.61466493494005,119.87,2.0,1.6967845931958936,1,0,0,117.07,113.39,112.17,3.1350311003268887,121.85,1130465.0,62.14240305149395,124.3,1286368.0,63.49464111724584,125.31,897891.0,66.30434782608694,121.85,1430439.0,65.95598349381015,125.77,1313252.0,80.7937632884479,0.9583394311917655,0.9757611880991407,1.0546631734919578,3.226256344436238,4.689346941401556,-1,1,1,0,0,0
2024-09-05 01:19:21.305279,116.66,119.98,116.66,119.87,978609,121.84,122.915,121.16299999999998,112.06720000000001,121.55694007254584,118.69315734074966,2.863782731796178,3.843723169666181,-0.979940437870003,50.203697900344736,121.16299999999998,129.7261550997934,112.59984490020655,17.126310199586854,0.42450212655664954,25.11737089201884,30.64858343125354,-74.88262910798116,3.3200000000000074,4.403571428571428,-4.592486469277297,-2.8212403729225697,1195720.25,0.8184263835959958,-5.769999999999996,-3.4799999999999898,-43.66647671917801,39.320036084671415,120.11,0.23999999999999488,0.20021690164344277,1,0,0,114.1,117.23,106.18,2.7041634566011297,117.87,1245241.0,53.686971728359076,121.85,1130465.0,62.14240305149395,124.3,1286368.0,63.49464111724584,125.64,1141638.0,68.24887748556765,123.35,1103456.0,73.84923282188124,0.9838312541037426,0.9893284253443709,1.0696260814939607,3.071416611274901,4.281577549896715,-1,1,1,0,0,0
2024-09-06 01:19:21.305279,119.83,120.64,119.49,120.11,1104383,120.8,122.61600000000001,121.4555,112.413,121.33433390753879,118.79810864884227,2.5362252586965184,3.5822235874722486,-1.0459983287757302,44.941094941094946,121.4555,129.40338942523422,113.50761057476578,15.895778850468446,0.41535488681258614,26.995305164319266,22.958421994798567,-73.00469483568072,1.1500000000000057,4.1014285714285705,-4.149708722368528,-2.4289195775792,1200949.65,0.9195914250027052,-5.200000000000003,-2.989999999999995,-29.09255146464495,39.11110581557121,117.07,-3.0400000000000063,-2.5310132378652956,0,0,1,113.39,116.68,106.11,1.8079076303885628,119.87,978609.0,50.203697900344736,117.87,1245241.0,53.686971728359076,121.85,1130465.0,62.14240305149395,125.31,897891.0,66.30434782608694,123.1,1276360.0,79.55443765720443,0.9942880794701987,0.988921868503279,1.0684707284744648,2.4123847122744926,3.973944712617112,-1,1,1,0,0,0
2024-09-07 01:19:21.305279,120.79,120.79,116.25,117.07,1665497,119.354,121.99299999999998,121.5385,112.66279999999999,120.6782825371482,118.67010060077988,2.008181936368331,3.2674152572514656,-1.2592333208831348,32.199140401146124,121.5385,129.25177297584887,113.82522702415112,15.426545951697747,0.21033697277463306,6.216830932524589,19.443168996287575,-93.78316906747541,4.540000000000006,4.091428571428572,-5.8165728077232535,-5.052716950527173,1233428.0,1.350299328375876,-7.230000000000004,-6.230000000000004,-77.19328307059638,29.15758415285768,114.1,-2.969999999999999,-2.536943708892115,0,0,1,117.23,113.23,105.68,1.8909600736180132,120.11,1104383.0,44.941094941094946,119.87,978609.0,50.203697900344736,117.87,1245241.0,53.686971728359076,124.3,1286368.0,63.49464111724584,123.3,1029716.0,74.99999999999997,0.9808636493121302,0.9632338723943441,1.0391185022917946,1.9030712020353058,3.856636487924438,-1,1,1,0,0,0
2024-09-08 01:19:21.305279,116.81,116.81,113.75,114.1,1040509,117.804,120.797,121.444,112.88799999999999,119.66623906989464,118.33157463035172,1.3346644395429195,2.880865093709757,-1.5462006541668374,30.320404721753803,121.444,129.48293263404398,113.40506736595601,16.07786526808796,0.04322294175603721,2.2307202039515257,11.814285433598469,-97.76927979604847,3.319999999999993,4.021428571428572,-6.3602790315962245,-9.48754561320007,1221480.2,0.8518427069059327,-7.75,-11.960000000000008,-137.19405324040684,29.819240141879362,113.39,-0.7099999999999937,-0.6222611744084082,0,0,0,116.68,112.73,107.2,2.1253046840435665,117.07,1665497.0,32.199140401146124,120.11,1104383.0,44.941094941094946,119.87,978609.0,50.203697900344736,121.85,1130465.0,62.14240305149395,126.06,1394393.0,77.40270055599679,0.9685579437031,0.9395276835413853,1.0107363050102758,2.441757563726705,4.019466317021992,-1,-1,1,0,0,0
2024-09-09 01:19:21.305279,114.38,114.38,112.52,113.39,1067000,116.90799999999999,119.951,121.40299999999999,113.095,118.7006638283724,117.9655320651405,0.7351317632319052,2.451718427614187,-1.7165866643822816,32.17609162491054,121.40299999999999,129.604009180516,113.20199081948398,16.402018361032006,0.011462563714883543,5.141843971631232,4.529798369369125,-94.85815602836877,1.8599999999999994,3.8050000000000006,-3.800797488758805,-6.942962659006971,1216042.8,0.8774362218171926,-4.480000000000004,-8.459999999999994,-162.46939489331962,30.037570458711116,117.23,3.8400000000000034,3.386542023106097,1,1,0,113.23,112.17,111.22,2.3631377446136312,114.1,1040509.0,30.320404721753803,117.07,1665497.0,32.199140401146124,120.11,1104383.0,44.941094941094946,117.87,1245241.0,53.686971728359076,121.85,1430439.0,65.95598349381015,0.969907961816129,0.933996688714447,1.0026084265440558,3.1350311003268887,4.100504590258004,-1,-1,1,0,0,0
2024-09-10 01:19:21.305279,112.52,117.42,112.52,117.23,1621248,116.38,119.10999999999999,121.49750000000002,113.3974,118.47440785477664,117.91104820846343,0.5633596463132164,2.074046671353993,-1.5106870250407765,40.691405011100564,121.49750000000002,129.44395203848615,113.55104796151387,15.892904076972272,0.23148393903771683,27.836879432624155,11.736481202735646,-72.16312056737584,4.900000000000006,4.065714285714287,-2.202385918077918,-6.693728112066218,1256523.3,1.2902649716085646,-2.6400000000000006,-8.409999999999997,-117.59639771602141,31.061547266744157,116.68,-0.5499999999999972,-0.46916318348545355,0,0,0,112.73,106.18,113.78,3.7964944356627552,113.39,1067000.0,32.17609162491054,114.1,1040509.0,30.320404721753803,117.07,1665497.0,32.199140401146124,119.87,978609.0,50.203697900344736,125.64,1141638.0,68.24887748556765,1.0073036604227532,0.9648758204901334,1.0337979530394876,2.7041634566011297,3.97322601924307,-1,1,1,0,0,0
2024-09-11 01:19:21.305279,117.93,119.11,115.3,116.68,1030989,115.694,118.247,121.3445,113.6682,118.19834510788792,117.81985945228095,0.37848565560696557,1.7349344682045873,-1.3564488125976217,39.61731493099124,121.3445,129.54713494250234,113.14186505749765,16.405269885004685,0.21567063311383874,24.58628841607571,19.188337273443707,-75.4137115839243,3.8100000000000023,4.201428571428573,-2.855715594038792,-6.886920437315454,1229810.25,0.8383317670347925,-3.4299999999999926,-8.629999999999995,-85.13976226744246,37.04826098386674,113.23,-3.450000000000003,-2.956804936578679,0,0,1,112.17,106.11,113.23,3.6153810310974013,117.23,1621248.0,40.691405011100564,113.39,1067000.0,32.17609162491054,114.1,1040509.0,30.320404721753803,120.11,1104383.0,44.941094941094946,125.31,897891.0,66.30434782608694,1.0085224817190175,0.9615598564417837,1.0264964167638795,1.8079076303885628,4.101317471251171,-1,-1,1,0,0,0
2024-09-12 01:19:21.305279,116.12,116.12,112.17,113.23,1386102,114.926,117.14000000000001,120.85449999999999,113.85519999999998,117.433984322059,117.4798698632231,-0.04588554116409682,1.3787704663308504,-1.4246560074949473,30.3039607000307,120.85449999999999,129.77281344688006,111.9361865531199,17.83662689376017,0.07253689021956983,6.81233933161955,19.74516906010648,-93.18766066838045,4.510000000000005,3.895714285714288,-3.280088835739292,-8.905872888173768,1242092.6,1.115940953194633,-3.839999999999989,-11.069999999999993,-125.62742300494547,28.748666016217655,112.73,-0.5,-0.44157908681444846,0,0,0,106.18,105.68,110.78,3.5489899971709375,116.68,1030989.0,39.61731493099124,117.23,1621248.0,40.691405011100564,113.39,1067000.0,32.17609162491054,117.07,1665497.0,32.199140401146124,124.3,1286368.0,63.49464111724584,0.9852426778970816,0.9369117409777875,0.9945088147049939,1.8909600736180132,4.459156723440045,-1,-1,0,0,0,0
2024-09-13 01:19:21.305279,112.68,113.61,111.82,112.73,831669,114.652,116.228,120.1405,113.98819999999999,116.71029442635762,117.1280276511325,-0.41773322477487795,1.0194697281097047,-1.4372029528845827,34.19958419958421,120.1405,129.26788960780087,111.01311039219914,18.25477921560173,0.09405151316941152,5.719673161533691,12.372766969742996,-94.28032683846631,1.7900000000000063,3.650714285714289,-1.2007011393514377,-7.484612228149357,1198761.25,0.6937736767850979,-1.3699999999999903,-9.11999999999999,-128.5219858156028,29.969284293235646,112.17,-0.5600000000000023,-0.4967621751086687,0,0,0,106.11,107.2,116.53,2.687037402050761,113.23,1386102.0,30.3039607000307,116.68,1030989.0,39.61731493099124,117.23,1621248.0,40.691405011100564,114.1,1040509.0,30.320404721753803,121.85,1130465.0,62.14240305149395,0.9832362278896138,0.9383180526133985,0.988962015366503,2.1253046840435665,4.563694803900433,-1,-1,0,0,0,0
2024-09-14 01:19:21.305279,112.38,112.74,111.31,112.17,1135206,114.40799999999999,115.65799999999999,119.4605,114.13060000000002,116.01178759153338,116.76076634364121,-0.7489787521078313,0.6657800320661974,-1.4147587841740288,23.722200546234887,119.4605,128.84479253144576,110.07620746855423,18.768585062891532,0.11155835799180894,5.628272251308896,6.053428248154056,-94.3717277486911,1.4299999999999926,3.3328571428571445,-1.0759326219243308,-4.8358360906083,1189858.95,0.9540677069328259,-1.2199999999999989,-5.700000000000003,-124.54367801754621,22.818466535557107,106.18,-5.989999999999995,-5.340108763483993,0,0,1,105.68,111.22,116.73,2.273151996682085,112.73,831669.0,34.19958419958421,113.23,1386102.0,30.3039607000307,116.68,1030989.0,39.61731493099124,113.39,1067000.0,32.17609162491054,117.87,1245241.0,53.686971728359076,0.9804384308789597,0.9389714591852537,0.9828214343918282,2.3631377446136312,4.692146265722883,-1,-1,0,0,0,0
2024-09-15 01:19:21.305279,112.19,112.19,102.84,106.18,1496948,112.19800000000001,114.28899999999999,118.602,114.16339999999998,114.49920488514364,115.97700587374187,-1.4778009885982328,0.23706382793331127,-1.714864816531544,19.431128155960366,118.602,129.50648019948736,107.69751980051267,21.80896039897469,-0.06958239974538183,14.55972101133393,8.63588880805885,-85.44027898866608,9.349999999999994,3.7650000000000015,-9.425914868207794,-11.420705764578292,1209533.55,1.2376242064554555,-11.049999999999997,-13.689999999999998,-177.00403652684568,22.26550258695947,106.11,-0.07000000000000739,-0.06592578640045903,0,0,0,107.2,113.78,116.82,3.5421490651889997,112.17,1135206.0,23.722200546234887,112.73,831669.0,34.19958419958421,113.23,1386102.0,30.3039607000307,117.23,1621248.0,40.691405011100564,119.87,978609.0,50.203697900344736,0.9463626802616802,0.8952631490194095,0.930070407854006,3.7964944356627552,5.45224009974367,-1,-1,0,0,0,0
2024-09-16 01:19:21.305279,105.96,107.78,105.01,106.11,1203004,110.08399999999999,112.88900000000001,117.75250000000001,114.23460000000001,113.20855797973692,115.246116549761,-2.037558570024075,-0.21786065165816612,-1.8196979183659088,20.0329489291598,117.75250000000001,129.77175275722513,105.7332472427749,24.038505514450236,0.01567288602856898,14.33581762384917,11.50793696216401,-85.66418237615083,2.769999999999996,3.825714285714287,-9.058964689749748,-11.65598201648489,1205865.75,0.9976268087886234,-10.570000000000007,-14.0,-160.9782266866456,22.636604946887715,105.68,-0.4299999999999926,-0.4052398454434008,0,0,0,111.22,113.23,116.82,3.6216598404625073,106.18,1496948.0,19.431128155960366,112.17,1135206.0,23.722200546234887,112.73,831669.0,34.19958419958421,116.68,1030989.0,39.61731493099124,120.11,1104383.0,44.941094941094946,0.9639002943207007,0.9011273645994776,0.9288779406589596,3.6153810310974013,6.009626378612559,-1,-1,0,0,0,0
2024-09-17 01:19:21.305279,106.2,106.2,105.26,105.68,1278664,108.574,111.75,116.8715,114.31439999999999,112.05031829054661,114.53751532385279,-2.487197033306174,-0.6717279279877678,-1.8154691053184062,21.461348393928702,116.8715,129.73224283685616,104.01075716314384,25.721485673712323,0.0648968282015746,15.002641310089828,14.632726648424322,-84.99735868991017,0.9399999999999977,3.450714285714286,-6.667844210898169,-9.729221833091302,1218313.15,1.0495364020325975,-7.549999999999997,-11.389999999999986,-146.4666893178229,22.67276924511991,107.2,1.519999999999996,1.4383043149129409,1,0,0,113.78,110.78,117.34,2.595442158865934,106.11,1203004.0,20.0329489291598,106.18,1496948.0,19.431128155960366,112.17,1135206.0,23.722200546234887,113.23,1386102.0,30.3039607000307,117.07,1665497.0,32.199140401146124,0.9733453681360179,0.9042409826176614,0.9244679585424059,3.5489899971709375,6.430371418428084,-1,-1,0,0,0,0
2024-09-18 01:19:21.305279,106.33,109.13,106.02,107.2,1662154,107.468,111.06000000000002,115.92850000000001,114.4084,111.30411547661637,113.99399567023407,-2.6898801936176966,-1.075358381113754,-1.6145218125039427,29.377657518361033,115.92850000000001,128.7180372946203,103.13896270537971,25.57907458924059,0.1587640428684038,24.289693593314755,17.87605084241793,-75.71030640668525,3.4499999999999886,3.367142857142857,-4.905526479198085,-6.0473269062226045,1231701.2,1.349478266319786,-5.530000000000001,-6.8999999999999915,-111.0613667615365,31.36579414130439,111.22,4.019999999999996,3.7499999999999964,1,1,0,113.23,116.53,117.06,2.300036956228789,105.68,1278664.0,21.461348393928702,106.11,1203004.0,20.0329489291598,106.18,1496948.0,19.431128155960366,112.73,831669.0,34.19958419958421,114.1,1040509.0,30.320404721753803,0.9975062344139651,0.9247079018532974,0.9369941367941516,2.687037402050761,6.3947686473101495,-1,-1,0,0,0,0
2024-09-19 01:19:21.305279,106.87,112.45,106.87,111.22,1490717,107.27799999999999,110.843,115.397,114.55059999999999,111.29117463406003,113.788514509476,-2.4973398754159746,-1.3597546799741982,-1.1375851954417764,34.49264969523125,115.397,128.03299053664026,102.76100946335974,25.271981073280514,0.3347181414908447,46.6852367688022,28.65919055740227,-53.3147632311978,5.579999999999998,3.528571428571428,-0.8469287688330239,-1.9137490078490182,1234715.1,1.2073368180238502,-0.9500000000000028,-2.1700000000000017,-69.0987404555245,38.74134346347495,113.78,2.5600000000000023,2.301744290595219,1,1,0,110.78,116.73,115.78,2.482085816408835,107.2,1662154.0,29.377657518361033,105.68,1278664.0,21.461348393928702,106.11,1203004.0,20.0329489291598,112.17,1135206.0,23.722200546234887,113.39,1067000.0,32.17609162491054,1.0367456514849271,0.9638032184545525,0.9709246394169914,2.273151996682085,6.3179952683201295,-1,-1,0,0,0,0
2024-09-20 01:19:21.305279,111.61,115.69,111.31,113.78,1295472,108.798,110.498,114.804,114.78140000000002,111.67407084420464,113.78788380507036,-2.1138129608657295,-1.5105663361525046,-0.6032466247132249,39.523336643495526,114.804,126.49373350738334,103.11426649261666,23.379467014766675,0.4562008834780864,60.947075208913624,43.9740018570102,-39.052924791086376,4.469999999999999,3.7657142857142847,7.157656809191932,-2.9429326964087714,1242406.8,1.0427116142635406,7.599999999999994,-3.450000000000003,-18.65126894176425,39.178570966955185,113.23,-0.5499999999999972,-0.48338899630866333,0,0,0,116.53,116.82,114.57,2.712096974670658,111.22,1490717.0,34.49264969523125,107.2,1662154.0,29.377657518361033,105.68,1278664.0,21.461348393928702,106.18,1496948.0,19.431128155960366,117.23,1621248.0,40.691405011100564,1.045791282927995,0.9910804501585311,0.9912755899475001,3.5421490651889997,5.84486675369167,1,-1,0,0,0,0
2024-09-21 01:19:21.305279,114.05,114.25,112.51,113.23,1087654,110.22200000000001,110.15299999999999,114.2,114.96459999999999,111.91344456048085,113.74655907876885,-1.8331145182879993,-1.5750759725796037,-0.2580385457083956,43.073593073593095,114.2,124.80180719450368,103.59819280549632,21.203614389007356,0.45425308241302115,63.85986478180703,57.16405891984096,-36.140135218192974,1.7399999999999949,3.5657142857142836,6.710017905946664,-2.956804936578679,1251894.95,0.8688061246672495,7.1200000000000045,-3.450000000000003,-15.673584616716322,40.641149163331825,110.78,-2.450000000000003,-2.1637375253908,0,0,1,116.73,116.82,114.55,2.661321100509581,113.78,1295472.0,39.523336643495526,111.22,1490717.0,34.49264969523125,107.2,1662154.0,29.377657518361033,106.11,1203004.0,20.0329489291598,116.68,1030989.0,39.61731493099124,1.0272903776015676,0.9915061295971979,0.9849118772213361,3.6216598404625073,5.300903597251839,1,-1,0,1,0,0
2024-09-22 01:19:21.305279,112.08,112.08,110.13,110.78,1145671,111.242,109.90799999999999,113.524,115.0414,111.73906847425303,113.52681396182301,-1.7877454875699783,-1.617609875577679,-0.1701356119922992,43.89705882352942,113.524,123.0875148790631,103.96048512093691,19.127029758126184,0.35653810159237076,48.801475107559924,57.86947169942687,-51.198524892440076,3.1000000000000085,3.5499999999999994,4.825889477668428,-2.1637375253908,1244860.1,0.9203210866827525,5.099999999999994,-2.450000000000003,-47.347036687206575,40.48399015814708,116.53,5.75,5.190467593428417,1,1,0,116.82,117.34,113.37,0.2994494949355647,113.23,1087654.0,43.073593073593095,113.78,1295472.0,39.523336643495526,111.22,1490717.0,34.49264969523125,105.68,1278664.0,21.461348393928702,113.23,1386102.0,30.3039607000307,0.9958468923607989,0.9758288996159402,0.9629576830601854,2.595442158865934,4.781757439531548,1,-1,0,1,0,0
2024-09-23 01:19:21.305279,111.91,118.12,111.91,116.53,1587368,113.10799999999999,110.28799999999998,113.258,115.21440000000001,112.47613486282948,113.74927218687316,-1.2731373240436739,-1.5487153652708783,0.2755780412272044,54.869727047146405,113.258,122.11638906585509,104.3996109341449,17.716778131710186,0.6846836922421945,84.14259373079288,65.60131120671996,-15.857406269207122,7.340000000000003,3.941428571428571,8.703358208955223,3.3708861882373786,1267705.25,1.2521585755048343,9.329999999999998,3.799999999999997,44.0127535088585,48.25785401619363,116.73,0.20000000000000284,0.17162962327297934,1,0,0,116.82,117.06,111.81,0.24815317853522628,110.78,1145671.0,43.89705882352942,113.23,1087654.0,43.073593073593095,113.78,1295472.0,39.523336643495526,107.2,1662154.0,29.377657518361033,112.73,831669.0,34.19958419958421,1.0302542702549777,1.0288897914496107,1.0114187115499451,2.300036956228789,4.429194532927547,1,-1,0,0,0,0
2024-09-24 01:19:21.305279,116.51,118.64,115.15,116.73,957763,114.21,110.744,113.201,115.30940000000001,113.1305756531634,113.97006683969737,-0.8394911865339623,-1.4068705295234951,0.5673793429895329,49.12587412587413,113.201,121.94841200824912,104.45358799175087,17.494824016498256,0.7017168047344766,85.37185003073144,72.77197295636142,-14.628149969268566,3.489999999999995,3.8407142857142844,4.954144937960804,4.065258090398504,1253331.35,0.7641738156473944,5.510000000000005,4.560000000000002,73.98604227773872,46.257580335961,116.82,0.0899999999999892,0.07710100231302082,1,0,0,117.34,115.78,112.1,0.590321946074502,116.53,1587368.0,54.869727047146405,110.78,1145671.0,43.89705882352942,113.23,1087654.0,43.073593073593095,111.22,1490717.0,34.49264969523125,112.17,1135206.0,23.722200546234887,1.0220646178092987,1.0311746362664642,1.012319897597247,2.482085816408835,4.373706004124565,1,-1,0,0,0,0
2024-09-25 01:19:21.305279,115.54,116.87,115.54,116.82,1041478,114.81800000000001,111.80799999999999,113.04850000000002,115.43960000000001,113.69817939883056,114.18117299971978,-0.48299360088921617,-1.2220951437966394,0.7391015429074232,50.24875621890545,113.04850000000002,121.403936364551,104.69306363544904,16.710872729101965,0.7256913843543259,88.4810126582278,85.99848547325071,-11.5189873417722,1.3299999999999983,3.663571428571427,2.6718228159606188,10.0207195328687,1256474.8,0.8288888881814422,3.039999999999992,10.639999999999986,69.79789769135124,40.08488605466523,116.82,0.0,0.0,0,0,0,117.06,114.57,111.58,1.1392892521292906,116.73,957763.0,49.12587412587413,116.53,1587368.0,54.869727047146405,110.78,1145671.0,43.89705882352942,113.78,1295472.0,39.523336643495526,106.18,1496948.0,19.431128155960366,1.0174362904771028,1.03336178719753,1.0119577683914356,2.712096974670658,4.177718182275493,1,-1,0,0,0,0
2024-09-26 01:19:21.305279,117.06,117.45,115.41,116.82,1263694,115.53599999999999,112.87899999999999,112.88399999999999,115.62360000000001,114.17845949131818,114.3766416664072,-0.19818217508901625,-1.0173125500551148,0.8191303749660985,57.27014985824219,112.88399999999999,120.77045047233463,104.99754952766534,15.772900944669288,0.7495419209064547,88.4810126582278,87.44462511572901,-11.5189873417722,2.0400000000000063,3.4871428571428558,3.1705378433277303,10.0932994062765,1264440.35,0.99940973886194,3.589999999999989,10.709999999999994,80.11933052812124,47.860127626947296,117.34,0.5200000000000102,0.4451292586885895,1,0,0,115.78,114.55,115.0,1.3244810304483223,116.82,1041478.0,50.24875621890545,116.73,957763.0,49.12587412587413,116.53,1587368.0,54.869727047146405,113.23,1087654.0,43.073593073593095,106.11,1203004.0,20.0329489291598,1.0111134191940174,1.0348676517486979,1.0103473685303,2.661321100509581,3.94322523616732,1,-1,0,0,0,0
2024-09-27 01:19:21.305279,117.17,117.95,116.15,117.34,843308,116.848,114.045,112.89750000000001,115.8936,114.6648503388077,114.59614969111777,0.06870064768992279,-0.8001099105061072,0.86881055819603,59.32820720356132,112.89750000000001,120.81498464841269,104.98001535158733,15.834969296825363,0.7805499598215602,91.7721518987342,89.57805907172992,-8.227848101265806,1.7999999999999972,3.4878571428571408,5.921646506589639,11.033308099924295,1223330.9,0.6893539597503832,6.560000000000002,11.659999999999997,94.9859925440629,52.79341122292408,117.06,-0.28000000000000114,-0.23862280552241444,0,0,0,114.57,113.37,108.96,1.403078757596189,116.82,1263694.0,57.27014985824219,116.82,1041478.0,50.24875621890545,116.73,957763.0,49.12587412587413,110.78,1145671.0,43.89705882352942,105.68,1278664.0,21.461348393928702,1.0042105983842258,1.039349852742532,1.0124804130685388,0.2994494949355647,3.9587423242063395,1,1,0,0,0,0
2024-09-28 01:19:21.305279,117.51,119.17,115.33,117.06,1251847,116.954,115.03099999999999,113.04549999999999,116.09479999999999,115.03333490206805,114.77865712140535,0.2546777806627034,-0.5891523722723452,0.8438301529350486,60.00818665575113,113.04549999999999,121.1656956808129,104.92530431918708,16.240391361625825,0.7471923188677468,87.0789957134109,89.1107200901243,-12.921004286589097,3.8400000000000034,3.659999999999999,0.4548185016733898,9.19776119402985,1233897.8,1.014546747712817,0.5300000000000011,9.86,90.57435831567236,59.707482282979036,115.78,-1.2800000000000011,-1.093456347172391,0,0,0,114.55,111.81,111.39,1.4989596392224673,117.34,843308.0,59.32820720356132,116.82,1263694.0,57.27014985824219,116.82,1041478.0,50.24875621890545,116.53,1587368.0,54.869727047146405,107.2,1662154.0,29.377657518361033,1.0009063392444895,1.0355122494924611,1.0083138951959951,0.24815317853522628,4.0600978404064545,1,1,0,0,0,0
2024-09-29 01:19:21.305279,116.76,116.76,115.75,115.78,1373155,116.76399999999998,115.487,113.165,116.24140000000001,115.14820645559602,114.85283066796791,0.29537578762811734,-0.41224674029225267,0.7076225279203701,74.34077079107504,113.165,121.37637465252722,104.9536253474728,16.422749305054424,0.6592303427048708,76.0593220338983,84.97015654868115,-23.940677966101706,1.3100000000000023,3.085714285714285,-0.8138439133042087,4.0999820176227315,1249205.55,1.0992226219295935,-0.9500000000000028,4.560000000000002,62.25377572633943,59.733503322884395,114.57,-1.210000000000008,-1.0450855069960339,0,0,0,113.37,112.1,114.22,1.3075167303014303,117.06,1251847.0,60.00818665575113,117.34,843308.0,59.32820720356132,116.82,1263694.0,57.27014985824219,116.73,957763.0,49.12587412587413,111.22,1490717.0,34.49264969523125,0.9915727450241515,1.0231078513674723,0.9960306740971804,0.590321946074502,4.105687326263604,-1,1,0,1,0,0
2024-09-30 01:19:21.305279,114.78,115.42,114.08,114.57,1080758,116.31400000000001,115.56599999999999,113.032,116.365,115.05925161627354,114.83188024811842,0.2273713681551186,-0.2843231186027784,0.511694486757897,70.27804410354744,113.032,121.05004176118871,105.01395823881128,16.036083522377425,0.5959087047566076,66.93026599568648,76.6895279143319,-33.06973400431351,1.7000000000000028,3.009285714285714,-1.9260400616332822,0.6943223765160766,1222181.05,0.884286333845546,-2.25,0.789999999999992,34.652185156451644,59.85268611215024,114.55,-0.01999999999999602,-0.017456576765292855,0,0,0,111.81,111.58,109.54,1.2526252432464782,115.78,1373155.0,74.34077079107504,117.06,1251847.0,60.00818665575113,117.34,843308.0,59.32820720356132,116.82,1041478.0,50.24875621890545,113.78,1295472.0,39.523336643495526,0.9850061041663083,1.0136067662254937,0.9845743995187556,1.1392892521292906,4.009020880594359,-1,-1,0,1,0,0
2024-10-01 01:19:21.305279,115.14,115.17,114.0,114.55,577179,115.85999999999999,115.69800000000001,112.92550000000001,116.475,114.98090521376992,114.81100022973928,0.16990498403063725,-0.19347749807609527,0.3633824821067325,71.68704156479215,112.92550000000001,120.79472446522949,105.05627553477053,15.738448930458958,0.6032185577611815,64.86692015209124,69.28550272722535,-35.13307984790877,1.1700000000000017,3.025714285714286,-1.9431604177366855,1.1657687891901378,1199490.55,0.48118678383918906,-2.269999999999996,1.3199999999999932,35.89072315137354,62.028498661286584,113.37,-1.1799999999999926,-1.0301178524661656,0,0,0,112.1,115.0,108.85,1.4247350630970923,114.57,1080758.0,70.27804410354744,115.78,1373155.0,74.34077079107504,117.06,1251847.0,60.00818665575113,116.82,1263694.0,57.27014985824219,113.23,1087654.0,43.073593073593095,0.9886932504747109,1.0143855904999313,0.9834728482506976,1.3244810304483223,3.9346122326147412,-1,-1,0,1,0,0
2024-10-02 01:19:21.305279,113.21,115.1,109.87,113.37,982120,115.066,115.957,112.9325,116.60940000000001,114.7330736424207,114.7042594719808,0.028814170439900977,-0.14901916437289603,0.177833334812797,65.34062655395326,112.9325,120.80311389968092,105.06188610031909,15.741227799361837,0.5277932576528583,52.845528455284565,61.5475715343541,-47.154471544715435,5.22999999999999,3.152857142857143,-3.3833304925856478,2.3379671420834116,1179291.45,0.8328051560112643,-3.969999999999999,2.5900000000000034,-1.7831649536976892,54.57401435249677,111.81,-1.5600000000000023,-1.3760254035459134,0,0,0,111.58,108.96,108.09,2.1449708622772734,114.55,577179.0,71.68704156479215,114.57,1080758.0,70.27804410354744,115.78,1373155.0,74.34077079107504,117.34,843308.0,59.32820720356132,110.78,1145671.0,43.89705882352942,0.9852606330280014,1.0038739955283023,0.972220078312726,1.403078757596189,3.9353069498404585,-1,1,0,1,0,0
2024-10-03 01:19:21.305279,113.45,113.45,111.67,111.81,1396968,114.016,115.48499999999999,112.8865,116.60719999999999,114.28337000512522,114.4898698814637,-0.20649987633848355,-0.16051530676601355,-0.04598456957246999,51.67138810198302,112.8865,120.77283535066279,105.00016464933721,15.77267070132558,0.43174903474593407,20.860215053763422,46.190887887046415,-79.13978494623657,1.7800000000000011,2.8814285714285717,-4.484879548949257,-4.050459109242254,1207556.4,1.156855282287436,-5.25,-4.719999999999999,-11.532572458653362,45.78948088675651,112.1,0.28999999999999204,0.2593685716840999,1,0,0,115.0,111.39,105.1,2.1570767255752705,113.37,982120.0,65.34062655395326,114.55,577179.0,71.68704156479215,114.57,1080758.0,70.27804410354744,117.06,1251847.0,60.00818665575113,116.53,1587368.0,54.869727047146405,0.9806518383384788,0.9904638730051867,0.958860173299762,1.4989596392224673,3.9431676753313947,-1,-1,0,1,0,0
2024-10-04 01:19:21.305279,111.47,112.54,111.47,112.1,1021712,113.28,115.022,112.883,116.604,113.94746692741366,114.31284248283676,-0.36537555542309974,-0.20148735649743083,-0.16388819892566892,44.53836150845251,112.883,120.77073625052526,104.99526374947473,15.77547250105053,0.4503659874562959,23.97849462365581,32.56141271090127,-76.0215053763442,1.0700000000000074,2.6385714285714292,-3.1784418725168484,-3.966418230103666,1201881.7,0.8500936489839225,-3.680000000000007,-4.63000000000001,-17.417727013755023,38.41019853846705,111.58,-0.519999999999996,-0.4638715432649385,0,0,0,108.96,114.22,103.52,2.421466497810453,111.81,1396968.0,51.67138810198302,113.37,982120.0,65.34062655395326,114.55,577179.0,71.68704156479215,115.78,1373155.0,74.34077079107504,116.73,957763.0,49.12587412587413,0.9895833333333333,0.9930636145389474,0.9613735377860108,1.3075167303014303,3.9438681252626346,-1,-1,0,1,0,0
2024-10-05 01:19:21.305279,112.18,112.74,110.54,111.58,846134,112.68199999999999,114.498,113.15300000000002,116.5842,113.5832412462731,114.11040970633033,-0.5271684600572257,-0.26662357720938984,-0.2605448828478359,44.62540716612376,113.15300000000002,120.41990290940322,105.88609709059682,14.5338058188064,0.3917695736677177,18.387096774193488,21.07526881720425,-81.6129032258065,2.1999999999999886,2.6714285714285717,-2.6097582264117967,-4.4855332990926176,1169341.0,0.7235990185925235,-2.989999999999995,-5.239999999999995,-34.18399495904166,39.03822305122131,115.0,3.4200000000000017,3.0650654239110966,1,1,0,111.39,109.54,101.27,2.7127145076506882,112.1,1021712.0,44.53836150845251,111.81,1396968.0,51.67138810198302,113.37,982120.0,65.34062655395326,114.57,1080758.0,70.27804410354744,116.82,1041478.0,50.24875621890545,0.9902202658809749,0.9860984684453791,0.9570765163718583,1.2526252432464782,3.633451454701599,-1,1,0,1,0,0
2024-10-06 01:19:21.305279,111.77,115.6,111.77,115.0,1204843,112.772,114.316,113.5975,116.59899999999999,113.80120413146184,114.1763052836392,-0.3751011521773506,-0.288319092202982,-0.08678205997436861,62.92892156862745,113.5975,120.09759514100072,107.09740485899927,13.000190282001455,0.6078830362923027,55.16129032258061,32.50896057347665,-44.83870967741939,4.019999999999996,2.7371428571428567,0.39284155390659353,-1.5579524054100269,1169432.95,1.0302796752904901,0.45000000000000284,-1.8199999999999932,17.959426000013345,46.566449903388396,108.96,-6.040000000000006,-5.2521739130434835,0,0,1,114.22,108.85,104.87,2.269574850058671,111.58,846134.0,44.62540716612376,112.1,1021712.0,44.53836150845251,111.81,1396968.0,51.67138810198302,114.55,577179.0,71.68704156479215,116.82,1263694.0,57.27014985824219,1.0197566771893731,1.0123462224080635,0.9862863317867221,1.4247350630970923,3.2500475705003615,1,1,0,1,0,0
2024-10-07 01:19:21.305279,114.51,114.51,108.29,108.96,1693317,111.89000000000001,113.478,113.7615,116.47,113.05640349585234,113.78991229966593,-0.7335088038135922,-0.3773570345251041,-0.3561517692884881,27.21252257676096,113.7615,119.54669080338194,107.97630919661806,11.570381606763874,0.08501800863740584,6.158088235294006,26.568825110689374,-93.841911764706,6.709999999999994,2.692142857142856,-3.8899179677163365,-7.141639679563669,1190165.6,1.4227574717333453,-4.410000000000011,-8.38000000000001,-93.82734643672926,36.14399527796464,111.39,2.430000000000007,2.2301762114537507,1,1,0,109.54,108.09,106.89,2.4519930668782237,115.0,1204843.0,62.92892156862745,111.58,846134.0,44.62540716612376,112.1,1021712.0,44.53836150845251,113.37,982120.0,65.34062655395326,117.34,843308.0,59.32820720356132,0.9738135668960585,0.9577932780422199,0.9355198763630119,2.1449708622772734,2.8925954016909694,-1,1,0,1,0,0
2024-10-08 01:19:21.305279,109.56,113.25,109.33,111.39,1332648,111.806,112.91099999999999,113.971,116.37800000000001,112.80003372725966,113.6121410182092,-0.812107290949541,-0.46430708580999164,-0.3478002051395494,35.828025477707,113.971,119.01121678731323,108.93078321268678,10.080433574626454,0.24395942586272676,28.49264705882349,29.93734187223271,-71.50735294117652,4.290000000000006,2.749285714285714,-0.37563724174939783,-4.843669912865199,1173690.3,1.1354341089808784,-0.4200000000000017,-5.670000000000002,-84.90000275095578,37.4276507321691,114.22,2.8299999999999983,2.5406230361791886,1,1,0,108.85,105.1,109.66,3.29668773165115,108.96,1693317.0,27.21252257676096,115.0,1204843.0,62.92892156862745,111.58,846134.0,44.62540716612376,111.81,1396968.0,51.67138810198302,117.06,1251847.0,60.00818665575113,0.9962792694488668,0.977353888269823,0.9571396655725308,2.1570767255752705,2.52010839365661,-1,1,0,1,0,0
2024-10-09 01:19:21.305279,111.67,116.07,111.67,114.22,1206430,112.22999999999999,112.755,114.12100000000001,116.37819999999999,113.01849007691203,113.65716760945296,-0.6386775325409246,-0.49918117515617827,-0.13949635738474636,43.97590361445785,114.12100000000001,118.99222550234467,109.24977449765535,9.742451004689315,0.5101617139211003,54.50367647058819,29.718137254901904,-45.49632352941181,4.679999999999993,2.988571428571428,1.8911685994647678,-1.347382967697359,1159475.95,1.0404959240422365,2.1200000000000045,-1.5600000000000023,-3.6021260440388985,44.611310472569784,109.54,-4.679999999999993,-4.097355979688314,0,0,1,108.09,103.52,111.3,2.5874987922740633,111.39,1332648.0,35.828025477707,108.96,1693317.0,27.21252257676096,115.0,1204843.0,62.92892156862745,112.1,1021712.0,44.53836150845251,115.78,1373155.0,74.34077079107504,1.0177314443553418,1.0008675002847853,0.981455289736394,2.421466497810453,2.43561275117233,1,1,0,1,0,0
2024-10-10 01:19:21.305279,114.15,114.15,108.52,109.54,1336313,111.822,112.252,113.90899999999999,116.26219999999999,112.48333775738709,113.35219223097496,-0.8688544735878736,-0.5731158348425174,-0.2957386387453562,36.13861386138616,113.90899999999999,119.19418047293892,108.62381952706106,10.570360945877866,0.0866744738074655,11.488970588235299,31.495098039215673,-88.5110294117647,5.700000000000003,3.249999999999999,-1.828284638824155,-4.390329056472015,1161518.0,1.1504884125773343,-2.039999999999992,-5.029999999999987,-108.14275112999977,36.546454812022205,108.85,-0.6900000000000119,-0.6299068833303011,0,0,0,105.1,101.27,108.84,3.154921552118231,114.22,1206430.0,43.97590361445785,111.39,1332648.0,35.828025477707,108.96,1693317.0,27.21252257676096,111.58,846134.0,44.62540716612376,114.57,1080758.0,70.27804410354744,0.9795925667578831,0.9616448217436727,0.9421806915747337,2.7127145076506882,2.6425902364694673,-1,-1,0,1,0,0
2024-10-11 01:19:21.305279,109.84,110.03,108.2,108.85,985185,110.59200000000001,111.68199999999999,113.68999999999998,116.04440000000001,111.92436271778908,113.018696510162,-1.0943337923729217,-0.6773594263485984,-0.41697436602432336,33.938706015891015,113.68999999999998,119.43649733132307,107.9435026686769,11.492994662646169,0.07887390170547434,5.925250683682694,23.972632580835405,-94.07474931631731,1.8299999999999983,3.2521428571428563,-5.347826086956527,-4.975993016150156,1156394.55,0.8519453849034484,-6.150000000000006,-5.700000000000003,-141.60736026910638,31.00252964407035,108.09,-0.7599999999999909,-0.6982085438676996,0,0,0,103.52,104.87,107.75,2.48765954262642,109.54,1336313.0,36.13861386138616,114.22,1206430.0,43.97590361445785,111.39,1332648.0,35.828025477707,115.0,1204843.0,62.92892156862745,114.55,577179.0,71.68704156479215,0.9842484085648147,0.9574280939396606,0.9380030402156415,2.269574850058671,2.873248665661545,-1,-1,0,1,0,0
2024-10-12 01:19:21.305279,108.27,113.22,104.05,108.09,884806,110.418,111.154,113.55550000000001,115.7456,111.33446076120615,112.65360787977961,-1.3191471185734684,-0.8057169647935726,-0.5134301537798959,33.33333333333333,113.55550000000001,119.70085674095819,107.41014325904183,12.290713481916356,0.05531466842494237,31.78599527930766,16.400072183741894,-68.21400472069233,9.170000000000002,3.6328571428571417,-0.7984581497797268,-4.657316750463086,1143351.3,0.7738706380095076,-0.8699999999999903,-5.280000000000001,-145.83008684072607,23.67784677306547,105.1,-2.990000000000009,-2.7662133407345815,0,0,1,101.27,106.89,108.86,2.089126611773524,108.85,985185.0,33.938706015891015,109.54,1336313.0,36.13861386138616,114.22,1206430.0,43.97590361445785,108.96,1693317.0,27.21252257676096,113.37,982120.0,65.34062655395326,0.9789164810085312,0.9518693502296234,0.933858392889233,2.4519930668782237,3.0726783704790916,-1,-1,0,1,0,0
2024-10-13 01:19:21.305279,108.23,108.23,101.08,105.1,1599577,109.16000000000001,110.48299999999999,112.984,115.3074,110.37531295178982,112.09408137016631,-1.7187684183764844,-0.9883272555101552,-0.7304411628663292,31.34171907756813,112.984,120.02525108500336,105.94274891499663,14.082502170006734,-0.059843691470649385,26.817878585723797,21.509708182904728,-73.1821214142762,7.150000000000006,4.049999999999999,-5.646826465571421,-6.001252124139172,1143961.75,1.3982783952348057,-6.290000000000006,-6.710000000000008,-204.21893990894668,23.569463629895523,103.52,-1.5799999999999983,-1.503330161750712,0,0,0,104.87,109.66,106.25,3.2060520894115463,108.09,884806.0,33.33333333333333,108.85,985185.0,33.938706015891015,109.54,1336313.0,36.13861386138616,111.39,1332648.0,35.828025477707,111.81,1396968.0,51.67138810198302,0.9628068889703186,0.9302202081710684,0.9114766268253381,3.29668773165115,3.5206255425016835,-1,-1,0,1,0,0
2024-10-14 01:19:21.305279,104.92,106.04,99.95,103.52,1086099,107.02000000000001,109.625,112.3235,114.8624,109.32064942074524,111.45896423163546,-2.138314810890222,-1.2183247665861687,-0.9199900443040532,30.941704035874437,112.3235,120.301243448261,104.34575655173899,15.955486896522018,-0.051753767032893826,22.146401985111634,26.91675861671437,-77.85359801488838,6.090000000000003,4.3635714285714275,-9.367886534757488,-7.653880463871541,1150378.55,0.9441231323376118,-10.700000000000003,-8.579999999999998,-206.45522806231074,23.72663910660593,101.27,-2.25,-2.1734930448222567,0,0,1,106.89,111.3,107.82,3.960539104720446,105.1,1599577.0,31.34171907756813,108.09,884806.0,33.33333333333333,108.85,985185.0,33.938706015891015,114.22,1206430.0,43.97590361445785,112.1,1021712.0,44.53836150845251,0.9672958325546626,0.9216237029650963,0.9012522809901239,2.5874987922740633,3.9888717241305036,-1,-1,0,1,0,0
2024-10-15 01:19:21.305279,104.16,104.16,100.28,101.27,1460546,105.36599999999999,108.59400000000001,111.54599999999998,114.4208,108.08208797139982,110.70422614040321,-2.6221381690033922,-1.4990874470696136,-1.1230507219337786,28.73158231902626,111.54599999999998,120.63250914383559,102.45949085616436,18.173018287671226,-0.06545367628729744,8.188585607940409,19.05095539292529,-91.81141439205959,3.8799999999999955,4.557142857142856,-7.549753514697836,-9.240007169743684,1171331.95,1.2469104082749558,-8.27000000000001,-10.310000000000002,-195.37293947559144,22.675631748017935,104.87,3.6000000000000085,3.554853362298814,1,1,0,109.66,108.84,107.36,2.494668314630132,103.52,1086099.0,30.941704035874437,105.1,1599577.0,31.34171907756813,108.09,884806.0,33.33333333333333,109.54,1336313.0,36.13861386138616,111.58,846134.0,44.62540716612376,0.9611259799176206,0.907876571100712,0.8850663515724413,3.154921552118231,4.543254571917805,-1,-1,0,1,0,0
2024-10-16 01:19:21.305279,101.46,105.45,101.46,104.87,1659717,104.57000000000001,107.58099999999999,110.94850000000001,114.0562,107.58792059118447,110.27206124111407,-2.6841406499296028,-1.7360980876416117,-0.9480425622879911,37.36623067776458,110.94850000000001,120.14570615472911,101.75129384527091,18.394412309458204,0.16954638736272604,30.52109181141442,20.28535980148883,-69.47890818858558,4.180000000000007,4.482142857142857,-3.656407900780882,-8.80869565217391,1191133.1,1.3933933999483348,-3.9799999999999898,-10.129999999999995,-132.9636429490302,30.89274615875165,106.89,2.019999999999996,1.9261943358443752,1,0,0,111.3,107.75,106.61,1.7104882343995977,101.27,1460546.0,28.73158231902626,103.52,1086099.0,30.941704035874437,105.1,1599577.0,31.34171907756813,108.85,985185.0,33.938706015891015,115.0,1204843.0,62.92892156862745,1.0028688916515254,0.9452133196933712,0.919459003543867,2.48765954262642,4.598603077364554,-1,-1,0,1,0,0
2024-10-17 01:19:21.305279,103.92,108.58,103.22,106.89,1391797,104.33,107.374,110.426,113.728,107.4805481925407,110.02153818621674,-2.5409899936760496,-1.8970764688484993,-0.6439135248275503,42.78592375366569,110.426,119.2750960585015,101.5769039414985,17.698192117003003,0.3002055816422686,43.052109181141454,27.25392886683211,-56.947890818858546,5.359999999999999,4.737857142857143,-1.1101859561476575,-1.8997797356828134,1218557.55,1.142167639107402,-1.2000000000000028,-2.069999999999993,-79.03455610696878,38.73976364139815,109.66,2.769999999999996,2.5914491533352004,1,1,0,108.84,108.86,108.18,1.3167839610275456,104.87,1659717.0,37.36623067776458,101.27,1460546.0,28.73158231902626,103.52,1086099.0,30.941704035874437,108.09,884806.0,33.33333333333333,108.96,1693317.0,27.21252257676096,1.0245375251605482,0.9679785557749081,0.9398740855374227,2.089126611773524,4.424548029250753,-1,-1,0,1,0,0
2024-10-18 01:19:21.305279,106.58,110.57,106.58,109.66,1172986,105.242,107.201,110.056,113.4,107.81584847061136,109.99475757983033,-2.178909109218978,-1.9534429969225955,-0.22546611229638236,46.66484417714599,110.056,118.33780859982683,101.77419140017317,16.563617199653663,0.4760921787054895,60.235732009925556,44.602977667493825,-39.764267990074444,3.989999999999995,4.94642857142857,4.338725023786872,-1.5531017146961164,1214614.5,0.9657269858049612,4.560000000000002,-1.730000000000004,-22.088314127521723,45.08323794873279,111.3,1.6400000000000006,1.495531643260989,1,0,0,107.75,106.25,109.19,1.847985389557906,106.89,1391797.0,42.78592375366569,104.87,1659717.0,37.36623067776458,101.27,1460546.0,28.73158231902626,105.1,1599577.0,31.34171907756813,111.39,1332648.0,35.828025477707,1.041979437867011,0.9964018317947226,0.9670194003527336,3.2060520894115463,4.140904299913418,1,-1,0,1,0,0
2024-10-19 01:19:21.305279,109.47,112.06,109.47,111.3,1230080,106.798,106.90899999999999,109.832,113.189,108.35187178282499,110.0914422035466,-1.7395704207216198,-1.9106684816824007,0.17109806096078084,49.62864721485411,109.832,117.69362591994927,101.97037408005072,15.723251839898552,0.5933649104490509,70.40942928039703,57.899090157154696,-29.590570719602972,2.5900000000000034,4.974285714285714,7.51545595054096,-2.5564699702328855,1207460.75,1.0187329070530864,7.780000000000001,-2.9200000000000017,23.642434212809686,51.03349724688783,108.84,-2.4599999999999937,-2.2102425876010727,0,0,1,108.86,107.82,108.46,1.0673003326241317,109.66,1172986.0,46.66484417714599,106.89,1391797.0,42.78592375366569,104.87,1659717.0,37.36623067776458,103.52,1086099.0,30.941704035874437,114.22,1206430.0,43.97590361445785,1.0421543474596902,1.01336586787093,0.983311099135075,3.960539104720446,3.930812959974638,1,-1,0,1,0,0
2024-10-20 01:19:21.305279,111.6,111.6,107.52,108.84,1215971,108.31199999999998,106.83899999999998,109.54549999999999,112.853,108.42696843162115,109.99874278106165,-1.5717743494405028,-1.8428896552340213,0.2711153057935185,41.61676646706587,109.54549999999999,117.09140575637977,101.99959424362021,15.091811512759563,0.45325279543787617,55.14888337468986,61.93134822167084,-44.85111662531014,4.079999999999998,4.978571428571429,7.4750666535005506,-0.6390359685959492,1214221.4,1.0014409233769064,7.570000000000007,-0.7000000000000028,-4.863915618265642,44.17401358918775,107.75,-1.0900000000000034,-1.0014700477765557,0,0,0,106.25,107.36,111.03,0.9405158159327371,111.3,1230080.0,49.62864721485411,109.66,1172986.0,46.66484417714599,106.89,1391797.0,42.78592375366569,101.27,1460546.0,28.73158231902626,109.54,1336313.0,36.13861386138616,1.004874806115666,0.9935597537096459,0.964440466801946,2.494668314630132,3.772952878189893,1,-1,0,1,0,0
2024-10-21 01:19:21.305279,107.8,108.87,107.16,107.75,919163,108.88799999999999,106.729,109.20549999999999,112.5018,108.32281944214098,109.83216924172375,-1.5093497995827647,-1.7761816841037699,0.26683188452100515,48.096885813148795,109.20549999999999,116.4068901435733,102.00410985642667,14.40278028714664,0.39894312271784726,48.38709677419356,57.981803143093494,-51.61290322580644,1.710000000000008,4.621428571428573,2.7462572709068325,-1.0105649977032563,1231320.6,0.7464855213175187,2.8799999999999955,-1.0999999999999943,-29.96600888098436,46.24033363122999,108.86,1.1099999999999994,1.030162412993039,1,0,0,107.82,106.61,108.68,1.0312856054554715,108.84,1215971.0,41.61676646706587,111.3,1230080.0,49.62864721485411,109.66,1172986.0,46.66484417714599,104.87,1659717.0,37.36623067776458,108.85,985185.0,33.938706015891015,0.989548894276688,0.986671916707492,0.9577624535785205,1.7104882343995977,3.60069507178666,1,-1,0,1,0,0
2024-10-22 01:19:21.305279,108.01,110.26,107.45,108.86,1167746,109.282,106.806,108.97999999999999,112.193,108.40546260488853,109.76015670529976,-1.354694100411237,-1.6918841673652636,0.33719006695402665,45.848375451263536,108.97999999999999,115.90963734146061,102.05036265853937,13.859274682921239,0.4913415382301452,55.27295285359802,52.93631100082715,-44.72704714640197,2.8100000000000023,4.515714285714287,1.843016184862942,0.7123693218614081,1240601.9,0.9412737478477182,1.9699999999999989,0.769999999999996,-3.825956179167312,45.62690136568872,106.25,-2.6099999999999994,-2.3975748668013956,0,0,1,107.36,108.18,110.08,0.8079789601342893,107.75,919163.0,48.096885813148795,108.84,1215971.0,41.61676646706587,111.3,1230080.0,49.62864721485411,106.89,1391797.0,42.78592375366569,108.09,884806.0,33.33333333333333,0.9961384308486302,0.9988988805285375,0.9702922642232581,1.3167839610275456,3.4648186707303106,1,-1,0,1,0,0
2024-10-23 01:19:21.305279,109.47,109.47,106.04,106.25,1003617,108.6,106.921,108.702,111.88099999999999,108.07385297336722,109.50014509749978,-1.4262921241325586,-1.6387657587187225,0.21247363458616397,36.82644628099173,108.702,115.59963834488275,101.80436165511725,13.795276689765501,0.3222580050301493,44.36619718309856,49.342082270296736,-55.63380281690144,3.4299999999999926,4.4264285714285725,-3.1096115265365647,1.0941960038059046,1220934.35,0.8220073421638108,-3.4099999999999966,1.1500000000000057,-38.00276108220933,38.86222021161781,107.82,1.5699999999999932,1.4776470588235229,1,0,0,106.61,109.19,111.44,0.9593591611172582,108.86,1167746.0,45.848375451263536,107.75,919163.0,48.096885813148795,108.84,1215971.0,41.61676646706587,109.66,1172986.0,46.66484417714599,105.1,1599577.0,31.34171907756813,0.9783609576427257,0.9774429173336278,0.949669738382746,1.847985389557906,3.448819172441378,-1,-1,0,1,0,0
2024-10-24 01:19:21.305279,106.94,108.15,106.94,107.82,1385135,107.904,107.351,108.48800000000001,111.68,108.03479866977226,109.37568990509237,-1.3408912353201146,-1.5791908540390012,0.2382996187188866,46.831245394252,108.48800000000001,115.20495921177034,101.77104078822968,13.43391842354066,0.4502751186258907,59.306706857573424,52.981952298090015,-40.693293142426576,1.9000000000000057,4.155000000000001,-3.126684636118602,4.153786707882532,1239105.5,1.1178507399087487,-3.480000000000004,4.299999999999997,-23.531561396754455,46.9747060861779,107.36,-0.45999999999999375,-0.4266369875718733,0,0,0,108.18,108.46,110.8,0.9992246994643352,106.25,1003617.0,36.82644628099173,108.86,1167746.0,45.848375451263536,107.75,919163.0,48.096885813148795,111.3,1230080.0,49.62864721485411,103.52,1086099.0,30.941704035874437,0.9992215302491103,0.9938426369736744,0.9654369627507162,1.0673003326241317,3.3584796058851674,-1,-1,0,1,0,0
2024-10-25 01:19:21.305279,106.99,107.81,106.2,107.36,950141,107.60799999999999,107.96000000000001,108.27700000000002,111.4298,107.9309834898073,109.22637954175218,-1.295396051944877,-1.5224318936201766,0.22703584167529955,47.23151244890376,108.27700000000002,114.84854664162957,101.70545335837046,13.143093283259105,0.43022951445014573,55.84024114544084,53.17104839537095,-44.159758854559165,1.6199999999999903,4.140000000000001,-1.3597941933112863,6.013626937888816,1244305.85,0.7635912022755498,-1.480000000000004,6.090000000000003,-31.92916554869899,47.119452244002325,106.61,-0.75,-0.6985842026825634,0,0,0,109.19,111.03,111.58,1.6097297909958328,107.82,1385135.0,46.831245394252,106.25,1003617.0,36.82644628099173,108.86,1167746.0,45.848375451263536,108.84,1215971.0,41.61676646706587,101.27,1460546.0,28.73158231902626,0.9976953386365327,0.9915309807253616,0.9634765565405304,0.9405158159327371,3.2857733208147755,-1,-1,0,1,0,0
2024-10-26 01:19:21.305279,107.99,109.84,103.56,106.61,1110196,107.38,108.13400000000001,107.85749999999999,111.15979999999999,107.72775526060617,109.03257364977053,-1.3048183891643532,-1.4789091927290121,0.1740908035646589,47.249070631970255,107.85749999999999,113.64660728505261,102.06839271494736,11.578214570105246,0.39225454473602417,54.99587118084225,56.71427306128552,-45.00412881915775,6.280000000000001,3.933571428571429,-1.0580046403712302,1.6591971011728757,1239573.5,0.8956274073300212,-1.1400000000000006,1.7399999999999949,-37.213842924781645,46.54706884720417,108.18,1.5700000000000074,1.4726573492167783,1,0,0,108.46,108.68,108.84,1.1363406179572322,107.36,950141.0,47.23151244890376,107.82,1385135.0,46.831245394252,106.25,1003617.0,36.82644628099173,107.75,919163.0,48.096885813148795,104.87,1659717.0,37.36623067776458,0.9928292046936115,0.9884338131330692,0.9590697356418418,1.0312856054554715,2.8945536425263128,-1,-1,0,1,0,0
2024-10-27 01:19:21.305279,106.29,109.15,106.29,108.18,1203849,107.244,108.26299999999999,107.81850000000001,110.98200000000001,107.79733137435909,108.96942004608383,-1.1720886717247367,-1.417545088528157,0.24545641680342034,56.043956043956065,107.81850000000001,113.58680641933343,102.0501935806666,11.536612838666827,0.5313350205173192,67.96036333608592,59.598825220789685,-32.03963666391408,2.8599999999999994,3.6271428571428572,-0.6246555208524642,1.206848161661527,1215100.1,0.9907405982437166,-0.6799999999999926,1.2900000000000063,2.116074423886111,54.68647316472913,109.19,1.009999999999991,0.9336291366241365,1,0,0,111.03,110.08,110.91,1.0637997932032939,106.61,1110196.0,47.249070631970255,107.36,950141.0,47.23151244890376,107.82,1385135.0,46.831245394252,108.86,1167746.0,45.848375451263536,106.89,1391797.0,42.78592375366569,1.008727760993622,1.0033528568844863,0.9747526625939341,0.8079789601342893,2.8841532096667066,-1,-1,0,1,0,0
2024-10-28 01:19:21.305279,108.64,110.08,108.52,109.19,1042071,107.832,108.21599999999998,107.7085,110.88380000000001,108.01158808599615,108.98575930192948,-0.9741712159333247,-1.3288703140091906,0.35469909807586597,61.38097149739062,107.7085,113.27024631794886,102.14675368205114,11.123492635897719,0.6331865852294362,75.63667232597619,66.19763561430146,-24.363327674023804,1.8999999999999915,3.327857142857142,2.7670588235294096,-0.4285974831296725,1200571.25,0.8679793056846897,2.9399999999999977,-0.46999999999999886,50.52531659223751,60.91101066611247,108.46,-0.730000000000004,-0.6685593918857075,0,0,0,108.68,111.44,110.56,1.3449609659835127,108.18,1203849.0,56.043956043956065,106.61,1110196.0,47.249070631970255,107.36,950141.0,47.23151244890376,106.25,1003617.0,36.82644628099173,109.66,1172986.0,46.66484417714599,1.012593664218414,1.0137547175942474,0.9847245494833329,0.9593591611172582,2.780873158974433,1,-1,0,1,0,0
2024-10-29 01:19:21.305279,109.37,110.5,106.1,108.46,1184531,107.96000000000001,107.93199999999999,107.42049999999999,110.78519999999999,108.08057453430445,108.94681416845323,-0.8662396341487835,-1.2363441780371094,0.3701045438883259,65.36981616075246,107.42049999999999,112.08702344391261,102.75397655608737,9.333046887825247,0.6113784182693873,66.03773584905656,69.8782571703729,-33.96226415094345,4.400000000000006,3.3649999999999998,0.5935818957521801,-2.551662174303687,1199476.3,0.9875401456452286,0.6400000000000006,-2.8400000000000034,34.02129521586954,61.60703165506119,111.03,2.5700000000000074,2.369537156555419,1,1,0,110.08,110.8,109.45,1.0838726862594275,109.19,1042071.0,61.38097149739062,108.18,1203849.0,56.043956043956065,106.61,1110196.0,47.249070631970255,107.82,1385135.0,46.831245394252,111.3,1230080.0,49.62864721485411,1.0046313449425712,1.0096769238646255,0.9790116369334533,0.9992246994643352,2.333261721956312,1,-1,0,1,0,0
2024-10-30 01:19:21.305279,108.93,111.41,108.93,111.03,1141885,108.694,108.151,107.495,110.66120000000001,108.53433229825761,109.10112423004928,-0.5667919317916699,-1.1024337287880215,0.5356417969963516,63.774597495527736,107.495,112.3478515762392,102.64214842376082,9.705703152478378,0.8642188458130748,88.34841628959276,76.67427482154186,-11.651583710407248,2.950000000000003,3.2771428571428567,3.418405365126678,2.0121278941565577,1189754.9,0.9597649062004284,3.6700000000000017,2.1899999999999977,111.91419626259678,60.587901753114714,108.68,-2.3499999999999943,-2.116545077906867,0,0,1,111.44,111.58,111.81,1.1861197241506476,108.46,1184531.0,65.36981616075246,109.19,1042071.0,61.38097149739062,108.18,1203849.0,56.043956043956065,107.36,950141.0,47.23151244890376,108.84,1215971.0,41.61676646706587,1.0214915266712055,1.0328852504767663,1.0033326947475718,1.6097297909958328,2.4264257881195954,1,1,0,0,0,0
2024-10-31 01:19:21.305279,110.78,110.78,107.83,108.68,1385472,109.10799999999999,108.244,107.4865,110.50119999999998,108.5567427139103,109.06992984263823,-0.5131871287279353,-0.9845844087760043,0.471397280048069,53.944468929043644,107.4865,112.32994494624674,102.64305505375327,9.686889892493468,0.6232077594816953,60.23529411764711,71.54048208543216,-39.764705882352885,3.200000000000003,3.1228571428571428,1.941656505018298,0.8631090487239041,1209769.25,1.1452365812736602,2.0700000000000074,0.9300000000000068,61.793293769995636,52.02402146349135,110.08,1.3999999999999915,1.2881854987118067,1,0,0,110.8,108.84,110.29,1.1247755331705989,111.03,1141885.0,63.774597495527736,108.46,1184531.0,65.36981616075246,109.19,1042071.0,61.38097149739062,106.61,1110196.0,47.249070631970255,107.75,919163.0,48.096885813148795,0.9960772812259414,1.0111037200020467,0.9835187310183059,1.1363406179572322,2.421722473123365,1,-1,0,1,0,0
2024-11-01 01:19:21.305279,108.02,110.58,108.02,110.08,858991,109.48800000000001,108.36599999999999,107.58600000000001,110.4382,108.79108998869334,109.14474985429466,-0.35365986560131546,-0.8583995001410667,0.5047396345397512,50.984990619136966,107.58600000000001,112.56160533211863,102.6103946678814,9.951210664237237,0.7506227718565891,76.70588235294113,75.09653092006035,-23.294117647058872,2.5600000000000023,3.0207142857142864,1.756332039193928,1.120705493294138,1208478.5,0.7108037089613096,1.8999999999999915,1.2199999999999989,74.91714946475001,51.08273633773935,111.44,1.3599999999999994,1.235465116279069,1,0,0,111.58,110.91,107.24,1.099399836283042,108.68,1385472.0,53.944468929043644,111.03,1141885.0,63.774597495527736,108.46,1184531.0,65.36981616075246,108.18,1203849.0,56.043956043956065,108.86,1167746.0,45.848375451263536,1.0054069852403915,1.0231814548361309,0.9967565570608721,1.0637997932032939,2.487802666059309,1,1,0,1,0,0
2024-11-02 01:19:21.305279,110.06,114.78,109.84,111.44,1148896,109.93800000000002,108.88499999999999,107.90299999999999,110.41239999999999,109.19861460581745,109.31476838360618,-0.11615377778872471,-0.7099503556705983,0.5937965778818736,50.332699619771866,107.90299999999999,113.0176316428517,102.78836835714829,10.22926328570341,0.8457727014362194,70.23172905525843,69.05763517528224,-29.768270944741566,4.939999999999998,3.1885714285714286,2.060628262661416,4.884705882352939,1185944.45,0.9687603833383596,2.25,5.189999999999998,149.5613722273732,50.860252814780154,110.8,-0.6400000000000006,-0.5743000717875095,0,0,0,108.84,110.56,103.95,1.0218219022996153,110.08,858991.0,50.984990619136966,108.68,1385472.0,53.944468929043644,111.03,1141885.0,63.774597495527736,109.19,1042071.0,61.38097149739062,106.25,1003617.0,36.82644628099173,1.013662245993196,1.0327794407940465,1.009306925671392,1.3449609659835127,2.5573158214258527,1,1,0,0,0,0
2024-11-03 01:19:21.305279,111.67,111.67,109.6,110.8,1444695,110.40599999999999,109.18299999999999,108.26699999999998,110.385,109.44498158953785,109.42478554037608,0.020196049161768315,-0.563921074704125,0.5841171238658933,55.098855359001035,108.26699999999998,113.09650188125103,103.43749811874893,9.659003762502095,0.7622423660122749,64.52762923351155,70.48841354723704,-35.47237076648845,2.0700000000000074,3.045000000000001,2.1574774110271098,2.76386570209609,1203874.25,1.2000381269056963,2.3400000000000034,2.980000000000004,96.01728928681686,50.06940764218072,111.58,0.7800000000000011,0.7039711191335751,1,0,0,110.91,109.45,105.26,1.109851341405344,111.44,1148896.0,50.332699619771866,110.08,858991.0,50.984990619136966,108.68,1385472.0,53.944468929043644,108.46,1184531.0,65.36981616075246,107.82,1385135.0,46.831245394252,1.0035686466315237,1.0233958639289906,1.0037595687819902,1.0838726862594275,2.414750940625523,1,1,0,0,0,0
2024-11-04 01:19:21.305279,111.02,112.57,110.7,111.58,870160,110.51599999999999,109.60499999999999,108.7825,110.49300000000001,109.77344596037818,109.58443105590376,0.18901490447441915,-0.41333387886841616,0.6023487833428354,60.12691697514543,108.7825,112.55197783623271,105.01302216376729,7.53895567246542,0.8710726155636288,71.47950089126557,68.74628639334519,-28.52049910873443,1.8699999999999903,3.056428571428571,0.4953616139782015,3.9307004470938884,1174354.95,0.7409684780568261,0.5499999999999972,4.219999999999999,128.50154649351734,55.733013344980094,108.84,-2.739999999999995,-2.4556372109697033,0,0,1,110.56,111.81,102.62,1.180351642528294,110.8,1444695.0,55.098855359001035,111.44,1148896.0,50.332699619771866,110.08,858991.0,50.984990619136966,111.03,1141885.0,63.774597495527736,107.36,950141.0,47.23151244890376,1.0096275652394224,1.0257164525544091,1.009837727276841,1.1861197241506476,1.8847389181163547,1,1,0,0,0,0
2024-11-05 01:19:21.305279,112.05,112.05,106.96,108.84,1109673,110.548,109.828,108.981,110.5476,109.62983888955078,109.52928801472571,0.10055087482507474,-0.310556928129718,0.41110780295479277,49.951314508276546,108.981,112.27054260137648,105.69145739862351,6.579085202752964,0.4785684490085353,47.05882352941178,61.021984551396315,-52.941176470588225,5.090000000000003,3.219285714285714,0.14722119985277565,2.091736234874781,1146852.75,0.9675810604282024,0.1599999999999966,2.230000000000004,17.2158767668817,48.56286775121722,110.91,2.069999999999993,1.9018743109150984,1,0,0,109.45,110.29,106.27,0.8631801666044048,111.58,870160.0,60.12691697514543,110.8,1444695.0,55.098855359001035,111.44,1148896.0,50.332699619771866,108.68,1385472.0,53.944468929043644,106.61,1110196.0,47.249070631970255,0.9845496978687991,0.9987061964929668,0.9845532603150137,1.1247755331705989,1.6447713006882398,1,1,0,1,0,0
2024-11-06 01:19:21.305279,107.64,113.53,107.64,110.91,1292586,110.71399999999998,110.101,109.18200000000002,110.65220000000001,109.8267867526968,109.63156297659788,0.19522377609892771,-0.20940078728398887,0.4046245633829166,61.650000000000006,109.18200000000002,112.42451104773629,105.93948895226374,6.485022095472544,0.7664601561198021,65.50802139037428,61.348781937017215,-34.49197860962571,5.890000000000001,3.395,0.7539970930232542,2.523571824736541,1141892.2,1.1319684993031742,0.8299999999999983,2.7299999999999898,83.72950064492451,55.70304146988847,110.56,-0.3499999999999943,-0.31557118384275024,0,0,0,111.81,107.24,101.9,1.696275331430404,108.84,1109673.0,49.951314508276546,111.58,870160.0,60.12691697514543,110.8,1444695.0,55.098855359001035,110.08,858991.0,50.984990619136966,108.18,1203849.0,56.043956043956065,1.0017703271492315,1.0158267846348297,1.0023298226334405,1.099399836283042,1.621255523868139,1,1,0,0,0,0
2024-11-07 01:19:21.305279,110.38,112.63,109.13,110.56,1067896,110.53800000000001,110.23800000000001,109.227,110.7194,109.93958879074343,109.70033608944247,0.23925270130095555,-0.11967008956699995,0.35892279086795553,57.2949946751864,109.227,112.5219984426092,105.9320015573908,6.589996885218397,0.7022762716307144,62.38859180035651,58.3184789067142,-37.611408199643485,3.5,3.509285714285714,-0.7896625987078209,1.2546936532649553,1136637.7,0.9395218898686891,-0.8799999999999955,1.3700000000000045,79.19026917841198,54.915413906622,109.45,-1.1099999999999994,-1.003979739507959,0,0,0,110.29,103.95,105.41,3.055375590663039,110.91,1292586.0,61.650000000000006,108.84,1109673.0,49.951314508276546,111.58,870160.0,60.12691697514543,111.44,1148896.0,50.332699619771866,109.19,1042071.0,61.38097149739062,1.000199026579095,1.0122039422487115,0.998560324568233,1.0218219022996153,1.6474992213046022,-1,1,0,1,0,0
2024-11-08 01:19:21.305279,110.44,110.44,109.15,109.45,1169670,110.268,110.33699999999999,109.1345,110.68400000000001,109.86426743832138,109.6817926754097,0.1824747629116814,-0.05924111907126367,0.24171588198294508,55.37828100874937,109.1345,112.28517561676226,105.98382438323775,6.301351233524514,0.5500686262847044,52.495543672014264,60.13071895424836,-47.50445632798573,1.4099999999999966,3.494285714285714,-1.2184115523465653,0.9127789046653229,1133617.2,1.031803328319295,-1.3499999999999943,0.9900000000000091,26.09399727650893,54.0876608939313,111.81,2.3599999999999994,2.1562357240749197,1,1,0,107.24,105.26,105.91,3.310113291115523,110.56,1067896.0,57.2949946751864,110.91,1292586.0,61.650000000000006,108.84,1109673.0,49.951314508276546,110.8,1444695.0,55.098855359001035,108.46,1184531.0,65.36981616075246,0.9925817100155984,1.00289092816662,0.9888511437967547,1.109851341405344,1.575337808381129,-1,-1,0,1,0,0
2024-11-09 01:19:21.305279,109.84,112.05,109.84,111.81,1312639,110.31400000000001,110.415,109.28299999999999,110.6446,110.16361090934888,109.83943766241637,0.32417324693250293,0.017441754129489673,0.30673149280301326,62.35741444866922,109.28299999999999,112.64791557725601,105.91808442274396,6.7298311545120555,0.8754923328657024,65.78341013824888,60.2225152035399,-34.21658986175111,2.5999999999999943,3.231428571428571,0.20613013084782575,0.7025128343690904,1138450.6,1.15300479441093,0.23000000000000398,0.7800000000000011,99.0193815349631,61.4269108333131,110.29,-1.519999999999996,-1.3594490653787639,0,0,0,103.95,102.62,105.75,3.001427993475762,109.45,1169670.0,55.37828100874937,110.56,1067896.0,57.2949946751864,110.91,1292586.0,61.650000000000006,111.58,870160.0,60.12691697514543,111.03,1141885.0,63.774597495527736,1.0135612886850263,1.0231234501249051,1.0105328231111144,1.180351642528294,1.6824577886280125,1,1,0,0,0,0
2024-11-10 01:19:21.305279,112.17,112.17,110.21,110.29,1262813,110.604,110.576,109.41,110.5858,110.18305538483366,109.87281265038553,0.31024273444813844,0.07600195019321945,0.23424078425491898,55.02620295378752,109.41,112.72262338399123,106.09737661600876,6.625246767982475,0.6328252412050137,48.27188940092176,55.51694773706165,-51.728110599078235,1.960000000000008,3.1671428571428573,1.3322307975009213,1.481413323518586,1155633.1,1.0927456127727735,1.4500000000000028,1.6099999999999994,73.21375567145765,53.849692910953536,107.24,-3.0500000000000114,-2.7654365762988586,0,0,1,105.26,106.27,104.65,1.8331584765153452,111.81,1312639.0,62.35741444866922,109.45,1169670.0,55.37828100874937,110.56,1067896.0,57.2949946751864,108.84,1109673.0,49.951314508276546,108.68,1385472.0,53.944468929043644,0.9971610430002532,1.0080431404807606,0.9973251538624308,0.8631801666044048,1.6563116919956167,1,1,0,1,0,0
2024-11-11 01:19:21.305279,109.97,109.97,106.43,107.24,1498632,109.87,110.292,109.329,110.515,109.7302776333208,109.67778949109771,0.0524881422230834,0.07129918859919225,-0.01881104637610885,45.766391663048196,109.329,112.77479621842359,105.8832037815764,6.891592436847191,0.19687702528217302,13.133640552995388,42.39631336405535,-86.86635944700461,3.8599999999999994,3.307142857142858,-3.3089892705797506,-2.5799418604651194,1172177.4,1.2785027249288377,-3.6700000000000017,-2.8400000000000034,-74.67909410514281,46.279325360045384,103.95,-3.289999999999992,-3.067885117493465,0,0,1,102.62,101.9,105.54,1.8067512280389493,110.29,1262813.0,55.02620295378752,111.81,1312639.0,62.35741444866922,109.45,1169670.0,55.37828100874937,110.91,1292586.0,61.650000000000006,110.08,858991.0,50.984990619136966,0.976062619459361,0.9808925353748776,0.9703660136633036,1.696275331430404,1.7228981092117992,-1,-1,0,1,0,0
2024-11-12 01:19:21.305279,107.14,107.14,103.19,103.95,1388289,108.548,109.54299999999998,109.21399999999998,110.2634,108.84100415127145,109.25350878805344,-0.4125046367819891,-0.025461576477044053,-0.38704306030494506,41.187964048456436,109.21399999999998,113.20314527185397,105.224854728146,7.9782905437079705,-0.15979046152328993,6.55737704918037,22.65430233436585,-93.44262295081963,4.049999999999997,3.2821428571428575,-5.978654124457307,-6.721105527638187,1191411.0,1.1652477608482714,-6.609999999999999,-7.489999999999995,-202.91807966701845,45.85439805333148,105.26,1.3100000000000023,1.2602212602212624,1,0,0,106.27,105.41,105.52,1.9115883448117688,107.24,1498632.0,45.766391663048196,110.29,1262813.0,55.02620295378752,111.81,1312639.0,62.35741444866922,110.56,1067896.0,57.2949946751864,111.44,1148896.0,50.332699619771866,0.957640859343332,0.951801051147289,0.9427425600879349,3.055375590663039,1.994572635926992,-1,-1,0,1,0,0
2024-11-13 01:19:21.305279,104.13,106.09,104.13,105.26,1077950,107.71000000000001,108.989,109.08600000000001,110.03399999999999,108.29008043569124,108.95769332227171,-0.6676128865804714,-0.15389183849772958,-0.5137210480827418,38.14221126181668,109.08600000000001,113.41342247337985,104.75857752662017,8.654844946759681,0.057935465795671166,17.86022433132016,12.517080644498648,-82.13977566867983,2.1400000000000006,3.224285714285714,-3.828232069438097,-4.999999999999993,1176051.75,0.9165838152955429,-4.189999999999998,-5.539999999999992,-163.2067889883257,45.48028528809189,102.62,-2.6400000000000006,-2.5080752422572683,0,0,1,101.9,105.91,107.9,2.013273453860693,103.95,1388289.0,41.187964048456436,107.24,1498632.0,45.766391663048196,110.29,1262813.0,55.02620295378752,109.45,1169670.0,55.37828100874937,110.8,1444695.0,55.098855359001035,0.977253736886083,0.96492675503731,0.9566134104004218,3.310113291115523,2.1637112366899194,-1,-1,0,1,0,0
2024-11-14 01:19:21.305279,105.01,105.01,101.13,102.62,1385600,105.872,108.093,108.849,109.75,107.41776036866182,108.48823455765898,-1.0704741889971672,-0.3372083085976172,-0.73326588039955,37.692932575142144,108.849,114.01280072182223,103.68519927817778,10.327601443644454,-0.10314101333115344,10.915750915750978,11.777784098750514,-89.08424908424902,4.13000000000001,3.2907142857142864,-8.219300599230836,-8.03011292346298,1197824.7,1.156763589864193,-9.189999999999998,-8.959999999999994,-211.47916044961735,45.69149438293678,106.27,3.6499999999999915,3.5568115377119387,1,1,0,105.41,105.75,108.2,1.786762435249868,105.26,1077950.0,38.14221126181668,103.95,1388289.0,41.187964048456436,107.24,1498632.0,45.766391663048196,111.81,1312639.0,62.35741444866922,111.58,870160.0,60.12691697514543,0.9692836632915219,0.9427739345331606,0.9350341685649203,3.001427993475762,2.581900360911117,-1,-1,0,1,0,0
2024-11-15 01:19:21.305279,103.25,108.07,103.25,106.27,1735935,105.06800000000001,107.83600000000001,108.832,109.539,107.24118185040615,108.32392088672128,-1.0827390363151324,-0.4863144541411203,-0.5964245821740121,42.91030889467807,108.832,114.02896915721149,103.6350308427885,10.393938314422996,0.2535101784811561,37.65567765567764,22.14388430091627,-62.34432234432236,5.449999999999989,3.497142857142857,-3.6449360776135733,-2.361264241087842,1229111.65,1.4123493174928414,-4.02000000000001,-2.5700000000000074,-103.86060813119258,48.2150496751255,101.9,-4.36999999999999,-4.112167121483006,0,0,1,105.91,104.65,108.58,1.6515386765135447,102.62,1385600.0,37.692932575142144,105.26,1077950.0,38.14221126181668,103.95,1388289.0,41.187964048456436,110.29,1262813.0,55.02620295378752,108.84,1109673.0,49.951314508276546,1.0114402101496172,0.9764591296677448,0.9701567478249755,1.8331584765153452,2.5984845786057504,-1,-1,0,1,0,0
2024-11-16 01:19:21.305279,106.24,106.24,101.12,101.9,1384859,104.0,106.93499999999999,108.518,109.23019999999998,106.41946156572828,107.8480748951123,-1.4286133293840209,-0.6747742291897005,-0.7538391001943203,34.036144578313255,108.518,114.56946211127241,102.46653788872759,12.102924222544829,-0.046810000485028015,6.2852538275584315,18.285560799662363,-93.71474617244156,5.1499999999999915,3.512142857142856,-4.9794852666915235,-8.123703904066353,1238162.15,1.118479514173487,-5.339999999999989,-9.009999999999991,-164.34373495987762,41.24460114748126,105.41,3.509999999999991,3.4445534838076455,1,1,0,105.75,105.54,107.84,0.4876679198183557,106.27,1735935.0,42.91030889467807,102.62,1385600.0,37.692932575142144,105.26,1077950.0,38.14221126181668,107.24,1498632.0,45.766391663048196,110.91,1292586.0,61.650000000000006,0.9798076923076924,0.9390147256676312,0.932892185494488,1.8067512280389493,3.025731055636204,-1,-1,0,1,0,0
2024-11-17 01:19:21.305279,102.16,106.84,102.16,105.41,1149385,104.292,106.42,108.329,108.9972,106.26415978638546,107.66747675473361,-1.4033169683481503,-0.8204827770213906,-0.5828341913267597,41.7709923664122,108.329,114.52644565377817,102.13155434622182,12.39489130755635,0.26449975013330895,34.56889605157126,26.169942511602457,-65.43110394842874,4.939999999999998,3.7171428571428557,1.4045214045213983,-4.658104196816214,1243527.85,0.9242937341531996,1.4599999999999937,-5.150000000000006,-98.17733635611232,48.42528215860584,105.91,0.5,0.47433829807418654,1,0,0,104.65,105.52,107.77,0.48778068844508116,101.9,1384859.0,34.036144578313255,106.27,1735935.0,42.91030889467807,102.62,1385600.0,37.692932575142144,103.95,1388289.0,41.187964048456436,110.56,1067896.0,57.2949946751864,1.0107199018141373,0.9730543067876561,0.9670890628383113,1.9115883448117688,3.0987228268890847,1,-1,0,1,0,0
2024-11-18 01:19:21.305279,105.8,106.41,104.76,105.91,1268619,104.422,106.06599999999999,108.20149999999998,108.79979999999999,106.20967366540309,107.53729329142003,-1.32761962601694,-0.9219101468205008,-0.4057094791964392,41.268863566368935,108.20149999999998,114.49182431595978,101.91117568404019,12.580648631919587,0.3178551784535181,38.597904915390764,26.484018264840163,-61.40209508460924,1.6499999999999915,3.7014285714285697,0.6175185255557585,-3.2343535861123858,1247732.25,1.0167397692894449,0.6499999999999915,-3.5400000000000063,-66.28470989876408,49.407296547213555,105.75,-0.1599999999999966,-0.15107166462090132,0,0,0,105.54,107.9,108.49,1.2098636286870845,105.41,1149385.0,41.7709923664122,101.9,1384859.0,34.036144578313255,106.27,1735935.0,42.91030889467807,105.26,1077950.0,38.14221126181668,109.45,1169670.0,55.37828100874937,1.0142498707168988,0.9788219202136755,0.9734392894104585,2.013273453860693,3.145162157979894,1,-1,0,1,0,0
2024-11-19 01:19:21.305279,105.79,106.96,104.78,105.75,990266,105.048,105.46,107.9375,108.6234,106.13895463995645,107.40490119575928,-1.2659465558028273,-0.9907174286169662,-0.2752291271858611,44.831047172967544,107.9375,114.17093066815472,101.70406933184528,12.46686133630945,0.3245348254873938,37.30862207896855,36.8251410153102,-62.69137792103145,2.1799999999999926,3.493571428571426,3.0500877022022954,-5.41990877381272,1240151.3,0.7985041825138594,3.1299999999999955,-6.060000000000002,-56.110556110556146,55.27518673571728,104.65,-1.0999999999999943,-1.040189125295503,0,0,0,105.52,108.2,104.83,1.5858184007066454,105.91,1268619.0,41.268863566368935,105.41,1149385.0,41.7709923664122,101.9,1384859.0,34.036144578313255,102.62,1385600.0,37.692932575142144,111.81,1312639.0,62.35741444866922,1.006682659355723,0.9797336421540244,0.9735471362524096,1.786762435249868,3.1167153340773606,1,-1,0,1,0,0
2024-11-20 01:19:21.305279,104.8,105.7,103.46,104.65,669449,104.724,104.896,107.73599999999999,108.4254,105.90988469534777,107.20083444051787,-1.2909497451700958,-1.0507638919275923,-0.2401858532425034,39.17704011065007,107.73599999999999,114.1269258039453,101.34507419605468,12.781851607890616,0.2585639315281281,30.668983492615155,35.525170162324834,-69.33101650738485,2.2900000000000063,3.2364285714285694,-1.524418932906738,-5.113790914860822,1204350.15,0.5558591079180752,-1.6199999999999903,-5.640000000000001,-77.49312214748024,49.72864408031582,105.54,0.8900000000000006,0.8504538939321553,1,0,0,107.9,108.58,102.06,1.496569410358111,105.75,990266.0,44.831047172967544,105.91,1268619.0,41.268863566368935,105.41,1149385.0,41.7709923664122,106.27,1735935.0,42.91030889467807,110.29,1262813.0,55.02620295378752,0.9992933806959245,0.9713559070320043,0.9651797457053422,1.6515386765135447,3.1954629019726513,-1,-1,0,1,0,0
2024-11-21 01:19:21.305279,104.85,106.13,104.85,105.54,1254311,105.452,104.726,107.50899999999999,108.2688,105.85297935760197,107.07780966714617,-1.2248303095442026,-1.0855771754509145,-0.1392531340932881,41.479972844534956,107.50899999999999,113.87182261098816,101.14617738901181,12.72564522197635,0.3452730713724718,40.00000000000002,35.992535190527924,-59.99999999999998,1.4799999999999898,3.0921428571428544,3.5721295387634937,-1.5852293920178933,1224116.15,1.024666654385697,3.6400000000000006,-1.6999999999999886,-50.534591194968634,50.107065093344985,105.52,-0.020000000000010232,-0.018950161076378844,0,0,0,108.2,107.84,103.63,1.2035447644435746,104.65,669449.0,39.17704011065007,105.75,990266.0,44.831047172967544,105.91,1268619.0,41.268863566368935,101.9,1384859.0,34.036144578313255,107.24,1498632.0,45.766391663048196,1.0008345029017942,0.9816852542577833,0.974796063131761,0.4876679198183557,3.1814113054940854,1,-1,0,1,0,0
2024-11-22 01:19:21.305279,105.76,105.88,105.12,105.52,895461,105.474,104.883,107.213,108.14300000000001,105.80175176412473,106.96241635846867,-1.1606645943439418,-1.10059465922952,-0.060069935114421824,43.07366936905179,107.213,113.35272774983225,101.07327225016773,12.279455499664522,0.36212743716150514,39.81900452488681,36.82932933916734,-60.180995475113185,0.7599999999999909,3.0457142857142827,0.10435442557632049,1.5103415103415037,1211444.4,0.7391680542664608,0.10999999999999943,1.5699999999999932,-45.15351449410436,53.807057927559384,107.9,2.3800000000000097,2.2554965883244975,1,1,0,108.58,107.77,104.03,0.33469389002408007,105.54,1254311.0,41.479972844534956,104.65,669449.0,39.17704011065007,105.75,990266.0,44.831047172967544,105.41,1149385.0,41.7709923664122,103.95,1388289.0,41.187964048456436,1.0004361264387431,0.9842090045050507,0.9757450782759862,0.48778068844508116,3.0698638749161273,1,-1,0,1,0,0
2024-11-23 01:19:21.305279,105.99,108.56,105.99,107.9,1207553,105.872,105.147,107.06800000000001,108.059,106.12455918502862,107.03186699858212,-0.9073078135535013,-1.0619372900943163,0.15462947654081494,43.11377245508982,107.06800000000001,112.9839395747917,101.15206042520832,11.831879149583386,0.5703185005087962,61.35746606334844,47.05882352941177,-38.64253393665156,3.0400000000000063,3.077142857142855,1.878953828722509,2.5080752422572683,1199587.3,1.00664036706624,1.990000000000009,2.6400000000000006,8.51177018220565,53.37180602842,108.2,0.29999999999999716,0.2780352177942513,1,0,0,107.84,108.49,103.7,0.3674642840051646,105.52,895461.0,43.07366936905179,105.54,1254311.0,41.479972844534956,104.65,669449.0,39.17704011065007,105.91,1268619.0,41.268863566368935,105.26,1077950.0,38.14221126181668,1.019155206286837,1.0077707625060708,0.9985285816081956,1.2098636286870845,2.957969787395849,1,-1,0,1,0,0
2024-11-24 01:19:21.305279,107.35,108.88,107.35,108.2,1094241,106.36200000000001,105.705,106.899,107.9914,106.4438577719473,107.11839536905752,-0.6745375971102305,-0.9844573514974991,0.3099197543872686,46.153846153846146,106.899,112.4543517108761,101.3436482891239,11.110703421752191,0.6170942964288781,80.00000000000003,60.392156862745104,-19.999999999999968,1.5300000000000011,3.0464285714285686,2.316784869976362,5.43753654258429,1210791.35,0.9037403512999989,2.450000000000003,5.579999999999998,33.21863737360603,61.016424424937846,108.58,0.37999999999999545,0.3512014787430642,1,0,0,107.77,104.83,103.79,1.538170991801479,107.9,1207553.0,43.11377245508982,105.52,895461.0,43.07366936905179,105.54,1254311.0,41.479972844534956,105.75,990266.0,44.831047172967544,102.62,1385600.0,37.692932575142144,1.0172806077358454,1.01217036642064,1.0019316352968848,1.5858184007066454,2.7776758554380474,1,-1,0,0,0,0
2024-11-25 01:19:21.305279,107.62,111.25,107.18,108.58,1073160,107.148,105.936,106.886,107.863,106.77249503780158,107.22666237875697,-0.4541673409553937,-0.878399349389078,0.42423200843368436,52.73469387755104,106.886,112.42341493934501,101.34858506065498,11.074829878690025,0.6529594601953719,73.64264560710757,71.66670389015202,-26.35735439289243,4.069999999999993,3.0614285714285683,3.7553750597228786,2.1737084784040674,1208965.7,0.887667863529958,3.9299999999999926,2.3100000000000023,58.77550231652564,69.73371071969046,107.84,-0.7399999999999949,-0.6815251427518834,0,0,0,108.49,102.06,104.57,2.7117835459379425,108.2,1094241.0,46.153846153846146,107.9,1207553.0,43.11377245508982,105.52,895461.0,43.07366936905179,104.65,669449.0,39.17704011065007,106.27,1735935.0,42.91030889467807,1.0133646918281256,1.0158486611904272,1.006647321138852,1.496569410358111,2.7687074696725062,1,-1,0,0,0,0
2024-11-26 01:19:21.305279,109.0,109.07,107.29,107.84,1209612,107.60799999999999,106.53,106.7325,107.8406,106.9367265704475,107.27209479514534,-0.3353682246978309,-0.7697931244508286,0.4344248997529977,58.8610478359909,106.7325,111.96187804493012,101.50312195506989,10.45875608986023,0.6058921338718017,66.33761105626853,73.32675222112539,-33.66238894373147,1.779999999999987,2.8992857142857105,2.1792685237824494,5.829244357212951,1204817.0,1.0039798575219308,2.299999999999997,5.939999999999998,37.806267365675495,70.3595355479672,107.77,-0.07000000000000739,-0.0649109792284935,0,0,0,104.83,103.63,103.49,2.728035923520784,108.58,1073160.0,52.73469387755104,108.2,1094241.0,46.153846153846146,107.9,1207553.0,43.11377245508982,105.54,1254311.0,41.479972844534956,101.9,1384859.0,34.036144578313255,1.0021559735335663,1.0103764083104958,0.9999944362327362,1.2035447644435746,2.6146890224650585,1,-1,0,1,0,0
2024-11-27 01:19:21.305279,108.3,110.36,105.28,107.77,919291,108.05800000000002,106.766,106.593,107.7682,107.06492248268634,107.3089766621716,-0.24405417948526065,-0.6646453354577151,0.42059115597245444,56.059874456784144,106.593,111.53333495561175,101.65266504438826,9.880669911223492,0.6191214776503194,65.64659427443232,68.54228364593615,-34.353405725567676,5.079999999999998,3.1092857142857104,2.1322971948445795,2.2388767669101597,1197386.75,0.7677477640369746,2.25,2.3599999999999994,37.0633758627902,64.00392733032487,108.49,0.7199999999999989,0.668089449754105,1,0,0,102.06,104.03,101.93,2.3928058843165747,107.84,1209612.0,58.8610478359909,108.58,1073160.0,52.73469387755104,108.2,1094241.0,46.153846153846146,105.52,895461.0,43.07366936905179,105.41,1149385.0,41.7709923664122,0.9973347646634213,1.011042000881859,1.0000167025152131,0.33469389002408007,2.47016747780587,1,-1,0,0,0,0
2024-11-28 01:19:21.305279,108.56,108.56,108.46,108.49,1169181,108.176,107.024,106.545,107.65360000000001,107.28416517765767,107.39645987238112,-0.11229469472344533,-0.5541752073108611,0.4418805125874158,65.62001064395955,106.545,111.38611557391012,101.70388442608989,9.682231147820232,0.7008834503437642,72.75419545903252,68.24613359657779,-27.245804540967487,0.7900000000000063,2.8707142857142816,0.5468025949953561,2.4360305920120844,1197362.3,0.9764638489118957,0.5899999999999892,2.5799999999999983,64.55555363391655,72.50925279419168,104.83,-3.6599999999999966,-3.373582818692964,0,0,1,103.63,103.7,102.38,1.0084393883720428,107.77,919291.0,56.059874456784144,107.84,1209612.0,58.8610478359909,108.58,1073160.0,52.73469387755104,107.9,1207553.0,43.11377245508982,105.91,1268619.0,41.268863566368935,1.0029026771187692,1.0182551973344596,1.0077693639599603,0.3674642840051646,2.4205577869550563,1,-1,0,0,0,0
2024-11-29 01:19:21.305279,108.18,108.18,104.29,104.83,1285124,107.502,106.93199999999999,106.196,107.55940000000001,106.90660130417189,107.2063517336862,-0.29975042951431874,-0.5032902517515526,0.20353982223723388,46.170212765957444,106.196,110.40395937542394,101.98804062457606,8.41591875084788,0.3376885470926892,36.62388943731486,58.34155972359324,-63.37611056268514,4.199999999999989,2.781428571428567,-3.114602587800374,-0.869976359338063,1195986.55,1.0745304786245296,-3.3700000000000045,-0.9200000000000017,-23.600569259961823,62.96634727477864,102.06,-2.769999999999996,-2.6423733664027433,0,0,1,104.03,103.79,100.43,0.7871912093133495,108.49,1169181.0,65.62001064395955,107.77,919291.0,56.059874456784144,107.84,1209612.0,58.8610478359909,108.2,1094241.0,46.153846153846146,105.75,990266.0,44.831047172967544,0.9751446484716564,0.9871369919770989,0.974624254133065,1.538170991801479,2.1039796877119703,-1,-1,0,1,0,0
2024-11-30 01:19:21.305279,104.45,104.45,101.61,102.06,1412399,106.19800000000001,106.673,105.78450000000001,107.42360000000001,106.16097033429928,106.82514049415389,-0.6641701598546064,-0.5354662333721634,-0.128703926482443,50.465116279069754,105.78450000000001,109.91568805391346,101.65331194608656,8.262376107826896,0.04922168255305985,4.66804979253115,38.01537822962619,-95.33195020746885,3.219999999999999,2.6435714285714247,-6.004789095597713,-2.4749163879598695,1203465.85,1.1736095378194569,-6.519999999999996,-2.5900000000000034,-142.43165115318712,62.873685785081804,103.63,1.5699999999999932,1.53831079757005,1,0,0,103.7,104.57,101.3,0.38115613601270243,104.83,1285124.0,46.170212765957444,108.49,1169181.0,65.62001064395955,107.77,919291.0,56.059874456784144,108.58,1073160.0,52.73469387755104,104.65,669449.0,39.17704011065007,0.961035047741012,0.9647916282631198,0.950070561775997,2.7117835459379425,2.065594026956726,-1,-1,0,1,0,0
2024-12-01 01:19:21.305279,101.45,105.2,99.89,103.63,1276726,105.356,106.482,105.604,107.3344,105.77159028286863,106.58846342051285,-0.8168731376442224,-0.5917476142265752,-0.22512552341764724,44.167758846657925,105.604,109.78260918689428,101.42539081310572,8.357218373788555,0.2637970061675993,32.922535211267565,24.738158147037865,-67.07746478873243,5.310000000000002,2.669999999999997,-3.9039317507418474,-1.8097403827932637,1192370.55,1.0707460025744513,-4.210000000000008,-1.9100000000000108,-123.49491718597749,63.131128588137784,104.03,0.4000000000000057,0.3859886133359121,1,0,0,103.79,103.49,97.9,0.413739048217762,102.06,1412399.0,50.465116279069754,104.83,1285124.0,46.170212765957444,108.49,1169181.0,65.62001064395955,107.84,1209612.0,58.8610478359909,105.54,1254311.0,41.479972844534956,0.9836174494096207,0.981307526230067,0.965487299505098,2.728035923520784,2.089304593447138,-1,-1,0,1,0,0
2024-12-02 01:19:21.305279,103.33,104.64,103.33,104.03,852085,104.60799999999999,106.333,105.60800000000002,107.31300000000002,105.50365331627346,106.39894761158597,-0.8952942953125103,-0.6524569504437623,-0.24283734486874797,43.799472295514526,105.60800000000002,109.78009072918925,101.43590927081078,8.344181458378472,0.31088618363931525,36.44366197183099,24.678082325209914,-63.556338028169016,1.3100000000000023,2.6457142857142832,-3.470353530667157,-1.4120545868081833,1165560.35,0.7310518069699264,-3.739999999999995,-1.4899999999999949,-71.83518179534117,62.03543404038418,103.7,-0.3299999999999983,-0.31721618763817966,0,0,0,104.57,101.93,99.96,0.9661676873194452,103.63,1276726.0,44.167758846657925,102.06,1412399.0,50.465116279069754,104.83,1285124.0,46.170212765957444,107.77,919291.0,56.059874456784144,105.52,895461.0,43.07366936905179,0.9944746099724687,0.9850579501552911,0.9694072479569109,2.3928058843165747,2.086045364594615,-1,1,0,1,0,0
2024-12-03 01:19:21.305279,104.14,105.64,102.38,103.7,1248993,103.65,105.91300000000001,105.53,107.3166,105.22616819069293,106.19902556628331,-0.9728573755903795,-0.7165370354730858,-0.25632034011729377,43.31376386170908,105.53,109.78695220847243,101.27304779152757,8.513904416944854,0.28505748827085386,33.538732394366214,34.301643192488264,-66.46126760563378,3.260000000000005,2.722857142857141,-4.415153470365926,-3.8924930491195573,1174112.5,1.0637762565341906,-4.789999999999992,-4.200000000000003,-70.30942771396138,54.298966027939144,103.79,0.09000000000000341,0.0867888138862135,1,0,0,103.49,102.38,100.96,1.071130244190802,104.03,852085.0,43.799472295514526,103.63,1276726.0,44.167758846657925,102.06,1412399.0,50.465116279069754,108.49,1169181.0,65.62001064395955,107.9,1207553.0,43.11377245508982,1.0004823926676314,0.9826589595375723,0.9662997150487437,1.0084393883720428,2.1284761042362152,-1,-1,0,1,0,0
2024-12-04 01:19:21.305279,103.6,105.76,101.78,103.79,901494,103.44200000000001,105.47200000000001,105.5885,107.367,105.00521923827863,106.02057922804009,-1.015359989761464,-0.7763016263307615,-0.23905836343070253,46.997206703910614,105.5885,109.7069783853362,101.47002161466379,8.236956770672407,0.2816547967808294,34.33098591549301,34.77112676056342,-65.669014084507,3.980000000000004,2.8435714285714266,-0.9920824191548145,-4.07578558225508,1149907.2,0.7839710891452806,-1.039999999999992,-4.409999999999997,-79.58040966758706,53.489614339653045,104.57,0.7799999999999869,0.7515174872338248,1,0,0,101.93,100.43,101.53,1.5709232953967978,103.7,1248993.0,43.31376386170908,104.03,852085.0,43.799472295514526,103.63,1276726.0,44.167758846657925,104.83,1285124.0,46.170212765957444,108.2,1094241.0,46.153846153846146,1.0033642040950483,0.9829668950690654,0.9666843629793139,0.7871912093133495,2.059239192668099,-1,1,0,1,0,0
2024-12-05 01:19:21.305279,103.55,106.25,103.55,104.57,1236127,103.944,105.071,105.5035,107.36099999999999,104.93826243238962,105.91312891485194,-0.9748664824623177,-0.8160145975570727,-0.15885188490524493,46.586910626319444,105.5035,109.63291323727303,101.37408676272698,8.258826474546055,0.3869694135265968,41.19718309859149,36.35563380281691,-58.80281690140852,2.700000000000003,2.9307142857142847,2.459337644522821,-3.6931294897771276,1124916.8,1.0988608224181557,2.509999999999991,-4.010000000000005,-33.63089638255311,53.40683215299564,103.49,-1.0799999999999983,-1.0328009945491041,0,0,0,102.38,101.3,103.57,1.1489255850665185,103.79,901494.0,46.997206703910614,103.7,1248993.0,43.31376386170908,104.03,852085.0,43.799472295514526,102.06,1412399.0,50.465116279069754,108.58,1073160.0,52.73469387755104,1.0060224736396521,0.9911519523048997,0.9740035953465411,0.38115613601270243,2.064706618636512,1,-1,0,1,0,0
2024-12-06 01:19:21.305279,104.85,107.97,100.65,103.49,1176409,103.91600000000001,104.636,105.583,107.293,104.71545282740661,105.73363788412216,-1.0181850567155522,-0.8564486893887687,-0.16173636732678343,43.35297969875572,105.583,109.47468668614432,101.69131331385567,7.783373372288651,0.23109346039446513,31.690140845070374,35.7394366197183,-68.30985915492963,7.319999999999993,3.3992857142857136,-0.13509601466756785,-4.0337537091988205,1114494.3,1.0555540750634615,-0.14000000000000057,-4.3500000000000085,-68.96452956108509,49.5574012205835,101.93,-1.559999999999988,-1.5073920185525056,0,0,0,100.43,97.9,107.07,1.7726731227219006,104.57,1236127.0,46.586910626319444,103.79,901494.0,46.997206703910614,103.7,1248993.0,43.31376386170908,103.63,1276726.0,44.167758846657925,107.84,1209612.0,58.8610478359909,0.9959005350475383,0.9801767329967892,0.9645550035883048,0.413739048217762,1.9458433430721658,-1,1,0,1,0,0
2024-12-07 01:19:21.305279,103.35,104.19,100.04,101.93,1518297,103.49600000000001,104.05199999999999,105.40900000000002,107.1384,104.28692162319022,105.45188692974274,-1.1649653065525172,-0.9181520128215185,-0.2468132937309987,29.342560553633163,105.40900000000002,109.63046843994232,101.18753156005772,8.442936879884599,0.08793959382915986,17.957746478873297,30.28169014084507,-82.04225352112671,4.1499999999999915,3.478571428571427,-2.018648466788421,-5.4189477591166275,1132939.9,1.3401390488586378,-2.0999999999999943,-5.839999999999989,-137.27947172663434,41.301858753830956,102.38,0.44999999999998863,0.44147944667908234,1,0,0,101.3,99.96,109.3,1.6714305250355688,103.49,1176409.0,43.35297969875572,104.57,1236127.0,46.586910626319444,103.79,901494.0,46.997206703910614,104.03,852085.0,43.799472295514526,107.77,919291.0,56.059874456784144,0.9848689804436886,0.9669952281114514,0.951386244334431,0.9661676873194452,2.110734219971148,-1,-1,0,1,0,0
2024-12-08 01:19:21.305279,101.82,103.77,100.96,102.38,999475,103.232,103.441,105.2325,106.96,103.99354906577634,105.22433974976181,-1.2307906839854752,-0.9806797470543099,-0.25011093693116526,30.06849315068483,105.2325,109.65611069477215,100.80888930522785,8.847221389544302,0.17758238723729605,21.919014084506998,23.855633802816897,-78.080985915493,2.8100000000000023,3.569999999999998,-1.2729026036644238,-5.631855470550281,1119482.7,0.8928007552059536,-1.3200000000000074,-6.109999999999999,-108.53521040923907,40.75108452776922,100.43,-1.9499999999999886,-1.904668880640739,0,0,0,97.9,100.96,105.33,1.3367497896093812,101.93,1518297.0,29.342560553633163,103.49,1176409.0,43.35297969875572,104.57,1236127.0,46.586910626319444,103.7,1248993.0,43.31376386170908,108.49,1169181.0,65.62001064395955,0.9917467451952883,0.972893355189699,0.9571802543006732,1.071130244190802,2.211805347386074,-1,-1,0,1,0,0
2024-12-09 01:19:21.305279,101.83,101.83,100.27,100.43,1120811,102.55999999999999,103.001,104.9665,106.79180000000001,103.4453107479646,104.86920347200169,-1.4238927240370884,-1.0693223424508658,-0.35457038158622267,24.799010513296167,104.9665,109.87257904327912,100.06042095672088,9.812158086558242,0.03766541876097784,5.15759312320923,15.011451228863185,-94.84240687679078,2.1099999999999994,3.429999999999999,-3.237306098853453,-4.197271773347317,1126009.95,0.9953828560751173,-3.3599999999999994,-4.3999999999999915,-141.631151847744,33.97755750641747,101.3,0.8699999999999903,0.8662750174250624,1,0,0,99.96,101.53,102.69,1.4848905683654583,102.38,999475.0,30.06849315068483,101.93,1518297.0,29.342560553633163,103.49,1176409.0,43.35297969875572,103.79,901494.0,46.997206703910614,104.83,1285124.0,46.170212765957444,0.9792316692667709,0.9567814493195449,0.9404280103903109,1.5709232953967978,2.4530395216395573,-1,-1,0,1,0,0
2024-12-10 01:19:21.305279,100.25,101.74,100.25,101.3,1082766,101.90599999999999,102.925,104.799,106.6628,103.11526294058542,104.60481802963118,-1.4895550890457514,-1.153368891769843,-0.33618619727590837,29.93865030674837,104.799,109.97205936152389,99.62594063847612,10.346118723047766,0.16180554334782737,13.467048710601686,13.514551972772646,-86.53295128939831,1.4899999999999949,3.4092857142857134,-3.1270919001625668,-0.7446600039192681,1146675.8,0.9442651532368608,-3.269999999999996,-0.7600000000000051,-118.01202227186386,40.915053953950235,97.9,-3.3999999999999915,-3.3563672260611956,0,0,1,100.96,103.57,101.46,2.082409661911083,100.43,1120811.0,24.799010513296167,102.38,999475.0,30.06849315068483,101.93,1518297.0,29.342560553633163,104.57,1236127.0,46.586910626319444,102.06,1412399.0,50.465116279069754,0.9940533432771378,0.9666122768347025,0.9497219274198689,1.1489255850665185,2.586529680761941,-1,-1,0,1,0,0
2024-12-11 01:19:21.305279,101.33,101.33,94.06,97.9,1274880,100.788,102.352,104.417,106.4436,102.31291479587998,104.10816484225109,-1.795250046371109,-1.2817451226900962,-0.5135049236810127,24.859908303616848,104.417,110.42123043843671,98.4127695615633,12.008460876873414,-0.04270068969045067,26.48275862068968,15.035800151500206,-73.51724137931032,7.269999999999996,3.565714285714285,-5.4014880664798435,-5.529286886036852,1147704.25,1.1108088168184442,-5.589999999999989,-5.72999999999999,-185.31559550069213,40.3032094672149,99.96,2.059999999999988,2.1041879468845637,1,1,0,101.53,107.07,101.56,2.8162155457316174,101.3,1082766.0,29.93865030674837,100.43,1120811.0,24.799010513296167,102.38,999475.0,30.06849315068483,103.49,1176409.0,43.35297969875572,103.63,1276726.0,44.167758846657925,0.9713457951343415,0.9375867914228526,0.9197358976960569,1.7726731227219006,3.0021152192183522,-1,-1,0,1,0,0
2024-12-12 01:19:21.305279,98.62,100.37,98.62,99.96,1370819,100.39399999999999,101.94500000000001,104.13899999999998,106.3178,101.95092790420614,103.80089337245471,-1.8499654682485698,-1.395389191801791,-0.45457627644677867,29.661421077729997,104.13899999999998,110.43592957759716,97.8420704224028,12.593859155194366,0.16817161058400834,41.784702549574995,27.244836626955465,-58.215297450425005,2.469999999999999,3.685714285714284,-1.9326989110173776,-3.91233298087091,1171472.15,1.1701678097938564,-1.970000000000013,-4.070000000000007,-118.93455809850076,40.641876392011774,100.96,1.0,1.0004001600640255,1,0,0,103.57,109.3,102.66,3.6007402016835663,97.9,1274880.0,24.859908303616848,101.3,1082766.0,29.93865030674837,100.43,1120811.0,24.799010513296167,101.93,1518297.0,29.342560553633163,104.03,852085.0,43.799472295514526,0.9956770324919816,0.9598709417221215,0.9402000417615863,1.6714305250355688,3.1484647887985915,-1,-1,0,1,0,0
2024-12-13 01:19:21.305279,99.99,101.35,99.99,100.96,776257,100.11,101.671,103.79199999999999,106.1806,101.7984774574052,103.59045682634697,-1.7919793689417673,-1.4747072272297865,-0.3172721417119808,39.432004369197095,103.79199999999999,109.98021494540075,97.60378505459923,12.376429890801518,0.27117795479092005,49.60460100647012,39.29068739224494,-50.39539899352988,1.3900000000000006,3.4849999999999994,-1.3869896464153173,-2.6422372227579642,1149907.35,0.6750604733503094,-1.4200000000000017,-2.740000000000009,-83.34886197258126,46.76843155362805,101.53,0.5700000000000074,0.5645800316957285,1,0,0,107.07,105.33,101.22,3.0133702062674095,99.96,1370819.0,29.661421077729997,97.9,1274880.0,24.859908303616848,101.3,1082766.0,29.93865030674837,102.38,999475.0,30.06849315068483,103.7,1248993.0,43.31376386170908,1.008490660273699,0.9727146600894097,0.9508328263355076,1.3367497896093812,3.0941074727003817,-1,-1,0,1,0,0
2024-12-14 01:19:21.305279,100.95,101.7,100.95,101.53,845469,100.33000000000001,101.44500000000001,103.4585,106.064,101.75717323318901,103.4378303947657,-1.6806571615766899,-1.5158972140991673,-0.16475994747752254,48.3550589695841,103.4585,109.35869187912405,97.55830812087595,11.800383758248103,0.3365731115607119,53.702372393961184,48.36389198333544,-46.297627606038816,0.75,3.3085714285714283,1.0952902519167522,-2.1774737450621493,1137468.75,0.7432898706008407,1.0999999999999943,-2.260000000000005,-60.06051786662995,53.85983738206204,103.57,2.039999999999992,2.0092583472865084,1,1,0,109.3,102.69,101.65,2.669853928592361,100.96,776257.0,39.432004369197095,99.96,1370819.0,29.661421077729997,97.9,1274880.0,24.859908303616848,100.43,1120811.0,24.799010513296167,103.79,901494.0,46.997206703910614,1.0119605302501744,0.9813596756187264,0.957252225071655,1.4848905683654583,2.9500959395620225,1,-1,0,1,0,0
2024-12-15 01:19:21.305279,101.07,104.96,101.07,103.57,987977,100.784,101.345,103.208,106.00320000000002,102.03606965885223,103.44762073589416,-1.4115510770419348,-1.495027986687721,0.08347690964578613,49.81905910735826,103.208,108.59582096369182,97.82017903630818,10.775641927383646,0.5335942863023372,68.36808051761318,57.225017972681506,-31.631919482386824,3.8900000000000006,3.2071428571428564,2.2408687068114475,-0.9562972171750981,1133209.6,0.8718395961347308,2.269999999999996,-1.0,-2.199183160541046,52.99551877211435,107.07,3.5,3.3793569566476784,1,1,0,105.33,101.46,100.17,3.1861810996897413,101.53,845469.0,48.3550589695841,100.96,776257.0,39.432004369197095,99.96,1370819.0,29.661421077729997,101.3,1082766.0,29.93865030674837,104.57,1236127.0,46.586910626319444,1.0276432767105887,1.003507480040307,0.9770459759705364,2.082409661911083,2.693910481845912,1,-1,0,1,0,0
2024-12-16 01:19:21.305279,103.21,108.23,103.21,107.07,1528156,102.61799999999998,101.703,103.1695,105.98100000000001,102.81052048056728,103.71594512582791,-0.9054246452606378,-1.3771073184023044,0.47168267314166656,57.72357723577237,103.1695,108.42739421526359,97.91160578473641,10.51578843052718,0.8709184552132011,91.81369089625963,71.29471460261135,-8.186309103740372,5.02000000000001,3.472142857142857,9.366700715015309,3.4592714271910316,1149136.8,1.329829485923695,9.169999999999987,3.5799999999999983,98.83122954651746,55.10013194146419,109.3,2.230000000000004,2.0827496030634203,1,1,0,102.69,101.56,98.99,3.3150067873264315,103.57,987977.0,49.81905910735826,101.53,845469.0,48.3550589695841,100.96,776257.0,39.432004369197095,97.9,1274880.0,24.859908303616848,103.49,1176409.0,43.35297969875572,1.0433842016020582,1.0378067161321902,1.010275426727432,2.8162155457316174,2.6289471076317956,1,-1,0,0,0,0
2024-12-17 01:19:21.305279,106.23,110.37,106.23,109.3,1549996,104.48599999999999,102.44000000000001,103.24600000000001,105.98320000000001,103.80890194509537,104.12957882021102,-0.3206768751156517,-1.165821229744974,0.8451443546293222,62.974976830398546,103.24600000000001,108.82070376838251,97.6712962316175,11.149407536765011,1.0429884933380549,93.43960760269768,84.54045967219018,-6.560392397302313,4.140000000000001,3.5349999999999997,9.343737494998003,7.2304522711664765,1180672.05,1.3128082434067954,9.340000000000003,7.36999999999999,175.0134625740441,63.84113858486733,105.33,-3.969999999999999,-3.6322049405306487,0,0,1,101.46,102.66,96.26,1.5610733486997181,107.07,1528156.0,57.72357723577237,103.57,987977.0,49.81905910735826,101.53,845469.0,48.3550589695841,99.96,1370819.0,29.661421077729997,101.93,1518297.0,29.342560553633163,1.0460731581264477,1.0586366542045211,1.0312955260833792,3.6007402016835663,2.7873518841912532,1,1,0,0,0,0
2024-12-18 01:19:21.305279,108.94,108.94,100.79,105.33,1342285,105.35999999999999,102.73499999999999,103.088,105.92060000000001,104.04291703046532,104.2184989076028,-0.17558187713747486,-0.9677733592234741,0.7921914820859992,53.02435192458758,103.088,108.19653815736146,97.97946184263853,10.21707631472293,0.7194365521934347,69.0987124463519,84.78400364843641,-30.901287553648103,8.509999999999991,3.858571428571427,4.3284469096672,2.8814221527642148,1189327.25,1.1286086314763242,4.3700000000000045,2.950000000000003,69.8454746136867,62.09191330724606,102.69,-2.6400000000000006,-2.5064084306465397,0,0,1,101.56,101.22,94.53,0.7020826162359332,109.3,1549996.0,62.974976830398546,107.07,1528156.0,57.72357723577237,103.57,987977.0,49.81905910735826,100.96,776257.0,39.432004369197095,102.38,999475.0,30.06849315068483,0.9997152619589978,1.0217484091261835,0.9944241252409823,3.0133702062674095,2.554269078680735,1,-1,0,1,0,0
2024-12-19 01:19:21.305279,104.29,106.74,97.21,102.69,1217151,105.59199999999998,102.96099999999998,102.981,105.7538,103.83477594885528,104.10527676629889,-0.27050081744360455,-0.8283188508675002,0.5578180334238957,46.559297218155194,102.981,108.02514992055228,97.93685007944771,10.088299841104572,0.47115470350967137,52.912323727774336,71.81688125894131,-47.087676272225664,9.530000000000001,4.34642857142857,1.142519452378604,2.250323608483512,1185928.6,1.026327385982596,1.1599999999999966,2.259999999999991,-24.412177985948915,54.768400239394595,101.46,-1.230000000000004,-1.1977797253870912,0,0,0,102.66,101.65,92.02,0.5547972602858872,105.33,1342285.0,53.02435192458758,109.3,1549996.0,62.974976830398546,107.07,1528156.0,57.72357723577237,101.53,845469.0,48.3550589695841,100.43,1120811.0,24.799010513296167,0.9725168573376772,0.997174236024121,0.9710289370216484,2.669853928592361,2.522074960276141,1,-1,0,1,0,0
2024-12-20 01:19:21.305279,102.57,103.72,99.45,101.46,1133974,105.16999999999999,102.977,102.951,105.60940000000001,103.46942580287755,103.90933033916563,-0.4399045362880827,-0.7506359879516168,0.3107314516635341,46.30506006552602,102.951,108.02526074470144,97.87673925529855,10.148521489402896,0.353082047315276,45.37093807480068,55.793991416308984,-54.629061925199316,4.269999999999996,4.128571428571427,-2.0372694795790283,0.15794669299111214,1172007.35,0.9675485396913253,-2.1099999999999994,0.1599999999999966,-45.83938074504061,54.999268354119415,101.56,0.10000000000000853,0.09856100926474327,1,0,0,101.22,100.17,90.27,0.8954719426206315,102.69,1217151.0,46.559297218155194,105.33,1342285.0,53.02435192458758,109.3,1549996.0,62.974976830398546,103.57,987977.0,49.81905910735826,101.3,1082766.0,29.93865030674837,0.9647237805457831,0.985517382055541,0.9607099368048676,3.1861810996897413,2.5371303723507257,-1,-1,0,1,0,0
2024-12-21 01:19:21.305279,100.75,101.6,100.75,101.56,1242593,104.06799999999998,103.343,102.8475,105.439,103.17566798705023,103.73530586959781,-0.5596378825475767,-0.7124363668708088,0.15279848432323206,49.28873510188388,102.8475,107.94782351914611,97.74717648085388,10.200647038292232,0.37378251642598304,45.984058859595336,48.08910688739013,-54.015941140404664,0.8499999999999943,3.892857142857142,-5.146166059587178,3.738508682328903,1170300.7,1.0617724145597793,-5.509999999999991,3.6599999999999966,-49.9492552068259,55.94584311502678,102.66,1.0999999999999943,1.0831035840882182,1,0,0,101.65,98.99,92.22,1.408570197051199,101.46,1133974.0,46.30506006552602,102.69,1217151.0,46.559297218155194,105.33,1342285.0,53.02435192458758,107.07,1528156.0,57.72357723577237,97.9,1274880.0,24.859908303616848,0.9759003728331477,0.9874814652762586,0.9632109560978387,3.3150067873264315,2.5501617595730552,-1,-1,0,1,0,0
2024-12-22 01:19:21.305279,101.43,103.9,101.43,102.66,923061,102.74000000000001,103.61299999999999,102.779,105.2634,103.09633445058097,103.65565358296094,-0.5593191323799687,-0.6818129199726408,0.12249378759267215,50.52513128282071,102.779,107.84916412066525,97.70883587933474,10.140328241330508,0.48826467968610987,52.72838749233595,48.02779480891067,-47.27161250766405,2.469999999999999,3.8685714285714274,-6.075022872827082,2.7010804321728723,1173849.5,0.7863537872614845,-6.640000000000001,2.700000000000003,0.13387125236534023,55.74798406282585,101.22,-1.4399999999999977,-1.4026884862653397,0,0,0,100.17,96.26,90.51,2.160016203647797,101.56,1242593.0,49.28873510188388,101.46,1133974.0,46.30506006552602,102.69,1217151.0,46.559297218155194,109.3,1549996.0,62.974976830398546,99.96,1370819.0,29.661421077729997,0.9992213354097721,0.9988421759308809,0.9752677568841591,1.5610733486997181,2.5350820603326274,-1,-1,0,1,0,0
2024-12-23 01:19:21.305279,103.02,103.02,98.77,101.22,1187822,101.91799999999999,103.63899999999998,102.655,105.0718,102.80766761203006,103.47523479903789,-0.6675671870078332,-0.6789637733796794,0.011396586371846151,51.51051625239004,102.655,107.75156024351173,97.55843975648827,10.193120487023464,0.3592187738949172,43.89944819129366,47.537298181074995,-56.10055180870634,4.25,4.0214285714285705,-3.9020222158929077,0.257527733755948,1170790.95,1.0145466191039485,-4.109999999999999,0.2600000000000051,-55.43328075516911,55.51858091782333,101.65,0.4300000000000068,0.4248172297964896,1,0,0,98.99,94.53,95.32,2.8968948893636477,102.66,923061.0,50.52513128282071,101.56,1242593.0,49.28873510188388,101.46,1133974.0,46.30506006552602,105.33,1342285.0,53.02435192458758,100.96,776257.0,39.432004369197095,0.9931513569732531,0.9860211387657688,0.963341258073051,0.7020826162359332,2.5482801217558695,-1,-1,0,1,0,0
2024-12-24 01:19:21.305279,101.35,102.65,100.27,101.65,1237392,101.71,103.651,102.548,104.8732,102.62956490248696,103.3400322213314,-0.7104673188444366,-0.6852644824726309,-0.025202836371805648,50.680669000388974,102.548,107.63407427972717,97.46192572027283,10.172148559454342,0.41171973209481255,46.5358675659105,47.72123441651339,-53.46413243408951,2.3800000000000097,4.085,-1.0127568409776921,0.11819166748744661,1187585.85,1.0419389890844521,-1.039999999999992,0.12000000000000455,-33.08757756372177,55.94029465258851,100.17,-1.480000000000004,-1.4559763895720648,0,0,0,96.26,92.02,96.31,3.302337051244386,101.22,1187822.0,51.51051625239004,102.66,923061.0,50.52513128282071,101.56,1242593.0,49.28873510188388,102.69,1217151.0,46.559297218155194,101.53,845469.0,48.3550589695841,0.9994100875036871,0.9912431251706518,0.9692657418673217,0.5547972602858872,2.5430371398635887,-1,-1,0,1,0,0
2024-12-25 01:19:21.305279,101.37,101.37,99.27,100.17,1246295,101.452,103.311,102.328,104.6998,102.25117030210434,103.1052150197513,-0.854044717646957,-0.7190205295074963,-0.1350241881394607,54.77091214796132,102.328,107.42644393185518,97.22955606814483,10.196887863710344,0.2883668008471391,22.492401215805515,37.64257232433658,-77.50759878419449,2.3800000000000097,3.7357142857142867,-1.2714370195150722,-3.282803900743451,1188094.25,1.048986643946808,-1.289999999999992,-3.3999999999999915,-75.18080210387902,55.92948365291078,98.99,-1.1800000000000068,-1.1779974044125054,0,0,0,94.53,90.27,96.71,3.4374743635439238,101.65,1237392.0,50.680669000388974,101.22,1187822.0,51.51051625239004,102.66,923061.0,50.52513128282071,101.46,1133974.0,46.30506006552602,103.57,987977.0,49.81905910735826,0.9873634822379056,0.9789109530138378,0.9567353519299941,0.8954719426206315,2.5492219659275825,-1,-1,0,1,0,0
2024-12-26 01:19:21.305279,99.85,101.17,97.81,98.99,1155219,100.938,102.503,102.103,104.4614,101.74945179408829,102.80038427754751,-1.0509324834592206,-0.7854029202978413,-0.2655295631613793,47.883020515058924,102.103,107.37959419661436,96.82640580338563,10.553188393228737,0.20501805861843614,13.525835866261396,27.51803488265915,-86.47416413373861,3.3599999999999994,3.7992857142857153,-2.530523828278857,-7.546464929485381,1187034.75,0.9731972884534341,-2.5700000000000074,-8.079999999999998,-103.83023185070543,48.53942153628752,96.26,-2.7299999999999898,-2.7578543287200623,0,0,1,92.02,92.22,95.1,2.3437256665450126,100.17,1246295.0,54.77091214796132,101.65,1237392.0,50.680669000388974,101.22,1187822.0,51.51051625239004,101.56,1242593.0,49.28873510188388,107.07,1528156.0,57.72357723577237,0.9807010243912103,0.9695111798869769,0.9476227582628607,1.408570197051199,2.6382970983071856,-1,-1,0,1,0,0
2024-12-27 01:19:21.305279,99.31,99.31,93.19,96.26,1476541,99.65799999999999,101.199,101.8195,104.17540000000001,100.90492074884392,102.31591136809953,-1.4109906192556139,-0.9105204600893959,-0.500470159166218,40.46266233766237,101.8195,107.70891771761748,95.93008228238253,11.778835435234953,0.028009366412452615,17.869615832363248,17.9626176381434,-82.13038416763675,6.1200000000000045,4.137142857142858,-6.234171050068178,-11.930466605672455,1184946.95,1.246081944849936,-6.3999999999999915,-13.039999999999992,-192.20689798450206,42.28617772231498,94.53,-1.730000000000004,-1.7972158736754662,0,0,0,90.27,90.51,96.48,1.7045673938046475,98.99,1155219.0,47.883020515058924,100.17,1246295.0,54.77091214796132,101.65,1237392.0,50.680669000388974,102.66,923061.0,50.52513128282071,109.3,1549996.0,62.974976830398546,0.9659033895924062,0.9453984747518894,0.9240185302864208,2.160016203647797,2.944708858808735,-1,-1,0,1,0,0
2024-12-28 01:19:21.305279,96.48,96.48,92.93,94.53,639000,98.32000000000001,100.119,101.42699999999999,103.877,99.92416371056025,101.73917719268475,-1.815013482124499,-1.0914190644964166,-0.7235944176280824,36.434108527131784,101.42699999999999,108.14690632766458,94.7070936723354,13.439812655329177,-0.01317679620074028,9.174311926605473,13.523254541743386,-90.82568807339453,3.549999999999997,4.337142857142858,-6.60936573799644,-10.253489034463113,1166923.2,0.5475938776433616,-6.689999999999998,-10.799999999999997,-209.8409174990741,37.927035426739074,92.02,-2.510000000000005,-2.6552417222045968,0,0,1,92.22,95.32,95.42,2.0162514724165574,96.26,1476541.0,40.46266233766237,98.99,1155219.0,47.883020515058924,100.17,1246295.0,54.77091214796132,101.22,1187822.0,51.51051625239004,105.33,1342285.0,53.02435192458758,0.9614524003254677,0.9320003549350765,0.9100185796663361,2.8968948893636477,3.3599531638322944,-1,-1,0,1,0,0
2024-12-29 01:19:21.305279,94.85,94.85,90.14,92.02,1400911,96.394,99.05199999999999,101.0065,103.4812,98.7081385243202,101.01923814137476,-2.311099617054552,-1.3353551750080437,-0.9757444420465082,28.01674914350974,101.0065,108.93323895913514,93.07976104086487,15.853477918270272,-0.06684722723482357,9.293129016312383,12.11235225842705,-90.70687098368762,4.709999999999994,4.395714285714286,-9.473684210526324,-10.390495666569288,1180928.2,1.1862795722889843,-9.63000000000001,-10.670000000000002,-220.55046823523298,31.503571526534188,90.27,-1.75,-1.9017604868506848,0,0,0,90.51,96.31,95.7,2.7646211313707787,94.53,639000.0,36.434108527131784,96.26,1476541.0,40.46266233766237,98.99,1155219.0,47.883020515058924,101.65,1237392.0,50.680669000388974,102.69,1217151.0,46.559297218155194,0.9546237317675373,0.911030478236549,0.8892436500543094,3.302337051244386,3.9633694795675694,-1,-1,0,1,0,0
2024-12-30 01:19:21.305279,91.91,91.91,89.24,90.27,1059359,94.414,97.933,100.455,103.0808,97.40996336673248,100.22299827905069,-2.8130349123182015,-1.6308911224700757,-1.1821437898481257,15.742251223491067,100.455,109.71795280873206,91.19204719126793,18.525905617464133,-0.049770694631993254,4.874585896829156,7.780675613249019,-95.12541410317084,2.780000000000001,4.235714285714286,-9.883198562443852,-11.028976936723831,1179757.85,0.8979461336069939,-9.900000000000006,-11.189999999999998,-206.53505547971628,23.104585081158646,92.22,1.9500000000000028,2.160186108341645,1,1,0,95.32,96.71,100.65,2.717633161414852,92.02,1400911.0,28.01674914350974,94.53,639000.0,36.434108527131784,96.26,1476541.0,40.46266233766237,100.17,1246295.0,54.77091214796132,101.46,1133974.0,46.30506006552602,0.9561082042917364,0.8986113185008212,0.8757207937850696,3.4374743635439238,4.631476404366031,-1,-1,0,1,0,0
2024-12-31 01:19:21.305279,90.95,93.22,90.95,92.22,849601,93.06,96.999,100.171,102.78040000000001,96.61150746415825,99.6301835917136,-3.018676127555352,-1.908448123487131,-1.110228004068221,14.76897689768981,100.171,110.08892614145334,90.25307385854667,19.83585228290667,0.09916015270734321,15.126903553299512,9.764872822147032,-84.87309644670049,2.950000000000003,4.150714285714286,-6.839074654005452,-9.196534068530921,1158493.9,0.7333668308482246,-6.769999999999996,-9.340000000000003,-148.83406768612122,18.753780347996795,90.51,-1.7099999999999937,-1.854261548471041,0,0,0,96.31,95.1,100.5,2.4845623357085698,90.27,1059359.0,15.742251223491067,92.02,1400911.0,28.01674914350974,94.53,639000.0,36.434108527131784,98.99,1155219.0,47.883020515058924,101.56,1242593.0,49.28873510188388,0.9909735654416505,0.920625730001697,0.897252783604656,2.3437256665450126,4.958963070726668,-1,-1,0,1,0,0
2025-01-01 01:19:21.305279,91.86,91.86,89.71,90.51,1287120,91.91,95.78399999999999,99.6985,102.5116,95.6728140081339,98.95461443677186,-3.2818004286379647,-2.1831185845172985,-1.0986818441206663,16.28753412192907,99.6985,110.51817267721442,88.87882732278557,21.639345354428855,0.07537994567292167,7.257142857142916,9.086210769090542,-92.74285714285708,2.510000000000005,3.7221428571428583,-5.973405360482027,-11.835184102863815,1154308.95,1.1150567618833762,-5.75,-12.149999999999991,-143.80206310155828,19.043563963987722,95.32,4.809999999999988,5.314329908297412,1,1,0,96.71,96.48,102.86,0.7248655047810832,92.22,849601.0,14.76897689768981,90.27,1059359.0,15.742251223491067,92.02,1400911.0,28.01674914350974,96.26,1476541.0,40.46266233766237,102.66,923061.0,50.52513128282071,0.9847677075399849,0.9078371289437656,0.8829244690356994,1.7045673938046475,5.409836338607211,-1,-1,0,1,0,0
2025-01-02 01:19:21.305279,90.47,95.57,90.47,95.32,1806208,92.068,95.19399999999999,99.4165,102.31280000000001,95.61853492995947,98.6853837377517,-3.0668488077922404,-2.359864629172287,-0.7069841786199533,34.741200828157346,99.4165,110.39062895476195,88.44237104523805,21.948257909523903,0.313356485198653,41.47339699863571,21.285814469692728,-58.52660300136429,5.099999999999994,3.405714285714286,0.8357135300962573,-5.828887571626167,1205806.5,1.4979252475417906,0.789999999999992,-5.900000000000006,-81.93262024303264,29.012609522342032,96.31,0.9900000000000091,1.0386067981535974,1,0,0,95.1,95.42,101.47,0.7030149358452699,90.51,1287120.0,16.28753412192907,92.22,849601.0,14.76897689768981,90.27,1059359.0,15.742251223491067,94.53,639000.0,36.434108527131784,101.22,1187822.0,51.51051625239004,1.0353217187296346,0.9587945662943274,0.9316527355326019,2.0162514724165574,5.487064477380973,1,-1,0,1,0,0
2025-01-03 01:19:21.305279,95.78,96.72,95.78,96.31,1076173,92.926,94.66,99.15549999999999,102.1866,95.72491417150415,98.50942938680713,-2.7845152153029744,-2.4447947463984248,-0.33972046890454966,39.23044751150149,99.15549999999999,110.1662191313478,88.14478086865218,22.021438262695625,0.37078500658967983,48.226466575716245,32.31900214383163,-51.77353342428375,1.4000000000000057,3.200714285714287,4.662029993479686,-5.253320216428926,1217341.7,0.8840352712800359,4.290000000000006,-5.340000000000003,-39.871267216411866,35.68980981029512,96.71,0.3999999999999915,0.415325511369527,1,0,0,96.48,95.7,101.45,0.6894345509339793,95.32,1806208.0,34.741200828157346,90.51,1287120.0,16.28753412192907,92.22,849601.0,14.76897689768981,92.02,1400911.0,28.01674914350974,101.65,1237392.0,50.680669000388974,1.036416073004326,0.9713026508867386,0.9424914812705384,2.7646211313707787,5.505359565673907,1,-1,0,1,0,0
2025-01-04 01:19:21.305279,96.56,97.53,94.9,96.71,1232542,94.214,94.314,98.8125,101.9954,95.8764658374266,98.37613832111771,-2.499672483691114,-2.455770293856963,-0.04390218983415117,39.9834779016935,98.8125,109.67053486145568,87.95446513854432,21.716069722911357,0.4031822964824164,50.954979536152756,46.88494770350159,-49.04502046384725,2.6299999999999955,3.327857142857144,7.134153096266753,-3.4541279824298767,1229569.95,1.002417145929762,6.439999999999998,-3.460000000000008,-33.57199741084889,43.297749077988364,95.1,-1.6099999999999994,-1.6647709647399436,0,0,0,95.42,100.65,105.09,2.282805291745552,96.31,1076173.0,39.23044751150149,95.32,1806208.0,34.741200828157346,90.51,1287120.0,16.28753412192907,90.27,1059359.0,15.742251223491067,100.17,1246295.0,54.77091214796132,1.0264928779162332,0.9787223276407336,0.948180015961504,2.717633161414852,5.429017430727836,1,-1,0,1,0,0
2025-01-05 01:19:21.305279,96.24,97.41,92.72,95.1,1489127,94.78999999999999,93.925,98.214,101.85940000000001,95.75700955474558,98.13346140844233,-2.37645185369675,-2.4399066058249206,0.06345475212817053,34.708737864077676,98.214,108.45779329411653,87.97020670588347,20.487586588233057,0.3480055234134549,42.52539912917271,47.23561508034726,-57.474600870827295,4.689999999999998,3.4864285714285725,3.1229668184775488,-3.929689867663401,1227618.5,1.213020983310369,2.8799999999999955,-3.8900000000000006,-46.81880241856839,36.28976661323425,96.48,1.3800000000000097,1.4511041009463825,1,0,0,95.7,100.5,103.83,2.6084861510120008,96.71,1232542.0,39.9834779016935,96.31,1076173.0,39.23044751150149,95.32,1806208.0,34.741200828157346,92.22,849601.0,14.76897689768981,98.99,1155219.0,47.883020515058924,1.0032703871716426,0.9682937259453845,0.9336398997048871,2.4845623357085698,5.121896647058263,1,-1,0,1,0,0
2025-01-06 01:19:21.305279,95.38,96.63,95.38,96.48,1408044,95.984,93.947,97.573,101.6808,95.8682388540155,98.01098278559476,-2.142743931579261,-2.380474070975789,0.23773013939652765,40.389294403892954,97.573,106.40276330373328,88.7432366962667,17.659526607466574,0.43810706117468284,53.98956002982851,49.156646231718014,-46.01043997017149,1.5300000000000011,3.2921428571428586,6.595956247928404,0.22854768335757203,1220520.9,1.153641858980047,5.969999999999999,0.21999999999999886,-22.76904797616611,44.123804119701994,95.42,-1.0600000000000023,-1.0986733001658398,0,0,0,100.65,102.86,107.64,3.300572677585106,95.1,1489127.0,34.708737864077676,96.71,1232542.0,39.9834779016935,96.31,1076173.0,39.23044751150149,90.51,1287120.0,16.28753412192907,96.26,1476541.0,40.46266233766237,1.0051675279213204,0.9887981306303999,0.9488517006160455,0.7248655047810832,4.414881651866647,1,-1,0,1,0,0
2025-01-07 01:19:21.305279,96.94,96.94,95.39,95.42,1438120,96.00399999999999,94.036,97.0775,101.471,95.7992790303208,97.81905813480996,-2.01977910448916,-2.3083350776784632,0.28855597318930304,37.68287860814551,97.0775,105.15458096047455,89.00041903952545,16.154161920949093,0.3973948628154758,50.948062654575445,49.15434060452557,-49.05193734542455,1.5499999999999972,3.232857142857143,0.10490977759128046,0.941500052893262,1225312.65,1.1736759593561694,0.10000000000000853,0.8900000000000006,-21.303060735548016,36.27238769473033,95.7,0.28000000000000114,0.2934395304967524,1,0,0,100.5,101.47,109.22,2.702985386571898,96.48,1408044.0,40.389294403892954,95.1,1489127.0,34.708737864077676,96.71,1232542.0,39.9834779016935,95.32,1806208.0,34.741200828157346,94.53,639000.0,36.434108527131784,0.9939169201283281,0.9829260127217945,0.9403671985099191,0.7030149358452699,4.038540480237271,1,-1,0,1,0,0
2025-01-08 01:19:21.305279,95.13,96.68,94.68,95.7,1177827,95.88199999999999,94.404,96.728,101.27,95.78400533334839,97.66209086556478,-1.8780855322163887,-2.2222851685860485,0.3441996363696598,40.72229140722292,96.728,104.37605747610789,89.0799425238921,15.296114952215788,0.4327933920991437,54.14920368818109,53.02894212419503,-45.85079631181891,2.0,3.2057142857142855,-0.6333714048385416,3.999130623777447,1223346.45,0.9627910392840884,-0.6099999999999994,3.680000000000007,-21.245061951290523,36.54084946075532,100.65,4.950000000000003,5.172413793103451,1,1,0,102.86,101.45,108.05,0.9368190860679317,95.42,1438120.0,37.68287860814551,96.48,1408044.0,40.389294403892954,95.1,1489127.0,34.708737864077676,96.31,1076173.0,39.23044751150149,92.02,1400911.0,28.01674914350974,0.9981018335036818,0.9893722603589448,0.9449985188110991,0.6894345509339793,3.8240287380539444,-1,-1,0,1,0,0
2025-01-09 01:19:21.305279,95.74,100.67,95.74,100.65,1532103,96.67,95.442,96.6875,101.19,96.53261989744864,97.88341746811554,-1.3507975706668987,-2.0479876490022186,0.69719007833532,52.97918162239773,96.6875,104.23800608272175,89.13699391727825,15.101012165443507,0.7623996296796328,99.825021872266,68.30742940500753,-0.17497812773399835,4.969999999999999,3.3207142857142853,4.0740357770654665,11.49883682286475,1243252.9,1.2323341453697796,3.940000000000012,10.38000000000001,56.32071391171687,44.69937674136894,100.5,-0.15000000000000568,-0.1490312965722858,0,0,0,101.47,105.09,109.47,1.7850574220514936,95.7,1177827.0,40.72229140722292,95.42,1438120.0,37.68287860814551,96.48,1408044.0,40.389294403892954,96.71,1232542.0,39.9834779016935,90.27,1059359.0,15.742251223491067,1.0411709941036515,1.0409825468648999,0.9946635042988439,2.282805291745552,3.7752530413608767,1,-1,0,1,0,0
2025-01-10 01:19:21.305279,101.85,102.29,99.76,100.5,693818,97.75,96.27000000000001,96.6345,101.0892,97.14298606707193,98.07723839640327,-0.9342523293313434,-1.8252405850680435,0.8909882557367002,58.386075949367076,96.6345,104.05475528004311,89.2142447199569,14.840510560086216,0.7604694753828969,86.28352490421453,80.0859168215539,-13.716475095785476,2.530000000000001,3.0642857142857136,5.678233438485811,8.978529603122968,1215814.15,0.5706612314061323,5.400000000000006,8.280000000000001,99.4979111571039,51.002453059194714,102.86,2.3599999999999994,2.348258706467661,1,1,0,101.45,103.83,111.65,1.5654072952497384,100.65,1532103.0,52.97918162239773,95.7,1177827.0,40.72229140722292,95.42,1438120.0,37.68287860814551,95.1,1489127.0,34.708737864077676,92.22,849601.0,14.76897689768981,1.0281329923273657,1.0400012417925275,0.9941714841941572,2.6084861510120008,3.7101276400215553,1,-1,0,1,0,0
2025-01-11 01:19:21.305279,100.88,103.04,100.88,102.86,1185642,99.026,97.50500000000001,96.64450000000001,101.03599999999999,98.0225266721378,98.43151703370673,-0.4089903615689252,-1.54199054036822,1.1330001787992947,66.07487456580469,96.64450000000001,104.09940435534378,89.18959564465624,14.909808710687543,0.9168732222261605,98.69565217391299,94.93473298346453,-1.304347826087005,2.5400000000000063,2.992142857142857,6.612769485903809,13.644901115898788,1228943.2,0.9647654993330855,6.3799999999999955,12.349999999999994,133.59479095959983,56.366476425351955,101.47,-1.3900000000000006,-1.351351351351352,0,0,0,105.09,107.64,113.1,2.613231715715446,100.5,693818.0,58.386075949367076,100.65,1532103.0,52.97918162239773,95.7,1177827.0,40.72229140722292,96.48,1408044.0,40.389294403892954,90.51,1287120.0,16.28753412192907,1.0387171045987922,1.0643130235036653,1.0180529712181798,3.300572677585106,3.727452177671883,1,1,0,0,0,0
2025-01-12 01:19:21.305279,102.88,102.88,101.07,101.47,966985,100.236,98.12,96.65700000000001,100.9074,98.55290718411662,98.65658984602474,-0.10368266190812392,-1.2543289646762008,1.150646302768077,69.0601048810004,96.65700000000001,104.1449723908593,89.16902760914073,14.975944781718567,0.8213820610420061,88.62318840579707,91.20078849464153,-11.376811594202943,1.8100000000000023,2.7850000000000006,6.340389855376229,6.451951321863205,1217901.35,0.7939764579454649,6.049999999999997,6.150000000000006,119.96201329534644,57.42135788367325,101.45,-0.01999999999999602,-0.019710259189904426,0,0,0,103.83,109.22,109.6,3.0725770942355695,102.86,1185642.0,66.07487456580469,100.5,693818.0,58.386075949367076,100.65,1532103.0,52.97918162239773,95.42,1438120.0,37.68287860814551,95.32,1806208.0,34.741200828157346,1.0123109461670456,1.0497946346358773,1.0055754087410835,2.702985386571898,3.7439861954296396,1,1,0,0,0,0
2025-01-13 01:19:21.305279,101.58,102.1,100.62,101.45,1436186,101.38600000000001,98.634,96.647,100.7724,98.99861377117561,98.86350911668957,0.13510465448604236,-0.9764422408437522,1.1115468953297944,74.24111014744147,96.647,104.10737984075718,89.18662015924284,14.92075968151434,0.8219004998753877,88.0720180045011,91.79695286140372,-11.92798199549889,1.4799999999999898,2.692142857142857,6.0083594566353185,5.336932821098536,1227841.05,1.1696839749737964,5.75,5.140000000000001,110.94601287766238,55.74161798990552,105.09,3.6400000000000006,3.5879743716116317,1,1,0,107.64,108.05,108.06,2.2284366717546886,101.47,966985.0,69.0601048810004,102.86,1185642.0,66.07487456580469,100.5,693818.0,58.386075949367076,95.7,1177827.0,40.72229140722292,96.31,1076173.0,39.23044751150149,1.0006312508630382,1.0496963175266691,1.006724063334802,0.9368190860679317,3.730189920378588,1,-1,0,0,0,0
2025-01-14 01:19:21.305279,100.82,105.17,100.82,105.09,1323982,102.274,99.47200000000001,96.893,100.7026,99.93575011407168,99.32473066360146,0.6110194504702235,-0.658949902580957,1.2699693530511804,76.0,96.893,105.1268763653552,88.6591236346448,16.4677527307104,0.9977606923082815,99.4825355756792,92.05924732865913,-0.5174644243208166,4.3500000000000085,2.7921428571428573,4.411326378539491,8.665081170509783,1231725.4,1.0749002983944311,4.439999999999998,8.38000000000001,148.36643993819382,57.225282567844275,103.83,-1.2600000000000051,-1.1989723094490485,0,0,0,109.22,109.47,107.58,2.2654734604539364,101.45,1436186.0,74.24111014744147,101.47,966985.0,69.0601048810004,102.86,1185642.0,66.07487456580469,100.65,1532103.0,52.97918162239773,96.71,1232542.0,39.9834779016935,1.0275338795783875,1.0845984746060087,1.0435678919908722,1.7850574220514936,4.116938182677602,1,1,0,0,0,0
2025-01-15 01:19:21.305279,105.24,105.24,101.89,103.83,1145034,102.94000000000001,100.345,97.13499999999999,100.6224,100.53486548113759,99.65845431814948,0.8764111629881057,-0.35187768946714437,1.22828885245525,77.40740740740738,97.13499999999999,105.89601051609418,88.3739894839058,17.522021032188377,0.8820906268575486,90.45362220717674,92.66939192911902,-9.54637779282327,3.3499999999999943,2.8521428571428564,3.313432835820894,9.179810725552056,1231216.15,0.930002420777213,3.3299999999999983,8.730000000000004,131.15808554805085,57.16185512491554,107.64,3.8100000000000023,3.669459693730138,1,1,0,108.05,111.65,107.47,1.5677786833673755,105.09,1323982.0,76.0,101.45,1436186.0,74.24111014744147,101.47,966985.0,69.0601048810004,100.5,693818.0,58.386075949367076,95.1,1489127.0,34.708737864077676,1.0086458130950067,1.068924692438359,1.0318775938558413,1.5654072952497384,4.380505258047093,1,1,0,0,0,0
2025-01-16 01:19:21.305279,103.4,107.7,103.4,107.64,1477786,103.896,101.461,97.704,100.6198,101.62796309942411,100.24967992421249,1.378283175211621,-0.005845516531391228,1.3841286917430122,76.43776824034333,97.704,107.62688031189359,87.7811196881064,19.845760623787186,1.0006610826541307,99.59946595460613,96.51187457915402,-0.4005340453938735,4.299999999999997,2.7949999999999995,4.647093136301771,11.567164179104473,1231278.4,1.2002046003568325,4.780000000000001,11.159999999999997,148.80028784096766,56.85859873045156,109.22,1.5799999999999983,1.467855815681901,1,0,0,109.47,113.1,108.86,2.035944498266378,103.83,1145034.0,77.40740740740738,105.09,1323982.0,76.0,101.45,1436186.0,74.24111014744147,102.86,1185642.0,66.07487456580469,96.48,1408044.0,40.389294403892954,1.0360360360360361,1.1016949152542375,1.069769568216196,2.613231715715446,4.961440155946797,1,1,0,0,0,0
2025-01-17 01:19:21.305279,107.93,110.29,107.93,109.22,1155270,105.446,102.84100000000001,98.4385,100.6344,102.79596877643579,100.91414807797452,1.8818206984612686,0.3716877264671409,1.5101329719941279,77.01967350355795,98.4385,109.48344220994423,87.39355779005578,22.08988441988845,0.9880740792963569,93.91007398975523,94.65438738384603,-6.089926010244775,2.6500000000000057,2.884285714285714,7.637725436089485,14.46237686019702,1257091.9,0.9190020236388446,7.75,13.799999999999997,163.92774717972057,57.40601232672485,108.05,-1.1700000000000017,-1.0712323750228911,0,0,0,111.65,109.6,109.3,1.9922675523184967,107.64,1477786.0,76.43776824034333,103.83,1145034.0,77.40740740740738,105.09,1323982.0,76.0,101.47,966985.0,69.0601048810004,95.42,1438120.0,37.68287860814551,1.0357908313259867,1.1095252365690254,1.0853147631426232,3.0725770942355695,5.5224711049721105,1,1,0,0,0,0
2025-01-18 01:19:21.305279,110.09,110.09,107.63,108.05,1446503,106.76599999999999,104.076,99.24,100.69879999999999,103.60428127236874,101.44272970182824,2.161551570540496,0.7296604952818121,1.431891075258684,72.992700729927,99.24,110.64444788575501,87.83555211424498,22.808895771510038,0.8862528062846572,87.25099601593621,93.5868453200992,-12.749003984063792,2.460000000000008,2.8721428571428578,6.5056678166584465,12.904911180773244,1259371.5,1.1485911821888934,6.599999999999994,12.349999999999994,136.45597127739956,49.63198232033054,109.47,1.4200000000000017,1.3142063859324402,1,0,0,113.1,108.06,106.44,1.9893541665628909,109.22,1155270.0,77.01967350355795,107.64,1477786.0,76.43776824034333,103.83,1145034.0,77.40740740740738,101.45,1436186.0,74.24111014744147,95.7,1177827.0,40.72229140722292,1.0120263005076524,1.0887746876259572,1.0730018629814855,2.2284366717546886,5.70222394287751,1,1,0,0,0,0
2025-01-19 01:19:21.305279,107.57,109.59,107.57,109.47,1006951,107.64200000000001,104.958,100.2,100.847,104.50669953815817,102.03734231650763,2.46935722165054,1.077599840555558,1.3917573810949821,79.36248467511236,100.2,111.65748939156609,88.74251060843392,22.91497878313217,0.9045388864520219,94.7469570787956,91.96934236149569,-5.253042921204404,2.0200000000000102,2.681428571428573,4.167856123322862,8.763040238450067,1256751.1,0.8012334343689852,4.3799999999999955,8.819999999999993,125.72713189130002,56.68666069917272,111.65,2.180000000000007,1.991413172558698,1,0,0,109.6,107.58,107.3,2.3511954406261384,108.05,1446503.0,72.992700729927,109.22,1155270.0,77.01967350355795,107.64,1477786.0,76.43776824034333,105.09,1323982.0,76.0,100.65,1532103.0,52.97918162239773,1.0169822188365136,1.0925149700598802,1.0855057661606196,2.2654734604539364,5.728744695783043,1,1,0,0,0,0
2025-01-20 01:19:21.305279,109.34,112.48,109.34,111.65,1238432,109.20599999999999,106.07300000000001,101.1715,101.0074,105.60566883998,102.74939103380338,2.856277806176621,1.4333354336797708,1.4229423724968502,80.01582904629993,101.1715,113.0666352727848,89.2763647272152,23.790270545569598,0.9404531667653269,95.3370786516854,92.44501058213909,-4.6629213483145975,3.1400000000000006,2.796428571428573,7.5315419435615985,11.094527363184085,1276192.65,0.9704114813699954,7.820000000000007,11.150000000000006,141.88866478141514,56.74156660604193,113.1,1.4499999999999886,1.2987012987012885,1,0,0,108.06,107.47,108.66,2.3600677956408687,109.47,1006951.0,79.36248467511236,108.05,1446503.0,72.992700729927,109.22,1155270.0,77.01967350355795,103.83,1145034.0,77.40740740740738,100.5,693818.0,58.386075949367076,1.0223797227258578,1.103571658026223,1.1053645574482662,1.5677786833673755,5.947567636392403,1,1,1,0,0,0
2025-01-21 01:19:21.305279,111.35,113.59,111.35,113.1,980867,110.298,107.09700000000001,102.301,101.18879999999999,106.75864286459846,103.5161028090772,3.2425400555212605,1.795176358048069,1.4473636974731914,84.4505066250974,102.301,114.22359049915246,90.37840950084754,23.845180998304926,0.9528797663883389,97.40877842411417,95.83093805153173,-2.591221575885823,2.240000000000009,2.845714285714288,5.072463768115936,9.955279020027216,1260880.0,0.7779225620201764,5.459999999999994,10.239999999999995,146.49106367028423,63.93111452866512,109.6,-3.5,-3.094606542882405,0,0,1,107.58,108.86,109.94,0.903814140197627,111.65,1238432.0,80.01582904629993,109.47,1006951.0,79.36248467511236,108.05,1446503.0,72.992700729927,107.64,1477786.0,76.43776824034333,102.86,1185642.0,66.07487456580469,1.0254039057825164,1.1055610404590375,1.1177126322280728,2.035944498266378,5.961295249576233,1,1,1,0,0,0
2025-01-22 01:19:21.305279,112.73,112.73,108.86,109.6,1045040,110.374,107.91,103.01500000000001,101.30680000000001,107.19577473158333,103.96676186025665,3.229012871326674,2.08194366070379,1.1470692106228837,74.06509695290856,103.01500000000001,114.88755925055122,91.14244074944881,23.74511850110241,0.7773201573912658,77.64705882352936,90.13097196644298,-22.35294117647063,4.239999999999995,3.0057142857142876,0.3479216260758061,8.01222036069774,1222821.6,0.8546136247511492,0.37999999999999545,8.129999999999995,102.65892947998111,63.83404921099864,108.06,-1.539999999999992,-1.4051094890510878,0,0,0,107.47,109.3,112.37,0.801236544362013,113.1,980867.0,84.4505066250974,111.65,1238432.0,80.01582904629993,109.47,1006951.0,79.36248467511236,109.22,1155270.0,77.01967350355795,101.47,966985.0,69.0601048810004,0.9929874789352565,1.0639227296995581,1.0818622244508758,1.9922675523184967,5.936279625275602,1,1,1,0,0,0
2025-01-23 01:19:21.305279,109.96,109.96,107.31,108.06,1018073,110.376,108.571,103.6025,101.39219999999999,107.3287324651859,104.26996468542282,3.0587677797630732,2.277308484515647,0.7814592952474264,64.54652532391049,103.6025,115.2385671145663,91.96643288543372,23.272134229132575,0.6915380839639537,60.01446131597974,78.35676618787444,-39.98553868402026,2.6499999999999915,2.840000000000001,0.009254974548824726,6.515524889107935,1219916.6,0.8345431154883866,0.010000000000005116,6.609999999999999,68.76836158192081,56.525573098265525,107.58,-0.480000000000004,-0.44419766796224686,0,0,0,108.86,106.44,114.3,1.1506519891006088,109.6,1045040.0,74.06509695290856,113.1,980867.0,84.4505066250974,111.65,1238432.0,80.01582904629993,108.05,1446503.0,72.992700729927,101.45,1436186.0,74.24111014744147,0.9790171776473147,1.0430250235274245,1.0657624551000966,1.9893541665628909,5.818033557283143,1,1,1,0,0,0
2025-01-24 01:19:21.305279,107.53,107.9,107.36,107.58,1037096,109.998,108.82000000000001,104.146,101.4524,107.36738900900345,104.5151524865026,2.8522365225008457,2.392294092112687,0.45994243038815874,63.72093023255814,104.146,115.43686151204436,92.85513848795564,22.581723024088717,0.6520698839648696,53.66229760986888,63.774605916459336,-46.33770239013111,0.7000000000000028,2.709285714285716,-1.7265004110715272,2.369397659149296,1210144.3,0.8570019294393239,-1.8900000000000006,2.489999999999995,51.3787085514835,51.20265072255009,107.47,-0.10999999999999943,-0.10224948875255571,0,0,0,109.3,107.3,115.4,1.1784226746041464,108.06,1018073.0,64.54652532391049,109.6,1045040.0,74.06509695290856,113.1,980867.0,84.4505066250974,109.47,1006951.0,79.36248467511236,105.09,1323982.0,76.0,0.9780177821414934,1.0329729418316593,1.0603987682893652,2.3511954406261384,5.645430756022179,-1,1,1,0,0,0
2025-01-25 01:19:21.305279,108.13,108.13,106.35,107.47,924026,109.16199999999999,109.184,104.7645,101.53199999999998,107.38317531531062,104.73403008009501,2.649145235215613,2.4436643207332724,0.20548091448234063,59.78768577494692,104.7645,115.29880381382934,94.23019618617066,21.06860762765868,0.6284138016053915,52.814186584425556,55.49698183675807,-47.185813415574444,1.7800000000000011,2.655000000000001,-3.7438423645320253,3.505730521044015,1181889.25,0.7818211393326405,-4.180000000000007,3.6400000000000006,41.04462875197469,44.864605612737364,108.86,1.3900000000000006,1.2933842002419285,1,0,0,106.44,108.66,115.3,1.1964614494504968,107.58,1037096.0,63.72093023255814,108.06,1018073.0,64.54652532391049,109.6,1045040.0,74.06509695290856,111.65,1238432.0,80.01582904629993,103.83,1145034.0,77.40740740740738,0.9845001007676665,1.0258245875272636,1.0584840247409686,2.3600677956408687,5.267151906914669,-1,1,1,0,0,0
2025-01-26 01:19:21.305279,107.83,108.89,107.83,108.86,990650,108.31400000000001,109.306,105.3835,101.67060000000001,107.61037911295514,105.03965748156945,2.5707216313856946,2.469075782863757,0.10164584852193759,65.6900212314225,105.3835,115.30521308425465,95.46178691574535,19.843426168509296,0.6751965598318431,63.531225905936736,56.66923670007707,-36.46877409406326,1.4200000000000017,2.627142857142858,-3.748894783377538,1.1334076551467847,1161019.55,0.853258672517616,-4.239999999999995,1.2199999999999989,53.137100777214556,50.79727291314802,109.3,0.4399999999999977,0.4041888664339498,1,0,0,107.3,109.94,111.53,1.438304557463815,107.47,924026.0,59.78768577494692,107.58,1037096.0,63.72093023255814,108.06,1018073.0,64.54652532391049,113.1,980867.0,84.4505066250974,107.64,1477786.0,76.43776824034333,1.005040899606699,1.0329890352854099,1.070712674067036,0.903814140197627,4.960856542127324,-1,1,1,0,0,0
2025-01-27 01:19:21.305279,108.85,110.96,107.61,109.3,759276,108.25399999999999,109.314,106.07750000000001,101.809,107.87032078788512,105.3552384088606,2.51508237902452,2.47827710209591,0.03680527692861002,66.37463496036712,106.07750000000001,114.95119590121968,97.20380409878035,17.747391802439324,0.681575976677151,66.40563821456537,60.91701690164257,-33.594361785434636,3.3499999999999943,2.760714285714287,-0.27372262773722367,0.07324665812122166,1127077.35,0.6736680494910131,-0.29999999999999716,0.0799999999999983,60.19276073762034,57.626365676435064,106.44,-2.8599999999999994,-2.6166514181152785,0,0,1,108.66,112.37,112.54,2.333606650663556,108.86,990650.0,65.6900212314225,107.47,924026.0,59.78768577494692,107.58,1037096.0,63.72093023255814,109.6,1045040.0,74.06509695290856,109.22,1155270.0,77.01967350355795,1.0096624605095423,1.030378732530461,1.0735789566737715,0.801236544362013,4.4368479506098275,-1,1,1,0,0,0
2025-01-28 01:19:21.305279,109.45,109.45,106.11,106.44,1245447,107.92999999999999,109.15299999999999,106.61449999999999,101.9292,107.65027143590278,105.43559111931538,2.2146803165874047,2.425557744994209,-0.21087742840680423,52.91073738680465,106.61449999999999,114.02286362356097,99.20613637643902,14.816727247121946,0.48822277031293193,38.88888888888886,56.275251003130336,-61.11111111111115,3.3400000000000034,2.6885714285714295,-1.499167129372575,-1.490050902360018,1130458.35,1.1017186082087853,-1.6200000000000045,-1.6099999999999994,18.90837003196537,49.565791714652555,107.3,0.8599999999999994,0.8079669297256665,1,0,0,109.94,114.3,113.07,2.82290276134711,109.3,759276.0,66.37463496036712,108.86,990650.0,65.6900212314225,107.47,924026.0,59.78768577494692,108.06,1018073.0,64.54652532391049,108.05,1446503.0,72.992700729927,0.9861947558602798,0.998363262032838,1.0442542470656102,1.1506519891006088,3.7041818117804866,-1,1,1,0,0,0
2025-01-29 01:19:21.305279,107.92,107.92,106.74,107.3,780095,107.874,108.93599999999999,106.947,102.0492,107.59638352268695,105.57369548084756,2.0226880418393876,2.344983804363245,-0.3222957625238574,57.61298815269855,106.947,113.80467829362836,100.08932170637165,13.715356587256707,0.5257375736280875,38.272816486751644,47.8557811967353,-61.72718351324836,1.480000000000004,2.555000000000002,-0.2602714259155987,-1.9822782497487912,1092857.95,0.7138118911062504,-0.28000000000000114,-2.1700000000000017,11.717700177377608,50.62103185317507,108.66,1.3599999999999994,1.2674743709226464,1,0,0,112.37,115.4,113.74,2.841492565540354,106.44,1245447.0,52.91073738680465,109.3,759276.0,66.37463496036712,108.86,990650.0,65.6900212314225,107.58,1037096.0,63.72093023255814,109.47,1006951.0,79.36248467511236,0.9946789773253981,1.0033007003469008,1.051453612571191,1.1784226746041464,3.428839146814176,-1,1,1,0,0,0
2025-01-30 01:19:21.305279,106.17,108.8,106.17,108.66,1279128,108.112,108.63699999999999,107.35499999999999,102.26440000000001,107.76001682688894,105.80231063041441,1.9577061964745326,2.2675282827855026,-0.30982208631096997,52.507374631268426,107.35499999999999,113.53515670044531,101.17484329955467,12.360313400890647,0.6055798471829988,34.09090909090903,37.08420482218319,-65.90909090909096,2.6299999999999955,2.4357142857142873,1.1072857541639507,-2.678011643528893,1122123.45,1.1399173593600598,1.1899999999999977,-2.990000000000009,19.300557057993856,50.04244904429326,109.94,1.2800000000000011,1.1779863795324876,1,0,0,114.3,115.3,110.89,2.3148045273890907,107.3,780095.0,57.61298815269855,106.44,1245447.0,52.91073738680465,109.3,759276.0,66.37463496036712,107.47,924026.0,59.78768577494692,111.65,1238432.0,80.01582904629993,1.0050688175225693,1.012155931256113,1.0625398476889316,1.1964614494504968,3.0900783502226643,1,1,1,0,0,0
2025-01-31 01:19:21.305279,108.6,110.18,108.6,109.94,1133446,108.328,108.321,107.70899999999999,102.464,108.0953988535214,106.1088061392726,1.9865927142488005,2.211341169078162,-0.22474845482936168,51.79640718562874,107.70899999999999,113.60982920131669,101.80817079868329,11.801658402633393,0.6890412282651893,51.20320855614968,41.18897804460346,-48.79679144385032,1.5800000000000125,2.359285714285716,0.9920999448833349,-2.7939876215738257,1119513.65,1.012445002345438,1.0799999999999983,-3.1599999999999966,62.521850001028476,49.98396025880225,112.37,2.430000000000007,2.2102965253774847,1,1,0,115.4,111.53,108.55,1.7504142366939939,108.66,1279128.0,52.507374631268426,107.3,780095.0,57.61298815269855,106.44,1245447.0,52.91073738680465,108.86,990650.0,65.6900212314225,113.1,980867.0,84.4505066250974,1.014880732589912,1.020713218022635,1.0729622111180512,1.438304557463815,2.9504146006583483,1,1,1,0,0,0
2025-02-01 01:19:21.305279,110.21,115.37,109.96,112.37,929645,108.94200000000001,108.598,108.25400000000002,102.6922,108.7530297991335,106.57259827710426,2.180431522029238,2.2051592396683772,-0.02472771763913917,60.14084507042255,108.25400000000002,113.72648197322955,102.78151802677048,10.944963946459069,0.8760633676031067,67.60259179265661,50.96556981323845,-32.39740820734339,5.430000000000007,2.5714285714285734,2.808783165599275,2.5273722627737323,1117646.65,0.8317879358382188,3.0700000000000074,2.7700000000000102,147.07321941762385,58.32343248471422,114.3,1.9299999999999926,1.7175402687549992,1,0,0,115.3,112.54,110.89,1.717521470032039,109.94,1133446.0,51.79640718562874,108.66,1279128.0,52.507374631268426,107.3,780095.0,57.61298815269855,109.3,759276.0,66.37463496036712,109.6,1045040.0,74.06509695290856,1.031466284812102,1.0380216897297097,1.0942408478930241,2.333606650663556,2.7362409866147677,1,1,1,0,0,0
2025-02-02 01:19:21.305279,112.66,114.37,112.66,114.3,1109942,110.51399999999998,109.22200000000001,108.89649999999999,102.94760000000001,109.60640983003603,107.14499840472617,2.461411425309862,2.2564096767966744,0.20500174851318764,61.07290233837689,108.89649999999999,114.01112001469224,103.78187998530774,10.2292400293845,1.028240610688372,88.44492440604745,69.08357491828458,-11.555075593952557,2.0,2.570000000000001,7.384441939120631,5.7745696835091564,1101334.45,1.0078155641095219,7.859999999999999,6.239999999999995,176.79535546978227,58.76108496820951,115.4,1.1000000000000085,0.9623797025371904,1,0,0,111.53,113.07,110.85,1.7185953566855239,112.37,929645.0,60.14084507042255,109.94,1133446.0,51.79640718562874,108.66,1279128.0,52.507374631268426,106.44,1245447.0,52.91073738680465,108.06,1018073.0,64.54652532391049,1.034258103045768,1.0496205112193688,1.1102735760717102,2.82290276134711,2.5573100073461217,1,1,1,0,0,0
2025-02-03 01:19:21.305279,114.15,118.47,113.77,115.4,946404,112.13399999999999,110.00399999999999,109.412,103.18419999999998,110.49773139464587,107.7564800043761,2.741251390269767,2.3533780194912928,0.38787337077847406,59.04486251808972,109.412,114.97026781044106,103.85373218955895,11.116535620882104,1.0386570244736775,75.16181229773468,77.0697761654796,-24.83818770226532,4.700000000000003,2.681428571428573,7.548928238583419,7.2690091094999145,1082455.55,0.8743121137861042,8.100000000000009,7.820000000000007,210.09328651677924,58.02007287984102,115.3,-0.10000000000000853,-0.08665511265165383,0,0,0,112.54,113.74,112.42,1.4085914950833218,114.3,1109942.0,61.07290233837689,112.37,929645.0,60.14084507042255,109.94,1133446.0,51.79640718562874,107.3,780095.0,57.61298815269855,107.58,1037096.0,63.72093023255814,1.0291258672659498,1.054728914561474,1.1183882803762595,2.841492565540354,2.779133905220523,1,1,1,0,0,0
2025-02-04 01:19:21.305279,116.23,116.23,114.63,115.3,1072868,113.46200000000002,110.787,109.9855,103.3488,111.23654194931572,108.3152592633112,2.921282686004517,2.466958952793938,0.45432373321057895,55.67595459236326,109.9855,115.48535444783057,104.48564555216943,10.999708895661144,0.9831491497103446,74.35275080906148,79.31982917094788,-25.647249190938524,1.6000000000000085,2.635714285714287,6.110804343824775,7.2857541639527295,1078847.25,0.9944577418165547,6.640000000000001,7.829999999999998,162.2519412224212,50.494752046295424,111.53,-3.769999999999996,-3.269731136166519,0,0,1,113.07,110.89,112.54,1.1500565203593869,115.4,946404.0,59.04486251808972,114.3,1109942.0,61.07290233837689,112.37,929645.0,60.14084507042255,108.66,1279128.0,52.507374631268426,107.47,924026.0,59.78768577494692,1.0161992561386188,1.0483200058189488,1.1156394655767652,2.3148045273890907,2.7499272239152877,1,1,1,0,0,0
2025-02-05 01:19:21.305279,115.67,115.67,109.92,111.53,1595282,113.78,111.054,110.17999999999999,103.3934,111.2816893417287,108.55338820676963,2.728301134959068,2.5192273892269643,0.2090737457321037,54.91094147582699,110.17999999999999,115.60523150124108,104.7547684987589,10.850463002482172,0.6244186538114714,43.851132686084156,64.45523193096012,-56.148867313915844,5.75,2.7435714285714305,1.4462434054939088,2.4526915304060277,1084722.05,1.4706827431045584,1.5900000000000034,2.6700000000000017,64.02075763394542,48.52123382993074,112.54,1.0100000000000051,0.9055859410024255,1,0,0,113.74,108.55,112.66,2.0800168268601054,115.3,1072868.0,55.67595459236326,115.4,946404.0,59.04486251808972,114.3,1109942.0,61.07290233837689,109.94,1133446.0,51.79640718562874,108.86,990650.0,65.6900212314225,0.9802249956055545,1.0122526774369214,1.0786955453636307,1.7504142366939939,2.7126157506205404,1,1,1,0,0,0
2025-02-06 01:19:21.305279,111.7,112.85,111.7,112.54,715889,113.81400000000001,111.378,110.346,103.5376,111.47527559684735,108.84869278404595,2.626582812801402,2.540698473941852,0.08588433885955027,61.71548117154811,110.346,115.85014733584505,104.84185266415496,11.008294671690095,0.6993042578740454,52.02265372168291,56.742179072276194,-47.97734627831709,1.3199999999999932,2.6485714285714304,0.15128593040847355,2.964318389752982,1062753.0,0.6736174821430756,0.1700000000000017,3.240000000000009,57.176134763452836,49.427101157887776,113.07,0.5299999999999869,0.47094366447484176,1,0,0,110.89,110.89,114.83,2.055679936181992,111.53,1595282.0,54.91094147582699,115.3,1072868.0,55.67595459236326,115.4,946404.0,59.04486251808972,112.37,929645.0,60.14084507042255,109.3,759276.0,66.37463496036712,0.9888062979949742,1.0198829137440415,1.086948123193893,1.717521470032039,2.752073667922522,1,1,1,0,0,0
2025-02-07 01:19:21.305279,112.9,113.31,112.8,113.07,1069542,113.56800000000001,112.04100000000001,110.59700000000001,103.74520000000001,111.72061781271701,109.16138220744995,2.5592356052670624,2.544405900206894,0.01482970506016823,64.31924882629107,110.59700000000001,116.11811392269003,105.07588607730999,11.04222784538004,0.7239584289174638,56.310679611650436,50.728155339805845,-43.689320388349564,0.769999999999996,2.65357142857143,-1.076115485564308,6.228861330326941,1043904.95,1.024558797235323,-1.230000000000004,6.6299999999999955,68.80123700138633,56.632693970198154,113.74,0.6700000000000017,0.5925532855753088,1,0,0,108.55,110.85,113.71,1.8408910885821677,112.54,715889.0,61.71548117154811,111.53,1595282.0,54.91094147582699,115.3,1072868.0,55.67595459236326,114.3,1109942.0,61.07290233837689,106.44,1245447.0,52.91073738680465,0.9956149619611157,1.0223604618570123,1.089881748745966,1.7185953566855239,2.76055696134501,-1,1,1,0,0,0
2025-02-08 01:19:21.305279,112.58,113.75,112.58,113.74,1027289,113.23600000000002,112.68500000000002,110.8105,103.9908,112.03129199537592,109.50053908097217,2.530752914403749,2.541675303046265,-0.010922388642516268,65.88950836289914,110.8105,116.47645548684426,105.14454451315575,11.331910973688508,0.7585177386940276,61.731391585760484,56.68824163969796,-38.268608414239516,1.1700000000000017,2.6100000000000017,-1.4384748700173402,6.001863932898414,1044921.85,0.9831251973532757,-1.6600000000000108,6.439999999999998,69.30189236466086,63.170043807007715,110.89,-2.8499999999999943,-2.505714788113236,0,0,1,110.89,112.42,113.98,1.385063175462141,113.07,1069542.0,64.31924882629107,112.54,715889.0,61.71548117154811,111.53,1595282.0,54.91094147582699,115.4,946404.0,59.04486251808972,107.3,780095.0,57.61298815269855,1.0044508813451551,1.0264370253721442,1.0937506010147051,1.4085914950833218,2.832977743422125,-1,1,1,0,0,0
2025-02-09 01:19:21.305279,113.7,113.7,110.52,110.89,1384617,112.354,112.90799999999999,110.77250000000001,104.17739999999999,111.85570861147194,109.60346211201129,2.2522464994606537,2.483789542329143,-0.23154304286848948,54.78999528079284,110.77250000000001,116.42492705206361,105.1200729479364,11.304854104127202,0.5103937652726624,38.67313915857606,52.23840345199568,-61.32686084142394,3.219999999999999,2.7385714285714298,-3.824804856895053,2.0522731455917578,1052231.1,1.315886785707056,-4.409999999999997,2.230000000000004,23.22571948507127,54.99115493584878,108.55,-2.3400000000000034,-2.1101992966002374,0,0,1,110.85,112.54,112.99,1.6134280275305872,113.74,1027289.0,65.88950836289914,113.07,1069542.0,64.31924882629107,112.54,715889.0,61.71548117154811,115.3,1072868.0,55.67595459236326,108.66,1279128.0,52.507374631268426,0.9869697563059615,1.0010607325825451,1.0644343206875964,1.1500565203593869,2.8262135260318035,-1,-1,1,0,0,0
2025-02-10 01:19:21.305279,111.39,111.39,106.28,108.55,1253850,111.758,112.769,110.545,104.29520000000001,111.34713805586085,109.52542788149192,1.8217101743689312,2.351373668737101,-0.5296634943681697,48.37592031182329,110.545,116.16918274764437,104.92081725235563,11.248365495288738,0.3226408982855696,19.74110032362458,40.04854368932039,-80.25889967637542,5.109999999999999,2.864285714285716,-2.6719268358289283,-1.2643259959978175,1065880.25,1.1763516586408276,-2.980000000000004,-1.3900000000000006,-51.48928789445299,48.506079296571876,110.89,2.3400000000000034,2.1556886227544942,1,1,0,112.42,112.66,112.06,0.9187328229801905,110.89,1384617.0,54.78999528079284,113.74,1027289.0,65.88950836289914,113.07,1069542.0,64.31924882629107,111.53,1595282.0,54.91094147582699,109.94,1133446.0,51.79640718562874,0.9712951198124519,0.9819530507937944,1.0407957413188718,2.0800168268601054,2.812091373822184,-1,-1,1,0,0,0
2025-02-11 01:19:21.305279,109.03,111.77,109.03,110.89,1065236,111.428,112.62100000000001,110.60949999999998,104.48859999999999,111.27680912418995,109.62650729767772,1.6503018265122336,2.2111593002921275,-0.5608574737798939,59.85821887461232,110.60949999999998,116.21761620496348,105.00138379503649,11.216232409926988,0.5250083976284015,38.3739837398374,32.262741074012695,-61.6260162601626,3.219999999999999,2.855714285714287,-1.4661453705349259,-1.3170775117914069,1066890.05,0.9984496528016171,-1.6500000000000057,-1.480000000000004,-2.4356793127674408,55.818280483219496,110.85,-0.04000000000000625,-0.036071782847872894,0,0,0,112.54,114.83,111.42,1.4192427558459018,108.55,1253850.0,48.37592031182329,110.89,1384617.0,54.78999528079284,113.74,1027289.0,65.88950836289914,112.54,715889.0,61.71548117154811,112.37,929645.0,60.14084507042255,0.9951717701116416,1.0025359485396825,1.0612640996242653,2.055679936181992,2.80405810248175,-1,1,1,0,0,0
2025-02-12 01:19:21.305279,111.21,111.76,110.15,110.85,939100,110.984,112.276,110.749,104.6726,111.2111461820069,109.71713638673862,1.4940097952682834,2.0677293992873587,-0.5737196040190753,58.16091954022988,110.749,116.22739354094125,105.27060645905874,10.95678708188251,0.5092180307279135,38.04878048780483,32.05462151708895,-61.95121951219518,1.6099999999999994,2.865000000000001,-1.9633855133987785,-3.0183727034120764,1062941.4,0.8834917898578417,-2.219999999999999,-3.450000000000003,4.0366972477064405,61.15930746959013,112.42,1.5700000000000074,1.4163283716734392,1,0,0,112.66,113.71,111.97,1.0304707662136772,110.89,1065236.0,59.85821887461232,108.55,1253850.0,48.37592031182329,110.89,1384617.0,54.78999528079284,113.07,1069542.0,64.31924882629107,114.3,1109942.0,61.07290233837689,0.9987926187558567,1.0009119721171298,1.0590163997072777,1.8408910885821677,2.7391967704706257,-1,1,1,0,0,0
2025-02-13 01:19:21.305279,110.59,113.38,110.59,112.42,982094,110.72,111.978,110.99099999999999,104.91760000000001,111.39712369246737,109.91734850623948,1.4797751862278972,1.9501385566754663,-0.47036337044756915,58.56102003642988,110.99099999999999,116.30511585951737,105.6768841404826,10.628231719034773,0.6344532221141481,50.369155045118966,42.26397309092041,-49.630844954881034,2.789999999999992,2.8764285714285722,-1.160541586073495,-2.5823223570190676,1060191.3,0.9263365960463927,-1.3199999999999932,-2.980000000000004,33.29640843856889,60.525901183295765,112.54,0.12000000000000455,0.1067425724960012,1,0,0,114.83,113.98,110.96,0.9566765388682678,110.85,939100.0,58.16091954022988,110.89,1065236.0,59.85821887461232,108.55,1253850.0,48.37592031182329,113.74,1027289.0,65.88950836289914,115.4,946404.0,59.04486251808972,1.0153540462427746,1.012874917786127,1.0715075449686229,1.385063175462141,2.6570579297586896,-1,1,1,0,0,0
2025-02-14 01:19:21.305279,111.97,112.59,111.97,112.54,1225865,111.05,111.702,111.24450000000002,105.18860000000001,111.57295081670316,110.11161898725877,1.46133182944439,1.8523772112292511,-0.39104538178486115,56.250000000000014,111.24450000000002,116.33020535396238,106.15879464603765,10.171410707924736,0.6273667967207972,51.35356849876953,46.59050134389779,-48.64643150123047,0.6200000000000045,2.807857142857143,1.4879610424745293,-2.393755420641796,1075283.25,1.1400391478245384,1.6500000000000057,-2.759999999999991,35.022479936132235,60.83648081491222,112.66,0.11999999999999034,0.10662875422071293,1,0,0,113.71,112.99,113.8,0.8543008837762968,112.42,982094.0,58.56102003642988,110.85,939100.0,58.16091954022988,110.89,1065236.0,59.85821887461232,110.89,1384617.0,54.78999528079284,115.3,1072868.0,55.67595459236326,1.0134173795587573,1.0116455195537757,1.0698878015298237,1.6134280275305872,2.5428526769811817,1,1,1,0,0,0
2025-02-15 01:19:21.305279,112.93,112.93,112.39,112.66,1015213,111.872,111.81500000000001,111.4345,105.5166,111.74018915259498,110.30038795116553,1.4398012014294466,1.7698620092692905,-0.33006080783984393,50.784207679826906,111.4345,116.42821594579841,106.44078405420159,9.987431891596827,0.622704215988807,52.33798195241999,51.353568498769505,-47.66201804758001,0.5400000000000063,2.4585714285714286,3.7862736066328875,1.0131803102304273,1076511.4,0.9430582899540126,4.109999999999999,1.1299999999999955,39.775556957402145,61.056419089879654,114.83,2.1700000000000017,1.9261494763003744,1,0,0,113.98,112.06,111.82,1.0459588902155632,112.54,1225865.0,56.250000000000014,112.42,982094.0,58.56102003642988,110.85,939100.0,58.16091954022988,108.55,1253850.0,48.37592031182329,111.53,1595282.0,54.91094147582699,1.0070437643020596,1.0109974918001157,1.0676993003944404,0.9187328229801905,2.496857972899209,1,1,1,0,0,0
2025-02-16 01:19:21.305279,111.41,115.29,111.41,114.83,1572894,112.66000000000001,112.04400000000001,111.71099999999998,105.9226,112.21554466758039,110.6359147695977,1.5796298979826844,1.7318155870119696,-0.1521856890292852,51.41484249866524,111.71099999999998,116.81818750492667,106.6038124950733,10.21437500985337,0.8053539738839869,70.13945857260047,57.943669674596684,-29.860541427399518,3.8800000000000097,2.592857142857144,3.5530706105149226,2.0348320597120955,1117192.3,1.4078990698378426,3.9399999999999977,2.289999999999992,73.62585394481081,62.20801247109551,113.71,-1.1200000000000045,-0.9753548724201033,0,0,0,112.99,111.42,111.46,1.0843753962632392,112.66,1015213.0,50.784207679826906,112.54,1225865.0,56.250000000000014,112.42,982094.0,58.56102003642988,110.89,1065236.0,59.85821887461232,112.54,715889.0,61.71548117154811,1.0192614947630037,1.0279202585242277,1.0840934795784847,1.4192427558459018,2.5535937524633407,1,1,1,0,0,0
2025-02-17 01:19:21.305279,114.52,114.52,113.01,113.71,1086076,113.232,112.10799999999999,112.07449999999999,106.3564,112.44546087256802,110.86362478666453,1.5818360859034897,1.7018196867902737,-0.11998360088678406,45.493333333333304,112.07449999999999,116.60430527058574,107.54469472941423,9.059610541171509,0.6805265240230204,74.67336683417076,65.71693578639709,-25.326633165829243,1.8199999999999932,2.3871428571428575,2.5800631483987364,0.5660210489077568,1109223.75,0.9791315773756196,2.8599999999999994,0.6400000000000006,66.6193463400293,55.63112246904631,113.98,0.27000000000001023,0.23744613490459085,1,0,0,112.06,111.97,110.53,1.008726920440367,114.83,1572894.0,51.41484249866524,112.66,1015213.0,50.784207679826906,112.54,1225865.0,56.250000000000014,110.85,939100.0,58.16091954022988,113.07,1069542.0,64.31924882629107,1.004221421506288,1.0145929716394007,1.0691411142159757,1.0304707662136772,2.264902635292878,1,1,1,0,0,0
2025-02-18 01:19:21.305279,114.01,114.22,113.75,113.98,882542,113.54400000000001,112.13199999999999,112.4085,106.83059999999999,112.68154381524987,111.09446739505975,1.5870764201901153,1.6788710334702421,-0.09179461328012684,46.51162790697676,112.4085,116.41033786724827,108.40666213275173,8.00367573449654,0.696347284938931,82.00212992545264,75.60498511074131,-17.997870074547365,0.5100000000000051,2.309285714285714,1.387653442447965,0.2110075611042809,1114346.1,0.791981952465217,1.5600000000000023,0.2400000000000091,73.38128959841319,62.02387144236529,112.99,-0.9900000000000091,-0.8685734339357862,0,0,0,111.42,110.96,113.79,0.7633151380794095,113.71,1086076.0,45.493333333333304,114.83,1572894.0,51.41484249866524,112.66,1015213.0,50.784207679826906,112.42,982094.0,58.56102003642988,113.74,1027289.0,65.88950836289914,1.0038399210878601,1.0139802594999487,1.0669227730631488,0.9566765388682678,2.0009189336241366,1,1,1,0,0,0
2025-02-19 01:19:21.305279,114.47,114.47,111.09,112.99,784712,113.63400000000001,112.34200000000001,112.625,107.24600000000001,112.72899861290372,111.23487721764792,1.494121395255803,1.6419211058273546,-0.1477997105715516,54.52292441140022,112.625,116.22088361148148,109.02911638851852,7.191767222962966,0.5507524769203552,74.47280799112086,77.04943491691478,-25.527192008879133,3.3799999999999955,2.1399999999999997,0.39985782832769556,1.8937685995130258,1089625.3,0.7201668316622236,0.44999999999998863,2.0999999999999943,13.618557154805336,65.36342513858418,112.06,-0.9299999999999926,-0.8230816886450063,0,0,0,111.97,113.8,114.29,1.0786194880592377,113.98,882542.0,46.51162790697676,113.71,1086076.0,45.493333333333304,114.83,1572894.0,51.41484249866524,112.54,1225865.0,56.250000000000014,110.89,1384617.0,54.78999528079284,0.9943326821197879,1.0032408435072142,1.0535591070995654,0.8543008837762968,1.7979418057407401,1,1,1,0,0,0
2025-02-20 01:19:21.305279,112.72,112.94,111.02,112.06,721271,113.51399999999998,112.69299999999998,112.731,107.67699999999999,112.62607574938008,111.29599742374808,1.3300783256320017,1.5795525497882843,-0.24947422415628262,48.50560398505603,112.731,116.11220439456821,109.34979560543178,6.76240878913643,0.40077500178960934,64.1509433962264,73.54196043759998,-35.84905660377361,1.9699999999999989,2.1864285714285714,-0.5325758920646142,3.2335329341317416,1069016.55,0.6747051764540034,-0.5999999999999943,3.510000000000005,-41.142447117459156,65.34994651361933,111.42,-0.6400000000000006,-0.5711226128859545,0,0,0,110.96,111.82,116.71,1.0829496756641916,112.99,784712.0,54.52292441140022,113.98,882542.0,46.51162790697676,113.71,1086076.0,45.493333333333304,112.66,1015213.0,50.784207679826906,108.55,1253850.0,48.37592031182329,0.9871910072766357,0.9940477774525198,1.0407050716494703,1.0459588902155632,1.6906021972841054,-1,1,1,0,0,0
2025-02-21 01:19:21.305279,112.02,113.62,107.7,111.42,740007,112.832,112.74600000000001,112.68349999999998,107.999,112.44052563409083,111.30518279976674,1.135342834324092,1.490710606695446,-0.355367772371354,44.8979591836735,112.68349999999998,116.11241282447473,109.25458717552523,6.8578256489495,0.3157579290174101,57.04772475027744,65.22382537920825,-42.952275249722554,5.920000000000002,2.5542857142857147,-2.9696072454933353,0.4779511227342422,1059534.65,0.6984264271111852,-3.4099999999999966,0.5300000000000011,-93.62765136031247,59.546681455250344,111.97,0.5499999999999972,0.4936277149524297,1,0,0,113.8,111.46,113.3,1.0777847651647237,112.06,721271.0,48.50560398505603,112.99,784712.0,54.52292441140022,113.98,882542.0,46.51162790697676,114.83,1572894.0,51.41484249866524,110.89,1065236.0,59.85821887461232,0.9874858196256382,0.9887871782470372,1.0316762192242521,1.0843753962632392,1.7144564122373738,-1,-1,1,0,0,0
2025-02-22 01:19:21.305279,111.51,112.37,110.94,111.97,1102852,112.484,112.85800000000002,112.56700000000001,108.31219999999999,112.36813707499994,111.35442851830254,1.0137085566973951,1.3953101966958361,-0.381601639998441,44.48598130841123,112.56700000000001,115.9221976959488,109.21180230405122,6.710395391897578,0.4110335583621716,63.15205327413979,61.45024047354789,-36.84794672586021,1.4300000000000068,2.5728571428571434,-1.530208424940634,1.0103743797925164,1059180.15,1.041231748914479,-1.7399999999999949,1.1200000000000045,-42.8188951576299,59.71320385930239,110.96,-1.0100000000000051,-0.9020273287487766,0,0,0,111.82,110.53,113.96,1.264665963810684,111.42,740007.0,44.8979591836735,112.06,721271.0,48.50560398505603,112.99,784712.0,54.52292441140022,113.71,1086076.0,45.493333333333304,110.85,939100.0,58.16091954022988,0.9954304612211515,0.9946964918670658,1.0337708956147138,1.008726920440367,1.6775988479743935,-1,-1,1,0,0,0
2025-02-23 01:19:21.305279,113.68,113.68,109.69,110.96,1192494,111.88,112.71199999999999,112.345,108.59719999999999,112.15150060192303,111.32521159102087,0.8262890109021583,1.2815059595371006,-0.4552169486349422,50.24630541871919,112.345,115.4920387082989,109.19796129170109,6.2940774165978155,0.27995186453415927,51.942286348501554,57.38068812430628,-48.057713651498446,3.990000000000009,2.6278571428571444,-2.649587646955615,-1.2987012987013058,1071484.65,1.1129361489219656,-3.0200000000000102,-1.460000000000008,-54.43097039378902,60.51012180493884,113.8,2.8400000000000034,2.559480894015865,1,1,0,111.46,113.79,116.05,1.460907252367906,111.97,1102852.0,44.48598130841123,111.42,740007.0,44.8979591836735,112.06,721271.0,48.50560398505603,113.98,882542.0,46.51162790697676,112.42,982094.0,58.56102003642988,0.9917769038255273,0.9876719035115047,1.0217574670433494,0.7633151380794095,1.5735193541494548,-1,-1,1,0,0,0
2025-02-24 01:19:21.305279,110.61,115.45,110.61,113.8,939913,112.042,112.83800000000001,112.26999999999998,108.97120000000001,112.40511589393488,111.50852925094524,0.8965866429896323,1.204522096227607,-0.3079354532379748,67.84500339904822,112.26999999999998,115.18333774939637,109.35666225060359,5.826675498792781,0.7625854143270916,78.70967741935476,64.60133901399873,-21.290322580645235,4.840000000000003,2.6085714285714303,0.7168775997875939,1.119601919317568,1064836.9,0.8826825967432196,0.8100000000000023,1.259999999999991,74.81853713009603,68.28757904079909,111.82,-1.980000000000004,-1.7398945518453464,0,0,0,110.53,114.29,116.29,1.59833350713208,110.96,1192494.0,50.24630541871919,111.97,1102852.0,44.48598130841123,111.42,740007.0,44.8979591836735,112.99,784712.0,54.52292441140022,112.54,1225865.0,56.250000000000014,1.015690544617197,1.0136278614055403,1.0443126257212914,1.0786194880592377,1.4566688746981933,1,-1,1,0,0,0
2025-02-25 01:19:21.305279,113.42,113.42,110.95,111.82,1352929,111.994,112.75399999999999,112.28450000000001,109.27799999999999,112.31509806409875,111.53160115828264,0.7834969058161079,1.1203170581453072,-0.3368201523291994,53.24041811846687,112.28450000000001,115.18518939173453,109.38381060826549,5.801378783469033,0.41993282677497235,53.16129032258053,61.2710846968123,-46.83870967741948,2.8499999999999943,2.5821428571428586,-0.21417097983224084,-0.7456062488904699,1052719.25,1.2851755109446321,-0.2400000000000091,-0.8400000000000034,-8.62446673584806,59.6722827757653,111.46,-0.35999999999999943,-0.3219459846181358,0,0,0,113.79,116.71,118.83,2.443927167495175,113.8,939913.0,67.84500339904822,110.96,1192494.0,50.24630541871919,111.97,1102852.0,44.48598130841123,112.06,721271.0,48.50560398505603,112.66,1015213.0,50.784207679826906,0.9984463453399288,0.9958631868156333,1.0232617727264408,1.0829496756641916,1.4503446958672583,-1,1,1,0,0,0
2025-02-26 01:19:21.305279,112.37,114.06,108.53,111.46,935762,112.002,112.417,112.2305,109.5988,112.18354451577588,111.52629736878022,0.6572471469956582,1.0277030759153774,-0.3704559289197191,52.07907293796864,112.2305,115.15130360246343,109.30969639753658,5.841607204926845,0.36810136783072844,48.51612903225795,60.129032258064434,-51.48387096774205,5.530000000000001,2.862142857142859,0.035900197451078836,-2.9347731429069097,1063712.9,0.8797129375793037,0.03999999999999204,-3.3700000000000045,-52.92641391054758,53.30132437173906,110.53,-0.9299999999999926,-0.8343800466535014,0,0,0,114.29,113.3,117.66,2.2148543970249905,111.82,1352929.0,53.24041811846687,113.8,939913.0,67.84500339904822,110.96,1192494.0,50.24630541871919,111.42,740007.0,44.8979591836735,114.83,1572894.0,51.41484249866524,0.9951608006999875,0.993134664819278,1.0169819377584426,1.0777847651647237,1.4604018012317086,1,-1,1,0,0,0
2025-02-27 01:19:21.305279,110.99,111.03,109.6,110.53,1112304,111.71399999999998,112.099,112.10349999999998,109.8954,111.92915305181035,111.45249756368538,0.47665548812496183,0.9174935583572942,-0.44083807023233235,43.26443335709195,112.10349999999998,115.09073794269364,109.11626205730633,5.974475885387307,0.23662961736132668,36.51612903225804,46.06451612903219,-63.483870967741964,1.8599999999999994,2.7957142857142876,-1.2860587657408213,-2.796587811098402,1065851.0,1.0435830148866962,-1.4399999999999977,-3.1799999999999926,-105.13995903637974,46.209470281298344,113.79,3.260000000000005,2.9494254953406362,1,1,0,116.71,113.96,121.04,1.334484919368081,111.46,935762.0,52.07907293796864,111.82,1352929.0,53.24041811846687,113.8,939913.0,67.84500339904822,111.97,1102852.0,44.48598130841123,113.71,1086076.0,45.493333333333304,0.9894015074207353,0.9859638637509089,1.005774582011622,1.264665963810684,1.493618971346823,-1,-1,1,0,0,0
2025-02-28 01:19:21.305279,110.1,117.25,110.1,113.79,1616839,112.28,112.08,112.106,110.1582,112.21543719768567,111.62564589230128,0.5897913053843951,0.8519531077627144,-0.2621618023783193,53.64006988934187,112.106,115.09908255112475,109.11291744887524,5.986165102249515,0.7813153281333969,63.76963350785346,49.600630524123176,-36.230366492146544,7.150000000000006,3.2621428571428592,2.550468637346803,-0.1666959115634302,1095328.5,1.4761224600656333,2.8300000000000125,-0.18999999999999773,108.1561983911353,47.67356061936639,114.29,0.5,0.43940592319184457,1,0,0,113.3,116.05,126.66,1.44974825401542,110.53,1112304.0,43.26443335709195,111.46,935762.0,52.07907293796864,111.82,1352929.0,53.24041811846687,110.96,1192494.0,50.24630541871919,113.98,882542.0,46.51162790697676,1.0134485215532598,1.0150214975112841,1.0329689482943623,1.460907252367906,1.4965412755623817,1,1,1,0,0,0
2025-03-01 01:19:21.305279,113.32,115.91,113.32,114.29,1223678,112.378,112.21,112.276,110.434,112.53460070573402,111.82300545583452,0.7115952498995028,0.8238815361900721,-0.11228628629056925,54.64387464387466,112.276,115.36302820813926,109.18897179186074,6.174056416278518,0.8262036923876979,69.00523560209429,56.43033271406862,-30.994764397905705,2.5900000000000034,3.4085714285714306,0.4305799648506231,1.1505442959554044,1087281.55,1.1254472220189884,0.4900000000000091,1.3000000000000114,135.92233009708727,48.456880480056256,116.71,2.4199999999999875,2.1174205967276114,1,1,0,113.96,116.29,125.81,1.5263584113898994,113.79,1616839.0,53.64006988934187,110.53,1112304.0,43.26443335709195,111.46,935762.0,52.07907293796864,113.8,939913.0,67.84500339904822,112.99,784712.0,54.52292441140022,1.0170140063001656,1.017937938651181,1.0349167828748393,1.59833350713208,1.54351410406963,1,1,1,0,0,0
2025-03-02 01:19:21.305279,113.67,116.72,113.67,116.71,1157662,113.356,112.675,112.684,110.711,113.17696982792879,112.18500505169864,0.991964776230148,0.8574981841980875,0.13446659203206046,55.28089887640448,112.684,115.85340240091094,109.51459759908906,6.33880480182188,1.1351355067508713,94.34554973821983,75.70680628272254,-5.6544502617801715,3.049999999999997,3.3492857142857155,4.373099624396351,4.149562734249502,1082472.15,1.0694612327901463,4.890000000000001,4.6499999999999915,181.7387754326996,47.06813058535373,113.3,-3.4099999999999966,-2.921771913289347,0,0,1,116.05,118.83,124.75,2.1825512594256784,114.29,1223678.0,54.64387464387466,113.79,1616839.0,53.64006988934187,110.53,1112304.0,43.26443335709195,111.82,1352929.0,53.24041811846687,112.06,721271.0,48.50560398505603,1.0295882000070573,1.0357282311597031,1.0541861242333643,2.443927167495175,1.584701200455471,1,1,1,0,0,0
2025-03-03 01:19:21.305279,117.09,117.09,112.54,113.3,1113873,113.724,112.86300000000001,112.8045,110.94760000000001,113.19589754670896,112.26759727009131,0.928300276617648,0.8716586026819996,0.05664167393564845,48.979591836734706,112.8045,115.86820587429068,109.74079412570933,6.127411748581352,0.5808661177559535,58.63874345549734,73.99650959860384,-41.36125654450266,4.549999999999997,3.544285714285716,1.6508164363897393,1.687309280201037,1084904.0,1.0267019017350845,1.8400000000000034,1.8799999999999955,92.16879517728067,46.961870757002764,113.96,0.6599999999999966,0.5825242718446572,1,0,0,116.29,117.66,128.44,1.8341128645807048,116.71,1157662.0,55.28089887640448,114.29,1223678.0,54.64387464387466,113.79,1616839.0,53.64006988934187,111.46,935762.0,52.07907293796864,111.42,740007.0,44.8979591836735,0.9962716752840209,1.0043925552615365,1.0212028020434871,2.2148543970249905,1.5318529371453378,1,1,1,0,0,0
2025-03-04 01:19:21.305279,112.71,114.69,112.71,113.96,628046,114.41,113.06199999999998,112.96,111.1978,113.3134517702922,112.39296043526974,0.9204913350224615,0.881425149150092,0.03906618587236954,49.95117187499998,112.96,115.91995732543117,110.00004267456882,5.919914650862353,0.6689213542722834,65.54973821989522,72.84467713787082,-34.45026178010478,1.980000000000004,3.6492857142857154,3.1032298923369157,1.7772617665446058,1069351.3,0.5873149450512661,3.4299999999999926,1.9899999999999949,55.715827691099776,41.692264958001175,116.05,2.0900000000000034,1.833976833976837,1,0,0,118.83,121.04,132.56,2.047518009693729,113.3,1113873.0,48.979591836734706,116.71,1157662.0,55.28089887640448,114.29,1223678.0,54.64387464387466,110.53,1112304.0,43.26443335709195,111.97,1102852.0,44.48598130841123,0.9960667773795997,1.0088526912181304,1.0248404195047023,1.334484919368081,1.4799786627155902,1,1,1,0,0,0
2025-03-05 01:19:21.305279,113.67,117.05,113.67,116.05,1039095,114.862,113.571,113.14150000000002,111.417,113.73445919024724,112.66385225487939,1.0706069353678487,0.9192615063936432,0.15134542897420544,57.08989805375349,113.14150000000002,116.3928658668247,109.89013413317534,6.5027317336493695,0.947273564269844,87.43455497382196,70.54101221640487,-12.565445026178043,3.3799999999999955,3.6492857142857154,1.9861147728271296,4.5872386445566,1072201.35,0.9691230103375639,2.259999999999991,5.090000000000003,139.27927927927973,48.055109646762645,116.29,0.2400000000000091,0.20680741059888766,1,0,0,117.66,126.66,131.24,4.062010585906904,113.96,628046.0,49.95117187499998,113.3,1113873.0,48.979591836734706,116.71,1157662.0,55.28089887640448,113.79,1616839.0,53.64006988934187,110.96,1192494.0,50.24630541871919,1.0103428461980464,1.02570674774508,1.0415825233133185,1.44974825401542,1.6256829334123422,1,1,1,0,0,0
2025-03-06 01:19:21.305279,115.74,118.47,113.4,116.29,979230,115.26200000000001,113.82000000000001,113.329,111.6662,114.12761931482459,112.93245579155499,1.1951635232695992,0.9744419097688345,0.2207216135007647,60.12446146481571,113.329,116.85520804233774,109.80279195766225,7.052416084675485,0.919856112351922,79.75858867223776,77.580960621985,-20.24141132776224,5.069999999999993,3.8707142857142864,1.7499343774608451,2.188049209138848,1059869.6,0.9239155458369595,2.0,2.490000000000009,142.65138080608835,53.765013832400605,118.83,2.539999999999992,2.1841946856995373,1,1,0,121.04,125.81,130.2,4.0631822504066175,116.05,1039095.0,57.08989805375349,113.96,628046.0,49.95117187499998,113.3,1113873.0,48.979591836734706,114.29,1223678.0,54.64387464387466,113.8,939913.0,67.84500339904822,1.0089188110565495,1.0261274695797193,1.0414073372246928,1.5263584113898994,1.7631040211688709,1,1,1,0,0,0
2025-03-07 01:19:21.305279,115.54,119.12,115.54,118.83,1020660,115.68599999999999,114.521,113.6375,111.89,114.85106249715928,113.36931091810646,1.481751579052812,1.07590384362563,0.4058477354271819,66.25713032031592,113.6375,117.91651058410703,109.35848941589298,8.558021168214054,1.1067407287196045,97.26156751652496,88.15157038752825,-2.7384324834750347,3.5799999999999983,3.703571428571429,1.8164681689658166,6.269003756036493,1060141.95,0.9627578646425604,2.1200000000000045,7.010000000000005,193.8047182804761,59.45769196327137,117.66,-1.1700000000000017,-0.9845998485231017,0,0,0,126.66,124.75,129.53,3.7597247239683833,116.29,979230.0,60.12446146481571,116.05,1039095.0,57.08989805375349,113.96,628046.0,49.95117187499998,116.71,1157662.0,55.28089887640448,111.82,1352929.0,53.24041811846687,1.0271770136403715,1.0456935430645693,1.062025203324694,2.1825512594256784,2.1395052920535136,1,1,1,0,0,0
2025-03-08 01:19:21.305279,119.63,120.42,114.84,117.66,1072206,116.55799999999999,115.141,113.779,112.05879999999999,115.28320672836553,113.68713973898747,1.596066989378059,1.179936472776116,0.4161305166019431,62.152926099957284,113.779,118.39773028803769,109.1602697119623,9.237460576075392,0.92013711106401,76.7872161480235,84.60245744559545,-23.212783851976493,5.579999999999998,4.0,3.8481906443071487,5.562533644356723,1035107.55,1.0358401887803832,4.359999999999999,6.200000000000003,158.9272213600728,52.33637102888098,121.04,3.3800000000000097,2.872684004759485,1,1,0,125.81,128.44,126.11,2.757326603799168,118.83,1020660.0,66.25713032031592,116.29,979230.0,60.12446146481571,116.05,1039095.0,57.08989805375349,113.3,1113873.0,48.979591836734706,111.46,935762.0,52.07907293796864,1.0094545204962337,1.034109985146644,1.0499844724376846,1.8341128645807048,2.309365144018848,1,1,1,0,0,0
2025-03-09 01:19:21.305279,118.67,121.65,118.67,121.04,1302239,117.974,116.19200000000001,114.1455,112.3186,116.1688672316939,114.23179605461803,1.9370711770758646,1.3313634136360657,0.6057077634397989,69.55003878975953,114.1455,119.79045293905654,108.50054706094346,11.289905878113075,1.1106782531611603,95.35060975609757,89.79979780688204,-4.649390243902433,3.990000000000009,4.0,6.212706212706224,9.508730661358912,1045915.7,1.2450707069412956,7.0800000000000125,10.510000000000005,213.23141802846547,60.4496020462149,126.66,5.61999999999999,4.6430931923331045,1,1,0,124.75,132.56,123.86,3.062177329943218,117.66,1072206.0,62.152926099957284,118.83,1020660.0,66.25713032031592,116.29,979230.0,60.12446146481571,113.96,628046.0,49.95117187499998,110.53,1112304.0,43.26443335709195,1.025988777188194,1.060400979451665,1.0776487598670212,2.047518009693729,2.822476469528272,1,1,1,0,0,0
2025-03-10 01:19:21.305279,121.32,127.68,121.32,126.66,1419808,120.096,117.47900000000001,114.77950000000001,112.66239999999999,117.78288765758714,115.15240375427597,2.6304839033111733,1.5911875115710874,1.039296391740086,72.5140056022409,114.77950000000001,122.72546613979003,106.83353386021,15.891932279580033,1.2475805830902988,94.67362924281979,88.93715171564698,-5.326370757180208,6.640000000000001,4.128571428571428,9.142610943558811,11.310308462958071,1072779.0,1.3234860115643576,10.61,12.86999999999999,266.742449320351,61.97400090069377,125.81,-0.8499999999999943,-0.6710879519974691,0,0,0,128.44,131.24,121.43,3.3643498629033783,121.04,1302239.0,69.55003878975953,117.66,1072206.0,62.152926099957284,118.83,1020660.0,66.25713032031592,116.05,1039095.0,57.08989805375349,113.79,1616839.0,53.64006988934187,1.054656274980016,1.1035071593795058,1.1242437583435112,4.062010585906904,3.9729830698950064,1,1,1,0,1,0
2025-03-11 01:19:21.305279,125.85,126.0,125.69,125.81,937567,122.0,118.631,115.42050000000002,112.9456,119.01782801795835,115.9418553280333,3.0759726899250524,1.8881445472418807,1.1878281426831716,75.50127597520967,115.42050000000002,124.71293376425739,106.12806623574265,18.584867528514735,1.0590300810086157,90.2349869451697,93.41974198136238,-9.765013054830309,0.9699999999999989,3.994285714285714,8.186430475535296,10.079622014174465,1080421.75,0.8677787169686282,9.519999999999996,11.519999999999996,216.40364435044333,69.61649701159148,124.75,-1.0600000000000023,-0.842540338605836,0,0,0,132.56,130.2,119.63,3.022750403195371,126.66,1419808.0,72.5140056022409,121.04,1302239.0,69.55003878975953,117.66,1072206.0,62.152926099957284,116.29,979230.0,60.12446146481571,114.29,1223678.0,54.64387464387466,1.0312295081967213,1.0900143388739434,1.1138990806193425,4.0631822504066175,4.646216882128686,1,1,1,0,0,0
2025-03-12 01:19:21.305279,126.49,128.76,120.57,124.75,1117831,123.184,119.43500000000002,116.05500000000002,113.1786,119.89970063058014,116.59431048891972,3.3053901416604248,2.1715936661255895,1.1337964755348353,73.62246711695701,116.05500000000002,126.084998163402,106.02500183659804,20.05999632680397,0.9334497304160423,79.07098121085599,87.9931991329485,-20.929018789144006,8.189999999999998,4.184285714285714,4.981906925860474,6.88886984834205,1100249.75,1.0159793265120034,5.920000000000002,8.040000000000006,160.03369130343214,68.29349816183617,128.44,3.6899999999999977,2.9579158316633247,1,1,0,131.24,129.53,119.61,1.5818912731340073,125.81,937567.0,75.50127597520967,126.66,1419808.0,72.5140056022409,121.04,1302239.0,69.55003878975953,118.83,1020660.0,66.25713032031592,116.71,1157662.0,55.28089887640448,1.012712689959735,1.0749213734867087,1.102240176146374,3.7597247239683833,5.014999081700994,1,1,1,0,1,0
2025-03-13 01:19:21.305279,124.45,128.97,124.45,128.44,1384065,125.34,120.94899999999998,116.90599999999999,113.55539999999999,121.21359284126011,117.47176897122196,3.7418238700381465,2.485639706908101,1.2561841631300457,78.98996438977017,116.90599999999999,128.1006893424354,105.7113106575646,22.389378684870806,1.0151549831882507,97.19130895601484,88.83242570401353,-2.8086910439851667,4.519999999999996,4.374285714285714,9.161992180860107,13.362753751103265,1132452.65,1.2221835500142104,10.780000000000001,15.14,167.16149065070658,75.6272747830684,132.56,4.1200000000000045,3.2077234506384342,1,1,0,130.2,126.11,120.23,2.4216874282238865,124.75,1117831.0,73.62246711695701,125.81,937567.0,75.50127597520967,126.66,1419808.0,72.5140056022409,117.66,1072206.0,62.152926099957284,113.3,1113873.0,48.979591836734706,1.0247327269826072,1.0986604622517238,1.1310778703610749,2.757326603799168,5.5973446712177,1,1,1,0,1,0
2025-03-14 01:19:21.305279,128.44,135.78,128.44,132.56,1102834,127.644,122.80900000000001,117.9355,114.04540000000001,122.9591939426047,118.58941571409441,4.369778228510285,2.862467411228538,1.5073108172817467,79.55905511811025,117.9355,130.87065239061272,105.0003476093873,25.870304781225414,1.065300645805042,86.14457831325302,87.46895616004132,-13.855421686746986,7.340000000000003,4.3878571428571425,9.517514871116981,16.32151632151633,1132451.75,0.9738463470960241,11.519999999999996,18.60000000000001,194.9799424891809,75.13127751944798,131.24,-1.3199999999999932,-0.9957754978877439,0,0,0,129.53,123.86,124.02,3.0908526331771227,128.44,1384065.0,78.98996438977017,124.75,1117831.0,73.62246711695701,125.81,937567.0,75.50127597520967,121.04,1302239.0,69.55003878975953,113.96,628046.0,49.95117187499998,1.038513365297233,1.124004222647125,1.1623441190964299,3.062177329943218,6.467576195306352,1,1,1,0,1,0
2025-03-15 01:19:21.305279,133.2,133.24,127.75,131.24,1381758,128.56,124.328,118.94949999999999,114.5186,124.2331641052809,119.52649603156891,4.706668073711995,3.23130754372523,1.4753605299867654,76.020878108689,118.94949999999999,132.7339267200327,105.16507327996725,27.568853440065467,0.9458110681577494,80.4647160068847,87.93353442538421,-19.53528399311529,5.490000000000009,4.595,3.615979788409926,13.089185695820776,1141914.95,1.2100358262233102,4.5800000000000125,15.190000000000012,144.03311762466694,66.1893422992034,130.2,-1.0400000000000205,-0.7924413288631671,0,0,0,126.11,121.43,121.6,3.7189420538667046,132.56,1102834.0,79.55905511811025,128.44,1384065.0,78.98996438977017,124.75,1117831.0,73.62246711695701,126.66,1419808.0,72.5140056022409,116.05,1039095.0,57.08989805375349,1.020846297448662,1.1033253607623406,1.1460147085276977,3.3643498629033783,6.892213360016369,1,1,1,0,1,0
2025-03-16 01:19:21.305279,131.29,131.55,128.77,130.2,1059319,129.438,125.71900000000001,119.76950000000002,114.97319999999999,125.15113885831461,120.3171259551564,4.834012903158211,3.551848615611827,1.282164287546384,71.62552100032059,119.76950000000002,134.20015374015932,105.33884625984072,28.8613074803186,0.8614008134285961,75.98967297762472,80.8663224325875,-24.010327022375275,2.780000000000001,4.575714285714286,3.489388760829812,11.961475621291582,1147885.25,0.9228439863653619,4.389999999999986,13.909999999999982,117.20499640139259,59.04543507038244,129.53,-0.6699999999999875,-0.5145929339477632,0,0,0,123.86,119.63,124.06,3.895243252997016,131.24,1381758.0,76.020878108689,132.56,1102834.0,79.55905511811025,128.44,1384065.0,78.98996438977017,125.81,937567.0,75.50127597520967,116.29,979230.0,60.12446146481571,1.005886988365086,1.0870881150877307,1.1324378202920333,3.022750403195371,7.2153268700796485,1,1,1,0,1,0
2025-03-17 01:19:21.305279,129.72,132.61,128.02,129.53,1055126,130.39399999999998,126.78900000000002,120.655,115.3866,125.82480980318928,120.99956106958926,4.82524873360002,3.8065286392094664,1.0187200943905537,78.52372583479789,120.655,135.2047223702923,106.1052776297077,29.0994447405846,0.8049886373818727,72.90853922843522,76.4543094043149,-27.091460771564797,4.590000000000003,4.578571428571429,3.8316633266533078,9.004460153159979,1132995.1,0.9312714591616503,4.780000000000001,10.700000000000003,101.88025187037856,58.741337022392734,126.11,-3.4200000000000017,-2.640314984945574,0,0,1,121.43,119.61,123.59,2.825052211910284,130.2,1059319.0,71.62552100032059,131.24,1381758.0,76.020878108689,132.56,1102834.0,79.55905511811025,124.75,1117831.0,73.62246711695701,118.83,1020660.0,66.25713032031592,0.9933739282482325,1.0735568356056524,1.1225740250601024,1.5818912731340073,7.274861185146148,1,1,1,0,1,0
2025-03-18 01:19:21.305279,129.68,129.68,123.59,126.11,1405532,129.928,127.63399999999999,121.3875,115.7228,125.86868521808324,121.37811210147153,4.4905731166117135,3.943337534689916,0.5472355819217976,69.4649150913169,121.3875,135.45520377402215,107.31979622597787,28.135407548044284,0.6678489992347117,56.7917783735478,68.5633301932026,-43.2082216264522,6.090000000000003,4.872142857142857,-1.8140766116474607,7.181710011898694,1156483.6,1.2153497031864524,-2.3299999999999983,8.450000000000003,56.79325704494455,55.66247386382467,123.86,-2.25,-1.784156688605186,0,0,0,119.63,120.23,123.53,1.7856987427949422,129.53,1055126.0,78.52372583479789,130.2,1059319.0,71.62552100032059,131.24,1381758.0,76.020878108689,128.44,1384065.0,78.98996438977017,117.66,1072206.0,62.152926099957284,0.9706144941813928,1.0389043352898775,1.0897593214128936,2.4216874282238865,7.033851887011069,-1,1,1,0,1,0
2025-03-19 01:19:21.305279,126.32,126.98,121.79,123.86,1225373,128.188,127.91599999999998,122.054,116.07119999999999,125.55965672299352,121.56195564951068,3.997701073482844,3.9542102424485024,0.04349083103434159,62.448198916161935,122.054,135.18788450174645,108.92011549825355,26.2677690034929,0.5687534597917261,46.738159070598726,58.812825557527276,-53.261840929401274,5.189999999999998,5.001428571428572,-6.5630657815328926,2.3298083278255066,1162137.05,1.0544135048443726,-8.700000000000003,2.819999999999993,27.088955167353177,48.964095851380826,121.43,-2.4299999999999926,-1.961892459228155,0,0,0,119.61,124.02,125.26,1.8510753631387964,126.11,1405532.0,69.4649150913169,129.53,1055126.0,78.52372583479789,130.2,1059319.0,71.62552100032059,132.56,1102834.0,79.55905511811025,121.04,1302239.0,69.55003878975953,0.9662370892751272,1.014796729316532,1.0671036398348601,3.0908526331771227,6.566942250873228,-1,1,1,0,1,0
2025-03-20 01:19:21.305279,123.83,123.83,120.74,121.43,1386455,126.226,127.39299999999999,122.436,116.35379999999999,124.92432491945607,121.55218115695435,3.3721437625017217,3.8377969464591466,-0.46565318395742494,57.65792610250299,122.436,134.98944012401864,109.88255987598137,25.10688024803727,0.4599313020948254,31.470869149952264,45.00026886469962,-68.52913085004774,3.1200000000000045,4.862142857142858,-7.4748552270649204,-4.129164692878565,1150617.85,1.2049656625785876,-9.810000000000002,-5.22999999999999,-2.936112554377175,42.30690838944489,119.63,-1.8000000000000114,-1.4823355019352806,0,0,0,120.23,121.6,122.51,1.8628392308568702,123.86,1225373.0,62.448198916161935,126.11,1405532.0,69.4649150913169,129.53,1055126.0,78.52372583479789,131.24,1381758.0,76.020878108689,126.66,1419808.0,72.5140056022409,0.962004658311283,0.9917834623803456,1.0436272816186494,3.7189420538667046,6.2767200620093195,-1,1,1,0,1,0
2025-03-21 01:19:21.305279,121.36,121.36,118.95,119.63,1205984,124.112,126.775,122.703,116.5732,124.1098133933859,121.40979736755034,2.7000160258355663,3.6102407623344304,-0.910224736498864,51.2187690432663,122.703,134.74361215439583,110.66238784560419,24.081224308791647,0.37239020904439174,22.87488061127026,33.69463627727377,-77.12511938872973,2.480000000000004,4.78357142857143,-8.118279569892469,-4.912169143947227,1149733.15,1.0489251353672808,-10.569999999999993,-6.180000000000007,-32.61361564286557,36.20337601860468,119.61,-0.01999999999999602,-0.01671821449468864,0,0,0,124.02,124.06,123.5,2.0786365723760434,121.43,1386455.0,57.65792610250299,123.86,1225373.0,62.448198916161935,126.11,1405532.0,69.4649150913169,130.2,1059319.0,71.62552100032059,125.81,937567.0,75.50127597520967,0.9638874564909115,0.9749557875520566,1.0262221505457514,3.895243252997016,6.02030607719791,-1,1,1,0,1,0
2025-03-22 01:19:21.305279,119.24,120.06,119.24,119.61,879449,122.128,126.261,122.848,116.7666,123.41753440978808,121.27647904402808,2.141055365759996,3.316403683019544,-1.1753483172595476,53.078623302810236,122.848,134.65226078293477,111.04373921706524,23.608521565869538,0.36284613413992295,5.493863237872576,19.946537666365057,-94.50613676212743,0.8200000000000074,4.443571428571431,-7.658457500193007,-4.120240480961924,1135822.5,0.7742838339617326,-9.920000000000002,-5.140000000000001,-41.129248059940906,36.560826452625555,120.23,0.6200000000000045,0.5183513084190323,1,0,0,121.6,123.59,123.98,1.7098976577617329,119.63,1205984.0,51.2187690432663,121.43,1386455.0,57.65792610250299,123.86,1225373.0,62.448198916161935,129.53,1055126.0,78.52372583479789,124.75,1117831.0,73.62246711695701,0.9793822874361325,0.97364222453764,1.0243511415079312,2.825052211910284,5.9021303914673835,-1,1,1,0,1,0
2025-03-23 01:19:21.305279,119.43,122.46,117.28,120.23,1124143,120.952,125.44000000000001,123.19449999999999,116.92380000000001,122.92714450058992,121.19896207780378,1.7281824227861335,2.998759430972862,-1.2705770081867285,48.599100657212034,123.19449999999999,134.1983853903593,112.19061460964068,22.00777078071863,0.3652975792260962,15.945945945945962,14.771563265029622,-84.05405405405403,5.179999999999993,4.52857142857143,-4.662596146221549,-6.392089691684828,1136336.0,0.9892698990439448,-5.8799999999999955,-8.209999999999994,-42.63147937949298,35.896040020638054,124.02,3.789999999999992,3.152291441403969,1,1,0,124.06,123.53,125.26,1.0130399794770795,119.61,879449.0,53.078623302810236,119.63,1205984.0,51.2187690432663,121.43,1386455.0,57.65792610250299,126.11,1405532.0,69.4649150913169,128.44,1384065.0,78.98996438977017,0.9940306898604405,0.9759364257332918,1.0282765356582662,1.7856987427949422,5.50194269517966,-1,1,1,0,1,0
2025-03-24 01:19:21.305279,119.6,126.93,119.6,124.02,1086354,120.984,124.58599999999998,123.69749999999999,117.1182,123.09527611588376,121.40792784981832,1.6873482660654417,2.7364771979913782,-1.0491289319259365,45.12555391432792,123.69749999999999,133.8074364879027,113.58756351209729,20.2198729758054,0.5159496550935756,36.43243243243241,19.290747205417006,-63.56756756756759,7.3300000000000125,4.5778571428571455,0.1291781043113165,-6.442365721182865,1159251.4,0.9371168324661934,0.1599999999999966,-8.540000000000006,0.5613913015978017,34.534638365365396,121.6,-2.4200000000000017,-1.9512981777132736,0,0,0,123.59,125.26,126.05,1.32021589144309,120.23,1124143.0,48.599100657212034,119.61,879449.0,53.078623302810236,119.63,1205984.0,51.2187690432663,123.86,1225373.0,62.448198916161935,132.56,1102834.0,79.55905511811025,1.025094227335846,1.002607166676772,1.0589302089683754,1.8510753631387964,5.054968243951354,1,1,1,0,0,0
2025-03-25 01:19:21.305279,124.85,124.85,121.41,121.6,1216382,121.018,123.622,123.975,117.24220000000001,122.86523363651702,121.42215541649844,1.4430782200185774,2.4777974023968183,-1.034719182378241,42.65270506108201,123.975,133.4881653927295,114.46183460727048,19.026330785459038,0.37517298911805397,23.351351351351315,25.243243243243253,-76.64864864864869,3.4399999999999977,4.754285714285716,0.13999835296054308,-7.345321548308453,1168115.75,1.04131974934847,0.1699999999999875,-9.640000000000015,-20.94053991826368,28.358162818122267,124.06,2.460000000000008,2.02302631578948,1,1,0,123.53,122.51,132.3,0.9974718041222129,124.02,1086354.0,45.12555391432792,120.23,1124143.0,48.599100657212034,119.61,879449.0,53.078623302810236,121.43,1386455.0,57.65792610250299,131.24,1381758.0,76.020878108689,1.004809201936902,0.9808429118773946,1.0371692104037624,1.8628392308568702,4.7565826963647595,1,1,1,0,0,0
2025-03-26 01:19:21.305279,120.86,125.14,120.86,124.06,1195218,121.904,123.008,124.3635,117.4174,123.04904384628362,121.61755131157263,1.4314925347109977,2.268536428859654,-0.8370438941486564,48.85191347753745,124.3635,133.16309155750426,115.56390844249573,17.59918311500853,0.48275488140462786,36.64864864864866,32.14414414414415,-63.35135135135135,4.280000000000001,4.475000000000002,3.7030845105742767,-4.715821812595996,1178915.15,1.0138286881799763,4.430000000000007,-6.139999999999986,-16.102476081497556,35.29504286975606,123.59,-0.46999999999999886,-0.3788489440593252,0,0,0,125.26,123.5,130.68,0.9909944500444221,121.6,1216382.0,42.65270506108201,124.02,1086354.0,45.12555391432792,120.23,1124143.0,48.599100657212034,119.63,1205984.0,51.2187690432663,130.2,1059319.0,71.62552100032059,1.0176860480378003,0.9975595733474854,1.0565725352460538,2.0786365723760434,4.399795778752133,1,1,1,0,0,0
2025-03-27 01:19:21.305279,124.41,126.63,122.29,123.59,996174,122.7,122.41399999999999,124.60149999999999,117.65859999999999,123.1322678699323,121.7636586218265,1.3686092481058125,2.088550992708886,-0.7199417446030734,40.96161013790535,124.60149999999999,133.02017166669017,116.18282833330981,16.83734333338036,0.43992520197680635,34.10810810810812,31.369369369369384,-65.89189189189189,4.339999999999989,4.462142857142859,3.3274809798511864,-4.585810237010729,1177690.85,0.8458705440396348,3.980000000000004,-5.939999999999998,-7.160119381487602,33.63052655694743,123.53,-0.060000000000002274,-0.048547617121128143,0,0,0,122.51,123.98,129.36,0.9976622675128247,124.06,1195218.0,48.85191347753745,121.6,1216382.0,42.65270506108201,124.02,1086354.0,45.12555391432792,119.61,879449.0,53.078623302810236,129.53,1055126.0,78.52372583479789,1.0072534637326813,0.9918821201991952,1.050411954587255,1.7098976577617329,4.209335833345088,1,1,1,0,0,0
2025-03-28 01:19:21.305279,123.71,127.56,120.27,123.53,979185,123.35999999999999,122.15599999999999,124.89500000000001,117.87839999999998,123.19345742840424,121.89449872391343,1.2989587044908149,1.9306325350652715,-0.6316738305744567,30.171277997364953,124.89500000000001,132.68017484507408,117.10982515492594,15.570349690148134,0.4123333754755881,39.16040100250625,36.63905258642103,-60.83959899749375,7.290000000000006,4.458571428571431,2.744739249771269,-2.045833002933945,1173039.8,0.8347414981145567,3.299999999999997,-2.5799999999999983,-23.43390446873826,26.804341101526617,125.26,1.730000000000004,1.40046952157371,1,0,0,123.5,125.26,127.81,1.1825480962813972,123.59,996174.0,40.96161013790535,124.06,1195218.0,48.85191347753745,121.6,1216382.0,42.65270506108201,120.23,1124143.0,48.599100657212034,126.11,1405532.0,69.4649150913169,1.0013780804150456,0.9890708194883702,1.0479443222846596,1.0130399794770795,3.892587422537036,1,1,1,0,0,0
2025-03-29 01:19:21.305279,123.46,126.15,123.46,125.26,763594,123.60799999999999,122.29599999999998,125.106,118.12219999999999,123.51138705480359,122.14379511473466,1.3675919400689338,1.8180244160660042,-0.45043247599707037,37.10094909404659,125.106,132.6770567989274,117.53494320107261,15.142113597854788,0.5101703107036405,52.05479452054793,41.77443454372079,-47.94520547945207,2.690000000000012,4.258571428571431,0.9998387356877997,1.130308412724048,1146107.55,0.6662498645960407,1.240000000000009,1.4000000000000057,-2.181826948576184,32.93170228312769,122.51,-2.75,-2.195433498323487,0,0,1,123.98,126.05,126.45,1.4073556764438457,123.53,979185.0,30.171277997364953,123.59,996174.0,40.96161013790535,124.06,1195218.0,48.85191347753745,124.02,1086354.0,45.12555391432792,123.86,1225373.0,62.448198916161935,1.013364830755291,1.0012309561491857,1.060427252455508,1.32021589144309,3.7855283994636952,1,1,1,0,0,0
2025-03-30 01:19:21.305279,125.69,126.09,116.24,122.51,1109799,123.79,122.404,124.89849999999998,118.2976,123.35732750791074,122.17092140253209,1.1864061053786514,1.6917007539285336,-0.5052946485498822,34.55202892728006,124.89849999999998,132.51755443780712,117.27944556219283,15.238108875614287,0.3432548277810041,38.30177153329263,43.17232235211562,-61.69822846670737,9.850000000000009,4.7635714285714315,0.7483552631579037,0.8894013011611613,1130607.1,0.9815956400769108,0.9100000000000108,1.0799999999999983,-75.2289123196449,32.981748782995,123.5,0.9899999999999949,0.8080972981797363,1,0,0,125.26,132.3,124.9,3.547283467671894,125.26,763594.0,37.10094909404659,123.53,979185.0,30.171277997364953,123.59,996174.0,40.96161013790535,121.6,1216382.0,42.65270506108201,121.43,1386455.0,57.65792610250299,0.9896599079085548,0.9808764716950166,1.0356084992425882,0.9974718041222129,3.8095272189035754,1,-1,1,0,0,0
2025-03-31 01:19:21.305279,122.24,124.2,122.24,123.5,1100050,123.678,122.79099999999998,124.78299999999999,118.54979999999999,123.37927712207832,122.26937166901119,1.1099054530671282,1.5753416937562525,-0.46543624068912437,38.04046013486712,124.78299999999999,132.41390144360795,117.15209855639202,15.261802887215936,0.41593391622986475,54.01785714285713,48.12480773223259,-45.98214285714287,1.960000000000008,4.575714285714289,-0.45139448653877334,3.2349745047228997,1138731.25,0.9660312738409523,-0.5600000000000023,3.8700000000000045,-33.10432791257202,40.053283051687785,123.98,0.480000000000004,0.38866396761133926,1,0,0,126.05,130.68,127.94,3.62437304923459,122.51,1109799.0,34.55202892728006,125.26,763594.0,37.10094909404659,123.53,979185.0,30.171277997364953,124.06,1195218.0,48.85191347753745,119.63,1205984.0,51.2187690432663,0.9985607787965524,0.989718150709632,1.0417562914488259,0.9909944500444221,3.8154507218039875,-1,-1,1,0,0,0
2025-04-01 01:19:21.305279,123.96,126.36,121.21,123.98,1070261,123.756,123.228,124.74449999999999,118.85839999999999,123.47169602637396,122.39608487871406,1.0756111476598988,1.475395584536982,-0.3997844368770831,45.21778176919624,124.74449999999999,132.38386749930427,117.1051325006957,15.27873499860857,0.4499631350324744,68.37455830388696,53.5647289933456,-31.62544169611304,5.150000000000006,4.508571428571432,0.31555951128732146,3.6535406738567047,1136352.75,0.941838702814773,0.39000000000000057,4.3700000000000045,-19.480916965078034,48.06499283223012,125.26,1.2800000000000011,1.0324245846104219,1,0,0,132.3,129.36,131.64,3.00697522437712,123.5,1100050.0,38.04046013486712,122.51,1109799.0,34.55202892728006,125.26,763594.0,37.10094909404659,123.59,996174.0,40.96161013790535,119.61,879449.0,53.078623302810236,1.0018100132518828,0.9938714732914078,1.0430899288565219,0.9976622675128247,3.819683749652145,1,-1,1,0,0,0
2025-04-02 01:19:21.305279,123.52,125.43,123.52,125.26,897955,124.102,123.731,124.58549999999998,119.1458,123.74681971462412,122.60822673955005,1.1385929750740758,1.408035062644401,-0.2694420875703252,53.286384976525824,124.58549999999998,132.03092381529933,117.14007618470063,14.8908476305987,0.5452962797506581,79.68197879858661,67.35813141511026,-20.318021201413387,1.9100000000000108,4.2742857142857185,1.40046952157371,4.183648007984696,1112047.25,0.8074791786050458,1.730000000000004,5.030000000000001,4.0289451101875935,55.201569263478575,126.05,0.789999999999992,0.6306881686092862,1,0,0,130.68,127.81,130.2,2.4327248097591614,123.98,1070261.0,45.21778176919624,123.5,1100050.0,38.04046013486712,122.51,1109799.0,34.55202892728006,123.53,979185.0,30.171277997364953,120.23,1124143.0,48.599100657212034,1.009331034149329,1.005413952667044,1.0513169578784984,1.1825480962813972,3.7227119076496726,1,-1,1,0,0,0
2025-04-03 01:19:21.305279,126.27,126.61,124.82,126.05,1315975,124.26000000000002,123.93400000000001,124.25999999999999,119.4498,124.10115514314349,122.86317290699077,1.2379822361527175,1.3740244973460645,-0.13604226119334695,61.749745676500474,124.25999999999999,130.7447383585539,117.7752616414461,12.969476717107796,0.6380163624981763,86.66077738515897,78.23910482921087,-13.339222614841026,1.7900000000000063,4.179285714285719,0.6306881686092862,1.6368327689082414,1122704.3,1.172147465721829,0.789999999999992,2.030000000000001,45.314045055463055,64.32425161725124,132.3,6.250000000000014,4.958349861166216,1,1,0,129.36,126.45,128.1,2.304810187416246,125.26,897955.0,53.286384976525824,123.98,1070261.0,45.21778176919624,123.5,1100050.0,38.04046013486712,125.26,763594.0,37.10094909404659,124.02,1086354.0,45.12555391432792,1.0144052792531786,1.0144052792531788,1.0552550108916048,1.4073556764438457,3.2423691792769467,1,-1,1,0,0,0
2025-04-04 01:19:21.305279,126.1,133.58,126.1,132.3,1322825,126.218,125.00399999999999,124.31300000000002,119.8474,125.36251589035217,123.56219713610255,1.8003187542496164,1.4592833487267751,0.3410354055228413,76.275404396516,124.31300000000002,131.05034634625733,117.57565365374272,13.474692692514608,1.0927407906257398,92.61822376009228,86.32032664794599,-7.381776239907727,7.530000000000015,4.540000000000005,7.991184393110771,8.799342105263172,1119757.65,1.181349375018782,9.790000000000006,10.700000000000017,184.7329416733864,72.62197553077877,130.68,-1.6200000000000045,-1.2244897959183707,0,0,0,127.81,124.9,129.37,2.288700504657135,126.05,1315975.0,61.749745676500474,125.26,897955.0,53.286384976525824,123.98,1070261.0,45.21778176919624,122.51,1109799.0,34.55202892728006,121.6,1216382.0,42.65270506108201,1.0481864710263196,1.064249113125739,1.1039037976626946,3.547283467671894,3.3686731731286494,1,1,1,0,0,0
2025-04-05 01:19:21.305279,130.92,135.81,126.56,130.68,1316439,127.654,125.66600000000001,124.33700000000002,120.2102,126.18059036875951,124.08944179268755,2.0911485760719586,1.585656394195812,0.5054921818761466,71.52858809801634,124.33700000000002,131.16544854074755,117.50855145925249,13.65689708149506,0.964453965066097,73.78640776699032,84.35513630408055,-26.213592233009674,9.25,5.142142857142862,5.81376518218624,5.3361276801547675,1132613.65,1.1623019023300665,7.180000000000007,6.6200000000000045,189.3073577850455,79.020818172113,129.36,-1.3199999999999932,-1.0101010101010048,0,0,0,126.45,127.94,128.0,1.6878595913220555,132.3,1322825.0,76.275404396516,126.05,1315975.0,61.749745676500474,125.26,897955.0,53.286384976525824,123.5,1100050.0,38.04046013486712,124.06,1195218.0,48.85191347753745,1.0237047017719774,1.0510145813394243,1.0870957705752091,3.62437304923459,3.414224270373768,1,1,1,0,0,0
2025-04-06 01:19:21.305279,130.64,130.64,128.16,129.36,1186638,128.73,126.24300000000001,124.3285,120.5442,126.66973031202727,124.47985351174773,2.189876800279535,1.7065004754125566,0.48337632486697846,67.28511927300266,124.3285,131.13010128204772,117.5268987179523,13.603202564095412,0.8698761358799619,67.04138988247324,77.81534046985199,-32.95861011752675,2.5200000000000102,4.952142857142863,4.339409582190683,4.668662513148321,1139189.25,1.0416513322961922,5.38000000000001,5.77000000000001,147.07884084966167,71.35062695158813,127.81,-1.5500000000000114,-1.1982065553494212,0,0,0,124.9,131.64,129.69,2.499213876405497,130.68,1316439.0,71.52858809801634,132.3,1322825.0,76.275404396516,126.05,1315975.0,61.749745676500474,123.98,1070261.0,45.21778176919624,123.59,996174.0,40.96161013790535,1.00489396411093,1.0404694016255325,1.0731333403017318,3.00697522437712,3.400800641023852,1,-1,1,0,0,0
2025-04-07 01:19:21.305279,130.81,130.81,126.5,127.81,990382,129.24,126.671,124.4135,120.8038,126.84515641786922,124.72653102939604,2.118625388473177,1.7889254580246805,0.32969993044849644,57.840297889946214,124.4135,131.3499947161604,117.47700528383957,13.872989432320836,0.7448282698238748,59.121103730199295,66.64963379322099,-40.878896269800705,4.310000000000002,4.7364285714285765,2.035765607536322,3.464745405974258,1118431.75,0.8855095538909727,2.549999999999997,4.280000000000001,109.4479996191696,64.70559618934783,126.45,-1.3599999999999994,-1.0640794929974176,0,0,0,127.94,130.2,130.28,2.7317723184807647,129.36,1186638.0,67.28511927300266,130.68,1316439.0,71.52858809801634,132.3,1322825.0,76.275404396516,125.26,897955.0,53.286384976525824,123.53,979185.0,30.171277997364953,0.9889353141442278,1.0273000920318134,1.0579965199770207,2.4327248097591614,3.4682473580802102,1,1,1,0,0,0
2025-04-08 01:19:21.305279,128.62,128.62,126.43,126.45,1461157,129.32,126.79,124.54299999999998,121.05860000000001,126.78436312281244,124.85419539758894,1.930167725223498,1.817173911464444,0.11299381375905404,60.4932929467763,124.54299999999998,131.5324901553355,117.55350984466448,13.97898031067102,0.6364191062308233,52.171691364333185,59.4447283256686,-47.828308635666815,2.1899999999999977,4.647142857142862,0.31733439111464157,0.9500239501836162,1130220.95,1.2928065083203422,0.4000000000000057,1.1899999999999977,68.064162395124,63.50782901837791,124.9,-1.5499999999999972,-1.22578094108343,0,0,0,131.64,128.1,126.4,2.557709913187533,127.81,990382.0,57.840297889946214,129.36,1186638.0,67.28511927300266,130.68,1316439.0,71.52858809801634,126.05,1315975.0,61.749745676500474,125.26,763594.0,37.10094909404659,0.9778069904113826,1.0153119806010777,1.0445354563822808,2.304810187416246,3.4947450776677544,1,1,1,0,0,0
2025-04-09 01:19:21.305279,126.91,126.91,123.66,124.9,883750,127.84,127.02900000000002,124.7165,121.277,126.49446110391821,124.85758833110087,1.6368727728173411,1.7811136837350237,-0.14424091091768254,51.8918918918919,124.7165,131.5511832983999,117.88181670160007,13.669366596799833,0.5134241772433681,44.25140521205931,51.84806676886396,-55.74859478794069,3.25,4.573571428571434,-5.593348450491312,1.9508611541914949,1105085.7,0.7997117327642553,-7.400000000000006,2.3900000000000006,13.164087039700483,57.125179975803505,127.94,3.039999999999992,2.433947157726174,1,1,0,130.2,129.37,130.37,1.5384732691918426,126.45,1461157.0,60.4932929467763,127.81,990382.0,57.840297889946214,129.36,1186638.0,67.28511927300266,132.3,1322825.0,76.275404396516,122.51,1109799.0,34.55202892728006,0.9770025031289111,1.0014713369922985,1.0298737600699226,2.288700504657135,3.4173416491999595,-1,1,1,0,0,0
2025-04-10 01:19:21.305279,125.36,129.89,125.04,127.94,1426634,127.292,127.47300000000003,125.13199999999999,121.57600000000001,126.71685170331541,125.08591512138969,1.6309365819257238,1.7510782633731636,-0.12014168144743986,58.78078320549051,125.13199999999999,131.6685679067805,118.59543209321946,13.073135813561052,0.7147916184797234,59.78538579458353,52.06949412365871,-40.21461420541646,4.989999999999981,4.6200000000000045,-2.096724823997558,3.5951417004048567,1116118.2,1.2782104977770277,-2.740000000000009,4.439999999999998,69.20393615787414,58.37546161861739,131.64,3.6999999999999886,2.8919806159137007,1,1,0,128.1,128.0,135.12,1.5239160081900296,124.9,883750.0,51.8918918918919,126.45,1461157.0,60.4932929467763,127.81,990382.0,57.840297889946214,130.68,1316439.0,71.52858809801634,123.5,1100050.0,38.04046013486712,1.0050906577004053,1.0224403030399898,1.0523458577350793,1.6878595913220555,3.268283953390266,-1,1,1,0,0,0
2025-04-11 01:19:21.305279,129.37,132.88,129.37,131.64,1489217,127.748,128.239,125.7335,121.9676,127.47425913357458,125.57140289017563,1.9028562433989435,1.7814338593783197,0.12142238402062389,64.27314325941568,125.7335,132.3441366442317,119.12286335576833,13.221273288463365,0.9467421458683464,78.6918753193663,60.909555442003075,-21.308124680633696,4.939999999999998,4.452142857142861,1.7625231910945984,6.178415873527974,1146606.6,1.298803791989336,2.2799999999999727,7.659999999999982,143.4166308714656,65.7035651206597,130.2,-1.4399999999999977,-1.0938924339106637,0,0,0,129.37,129.69,133.53,0.9794232997115384,127.94,1426634.0,58.78078320549051,124.9,883750.0,51.8918918918919,126.45,1461157.0,60.4932929467763,129.36,1186638.0,67.28511927300266,123.98,1070261.0,45.21778176919624,1.0304662303910823,1.04697634282033,1.0793030280172766,2.499213876405497,3.305318322115838,1,1,1,0,0,0
2025-04-12 01:19:21.305279,131.96,131.96,127.6,130.2,975025,128.22599999999997,128.733,126.23200000000001,122.3432,127.8936038822554,125.91426193534781,1.9793419469075957,1.821015476884175,0.1583264700234206,58.783783783783754,126.23200000000001,132.5941995534444,119.8698004465556,12.72439910688881,0.8118418376119437,71.3336739908022,69.9369783682507,-28.666326009197814,4.360000000000014,4.571428571428576,1.8699632266645696,3.943796902442905,1139150.7,0.8559227501681735,2.3899999999999864,4.9399999999999835,95.64710715393552,60.20142923437528,128.1,-2.0999999999999943,-1.6129032258064475,0,0,0,128.0,130.28,132.56,1.0028309927489467,131.64,1489217.0,64.27314325941568,127.94,1426634.0,58.78078320549051,124.9,883750.0,51.8918918918919,127.81,990382.0,57.840297889946214,125.26,897955.0,53.286384976525824,1.0153946937438587,1.0314341846758348,1.0642193436169725,2.7317723184807647,3.181099776722206,1,1,1,0,0,0
2025-04-13 01:19:21.305279,130.73,130.82,126.74,128.1,1439964,128.55599999999998,128.938,126.436,122.6658,127.9253571311392,126.07616845865536,1.8491886724838338,1.8266501160041069,0.022538556479726912,60.174736075718954,126.436,132.76109920870445,120.11090079129556,12.650198417408888,0.6315394387577378,47.19178082191778,65.73911004402878,-52.80821917808222,4.079999999999998,4.159285714285717,1.3048635824436468,1.6263387544625127,1156831.2,1.24474858561906,1.6499999999999915,2.049999999999997,54.589909238964765,58.80225308361211,129.37,1.2700000000000102,0.9914129586260815,1,0,0,129.69,126.4,133.39,1.556749819340875,130.2,975025.0,58.783783783783754,131.64,1489217.0,64.27314325941568,127.94,1426634.0,58.78078320549051,126.45,1461157.0,60.4932929467763,126.05,1315975.0,61.749745676500474,0.9964529076822553,1.0131608086304533,1.0443008564734424,2.557709913187533,3.1625496043522228,1,1,1,0,0,0
2025-04-14 01:19:21.305279,126.75,129.4,126.75,129.37,1049273,129.45,128.645,126.82449999999999,123.03399999999999,128.1476098801947,126.32015598023645,1.8274538999582433,1.8268108727949344,0.0006430271633088847,60.57657657657659,126.82449999999999,132.84613633993948,120.80286366006048,12.043272679878996,0.711362813718638,55.89041095890415,58.138621923874744,-44.109589041095845,2.6500000000000057,4.208571428571432,3.578863090472377,-2.2146636432350766,1148475.75,0.913622251057543,4.469999999999999,-2.930000000000007,47.502469613022086,52.53488745787919,128.0,-1.3700000000000045,-1.0589781247584482,0,0,0,130.28,130.37,134.34,1.7130294801951982,128.1,1439964.0,60.174736075718954,130.2,975025.0,58.783783783783754,131.64,1489217.0,64.27314325941568,124.9,883750.0,51.8918918918919,132.3,1322825.0,76.275404396516,0.9993820007724992,1.0200710430555613,1.05149795991352,1.5384732691918426,3.0108181699697516,1,1,1,0,0,0
2025-04-15 01:19:21.305279,129.83,129.83,127.18,128.0,1163183,129.462,128.377,127.02149999999999,123.318,128.12490066785705,126.4445888705893,1.6803117972677484,1.7975110576894973,-0.11719926042174889,57.018156424581,127.02149999999999,132.91884382671384,121.12415617328612,11.794687653427715,0.5829610777963798,36.45240032546788,46.51153070209663,-63.54759967453213,2.6500000000000057,4.030000000000003,0.04689698296076464,-2.0508111417202377,1146874.0,1.014220393870643,0.060000000000002274,-2.680000000000007,38.280191288960935,46.03205522805062,129.69,1.6899999999999977,1.3203124999999982,1,0,0,126.4,135.12,136.18,3.1142366640988746,129.37,1049273.0,60.57657657657659,128.1,1439964.0,60.174736075718954,130.2,975025.0,58.783783783783754,127.94,1426634.0,58.78078320549051,130.68,1316439.0,71.52858809801634,0.9887071109669248,1.007703420287117,1.0379668823691595,1.5239160081900296,2.9486719133569297,1,1,1,0,0,0
2025-04-16 01:19:21.305279,127.22,131.6,126.9,129.69,1183650,129.072,128.41,127.32650000000001,123.6754,128.3656851804944,126.6849896949901,1.680695485504316,1.7741479432524612,-0.09345245774814526,57.624784853700504,127.32650000000001,133.10638990971066,121.54661009028936,11.559779819421294,0.7044589115814412,49.62962962962962,47.32414697133391,-50.37037037037039,4.699999999999989,4.229285714285716,-1.4813126709206843,0.2551020408163142,1156247.8,1.0236992450926177,-1.9499999999999886,0.3299999999999841,61.34196177453433,47.03487952056681,130.28,0.5900000000000034,0.45493098928213693,1,0,0,130.37,133.53,141.72,3.3672169517299606,128.0,1163183.0,57.018156424581,129.37,1049273.0,60.57657657657659,128.1,1439964.0,60.174736075718954,131.64,1489217.0,64.27314325941568,129.36,1186638.0,67.28511927300266,1.004788025288211,1.018562514480489,1.0486321451153584,0.9794232997115384,2.889944954855321,-1,1,1,0,0,0
2025-04-17 01:19:21.305279,129.6,131.27,129.6,130.28,1018722,129.08800000000002,128.657,127.66399999999999,124.0518,128.66019515272603,126.95128675462045,1.708908398105578,1.7611000342230845,-0.052191636117506546,57.33102253032929,127.66399999999999,133.29690109417837,122.03109890582161,11.265802188356759,0.732207166099868,54.48559670781894,46.855875554305506,-45.51440329218106,1.670000000000016,4.220714285714288,0.06144393241168395,1.9325561380173686,1158224.65,0.8795547564973687,0.0800000000000125,2.469999999999999,82.00907520267313,46.23962815701143,126.4,-3.8799999999999955,-2.9782007982806227,0,0,1,135.12,132.56,141.29,3.3760079976234603,129.69,1183650.0,57.624784853700504,128.0,1163183.0,57.018156424581,129.37,1049273.0,60.57657657657659,130.2,975025.0,58.783783783783754,127.81,990382.0,57.840297889946214,1.009234010907288,1.0204912896352927,1.0502064460169058,1.0028309927489467,2.8164505470891914,1,1,1,0,0,0
2025-04-18 01:19:21.305279,130.07,130.07,123.21,126.4,1460310,128.748,128.652,127.721,124.3692,128.3124728215374,126.91045069872264,1.4020221228147562,1.689284451941419,-0.2872623291266627,38.85951661631419,127.721,133.27397890656863,122.16802109343138,11.105957813137252,0.38105483361035414,25.317460317460394,43.144228884969685,-74.68253968253961,7.070000000000007,4.187857142857145,-1.3270882123341052,-0.03954132068010847,1193060.45,1.2240033604332454,-1.6999999999999886,-0.04999999999999716,-30.406977319751203,38.10888903017443,130.37,3.969999999999999,3.1408227848101253,1,1,0,133.53,133.39,139.11,1.7347708782480382,130.28,1018722.0,57.33102253032929,129.69,1183650.0,57.624784853700504,128.0,1163183.0,57.018156424581,128.1,1439964.0,60.174736075718954,126.45,1461157.0,60.4932929467763,0.981762823500171,0.9896571433045467,1.016328801664721,1.556749819340875,2.7764894532843107,-1,1,1,0,0,0
2025-04-19 01:19:21.305279,126.42,134.53,126.42,130.37,1473198,128.948,129.199,128.114,124.7008,128.6290154643778,127.16671360992835,1.46230185444945,1.6438879324430251,-0.18158607799357518,49.46236559139785,128.114,133.2077046801297,123.02029531987031,10.18740936025938,0.7214498230335725,63.2508833922262,47.68464680583521,-36.74911660777379,8.129999999999995,4.107857142857144,0.7729767334003246,4.379503602882305,1211230.4,1.2162822201292174,1.0,5.469999999999999,80.62344195156649,38.65937843703369,135.12,4.75,3.643476259875738,1,1,0,132.56,134.34,135.34,0.9762018234040645,126.4,1460310.0,38.85951661631419,130.28,1018722.0,57.33102253032929,129.69,1183650.0,57.624784853700504,129.37,1049273.0,60.57657657657659,124.9,883750.0,51.8918918918919,1.011027701088811,1.017609316702312,1.0454624188457493,1.7130294801951982,2.5468523400648437,1,1,1,0,0,0
2025-04-20 01:19:21.305279,129.57,135.69,129.57,135.12,1014469,130.372,129.91699999999997,128.695,125.1174,129.62762846985814,127.75584593511886,1.8717825347392818,1.6894668529022765,0.1823156818370053,58.92746435213886,128.695,134.2064521918558,123.1835478081442,11.022904383711591,1.0828772323829783,95.43269230769236,61.333678672459676,-4.567307692307637,6.1200000000000045,4.365000000000001,5.5625000000000036,5.612005627637961,1206951.35,0.8405218652765084,7.1200000000000045,7.180000000000007,171.19777642664872,45.14585946094039,133.53,-1.5900000000000034,-1.176731793960926,0,0,0,133.39,136.18,133.43,1.3724612927210054,130.37,1473198.0,49.46236559139785,126.4,1460310.0,38.85951661631419,130.28,1018722.0,57.33102253032929,128.0,1163183.0,57.018156424581,127.94,1426634.0,58.78078320549051,1.0364188629460314,1.0499242394809434,1.0799457149844867,3.1142366640988746,2.7557260959278995,1,1,1,0,0,0
2025-04-21 01:19:21.305279,135.53,136.87,129.55,133.53,1378425,131.14000000000001,130.106,129.17249999999999,125.45380000000002,130.22799332064918,128.18356105103598,2.0444322696131962,1.7604599362444606,0.2839723333687356,58.854489164086694,129.17249999999999,134.61835549801106,123.7266445019889,10.891710996022155,0.900074882779341,75.54904831625183,78.07754133872349,-24.450951683748176,7.319999999999993,4.58,2.9609067777006737,1.4357338195077598,1222359.55,1.1276755681255977,3.8400000000000034,1.8900000000000148,149.53892405978186,44.01065361994053,132.56,-0.9699999999999989,-0.7264285179360435,0,0,0,134.34,141.72,133.41,3.657078068624908,135.12,1014469.0,58.92746435213886,130.37,1473198.0,49.46236559139785,126.4,1460310.0,38.85951661631419,129.69,1183650.0,57.624784853700504,131.64,1489217.0,64.27314325941568,1.0182247979258807,1.0337339604017883,1.0643758897697797,3.3672169517299606,2.7229277490055406,1,1,1,0,0,0
2025-04-22 01:19:21.305279,133.56,134.88,130.65,132.56,740041,131.596,130.342,129.5375,125.839,130.58676357901084,128.5077417139222,2.0790218650886345,1.8241723220132953,0.25484954307533925,59.57380131620182,129.5375,134.8562924035004,124.2187075964996,10.637584807000792,0.7841340449770934,68.4480234260615,79.80992135000191,-31.5519765739385,4.22999999999999,4.725714285714285,1.7500767577525338,1.8125960061444037,1214463.85,0.6093561368664864,2.280000000000001,2.3600000000000136,118.30574343036842,45.792063549591255,133.39,0.8299999999999841,0.6261315630657696,1,0,0,136.18,141.29,138.26,3.8963226252477057,133.53,1378425.0,58.854489164086694,135.12,1014469.0,58.92746435213886,130.37,1473198.0,49.46236559139785,130.28,1018722.0,57.33102253032929,130.2,975025.0,58.783783783783754,1.0073254506215994,1.0233330116761556,1.0534095153330845,3.3760079976234603,2.659396201750196,1,1,1,0,0,0
2025-04-23 01:19:21.305279,131.9,133.53,131.9,133.39,1268682,132.994,130.871,129.9045,126.2276,131.01803072070146,128.8693904758539,2.14864024484757,1.8890659065801503,0.2595743382674198,63.61013145238857,129.9045,135.2230018666179,124.58599813338213,10.637003733235758,0.8276768615873833,74.52415812591497,72.84040995607613,-25.47584187408503,1.6299999999999955,4.609999999999999,5.530063291139225,4.129586260733796,1212099.2,1.0466816577389046,6.989999999999981,5.289999999999992,114.39618739322086,52.18470031005766,134.34,0.950000000000017,0.7121973161406531,1,0,0,141.72,139.11,136.9,3.2096993628714046,132.56,740041.0,59.57380131620182,133.53,1378425.0,58.854489164086694,135.12,1014469.0,58.92746435213886,126.4,1460310.0,38.85951661631419,128.1,1439964.0,60.174736075718954,1.0029775779358465,1.026831249109923,1.0567419486704968,1.7347708782480382,2.6592509333089396,1,1,1,0,0,0
2025-04-24 01:19:21.305279,134.03,140.45,130.35,134.34,1297232,133.788,131.368,130.0065,126.5934,131.5291029175166,129.27462081097582,2.2544821065407916,1.9621491465722787,0.29233295996851294,60.99656357388317,130.0065,135.59008223063566,124.4229177693643,11.167164461271355,0.8880573278050088,64.55916473317873,69.1771154283851,-35.44083526682127,10.099999999999994,4.9750000000000005,3.0451791056224584,3.8416943649996127,1210819.55,1.0713669101229824,3.969999999999999,4.969999999999999,162.5308349970192,52.03611558603095,136.18,1.8400000000000034,1.3696590739913677,1,0,0,141.29,135.34,137.58,2.89968446559571,133.39,1268682.0,63.61013145238857,132.56,740041.0,59.57380131620182,133.53,1378425.0,58.854489164086694,130.37,1473198.0,49.46236559139785,129.37,1049273.0,60.57657657657659,1.0041259305767334,1.0333329487371787,1.0611927636037897,0.9762018234040645,2.7917911153178414,1,1,1,0,0,0
2025-04-25 01:19:21.305279,134.4,137.91,134.24,136.18,918515,134.0,132.18599999999998,130.2815,126.99119999999999,132.244625545591,129.78613038053317,2.458495165057826,2.0614183502693884,0.3970768147884378,58.33333333333337,130.2815,136.50934671750974,124.05365328249025,12.455693435019498,0.9735585401786007,75.23201856148502,71.43844714019293,-24.767981438514983,3.6699999999999875,4.884285714285714,0.7844878626406174,6.390625000000005,1190923.35,0.7712629028560066,1.0600000000000023,8.180000000000007,166.0837555023278,50.45952238954327,141.72,5.539999999999992,4.068145102070782,1,1,0,139.11,133.43,137.6,3.6639009266104705,134.34,1297232.0,60.99656357388317,133.39,1268682.0,63.61013145238857,132.56,740041.0,59.57380131620182,135.12,1014469.0,58.92746435213886,128.0,1163183.0,57.018156424581,1.0162686567164179,1.0452750390500571,1.0723577696722293,1.3724612927210054,3.113923358754877,1,1,1,0,0,0
2025-04-26 01:19:21.305279,134.89,143.59,134.89,141.72,1324878,135.638,133.389,130.8995,127.449,133.70237546165393,130.6701207227159,3.032254738938036,2.255585628003118,0.7766691109349182,68.37906828334398,130.8995,138.93344764339406,122.8655523566059,16.067895286788158,1.1734236069422972,90.82433758586848,76.87184029351077,-9.17566241413152,8.700000000000017,5.194285714285714,6.1334531565940225,9.275965764515384,1197835.35,1.1060601943330524,8.189999999999998,12.030000000000001,215.30832754495748,57.53090656057415,141.29,-0.4300000000000068,-0.3034151848715826,0,0,0,135.34,133.41,140.94,3.538132275652939,136.18,918515.0,58.33333333333337,134.34,1297232.0,60.99656357388317,133.39,1268682.0,63.61013145238857,133.53,1378425.0,58.854489164086694,129.69,1183650.0,57.624784853700504,1.0448399416092835,1.082662653409677,1.111974201445284,3.657078068624908,4.016973821697043,1,1,1,0,0,0
2025-04-27 01:19:21.305279,140.74,142.88,138.68,141.29,809248,137.384,134.49,131.5735,127.9216,134.86970231370717,131.45677844695916,3.4129238667480024,2.487053275752095,0.9258705909959075,72.22783956858778,131.5735,140.70317924726,122.44382075273998,18.25935849452003,1.032138081571491,88.71442590775264,84.92359401836875,-11.285574092247352,4.199999999999989,5.202857142857142,6.585697042848514,8.451028553883935,1188778.65,0.6807390088979139,8.72999999999999,11.009999999999991,190.60064373686612,64.79498075722094,139.11,-2.1799999999999784,-1.542925897091074,0,0,0,133.43,138.26,148.14,2.6686981845118867,141.72,1324878.0,68.37906828334398,136.18,918515.0,58.33333333333337,134.34,1297232.0,60.99656357388317,132.56,740041.0,59.57380131620182,130.28,1018722.0,57.33102253032929,1.0284312583706983,1.0738484573261333,1.104504634088379,3.8963226252477057,4.564839623630011,1,1,1,0,0,0
2025-04-28 01:19:21.305279,141.91,142.12,137.59,139.11,1111675,138.528,135.76100000000002,132.2065,128.28300000000002,135.52205580390606,132.0236837471844,3.4983720567216494,2.6893170319460062,0.8090550247756432,65.92544146500984,132.2065,141.59240494192773,122.82059505807229,18.77180988385544,0.8677588918017604,78.0176643768401,85.85214262348711,-21.982335623159898,4.530000000000001,5.337142857142856,4.288177524552086,10.055379746835449,1171304.55,0.9490913358101443,5.720000000000027,12.710000000000008,140.4141801976839,64.18236789043002,135.34,-3.7700000000000102,-2.710085543814255,0,0,1,133.41,136.9,146.64,2.1360641376178324,141.29,809248.0,72.22783956858778,141.72,1324878.0,68.37906828334398,136.18,918515.0,58.33333333333337,133.39,1268682.0,63.61013145238857,126.4,1460310.0,38.85951661631419,1.0042013167013168,1.0522175535998608,1.0843993358434088,3.2096993628714046,4.6929524709638635,1,1,1,0,0,0
2025-04-29 01:19:21.305279,138.59,138.59,135.19,135.34,1209256,138.728,136.25799999999998,132.7285,128.4566,135.49404721868976,132.26933680294852,3.2247104157412423,2.7963957087050537,0.42831470703618857,61.127956337174055,132.7285,141.54757567659047,123.90942432340951,17.63815135318096,0.6480597341358589,59.5191364082434,75.41707556427873,-40.4808635917566,3.920000000000016,5.4278571428571425,0.7443799315170463,3.8122267392805083,1187579.85,1.0182523726720354,1.0,4.969999999999999,72.73743909257895,63.71981282898667,133.43,-1.9099999999999966,-1.4112605290379758,0,0,0,138.26,137.58,145.28,2.3287185317287764,139.11,1111675.0,65.92544146500984,141.29,809248.0,72.22783956858778,141.72,1324878.0,68.37906828334398,134.34,1297232.0,60.99656357388317,130.37,1473198.0,49.46236559139785,0.9755781096822559,1.019675503000486,1.0535854132835525,2.89968446559571,4.4095378382952415,1,1,1,0,0,0
2025-04-30 01:19:21.305279,136.03,136.03,132.12,133.43,1297118,138.17800000000003,136.089,133.003,128.609,135.1765014927375,132.35531185458197,2.8211896381555164,2.8013544945951465,0.01983514356036986,55.63253012048194,133.003,141.53148872895756,124.47451127104242,17.05697745791514,0.5250337435840297,50.147203140333694,62.56133464180576,-49.8527968596663,3.9099999999999966,5.371428571428572,-2.0193861066235863,-1.2507400828892818,1181104.05,1.0982250039698027,-2.75,-1.6899999999999977,19.68312004875003,56.12847510748696,133.41,-0.020000000000010232,-0.014989132878670637,0,0,0,136.9,137.6,148.38,1.9280560157881934,135.34,1209256.0,61.127956337174055,139.11,1111675.0,65.92544146500984,141.29,809248.0,72.22783956858778,136.18,918515.0,58.33333333333337,135.12,1014469.0,58.92746435213886,0.9656385242223797,1.0032104538995363,1.0374857125084558,3.6639009266104705,4.264244364478786,-1,1,1,0,0,0
2025-05-01 01:19:21.305279,133.7,133.76,133.2,133.41,1263687,136.51600000000002,136.077,133.0915,128.7822,134.90473203231633,132.43343690239072,2.4712951299256076,2.735342621661239,-0.26404749173563147,54.79619981612012,133.0915,141.59713967704639,124.58586032295361,17.01127935409278,0.5187228716529996,50.049067713444536,53.23846908734057,-49.95093228655546,0.5600000000000023,5.292142857142856,-5.863674851820493,-0.08986744551786456,1169827.55,1.0802335780175463,-8.310000000000002,-0.12000000000000455,9.458854328132306,49.255856195149256,138.26,4.849999999999994,3.6354096394573077,1,1,0,137.58,140.94,150.48,1.5755887788433314,133.43,1297118.0,55.63253012048194,135.34,1209256.0,61.127956337174055,139.11,1111675.0,65.92544146500984,141.72,1324878.0,68.37906828334398,133.53,1378425.0,58.854489164086694,0.977248088136189,1.002393090467836,1.0359350904084572,3.538132275652939,4.252819838523196,-1,1,1,0,0,0
2025-05-02 01:19:21.305279,132.67,138.42,132.67,138.26,1643048,135.91000000000003,136.647,133.4945,128.9786,135.42092710426766,132.8650341688803,2.5558929353873623,2.699452684406464,-0.14355974901910162,67.6488095238095,133.4945,142.18505742866986,124.80394257133011,17.381114857339753,0.7741768890611532,68.95748398369241,56.384584945823576,-31.04251601630758,5.75,5.197857142857141,-2.14452544412202,4.299939649969816,1203228.7,1.3655325874457616,-3.030000000000001,5.699999999999989,64.84046692607025,58.29931142860286,136.9,-1.3599999999999852,-0.9836539852451797,0,0,0,137.6,148.14,156.11,4.693092796868284,133.41,1263687.0,54.79619981612012,133.43,1297118.0,55.63253012048194,135.34,1209256.0,61.127956337174055,141.29,809248.0,72.22783956858778,132.56,740041.0,59.57380131620182,1.0172908542417773,1.0356980999217196,1.0719607748882372,2.6686981845118867,4.345278714334942,-1,1,1,0,0,0
2025-05-03 01:19:21.305279,138.24,140.61,134.71,136.9,986088,135.46800000000002,136.998,133.9345,129.06539999999998,135.64847678053417,133.16392052674104,2.48455625379313,2.6564733982837976,-0.17191714449066753,60.53565666343983,133.9345,142.36217739746525,125.50682260253477,16.855354794930477,0.6759381535470212,52.35042735042734,57.11899301585479,-47.64957264957266,5.900000000000006,5.038571428571428,-1.5886708360290474,2.6313816627933275,1180534.9,0.8352891557886176,-2.210000000000008,3.5100000000000193,75.9052670557371,57.22902086841414,137.58,0.6800000000000068,0.4967129291453666,1,0,0,140.94,146.64,158.02,4.9771276857256685,138.26,1643048.0,67.6488095238095,133.41,1263687.0,54.79619981612012,133.43,1297118.0,55.63253012048194,139.11,1111675.0,65.92544146500984,133.39,1268682.0,63.61013145238857,1.0105707620987983,1.0221414198731469,1.0607025585478371,2.1360641376178324,4.21383869873262,-1,1,1,0,0,0
2025-05-04 01:19:21.305279,138.05,138.75,136.76,137.58,1007913,135.916,137.322,134.345,129.19219999999999,135.94563419891355,133.49103752476023,2.454596674153322,2.6160980534577027,-0.1615013793043807,54.56909361069839,134.345,142.63522379229133,126.05477620770867,16.580447584582657,0.695109328834288,57.19373219373224,59.50054784261735,-42.80626780626777,1.990000000000009,4.743571428571428,1.6550908822225572,2.4117909781152367,1178466.9,0.8552747641872674,2.240000000000009,3.240000000000009,73.05234119170757,57.29469050256899,137.6,0.01999999999998181,0.014536996656477546,1,0,0,148.14,145.28,156.96,4.349689644103008,136.9,986088.0,60.53565666343983,138.26,1643048.0,67.6488095238095,133.41,1263687.0,54.79619981612012,135.34,1209256.0,61.127956337174055,134.34,1297232.0,60.99656357388317,1.012242855881574,1.0240797945587854,1.0649249722506469,2.3287185317287764,4.145111896145663,1,1,1,0,0,0
2025-05-05 01:19:21.305279,136.63,138.78,136.63,137.6,665027,136.75,137.464,134.825,129.3402,136.20015201446532,133.79540511551872,2.4047468989465983,2.573827822555482,-0.16908092360888372,58.027613412228796,134.825,142.6680002315145,126.98199976848547,15.686000463029032,0.6769093406914352,54.758308157099655,54.7674892337531,-45.24169184290034,2.1500000000000057,4.3742857142857146,3.1252342052012194,1.0427375532383518,1153559.1,0.5765001550419047,4.1699999999999875,1.4199999999999875,65.18437385907238,59.787852370569546,140.94,3.3400000000000034,2.427325581395351,1,1,0,146.64,148.38,158.89,3.0289734234583383,137.58,1007913.0,54.56909361069839,136.9,986088.0,60.53565666343983,138.26,1643048.0,67.6488095238095,133.43,1297118.0,55.63253012048194,136.18,918515.0,58.33333333333337,1.006215722120658,1.0205822362321528,1.0638610424291906,1.9280560157881934,3.921500115757261,1,1,1,0,0,0
2025-05-06 01:19:21.305279,137.42,141.03,137.42,140.94,1081504,138.256,137.38600000000002,135.3875,129.5684,136.92935939685526,134.32463436622103,2.604725030634228,2.5800072641712313,0.024717766462996504,65.11544011544012,135.3875,143.29328702097462,127.48171297902535,15.811574041949271,0.8511668089001655,79.9848942598187,63.97897820355022,-20.015105740181298,3.6100000000000136,4.330000000000003,5.644254553631662,-0.5503810330228628,1148451.8,0.9417060428657084,7.530000000000001,-0.7800000000000011,101.88623309245817,65.28985040319176,148.14,7.199999999999989,5.108556832694756,1,1,0,145.28,150.48,162.49,1.9576210052042387,137.6,665027.0,58.027613412228796,137.58,1007913.0,54.56909361069839,136.9,986088.0,60.53565666343983,133.41,1263687.0,54.79619981612012,141.72,1324878.0,68.37906828334398,1.0194132623538943,1.041011910257594,1.0877652267065119,1.5755887788433314,3.952893510487321,1,1,1,0,0,0
2025-05-07 01:19:21.305279,140.74,148.15,140.74,148.14,1703356,140.232,138.071,136.28050000000002,130.009,138.6540733358006,135.34799478353798,3.306078552262619,2.7252215217895093,0.5808570304731098,71.63391023760636,136.28050000000002,145.655412715381,126.90558728461903,18.749825430761973,1.1325125555858582,99.94382022471899,78.22900754721248,-0.05617977528100742,7.409999999999997,4.7428571428571455,7.145956892810644,4.848184584896309,1182683.5,1.4402466932192763,9.879999999999995,6.849999999999994,201.8181881245469,66.51511266603018,146.64,-1.5,-1.012555690562981,0,0,0,148.38,156.11,165.24,4.237348227372498,140.94,1081504.0,65.11544011544012,137.6,665027.0,58.027613412228796,137.58,1007913.0,54.56909361069839,138.26,1643048.0,67.6488095238095,141.29,809248.0,72.22783956858778,1.0563922642478178,1.0870227215192194,1.1394595758755164,4.693092796868284,4.68745635769049,1,1,1,0,0,0
2025-05-08 01:19:21.305279,148.25,148.25,146.42,146.64,1424290,142.18,138.82399999999998,137.29250000000002,130.46460000000002,139.88267743798514,136.184439614387,3.6982378235981344,2.9198247821512346,0.7784130414468997,67.7540415704388,137.29250000000002,146.5454912659843,128.03950873401573,18.505982531968584,1.0051069287379049,90.01859888406688,89.98243778953487,-9.981401115933132,1.8300000000000125,4.152142857142861,7.1146822498173705,5.412982531809339,1180882.5,1.2061233865350702,9.73999999999998,7.529999999999973,204.492330229646,67.01800378883304,145.28,-1.3599999999999852,-0.9274413529732579,0,0,0,150.48,158.02,167.0,5.317591560097178,148.14,1703356.0,71.63391023760636,140.94,1081504.0,65.11544011544012,137.6,665027.0,58.027613412228796,136.9,986088.0,60.53565666343983,139.11,1111675.0,65.92544146500984,1.0313686875791248,1.0680845639783672,1.1239830574730614,4.9771276857256685,4.626495632992142,1,1,1,0,0,0
2025-05-09 01:19:21.305279,146.92,146.92,144.67,145.28,846018,143.71999999999997,139.818,138.03799999999998,130.9416,140.7130347552182,136.8581848281361,3.8548499270820855,3.106829811137405,0.7480201159446804,63.319672131147556,138.03799999999998,147.34502643450594,128.73097356549403,18.614052869011914,0.8890608913041325,81.58710477371358,90.51650796083317,-18.412895226286423,2.25,4.050714285714291,5.596743712748937,7.344465789862567,1149523.5,0.7359727748062567,7.699999999999989,9.939999999999998,151.99520300199234,61.59792620515563,148.38,3.0999999999999943,2.1338105726872207,1,1,0,156.11,156.96,170.65,4.282184022203693,146.64,1424290.0,67.7540415704388,148.14,1703356.0,71.63391023760636,140.94,1081504.0,65.11544011544012,137.58,1007913.0,54.56909361069839,135.34,1209256.0,61.127956337174055,1.0108544391873089,1.052463814312001,1.1095022513853505,4.349689644103008,4.653513217252981,1,1,1,0,0,0
2025-05-10 01:19:21.305279,145.63,150.52,145.63,148.38,1095339,145.876,141.313,138.701,131.5166,141.8925678698,137.71165261864454,4.180915251155454,3.321646899141015,0.8592683520144395,60.498108448928136,138.701,148.97205672829,128.42994327171,20.54211345658001,0.9711783926448738,88.36956521739123,86.65842295839059,-11.630434782608774,5.240000000000009,3.803571428571433,7.834302325581397,11.20437682680056,1153567.0,0.9495235213906085,10.780000000000001,14.949999999999989,165.43275313750286,61.20270759654337,150.48,2.0999999999999943,1.4152850788515934,1,0,0,158.02,158.89,174.72,3.3088623422584953,145.28,846018.0,63.319672131147556,146.64,1424290.0,67.7540415704388,148.14,1703356.0,71.63391023760636,137.6,665027.0,58.027613412228796,133.43,1297118.0,55.63253012048194,1.0171652636485782,1.0697832027166352,1.12822259699536,3.0289734234583383,5.135528364145005,1,1,1,0,0,0
2025-05-11 01:19:21.305279,147.86,152.18,147.86,150.48,1136097,147.784,143.02,139.54850000000002,132.134,143.21371127444615,138.65745612837458,4.556255146071578,3.5685685485271277,0.9876865975444504,63.76160527103926,139.54850000000002,150.77572119624608,128.32127880375396,22.454442392492126,0.9868301696796992,91.52542372881346,87.16069790663944,-8.474576271186525,4.319999999999993,3.8121428571428617,6.768837803320557,12.795142792894081,1141450.6,0.9953098276876808,9.539999999999992,17.069999999999993,167.59522925178473,62.14942696928234,156.11,5.630000000000024,3.7413609782030997,1,1,0,156.96,162.49,179.64,2.4691152261520872,148.38,1095339.0,60.498108448928136,145.28,846018.0,63.319672131147556,146.64,1424290.0,67.7540415704388,140.94,1081504.0,65.11544011544012,133.41,1263687.0,54.79619981612012,1.0182428409029394,1.0783347724984502,1.138843900888492,1.9576210052042387,5.613610598123027,1,1,1,0,0,0
2025-05-12 01:19:21.305279,151.29,156.99,151.29,156.11,1430373,149.378,144.805,140.72599999999997,132.8516,145.19775569376213,139.95023715590239,5.247518537859747,3.9043585463936523,1.343159991466095,73.07274701411511,140.72599999999997,153.67491891443433,127.7770810855656,25.89783782886873,1.094026424200219,96.46160032167272,92.11886308929247,-3.538399678327283,6.510000000000019,3.953571428571434,5.380045902524658,12.910458556343137,1175967.2,1.2163374964879974,7.970000000000027,17.850000000000023,193.7944184434044,69.71201502177976,158.02,1.9099999999999966,1.2234962526423654,1,0,0,158.89,165.24,182.06,3.447455583472525,150.48,1136097.0,63.76160527103926,148.38,1095339.0,60.498108448928136,145.28,846018.0,63.319672131147556,148.14,1703356.0,71.63391023760636,138.26,1643048.0,67.6488095238095,1.0450668773179452,1.1093188181288465,1.1750705298242552,4.237348227372498,6.474459457217186,1,1,1,0,0,0
2025-05-13 01:19:21.305279,156.02,158.53,156.02,158.02,959864,151.654,146.917,141.9575,133.5316,147.17040866395257,141.28873810731702,5.881670556635555,4.299820948442033,1.5818496081935223,82.4185248713551,141.9575,156.5494052902617,127.36559470973833,29.183810580523357,1.0503907707898763,98.06891329042034,95.35197911363554,-1.9310867095796707,2.509999999999991,3.8528571428571468,7.760501909438097,15.427319211102997,1160526.3,0.8270937073981003,11.380000000000024,21.120000000000005,184.26915767571737,76.49536818655594,156.96,-1.0600000000000023,-0.6708011644095697,0,0,0,162.49,167.0,181.54,4.205476191826043,156.11,1430373.0,73.07274701411511,150.48,1136097.0,63.76160527103926,148.38,1095339.0,60.498108448928136,146.64,1424290.0,67.7540415704388,136.9,986088.0,60.53565666343983,1.0419771321560922,1.1131500625187116,1.1833902986259432,5.317591560097178,7.295952645130837,1,1,1,0,0,0
2025-05-14 01:19:21.305279,159.8,159.8,154.65,156.96,1151670,153.99,148.85500000000002,143.0885,134.2388,148.6764996387291,142.44957232158984,6.226927317139257,4.685242222181478,1.5416850949577787,84.4711397597422,143.0885,158.66752135295278,127.50947864704725,31.15804270590553,0.9451980546701949,89.53188352377441,94.68746571195584,-10.468116476225584,5.150000000000006,3.941428571428576,8.039647577092515,14.08634976013955,1153248.2,0.9986315174825333,11.680000000000007,19.379999999999995,149.64085777133764,76.25926338523189,158.89,1.9299999999999784,1.2296126401630851,1,0,0,165.24,170.65,182.17,4.458299002984818,158.02,959864.0,82.4185248713551,156.11,1430373.0,73.07274701411511,150.48,1136097.0,63.76160527103926,145.28,846018.0,63.319672131147556,137.58,1007913.0,54.56909361069839,1.0192869666861484,1.0969435000017471,1.1692595583393177,4.282184022203693,7.789510676476379,1,1,1,0,0,0
2025-05-15 01:19:21.305279,156.27,158.92,156.27,158.89,1028363,156.092,150.98399999999998,144.224,134.93540000000002,150.24780738661693,143.66738177924987,6.5804256073670615,5.064278899218595,1.516146708148466,85.34961154273034,144.224,160.95107153405021,127.49692846594976,33.45414306810045,0.9383911424706161,96.64577957980087,94.74885879799855,-3.3542204201991312,2.6499999999999773,4.090714285714289,7.083164847014417,15.472383720930228,1158740.6,0.8874833590883067,10.509999999999991,21.289999999999992,136.04627775467318,83.31045864906118,162.49,3.6000000000000227,2.265718421549514,1,1,0,167.0,174.72,186.65,4.773798278102567,156.96,1151670.0,84.4711397597422,158.02,959864.0,82.4185248713551,156.11,1430373.0,73.07274701411511,148.38,1095339.0,60.498108448928136,137.6,665027.0,58.027613412228796,1.0179253260897418,1.1016890392722432,1.177526431166321,3.3088623422584953,8.363535767025112,1,1,1,0,0,0
2025-05-16 01:19:21.305279,158.74,164.46,158.74,162.49,1223850,158.494,153.139,145.2625,135.7134,152.13122163482973,145.0616497956017,7.0695718392280185,5.465337487220481,1.6042343520075377,84.82322506467382,145.2625,163.81446386256363,126.71053613743636,37.103927725127264,0.9643039445210358,93.37815126050421,93.1852714546932,-6.621848739495794,5.719999999999999,4.088571428571432,7.981127060074441,15.290194408968363,1153689.2,1.0608142990330498,12.01000000000002,21.55000000000001,147.63773804332038,83.12501393704363,165.24,2.75,1.6924118407286601,1,0,0,170.65,179.64,183.7,5.8475550446331654,158.89,1028363.0,85.34961154273034,156.96,1151670.0,84.4711397597422,158.02,959864.0,82.4185248713551,150.48,1136097.0,63.76160527103926,140.94,1081504.0,65.11544011544012,1.0252123108761215,1.1185956458136135,1.1973025508166475,2.4691152261520872,9.275981931281812,1,1,1,0,0,0
2025-05-17 01:19:21.305279,162.42,165.29,162.42,165.24,1278353,160.32,154.849,146.46,136.5476,154.14795676793284,146.55634240333492,7.591614364597916,5.890592862695969,1.7010215019019475,89.16528468767278,146.46,166.925491365762,125.994508634238,40.93098273152401,0.9588211361350022,99.82554082344737,96.61649055458417,-0.1744591765526272,2.8700000000000045,3.8721428571428596,5.848440202421366,11.543134872418,1177144.45,1.0859780207943044,9.129999999999995,17.100000000000023,144.43583682604012,83.64501610348167,167.0,1.759999999999991,1.0651174049866805,1,0,0,174.72,182.06,185.14,6.208887178876313,162.49,1223850.0,84.82322506467382,158.89,1028363.0,85.34961154273034,156.96,1151670.0,84.4711397597422,156.11,1430373.0,73.07274701411511,148.14,1703356.0,71.63391023760636,1.0306886227544911,1.1282261368291684,1.2101274573848242,3.447455583472525,10.232745682881,1,1,1,0,0,0
2025-05-18 01:19:21.305279,164.82,167.42,164.82,167.0,1107739,162.116,156.885,147.8545,137.3824,156.12519418825087,148.0706874104953,8.054506777755563,6.3233756457078885,1.7311311320476745,89.47933440687066,147.8545,169.94736188604287,125.76163811395715,44.18572377208572,0.9332960595769427,98.63592075349143,97.27987094581437,-1.3640792465085665,2.5999999999999943,3.9157142857142873,5.68282495886596,13.884342607746875,1176947.65,0.9411964924693126,8.97999999999999,20.360000000000014,138.4841924599691,83.94725850563155,170.65,3.6500000000000057,2.1856287425149734,1,1,0,179.64,181.54,183.78,4.901512011615846,165.24,1278353.0,89.16528468767278,162.49,1223850.0,84.82322506467382,158.89,1028363.0,85.34961154273034,158.02,959864.0,82.4185248713551,146.64,1424290.0,67.7540415704388,1.030126576031977,1.1294887879638429,1.2155851113388616,4.205476191826043,11.046430943021427,1,1,1,0,0,0
2025-05-19 01:19:21.305279,166.35,172.3,166.35,170.65,1131057,164.85399999999998,159.422,149.62,138.3452,158.35977969775075,149.74322908379196,8.616550613958793,6.782010639358071,1.8345399746007223,90.41330398630475,149.62,173.10182455028792,126.13817544971208,46.963649100575836,0.9477931422015959,95.26949541284402,97.9103189965943,-4.730504587155977,5.950000000000017,4.1871428571428595,8.721967380224259,17.462830396475773,1173037.7,0.9642119771598134,13.689999999999998,25.370000000000005,140.66986189996973,88.14435471440648,174.72,4.069999999999993,2.384998535013181,1,1,0,182.06,182.17,183.98,3.135630718055657,167.0,1107739.0,89.47933440687066,165.24,1278353.0,89.16528468767278,162.49,1223850.0,84.82322506467382,156.96,1151670.0,84.4711397597422,145.28,846018.0,63.319672131147556,1.0351583825688186,1.1405560753909905,1.2335086435958746,4.458299002984818,11.740912275143963,1,1,1,0,0,0
2025-05-20 01:19:21.305279,170.29,177.46,170.29,174.72,1216937,168.02,162.05599999999998,151.6845,139.3696,160.87673666732755,151.59336026277035,9.283376404557202,7.282283792397898,2.0010926121593045,90.58145122537245,151.6845,176.40092153881085,126.96807846118918,49.43284307762167,0.965995855504985,92.53812636165574,95.48118084266376,-7.461873638344252,7.170000000000016,4.441428571428574,9.962867392535726,17.751718560452893,1169028.65,1.040981330953694,15.830000000000013,26.340000000000003,148.01356316252787,88.41857314286224,179.64,4.9199999999999875,2.8159340659340586,1,1,0,181.54,186.65,188.77,2.578152439250639,170.65,1131057.0,90.41330398630475,167.0,1107739.0,89.47933440687066,165.24,1278353.0,89.16528468767278,158.89,1028363.0,85.34961154273034,148.38,1095339.0,60.498108448928136,1.039876205213665,1.1518645609801923,1.2536449842720365,4.773798278102567,12.358210769405419,1,1,1,0,0,0
2025-05-21 01:19:21.305279,173.55,184.26,173.55,179.64,1263759,171.45,164.972,153.996,140.4828,163.76339256466179,153.67088913219476,10.092503432467026,7.844327720411724,2.2481757120553025,90.03558718861213,153.996,180.12311469154696,127.86888530845306,52.2542293830939,0.990754534183155,88.33038646122758,92.04600274524246,-11.669613538772428,10.70999999999998,4.677142857142859,10.55449566127145,19.37799043062201,1169032.25,1.0810300571263112,17.149999999999977,29.159999999999997,157.6263996851826,88.32192058312201,182.06,2.420000000000016,1.3471387218882298,1,0,0,182.17,183.7,189.59,2.0776019830597776,174.72,1216937.0,90.58145122537245,170.65,1131057.0,90.41330398630475,167.0,1107739.0,89.47933440687066,162.49,1223850.0,84.82322506467382,150.48,1136097.0,63.76160527103926,1.047769028871391,1.1665238058131377,1.2787330548650795,5.8475550446331654,13.063557345773475,1,1,1,0,0,0
2025-05-22 01:19:21.305279,179.84,183.6,179.84,182.06,1060739,174.814,167.567,156.18599999999998,141.61880000000002,166.57825524702153,155.77378623351368,10.804469013507855,8.436355979030951,2.368113034476904,93.9890710382514,156.18599999999998,184.0447356799299,128.32726432007007,55.717471359859815,0.9643785758490158,94.44304117201317,91.77051799829884,-5.556958827986836,3.960000000000008,4.8292857142857155,10.179133381747755,16.62289411312535,1139916.8,0.93054072016484,16.819999999999993,25.94999999999999,154.0105164872966,88.24683328400798,181.54,-0.5200000000000102,-0.28562012523344515,0,0,0,186.65,185.14,189.86,2.1026530859877615,179.64,1263759.0,90.03558718861213,174.72,1216937.0,90.58145122537245,170.65,1131057.0,90.41330398630475,165.24,1278353.0,89.16528468767278,156.11,1430373.0,73.07274701411511,1.0414497694692646,1.1656614549319404,1.285563781079913,6.208887178876313,13.92936783996495,1,1,1,0,0,0
2025-05-23 01:19:21.305279,183.01,188.05,174.73,181.54,976664,177.722,169.91899999999998,158.41799999999998,142.7286,168.88006213209516,157.68239466066083,11.197667471434329,8.988618277511627,2.209049193922702,95.99188229325213,158.41799999999998,186.91641184864042,129.91958815135953,56.99682369728089,0.9056717287055258,84.65346534653462,89.14229765992515,-15.346534653465385,13.320000000000022,5.620000000000003,8.706586826347301,14.884191874446259,1139445.6,0.8571396475619371,14.539999999999992,23.519999999999982,135.49311243985125,86.44294201766263,182.17,0.6299999999999955,0.34703095736476564,1,0,0,183.7,183.78,184.79,1.6878003436466669,182.06,1060739.0,93.9890710382514,179.64,1263759.0,90.03558718861213,174.72,1216937.0,90.58145122537245,167.0,1107739.0,89.47933440687066,158.02,959864.0,82.4185248713551,1.0214829902882028,1.1459556363544547,1.271924477644985,4.901512011615846,14.249205924320217,1,1,1,0,0,0
2025-05-24 01:19:21.305279,181.21,182.77,181.21,182.17,1354072,180.026,172.44,160.64749999999998,143.726,170.9246679579267,159.49629135246371,11.428376605462972,9.476569943101897,1.9518066623610757,95.72395128552094,160.64749999999998,189.25842678643846,132.0365732135615,57.22185357287697,0.8761237823690777,85.3694948992286,88.15533380592548,-14.630505100771396,1.5600000000000023,5.357142857142859,6.750659244066792,16.061416921508652,1156753.55,1.1705795067583755,11.519999999999982,25.20999999999998,121.94956810957858,86.8616852179816,186.65,4.480000000000018,2.459241367953021,1,1,0,185.14,183.98,187.64,1.2598015716825242,181.54,976664.0,95.99188229325213,182.06,1060739.0,93.9890710382514,179.64,1263759.0,90.03558718861213,170.65,1131057.0,90.41330398630475,156.96,1151670.0,84.4711397597422,1.0119093908657637,1.1339734511897166,1.2674811794664849,3.135630718055657,14.305463393219245,1,1,1,0,0,0
2025-05-25 01:19:21.305279,181.57,186.72,181.57,186.65,1358485,182.41199999999998,175.216,163.1,144.84539999999998,173.34394981055337,161.50767717820713,11.836272632346237,9.948510480950766,1.8877621513954708,95.98271039918635,163.1,191.8014652110856,134.3985347889144,57.40293042217121,0.9102578008962431,96.19151251360172,88.73815758645499,-3.8084874863982723,5.150000000000006,5.4164285714285745,6.828067765567769,17.471206495059487,1191426.45,1.1402172580607053,11.930000000000007,27.76000000000002,123.24552926657543,87.23933463500211,183.7,-2.950000000000017,-1.5804982587731136,0,0,0,183.78,188.77,190.16,2.14615470085773,182.17,1354072.0,95.72395128552094,181.54,976664.0,95.99188229325213,182.06,1060739.0,93.9890710382514,174.72,1216937.0,90.58145122537245,158.89,1028363.0,85.34961154273034,1.023233120628029,1.1443899448191295,1.2886153098406994,2.578152439250639,14.350732605542806,1,1,1,0,0,0
2025-05-26 01:19:21.305279,184.96,184.96,182.28,183.7,1099291,183.224,177.337,165.238,145.9322,174.93718830123746,163.15155294278438,11.785635358453078,10.315935456451228,1.4696999020018495,87.6398362892223,165.238,193.3535529911827,137.1224470088173,56.23110598236542,0.8283236151497685,86.97604790419156,89.51235177234065,-13.02395209580845,4.3700000000000045,5.263571428571431,2.260075706969496,13.053110960674491,1192315.8,0.9219797305378323,4.060000000000002,21.20999999999998,104.25886755986359,79.90709896632292,185.14,1.4399999999999977,0.7838867719107228,1,0,0,183.98,189.59,198.48,2.7382421368486787,186.65,1358485.0,95.98271039918635,182.17,1354072.0,95.72395128552094,181.54,976664.0,95.99188229325213,179.64,1263759.0,90.03558718861213,162.49,1223850.0,84.82322506467382,1.0025979129371698,1.111729747394667,1.2588037458490997,2.0776019830597776,14.057776495591353,1,1,1,0,0,0
2025-05-27 01:19:21.305279,182.91,186.45,182.91,185.14,1218125,183.83999999999997,179.327,167.08800000000002,147.0788,176.50685163950865,164.78032679887443,11.726524840634227,10.59805333328783,1.1284715073463971,87.47927031509114,167.08800000000002,195.335397718989,138.84060228101106,56.49479543797793,0.8195338590050851,91.28742514970052,91.48499518916464,-8.712574850299475,3.539999999999992,5.337142857142859,1.6917499725365177,12.043088840474446,1168054.25,1.0428668017774003,3.079999999999984,19.899999999999977,99.36108944064708,80.42639450019196,183.78,-1.3599999999999852,-0.7345792373339015,0,0,0,188.77,189.86,197.36,3.0543951938171845,183.7,1099291.0,87.6398362892223,186.65,1358485.0,95.98271039918635,182.17,1354072.0,95.72395128552094,182.06,1060739.0,93.9890710382514,165.24,1278353.0,89.16528468767278,1.0070713664055702,1.1080388777171308,1.2587810071879835,2.1026530859877615,14.123698859494475,1,1,1,0,0,0
2025-05-28 01:19:21.305279,185.28,185.69,181.75,183.78,1006903,184.28799999999998,181.005,168.945,148.22539999999998,177.6257975411227,166.18770999895784,11.438087542164851,10.766060175063235,0.6720273671016166,86.7598684210526,168.945,196.40456529728388,141.4854347027161,54.919130594567775,0.7701244509771498,86.56387665198235,88.2757832352915,-13.436123348017654,3.9399999999999977,5.250714285714287,1.2338878484080693,10.047904191616768,1147184.9,0.8777163995097914,2.240000000000009,16.78,84.22447345902243,80.31303073153805,183.98,0.19999999999998863,0.10882576994231616,1,0,0,189.59,184.79,198.32,2.794328184020893,185.14,1218125.0,87.47927031509114,183.7,1099291.0,87.6398362892223,186.65,1358485.0,95.98271039918635,181.54,976664.0,95.99188229325213,167.0,1107739.0,89.47933440687066,0.9972434450425423,1.0878096421912458,1.239868470586013,1.6878003436466669,13.729782648641942,1,1,1,0,0,0
2025-05-29 01:19:21.305279,184.85,185.22,183.27,183.98,1245373,184.65,182.338,170.88,149.407,178.60336715018073,167.50565740644245,11.097709743738278,10.832390088798244,0.2653196549400345,86.10071942446041,170.88,196.72474373924763,145.03525626075236,51.689487478495266,0.7534364459591533,86.11395428181501,87.98841869449933,-13.886045718184992,1.9499999999999886,5.200714285714288,0.9935774276774455,7.811309698212707,1167152.65,1.067018097418534,1.8100000000000023,13.329999999999984,79.0818087676906,80.76177106611429,188.77,4.7900000000000205,2.603543863463431,1,1,0,189.86,187.64,199.41,2.0572919092859423,183.78,1006903.0,86.7598684210526,185.14,1218125.0,87.47927031509114,183.7,1099291.0,87.6398362892223,182.17,1354072.0,95.72395128552094,170.65,1131057.0,90.41330398630475,0.9963715136745193,1.0766619850187265,1.2314014738265273,1.2598015716825242,12.92237186962381,1,1,1,0,0,0
2025-05-30 01:19:21.305279,184.08,192.67,184.08,188.77,1334618,185.074,183.743,172.8995,150.62359999999998,180.16746451169138,169.0807938948541,11.086670616837267,10.88324619440605,0.20342442243121717,86.56093489148579,172.8995,197.62962522580958,148.1693747741904,49.460250451619174,0.820873830097649,87.107438016529,86.59508965010882,-12.892561983471,8.689999999999998,5.412857142857145,1.135815697830166,8.041437728937735,1179116.6,1.131879578321601,2.1200000000000045,14.050000000000011,95.88724549657331,81.10616636030935,189.59,0.8199999999999932,0.4343910579011459,1,0,0,184.79,190.16,205.8,2.2502599849824825,183.98,1245373.0,86.10071942446041,183.78,1006903.0,86.7598684210526,185.14,1218125.0,87.47927031509114,186.65,1358485.0,95.98271039918635,174.72,1216937.0,90.58145122537245,1.0199703902222894,1.0917903174965806,1.2532564618027988,2.14615470085773,12.365062612904797,1,1,1,0,0,0
2025-05-31 01:19:21.305279,189.12,190.5,188.97,189.59,1021759,186.252,184.738,174.855,151.7826,181.61708535604654,170.59999434708715,11.017091008959397,10.910015157316721,0.10707585164267641,85.79829461922961,174.855,198.27096351569665,151.43903648430333,46.83192703139332,0.8146357823397391,88.94075403949736,87.38738211261382,-11.059245960502638,1.7299999999999898,5.331428571428573,3.2063146434404,5.538855488755298,1173399.7,0.8707680767261148,5.890000000000015,9.950000000000017,96.49600480675397,81.00282843347811,189.86,0.27000000000001023,0.14241257450288003,1,0,0,187.64,198.48,205.51,5.111172076932359,188.77,1334618.0,86.56093489148579,183.98,1245373.0,86.10071942446041,183.78,1006903.0,86.7598684210526,183.7,1099291.0,87.6398362892223,179.64,1263759.0,90.03558718861213,1.017921955200481,1.0842698235680994,1.2490891577822492,2.7382421368486787,11.707981757848334,1,1,1,0,0,0
2025-06-01 01:19:21.305279,189.87,190.71,188.78,189.86,1103830,187.196,185.518,176.5425,152.9758,182.88522607050095,172.0266614324881,10.858564638012837,10.899725053455946,-0.04116041544310889,85.14760147601474,176.5425,199.12000056093382,153.96499943906616,45.155001121867656,0.7949285720103908,89.32370820668703,88.45730008757114,-10.676291793312974,1.9300000000000068,5.28357142857143,2.549422058982407,4.2843018785016,1157072.55,0.953985123923301,4.720000000000027,7.800000000000011,90.89201690104515,81.16235457820262,184.79,-5.070000000000022,-2.6703887074686725,0,0,1,190.16,197.36,206.76,6.012618398003724,189.59,1021759.0,85.79829461922961,188.77,1334618.0,86.56093489148579,183.98,1245373.0,86.10071942446041,185.14,1218125.0,87.47927031509114,182.06,1060739.0,93.9890710382514,1.0142310733135325,1.0754350935327188,1.2411113391791382,3.0543951938171845,11.288750280466907,1,1,1,0,0,0
2025-06-02 01:19:21.305279,191.51,191.51,184.76,184.79,952795,187.398,185.84300000000002,177.881,154.1096,183.17826821350081,172.97209391897047,10.206174294530342,10.761014901670826,-0.5548406071404841,70.8308780200353,177.881,198.95924211186352,156.80275788813648,42.156484223727034,0.6638893785196486,64.78999106344952,81.01815110321134,-35.21000893655048,6.75,5.340714285714286,0.5495701382087228,1.7902390657706293,1156719.1,0.8237047352291493,1.009999999999991,3.25,68.30602086340598,75.09677845404235,187.64,2.8499999999999943,1.5422912495264867,1,0,0,198.48,198.32,209.38,5.110021526374658,189.86,1103830.0,85.14760147601474,189.59,1021759.0,85.79829461922961,188.77,1334618.0,86.56093489148579,183.78,1006903.0,86.7598684210526,181.54,976664.0,95.99188229325213,0.9860830958708203,1.0388405731921901,1.1990816925097463,2.794328184020893,10.539121055931764,1,1,1,0,0,0
2025-06-03 01:19:21.305279,187.55,191.16,185.95,187.64,928897,188.13,186.39000000000001,179.415,155.275,183.86468848834681,174.0586054805282,9.806083007818614,10.570028522900385,-0.7639455150817707,69.74327628361853,179.415,198.44890382283322,160.38109617716677,38.06780764566645,0.7160618251662388,73.69246861924682,75.93538929646115,-26.307531380753176,6.3700000000000045,5.283571428571428,1.9893466681160976,3.002689795246198,1145580.45,0.8108526991709749,3.6599999999999966,5.469999999999999,75.0433122565411,74.78313922277167,190.16,2.5200000000000102,1.3429972287358827,1,0,0,197.36,199.41,210.27,3.7527829673473003,184.79,952795.0,70.8308780200353,189.86,1103830.0,85.14760147601474,189.59,1021759.0,85.79829461922961,183.98,1245373.0,86.10071942446041,182.17,1354072.0,95.72395128552094,0.9973954180619784,1.0458434356101776,1.208436644662695,2.0572919092859423,9.516951911416617,1,1,1,0,0,0
2025-06-04 01:19:21.305279,188.21,192.67,187.28,190.16,895311,188.408,186.74099999999999,180.9785,156.5182,184.83319795167807,175.25130137085944,9.581896580818636,10.372402134484036,-0.7905055536653993,67.34828496042213,180.9785,197.9376698841046,164.0193301158954,33.918339768209194,0.7706942634204517,86.00891861761431,74.8304594334369,-13.991081382385682,5.389999999999986,4.903571428571429,0.7363458176616975,1.8805250468791805,1138927.85,0.786099839423542,1.3899999999999864,3.509999999999991,89.40709285641836,74.29178504039817,198.48,8.319999999999993,4.375262936474544,1,1,0,198.32,205.8,208.49,3.3915748554338947,187.64,928897.0,69.74327628361853,184.79,952795.0,70.8308780200353,189.86,1103830.0,85.14760147601474,188.77,1334618.0,86.56093489148579,186.65,1358485.0,95.98271039918635,1.0092989681966795,1.0507325455786185,1.2149385822223868,2.2502599849824825,8.4795849420523,1,1,1,0,0,0
2025-06-05 01:19:21.305279,189.11,199.26,189.11,198.48,1466239,190.18599999999998,188.219,182.778,157.894,186.9327059591122,176.97194571375874,9.96076024535347,10.290073756657923,-0.32931351130445385,72.66703478741022,182.778,199.10284525597737,166.4531547440226,32.64969051195476,0.9809233947945287,96.82022013860578,85.50720245848898,-3.1797798613942154,10.149999999999977,5.345714285714284,4.689065879002049,8.04572672836146,1151047.3,1.2738303630094088,8.889999999999986,14.780000000000001,144.5733450626788,75.10187170032987,197.36,-1.1199999999999761,-0.5642885933091375,0,0,0,199.41,205.51,209.41,4.060424854619416,190.16,895311.0,67.34828496042213,187.64,928897.0,69.74327628361853,184.79,952795.0,70.8308780200353,189.59,1021759.0,85.79829461922961,183.7,1099291.0,87.6398362892223,1.0436099397431988,1.085907494337393,1.2570458662140422,5.111172076932359,8.162422627988692,1,1,1,0,0,0
2025-06-06 01:19:21.305279,197.1,201.8,193.98,197.36,1403058,191.68599999999998,189.44099999999997,184.384,159.2356,188.5369050423257,178.48217195718402,10.054733085141692,10.243005622354678,-0.18827253721298653,71.48288973384032,184.384,199.73495594486164,169.03304405513833,30.701911889723306,0.9226446889238653,78.43613404565325,87.08842426729113,-21.563865954346756,7.820000000000022,4.952857142857141,3.9502791530601495,6.600410500162054,1157282.55,1.212372898908741,7.5,12.220000000000027,164.37499117033872,81.66210408389063,198.32,0.9599999999999795,0.4864207539521582,1,0,0,205.8,206.76,214.01,3.966742996465832,198.48,1466239.0,72.66703478741022,190.16,895311.0,67.34828496042213,187.64,928897.0,69.74327628361853,189.86,1103830.0,85.14760147601474,185.14,1218125.0,87.47927031509114,1.0296004924720639,1.0703748698368623,1.239421335430017,6.012618398003724,7.67547797243083,1,1,1,0,0,0
2025-06-07 01:19:21.305279,197.26,201.09,195.46,198.32,1495090,194.392,190.895,185.95,160.674,190.0419965742756,179.95164070109632,10.090355873179277,10.212475672519599,-0.12211979934032158,71.73620457604306,185.95,200.1834505932155,171.71654940678448,28.466901186431016,0.9345397456150326,82.7978250123578,86.01805973220563,-17.20217498764219,5.6299999999999955,5.2435714285714266,7.321824774067862,7.9116334748068295,1176650.1,1.2706326205215976,13.530000000000001,14.539999999999992,157.03966792455967,81.95462872808861,199.41,1.0900000000000034,0.5496167809600663,1,0,0,205.51,209.38,209.72,3.6653199041843796,197.36,1403058.0,71.48288973384032,198.48,1466239.0,72.66703478741022,190.16,895311.0,67.34828496042213,184.79,952795.0,70.8308780200353,183.78,1006903.0,86.7598684210526,1.020206592863904,1.0665232589405755,1.2343005091053934,5.110021526374658,7.116725296607753,1,1,1,0,0,0
2025-06-08 01:19:21.305279,199.29,199.44,199.29,199.41,1182486,196.746,192.438,187.38799999999998,162.0548,191.4832278705409,181.39300064916327,10.090227221377631,10.188025982291206,-0.09779876091357487,68.89810426540284,187.38799999999998,200.90627239040134,173.8697276095986,27.03654478080273,0.9446574108292206,88.07980049875304,83.1045865189214,-11.92019950124695,1.1200000000000045,4.955714285714284,6.272649754849718,8.386781171866511,1179221.55,1.002768309313886,11.77000000000001,15.430000000000007,154.96209214426926,81.86469778087984,205.8,6.390000000000015,3.2044531367534304,1,1,0,206.76,210.27,210.38,2.1561145609660106,198.32,1495090.0,71.73620457604306,197.36,1403058.0,71.48288973384032,198.48,1466239.0,72.66703478741022,187.64,928897.0,69.74327628361853,183.98,1245373.0,86.10071942446041,1.013540300692263,1.064155655644972,1.2305096794417691,3.7527829673473003,6.7591361952006865,1,1,1,0,0,0
2025-06-09 01:19:21.305279,200.25,206.43,200.25,205.8,1420659,199.874,194.14100000000002,188.942,163.4684,193.68580819814997,183.20092652700305,10.484881671146923,10.24739712006235,0.237484551084572,79.70430107526886,188.942,203.4388796642601,174.44512033573992,28.993759328520184,1.0814354671633546,97.44732576985416,89.44165042698836,-2.5526742301458483,7.02000000000001,5.144999999999998,8.224652923853606,9.021560629337289,1189407.65,1.1944256454042481,15.640000000000015,17.03,187.3736393485043,88.66444664554513,205.51,-0.29000000000002046,-0.14091350826045695,0,0,0,209.38,208.49,207.54,1.9365872043389962,199.41,1182486.0,68.89810426540284,198.32,1495090.0,71.73620457604306,197.36,1403058.0,71.48288973384032,190.16,895311.0,67.34828496042213,188.77,1334618.0,86.56093489148579,1.0296486786675607,1.089223147844312,1.258958918053887,3.3915748554338947,7.2484398321300505,1,1,1,0,0,0
2025-06-10 01:19:21.305279,204.81,206.55,204.2,205.51,653847,201.28,195.733,190.2355,164.908,195.50491462920382,184.8534504879658,10.651464141238023,10.328210524297486,0.3232536169405371,78.25242718446601,190.2355,205.81393512849323,174.65706487150678,31.15687025698645,0.990245004521111,95.80645161290315,93.77785929383681,-4.193548387096855,2.3500000000000227,5.0600000000000005,3.5419185812172516,8.397067355873194,1158912.05,0.5641903542205813,7.030000000000001,15.919999999999987,169.82431365193864,88.33370269152799,206.76,1.25,0.6082429078876941,1,0,0,210.27,209.41,212.61,1.3330303822528966,205.8,1420659.0,79.70430107526886,199.41,1182486.0,68.89810426540284,198.32,1495090.0,71.73620457604306,198.48,1466239.0,72.66703478741022,189.59,1021759.0,85.79829461922961,1.0210155007949124,1.0802925847173634,1.2462100080044631,4.060424854619416,7.78921756424661,1,1,1,0,0,0
2025-06-11 01:19:21.305279,204.67,208.61,204.38,206.76,952269,203.16,197.423,191.47050000000002,166.392,197.23646622471094,186.47615785922758,10.760308365483354,10.41463009253466,0.34567827294869424,81.96994991652751,191.47050000000002,208.19414915479496,174.74685084520507,33.44729830958988,0.9571221226443939,92.69928966061553,95.31768901445764,-7.3007103393844615,4.230000000000018,5.080714285714287,4.762869882448307,8.901295691562192,1153488.55,0.8255556589616776,9.399999999999977,16.899999999999977,149.49999674688868,94.29778580591947,209.38,2.6200000000000045,1.2671696653124418,1,0,0,208.49,214.01,206.24,2.1609534932545174,205.51,653847.0,78.25242718446601,205.8,1420659.0,79.70430107526886,199.41,1182486.0,68.89810426540284,197.36,1403058.0,71.48288973384032,189.86,1103830.0,85.14760147601474,1.0177200236266981,1.0798530321903372,1.2426078176835424,3.966742996465832,8.361824577397469,1,1,1,0,0,0
2025-06-12 01:19:21.305279,205.06,213.98,202.41,209.38,969022,205.372,199.882,192.8625,167.9118,199.10470219014002,188.17273875854406,10.93196343159596,10.518096760346921,0.4138666712490391,83.10740354535972,192.8625,210.70310522339102,175.021894776609,35.68121044678202,0.9629187124869428,84.61538461538463,91.04037529630112,-15.384615384615378,11.569999999999993,5.767857142857145,5.576845502218638,13.306997131879433,1153106.45,0.8403578004441827,11.060000000000002,24.590000000000003,142.36148259096802,94.24768856835558,210.27,0.8900000000000148,0.42506447607222025,1,0,0,209.41,209.72,204.03,2.1294130646750724,206.76,952269.0,81.96994991652751,205.51,653847.0,78.25242718446601,205.8,1420659.0,79.70430107526886,198.32,1495090.0,71.73620457604306,184.79,952795.0,70.8308780200353,1.0195158054652045,1.0856439172985934,1.2469641800040259,3.6653199041843796,8.920302611695499,1,1,1,0,0,0
2025-06-13 01:19:21.305279,209.67,211.2,208.82,210.27,918152,207.544,202.14499999999998,194.26749999999998,169.43040000000002,200.82244031473385,189.80957292457782,11.012867390156032,10.617050886308744,0.3958165038472874,81.19558908879857,194.26749999999998,212.96776836283777,175.5672316371622,37.40053672567558,0.9278681912341183,87.30321697467495,88.20596375022507,-12.69678302532505,2.3799999999999955,5.317142857142859,5.446065894388453,12.060328288211482,1131310.45,0.8115827092377694,10.860000000000014,22.630000000000024,134.55789346633796,94.13661235104472,208.49,-1.7800000000000011,-0.8465306510676753,0,0,0,214.01,210.38,205.68,2.1285605464747483,209.38,969022.0,83.10740354535972,206.76,952269.0,81.96994991652751,205.51,653847.0,78.25242718446601,199.41,1182486.0,68.89810426540284,187.64,928897.0,69.74327628361853,1.0131345642369811,1.0823735313420928,1.2410405688707575,2.1561145609660106,9.35013418141889,1,1,1,0,0,0
2025-06-14 01:19:21.305279,211.4,211.4,207.71,208.49,1050657,208.08200000000002,203.978,195.3595,170.8766,202.00206488169786,191.19330826349795,10.808756618199908,10.655392032686978,0.15336458551293042,76.67984189723317,195.3595,214.72566199783435,175.99333800216564,38.73232399566871,0.8390062522834506,81.21149897330602,84.37670018778856,-18.78850102669398,3.6899999999999977,5.45714285714286,1.3070942662779386,9.639251156920494,1115919.05,0.9415172184756591,2.6899999999999977,18.330000000000013,112.57835016224291,87.01520851377357,209.41,0.9199999999999875,0.4412681663389071,1,0,0,209.72,207.54,212.22,2.3705421320889704,210.27,918152.0,81.19558908879857,209.38,969022.0,83.10740354535972,206.76,952269.0,81.96994991652751,205.8,1420659.0,79.70430107526886,190.16,895311.0,67.34828496042213,1.0019607654674598,1.0672119861076632,1.220120250519966,1.9365872043389962,9.683080998917182,1,1,1,0,0,0
2025-06-15 01:19:21.305279,207.09,211.5,207.09,209.41,949399,208.862,205.071,196.645,172.2304,203.14174720759053,192.54269283657217,10.599054371018354,10.644124500353254,-0.04507012933489918,77.10008317161072,196.645,216.1650382872804,177.12496171271962,39.04007657456077,0.8269716947306884,84.3600273785079,84.29158110882965,-15.639972621492108,4.409999999999997,5.634285714285716,1.8977178726096082,5.5068520757759005,1108424.45,0.8565301857063872,3.9000000000000057,10.930000000000007,102.21974033226307,86.96951664046993,214.01,4.599999999999994,2.196647724559474,1,1,0,210.38,212.61,212.05,2.526711301278567,208.49,1050657.0,76.67984189723317,210.27,918152.0,81.19558908879857,209.38,969022.0,83.10740354535972,205.51,653847.0,78.25242718446601,198.48,1466239.0,72.66703478741022,1.0026237419923203,1.0649139311958096,1.2158712979822377,1.3330303822528966,9.760019143640195,1,1,1,0,0,0
2025-06-16 01:19:21.305279,208.12,216.72,208.12,214.01,823866,210.31199999999998,206.73599999999996,198.0885,173.6848,204.81378609873045,194.13286373756685,10.680922361163596,10.651484072515323,0.02943828864827225,91.03932584269663,198.0885,218.2844133698419,177.89258663015812,40.39182673968378,0.894176279835286,91.19272018199543,85.58808217793647,-8.807279818004572,8.599999999999994,5.766428571428572,3.506480944089766,8.436359951357913,1088711.5,0.7567349109474825,7.25,16.649999999999977,118.19016152716601,92.79717205810132,209.72,-4.289999999999992,-2.0045792252698433,0,0,1,207.54,206.24,209.8,2.487975080262879,209.41,949399.0,77.10008317161072,208.49,1050657.0,76.67984189723317,210.27,918152.0,81.19558908879857,206.76,952269.0,81.96994991652751,197.36,1403058.0,71.48288973384032,1.0175833999010993,1.0803756906635165,1.2321746059528524,2.1609534932545174,10.097956684920938,1,1,1,0,0,0
2025-06-17 01:19:21.305279,212.47,213.33,207.86,209.72,1349885,210.38000000000002,207.87599999999998,199.3855,175.097,205.56858823738733,195.287466423673,10.281121813714321,10.577411620755123,-0.296289807040802,79.80561555075596,199.3855,219.03677715147964,179.73422284852037,39.302554302959265,0.7629472863350731,76.22282608695652,83.92519121581996,-23.77717391304348,6.149999999999977,5.7507142857142854,0.16238418187028533,5.74828559903187,1105860.6,1.2206647022237702,0.3400000000000034,11.400000000000006,88.24245812286635,84.06351745599507,210.38,0.6599999999999966,0.3147053213808872,1,0,0,212.61,204.03,217.8,3.3859489068810897,214.01,823866.0,91.03932584269663,209.41,949399.0,77.10008317161072,208.49,1050657.0,76.67984189723317,209.38,969022.0,83.10740354535972,198.32,1495090.0,71.73620457604306,0.9968628196596634,1.0518317530612808,1.1977361119836434,2.1294130646750724,9.825638575739811,1,1,1,0,0,0
2025-06-18 01:19:21.305279,209.05,212.53,207.99,210.38,817045,210.402,208.973,200.7055,176.59779999999998,206.30880543163545,196.4054318737713,9.903373557864143,10.442604008176929,-0.539230450312786,78.73791927231383,200.7055,219.52890030248057,181.88209969751944,37.64680060496113,0.756980668862604,77.03730532415788,81.48428386436997,-22.96269467584211,4.539999999999992,5.6899999999999995,0.05231369191990547,5.501228624442104,1084444.2,0.7534228132715358,0.10999999999998522,10.969999999999999,79.83441265677516,78.63837456727286,207.54,-2.8400000000000034,-1.349938207053904,0,0,0,206.24,205.68,211.6,3.2658306753427038,209.72,1349885.0,79.80561555075596,214.01,823866.0,91.03932584269663,209.41,949399.0,77.10008317161072,210.27,918152.0,81.19558908879857,199.41,1182486.0,68.89810426540284,0.9998954382562903,1.0482024658018838,1.1912945687885128,2.1285605464747483,9.411700151240277,1,1,1,0,0,0
2025-06-19 01:19:21.305279,212.06,212.06,206.6,207.54,1182873,210.212,209.147,201.644,178.08,206.4982199806146,197.2302146979364,9.268005282678217,10.207684263077187,-0.9396789803989698,65.25252525252526,201.644,219.82241681486028,183.46558318513974,36.35683362972054,0.6621703380456156,59.630606860158295,70.9635794237576,-40.369393139841705,5.460000000000008,5.355000000000002,-0.45565734567605976,0.8454810495626728,1076856.95,1.098449520152143,-0.950000000000017,1.7399999999999807,60.91279883295101,70.4575739382977,212.61,5.070000000000022,2.442902572997987,1,1,0,204.03,212.22,202.4,3.9742835832397816,210.38,817045.0,78.73791927231383,209.72,1349885.0,79.80561555075596,214.01,823866.0,91.03932584269663,208.49,1050657.0,76.67984189723317,205.8,1420659.0,79.70430107526886,0.9872890225106083,1.029239650076372,1.1654312668463611,2.3705421320889704,9.08920840743014,-1,1,1,0,0,0
2025-06-20 01:19:21.305279,206.9,215.32,206.9,212.61,1658825,210.852,209.85699999999997,202.79500000000002,179.66400000000002,207.43849382975085,198.3694580536448,9.069035776106062,9.979954565682963,-0.9109187895769004,72.6597325408618,202.79500000000002,220.67247009065227,184.91752990934776,35.754940181304505,0.7745075212049174,80.66792097836318,72.44527772089315,-19.332079021636815,8.419999999999987,5.397857142857142,1.5281027649109484,3.4548197168021133,1108710.25,1.49617539839647,3.200000000000017,7.100000000000023,79.20752611018109,71.13810161468203,206.24,-6.3700000000000045,-2.9960961384695,0,0,1,205.68,212.05,204.28,3.822372300026417,207.54,1182873.0,65.25252525252526,210.38,817045.0,78.73791927231383,209.72,1349885.0,79.80561555075596,209.41,949399.0,77.10008317161072,205.51,653847.0,78.25242718446601,1.0083376017301235,1.0483986291575236,1.1833756345177664,2.526711301278567,8.93873504532612,1,1,1,0,0,0
2025-06-21 01:19:21.305279,211.06,211.06,202.93,206.24,1115760,209.298,209.80499999999998,203.61399999999998,181.02360000000002,207.25411016363535,198.9524611607822,8.30164900285314,9.644293453117,-1.34264445026386,60.13824884792627,203.61399999999998,220.4679064970287,186.76009350297124,33.70781299405746,0.5779047872510443,39.87378083763634,60.05743622538596,-60.12621916236366,9.680000000000007,5.687142857142858,-3.6306714639502746,-0.2514993228864296,1109306.75,1.0058173719757857,-7.769999999999982,-0.5199999999999818,31.492592059429416,63.16207577864465,204.03,-2.210000000000008,-1.071567106283945,0,0,0,212.22,209.8,202.33,3.732844759698577,212.61,1658825.0,72.6597325408618,207.54,1182873.0,65.25252525252526,210.38,817045.0,78.73791927231383,214.01,823866.0,91.03932584269663,206.76,952269.0,81.96994991652751,0.98538925360013,1.0128969520759872,1.1392989643339322,2.487975080262879,8.426953248514373,-1,1,1,0,0,0
2025-06-22 01:19:21.305279,206.32,206.4,201.15,204.03,600726,208.16,209.26999999999998,204.576,182.3662,206.75809321538375,199.32857514887243,7.429518066511321,9.201338375795864,-1.7718203092845428,55.749128919860624,204.576,218.91460068046206,190.23739931953793,28.67720136092413,0.48096048519072093,22.950819672131157,47.830840496043585,-77.04918032786885,5.25,5.982142857142857,-2.7131413312988735,-2.5551628617824025,1091703.3,0.5502648934009817,-5.689999999999998,-5.349999999999994,-5.773551689791506,57.71929581751433,205.68,1.6500000000000057,0.8087046022643757,1,0,0,212.05,217.8,198.3,4.3952474333089055,206.24,1115760.0,60.13824884792627,212.61,1658825.0,72.6597325408618,207.54,1182873.0,65.25252525252526,209.72,1349885.0,79.80561555075596,209.38,969022.0,83.10740354535972,0.9801594926979247,0.9973310652275927,1.1187928464814203,3.3859489068810897,7.169300340231031,-1,1,1,0,0,0
2025-06-23 01:19:21.305279,203.82,206.7,203.82,205.68,1023241,207.22000000000003,208.811,205.478,183.7282,206.59223272070932,199.79905106377075,6.793181656938572,8.719707032024406,-1.9265253750858342,49.83069977426636,205.478,217.3961164177664,193.55988358223362,23.83623283553277,0.508474493490384,29.094412331406573,30.639670947058047,-70.90558766859343,2.8799999999999955,5.6864285714285705,-2.234052666603284,-2.182907690112714,1096420.5,0.933255990744427,-4.699999999999989,-4.590000000000003,2.5848868409595767,56.56952426749612,212.22,6.539999999999992,3.17969661610268,1,1,0,209.8,211.6,201.21,3.011756962307587,204.03,600726.0,55.749128919860624,206.24,1115760.0,60.13824884792627,212.61,1658825.0,72.6597325408618,210.38,817045.0,78.73791927231383,210.27,918152.0,81.19558908879857,0.9925682849145835,1.0009830736137202,1.1194797532441945,3.2658306753427038,5.95905820888319,-1,1,1,0,0,0
2025-06-24 01:19:21.305279,205.4,213.88,205.4,212.22,1538296,208.156,209.18400000000003,206.581,185.22060000000002,207.45804307136942,200.71912135534325,6.738921716026169,8.323549968824759,-1.5846282527985895,58.047493403693935,206.581,216.43443520114806,196.72756479885192,19.706870402296147,0.7861438617540704,71.09826589595374,41.04783263316384,-28.901734104046255,8.47999999999999,6.124285714285711,2.254986990459674,1.789054630917545,1128569.75,1.3630491159274825,4.680000000000007,3.7299999999999898,70.88393500804109,59.20186094599569,212.05,-0.1699999999999875,-0.08010555084345843,0,0,0,217.8,202.4,202.29,5.539359168713352,205.68,1023241.0,49.83069977426636,204.03,600726.0,55.749128919860624,206.24,1115760.0,60.13824884792627,207.54,1182873.0,65.25252525252526,208.49,1050657.0,76.67984189723317,1.0195238186744557,1.0272967988343555,1.1457688831587847,3.9742835832397816,4.926717600574032,1,1,1,0,0,0
2025-06-25 01:19:21.305279,211.41,215.53,210.58,212.05,1399819,208.044,209.448,207.25950000000003,186.6428,208.16449798346645,201.5584456993919,6.606052284074536,7.980050431874714,-1.3739981478001777,56.5131740950505,207.25950000000003,216.62072905786158,197.89827094213848,18.7224581157231,0.7558691796979865,70.00642260757874,56.73303361164637,-29.993577392421255,4.949999999999989,6.17571428571428,-0.26339306711819865,1.2606847810515327,1125248.75,1.244008491455778,-0.5600000000000023,2.640000000000015,103.32087507767267,60.4791524207978,209.8,-2.25,-1.0610705022400377,0,0,0,211.6,204.28,200.11,6.1344013562864514,212.22,1538296.0,58.047493403693935,205.68,1023241.0,49.83069977426636,204.03,600726.0,55.749128919860624,212.61,1658825.0,72.6597325408618,209.41,949399.0,77.10008317161072,1.019255542096864,1.0231135364120822,1.1361274048610501,3.822372300026417,4.680614528930772,-1,1,1,0,0,0
2025-06-26 01:19:21.305279,211.76,213.51,207.92,209.8,860129,208.756,209.027,207.88150000000002,187.87599999999998,208.41611367831777,202.1689312031407,6.247182475177084,7.633476840535189,-1.386294365358105,50.52186878727636,207.88150000000002,216.05039163389895,199.71260836610108,16.337783267797874,0.617427191226205,55.555555555555614,65.55341468636271,-44.44444444444438,5.590000000000003,5.748571428571424,1.726144297905354,-1.967197794495575,1098102.3,0.7832867666336734,3.5600000000000023,-4.2099999999999795,55.85651283119772,54.57414467622789,217.8,8.0,3.8131553860819825,1,1,0,202.4,202.33,195.08,6.816188084260101,212.05,1399819.0,56.5131740950505,212.22,1538296.0,58.047493403693935,205.68,1023241.0,49.83069977426636,206.24,1115760.0,60.13824884792627,214.01,823866.0,91.03932584269663,1.005001053861925,1.0092288154549587,1.11669398965275,3.732844759698577,4.084445816949472,1,1,1,0,0,0
2025-06-27 01:19:21.305279,209.08,218.9,209.08,217.8,1480571,211.51,209.83499999999998,208.85549999999998,189.2992,209.8597884970381,203.3267881510562,6.53300034598189,7.4133815416245294,-0.8803811956426397,57.95142555438226,208.85549999999998,216.86801777237974,200.8429822276202,16.025035544759533,1.0581578883252487,93.80281690140848,73.12159835484762,-6.197183098591517,9.819999999999993,6.279999999999995,6.749007498897226,3.852756055693311,1097376.35,1.349191642411466,13.77000000000001,8.080000000000013,156.3283464536225,56.28919480897007,211.6,-6.200000000000017,-2.8466483011937638,0,0,1,204.28,198.3,198.59,4.884661707837117,209.8,860129.0,50.52186878727636,212.05,1399819.0,56.5131740950505,212.22,1538296.0,58.047493403693935,204.03,600726.0,55.749128919860624,209.72,1349885.0,79.80561555075596,1.0297385466408209,1.0428262602612812,1.1505595374940834,4.3952474333089055,4.006258886189886,1,1,1,0,0,0
2025-06-28 01:19:21.305279,216.2,216.2,211.09,211.6,1191540,212.69400000000002,209.95700000000002,209.465,190.62560000000002,210.1275133436476,203.93961865838537,6.187894685262222,7.168284170352069,-0.9803894850898471,53.00367007919643,209.465,216.20587453330467,202.72412546669534,13.481749066609325,0.6583622413866026,58.87323943661965,69.41053729786127,-41.126760563380344,6.710000000000008,6.495714285714281,2.878257487358998,0.5799030326076619,1097829.05,1.0853602389188006,5.9199999999999875,1.2199999999999989,100.3594419511412,55.721364768137846,202.4,-9.199999999999989,-4.347826086956517,0,0,1,202.33,201.21,201.27,2.1990520685083297,217.8,1480571.0,57.95142555438226,209.8,860129.0,50.52186878727636,212.05,1399819.0,56.5131740950505,205.68,1023241.0,49.83069977426636,210.38,817045.0,78.73791927231383,0.9948564604549257,1.0101926336142075,1.110029293022553,3.011756962307587,3.3704372666523357,1,1,1,0,0,0
2025-06-29 01:19:21.305279,211.82,211.82,200.93,202.4,1413571,210.73000000000002,209.44300000000004,209.295,191.70600000000002,208.93866513693257,203.82557283183831,5.113092305094256,6.757245797300507,-1.644153492206251,44.16319733555371,209.295,216.5749812029881,202.01501879701186,14.55996240597625,0.02644108495981589,8.180300500834718,53.6187856129543,-91.81969949916528,10.889999999999986,6.958571428571424,-4.627273584016583,-2.4766310108894607,1097474.65,1.288021550201638,-9.819999999999993,-5.139999999999986,-117.44663609407546,48.50440944693338,204.28,1.8799999999999955,0.9288537549407092,1,0,0,198.3,202.29,200.97,2.190883383480454,211.6,1191540.0,53.00367007919643,217.8,1480571.0,57.95142555438226,209.8,860129.0,50.52186878727636,212.22,1538296.0,58.047493403693935,207.54,1182873.0,65.25252525252526,0.9604707445546433,0.9670560691846438,1.0557833348982295,5.539359168713352,3.6399906014940635,-1,-1,1,0,0,0
2025-06-30 01:19:21.305279,203.5,204.82,203.42,204.28,1621871,209.17600000000002,208.60999999999999,209.2335,192.78199999999998,208.2219474235583,203.859234103554,4.362713320004303,6.2783393018412665,-1.9156259818369632,41.51404151404152,209.2335,216.66727009967403,201.79972990032596,14.86754019934807,0.16682450939549515,18.64218141346686,28.565240450307098,-81.35781858653314,2.4199999999999875,6.517142857142852,-3.664230134402268,-3.9179718733831956,1145875.85,1.4153985355394303,-7.77000000000001,-8.330000000000013,-136.07689862508283,41.55821699610235,202.33,-1.9499999999999886,-0.9545721558644941,0,0,0,201.21,200.11,208.49,1.6914254343632722,202.4,1413571.0,44.16319733555371,211.6,1191540.0,53.00367007919643,217.8,1480571.0,57.95142555438226,212.05,1399819.0,56.5131740950505,212.61,1658825.0,72.6597325408618,0.9765938731020767,0.9763254928106637,1.0596424977435654,6.1344013562864514,3.716885049837016,-1,-1,1,0,0,0
2025-07-01 01:19:21.305279,203.76,203.76,201.81,202.33,794816,207.68200000000002,208.219,209.012,193.70640000000003,207.3154939737801,203.74595750329073,3.5695364704893677,5.7365787355708875,-2.1670422650815198,43.28059647208585,209.012,216.99946807917627,201.02453192082373,15.974936158352534,0.08171976815655141,7.790762381747389,11.537748098683009,-92.20923761825262,2.469999999999999,6.25428571428571,-3.560533841754051,-1.895849495733125,1138003.2,0.6984303734822539,-7.469999999999999,-3.9099999999999966,-157.3598867143049,43.020781856846625,198.3,-4.030000000000001,-1.9917955814758075,0,0,0,202.29,195.08,204.13,2.828633945920084,204.28,1621871.0,41.51404151404152,202.4,1413571.0,44.16319733555371,211.6,1191540.0,53.00367007919643,209.8,860129.0,50.52186878727636,206.24,1115760.0,60.13824884792627,0.974229832147225,0.9680305437008402,1.0445189214192199,6.816188084260101,3.9937340395881327,-1,-1,1,0,0,0
2025-07-02 01:19:21.305279,202.8,202.8,195.8,198.3,1249994,203.78199999999998,207.64600000000002,208.458,194.512,205.92849490089085,203.34255324378773,2.5859416571031204,5.106451319877334,-2.520509662774214,39.65044551062374,208.458,217.7658520332971,199.1501479667029,18.61570406659422,-0.04566832195342337,10.822510822510825,12.418484872575045,-89.17748917748918,7.0,6.429999999999997,-8.953168044077135,-2.8084105278635447,1152051.8,1.0850154480900944,-19.5,-5.72999999999999,-193.25121449266575,42.09352473053371,201.21,2.9099999999999966,1.4674735249621766,1,0,0,200.11,198.59,198.01,2.803351565539259,202.33,794816.0,43.28059647208585,204.28,1621871.0,41.51404151404152,202.4,1413571.0,44.16319733555371,217.8,1480571.0,57.95142555438226,204.03,600726.0,55.749128919860624,0.9730987035165031,0.9512707595774689,1.0194743769021963,4.884661707837117,4.653926016648558,-1,-1,1,0,0,0
2025-07-03 01:19:21.305279,198.56,206.01,198.56,201.21,1240209,201.704,207.19899999999998,208.00500000000002,195.39699999999996,205.2025726084461,203.18458633684048,2.017986271605622,4.488758310222992,-2.47077203861737,44.58326202293344,208.00500000000002,217.81012755224828,198.19987244775177,19.610255104496503,0.153497623371459,23.41991341991341,14.011062208057226,-76.58008658008659,7.7099999999999795,6.59071428571428,-4.910207939508501,-2.1732788798133016,1168154.65,1.0616822010681548,-10.389999999999986,-4.469999999999999,-113.82225310222135,49.06575374925377,202.29,1.079999999999984,0.5367526464887352,1,0,0,195.08,201.27,195.37,2.8128490894485276,198.3,1249994.0,39.65044551062374,202.33,794816.0,43.28059647208585,204.28,1621871.0,41.51404151404152,211.6,1191540.0,53.00367007919643,205.68,1023241.0,49.83069977426636,0.997550866616428,0.9673325160452872,1.0297496890945104,2.1990520685083297,4.902563776124119,-1,-1,1,0,0,0
2025-07-04 01:19:21.305279,200.43,203.12,200.43,202.29,1270917,201.682,206.206,207.695,196.265,204.75448451483902,203.11832068225968,1.6361638325793422,3.918239414694262,-2.2820755821149197,40.52167523879498,207.695,217.82231065252265,197.56768934747734,20.254621305045305,0.23314731889587845,28.095238095238017,20.77922077922077,-71.90476190476198,2.6899999999999977,6.181428571428567,-0.05434782608696326,-4.679106587503537,1179167.65,1.0778085711561034,-0.11000000000001364,-9.930000000000007,-98.85159571093206,47.68306310942615,200.11,-2.1799999999999784,-1.0776607840229266,0,0,0,198.59,200.97,195.29,2.529442626352992,201.21,1240209.0,44.58326202293344,198.3,1249994.0,39.65044551062374,202.33,794816.0,43.28059647208585,202.4,1413571.0,44.16319733555371,212.22,1538296.0,58.047493403693935,1.0030146468202419,0.9739762632706613,1.0306982905765165,2.190883383480454,5.063655326261331,-1,-1,1,0,0,0
2025-07-05 01:19:21.305279,201.94,201.94,197.3,200.11,1127412,200.848,205.012,207.23000000000002,197.0174,204.039948435633,202.89548211320343,1.1444663224295653,3.363484796241323,-2.2190184738117575,43.9004975124378,207.23000000000002,217.8669564305458,196.59304356945424,21.27391286109156,0.16531779807080216,18.658008658008672,23.391053391053386,-81.34199134199133,4.989999999999981,5.846428571428565,-2.041315841002539,-5.630747465220465,1188068.3,0.9489454436247478,-4.1699999999999875,-11.939999999999998,-117.72217878550948,47.75777086233777,195.08,-5.030000000000001,-2.5136175103692975,0,0,1,201.27,208.49,196.33,4.9233220491869965,202.29,1270917.0,40.52167523879498,201.21,1240209.0,44.58326202293344,198.3,1249994.0,39.65044551062374,204.28,1621871.0,41.51404151404152,212.05,1399819.0,56.5131740950505,0.9963255795427388,0.9656420402451382,1.0156970907138152,1.6914254343632722,5.318478215272896,-1,-1,1,0,0,0
2025-07-06 01:19:21.305279,199.08,199.08,194.25,195.08,1312670,199.398,203.54000000000002,206.2835,197.6142,202.66149483015099,202.3165575122254,0.34493731792559856,2.7597753005781778,-2.414837982652579,41.567740719804036,206.2835,217.71913088265245,194.84786911734756,22.871261765304894,0.010149456773941183,3.3671399594320985,16.706795570892947,-96.6328600405679,5.860000000000014,5.889999999999994,-3.58325507833737,-7.016205910390847,1212508.5,1.0826068435808904,-7.25,-14.719999999999999,-153.67038413878538,45.96972479322021,198.59,3.509999999999991,1.7992618412958739,1,0,0,200.97,204.13,195.49,3.791384971222274,200.11,1127412.0,43.9004975124378,202.29,1270917.0,40.52167523879498,201.21,1240209.0,44.58326202293344,202.33,794816.0,43.28059647208585,209.8,860129.0,50.52186878727636,0.9783448179018848,0.9456888214520308,0.9871760227756913,2.828633945920084,5.717815441326229,-1,-1,0,0,0,0
2025-07-07 01:19:21.305279,194.76,205.19,194.76,198.59,1101161,199.45600000000002,201.619,205.727,198.246,202.03511101012774,202.04051621502353,-0.005405204895794213,2.2067391994833834,-2.2121444043791776,43.54633169488439,205.727,217.53566247607014,193.91833752392986,23.61732495214028,0.19780658840648158,17.606490872210966,13.210546496550597,-82.39350912778903,10.430000000000007,6.42928571428571,0.14624306606151893,-8.820018365472915,1200072.3,0.9175788825389937,0.28999999999999204,-19.210000000000008,-93.30798856820267,46.112040329289464,201.27,2.680000000000007,1.3495140742232774,1,0,0,208.49,198.01,196.96,3.9535907729569306,195.08,1312670.0,41.567740719804036,200.11,1127412.0,43.9004975124378,202.29,1270917.0,40.52167523879498,198.3,1249994.0,39.65044551062374,217.8,1480571.0,57.95142555438226,0.9956581902775549,0.9653083941339736,1.0017352178606378,2.803351565539259,5.904331238035071,1,-1,1,0,0,0
2025-07-08 01:19:21.305279,198.31,207.05,196.65,201.27,1188865,199.46800000000002,200.586,205.2715,198.8584,201.91740162395425,201.98344093983658,-0.06603931588233536,1.7521834964102396,-1.818222812292575,39.27942040336793,205.2715,217.02713699051196,193.51586300948804,23.51127398102392,0.3298050542378254,28.478701825557845,16.484110885733656,-71.52129817444217,10.400000000000006,6.566428571428568,0.02981959147159797,-4.88185255198487,1218663.3,0.9755483733694121,0.060000000000002274,-10.329999999999984,-56.997636635122255,44.82910663223748,200.97,-0.30000000000001137,-0.14905351021017108,0,0,0,204.13,195.37,192.13,5.141952936386201,198.59,1101161.0,43.54633169488439,195.08,1312670.0,41.567740719804036,200.11,1127412.0,43.9004975124378,201.21,1240209.0,44.58326202293344,211.6,1191540.0,53.00367007919643,1.0090340305211862,0.9805063050642686,1.0121272221842277,2.8128490894485276,5.877818495255983,1,-1,1,0,0,0
2025-07-09 01:19:21.305279,201.88,202.41,199.67,200.97,946196,199.204,200.443,204.94299999999998,199.3834,201.7716475279613,201.90837124058942,-0.13672371262811112,1.3744020546025695,-1.5111257672306806,39.17968749999998,204.94299999999998,216.7984879142223,193.08751208577766,23.710975828444646,0.33244046855153836,27.261663286004044,24.44895199459097,-72.73833671399595,2.740000000000009,6.408571428571427,-0.6525285481239771,-0.7065217391304381,1206829.45,0.7840345626302043,-1.3199999999999932,-1.4300000000000068,-61.10299089209716,37.54013101849306,208.49,7.52000000000001,3.7418520177140917,1,1,0,198.01,195.29,197.77,5.83920542539918,201.27,1188865.0,39.27942040336793,198.59,1101161.0,43.54633169488439,195.08,1312670.0,41.567740719804036,202.29,1270917.0,40.52167523879498,202.4,1413571.0,44.16319733555371,1.008865283829642,0.9806141219753786,1.0079575330744686,2.529442626352992,5.927743957111159,-1,-1,1,0,0,0
2025-07-10 01:19:21.305279,201.14,212.75,201.14,208.49,1498641,200.88000000000002,200.864,204.737,199.96040000000002,202.80524021596727,202.39589929684206,0.40934091912521353,1.1813898275070984,-0.7720489083818849,48.840092084292536,204.737,216.16710263802779,193.3068973619722,22.86020527605558,0.664171754132541,57.76876267748481,37.83637592968225,-42.23123732251519,11.780000000000001,6.850714285714283,4.187696766778269,2.060896808302334,1198820.25,1.2500965011226661,8.379999999999995,4.210000000000008,40.202112421099045,44.916759096269445,204.13,-4.360000000000014,-2.0912273969974646,0,0,1,195.37,196.33,197.55,3.69037667454316,200.97,946196.0,39.17968749999998,201.27,1188865.0,39.27942040336793,198.59,1101161.0,43.54633169488439,200.11,1127412.0,43.9004975124378,204.28,1621871.0,41.51404151404152,1.0378833134209478,1.0183308341921589,1.0426564459763032,4.9233220491869965,5.715051319013896,1,-1,1,0,0,0
2025-07-11 01:19:21.305279,206.83,206.83,202.29,204.13,1135094,202.69,201.044,204.63150000000002,200.4018,203.00904941351075,202.5243512007797,0.48469821273104685,1.042051504551888,-0.5573532918208413,37.062275222411486,204.63150000000002,216.04212528846446,193.22087471153557,22.82125057692889,0.4780248677297724,45.01138952164009,43.347271828376336,-54.98861047835991,6.200000000000017,6.592142857142856,4.639122411318424,0.8896357435872005,1199786.95,0.9460796352219034,9.049999999999983,1.799999999999983,-5.9997748073801995,36.846805463181525,198.01,-6.1200000000000045,-2.9980894527996886,0,0,1,195.29,195.49,202.06,1.146961202488097,208.49,1498641.0,48.840092084292536,200.97,946196.0,39.17968749999998,201.27,1188865.0,39.27942040336793,195.08,1312670.0,41.567740719804036,202.33,794816.0,43.28059647208585,1.0071044452119,0.9975492531697221,1.0186036253167385,3.791384971222274,5.705312644232225,1,-1,1,0,0,0
2025-07-12 01:19:21.305279,204.09,204.09,197.71,198.01,1375525,202.574,201.01500000000001,204.3305,200.7312,202.23996488835525,202.18995481553674,0.05001007281850889,0.8436432182052122,-0.7936331453867033,37.11848341232226,204.3305,216.11926981216743,192.54173018783257,23.57753962433486,0.2319270754834617,20.324324324324277,41.034825507816414,-79.67567567567573,6.4199999999999875,6.571428571428569,-0.2920590160632522,-0.14624306606153326,1238526.9,1.1106137460558991,-0.5800000000000125,-0.29000000000002046,-72.17323021764904,36.62218932533803,195.37,-2.6399999999999864,-1.333265996666828,0,0,0,196.33,196.96,203.54,0.7295340979097775,204.13,1135094.0,37.062275222411486,208.49,1498641.0,48.840092084292536,200.97,946196.0,39.17968749999998,198.59,1101161.0,43.54633169488439,198.3,1249994.0,39.65044551062374,0.9774699615942815,0.9690672709164808,0.9864435623360992,3.9535907729569306,5.894384906083714,-1,-1,0,0,0,0
2025-07-13 01:19:21.305279,197.82,198.9,190.34,195.37,1127529,201.394,200.43099999999998,203.815,200.9952,201.18304721322366,201.6847729773488,-0.5017257641251547,0.5745694217391387,-1.0762951858642933,42.3901277332756,203.815,216.23981642351117,191.39018357648882,24.84963284702235,0.1601559446777931,22.445336903168236,29.260350249710882,-77.55466309683176,8.560000000000002,6.404999999999999,-2.931385700799923,-2.9024402365687605,1243741.3,0.9065623212801569,-5.900000000000006,-5.840000000000003,-132.28239998274026,37.37360680519783,195.29,-0.0800000000000125,-0.04094794492502048,0,0,0,195.49,192.13,205.51,1.8630351580185827,198.01,1375525.0,37.11848341232226,204.13,1135094.0,37.062275222411486,208.49,1498641.0,48.840092084292536,201.27,1188865.0,39.27942040336793,201.21,1240209.0,44.58326202293344,0.9700884832715969,0.9585653656502221,0.9720132620082469,5.141952936386201,6.21240821175559,-1,-1,0,0,0,0
2025-07-14 01:19:21.305279,194.89,198.6,192.05,195.29,1229327,200.25799999999998,199.731,202.9685,201.168,200.27642456503543,201.2110860901378,-0.9346615251023707,0.2727232323708368,-1.2073847574732075,39.87384546068933,202.9685,215.28867305927895,190.64832694072106,24.640346118557886,0.18837694231019958,22.08835341365457,21.61933821371571,-77.91164658634543,6.549999999999983,6.699999999999998,-2.8262924814648986,-3.460378664293836,1228292.85,1.0008419409101013,-5.680000000000007,-7.0,-115.88005643493575,45.61317367393969,196.33,1.0400000000000205,0.5325413487633881,1,0,0,196.96,197.77,207.95,2.1824252564551005,195.37,1127529.0,42.3901277332756,198.01,1375525.0,37.11848341232226,204.13,1135094.0,37.062275222411486,200.97,946196.0,39.17968749999998,202.29,1270917.0,40.52167523879498,0.9751920023170111,0.9621690065207162,0.9707806410562315,5.83920542539918,6.160086529639478,-1,-1,0,0,0,0
2025-07-15 01:19:21.305279,194.21,196.46,194.21,196.33,1043389,197.826,199.353,202.1825,201.42059999999998,199.66928232426073,200.84952415753497,-1.1802418332742377,-0.017869780758178206,-1.1623720525160595,43.10027598896045,202.1825,214.0610678296782,190.30393217032181,23.75713565935638,0.25365296204405535,26.729138777331595,23.75427636471815,-73.2708612226684,2.25,6.684285714285713,-5.832414024653459,-1.8889610714107246,1210471.35,0.8619691825006844,-12.159999999999997,-3.780000000000001,-105.91876007697506,51.087739264997246,195.49,-0.8400000000000034,-0.4278510670809369,0,0,0,192.13,197.55,209.92,2.3287335614047824,195.29,1229327.0,39.87384546068933,195.37,1127529.0,42.3901277332756,198.01,1375525.0,37.11848341232226,208.49,1498641.0,48.840092084292536,200.11,1127412.0,43.9004975124378,0.9924377988737578,0.9710533799908498,0.9747265175458718,3.69037667454316,5.93928391483909,-1,-1,0,0,0,0
2025-07-16 01:19:21.305279,196.76,197.33,193.56,195.49,688640,196.098,199.394,201.467,201.62759999999997,199.026315812836,200.45252236808795,-1.4262065552519516,-0.29953713565693296,-1.1266694195950187,46.51278232812112,201.467,213.1356825125633,189.79831748743672,23.337365025126587,0.2438871100672779,22.980812137438672,23.932768109474964,-77.01918786256132,3.7700000000000102,6.453571428571428,-4.232596874540727,0.21017018659011513,1201896.9,0.5729609586313102,-8.639999999999986,0.4099999999999966,-102.93481618782786,52.87810993228856,196.96,1.4699999999999989,0.7519566218220874,1,0,0,197.77,202.06,212.72,3.5279356570113833,196.33,1043389.0,43.10027598896045,195.29,1229327.0,39.87384546068933,195.37,1127529.0,42.3901277332756,204.13,1135094.0,37.062275222411486,195.08,1312670.0,41.567740719804036,0.996899509428959,0.9703326103034243,0.9695597229744343,1.146961202488097,5.834341256281653,-1,-1,0,1,0,0
2025-07-17 01:19:21.305279,196.08,197.92,195.97,196.96,1327795,195.888,199.23100000000002,200.425,201.8912,198.7084210723997,200.19381700748883,-1.4853959350891444,-0.5367088955433753,-0.948687039545769,44.53024453024454,200.425,209.35256936332019,191.49743063667984,17.855138726640348,0.3059382201925919,29.540383757251256,26.41677822400719,-70.45961624274875,2.4299999999999784,6.076428571428571,-0.5302762486743008,-0.8207865451432577,1194258.1,1.1118157791854206,-1.049999999999983,-1.6299999999999955,-72.51108804378573,53.0378914944751,192.13,-4.8300000000000125,-2.452274573517472,0,0,1,197.55,203.54,218.48,4.4728905642785,195.49,688640.0,46.51278232812112,196.33,1043389.0,43.10027598896045,195.29,1229327.0,39.87384546068933,198.01,1375525.0,37.11848341232226,198.59,1101161.0,43.54633169488439,1.0054725149064772,0.9827117375576899,0.9755749631484681,0.7295340979097775,4.463784681660092,-1,-1,0,1,0,0
2025-07-18 01:19:21.305279,196.09,198.29,189.78,192.13,1064161,195.24,198.31699999999998,199.45149999999998,202.05419999999998,197.69635629203054,199.5964972291563,-1.9001409371257694,-0.8093953038598541,-1.0907456332659153,38.07511737089204,199.45149999999998,207.44563541620857,191.4573645837914,15.988270832417186,0.04207055429939289,10.230735742272506,20.91731054565416,-89.7692642577275,8.509999999999991,6.4921428571428565,-1.6583917694630745,-4.541163611069714,1187889.15,0.89584200680678,-3.240000000000009,-9.140000000000015,-133.29523215739238,45.8962854664503,197.77,5.640000000000015,2.9355124134700543,1,1,0,202.06,205.51,219.45,3.529933427135721,196.96,1327795.0,44.53024453024454,195.49,688640.0,46.51278232812112,196.33,1043389.0,43.10027598896045,195.37,1127529.0,42.3901277332756,201.27,1188865.0,39.27942040336793,0.9840708871132964,0.9632918278378454,0.9508834758198543,1.8630351580185827,3.9970677081042996,-1,-1,0,1,0,0
2025-07-19 01:19:21.305279,192.96,197.86,192.96,197.77,1162999,195.73600000000002,197.997,199.22,202.2342,197.7076860932566,199.4612011381077,-1.753515044851099,-0.9982192520581034,-0.7552957927929956,47.45983499782893,199.22,207.12225017920753,191.31774982079247,15.804500358415055,0.40825398037794086,34.78450152372664,24.85187367441681,-65.21549847627335,5.730000000000018,6.545000000000002,1.2699062932049867,-1.5922774543464142,1175360.55,0.9894827591414396,2.480000000000018,-3.1999999999999886,-67.44103291322047,52.94251493341203,197.55,-0.21999999999999886,-0.11124032967588554,0,0,0,203.54,207.95,222.67,3.910303057310134,192.13,1064161.0,38.07511737089204,196.96,1327795.0,44.53024453024454,195.49,688640.0,46.51278232812112,195.29,1229327.0,39.87384546068933,200.97,946196.0,39.17968749999998,1.0103915477990764,0.9927216142957535,0.977925593198381,2.1824252564551005,3.9511250896037637,1,-1,0,1,0,0
2025-07-20 01:19:21.305279,199.11,200.01,191.7,197.55,892297,195.98,196.90300000000002,198.8835,202.39340000000004,197.68342669429404,199.31963068343308,-1.6362039891390339,-1.1258161994742897,-0.5103877896647442,52.993939393939385,198.8835,206.44429994375736,191.32270005624264,15.12159988751472,0.4118148866575287,33.82673051806709,26.280655928022096,-66.1732694819329,8.310000000000002,6.720000000000001,0.6214027402842147,-5.247254064943162,1138881.85,0.783485135003249,1.2199999999999989,-10.939999999999998,-56.115580364472386,59.916905595172764,202.06,4.509999999999991,2.2829663376360365,1,1,0,205.51,209.92,222.38,3.1928091079811867,197.77,1162999.0,47.45983499782893,192.13,1064161.0,38.07511737089204,196.96,1327795.0,44.53024453024454,196.33,1043389.0,43.10027598896045,208.49,1498641.0,48.840092084292536,1.0080110215328095,0.9932950697267496,0.9760693777563891,2.3287335614047824,3.7803999718786865,1,-1,0,1,0,0
2025-07-21 01:19:21.305279,196.2,208.39,196.2,202.06,1503346,197.294,196.696,198.87,202.6374,198.35674566440267,199.52262100317878,-1.165875338776118,-1.1338280273346555,-0.032047311441462556,54.106508875739635,198.87,206.40581204369792,191.3341879563021,15.071624087395833,0.7116560220386432,53.46103613408795,40.69075605862724,-46.53896386591205,12.189999999999998,6.845714285714286,3.360785717939533,-1.0140596678587142,1174308.35,1.280196977224934,6.569999999999993,-2.069999999999993,71.71191819464077,60.96594607815335,203.54,1.4799999999999898,0.7324557062258684,1,0,0,207.95,212.72,228.9,3.606697935786479,197.55,892297.0,52.993939393939385,197.77,1162999.0,47.45983499782893,192.13,1064161.0,38.07511737089204,195.49,688640.0,46.51278232812112,204.13,1135094.0,37.062275222411486,1.024156842073251,1.016040629556997,0.9971505753626921,3.5279356570113833,3.767906021848956,1,-1,0,1,0,0
2025-07-22 01:19:21.305279,202.16,203.74,202.16,203.54,646410,198.60999999999999,197.249,199.132,203.01239999999999,199.15416940834072,199.82020463257294,-0.6660352242322176,-1.0402694667141679,0.37423424248195025,52.7649208282582,199.132,206.9436824793346,191.3203175206654,15.623364958669185,0.7821415240353872,59.90422289943401,49.063996517196365,-40.095777100565996,1.6800000000000068,6.222857142857143,3.3407798537774083,2.7927882430180304,1144129.15,0.5649799238136709,6.579999999999984,5.530000000000001,82.4731573214373,59.60630221982047,205.51,1.9699999999999989,0.9678687235924138,1,0,0,209.92,218.48,225.92,4.987046219958732,202.06,1503346.0,54.106508875739635,197.55,892297.0,52.993939393939385,197.77,1162999.0,47.45983499782893,196.96,1327795.0,44.53024453024454,198.01,1375525.0,37.11848341232226,1.0248225164896028,1.0221360705461704,1.002598856030469,4.4728905642785,3.9058412396672972,1,1,0,0,0,0
2025-07-23 01:19:21.305279,202.09,208.6,202.09,205.51,1723900,201.286,198.263,199.347,203.3698,200.13198949936523,200.2416709560861,-0.10968145672086393,-0.8541518647155071,0.7444704079946431,55.313670411985,199.347,207.62242487381488,191.07157512618514,16.55084974762974,0.8723675880075336,68.48062690465821,60.615295312726744,-31.51937309534179,6.509999999999991,6.4921428571428565,6.964034768125746,5.190152019245527,1168313.7,1.4755454806358943,13.379999999999995,10.139999999999986,119.7947581549345,67.43127659782236,207.95,2.4399999999999977,1.1872901561967777,1,0,0,212.72,219.45,234.17,5.10446177378214,203.54,646410.0,52.7649208282582,202.06,1503346.0,54.106508875739635,197.55,892297.0,52.993939393939385,192.13,1064161.0,38.07511737089204,195.37,1127529.0,42.3901277332756,1.0209850660254562,1.0309159405458823,1.0105236864077163,3.529933427135721,4.137712436907441,1,1,0,0,0,0
2025-07-24 01:19:21.305279,203.54,208.7,203.54,207.95,1330164,203.32199999999997,199.52900000000002,199.63,203.72560000000001,201.33476034561676,200.8126582926723,0.5221020529444615,-0.5789010811835132,1.101003134127975,49.28267800212537,199.63,208.68005030518424,190.57994969481575,18.100100610368486,0.9596659531955283,96.03594080338266,74.80693020249164,-3.9640591966173386,5.159999999999997,6.019285714285713,5.147393436820538,6.4826668032157295,1171276.05,1.135653717157454,10.179999999999978,12.659999999999997,132.62493619785684,67.07026072669393,209.92,1.9699999999999989,0.9473431113248372,1,0,0,218.48,222.67,234.1,5.200170189522787,205.51,1723900.0,55.313670411985,203.54,646410.0,52.7649208282582,202.06,1503346.0,54.106508875739635,197.77,1162999.0,47.45983499782893,195.29,1229327.0,39.87384546068933,1.0227619244351325,1.0416771026398837,1.0207357347333863,3.910303057310134,4.525025152592117,1,1,0,0,0,0
2025-07-25 01:19:21.305279,208.51,210.17,208.51,209.92,1139189,205.796,200.88799999999998,200.1205,203.95440000000002,202.65556644629112,201.4872761969188,1.168290249372319,-0.2294628150723467,1.3977530644446658,58.21276595744679,200.1205,210.2759558321104,189.96504416788957,20.31091166422084,0.9824746501784326,98.77390877881315,87.76349216228469,-1.226091221186857,2.219999999999999,5.734999999999998,6.261705897241192,6.9220190495594025,1171864.9,0.9721163250132333,12.369999999999976,13.589999999999975,154.11094641625806,74.28290979491688,212.72,2.8000000000000114,1.3338414634146396,1,0,0,219.45,222.38,227.51,4.022020636446318,207.95,1330164.0,49.28267800212537,205.51,1723900.0,55.313670411985,203.54,646410.0,52.7649208282582,197.55,892297.0,52.993939393939385,196.33,1043389.0,43.10027598896045,1.0200392621819665,1.0489679967819387,1.0292496754176421,3.1928091079811867,5.0777279160552045,1,1,0,0,0,0
2025-07-26 01:19:21.305279,208.29,217.12,208.29,212.72,1122565,207.92799999999997,202.611,201.0025,204.2616,204.2039408391694,202.3193298119618,1.8846110272075975,0.19335195338364228,1.6912590738239552,73.03476354525523,201.0025,212.31309470724824,189.69190529275176,22.621189414496484,1.017987793890758,83.90636430138989,92.90540462786191,-16.093635698610115,8.830000000000013,5.907142857142857,5.275660694843114,8.813750063941885,1162359.65,0.9657639096470702,10.659999999999997,17.22999999999999,173.87122104436602,82.55700206737686,218.48,5.759999999999991,2.707784881534407,1,1,0,222.67,228.9,228.21,4.073982081452786,209.92,1139189.0,58.21276595744679,207.95,1330164.0,49.28267800212537,205.51,1723900.0,55.313670411985,202.06,1503346.0,54.106508875739635,195.49,688640.0,46.51278232812112,1.0230464391520142,1.0582952948346414,1.0414096433201345,3.606697935786479,5.655297353624117,1,1,0,0,0,0
2025-07-27 01:19:21.305279,212.14,220.4,212.14,218.48,1327941,210.916,204.76299999999998,201.997,204.66479999999999,206.40025763314335,203.51641649255725,2.8838411405860995,0.731449790824134,2.1523913497619658,82.96718972895857,201.997,215.66623260465107,188.32776739534896,27.338465209302115,1.1029233855597538,93.72958850424554,92.13662052814955,-6.270411495754461,8.26000000000002,5.885714285714286,7.340080573842979,10.926076360682362,1173698.65,1.1314156321130642,14.939999999999998,21.519999999999982,192.89202960036144,89.62057319652632,219.45,0.9699999999999989,0.4439765653606732,1,0,0,222.38,225.92,225.22,3.6297286399946747,212.72,1122565.0,73.03476354525523,209.92,1139189.0,58.21276595744679,207.95,1330164.0,49.28267800212537,203.54,646410.0,52.7649208282582,196.96,1327795.0,44.53024453024454,1.0358626182935387,1.0816002217854719,1.067501592848404,4.987046219958732,6.834616302325522,1,1,0,0,0,0
2025-07-28 01:19:21.305279,217.7,220.93,217.68,219.45,1148528,213.704,207.49499999999998,202.906,205.06560000000002,208.40791030496746,204.696681937553,3.7112283674144635,1.3274055061422,2.3838228612722636,83.61157484696713,202.906,218.6344902745256,187.1775097254744,31.456980549051195,1.025924602782608,95.2487961476725,90.96158298443599,-4.751203852327506,3.25,5.650000000000001,6.783124908763563,14.219538853901001,1171681.8,0.9802388327615911,13.939999999999998,27.319999999999993,180.03312743276763,89.65787642735818,222.67,3.219999999999999,1.4673046251993616,1,0,0,228.9,234.17,229.12,4.901384498281688,218.48,1327941.0,82.96718972895857,212.72,1122565.0,73.03476354525523,209.92,1139189.0,58.21276595744679,205.51,1723900.0,55.313670411985,192.13,1064161.0,38.07511737089204,1.0268876576947552,1.0815352922042718,1.0701453583633724,5.10446177378214,7.864245137262806,1,1,0,0,0,0
2025-07-29 01:19:21.305279,218.81,224.79,218.81,222.67,1275843,216.64799999999997,209.98499999999999,203.99099999999999,205.403,210.60207795035709,206.0280388310676,4.574039119289495,1.9767322287716595,2.597306890517835,84.54879328436513,203.99099999999999,221.98751299557944,185.99448700442053,35.9930259911589,1.0189616456418027,93.94458726078263,94.30765730423356,-6.055412739217381,5.97999999999999,5.916428571428573,7.078624669391681,12.590382767861646,1188164.15,1.0737935494855657,14.719999999999999,24.899999999999977,171.87922607035767,89.90086826766411,222.38,-0.28999999999999204,-0.13023757129383934,0,0,0,225.92,234.1,226.24,5.148191915614146,219.45,1148528.0,83.61157484696713,218.48,1327941.0,82.96718972895857,212.72,1122565.0,73.03476354525523,207.95,1330164.0,49.28267800212537,197.77,1162999.0,47.45983499782893,1.027796240906909,1.091567765244545,1.0840640107495996,5.200170189522787,8.99825649778972,1,1,0,0,0,0
2025-07-30 01:19:21.305279,223.7,223.7,222.15,222.38,1124068,219.13999999999996,212.468,204.6855,205.74039999999997,212.41406595799444,207.2392952139515,5.174770744042945,2.616339931825917,2.5584308122170283,85.78653180729304,204.6855,224.4028260437578,184.96817395624217,39.434652087515644,0.9487043517141055,93.11625249928592,94.10321196924703,-6.883747500714074,1.549999999999983,5.757857142857142,5.935594512195126,12.568969881042765,1169435.5,0.9612056415253343,12.460000000000008,24.829999999999984,152.7023035207695,94.09692396421238,228.9,6.52000000000001,2.9319183379800386,1,1,0,234.17,227.51,224.33,3.8139022011575414,222.67,1275843.0,84.54879328436513,219.45,1148528.0,83.61157484696713,218.48,1327941.0,82.96718972895857,209.92,1139189.0,58.21276595744679,197.55,892297.0,52.993939393939385,1.0147850689057225,1.0864472568892276,1.0808766775995382,4.022020636446318,9.858663021878913,1,1,0,0,0,0
2025-07-31 01:19:21.305279,223.49,228.98,223.49,228.9,1310939,222.37599999999998,215.152,205.92400000000004,206.18320000000003,214.9503635029184,208.84379186476988,6.106571638148523,3.3143862730904385,2.7921853650580846,87.47067104645706,205.92400000000004,228.41155108241617,183.4364489175839,44.975102164832265,1.0108604293058343,99.79591836734699,95.61891937580519,-0.2040816326530207,6.599999999999994,6.055714285714286,7.606242948476874,13.28318321290706,1178227.75,1.1126363302850404,16.180000000000007,26.840000000000003,155.22280353599135,94.15764485051629,225.92,-2.980000000000018,-1.3018785495849794,0,0,0,234.1,228.21,215.97,3.880975392861232,222.38,1124068.0,85.78653180729304,222.67,1275843.0,84.54879328436513,219.45,1148528.0,83.61157484696713,212.72,1122565.0,73.03476354525523,202.06,1503346.0,54.106508875739635,1.0293376983127678,1.1115751442279675,1.1101777448405106,4.073982081452786,11.243775541208059,1,1,0,0,0,0
2025-08-01 01:19:21.305279,228.03,229.61,222.39,225.92,1090810,223.86399999999998,217.39000000000001,207.31949999999998,206.51399999999998,216.63799988708482,210.10869617108324,6.5293037160015786,3.9573697616726675,2.571933954328911,91.43978415501593,207.31949999999998,231.16235171481804,183.4766482851819,47.685703429636135,0.8900644986279055,90.26642046953303,94.392863778722,-9.733579530466958,7.220000000000027,5.963571428571432,3.405346027096301,10.995381743146309,1163992.0,0.9371284338723977,7.439999999999998,22.379999999999995,125.53298467024112,93.08259292935128,234.17,8.25,3.6517351274787537,1,1,0,227.51,225.22,214.12,4.072059675397015,228.9,1310939.0,87.47067104645706,222.38,1124068.0,85.78653180729304,222.67,1275843.0,84.54879328436513,218.48,1327941.0,82.96718972895857,203.54,646410.0,52.7649208282582,1.009184147518136,1.0897190085833701,1.0939694161170672,3.6297286399946747,11.921425857409039,1,1,1,0,0,0
2025-08-02 01:19:21.305279,226.04,234.95,226.04,234.17,1334933,226.808,220.256,209.25949999999997,206.99199999999996,219.33523067368716,211.89101497322523,7.444215700461939,4.654738949430523,2.7894767510314162,91.95481788842783,209.25949999999997,235.2277976561415,183.29120234385846,51.93659531228303,0.9796329033549234,98.19653179190752,96.08629020959586,-1.8034682080924882,9.030000000000001,6.199285714285716,6.707678286625655,13.945793392049048,1174362.2,1.136730218326169,14.719999999999999,28.659999999999997,139.8850046044861,93.23662502277797,234.1,-0.06999999999999318,-0.02989281291369227,0,0,0,228.21,229.12,203.85,3.279324625589076,225.92,1090810.0,91.43978415501593,228.9,1310939.0,87.47067104645706,222.38,1124068.0,85.78653180729304,219.45,1148528.0,83.61157484696713,205.51,1723900.0,55.313670411985,1.0324591725159606,1.1190411904835862,1.1312997603772128,4.901384498281688,12.984148828070762,1,1,1,0,0,0
2025-08-03 01:19:21.305279,234.97,236.67,232.26,234.1,964049,229.094,222.871,211.2,207.50419999999997,221.60673364696603,213.5361249752085,8.070608671757526,5.337912893895924,2.7326957778616023,92.2738838769373,211.2,238.53714265282906,183.86285734717092,54.674285305658145,0.9188440666755295,93.6496170002471,94.03752308722925,-6.3503829997528864,4.409999999999997,5.920714285714287,5.133156689271122,12.575138254388078,1161098.3,0.8302905964120351,11.430000000000007,26.150000000000006,135.03598372578563,93.32933691663108,227.51,-6.590000000000003,-2.8150363092695447,0,0,1,225.22,226.24,197.49,1.5513381320639295,234.17,1334933.0,91.95481788842783,225.92,1090810.0,91.43978415501593,228.9,1310939.0,87.47067104645706,222.67,1275843.0,84.54879328436513,207.95,1330164.0,49.28267800212537,1.0218512924825618,1.1084280303030303,1.1281699358374435,5.148191915614146,13.66857132641454,1,1,1,0,0,0
2025-08-04 01:19:21.305279,234.48,234.48,227.39,227.51,1507909,230.11999999999998,224.63000000000002,212.75900000000001,207.8662,222.51492847050972,214.57122682889676,7.943701641612961,5.859070643439332,2.084630998173629,78.08430809975721,212.75900000000001,240.0818517429733,185.43614825702673,54.64570348594657,0.7699388800767025,73.5106998264893,88.45228287288133,-26.489300173510706,7.090000000000003,5.556428571428573,2.3068621278891968,8.37938262195122,1184324.3,1.2732230521656949,5.1299999999999955,17.590000000000003,97.59949078689328,84.13459171886176,228.21,0.700000000000017,0.3076787833501899,1,0,0,229.12,224.33,200.6,2.0078919293617017,234.1,964049.0,92.2738838769373,234.17,1334933.0,91.95481788842783,225.92,1090810.0,91.43978415501593,222.38,1124068.0,85.78653180729304,209.92,1139189.0,58.21276595744679,0.988658091430558,1.0693319671553259,1.0945021364704797,3.8139022011575414,13.661425871486646,1,1,1,0,0,0
2025-08-05 01:19:21.305279,226.54,229.61,225.9,228.21,1149332,229.98200000000003,226.179,214.39499999999998,208.1502,223.39109332120054,215.58150632305257,7.809586998147978,6.249173914381062,1.5604130837669157,77.70042667864361,214.39499999999998,241.2789286759341,187.51107132406585,53.76785735186826,0.7569378933884559,75.53499132446507,80.89843605040052,-24.465008675534943,3.710000000000008,5.701428571428573,-0.3014416775884656,7.281872884543065,1207358.9,0.9519389801988457,-0.6899999999999977,15.490000000000009,78.57139484927868,77.89891208500879,225.22,-2.990000000000009,-1.3101967486087414,0,0,0,226.24,215.97,203.85,4.928369913064238,227.51,1507909.0,78.08430809975721,234.1,964049.0,92.2738838769373,234.17,1334933.0,91.95481788842783,228.9,1310939.0,87.47067104645706,212.72,1122565.0,73.03476354525523,0.9922950491777617,1.0644371370600996,1.0963717546271874,3.880975392861232,13.44196433796706,-1,1,1,0,0,0
2025-08-06 01:19:21.305279,226.69,232.81,222.56,225.22,543132,229.842,226.85299999999998,215.808,208.46020000000001,223.67246357947738,216.29546881764125,7.37699476183613,6.474738083872077,0.9022566779640533,71.63556531284301,215.808,241.78901217590058,189.8269878240994,51.962024351801176,0.6811322810727591,65.43917899185031,71.49495671426826,-34.56082100814968,10.25,5.968571428571431,-0.30984419263455587,3.084950567557675,1168125.75,0.46496021511382657,-0.6999999999999886,6.740000000000009,66.22835283532743,73.10869037080137,229.12,3.9000000000000057,1.7316401740520404,1,0,0,224.33,214.12,205.69,6.56784820165613,228.21,1149332.0,77.70042667864361,227.51,1507909.0,78.08430809975721,234.1,964049.0,92.2738838769373,225.92,1090810.0,91.43978415501593,218.48,1327941.0,82.96718972895857,0.9798905334969239,1.043612841043891,1.0803980807847253,4.072059675397015,12.990506087950294,-1,1,1,0,0,0
2025-08-07 01:19:21.305279,225.58,233.83,225.58,229.12,1304308,228.83199999999997,227.82000000000002,217.65749999999997,208.835,224.51054610571165,217.24543409040854,7.265112015303117,6.632812870158286,0.632299145144831,72.5164858540736,217.65749999999997,241.7383304411814,193.57666955881854,48.16166088236287,0.7380005130636531,73.39675828047928,71.45697619893157,-26.60324171952073,8.610000000000014,6.215000000000003,-2.1565529316308596,4.406470722260203,1180133.1,1.1052210975185763,-5.049999999999983,9.670000000000016,76.05140077419819,73.28763381098823,226.24,-2.8799999999999955,-1.2569832402234618,0,0,0,215.97,203.85,201.81,8.962927535130452,225.22,543132.0,71.63556531284301,228.21,1149332.0,77.70042667864361,227.51,1507909.0,78.08430809975721,234.17,1334933.0,91.95481788842783,219.45,1148528.0,83.61157484696713,1.0012585652356316,1.0526630141391868,1.0971341010845883,3.279324625589076,12.040415220590717,-1,1,1,0,0,0
2025-08-08 01:19:21.305279,231.04,231.04,222.5,226.24,1164472,227.26000000000005,228.177,219.081,209.209,224.77661593560217,217.91169823185976,6.864917703742407,6.679233836875111,0.18568386686729532,67.02838063439066,219.081,241.5219399371606,196.64006006283938,44.881879874321214,0.6595075790061989,63.248766737138894,67.36156800315618,-36.7512332628611,8.539999999999992,6.6664285714285745,-3.357539513028614,1.6032694121345585,1180206.75,0.9866678020609525,-7.859999999999985,3.5700000000000216,52.7732479991264,66.31337233400369,224.33,-1.9099999999999966,-0.8442362093352177,0,0,0,214.12,197.49,201.72,10.555227141089944,229.12,1304308.0,72.5164858540736,225.22,543132.0,71.63556531284301,228.21,1149332.0,77.70042667864361,234.1,964049.0,92.2738838769373,222.67,1275843.0,84.54879328436513,0.9955117486579247,1.032677411550979,1.0814066316458661,1.5513381320639295,11.220469968580304,-1,1,1,0,0,0
2025-08-09 01:19:21.305279,225.53,225.53,223.85,224.33,1080494,226.62400000000002,228.37199999999999,220.42,209.4434,224.70790579166336,218.38712799246275,6.320777799200613,6.607542629340212,-0.2867648301395995,62.34318520093558,220.42,240.52598025726073,200.31401974273925,40.21196051452148,0.5972347517994809,49.694251936404505,62.113258984674246,-50.30574806359549,2.390000000000015,6.2064285714285745,-1.397740758647962,0.8768774170339136,1189616.6,0.9082707823680335,-3.1799999999999784,1.950000000000017,33.34857278646955,59.77438000047617,215.97,-8.360000000000014,-3.7266526991485818,0,0,1,203.85,200.6,201.8,8.226690099912814,226.24,1164472.0,67.02838063439066,229.12,1304308.0,72.5164858540736,225.22,543132.0,71.63556531284301,227.51,1507909.0,78.08430809975721,222.38,1124068.0,85.78653180729304,0.9898775063541372,1.0177388621722168,1.0710769592166667,2.0078919293617017,10.05299012863037,-1,1,1,0,0,0
2025-08-10 01:19:21.305279,224.29,224.29,213.58,215.97,1295204,224.17600000000002,227.079,221.11549999999997,209.638,223.36361259294594,218.20808147450254,5.155531118443406,6.317140327160852,-1.1616092087174463,47.47128752770503,221.11549999999997,239.42987798705508,202.80112201294486,36.62875597411022,0.35952293865407575,10.35080121264612,41.097939962063194,-89.64919878735388,10.75,6.384285714285716,-5.363481004338114,-5.648754914809963,1179209.5,1.0983663208276393,-12.240000000000009,-12.930000000000007,-27.035064204106718,52.049650435141864,214.12,-1.8499999999999943,-0.8566004537667242,0,0,0,197.49,203.85,197.23,6.2529569005394885,224.33,1080494.0,62.34318520093558,226.24,1164472.0,67.02838063439066,229.12,1304308.0,72.5164858540736,228.21,1149332.0,77.70042667864361,228.9,1310939.0,87.47067104645706,0.9633948326315037,0.9767293563770971,1.0302044476669305,4.928369913064238,9.157188993527555,-1,1,1,0,0,0
2025-08-11 01:19:21.305279,213.86,214.2,213.86,214.12,1310283,221.956,225.89900000000003,221.64449999999997,209.83980000000003,221.94151834787732,217.90526062453938,4.03625772333794,5.860963806396271,-1.8247060830583308,44.72381706592756,221.64449999999997,238.36303742659052,204.9259625734094,33.437074853181116,0.274965363057645,2.338674750974416,20.794575966675033,-97.6613252490256,2.109999999999985,6.302857142857143,-4.928514341532721,-5.223087818696877,1212403.15,1.0807320980649053,-11.099999999999994,-11.799999999999983,-71.7460408101109,44.86529997229913,203.85,-10.27000000000001,-4.796375864001499,0,0,1,200.6,205.69,203.26,3.2528110919641424,215.97,1295204.0,47.47128752770503,224.33,1080494.0,62.34318520093558,226.24,1164472.0,67.02838063439066,225.22,543132.0,71.63556531284301,225.92,1090810.0,91.43978415501593,0.9646957054551353,0.966051492367282,1.020397465113863,6.56784820165613,8.359268713295275,-1,1,1,0,0,0
2025-08-12 01:19:21.305279,213.79,213.79,203.42,203.85,1669281,216.902,222.86700000000002,221.56150000000002,209.8032,219.15820783281927,216.8641302079068,2.294077624912461,5.147586570099509,-2.8535089451870483,33.65184155663658,221.56150000000002,238.63011974502035,204.4928802549797,34.137239490040656,-0.01883222734419571,1.2932330827067875,4.66090301544246,-98.70676691729321,10.700000000000017,6.640000000000002,-11.029155027932964,-12.947858393474823,1209672.2,1.3799449140023223,-25.27000000000001,-30.319999999999993,-141.48184608257614,36.62137614435517,197.49,-6.359999999999985,-3.119941133186159,0,0,1,203.85,201.81,206.93,3.1349673044555186,214.12,1310283.0,44.72381706592756,215.97,1295204.0,47.47128752770503,224.33,1080494.0,62.34318520093558,229.12,1304308.0,72.5164858540736,234.17,1334933.0,91.95481788842783,0.9398253589178523,0.9200605700900201,0.9716248369900935,8.962927535130452,8.534309872510171,-1,-1,0,0,0,0
2025-08-13 01:19:21.305279,203.48,203.48,196.87,197.49,1157205,211.152,219.206,221.03849999999997,209.5086,215.8246373970009,215.42900945176555,0.39562794523536127,4.197194845126679,-3.801566899891318,30.441615590130468,221.03849999999997,240.35605708103495,201.720942918965,38.635114162069954,-0.10951029939284392,1.5577889447236302,1.7298989261349635,-98.44221105527637,6.97999999999999,7.027857142857146,-12.707743988684584,-15.638615976078594,1201024.25,0.96351509971593,-28.75,-36.609999999999985,-199.66642192188047,30.147975402831605,200.6,3.109999999999985,1.5747632791533672,1,0,0,205.69,201.72,206.12,2.0260380055677176,203.85,1669281.0,33.65184155663658,214.12,1310283.0,44.72381706592756,215.97,1295204.0,47.47128752770503,226.24,1164472.0,67.02838063439066,234.1,964049.0,92.2738838769373,0.9352977949533986,0.8934642607509553,0.9426343357742832,10.555227141089944,9.658778540517483,-1,-1,0,0,0,0
2025-08-14 01:19:21.305279,197.32,204.62,197.32,200.6,1238493,206.406,216.51500000000001,220.57250000000005,209.2796,213.48238548977,214.33056430719031,-0.8481788174203189,3.1881201126172796,-4.036298930037598,26.502822982397888,220.57250000000005,241.4092902114478,199.7357097885523,41.6735804228955,0.02073952376246639,9.371859296482391,4.0742937746376215,-90.62814070351762,7.300000000000011,7.077857142857147,-10.578166094592795,-11.828051514219155,1205989.45,1.0269517697687987,-23.730000000000018,-26.909999999999997,-169.5150545553047,29.224689711115758,203.85,3.25,1.6201395812562314,1,0,0,201.81,201.8,206.33,1.764208037620483,197.49,1157205.0,30.441615590130468,203.85,1669281.0,33.65184155663658,214.12,1310283.0,44.72381706592756,224.33,1080494.0,62.34318520093558,227.51,1507909.0,78.08430809975721,0.9718709727430404,0.9094515408765823,0.9585262968774788,8.226690099912814,10.41839510572388,-1,-1,0,0,0,0
2025-08-15 01:19:21.305279,200.1,206.89,200.1,203.85,967828,203.982,214.079,220.129,209.16060000000002,212.00048002980537,213.5542262103614,-1.5537461805560326,2.2397468539826173,-3.79349303453865,31.757315258720453,220.129,242.02041903505835,198.23758096494163,43.782838070116725,0.12818764800194699,17.537688442211035,9.489112227805704,-82.46231155778896,6.789999999999992,7.047142857142859,-5.611890540352829,-10.674378861574871,1198252.6,0.8076994783904495,-12.120000000000005,-24.360000000000014,-133.0269782464139,35.00752135251699,205.69,1.8400000000000034,0.9026244787834209,1,0,0,201.72,197.23,207.29,2.9962893718740267,200.6,1238493.0,26.502822982397888,197.49,1157205.0,30.441615590130468,203.85,1669281.0,33.65184155663658,215.97,1295204.0,47.47128752770503,228.21,1149332.0,77.70042667864361,0.9993528840780068,0.9260479082719678,0.9746099408779664,6.2529569005394885,10.945709517529181,-1,-1,0,0,0,0
2025-08-16 01:19:21.305279,203.93,205.79,203.93,205.69,814167,202.296,212.12600000000003,219.4895,208.9184,211.02963694829688,212.97169093551983,-1.9420539872229483,1.403386685741504,-3.345440672964452,23.668639053254452,219.4895,242.3112296959692,196.6677703040308,45.64345939193839,0.1976675259974427,22.160804020100493,16.35678391959799,-77.8391959798995,1.9399999999999977,6.540714285714287,-3.9370446478610157,-8.671521179291359,1172563.9,0.6943476598588786,-8.430000000000007,-19.53,-107.20376817729492,32.376269762118696,201.81,-3.8799999999999955,-1.8863338032962202,0,0,0,201.8,203.26,198.93,2.2913162156292217,203.85,967828.0,31.757315258720453,200.6,1238493.0,26.502822982397888,197.49,1157205.0,30.441615590130468,214.12,1310283.0,44.72381706592756,225.22,543132.0,71.63556531284301,1.016777395499664,0.9371291109597498,0.9845470767534119,3.2528110919641424,11.4108648479846,-1,-1,0,0,0,0
2025-08-17 01:19:21.305279,205.82,205.82,201.14,201.81,1063051,201.888,209.39500000000004,218.6075,208.72259999999997,209.6112312639435,212.14489901437022,-2.53366775042673,0.6159757985078571,-3.149643548934587,22.11089998272587,218.6075,242.7603186216125,194.45468137838748,48.30563724322502,0.15226625796441856,13.134804573251794,17.61109901185446,-86.86519542674822,4.680000000000007,6.560000000000002,-1.0007358351729174,-11.919518156424582,1168290.05,0.9099204431296833,-2.039999999999992,-27.310000000000002,-105.92974689381695,26.024915919104743,201.72,-0.09000000000000341,-0.044596402556862105,0,0,0,197.23,206.93,198.05,3.485221657227131,205.69,814167.0,23.668639053254452,203.85,967828.0,31.757315258720453,200.6,1238493.0,26.502822982397888,203.85,1669281.0,33.65184155663658,229.12,1304308.0,72.5164858540736,0.9996136471707086,0.9231613736948642,0.9668814014390393,3.1349673044555186,12.076409310806254,-1,-1,0,0,0,0
2025-08-18 01:19:21.305279,201.4,204.86,199.12,201.72,1177020,202.734,206.94299999999998,217.56,208.70899999999997,208.39719568487527,211.372684272565,-2.975488587689739,-0.10231707873166233,-2.8731715089580767,24.907569566063458,217.56,242.76523003371958,192.35476996628043,50.410460067439146,0.18577949935768803,13.122294372294355,16.1393009885489,-86.87770562770565,5.740000000000009,6.463571428571432,2.1418806015494405,-10.838048090523342,1163348.9,1.0117515046431902,4.22999999999999,-24.52000000000001,-98.2379033898995,26.859172097299265,201.8,0.0800000000000125,0.0396589331747038,1,0,0,203.26,206.12,195.45,3.871584946763365,201.81,1063051.0,22.11089998272587,205.69,814167.0,23.668639053254452,203.85,967828.0,31.757315258720453,197.49,1157205.0,30.441615590130468,226.24,1164472.0,67.02838063439066,0.9949983722513244,0.92719249862107,0.9665131834276434,2.0260380055677176,12.602615016859792,1,-1,0,0,0,0
2025-08-19 01:19:21.305279,202.15,203.57,198.77,201.8,1194904,202.974,204.69,216.531,208.65939999999998,207.38224250258673,210.66359654867134,-3.2813540460846014,-0.7381244722022504,-2.5432295738823507,23.990545597793982,216.531,242.57412447905713,190.48787552094288,52.086248958114254,0.21718063222701842,13.338744588744605,13.19861451143027,-86.6612554112554,4.799999999999983,6.541428571428573,0.5982053838484632,-10.043239869834618,1166890.7,1.0240067900104097,1.200000000000017,-22.53,-89.21198834814186,27.02877632971662,197.23,-4.570000000000022,-2.264618434093172,0,0,1,206.93,206.33,191.63,4.027571228420965,201.72,1177020.0,24.907569566063458,201.81,1063051.0,22.11089998272587,205.69,814167.0,23.668639053254452,200.6,1238493.0,26.502822982397888,224.33,1080494.0,62.34318520093558,0.9942160079616109,0.9319681708392794,0.9671263312364554,1.764208037620483,13.021562239528564,1,-1,0,0,0,0
2025-08-20 01:19:21.305279,199.64,202.43,191.68,197.23,1329290,201.65,202.81599999999997,214.9475,208.55739999999997,205.8203590406503,209.66851532284383,-3.8481562821935427,-1.3601308342005092,-2.4880254479930333,23.266475644699142,214.9475,241.66649610074563,188.22850389925435,53.437992201491284,0.16844749830429515,13.167259786476826,13.209432915838613,-86.83274021352318,10.75,6.577142857142858,-3.2474858964925213,-8.677131083020795,1167808.25,1.1382776239164263,-6.6200000000000045,-18.74000000000001,-100.91112825599777,25.96102250266091,203.26,6.030000000000001,3.057344217411145,1,1,0,206.12,207.29,190.65,1.5936530362671546,201.8,1194904.0,23.990545597793982,201.72,1177020.0,24.907569566063458,201.81,1063051.0,22.11089998272587,203.85,967828.0,31.757315258720453,215.97,1295204.0,47.47128752770503,0.9780808331267046,0.9175728957070912,0.9456868948308715,2.9962893718740267,13.359498050372823,-1,-1,0,0,0,0
2025-08-21 01:19:21.305279,197.4,208.62,197.4,203.26,1450698,201.16400000000002,201.73,213.8145,208.6566,205.426457649781,209.1938104841147,-3.7673528343336784,-1.8415752342271432,-1.9257776001065352,26.266519823788528,213.8145,240.49615423341774,187.13284576658228,53.36330846683546,0.30221428724646093,29.420731707317042,18.64224536084618,-70.57926829268297,11.390000000000015,6.775714285714287,-1.1813894695901634,-5.071922286568286,1185802.65,1.2233890689989604,-2.430000000000007,-10.860000000000014,-61.780823682956,25.861331534048503,206.93,3.670000000000016,1.8055692216865178,1,0,0,206.33,198.93,197.6,3.4916042158302814,197.23,1329290.0,23.266475644699142,201.8,1194904.0,23.990545597793982,201.72,1177020.0,24.907569566063458,205.69,814167.0,23.668639053254452,214.12,1310283.0,44.72381706592756,1.0104193593287067,0.9506371176884635,0.9741364519502378,2.2913162156292217,13.340827116708867,-1,-1,0,0,0,0
2025-08-22 01:19:21.305279,202.76,209.02,202.76,206.93,1283708,202.188,202.03799999999998,212.45250000000001,208.77100000000002,205.65777185750702,209.0261208186247,-3.3683489611176753,-2.14692997960525,-1.2214189815124255,32.531210421566854,212.45250000000001,237.48941916056583,187.4155808394342,50.07383832113163,0.3897128683328943,45.051698670605624,29.21323005479985,-54.948301329394376,6.260000000000019,6.612857142857146,2.5370397899013946,1.5109148883983383,1183241.4,1.0849079486231636,5.1200000000000045,3.0800000000000125,-39.40709393662017,33.39789581705527,206.12,-0.8100000000000023,-0.3914367177306346,0,0,0,207.29,198.05,200.23,4.463830193903487,203.26,1450698.0,26.266519823788528,197.23,1329290.0,23.266475644699142,201.8,1194904.0,23.990545597793982,201.81,1063051.0,22.11089998272587,203.85,1669281.0,33.65184155663658,1.023453419589689,0.9740059542721314,0.9911817254312141,3.485221657227131,12.518459580282912,1,-1,0,0,0,0
2025-08-23 01:19:21.305279,206.69,206.69,205.7,206.12,910896,203.068,202.901,211.05349999999999,208.84759999999997,205.72888387942905,208.81085260983767,-3.0819687304086187,-2.333937729765924,-0.7480310006426949,33.191803581318084,211.05349999999999,234.04030195700565,188.06669804299432,45.973603914011335,0.3926884216162918,44.28089543084945,39.58444193625739,-55.71910456915056,1.2300000000000182,6.530000000000003,2.181241324608371,4.369841510962578,1180583.75,0.7715640673522738,4.400000000000006,8.629999999999995,-34.640364368938556,33.928084463224664,206.33,0.21000000000000796,0.10188239860275954,1,0,0,198.93,195.45,198.04,5.280681774165655,206.93,1283708.0,32.531210421566854,203.26,1450698.0,26.266519823788528,197.23,1329290.0,23.266475644699142,201.72,1177020.0,24.907569566063458,197.49,1157205.0,30.441615590130468,1.0150294482636357,0.9766244103983114,0.9869397589438424,3.871584946763365,11.493400978502834,1,-1,0,0,0,0
