user_id,movie_id,rating
189,179,5
14,922,4
863,895,5
303,1153,3
465,169,4
763,515,4
1,271,2
142,463,3
29,748,2
603,56,4
871,347,5
301,98,4
398,483,5
923,1001,1
387,1,4
579,603,5
393,613,4
540,220,3
299,393,2
922,174,5
181,123,2
142,294,3
846,177,3
433,358,2
77,176,4
267,1035,4
593,25,3
234,243,1
327,357,4
72,521,4
95,491,4
16,172,5
624,544,4
556,173,3
793,1365,2
385,304,3
619,293,3
585,919,2
181,982,1
435,227,4
653,177,3
633,778,2
193,269,4
716,1039,5
846,565,2
896,281,2
354,498,4
205,268,2
506,665,2
634,756,3
833,578,1
781,483,5
195,678,3
425,22,3
572,9,5
269,514,4
804,154,3
96,79,4
422,219,4
654,431,4
497,510,3
327,219,4
113,742,3
405,161,1
655,708,3
932,154,5
75,1059,1
748,208,4
586,672,2
529,260,4
864,596,4
524,781,1
776,866,3
354,512,3
56,94,4
326,720,2
221,763,4
27,370,4
484,300,4
365,1420,2
220,340,4
496,174,4
442,276,4
864,178,4
145,411,2
121,515,4
936,3,4
339,380,3
778,219,3
532,242,4
328,1042,3
297,258,5
590,111,3
605,873,3
757,250,4
621,100,5
450,305,4
400,748,2
543,664,4
894,405,3
498,89,5
58,61,5
58,514,5
145,182,5
173,328,5
838,143,5
579,520,4
145,1292,1
482,328,4
173,329,4
299,1018,3
588,217,4
926,258,4
401,127,1
213,214,5
351,245,3
731,694,5
286,924,4
244,628,4
550,50,5
334,1011,4
537,206,1
362,347,5
758,452,3
462,271,1
130,118,4
80,886,4
930,190,4
517,105,1
637,1284,1
194,402,3
216,27,3
336,1188,3
846,732,4
551,235,1
799,286,5
457,151,5
351,327,5
840,52,3
437,91,3
119,52,3
269,665,1
932,1512,5
514,367,5
533,724,4
924,129,4
197,688,1
362,294,3
500,582,4
383,496,5
340,143,5
505,501,2
90,171,2
243,225,3
341,877,3
82,294,4
551,209,5
276,1006,3
343,536,4
456,490,4
936,1129,5
616,873,3
145,393,5
524,476,3
174,723,5
26,343,3
237,514,4
889,480,5
265,628,4
343,943,4
363,537,1
345,518,4
843,196,2
238,845,3
894,690,4
293,616,3
887,421,5
410,315,4
5,385,4
101,280,3
579,88,4
444,751,4
83,139,3
360,134,5
660,249,2
533,1147,3
407,215,3
88,261,5
379,63,2
374,504,4
393,623,3
747,1194,5
870,781,3
479,455,4
130,746,5
119,132,5
277,25,4
82,678,1
460,283,3
925,98,4
264,524,3
249,198,5
103,487,4
13,400,4
709,363,3
280,126,3
88,286,5
886,405,3
605,340,4
328,68,3
593,781,3
807,451,5
683,299,3
543,778,4
8,687,1
110,658,3
145,118,3
430,302,4
505,228,2
500,568,1
396,151,3
234,1458,4
707,216,3
642,931,4
427,874,5
727,108,3
887,1047,5
320,452,3
658,603,4
406,735,3
547,333,4
426,492,5
286,527,4
883,367,5
276,122,3
870,653,4
536,82,4
863,1234,3
887,1,5
711,1190,3
728,289,3
594,222,4
109,101,1
235,496,4
467,108,4
22,511,4
909,300,5
500,244,3
71,65,5
848,435,3
720,1176,5
287,246,4
18,269,5
201,665,2
303,1011,2
280,323,2
111,304,4
130,929,4
293,480,5
343,286,4
693,53,4
293,765,3
582,410,3
313,208,3
43,50,4
416,268,4
112,984,3
890,157,4
407,436,3
942,197,5
429,627,2
880,732,4
561,183,5
940,294,4
174,724,5
82,240,1
96,423,5
805,12,4
657,282,3
887,562,5
181,740,2
405,1074,3
666,182,4
922,382,4
666,192,4
525,276,5
564,127,4
288,276,4
763,1129,4
1,258,5
409,9,4
201,176,4
395,286,4
197,770,3
804,423,3
457,54,4
44,625,3
640,47,4
165,258,5
704,381,3
405,661,3
505,95,4
459,696,4
210,243,2
802,445,3
606,97,5
3,353,1
374,164,4
291,95,4
738,216,3
921,760,2
936,295,3
502,313,4
600,82,5
846,425,5
867,196,3
642,541,5
321,419,4
201,1163,1
373,399,3
472,465,3
405,726,1
291,834,3
303,582,4
119,181,4
903,1098,5
406,42,5
148,1012,4
277,221,4
932,54,4
5,397,2
158,125,3
181,871,2
201,895,3
393,577,4
157,1258,5
585,584,3
881,322,4
90,1201,5
280,663,4
197,22,5
747,726,2
409,528,4
773,354,2
87,414,3
45,151,2
805,541,3
472,378,4
162,117,4
497,405,3
668,333,3
201,1398,4
566,423,2
342,237,4
301,77,3
798,158,2
437,15,4
323,319,2
323,180,5
182,181,5
497,1210,4
560,654,5
905,1011,3
650,622,3
878,692,4
13,732,5
540,294,4
437,655,4
373,229,4
374,483,3
600,174,4
829,319,4
860,287,3
543,735,4
914,216,3
521,73,3
924,82,4
102,566,2
867,603,5
181,117,2
126,303,3
181,932,1
533,109,2
389,1286,5
201,1098,2
774,1016,3
694,181,5
225,566,4
1,231,1
621,585,4
405,778,1
923,9,4
450,530,3
559,174,4
322,479,5
903,64,5
548,14,1
13,853,1
532,1,5
328,232,3
677,740,1
727,248,5
627,546,3
201,77,2
7,608,4
10,129,4
802,299,4
921,8,3
69,117,4
286,728,3
305,475,4
823,692,4
130,47,3
158,1,4
655,23,3
831,326,4
60,1126,4
484,679,2
653,496,2
577,62,3
92,190,4
268,597,2
622,542,2
301,373,4
15,473,1
553,525,4
114,153,3
618,1032,2
709,92,4
178,809,4
253,132,5
864,466,4
416,217,4
931,313,4
747,235,5
401,1,2
702,687,1
334,408,4
606,477,4
416,443,5
10,652,3
532,266,4
308,396,4
716,208,5
234,286,3
880,181,5
814,201,2
276,92,4
56,623,3
894,281,3
916,1,4
653,176,3
75,222,5
275,662,3
299,167,3
130,761,3
387,1014,3
343,236,5
129,903,2
232,313,3
318,174,4
429,412,4
458,435,4
890,228,4
881,642,4
279,132,3
464,482,5
1,192,4
256,12,5
233,100,4
450,457,2
364,678,4
716,1203,2
222,17,2
863,362,1
429,768,3
378,485,4
527,211,4
928,114,5
709,98,4
560,151,3
276,1221,3
250,174,3
313,385,4
270,183,5
896,436,3
263,543,5
554,692,4
798,748,5
792,1,4
429,182,4
889,183,3
14,186,4
579,732,4
1,23,4
564,272,3
419,269,4
397,665,3
653,619,3
214,182,4
276,974,2
237,179,4
622,449,2
320,238,4
181,319,3
1,122,3
397,223,4
383,286,5
380,923,3
554,204,5
70,383,2
328,44,3
514,179,4
417,101,3
198,629,4
507,269,2
942,750,4
399,568,2
354,1241,4
327,156,4
698,988,1
655,1266,3
111,258,4
385,215,2
885,662,3
305,251,5
449,170,4
314,731,4
318,795,2
43,280,3
673,301,3
130,179,4
314,1028,3
23,549,3
13,416,3
527,1333,3
752,258,3
758,66,3
338,479,5
468,58,4
249,746,5
834,151,4
586,174,4
592,479,4
497,684,3
13,67,1
137,405,5
232,117,3
533,298,4
467,269,4
450,1119,4
387,217,3
392,333,4
828,116,4
308,85,4
92,794,3
724,271,2
782,1143,2
39,306,3
284,262,4
361,194,4
272,134,5
570,243,1
453,56,5
387,205,5
653,809,3
150,288,4
756,435,3
611,300,5
201,1208,4
21,322,3
417,496,3
707,499,4
436,218,4
913,8,2
460,20,4
418,258,5
658,735,3
761,148,5
776,440,2
6,481,5
301,651,5
644,457,4
796,178,3
752,327,5
574,327,3
328,347,5
379,736,4
90,721,3
292,115,4
256,595,4
648,323,5
99,210,5
506,363,3
63,1011,1
125,657,3
836,42,3
894,299,3
106,244,4
843,164,3
753,483,5
748,4,4
288,180,5
326,8,4
747,475,5
125,388,2
236,1039,2
276,1220,4
291,173,5
345,315,5
327,188,5
387,99,5
562,185,5
880,1053,3
699,15,1
200,1091,4
303,847,4
750,683,1
892,132,5
167,554,1
903,521,5
280,1133,3
783,292,4
885,953,3
368,379,4
303,455,3
276,300,4
616,347,4
305,181,4
288,272,5
405,1574,1
406,674,4
773,172,5
776,474,5
646,683,3
933,12,4
313,333,4
416,526,5
323,993,4
234,44,3
94,121,2
234,133,3
56,869,3
92,826,2
276,222,4
379,93,3
648,179,4
457,98,5
5,427,3
109,425,2
308,959,3
719,378,4
196,70,3
318,815,3
545,388,3
704,607,4
43,785,3
345,1016,3
716,22,5
826,1239,4
197,229,3
130,1016,4
33,678,4
632,622,4
409,965,2
746,181,5
328,651,5
194,783,2
64,636,4
943,151,4
450,630,3
551,824,1
70,568,3
230,427,5
493,475,3
89,212,3
916,484,4
537,953,3
630,465,1
293,553,3
751,578,4
780,286,4
936,325,5
848,517,5
425,32,3
405,1246,1
512,258,3
806,433,4
41,56,4
880,471,4
745,202,3
207,4,4
102,827,2
758,355,4
833,443,3
255,245,1
58,168,5
257,531,5
663,741,4
40,316,3
454,323,2
681,292,4
881,108,3
424,276,2
591,196,4
804,151,3
478,134,2
589,313,5
429,281,3
285,185,3
536,304,3
26,328,2
293,28,3
194,790,1
857,294,3
881,50,3
102,445,2
280,315,5
306,100,4
671,356,3
198,121,3
709,823,3
302,323,2
763,69,4
85,289,3
83,720,4
238,1258,1
330,97,5
483,432,3
903,127,5
655,8,3
437,97,3
85,180,4
70,181,4
405,466,1
90,143,5
652,282,4
450,111,4
814,219,4
270,509,3
158,550,3
423,347,3
940,194,5
823,475,5
393,142,4
488,259,1
159,118,4
478,11,4
276,189,4
608,848,4
5,25,3
871,511,2
276,653,5
458,513,4
710,282,2
409,520,2
152,117,4
447,56,5
378,724,3
122,28,4
188,144,3
796,530,3
85,64,5
566,156,4
409,482,4
263,82,4
311,185,2
933,153,3
82,770,4
366,573,5
385,865,4
269,50,3
345,98,5
634,15,4
380,69,4
305,863,4
623,642,3
807,1066,5
504,384,2
619,233,4
887,1012,1
276,104,1
777,652,5
643,519,4
943,399,1
223,69,5
38,627,5
504,612,4
51,496,4
501,288,4
76,1071,3
620,15,5
313,625,4
521,156,4
882,1015,3
934,86,3
437,652,4
405,517,3
198,154,4
295,1297,4
325,133,3
449,61,5
909,224,5
21,240,4
759,1016,5
80,86,5
109,100,4
699,482,2
94,674,3
527,433,4
350,179,5
935,9,1
836,419,2
916,144,3
104,100,4
58,1101,5
416,924,5
588,566,2
844,294,2
745,188,3
770,100,5
397,14,3
537,111,3
874,357,5
749,209,4
334,529,5
521,748,3
661,131,3
559,69,5
330,11,4
831,181,5
200,304,5
194,29,2
506,430,4
678,276,5
83,364,1
318,485,5
330,209,3
502,333,4
638,550,5
164,9,4
836,187,5
59,479,5
576,815,3
271,89,3
314,756,3
682,11,4
694,211,5
260,1105,5
13,225,2
711,1163,4
650,205,4
495,433,4
622,769,1
804,982,4
606,237,4
933,710,2
284,900,4
911,588,4
629,200,4
857,898,5
356,292,3
493,170,3
747,481,5
455,79,4
601,504,4
642,96,5
933,411,2
92,449,3
381,529,5
239,462,5
653,197,3
455,250,3
182,111,4
655,806,3
305,61,4
825,746,5
548,15,2
653,156,4
283,194,4
474,602,3
561,1294,1
96,1232,5
847,191,4
449,473,3
435,161,3
932,516,5
727,356,3
498,192,5
554,951,3
339,523,5
485,286,2
548,234,4
85,28,4
238,252,3
92,108,2
770,288,4
450,1521,3
288,98,5
194,744,3
305,469,2
269,507,4
593,580,1
553,611,5
288,318,4
450,520,5
429,209,4
536,172,5
705,284,3
642,44,3
632,705,5
221,258,1
198,228,3
864,373,2
870,70,4
860,517,4
919,140,5
115,33,4
566,742,3
380,416,2
682,94,3
682,423,5
653,737,1
793,288,4
496,705,2
5,267,4
342,531,3
525,237,4
850,8,5
234,463,4
254,542,3
295,241,5
84,756,3
592,501,4
158,652,4
311,559,2
101,756,3
59,610,4
598,258,5
429,338,3
223,216,5
148,713,3
283,291,2
109,472,2
194,399,2
374,526,4
450,942,5
943,625,3
753,71,5
823,401,4
782,351,3
510,259,2
655,65,2
463,224,3
18,135,3
123,606,3
178,751,4
405,196,1
523,97,4
524,724,3
10,611,5
85,735,3
472,71,2
934,414,5
696,1176,4
130,290,3
455,744,3
189,166,4
62,276,5
892,90,2
627,144,2
642,118,3
875,50,5
807,133,5
81,928,4
33,258,4
472,204,5
896,632,2
260,1025,5
506,140,3
380,60,4
405,1305,1
59,670,4
654,1,4
640,382,4
721,222,5
881,663,5
531,288,1
708,678,2
778,132,2
160,135,4
458,273,4
344,117,3
773,522,4
530,535,4
385,131,4
840,606,4
297,275,5
846,143,5
846,672,4
56,449,5
524,111,5
608,234,5
883,257,5
447,411,2
790,210,4
567,170,3
102,541,2
373,178,4
250,325,4
234,479,5
812,294,5
220,333,3
249,64,5
120,257,2
862,99,4
429,746,3
450,151,5
305,357,5
507,405,5
207,462,3
504,195,4
373,88,4
707,1109,5
532,898,4
135,581,4
226,258,5
200,588,5
189,9,3
144,244,3
682,333,4
666,11,4
472,226,5
83,95,4
504,205,3
606,678,3
167,568,3
138,357,4
592,3,4
311,170,5
160,955,4
556,178,5
885,1061,2
592,425,5
24,11,5
773,184,2
586,808,3
453,367,2
332,240,4
639,14,5
244,581,4
463,288,1
244,278,3
267,182,5
892,194,4
488,333,4
235,520,4
648,29,2
655,287,3
857,348,1
127,62,5
821,100,2
258,332,5
541,111,1
619,302,4
308,208,4
54,1012,2
340,946,5
90,286,5
547,313,5
790,774,4
321,657,4
321,135,4
229,349,4
328,8,3
557,305,3
682,881,3
587,1624,2
28,209,4
246,423,3
438,476,5
588,100,1
754,477,5
23,530,4
465,134,4
530,815,4
654,8,5
566,127,5
591,732,3
932,399,4
64,95,4
409,890,1
508,50,5
624,313,5
303,636,3
555,252,5
847,243,1
896,479,3
161,70,3
311,588,4
158,290,4
341,1025,5
931,275,5
76,343,3
263,269,4
788,157,5
562,174,5
586,742,3
561,214,3
406,506,4
560,429,3
293,866,3
573,134,4
297,213,3
932,671,3
883,386,3
463,306,4
532,721,4
178,1048,2
778,168,5
652,288,2
311,193,5
592,410,5
715,150,4
472,27,4
542,531,4
263,423,5
643,481,4
178,735,5
425,435,3
207,554,2
110,233,4
627,64,5
608,660,5
572,277,1
18,705,3
17,125,1
371,234,5
389,490,3
682,21,4
790,17,2
164,406,2
853,304,4
788,200,4
553,527,3
892,625,3
930,137,2
796,755,4
286,1504,4
416,929,4
64,582,4
770,323,5
291,1219,4
896,720,1
653,50,5
330,208,5
790,85,3
59,491,4
930,410,3
826,4,4
174,80,1
543,432,4
774,150,1
216,215,5
43,539,3
458,582,1
280,140,4
758,735,5
406,971,3
194,185,4
343,174,5
224,720,4
458,302,5
843,563,2
320,808,4
917,248,4
727,553,2
498,657,3
406,629,3
758,605,3
592,50,5
624,25,4
286,1105,5
264,234,4
163,433,1
671,172,5
500,93,4
429,228,2
361,367,3
319,350,3
268,381,3
90,170,5
606,93,4
425,1419,3
560,136,3
903,183,4
294,1012,4
410,340,2
782,886,3
280,1114,4
344,431,3
593,655,3
880,1002,3
279,95,3
647,496,4
279,30,2
131,14,5
428,690,5
291,975,2
460,250,2
655,1311,3
246,411,3
234,151,3
295,56,4
653,79,4
889,144,4
189,16,3
624,1067,4
535,836,5
70,48,4
328,167,3
497,780,2
456,1248,3
503,224,3
244,1047,2
294,237,4
749,185,4
327,168,4
161,50,2
522,135,5
598,895,2
614,841,2
753,69,4
624,346,3
236,546,4
198,172,4
655,636,3
798,132,4
698,707,2
11,663,4
592,475,5
72,98,5
405,402,3
793,151,5
130,403,5
666,498,5
753,211,4
438,181,4
23,211,4
10,319,3
2,269,4
650,88,3
145,974,1
393,823,3
688,349,5
569,979,3
506,380,4
655,995,3
250,687,1
417,117,4
328,983,3
293,22,3
355,360,4
207,69,4
540,125,3
303,98,5
884,213,4
862,238,4
286,778,5
359,323,3
94,642,4
537,649,3
588,278,5
616,323,4
117,176,5
644,100,4
405,1405,1
655,805,2
375,288,4
864,443,4
13,483,5
87,550,4
269,527,5
454,1035,3
1,233,2
682,553,3
293,193,3
532,267,3
896,450,1
363,185,5
334,675,4
622,142,3
16,498,5
328,344,4
174,158,2
7,618,4
133,750,4
276,1213,1
31,175,5
207,527,4
515,313,4
541,584,3
870,384,3
519,328,2
480,257,4
868,161,2
535,483,5
524,554,4
722,476,4
417,823,2
318,8,4
810,321,5
474,414,4
932,47,4
102,768,2
184,69,3
279,1492,4
276,755,3
886,558,3
31,153,4
216,651,5
798,1411,1
453,17,4
476,655,4
458,187,5
622,474,3
663,243,3
484,468,5
113,288,3
794,557,4
659,489,4
624,876,3
286,272,5
638,410,4
890,211,2
181,887,1
804,307,4
75,756,2
560,249,5
751,21,5
430,100,5
881,274,3
888,869,4
718,300,5
56,79,4
826,511,3
738,230,4
94,208,4
889,731,2
454,8,5
70,584,3
62,511,4
246,215,2
247,70,5
429,23,4
361,97,4
95,289,2
19,382,3
391,176,3
793,628,3
649,291,5
192,269,3
321,191,3
648,448,3
416,71,4
782,749,4
62,699,4
758,665,2
165,222,5
57,151,3
257,1160,4
158,38,4
883,265,3
189,79,3
109,234,4
184,252,2
871,360,3
887,718,1
308,97,1
351,984,5
159,988,3
392,197,5
606,293,5
833,614,2
287,181,3
23,522,4
399,526,3
6,100,5
796,187,5
860,307,3
561,739,2
116,199,4
393,147,5
222,276,5
634,1008,2
633,28,4
57,975,3
13,194,5
308,657,4
806,288,3
787,305,3
337,450,2
676,245,4
916,650,4
151,703,4
699,124,4
802,234,5
804,480,5
840,845,5
715,53,1
712,1055,4
586,69,4
532,795,2
730,322,1
224,1401,1
336,762,5
529,270,4
864,294,4
393,94,4
932,210,4
429,843,1
472,161,5
880,194,5
916,824,3
758,364,4
417,42,4
38,118,5
881,434,2
804,167,3
334,1241,2
87,585,4
275,117,3
659,43,4
279,222,1
398,523,4
144,455,3
389,483,5
234,213,3
163,98,4
301,562,3
299,895,2
354,308,4
839,255,3
327,451,4
628,1296,5
154,479,4
806,254,3
92,265,4
655,354,2
843,225,2
738,98,4
783,331,3
897,11,2
184,1396,4
132,100,4
454,86,2
328,554,3
116,299,3
234,921,4
85,478,4
381,212,5
346,147,4
142,28,4
540,111,4
920,346,4
385,811,4
378,277,4
42,216,5
257,165,4
479,108,4
839,258,4
293,1,2
463,246,4
89,137,1
308,293,4
382,180,5
405,468,3
591,210,3
897,172,4
887,151,5
185,205,3
396,717,3
481,283,5
472,1239,5
114,855,3
666,70,4
590,546,1
230,371,4
749,232,4
10,699,4
276,195,5
533,921,2
145,1051,2
621,174,3
601,125,1
343,257,3
56,70,4
463,741,1
393,751,2
128,190,4
868,762,4
320,869,4
10,127,5
654,195,4
537,98,3
458,484,5
716,696,2
519,351,5
269,531,5
739,79,4
896,1522,2
721,687,3
136,15,4
130,79,5
805,33,5
807,222,4
417,684,3
178,877,2
608,886,1
363,566,3
660,826,3
435,265,3
622,373,1
669,302,4
682,1221,3
601,284,4
477,280,4
730,276,3
882,692,4
851,818,2
854,664,4
474,77,5
83,527,4
207,12,3
372,77,5
864,93,3
274,25,5
342,517,5
647,1063,3
25,430,4
119,121,4
106,22,4
363,93,4
130,258,4
152,319,2
495,679,3
213,50,5
766,192,4
441,288,2
276,173,5
654,969,5
233,212,5
880,467,4
18,214,4
642,140,3
489,887,2
646,682,3
610,591,3
932,497,5
339,233,1
83,929,3
95,153,5
889,402,3
280,693,3
222,441,2
416,724,4
235,692,4
253,22,5
525,595,2
843,275,3
405,771,1
838,705,5
758,131,3
314,724,2
867,182,4
534,7,4
291,245,2
137,250,5
394,383,2
417,340,3
430,328,4
749,1615,4
15,930,2
716,451,4
405,482,3
21,295,3
141,15,5
59,77,4
58,32,5
758,484,5
476,940,3
524,479,4
543,656,4
908,963,4
286,237,2
631,877,2
479,190,4
334,712,3
152,162,5
387,1091,1
128,482,4
207,1197,4
405,739,2
391,8,3
749,1440,3
325,483,5
130,816,5
314,795,4
130,426,4
592,116,4
608,427,4
435,39,3
455,255,2
425,257,3
659,188,3
224,991,1
651,127,4
662,276,3
25,615,5
235,1176,5
13,332,3
645,183,4
694,133,5
334,235,3
272,1101,5
738,260,2
116,259,4
291,755,2
592,328,1
442,367,2
444,912,4
17,237,2
47,323,2
429,1112,3
549,1047,3
406,453,2
400,294,3
707,185,3
795,419,3
592,24,4
118,193,5
916,172,5
303,430,4
541,139,3
639,300,3
7,503,4
70,230,4
921,237,3
546,413,4
593,591,4
472,651,4
21,328,3
181,1280,1
567,1012,3
509,181,4
670,1299,4
269,1006,3
60,493,5
804,609,3
518,546,4
862,977,4
369,346,4
550,254,1
92,101,2
234,116,2
896,713,2
851,806,4
334,525,5
303,1230,1
113,286,4
296,297,4
782,873,4
653,69,4
603,89,5
10,283,4
537,1445,3
96,645,5
782,1384,3
682,1153,3
409,1050,4
633,237,4
655,574,2
198,135,5
158,172,4
442,403,4
263,188,5
922,810,4
181,1,3
109,380,5
475,347,4
466,96,5
575,318,5
393,356,3
880,1468,4
892,470,4
791,331,1
366,758,3
269,664,5
634,690,3
738,204,4
558,15,3
387,53,4
564,685,3
13,737,4
495,219,4
87,427,4
299,998,2
880,210,4
851,760,4
10,505,4
727,67,4
521,161,2
380,664,3
276,751,4
250,184,1
937,236,4
7,216,4
389,64,4
545,627,3
923,334,5
599,535,4
315,187,4
535,135,3
305,14,4
669,235,2
474,605,3
712,72,4
313,265,4
812,358,3
7,481,5
843,1065,3
278,752,5
295,238,4
168,118,4
567,498,4
354,311,5
782,344,3
378,875,3
308,11,5
167,169,1
11,405,3
18,221,5
318,282,4
757,550,3
298,202,3
655,226,3
363,603,4
487,318,3
762,955,5
381,961,3
92,186,4
804,28,4
200,501,4
454,210,4
105,343,2
416,50,5
760,65,2
404,243,3
894,638,3
284,269,4
514,432,4
6,59,5
323,248,3
537,180,4
796,258,4
887,477,1
295,421,4
627,12,4
63,268,3
425,157,2
349,744,2
882,1,5
664,100,5
943,111,4
314,562,4
102,172,3
234,1123,3
699,50,3
804,1050,3
738,568,3
514,651,4
263,96,4
543,226,4
642,1415,4
305,166,4
332,983,2
250,328,3
280,31,4
782,989,3
130,597,4
862,173,5
353,346,4
349,105,2
674,288,3
5,424,1
429,117,4
813,310,4
774,405,1
897,510,3
935,125,4
13,22,4
387,1097,3
627,720,2
561,77,1
493,7,3
168,281,2
842,874,5
54,276,5
669,121,3
554,56,4
385,61,2
394,63,4
314,111,4
563,403,4
197,328,4
59,468,3
834,282,4
210,105,3
7,673,3
6,285,3
87,127,4
416,662,4
416,833,3
506,228,5
381,847,4
868,133,2
734,423,4
561,100,4
848,739,5
334,846,3
468,856,4
843,83,3
293,895,3
321,736,4
514,13,3
373,1188,3
707,739,2
158,174,5
628,326,5
152,286,5
194,1183,2
18,660,5
398,49,3
405,625,3
476,384,4
403,866,4
436,172,3
119,1160,5
561,4,3
939,993,4
148,169,5
903,214,4
774,365,2
450,63,4
271,148,3
43,820,2
896,1045,3
788,53,1
561,436,4
148,969,4
661,972,3
932,183,4
514,274,4
398,185,5
230,969,4
250,1199,3
11,301,4
495,642,4
387,317,4
521,100,3
833,428,2
691,8,2
676,313,4
270,553,1
218,98,5
766,403,3
387,513,5
702,538,4
835,654,5
478,79,4
187,694,5
92,947,4
73,514,4
268,169,5
409,478,4
623,525,4
682,232,3
110,692,4
276,44,3
868,455,5
198,410,1
566,467,3
514,568,4
480,1121,4
551,216,5
665,566,2
119,655,5
705,560,2
479,655,4
85,95,4
322,127,4
13,308,3
823,180,4
807,1615,4
292,207,5
403,864,4
815,686,5
222,25,3
13,898,1
503,26,2
450,1208,3
276,655,4
523,72,4
21,995,2
454,316,4
823,606,4
313,649,3
125,22,5
533,58,4
234,527,3
943,568,3
174,1313,4
815,83,4
933,172,2
398,211,4
340,173,5
881,121,5
194,143,3
43,755,3
896,198,4
346,288,2
62,582,4
919,318,5
1,154,5
536,176,3
347,252,2
262,132,3
429,128,3
80,205,5
416,1014,3
727,627,3
504,1093,1
293,824,3
795,705,4
433,300,3
239,382,3
323,544,4
42,211,4
130,1017,3
833,30,4
23,8,4
802,670,4
826,1110,4
789,127,5
480,56,4
821,1060,5
877,185,4
168,295,4
463,244,4
303,531,4
659,578,3
747,215,5
430,164,3
456,56,5
354,694,5
456,289,4
796,23,2
437,674,3
118,654,5
476,186,5
15,274,4
529,309,3
863,286,5
541,477,4
303,141,3
293,85,3
181,844,1
774,831,2
616,327,3
181,919,1
43,1055,2
868,145,1
766,436,4
795,550,3
751,302,4
429,1011,4
745,480,3
718,121,4
749,571,3
437,698,2
519,1592,5
336,628,3
323,223,4
422,117,2
711,157,3
448,1294,1
296,79,4
158,116,5
815,9,4
354,199,4
387,31,3
102,993,2
181,990,1
269,148,1
621,539,1
82,222,3
94,496,3
359,298,5
255,185,4
327,160,4
606,925,4
535,629,4
853,887,2
11,725,3
474,482,3
751,226,3
523,166,4
176,286,2
637,149,2
144,31,3
838,497,5
624,833,4
691,692,5
699,244,3
536,727,3
104,10,2
524,181,3
572,100,3
659,178,5
253,699,4
315,301,2
226,179,4
141,249,2
914,381,3
450,239,5
374,642,1
518,920,3
708,873,5
398,70,4
328,750,4
294,245,3
269,515,4
883,212,5
786,238,4
889,196,5
178,1314,3
555,285,5
423,591,5
871,750,3
363,77,2
805,432,5
99,619,4
592,1059,3
327,875,4
468,8,4
853,258,3
354,7,4
229,937,2
62,774,1
885,418,4
705,699,5
269,1005,4
174,168,1
352,210,3
174,237,4
907,1047,5
268,222,4
405,571,5
214,253,5
693,631,3
316,174,1
442,928,3
708,471,4
450,968,4
664,659,5
334,531,5
492,242,5
483,181,4
72,51,4
592,61,4
629,241,5
692,1132,4
606,527,4
534,628,5
537,582,3
524,845,5
487,55,5
313,204,4
250,89,4
551,84,1
450,210,3
755,258,5
339,383,1
340,486,4
756,123,2
407,2,4
892,951,4
892,89,5
579,1446,2
95,392,3
663,11,5
863,690,4
85,1171,3
84,1,2
44,553,3
498,425,2
712,95,4
334,591,4
1,211,3
175,508,1
16,164,5
385,954,4
361,148,1
119,86,4
524,1540,2
717,302,5
59,243,1
297,237,4
896,11,2
796,176,5
56,189,4
637,410,2
195,93,3
145,209,4
2,237,4
835,210,5
907,277,5
907,98,5
806,484,4
497,840,3
518,126,4
59,285,4
399,423,3
804,185,4
709,79,3
7,357,5
619,406,2
493,188,5
6,182,4
897,227,3
58,70,4
486,880,5
694,498,5
918,1171,4
333,300,4
70,496,4
297,1296,4
660,419,2
607,950,3
411,88,3
606,129,3
255,879,3
659,121,4
922,77,4
95,485,5
683,607,5
654,423,4
646,1022,4
555,288,3
102,185,3
201,22,2
484,4,4
58,408,5
865,302,5
645,172,4
426,524,4
456,662,4
834,333,5
774,22,2
709,217,5
189,596,3
276,1109,3
354,98,3
524,216,5
64,419,2
207,73,3
795,514,4
405,1029,1
549,282,3
54,346,4
200,419,4
910,298,2
130,418,5
889,405,2
807,831,4
839,121,3
301,51,4
664,186,5
738,28,4
58,237,4
608,499,4
343,241,3
450,221,4
8,11,3
889,191,4
491,1281,3
87,229,4
194,127,5
311,322,4
890,179,5
592,472,1
934,183,2
56,225,2
373,735,5
594,126,3
70,217,4
655,11,2
586,790,3
746,56,3
270,466,5
798,377,3
507,895,5
458,330,3
795,219,3
216,274,3
145,760,2
43,631,2
254,451,2
509,302,5
271,69,4
230,265,5
273,902,5
347,655,5
751,117,4
751,85,3
466,98,3
468,411,3
454,651,4
518,123,2
751,381,1
7,545,2
618,785,3
773,210,2
623,283,4
332,328,5
543,216,4
232,44,4
693,378,2
339,288,3
383,100,4
250,333,4
571,194,3
184,521,4
756,1119,4
46,245,3
326,48,3
916,219,3
310,1022,5
346,186,3
619,307,2
500,1469,1
599,682,4
537,1154,1
660,680,2
939,405,4
56,235,1
346,1018,3
923,456,4
648,758,2
188,13,4
14,121,3
13,95,5
749,322,4
254,843,2
864,44,4
450,921,4
310,748,3
399,720,3
373,707,4
80,269,3
632,196,3
327,710,4
177,806,4
393,373,4
299,959,2
426,197,4
389,124,4
659,708,3
620,240,5
739,187,4
312,607,5
536,405,2
763,60,5
943,219,4
10,124,5
33,300,4
870,939,3
632,79,5
830,310,4
655,1506,3
486,258,5
704,655,3
301,151,2
664,79,4
18,610,4
922,175,3
455,382,3
294,471,4
590,1061,2
854,1028,2
588,110,3
63,284,3
157,111,3
450,194,5
781,474,5
548,326,4
101,255,4
378,787,3
189,157,4
529,873,4
438,864,3
326,67,2
97,357,5
796,553,4
343,231,5
73,923,3
342,656,5
555,236,5
416,353,2
14,524,5
194,216,3
803,538,4
900,871,1
257,286,5
13,602,4
197,808,3
200,596,4
943,55,5
313,226,4
932,55,3
391,483,3
410,347,1
435,163,3
760,98,3
616,689,4
401,312,3
815,1299,3
295,143,4
934,83,4
682,73,5
642,234,1
13,637,2
268,627,3
151,419,3
409,79,4
642,732,4
326,615,4
823,640,1
12,191,5
234,1100,2
276,413,3
300,294,3
883,173,4
870,210,4
536,385,4
443,258,5
59,86,3
788,540,3
453,125,3
479,131,3
60,495,3
927,8,4
259,255,4
200,7,4
363,816,1
95,471,5
682,699,3
417,250,4
452,504,2
825,276,1
618,7,4
741,790,3
506,248,2
658,56,5
943,23,4
881,651,5
110,575,3
623,181,5
878,755,2
916,380,2
437,131,5
538,223,4
405,403,5
254,501,3
7,367,5
707,747,3
442,177,4
354,285,5
327,33,3
10,155,4
870,722,2
732,305,2
332,342,4
868,237,1
536,404,4
348,243,3
145,96,5
191,270,3
125,996,3
417,732,4
553,100,5
774,436,2
380,318,4
682,801,3
44,98,2
428,879,4
299,294,2
28,229,2
486,279,4
100,1233,3
486,50,5
417,403,4
606,655,4
216,95,3
637,147,1
472,175,5
537,61,4
650,780,2
670,232,3
741,174,5
693,199,3
897,205,3
130,358,4
406,24,3
390,283,4
389,504,4
460,870,2
125,508,1
201,435,4
804,237,4
749,380,3
424,259,2
592,319,4
474,131,4
406,524,4
845,751,2
280,1048,4
125,87,5
7,641,5
21,17,4
788,286,5
450,1147,4
25,174,5
347,286,3
588,7,3
936,289,5
498,554,3
521,188,4
38,526,1
921,603,3
443,39,1
896,735,3
297,751,4
280,697,5
367,5,4
28,429,5
249,50,4
328,474,4
381,259,2
671,273,4
77,144,3
456,346,5
68,25,4
439,1600,5
382,235,5
628,8,2
407,231,3
883,1288,4
276,209,4
892,178,5
629,886,3
479,222,4
70,946,3
805,168,5
457,169,5
393,644,3
804,636,3
536,389,5
521,89,3
339,1153,4
602,9,4
776,549,5
819,340,5
542,80,3
472,1091,4
463,1163,4
655,4,2
457,226,3
883,713,3
222,1439,3
932,657,5
613,603,5
465,529,3
303,23,5
267,209,5
704,519,3
116,191,4
201,559,2
666,684,4
417,207,4
433,273,3
487,237,4
363,675,3
452,223,5
93,118,3
311,553,3
807,1063,4
399,93,3
694,127,5
197,373,1
440,582,3
54,595,3
807,139,2
423,471,3
573,258,4
568,519,3
405,233,1
217,568,4
845,1592,3
18,284,3
200,225,4
311,505,4
278,525,5
642,383,5
350,657,5
440,198,4
835,427,4
506,1073,4
454,111,1
896,172,5
693,215,4
181,1330,1
264,345,4
178,25,3
592,178,5
758,291,4
94,338,4
457,175,5
389,286,2
512,1,4
378,326,3
738,177,4
416,285,2
301,276,1
348,934,4
193,332,3
573,427,4
374,832,1
711,48,4
665,156,5
311,8,4
313,67,1
548,305,1
889,165,3
873,286,2
367,565,2
450,422,3
894,909,3
712,623,4
376,223,4
170,749,5
653,388,2
582,151,4
1,159,3
668,538,5
435,185,4
458,21,2
586,696,3
22,683,1
7,136,5
423,333,3
918,995,3
456,97,4
916,318,4
274,815,3
318,215,2
883,98,3
524,965,4
385,496,2
918,507,5
664,566,4
639,196,3
796,542,3
269,411,1
896,1214,2
86,1175,5
707,160,5
389,65,4
880,1296,3
872,597,4
346,91,1
836,288,1
239,434,5
18,633,5
675,650,5
85,416,3
506,28,4
913,189,3
706,245,3
532,357,5
4,264,3
631,338,2
598,538,4
323,282,3
87,300,3
507,1016,5
347,841,3
170,687,3
550,405,4
718,744,3
660,217,2
71,50,3
896,318,4
92,201,3
360,1149,4
342,606,5
7,172,4
269,378,3
936,343,3
433,302,5
659,385,5
537,300,1
211,876,2
872,864,3
642,377,3
221,53,4
629,991,1
680,815,3
436,787,5
759,678,2
919,277,5
55,89,5
612,1063,5
417,1039,3
854,508,4
292,265,4
586,427,3
600,947,4
561,473,3
234,417,3
840,285,4
434,347,1
698,1020,2
864,588,3
405,50,5
621,926,3
537,89,4
796,168,5
95,62,4
343,186,4
445,87,3
314,717,3
237,28,4
866,321,3
705,79,5
303,849,3
7,217,4
614,9,4
567,1252,3
3,321,5
217,578,5
585,730,3
129,302,4
184,396,3
825,116,3
404,690,5
318,158,5
283,435,5
920,332,3
561,343,4
226,509,4
329,199,4
293,255,3
5,181,5
385,144,3
312,28,4
326,474,5
779,255,4
398,178,5
158,127,5
747,584,5
326,527,5
703,410,4
181,335,1
171,340,3
790,384,2
6,216,5
184,956,3
870,100,4
291,404,4
374,239,4
429,457,1
474,211,5
897,368,1
176,345,5
173,332,4
557,875,4
92,802,2
697,246,5
416,218,3
650,552,4
752,294,3
412,318,5
374,225,3
851,298,5
38,326,5
503,443,5
268,432,3
757,399,3
632,451,4
880,849,3
435,1552,3
505,79,3
240,340,4
457,871,1
463,1605,2
835,509,4
416,708,4
804,162,2
850,490,5
293,285,5
303,631,4
200,465,4
747,492,4
57,1095,2
458,980,5
846,233,5
432,50,5
236,210,2
94,410,4
442,318,4
712,785,5
64,436,5
213,172,5
710,286,4
59,56,5
886,2,4
659,367,3
901,91,1
883,372,3
435,258,4
279,94,3
468,475,4
354,855,4
458,952,2
794,100,5
882,1060,3
450,161,5
678,1,5
343,408,5
406,692,3
349,10,5
534,333,5
294,355,4
826,68,3
194,367,3
577,140,4
911,507,4
387,189,5
268,211,4
749,125,5
767,300,4
869,240,4
594,483,3
932,652,3
788,696,3
437,479,5
846,585,2
711,91,4
153,357,5
903,188,5
60,443,4
94,404,4
221,568,4
898,358,4
271,197,4
567,650,4
113,126,5
557,750,4
382,50,1
771,15,5
606,91,5
514,405,2
714,111,3
349,471,3
598,690,3
236,1328,4
452,371,3
378,470,3
551,864,5
373,190,5
398,495,4
496,196,3
826,435,4
679,322,3
14,428,4
831,150,3
705,210,5
186,742,3
417,800,2
405,449,1
523,213,5
193,300,4
249,182,5
236,199,4
738,141,3
137,685,5
606,825,5
380,228,3
60,491,4
389,174,4
593,501,2
577,196,5
200,48,2
872,290,2
56,946,4
195,921,3
435,376,2
327,962,3
579,676,3
516,902,5
707,882,4
450,783,3
918,485,3
503,204,3
158,810,4
232,170,5
468,160,3
160,628,3
655,274,3
621,298,4
407,510,4
42,387,3
327,418,3
718,1047,3
331,947,5
72,647,1
7,380,4
732,288,4
795,367,3
115,69,1
654,257,4
316,197,4
43,217,2
686,179,5
452,132,2
709,293,4
782,1394,4
328,1021,3
815,1039,5
539,133,4
913,469,3
833,673,4
184,20,4
343,121,2
327,405,2
903,276,5
838,114,4
733,297,3
804,1056,4
504,212,4
864,38,3
450,387,5
439,288,3
250,993,5
545,451,3
346,4,4
763,25,4
904,202,2
176,319,3
194,215,3
638,202,3
13,320,1
286,1316,5
195,265,4
254,457,2
693,48,5
69,175,3
279,170,3
90,568,5
67,1,3
843,582,2
708,756,2
417,452,2
264,676,3
618,1063,3
506,479,4
350,23,5
859,458,3
890,258,3
830,288,1
521,208,3
234,1369,3
499,357,5
496,495,3
715,118,2
809,319,3
455,523,4
543,466,4
551,288,4
325,737,4
394,184,3
887,87,5
401,428,4
660,786,1
419,191,4
43,1,5
727,2,4
941,993,4
506,1279,4
346,121,4
44,144,4
727,206,3
508,121,2
404,269,4
221,59,2
406,606,3
59,664,4
95,282,4
537,486,3
782,300,4
493,173,4
665,216,4
875,358,3
122,1267,4
429,282,3
73,89,5
719,274,3
890,193,4
401,815,3
903,427,5
942,478,5
578,343,2
289,477,2
561,191,3
716,735,5
469,490,5
655,121,3
533,176,1
773,204,3
294,825,3
828,60,4
207,82,3
5,176,3
748,153,4
805,629,3
294,1016,4
58,176,4
774,421,1
294,264,2
97,194,3
880,657,4
551,572,1
405,1044,4
275,142,2
121,122,2
889,77,3
339,101,3
738,393,3
521,427,3
838,302,4
796,63,3
359,268,4
901,195,5
500,611,5
758,1159,5
503,607,5
480,165,5
451,262,1
607,238,4
37,195,5
679,100,3
919,327,4
655,284,2
548,12,5
524,654,5
342,197,4
843,528,3
271,1120,2
246,420,3
372,635,5
201,340,5
666,636,4
846,627,4
896,744,3
706,237,4
919,98,5
665,31,3
210,4,4
497,743,3
90,175,3
931,900,4
82,820,3
326,611,3
552,151,3
899,428,4
450,38,4
293,588,3
661,181,5
806,879,3
296,510,5
660,483,4
705,252,1
917,535,4
403,284,1
436,265,3
222,313,4
320,692,4
504,4,4
70,542,2
539,962,4
416,211,5
458,1338,3
167,126,3
847,820,1
115,466,5
270,145,3
757,117,4
892,191,5
588,720,4
492,521,5
852,407,3
916,48,5
256,51,4
90,307,5
776,195,3
905,471,4
158,222,3
608,1119,5
880,226,4
385,256,4
116,1082,3
751,856,2
10,656,5
344,9,5
764,742,3
445,302,1
878,949,3
646,307,3
342,274,2
94,192,4
690,234,4
4,294,5
222,2,3
647,405,4
275,257,3
399,53,4
515,323,3
318,385,4
207,696,3
474,744,3
749,472,4
907,1119,5
413,877,3
357,283,5
499,257,5
343,159,2
466,350,4
577,425,2
395,1028,2
118,210,5
533,91,2
474,929,3
690,64,5
157,475,3
407,209,5
144,527,5
864,1217,3
699,1643,3
932,178,5
698,174,3
72,1147,5
388,845,4
450,597,4
731,510,1
94,813,5
435,159,5
405,1139,1
457,192,5
763,213,4
634,122,3
326,484,5
704,178,5
833,1029,1
253,79,5
347,284,3
325,177,5
269,211,4
483,20,2
823,127,5
631,286,3
796,315,5
102,118,3
331,811,4
684,520,4
848,428,5
850,648,5
114,180,3
295,105,4
840,756,4
77,357,3
350,183,3
918,190,5
60,675,4
932,617,4
917,255,3
533,685,4
244,153,4
561,705,3
296,435,5
892,429,4
446,880,2
181,834,3
587,878,2
60,523,4
354,174,4
54,676,5
717,235,4
101,257,4
536,71,5
779,411,3
328,403,3
777,196,5
540,240,3
429,2,3
773,216,4
240,269,5
455,69,4
151,1098,1
592,347,4
655,1008,3
773,588,1
410,352,3
747,1015,4
539,58,3
533,692,4
205,313,3
922,1035,3
246,117,3
68,596,2
64,100,4
286,1075,5
11,740,4
413,460,3
188,195,3
648,763,2
43,498,5
429,186,4
184,1297,2
613,50,5
421,914,3
514,631,4
7,385,5
454,511,3
15,934,4
344,129,4
144,855,4
94,17,2
883,190,4
904,747,4
494,50,5
481,70,5
380,154,3
156,641,5
102,734,2
29,302,4
181,1377,1
13,475,3
210,257,5
114,482,4
125,222,5
276,684,4
524,429,2
112,888,4
559,521,2
738,265,4
263,199,5
405,624,4
18,747,3
521,230,3
422,448,4
742,109,1
495,80,3
18,287,4
826,241,4
297,4,1
373,1228,2
63,287,3
271,244,2
833,628,4
880,619,4
497,722,3
210,832,3
653,1620,2
881,820,2
378,238,3
405,1249,1
448,327,2
655,1426,2
43,241,4
32,298,5
663,678,2
880,1518,2
579,877,1
399,1246,1
614,535,2
532,268,4
83,82,5
291,1273,2
862,288,5
128,1063,2
280,419,3
825,286,4
256,117,5
134,301,2
417,5,4
227,240,1
95,472,5
660,1183,1
896,1183,2
532,660,4
234,549,3
902,176,5
38,82,5
90,212,4
878,97,3
165,176,4
295,378,4
269,232,1
75,476,1
597,50,5
592,886,3
790,585,2
703,926,4
328,11,3
148,151,4
453,456,3
429,602,5
497,1185,1
569,294,2
711,736,5
181,758,1
721,300,5
301,138,2
361,673,4
151,131,5
159,130,1
889,1070,3
648,1337,3
266,319,2
874,676,3
554,15,4
457,371,4
889,1006,4
715,692,3
11,42,3
870,684,3
346,96,5
314,1139,5
244,1041,4
265,688,2
625,183,3
882,465,3
684,408,5
92,743,2
905,258,3
822,235,3
825,928,3
94,355,2
49,42,4
91,612,4
269,741,5
442,1074,3
13,709,4
407,7,4
99,69,4
379,435,5
498,1070,3
409,207,3
145,155,2
561,468,1
381,652,5
676,114,5
894,327,4
183,294,3
757,121,2
423,887,5
207,233,3
276,225,3
524,1184,3
23,95,4
927,1093,4
913,202,4
541,235,1
222,723,3
717,472,4
804,651,4
145,352,4
618,196,4
933,72,3
650,705,4
398,481,3
555,117,4
128,186,5
919,253,3
161,272,5
21,860,2
271,211,5
296,244,1
194,259,2
788,399,3
884,529,5
634,819,2
201,4,4
901,748,4
525,111,4
881,1078,3
227,1028,2
152,255,5
897,840,3
327,260,1
299,496,3
548,276,3
77,50,4
64,4,3
847,405,3
870,195,4
434,369,4
867,203,4
537,698,3
724,1062,1
85,464,5
159,24,5
486,1134,3
393,80,3
343,306,4
450,477,4
405,40,2
416,768,3
332,406,3
293,427,4
163,56,4
152,692,5
851,1337,3
311,504,4
495,742,5
169,331,5
846,1311,2
817,300,3
234,642,3
537,121,1
179,271,1
618,443,4
870,521,3
676,688,1
501,952,4
666,132,4
826,432,3
315,269,5
521,203,3
457,720,3
181,124,1
90,618,5
503,423,5
655,694,3
370,657,3
343,23,5
405,1546,1
634,14,3
254,1033,3
256,597,4
493,327,5
280,934,2
538,50,5
85,822,3
181,1392,1
881,209,3
890,484,3
342,1008,3
151,504,4
672,281,3
290,993,4
445,410,1
550,237,3
198,176,4
332,685,4
896,356,3
310,14,5
385,114,5
101,411,2
706,118,3
25,222,4
393,742,4
4,328,3
933,22,5
125,21,3
95,566,2
533,462,2
181,281,2
655,1128,3
919,953,3
523,197,5
867,89,5
396,25,3
348,412,2
624,235,4
745,174,3
492,531,4
454,526,4
905,321,4
474,1009,4
13,272,4
532,346,5
417,1000,4
910,313,4
532,301,4
190,826,3
830,210,5
15,257,4
226,9,5
447,148,4
90,191,5
44,946,3
660,1110,2
312,507,5
606,562,4
698,9,3
904,553,3
363,571,1
691,478,4
405,175,1
862,211,5
101,845,3
669,7,3
363,979,1
932,863,4
7,492,5
145,122,1
768,288,4
836,260,2
712,415,4
58,109,4
154,641,5
886,212,2
548,742,5
125,69,4
767,481,5
757,232,3
405,92,1
101,829,3
529,323,4
269,1438,3
698,205,4
207,1098,4
82,462,4
269,346,2
371,55,4
374,124,3
15,9,4
343,919,5
200,245,3
860,285,5
235,175,4
806,237,2
828,737,1
554,98,5
487,276,3
880,824,4
421,443,5
573,479,4
419,181,4
539,303,5
328,322,3
234,32,3
591,182,3
465,12,4
393,11,3
765,237,3
690,581,2
919,1060,3
490,952,2
379,1022,3
751,736,5
768,9,5
796,707,3
327,1019,3
660,64,3
357,117,5
426,199,5
525,151,5
479,474,5
308,216,3
671,385,5
5,69,1
938,1047,3
504,465,3
345,1221,3
66,258,4
622,144,5
703,121,5
542,150,2
784,258,5
429,159,3
318,58,4
455,1028,2
104,286,1
880,541,2
627,399,3
276,436,4
823,102,4
590,127,4
699,211,1
427,341,5
94,153,5
605,276,4
405,208,5
408,748,5
934,177,3
551,24,5
416,127,5
217,797,4
128,118,5
295,69,5
534,475,4
373,275,5
666,174,3
903,89,4
267,449,3
406,513,5
409,136,4
772,272,5
15,275,4
746,231,2
807,612,5
430,628,3
445,327,2
221,108,3
826,1,4
348,834,4
805,147,5
457,474,5
13,881,2
756,111,4
331,223,4
389,491,5
842,902,5
362,245,4
26,683,3
664,160,3
388,184,4
552,148,3
618,150,2
296,238,4
270,1007,5
567,423,2
59,1101,5
825,491,4
15,258,3
907,1016,5
52,405,4
722,130,4
327,1007,4
303,228,4
305,1015,1
938,181,5
899,724,5
779,235,4
214,346,3
655,1475,3
640,134,5
721,872,3
795,429,3
514,511,3
561,550,1
854,826,2
276,272,5
59,241,4
479,198,5
843,561,4
369,166,4
419,69,4
622,198,4
329,303,4
617,242,3
380,753,4
463,1007,3
455,239,3
846,1206,3
640,11,4
64,433,2
123,255,1
595,744,3
13,911,2
666,205,3
293,468,2
694,193,4
222,1060,2
487,85,2
618,176,4
479,272,4
346,250,3
178,1004,4
921,181,5
903,281,4
181,1137,1
308,486,4
896,379,2
620,268,4
629,655,5
125,710,5
262,99,3
73,173,5
787,348,4
605,133,5
337,135,5
119,245,4
907,1057,3
295,153,5
216,91,4
373,15,4
27,515,4
262,486,5
455,173,4
72,435,5
488,164,3
486,111,4
222,293,3
171,268,4
496,1060,1
343,180,5
551,479,3
239,1332,3
910,332,2
459,252,4
281,322,4
607,462,4
422,396,4
844,432,5
811,901,4
655,256,3
566,685,3
54,257,4
629,381,4
838,732,4
95,405,3
921,72,4
497,252,3
561,615,4
166,894,4
221,1012,4
218,504,3
781,288,2
387,79,4
200,358,5
632,763,3
13,353,4
174,272,5
24,318,5
222,66,4
393,38,4
90,153,5
239,114,3
537,201,3
119,751,3
580,300,3
374,71,5
362,268,2
83,1041,4
511,288,4
629,111,5
521,474,3
933,866,2
1,113,5
893,1,5
734,98,4
104,342,3
707,614,2
505,422,3
653,300,4
299,209,3
681,294,5
548,328,4
339,250,5
531,286,5
110,1229,3
862,105,3
518,744,4
538,289,1
130,820,5
118,53,5
553,99,5
642,376,3
411,720,3
234,693,2
348,928,5
747,393,2
279,189,5
95,8,5
198,427,4
176,952,2
659,162,3
536,493,4
7,546,4
497,864,3
13,428,5
151,631,3
198,31,3
21,978,1
871,907,3
679,181,5
601,588,3
145,13,5
868,238,4
379,234,5
698,89,4
636,15,5
412,1,4
525,248,4
267,231,4
561,286,4
23,629,4
200,288,5
57,64,5
721,284,4
1,163,4
267,68,4
519,908,5
487,248,1
524,449,3
313,505,5
429,264,3
649,250,3
379,181,4
20,820,2
505,568,4
361,222,2
836,496,4
90,482,5
844,50,5
554,14,4
85,629,3
491,23,2
7,145,1
101,826,3
505,566,3
911,659,3
134,269,3
903,61,4
599,1095,4
162,237,4
676,1,5
869,288,3
776,431,4
749,485,4
392,298,1
85,451,4
606,69,4
83,240,1
840,203,5
170,333,4
545,1188,3
863,300,5
290,699,3
194,225,3
3,320,5
357,748,5
409,166,4
345,317,4
622,364,1
239,482,3
458,293,5
347,208,2
293,155,2
753,174,4
198,4,3
536,380,4
252,742,4
771,216,5
207,294,3
846,380,3
782,948,2
527,208,4
646,880,3
271,182,3
843,216,2
456,693,3
498,410,3
190,326,4
851,144,5
561,302,4
57,237,4
128,427,5
711,301,4
87,705,4
749,72,3
595,369,3
877,288,3
493,684,4
932,429,5
544,749,4
405,70,3
889,484,4
365,813,5
666,288,3
429,92,4
870,443,3
10,582,4
379,79,5
481,1039,4
916,194,4
733,1658,3
889,431,4
533,172,4
184,399,3
67,125,4
419,197,5
417,232,3
773,1069,4
472,665,4
761,1163,2
392,345,4
802,197,3
881,1480,2
293,410,2
921,560,2
453,1230,2
327,161,3
17,286,3
389,204,4
184,708,4
749,68,4
236,506,5
798,473,2
332,982,3
224,77,4
606,298,4
49,55,4
548,717,4
144,785,4
239,1065,5
268,433,4
284,751,3
738,418,3
874,306,4
823,53,5
889,381,4
663,696,3
435,1419,2
296,1142,5
699,1068,3
835,132,5
260,288,3
363,200,3
914,451,2
779,1,4
857,325,1
436,710,4
243,275,3
176,150,4
757,313,3
643,215,3
880,11,4
421,427,4
379,133,4
682,393,4
392,297,4
148,222,4
268,729,3
291,774,3
380,959,2
416,159,1
213,318,5
499,313,5
75,825,1
222,654,3
312,478,5
788,1459,2
907,744,5
830,484,5
908,173,3
430,547,2
618,423,5
56,7,5
894,472,3
506,550,4
790,105,2
194,153,3
69,123,4
150,100,2
373,191,4
91,527,4
506,132,4
758,687,3
318,944,2
35,877,2
458,286,4
39,352,5
128,869,3
872,1028,3
345,274,3
385,664,3
710,200,4
393,808,4
533,756,4
922,449,4
385,325,4
405,423,5
161,135,2
543,410,3
303,564,1
494,358,3
782,1378,2
823,286,5
562,636,2
1,215,3
50,9,4
381,1,5
488,181,4
476,433,4
399,1314,3
39,347,4
91,294,3
294,538,5
933,405,3
318,763,3
889,188,5
934,65,4
617,413,1
868,156,3
268,204,3
444,100,5
755,311,4
305,923,5
283,42,5
568,191,4
396,595,3
214,93,4
536,50,5
18,509,4
804,1,5
148,1,4
592,1039,4
496,842,2
660,208,4
681,328,3
632,385,4
428,334,4
455,298,4
406,490,3
864,801,3
454,1063,4
825,105,3
288,190,1
665,496,3
537,980,3
588,42,5
833,646,5
875,4,3
381,135,5
352,431,2
1,100,5
525,332,4
54,250,4
181,1120,1
256,2,5
130,452,4
601,1296,1
854,1,3
624,7,4
647,831,3
669,462,5
846,665,4
346,67,3
122,357,3
788,586,2
357,928,4
48,215,4
932,503,4
379,23,4
21,129,4
82,140,3
64,154,4
691,205,5
416,783,3
243,509,4
269,1411,3
640,732,4
864,197,4
361,12,4
883,68,4
885,949,4
158,546,3
90,287,4
678,14,3
102,72,3
757,222,4
421,200,3
361,213,5
500,1,4
457,183,5
128,622,4
263,646,5
514,68,4
7,564,3
653,520,3
773,509,4
377,234,5
310,24,4
637,515,4
689,181,5
495,94,3
389,429,4
96,318,5
836,292,5
660,21,3
757,98,4
303,792,5
310,294,1
724,300,3
514,216,5
511,271,5
454,98,1
7,396,4
903,871,3
666,200,5
661,118,4
566,496,5
75,235,4
44,196,4
328,639,2
457,168,5
12,753,5
919,117,4
455,7,4
194,655,5
271,792,4
181,1163,2
806,195,3
653,153,2
193,845,4
206,245,1
142,243,1
749,140,3
296,963,5
395,231,4
582,742,3
642,22,4
932,663,4
608,865,4
59,98,5
435,781,3
203,748,2
160,4,4
308,641,4
429,658,3
532,427,5
593,163,4
840,297,5
90,218,5
417,89,5
900,124,4
79,690,4
870,704,3
152,191,5
833,671,5
788,22,5
151,716,2
345,956,4
59,510,4
319,307,4
529,307,5
642,122,2
565,512,3
453,393,3
213,985,3
56,597,3
639,661,4
15,235,1
655,692,3
205,258,3
495,88,4
429,1017,3
568,135,4
897,161,5
284,333,3
543,576,4
875,518,4
904,421,5
374,979,3
822,101,2
479,193,3
773,1021,5
847,220,4
843,298,2
326,445,4
369,268,5
561,117,3
31,504,5
938,125,3
40,880,3
860,508,4
239,659,3
531,688,1
682,713,3
500,238,4
792,147,4
458,255,2
551,153,3
280,5,4
837,250,2
661,195,5
545,993,2
726,255,2
12,4,5
766,494,3
125,174,5
199,1326,3
135,294,4
716,133,5
721,332,4
69,147,3
486,1129,4
496,28,2
877,702,4
1,110,1
303,258,4
79,508,3
201,292,3
846,67,4
13,45,3
464,249,2
921,762,2
452,648,4
399,1459,3
305,249,3
8,260,3
731,419,4
659,257,2
42,281,3
934,792,3
504,90,3
301,1035,4
606,1065,5
279,502,5
894,284,3
181,815,3
311,443,3
342,134,4
303,294,4
244,181,4
875,923,5
90,965,5
761,1272,1
358,863,5
650,323,3
222,747,2
796,2,5
456,12,3
201,551,1
487,955,5
786,732,4
682,806,3
899,181,3
551,1303,1
608,306,4
87,824,3
290,117,3
347,763,5
492,511,5
495,491,5
32,290,3
716,237,5
552,336,3
873,307,3
451,984,4
18,98,5
588,208,3
887,1060,5
397,492,4
99,329,4
896,966,4
25,127,3
728,100,5
489,322,5
104,287,2
642,143,5
542,1,4
907,202,5
165,372,5
560,489,3
524,1093,4
655,709,3
783,335,3
305,228,2
716,826,2
134,892,2
249,403,4
90,289,3
329,655,4
290,436,2
425,27,3
346,182,5
454,96,4
201,31,1
615,988,1
932,30,4
194,660,3
329,197,4
106,828,2
825,100,4
465,181,3
682,163,3
188,69,4
375,233,4
237,58,4
184,1397,3
60,420,4
629,204,5
429,679,4
215,483,4
392,127,5
104,222,3
500,836,5
94,4,4
316,427,5
201,556,4
459,1014,1
404,300,4
352,181,4
830,195,3
896,157,4
488,845,3
301,252,3
246,257,4
271,1266,2
455,334,3
379,88,4
394,7,5
716,428,3
82,70,4
165,127,4
536,88,4
675,244,3
269,156,5
167,1305,1
471,225,5
720,347,3
416,36,2
276,871,2
103,121,3
449,244,4
478,232,2
721,15,4
456,1328,4
149,678,2
655,874,4
269,486,3
453,143,2
654,689,3
313,521,4
899,474,3
924,402,3
166,688,3
483,277,3
17,323,1
883,385,1
539,306,4
209,271,2
62,22,4
829,222,4
280,756,4
880,651,5
378,235,4
787,1671,1
479,510,4
757,210,4
291,940,3
264,230,4
181,937,3
7,175,5
312,613,5
109,796,3
805,102,4
299,185,3
211,526,4
796,172,4
626,682,3
492,651,3
55,257,3
308,164,4
533,879,3
159,932,3
642,1126,1
149,302,4
315,55,5
416,249,3
178,684,5
624,1114,4
145,284,4
145,826,2
705,161,5
612,924,5
701,344,3
586,628,3
660,182,2
187,710,4
286,884,5
452,420,3
137,174,5
303,544,4
506,183,5
344,274,2
436,441,3
740,269,4
871,1430,3
378,223,4
855,86,2
658,628,3
151,162,5
380,97,3
894,1038,3
560,1265,3
707,647,5
58,1098,4
94,432,4
373,649,4
501,245,3
268,1016,3
931,250,2
715,100,2
221,246,5
415,174,5
846,524,3
394,288,4
751,154,3
49,10,3
130,471,2
435,596,4
18,408,5
230,138,3
365,1,4
339,214,3
917,50,3
545,403,5
391,498,4
275,176,4
197,38,3
320,291,4
416,938,3
907,120,4
889,762,3
405,11,4
533,229,4
896,117,2
862,250,5
258,315,3
498,1426,3
276,790,3
94,80,2
42,582,3
940,482,5
184,837,3
201,285,4
58,284,4
407,474,3
405,1550,3
627,431,4
144,474,4
641,192,4
764,432,5
92,169,5
795,727,3
459,978,2
115,176,5
721,655,2
95,111,4
158,399,3
894,313,4
363,1101,3
343,47,4
295,1446,4
561,200,4
313,167,3
766,95,3
387,223,5
542,15,2
848,1126,5
344,86,4
862,640,3
159,326,3
863,242,4
496,154,2
666,544,4
222,58,3
463,310,3
445,886,3
72,187,4
482,311,4
21,596,3
632,203,3
286,483,5
632,237,3
87,866,4
359,472,4
602,243,3
354,485,4
707,1479,5
246,432,3
707,921,4
234,93,3
457,45,5
213,24,5
394,228,5
435,367,3
456,61,4
109,250,2
110,77,4
533,66,4
507,826,5
330,1,5
133,328,3
291,144,5
653,447,2
610,56,3
458,619,2
787,937,3
162,144,3
518,289,4
188,218,5
293,483,5
349,544,4
864,55,4
87,1178,3
264,173,5
792,111,3
474,528,5
507,313,5
330,50,5
74,258,4
727,125,4
332,147,4
1,115,5
593,371,3
486,123,3
775,305,4
397,95,4
373,168,5
504,99,3
506,54,4
73,433,4
927,420,5
462,136,4
660,1078,2
392,260,1
65,50,5
901,50,4
450,96,4
588,638,4
730,7,4
552,1315,3
291,403,4
85,610,3
212,528,5
295,389,4
239,81,3
496,532,5
397,156,5
146,272,5
62,521,5
346,219,2
474,515,5
804,363,4
535,285,4
565,707,5
622,597,5
374,393,4
104,546,1
269,357,5
354,737,4
896,147,2
352,82,3
542,94,3
390,258,5
846,479,4
334,151,4
715,89,3
154,288,3
246,294,2
642,969,2
389,845,4
859,1326,4
523,1047,5
135,554,3
104,1011,3
116,258,4
578,268,2
846,660,3
469,1558,5
804,631,3
336,765,4
416,265,5
323,479,4
90,945,5
619,294,1
249,174,4
91,211,2
116,902,2
174,423,2
151,971,5
833,340,5
118,100,5
699,271,3
338,86,4
274,845,5
429,455,3
250,117,3
890,737,3
916,685,2
425,325,3
57,28,4
641,1194,3
588,50,5
312,52,5
92,179,5
523,435,5
530,98,4
760,125,4
82,304,3
332,820,4
193,177,4
213,234,4
709,250,4
7,495,5
499,97,4
887,95,4
398,662,2
487,739,2
357,1277,5
380,709,4
479,28,4
152,161,5
271,479,4
277,1012,3
823,410,4
837,284,1
782,181,3
548,248,4
385,238,5
682,41,3
486,864,3
851,983,2
318,321,4
774,201,2
222,288,4
11,732,3
838,713,4
490,224,2
174,125,5
828,52,3
202,484,4
109,367,3
624,477,3
880,121,2
314,578,4
328,327,3
875,12,5
930,107,3
823,64,5
69,237,3
104,270,4
325,961,4
846,1118,5
770,222,4
551,520,4
235,198,3
663,1051,3
755,538,4
503,19,5
449,117,3
557,1176,5
532,420,4
28,573,4
184,223,4
94,627,3
674,118,3
75,496,5
488,178,4
922,216,3
178,431,4
378,458,4
13,358,3
537,392,2
90,18,3
405,639,1
788,553,3
406,699,4
790,111,3
184,202,3
265,151,2
862,1050,5
452,531,4
405,923,2
201,413,3
833,448,3
565,1622,4
503,226,5
429,845,4
145,796,3
804,657,4
416,90,4
653,1244,3
127,294,4
524,527,5
648,797,3
14,181,5
787,350,1
62,715,2
62,159,3
506,391,2
576,1,4
504,194,3
886,919,4
503,248,4
621,123,4
651,286,4
832,294,4
18,966,2
747,29,1
405,425,2
305,176,4
456,325,3
110,56,1
601,22,4
14,23,5
393,1028,3
71,100,4
216,1010,3
234,517,3
378,302,5
223,249,2
910,182,4
774,195,3
697,879,4
500,182,2
115,77,2
705,142,2
812,261,1
578,325,1
334,77,3
792,291,2
405,380,2
119,826,4
543,324,3
864,137,4
387,418,3
641,865,5
298,651,5
504,122,1
312,1020,5
608,742,4
846,1218,4
481,514,4
23,116,5
270,90,5
130,307,4
588,846,4
116,390,4
214,127,4
411,1475,3
763,144,3
197,802,4
786,186,4
202,179,1
831,713,5
64,496,5
119,125,5
629,42,2
436,693,5
554,274,3
537,702,3
892,729,4
128,196,5
312,4,3
666,1013,3
347,405,4
894,558,5
236,420,4
402,237,4
840,175,4
669,310,4
416,1426,5
896,199,3
218,208,3
851,689,3
553,479,5
160,211,4
151,33,5
340,584,3
881,38,3
711,542,1
918,419,3
532,895,3
804,385,4
907,427,5
823,651,5
429,448,3
474,294,3
374,552,4
560,496,3
657,508,4
345,582,5
385,514,4
851,544,4
908,200,2
463,476,3
828,198,4
474,196,5
339,515,5
94,134,5
758,385,4
936,766,3
914,724,3
332,931,2
642,89,2
117,132,4
562,66,1
643,56,5
75,864,4
908,194,3
344,286,3
627,11,4
754,284,3
506,576,4
660,172,4
382,127,3
894,582,4
747,21,2
181,269,1
642,974,3
478,684,4
87,297,3
577,79,4
854,458,3
200,423,5
153,294,2
225,427,5
634,515,4
406,772,4
503,176,5
378,323,3
304,278,4
745,182,2
259,298,4
25,8,4
387,91,4
429,1074,3
690,384,3
160,1134,4
60,96,4
246,100,4
855,45,3
605,12,4
886,685,2
620,99,3
806,1098,4
435,366,2
363,181,5
465,318,4
450,60,3
496,469,3
327,176,4
269,1480,1
435,404,2
677,240,5
943,1067,2
825,456,3
385,1428,4
320,56,5
329,657,3
670,135,3
931,272,5
870,559,2
776,177,4
486,303,4
543,69,4
429,218,3
619,161,4
521,13,2
327,286,2
711,49,4
711,961,5
827,332,3
629,199,5
236,591,4
378,288,3
673,307,3
460,1380,3
879,125,5
256,121,5
334,285,4
311,203,5
405,308,1
268,17,3
788,118,3
487,578,3
457,676,3
463,284,3
334,1504,3
435,1225,3
645,216,4
445,1014,1
315,504,3
301,357,5
918,1200,4
608,609,5
311,662,4
285,902,4
18,489,4
339,1,5
921,323,4
246,919,4
870,693,4
58,195,4
672,321,4
153,127,3
22,932,1
267,710,4
618,168,5
458,742,4
764,1,4
226,97,3
101,820,3
804,573,3
886,943,3
877,566,4
330,22,5
44,183,4
244,42,5
551,1169,4
896,180,5
486,831,3
804,679,4
57,298,3
796,283,3
610,1558,3
60,618,3
618,192,5
747,265,4
714,281,3
185,181,4
85,659,4
361,525,4
707,70,3
313,628,4
537,91,2
495,944,5
57,471,4
338,196,2
886,1046,2
764,11,4
314,496,4
271,174,5
484,568,3
271,649,3
823,655,5
152,504,4
756,181,4
125,8,4
661,173,4
850,196,3
492,64,4
435,89,4
290,434,4
731,183,1
406,602,3
83,215,4
327,631,3
190,15,4
805,1091,2
883,748,5
787,300,4
764,595,4
642,686,5
1,158,3
532,538,4
184,13,3
269,48,5
94,156,5
465,127,4
84,1040,3
60,138,2
27,288,3
543,1099,4
478,188,4
726,274,4
862,678,4
18,956,5
500,325,3
345,196,5
62,431,2
482,295,3
643,515,4
487,1244,2
918,83,4
180,40,4
554,405,4
655,914,3
23,679,3
62,134,4
422,50,4
689,111,3
450,689,3
151,114,5
497,11,3
786,385,4
294,520,5
798,239,4
373,131,4
753,484,5
829,124,4
30,294,4
846,484,5
664,657,5
847,11,3
642,409,5
671,405,3
42,371,4
786,50,4
65,215,5
392,650,5
698,300,4
650,98,4
667,313,3
59,774,2
374,620,3
505,151,3
490,1012,3
151,151,5
495,196,3
860,56,4
682,291,1
7,4,5
892,501,3
758,69,5
524,134,5
407,710,4
629,174,5
862,767,4
497,186,4
548,311,3
201,118,1
771,50,4
145,1291,3
207,9,4
793,928,3
758,919,5
782,689,3
741,273,3
496,699,3
207,540,3
672,181,3
841,270,4
586,186,2
659,720,3
524,618,3
704,662,3
247,258,5
442,470,4
117,122,2
682,173,4
648,1033,2
155,324,2
788,229,3
486,252,3
307,393,3
405,753,1
840,198,3
782,984,2
244,471,1
766,965,3
497,72,3
13,98,4
625,517,3
167,1306,5
318,191,5
600,161,4
916,14,5
230,499,4
164,281,4
234,843,2
474,218,4
698,1115,2
943,1188,3
514,433,5
863,910,2
617,611,4
623,504,3
882,205,5
49,721,2
320,597,3
472,208,5
537,141,3
504,567,2
735,288,4
272,133,1
354,953,3
429,357,5
633,1132,2
474,285,5
707,311,4
327,327,3
311,403,4
593,106,2
836,269,5
268,1303,1
177,50,5
23,294,1
406,919,2
814,674,3
350,489,4
92,527,3
186,566,5
1,47,4
291,732,4
389,674,2
835,225,2
868,198,5
372,436,5
270,1074,5
650,581,2
175,31,4
615,678,1
254,162,3
245,411,3
151,582,5
264,517,5
548,1011,2
470,181,4
648,569,3
584,228,5
311,420,1
405,642,1
92,727,4
655,1214,2
828,509,2
554,742,3
521,8,3
760,928,1
486,13,4
846,492,3
682,29,2
160,933,3
691,182,5
264,98,5
883,435,4
270,286,5
186,71,5
919,111,4
181,256,1
22,294,1
130,217,3
41,195,4
543,214,3
536,1115,5
561,216,3
435,944,2
940,1137,3
523,382,5
216,298,5
653,597,4
443,307,3
67,147,3
385,192,5
897,184,4
457,208,4
13,812,2
643,631,3
387,48,4
889,385,3
291,69,5
796,203,3
330,181,5
889,125,4
648,454,3
370,12,4
265,323,3
889,239,4
711,387,4
854,69,4
59,618,4
500,1048,3
435,136,4
655,198,4
57,864,3
542,72,3
56,62,5
437,237,4
189,255,2
639,462,5
923,105,4
123,50,3
385,160,4
468,248,4
140,880,4
804,639,4
264,183,5
409,98,5
14,517,4
416,148,5
269,5,2
874,654,5
147,313,4
542,273,3
357,280,5
327,121,2
293,443,4
144,1012,4
440,329,5
721,942,4
459,289,4
117,829,3
895,117,3
934,100,4
218,204,3
655,262,5
81,726,4
269,502,3
10,294,3
464,16,4
133,245,3
162,28,4
650,25,3
828,752,1
373,225,4
13,822,3
264,137,3
480,654,4
877,739,4
907,79,5
624,763,3
327,447,4
912,517,4
899,740,5
716,196,5
275,416,3
447,83,5
181,151,2
102,892,2
28,185,5
299,1223,3
425,455,2
436,425,4
223,318,4
159,126,5
497,101,4
782,1589,3
130,84,4
145,276,1
135,173,4
871,79,5
766,77,2
677,290,1
577,298,4
621,183,4
691,79,5
780,174,5
764,717,3
578,1098,2
592,876,1
596,328,5
932,100,5
174,139,3
322,521,5
663,471,3
81,276,4
686,2,3
650,191,4
306,19,5
671,121,4
514,79,4
748,408,5
650,89,4
495,448,5
405,193,4
7,632,5
921,194,3
383,357,5
293,433,3
896,1078,3
625,172,4
22,226,4
587,339,3
282,327,5
19,258,4
655,1167,3
442,195,4
351,292,4
429,298,5
428,352,4
566,181,2
753,504,3
108,181,3
368,7,4
739,56,4
788,474,3
749,233,5
623,451,4
429,22,5
932,99,4
588,471,5
353,340,4
655,1099,3
267,385,3
468,181,3
189,1056,3
440,171,5
128,1039,4
622,1149,3
397,343,2
72,9,5
509,892,1
505,989,1
405,1571,1
716,73,4
632,510,5
289,222,2
757,151,4
457,509,4
695,307,4
12,172,4
525,1047,2
532,307,4
542,451,3
524,1454,3
297,1217,1
669,50,5
208,302,1
186,588,4
389,1451,5
881,77,2
222,476,3
234,626,4
279,413,4
160,218,4
756,176,4
744,1,4
385,794,2
553,205,4
932,615,5
516,250,4
6,153,4
190,696,3
122,736,4
438,148,5
788,73,3
201,847,2
130,210,5
530,181,3
922,43,3
766,1050,3
256,125,5
363,472,1
624,1048,4
305,70,4
729,310,3
495,64,5
671,1597,1
72,100,5
924,173,5
545,172,5
569,676,4
851,824,4
470,1134,4
59,131,4
246,98,4
572,1010,2
788,175,3
667,186,4
697,222,4
897,288,5
867,183,3
619,750,3
668,124,3
327,217,3
478,64,5
682,991,2
923,405,4
174,1091,3
379,82,4
551,215,4
648,1028,2
10,12,5
184,134,5
463,993,2
537,178,4
654,1020,4
49,174,1
85,42,3
71,174,2
453,826,1
336,151,1
377,323,2
512,527,5
374,125,5
263,435,4
586,56,5
919,69,3
387,114,5
860,690,4
415,185,4
312,214,3
262,754,3
264,26,4
642,628,3
606,201,4
380,1444,1
912,427,5
670,1099,3
226,14,5
87,1183,3
897,204,4
13,227,5
707,1021,3
254,241,4
354,135,3
397,181,4
324,127,4
125,181,5
484,293,5
527,197,4
567,23,4
922,431,4
181,1336,1
703,7,4
387,82,4
201,202,3
504,1004,4
593,183,4
606,24,5
776,439,1
137,385,5
101,595,2
872,748,3
660,349,3
653,128,3
697,276,5
493,12,3
268,1079,3
60,605,3
291,158,2
226,596,3
313,216,4
141,25,5
712,168,2
804,984,4
842,272,4
159,7,5
918,196,3
530,1300,2
479,385,2
750,305,4
796,597,5
291,794,4
343,498,5
81,596,3
151,664,5
355,329,3
758,547,5
166,322,5
102,411,2
454,161,4
472,405,5
296,654,5
756,92,3
189,61,3
222,1207,2
328,1109,3
615,886,2
99,1132,4
680,25,4
449,1009,4
83,575,4
463,304,3
478,518,4
533,194,4
694,172,5
762,274,4
721,111,4
479,588,1
282,288,4
378,53,3
457,500,5
854,825,3
95,657,5
940,610,1
28,859,3
77,833,1
758,619,4
919,419,5
293,605,3
43,660,4
886,15,3
821,845,5
110,173,1
186,269,1
426,616,4
90,454,2
313,662,3
733,274,3
601,186,4
613,478,5
291,232,4
826,182,4
259,288,3
600,399,4
41,313,3
550,181,5
276,125,4
435,226,4
429,134,5
887,204,5
495,90,4
90,270,4
864,672,2
744,23,4
421,474,4
758,128,4
169,684,5
301,790,4
833,1628,3
144,1010,3
228,327,1
468,100,5
590,591,3
22,988,1
201,191,4
389,4,4
690,154,3
828,694,2
850,174,5
267,147,3
177,321,2
301,385,3
889,1142,4
891,597,3
643,87,5
85,529,3
64,32,1
400,286,4
892,422,1
658,169,5
452,461,4
887,1079,1
137,195,5
650,367,2
458,28,3
699,340,4
684,49,4
398,484,4
664,202,4
554,678,3
532,195,5
862,647,5
457,44,4
125,734,3
617,567,2
597,225,4
627,273,4
296,1009,3
833,826,2
650,154,3
540,508,4
919,717,3
726,249,1
655,54,2
730,873,2
387,286,2
592,172,5
98,659,5
653,200,4
592,847,5
615,175,5
285,538,5
618,676,2
267,28,4
178,849,3
642,72,4
881,795,2
37,56,5
406,498,5
513,121,5
916,284,2
902,333,3
806,169,5
279,13,3
291,567,5
796,478,5
854,222,4
661,52,4
648,107,4
695,1024,5
435,67,4
748,172,4
305,172,4
854,922,5
385,433,4
308,525,5
92,235,3
64,83,3
305,215,2
149,301,3
174,216,5
704,152,2
577,402,4
334,1170,4
249,250,4
905,282,3
437,249,5
798,225,4
164,471,5
709,210,4
843,194,2
716,13,2
345,742,4
721,145,4
381,95,4
393,72,4
904,278,5
363,650,2
87,775,2
790,108,3
773,232,3
496,229,2
861,26,3
25,135,3
546,447,3
324,292,3
533,120,1
548,275,3
899,125,3
314,762,4
178,7,4
391,47,4
389,558,4
774,177,4
122,470,3
474,79,5
645,513,5
271,485,4
466,357,4
279,719,4
645,32,5
727,680,3
543,234,4
320,68,5
7,265,5
387,241,1
773,265,2
631,315,4
605,531,4
13,474,4
608,661,3
457,91,4
184,1012,3
174,278,5
606,468,4
152,371,4
936,333,3
671,810,2
782,1300,2
886,419,3
541,432,4
285,237,4
437,47,4
1,227,4
454,28,4
622,730,4
517,258,5
385,152,3
885,318,5
330,747,3
815,203,4
429,129,4
561,542,1
456,432,4
116,347,2
602,988,4
551,144,5
488,239,4
452,1057,1
554,133,4
437,213,4
12,168,4
608,327,2
773,1252,4
90,1203,5
193,282,5
715,88,3
922,145,3
183,1217,3
595,472,3
867,748,4
407,675,3
347,82,5
925,561,3
136,237,4
333,79,3
731,194,3
670,650,2
805,559,3
234,188,2
109,154,2
802,200,4
923,276,5
655,642,3
409,202,3
897,132,5
746,38,2
380,529,3
503,234,5
161,22,2
90,903,4
545,228,5
682,300,2
708,687,2
305,56,1
130,1136,4
13,795,2
272,498,4
343,175,5
59,1115,3
118,960,5
661,210,5
567,673,3
682,148,3
601,406,2
561,217,3
506,930,1
835,523,3
592,334,3
912,419,4
712,142,4
693,443,2
280,67,4
75,56,5
648,368,2
393,681,3
373,432,5
655,1068,3
160,93,5
396,597,4
320,129,4
56,815,4
788,203,5
336,121,4
416,103,3
145,300,3
361,83,3
234,161,3
716,471,2
793,1014,3
181,108,1
846,63,3
713,270,2
301,11,4
450,1402,2
327,200,4
276,405,3
894,339,4
110,300,3
276,583,3
9,201,5
108,282,3
503,402,3
721,196,5
918,443,3
815,528,5
821,213,5
579,709,5
664,210,4
735,813,4
766,198,4
921,87,2
465,175,5
590,14,5
286,419,5
133,300,3
712,739,4
804,197,4
49,123,1
184,568,2
110,215,3
347,926,1
721,243,3
914,387,3
823,175,4
393,826,3
23,216,4
870,608,4
882,71,5
796,106,2
588,162,5
398,633,4
686,79,4
151,190,4
694,385,4
234,745,4
106,191,5
499,750,5
424,300,2
707,533,5
102,391,2
848,135,4
450,185,5
268,288,4
222,1078,2
664,187,5
368,184,5
561,1449,5
89,694,5
578,298,4
406,823,3
291,188,3
720,749,3
758,117,4
880,410,4
894,310,3
655,1135,3
894,381,3
535,59,3
479,148,2
342,1073,1
42,467,3
130,261,4
779,257,4
753,527,4
201,192,4
642,173,5
561,285,4
868,167,1
154,945,3
263,23,3
472,633,4
399,845,3
303,49,2
303,287,4
542,127,5
38,202,2
417,228,3
894,277,4
330,732,5
74,358,2
391,322,3
249,603,5
52,333,4
790,153,3
141,974,4
758,228,3
310,181,4
919,295,3
894,900,3
363,469,2
514,425,5
717,274,4
102,265,3
476,1271,2
648,82,5
830,15,4
458,180,4
488,50,4
749,11,5
90,221,4
49,172,1
503,168,5
880,7,3
682,686,4
296,22,4
327,715,4
860,294,2
638,504,2
2,273,4
510,289,2
23,14,4
295,168,5
276,763,3
374,294,2
568,475,4
907,620,4
301,89,2
391,357,5
387,50,5
523,575,4
859,763,4
854,499,4
128,328,2
846,720,4
196,1241,3
747,1134,5
216,108,4
224,581,1
584,229,3
293,1048,3
1,162,4
795,121,3
559,502,4
329,282,3
885,756,2
485,303,4
896,209,3
313,147,4
326,136,4
598,259,3
653,310,4
457,569,3
718,284,4
541,709,5
393,122,1
345,736,3
273,340,3
126,286,3
269,663,4
109,56,5
389,418,4
295,158,4
323,933,3
896,661,4
932,525,5
70,483,5
13,406,1
181,1381,2
378,1180,3
815,423,5
807,679,4
330,660,5
727,42,5
496,150,2
791,269,4
164,826,4
653,272,4
592,336,1
216,531,4
757,226,3
456,581,3
834,405,4
379,383,2
437,153,5
537,498,3
452,48,5
885,423,4
592,42,5
94,464,5
472,214,4
389,151,4
755,328,4
5,216,1
569,458,2
437,70,3
60,633,4
14,195,5
102,313,3
532,240,3
457,455,4
304,895,3
463,311,4
62,405,3
354,955,3
5,168,3
846,452,3
160,293,5
620,1066,5
196,655,5
339,503,4
623,204,5
323,50,5
659,517,5
519,263,5
326,528,3
325,548,3
474,194,5
833,667,1
288,286,4
640,778,4
545,890,2
536,778,4
922,89,5
927,132,2
363,47,5
439,237,5
532,347,4
887,140,5
843,133,3
370,238,4
311,98,5
524,660,5
479,117,3
537,673,3
839,410,1
567,434,5
660,204,3
393,64,4
932,428,4
571,462,4
650,447,3
445,1252,1
412,480,4
778,195,4
474,520,5
423,339,2
380,61,4
123,135,5
3,318,4
106,97,5
806,324,2
608,939,4
567,653,5
118,180,5
776,635,4
907,42,4
43,1054,3
763,47,3
795,95,4
506,94,3
593,211,4
862,179,5
932,478,4
815,655,3
270,707,5
259,959,4
551,636,5
630,325,3
135,452,2
523,8,5
640,346,4
533,82,4
374,1150,1
887,122,5
380,566,3
749,433,3
706,471,4
908,488,4
798,405,5
881,392,5
325,434,5
492,185,3
618,50,5
115,265,2
280,673,4
278,98,4
731,56,2
578,751,3
539,640,2
222,392,4
815,82,4
899,172,4
267,715,4
523,289,4
1,96,5
340,428,1
293,510,3
851,271,5
201,896,3
771,91,4
83,255,5
847,218,3
234,1263,3
234,638,4
290,222,4
618,127,5
601,1084,5
354,137,3
551,385,5
648,385,5
633,423,4
83,110,4
328,301,2
774,1090,1
276,42,4
416,633,4
634,322,3
653,517,1
847,234,2
435,33,3
456,414,3
313,744,3
921,125,3
474,66,4
535,11,4
451,260,5
634,109,4
484,463,4
236,483,5
274,471,4
798,709,5
484,427,5
312,740,4
747,580,5
466,405,3
123,182,4
684,265,4
543,302,4
276,825,3
280,237,3
401,661,3
7,613,4
313,404,4
531,905,4
16,476,3
214,327,5
181,1378,1
830,732,5
930,535,4
551,227,5
500,1226,4
293,558,3
911,399,5
666,114,4
416,136,5
707,952,3
279,649,3
189,44,4
1,169,5
77,91,3
91,520,4
894,1150,4
583,175,5
909,86,5
653,55,3
343,747,4
518,1335,3
653,790,2
826,720,3
916,427,4
388,559,5
524,82,4
716,655,4
905,508,4
925,559,3
327,1075,4
130,748,4
669,114,5
771,993,4
798,83,4
234,510,4
536,79,4
174,951,1
846,142,3
591,856,4
506,196,4
531,313,5
102,636,3
758,343,2
707,10,5
830,95,3
44,200,4
128,64,5
500,30,4
589,995,1
363,212,1
716,195,1
37,1027,3
545,174,4
654,367,4
450,485,5
606,87,4
553,490,4
442,1098,4
181,409,2
671,925,3
85,690,2
318,194,5
894,883,3
230,237,5
656,303,4
606,8,2
703,123,4
237,197,4
296,301,5
534,1059,4
823,77,4
62,318,5
347,1244,3
106,69,4
325,50,5
303,1178,2
643,1149,3
226,474,3
782,992,2
889,237,4
577,728,3
160,484,5
296,277,5
301,1230,1
601,98,3
899,48,4
64,1063,3
235,515,4
851,1013,2
617,453,1
529,689,2
805,715,4
303,554,2
854,153,4
313,531,3
504,118,3
365,288,5
849,427,4
576,50,4
290,153,3
405,1562,1
601,168,5
584,50,4
398,88,4
693,211,2
94,225,3
385,871,1
192,25,4
629,416,4
782,329,3
351,332,5
521,99,3
396,1025,4
497,24,4
391,300,2
934,507,4
293,257,2
634,106,3
92,198,5
723,191,3
770,678,2
577,64,5
422,276,5
276,135,5
896,426,2
796,399,4
246,151,5
862,423,4
673,288,4
37,833,4
606,135,5
198,180,3
399,924,5
719,71,3
673,528,5
847,25,3
122,1268,2
235,193,5
145,472,3
297,1007,4
566,153,2
846,483,5
749,650,3
368,320,5
804,746,4
144,91,2
383,321,5
390,181,4
378,979,3
541,941,4
648,286,1
684,781,3
399,78,3
454,610,3
806,1059,3
405,101,1
622,506,3
369,751,4
846,23,4
95,97,4
244,468,1
285,100,4
145,738,3
193,29,3
49,569,3
328,144,4
271,709,3
479,209,4
504,372,4
9,527,3
645,955,4
294,286,5
367,268,4
456,452,2
394,173,5
314,1517,4
739,172,4
721,1393,3
303,1210,1
472,743,4
192,289,4
885,402,3
622,418,3
932,133,4
870,433,3
586,51,4
303,1044,3
577,265,5
721,262,3
443,327,4
640,210,5
87,409,3
936,282,2
42,684,4
854,421,3
115,192,5
588,215,5
786,455,1
926,292,3
151,208,4
130,928,4
709,117,4
881,58,3
174,268,5
374,974,4
805,748,2
89,26,3
648,2,4
308,528,3
548,25,2
5,415,1
643,209,5
805,204,2
870,1098,4
588,173,5
314,997,1
109,248,2
22,862,1
7,584,4
284,344,4
85,458,3
62,111,3
130,1039,4
26,1,3
197,431,3
491,124,5
850,210,5
162,7,3
442,294,2
381,914,1
389,240,3
363,265,3
758,183,5
751,178,5
13,604,5
320,38,4
6,188,3
883,349,2
26,685,3
561,1059,1
234,132,4
380,521,2
201,239,1
328,809,4
95,398,1
87,177,5
774,307,1
883,661,4
42,141,3
405,173,5
406,429,4
663,330,4
399,383,2
455,191,5
738,172,4
82,197,4
347,735,2
942,347,5
413,508,4
551,796,4
389,28,4
916,1268,3
145,680,3
388,816,4
774,101,2
831,266,3
42,428,3
417,405,3
805,210,3
334,245,2
472,21,3
429,72,2
235,285,4
896,1101,2
795,42,3
263,699,4
493,204,5
328,97,3
808,327,5
468,612,4
429,936,4
779,275,4
733,117,2
650,134,5
221,92,4
184,100,5
854,815,2
253,490,5
150,13,4
311,724,4
544,750,3
222,174,5
897,406,3
495,451,4
154,475,4
886,58,4
943,840,4
151,433,3
757,91,4
49,501,3
222,446,3
830,204,3
851,318,5
919,332,4
698,499,3
694,434,5
655,1273,2
763,367,3
678,924,2
109,531,4
447,252,3
776,135,4
262,628,2
308,44,4
650,270,4
181,847,1
739,216,4
344,304,3
663,815,4
452,181,4
398,504,3
495,68,5
174,1,3
401,356,4
682,551,2
425,1596,2
450,1135,4
894,109,1
840,611,4
177,258,3
374,184,2
758,737,3
655,340,3
761,1012,1
405,73,5
660,176,3
933,284,2
181,146,1
826,39,4
567,198,5
621,151,5
311,39,4
915,286,4
764,227,4
303,122,4
303,88,4
560,284,3
52,7,5
26,255,3
682,475,3
426,489,5
661,1,5
790,609,2
758,542,2
627,239,3
698,153,2
497,187,5
833,223,4
689,475,4
92,955,4
173,938,3
566,133,4
49,56,5
878,549,4
833,185,5
13,183,4
144,847,4
295,812,4
372,325,4
878,517,4
498,475,3
336,785,1
538,79,4
506,580,3
59,230,4
586,820,4
158,161,2
331,31,2
401,97,4
426,474,4
911,451,2
133,313,3
916,160,3
456,431,4
932,167,4
405,1221,1
470,952,3
587,353,2
611,311,4
579,333,4
178,223,4
922,151,5
617,136,3
453,80,2
194,527,4
194,732,3
353,358,1
239,8,5
880,876,4
389,630,3
712,178,2
144,478,4
764,86,3
627,289,2
181,846,3
104,823,1
10,273,4
828,303,4
85,191,4
495,235,5
83,465,4
97,496,2
405,464,1
463,150,2
233,117,3
343,582,3
201,284,3
56,281,2
799,191,3
453,25,4
374,717,3
846,684,5
532,139,5
903,12,5
734,662,3
174,396,1
390,331,2
234,609,3
524,568,4
840,509,3
104,285,4
399,928,2
363,79,2
655,1637,3
110,232,3
901,58,4
798,826,5
466,334,3
455,1197,4
653,282,3
297,11,4
247,121,4
669,56,2
886,147,5
495,95,3
933,385,3
236,58,2
280,9,5
897,135,3
865,546,1
721,991,3
56,930,3
429,15,5
295,181,4
632,423,4
11,372,4
43,336,4
268,77,2
327,644,3
524,64,2
669,150,3
253,487,4
840,405,4
174,846,5
620,419,2
661,423,4
92,173,3
92,154,4
290,168,3
181,292,1
293,856,3
344,487,5
862,472,5
268,1231,2
346,62,3
533,208,4
210,301,4
841,322,4
87,810,3
210,484,4
640,55,5
387,1012,4
536,143,5
385,1135,1
847,66,3
537,430,3
540,150,3
283,1114,5
158,472,3
87,435,5
514,318,4
754,676,3
25,269,4
121,428,5
549,181,4
655,195,3
177,334,3
181,841,1
437,961,5
357,926,4
405,773,1
303,569,3
864,229,4
875,98,5
758,344,3
498,448,4
42,176,3
507,892,5
621,300,3
327,143,4
28,323,3
645,209,5
339,182,5
313,222,3
513,258,4
532,452,5
721,581,2
561,154,4
218,659,4
923,472,4
478,451,5
246,470,4
752,750,2
125,393,4
243,237,2
280,1066,4
111,344,2
647,203,3
876,529,4
503,321,2
276,227,4
614,7,2
425,7,3
385,205,2
270,574,3
324,289,5
591,393,4
42,479,4
489,349,4
703,288,4
727,1165,2
67,276,4
717,222,4
620,78,4
389,1,4
562,98,4
864,663,4
684,64,4
889,186,5
595,952,5
571,114,4
435,1268,5
822,1240,3
87,801,3
659,1297,2
823,425,5
704,58,3
829,14,2
354,1063,3
499,463,5
804,290,4
601,239,3
537,959,3
378,48,5
311,371,5
87,791,2
294,823,3
542,209,4
622,156,5
634,933,3
268,258,2
405,149,1
878,191,4
660,56,1
181,596,4
457,7,4
387,458,1
158,210,4
389,926,3
102,62,3
218,33,4
758,98,5
279,1490,4
190,276,4
450,525,3
537,294,1
721,876,3
807,381,2
650,143,5
450,286,4
677,1245,4
393,48,2
650,648,3
524,447,5
7,29,3
109,545,2
249,421,5
59,287,5
542,479,4
484,210,5
405,1148,1
572,121,2
896,239,4
907,198,5
643,824,3
363,559,3
585,638,4
59,604,3
354,489,4
303,829,2
865,763,1
868,200,3
255,976,1
88,301,4
334,931,1
230,485,5
474,610,3
222,161,4
407,82,3
642,443,2
533,151,3
609,147,1
42,280,4
430,148,2
145,563,3
588,928,4
456,498,4
320,183,4
600,586,2
533,72,2
239,701,5
622,1074,2
311,785,3
87,996,3
301,521,3
643,550,3
845,903,4
301,82,5
807,501,3
336,153,5
639,673,4
902,50,5
655,191,4
573,654,4
269,1101,4
334,1010,5
903,196,4
747,22,3
469,153,4
339,1039,4
629,880,4
254,50,5
840,496,5
488,754,4
352,79,4
514,189,5
455,293,4
892,525,5
423,754,4
560,270,4
295,843,4
267,92,4
104,845,3
216,763,4
94,1211,5
393,173,5
347,699,1
588,347,5
368,181,4
422,222,4
436,506,5
453,238,4
119,385,5
372,7,3
880,127,5
682,684,3
112,754,4
193,155,4
200,409,2
711,64,4
151,736,4
840,582,5
655,875,3
487,56,4
535,132,5
720,319,3
648,474,4
486,292,4
183,649,4
825,237,4
654,1009,3
932,228,4
360,531,4
105,347,3
344,385,2
621,393,3
66,535,4
452,245,2
828,1056,1
605,269,4
751,742,3
894,61,4
216,210,4
896,489,5
311,622,3
497,627,3
420,478,3
62,9,4
756,274,3
334,244,3
933,38,2
749,80,1
862,919,4
496,1139,2
99,926,3
151,133,5
215,216,4
478,160,2
373,386,3
66,127,4
867,475,5
201,64,3
91,343,4
186,684,4
785,301,4
45,15,4
326,153,4
881,188,4
837,476,3
793,597,3
299,278,3
151,91,2
753,187,3
342,732,3
89,7,5
230,699,4
311,951,3
182,50,5
305,1104,4
416,2,4
532,151,5
606,498,4
488,491,4
627,7,5
303,744,3
160,475,5
419,134,5
382,332,3
286,1502,2
441,683,2
545,510,3
526,100,5
546,347,5
659,79,4
227,126,4
894,1315,3
450,76,3
6,303,3
21,457,1
790,427,4
776,28,5
374,696,3
655,1628,2
332,294,5
176,458,4
838,408,4
484,233,5
279,290,4
336,383,1
894,316,4
834,515,5
210,69,4
880,879,3
299,1506,4
178,1016,4
883,752,4
550,328,5
158,516,5
269,412,3
200,378,5
548,443,4
390,475,1
95,1101,2
365,258,4
450,70,4
600,172,4
847,317,3
851,1034,1
693,527,3
200,609,3
121,347,3
457,222,5
763,127,4
653,471,2
236,69,5
890,514,5
348,25,4
774,1079,1
846,1221,3
577,566,4
276,447,4
387,214,5
593,26,4
144,68,2
622,1216,4
936,1,4
523,523,3
769,405,2
360,14,5
758,311,4
385,254,1
871,307,3
234,48,2
89,875,3
198,11,4
230,238,1
92,725,3
248,290,3
882,172,5
102,1076,2
409,486,3
496,56,5
279,372,4
92,453,1
852,25,3
378,1107,3
455,736,3
178,1038,2
561,461,3
666,792,4
663,1119,3
655,337,2
15,181,5
77,484,5
727,585,2
804,68,3
270,684,4
758,479,5
733,127,3
859,1008,4
445,689,1
633,252,3
829,1193,4
875,211,5
943,54,4
224,704,3
659,136,5
330,132,5
415,748,5
889,97,3
648,298,2
747,473,3
625,179,4
319,358,3
160,1223,4
784,299,3
664,179,4
442,746,3
790,401,4
625,191,3
398,82,5
497,1030,1
337,631,4
339,64,5
541,476,5
353,315,4
752,347,4
110,88,4
291,735,4
26,591,3
72,176,2
309,286,4
271,530,4
318,618,3
894,1379,4
152,133,5
504,295,4
940,321,4
684,94,3
466,265,3
760,375,4
682,299,4
405,437,1
15,111,4
450,583,4
94,809,2
804,495,3
234,223,3
109,1011,3
698,1021,1
655,1529,2
875,461,4
72,461,3
95,450,2
697,237,5
532,2,5
220,682,4
154,515,4
911,383,3
716,218,3
802,424,2
314,132,4
184,522,3
42,755,4
450,632,5
690,90,1
145,993,3
274,88,4
112,887,5
843,162,2
864,789,4
856,312,2
637,1060,2
770,93,5
846,468,4
184,117,2
864,237,4
893,288,3
921,392,4
334,569,2
347,164,3
327,678,3
378,428,3
587,268,4
885,451,2
846,662,3
200,71,4
453,268,4
813,289,4
26,1015,3
246,469,3
360,23,5
178,333,3
655,310,3
716,151,5
704,631,3
601,118,1
744,340,3
37,546,3
650,633,4
116,315,3
711,720,3
608,695,5
621,161,3
894,340,4
796,198,4
91,187,5
404,876,2
394,12,4
308,1118,4
699,243,2
908,192,2
318,340,4
200,546,3
798,1509,3
10,704,3
560,458,3
883,271,2
660,167,2
125,80,4
307,121,1
590,100,5
34,1024,5
178,540,3
875,504,5
561,86,4
253,200,4
749,188,3
643,820,3
189,525,5
843,450,2
159,272,5
653,742,3
392,491,5
21,688,1
72,844,4
6,469,5
847,173,5
721,56,3
102,577,3
67,405,5
181,1171,1
249,257,3
200,568,5
407,180,4
806,227,2
450,332,4
269,367,3
181,359,1
593,846,2
497,622,2
270,164,5
109,748,3
500,285,3
14,628,5
347,222,4
144,174,5
457,96,5
159,756,4
662,6,5
291,49,4
447,27,3
928,172,5
592,526,5
648,28,5
292,176,5
222,1066,1
442,742,3
425,743,4
85,160,3
601,258,5
748,196,3
502,301,1
611,301,4
805,58,4
758,531,5
693,273,3
807,373,4
156,651,4
864,183,4
814,17,3
90,1039,5
328,228,3
31,271,4
731,662,3
865,169,5
655,1448,3
822,408,5
920,286,2
664,514,5
927,41,4
543,28,4
303,379,4
181,476,4
756,122,1
180,186,4
807,234,3
805,769,2
889,338,1
837,1047,1
256,802,3
239,513,5
44,432,5
642,240,3
303,236,4
214,216,4
548,283,3
397,195,3
823,56,5
632,609,3
508,524,5
286,763,2
345,220,3
155,286,4
60,194,4
892,25,4
145,234,5
337,471,5
6,19,4
94,214,5
919,558,5
407,174,5
749,205,4
10,48,4
798,485,5
642,928,5
363,431,2
206,340,3
804,219,3
588,172,5
336,186,4
301,552,3
782,339,3
197,526,5
432,150,5
297,529,3
708,225,2
254,64,4
860,245,3
530,476,4
299,501,3
389,302,5
394,29,3
87,1072,3
307,21,4
123,165,5
405,939,5
820,313,5
422,234,4
16,158,4
329,269,4
591,322,2
437,501,4
237,603,5
682,128,4
532,22,5
543,796,3
761,245,5
376,111,4
75,290,4
300,300,4
336,70,5
254,75,1
232,52,5
642,552,4
457,1039,5
409,937,2
192,515,4
847,658,3
420,475,4
224,518,1
118,774,5
846,751,5
379,310,4
279,257,5
748,187,4
645,963,4
436,111,4
844,70,4
436,1489,2
174,315,5
774,194,3
125,763,3
844,318,4
748,69,4
313,632,4
13,394,2
303,928,3
222,812,2
429,192,3
632,183,4
913,603,4
627,541,4
519,1295,5
44,67,3
291,244,2
454,107,3
451,263,2
664,525,4
667,197,4
798,399,5
264,672,3
424,882,3
422,250,5
211,455,3
294,347,5
564,245,4
342,194,3
315,513,5
194,173,5
314,1094,1
303,824,3
469,199,4
916,1011,4
405,1316,1
870,223,4
331,269,5
903,87,4
592,236,3
321,52,3
332,226,5
152,153,4
5,151,3
437,219,3
585,1266,3
20,208,2
666,655,4
880,22,4
540,1016,4
85,192,4
588,142,5
409,945,3
452,212,2
634,685,4
429,181,5
350,185,5
897,239,2
622,2,4
892,946,3
130,939,4
530,220,5
854,129,3
151,143,5
91,418,2
51,705,1
436,95,4
533,21,3
53,15,5
382,100,4
472,715,4
591,487,4
643,231,2
96,1,5
780,474,3
132,1154,3
15,278,1
200,230,5
454,193,2
92,781,3
279,762,3
842,302,5
234,210,3
586,77,3
721,328,5
230,144,3
76,1158,4
298,50,5
643,629,3
406,56,5
121,57,5
280,380,2
605,118,3
495,9,5
20,742,4
222,448,3
397,588,4
577,338,3
291,636,4
268,455,3
668,307,4
270,17,2
655,1014,3
194,451,2
401,70,4
715,658,4
110,688,1
13,866,3
60,661,4
436,592,3
298,660,3
805,1071,4
823,193,5
194,117,3
222,368,1
83,50,3
42,1028,4
62,173,5
144,216,4
59,741,4
487,144,5
806,249,4
904,815,4
524,13,4
297,1136,3
693,180,3
221,1250,2
311,228,5
141,1014,3
363,746,4
429,273,4
343,208,4
34,332,5
487,94,3
354,272,3
417,24,3
370,856,3
286,209,4
796,849,4
479,1,5
655,1170,3
60,28,5
234,1149,3
234,925,2
829,318,5
409,153,4
881,185,5
488,180,2
429,227,2
49,928,2
617,531,2
886,425,4
880,815,4
712,728,4
345,323,3
373,48,5
6,1,4
426,1020,4
505,358,3
454,661,4
533,480,4
805,655,3
64,310,4
446,359,3
942,131,5
800,742,4
339,218,3
773,50,5
542,64,4
725,321,2
833,385,3
96,445,4
648,98,4
766,178,4
262,44,2
347,195,4
379,504,5
551,92,5
755,688,3
634,922,4
14,477,4
848,210,5
305,192,2
599,120,3
18,612,4
914,371,4
906,287,5
753,286,3
622,4,4
435,748,4
18,603,3
447,202,3
429,11,4
666,257,3
393,349,3
786,126,4
296,150,1
371,185,3
110,1249,3
116,1020,3
927,174,3
325,650,3
13,385,3
1,30,3
650,153,4
637,117,2
561,455,3
563,781,4
500,483,4
194,56,5
307,708,4
387,178,3
301,411,1
801,682,5
488,136,4
508,502,4
55,144,5
110,364,3
393,89,3
417,127,4
378,151,3
521,153,4
326,89,4
435,541,4
253,343,4
685,340,2
487,748,4
268,1037,2
707,12,3
778,94,2
109,1244,3
671,123,5
6,117,2
591,216,4
746,566,4
228,690,5
741,280,3
234,190,3
801,333,5
472,257,4
843,175,4
805,660,3
392,98,5
12,416,3
235,524,5
773,639,4
49,111,2
393,418,3
932,105,2
299,77,3
10,98,4
880,44,4
314,121,4
94,1046,2
152,367,3
900,100,4
117,173,5
618,969,3
94,546,3
902,257,3
6,136,5
826,1231,3
457,287,4
804,31,4
46,262,5
846,515,5
101,50,4
190,717,3
788,132,5
792,282,3
48,425,3
235,792,4
117,184,3
896,1194,3
773,940,2
880,1052,1
537,1006,2
707,606,4
363,248,5
736,294,3
862,496,5
17,13,3
749,746,5
325,517,4
385,37,4
789,628,3
1,155,2
523,42,3
53,181,4
629,245,3
14,655,5
934,161,4
540,181,4
478,98,5
305,327,3
504,529,4
922,51,4
94,223,5
1,241,4
790,862,1
318,307,3
897,622,3
95,91,5
724,349,2
380,449,3
406,152,2
620,63,5
330,172,5
843,227,3
262,223,3
850,172,5
606,7,4
551,570,4
506,410,2
59,55,5
660,298,2
660,209,4
159,597,5
331,491,3
786,15,3
514,172,4
588,433,5
369,948,2
943,794,3
526,273,2
116,145,2
796,278,4
576,137,3
601,234,1
135,183,4
178,427,5
815,188,3
429,155,2
554,238,3
694,1020,4
735,275,4
307,403,3
886,651,5
54,255,3
606,284,4
274,597,3
532,58,4
288,346,5
870,88,2
11,401,3
92,243,1
650,514,3
416,985,3
891,546,3
756,230,3
339,23,5
330,427,5
268,562,4
260,300,3
624,300,4
552,1277,3
860,49,2
207,475,2
480,483,3
457,566,4
280,499,4
468,294,3
612,1060,4
918,216,2
197,326,3
428,243,4
204,172,3
573,632,4
308,313,3
18,237,3
592,259,2
592,181,3
887,8,4
279,509,3
385,1252,5
389,47,4
666,974,4
497,545,3
769,222,4
30,135,5
805,709,4
299,498,4
43,82,4
782,313,5
815,99,4
708,181,5
387,769,1
197,399,2
363,87,3
708,763,4
280,68,3
697,1245,1
145,328,5
18,13,5
398,712,2
758,427,4
626,270,2
472,751,5
344,71,3
940,1401,1
813,342,1
894,1255,4
577,399,4
135,1217,2
330,71,5
943,739,4
321,611,4
59,1,2
87,80,4
327,4,4
405,783,2
63,255,4
711,676,5
804,511,4
943,181,4
97,100,2
655,297,4
445,1016,1
339,124,4
234,294,3
503,430,5
780,705,5
345,534,4
405,56,4
87,423,3
82,412,1
648,71,3
806,271,3
152,794,5
308,510,3
311,921,4
222,810,2
487,176,5
662,591,4
843,176,4
38,144,5
505,140,4
328,203,5
314,761,4
478,673,3
94,631,5
588,959,5
871,286,3
13,865,5
512,313,3
622,178,4
882,25,2
897,451,4
417,508,3
882,168,5
607,494,5
206,1434,1
43,316,5
405,1228,1
717,1137,5
629,22,5
271,357,5
871,895,3
543,709,3
328,432,1
472,930,5
346,879,5
502,323,4
299,45,3
94,45,5
451,680,1
332,73,4
421,117,5
200,161,4
796,271,5
733,546,1
566,631,4
715,58,4
176,919,2
313,183,5
406,26,3
177,336,2
650,427,4
383,488,4
541,215,4
659,602,4
101,370,2
339,98,4
327,250,2
749,183,5
326,204,3
244,67,4
774,526,4
608,506,4
537,237,3
42,925,4
92,665,3
209,688,1
450,87,5
420,285,5
880,588,4
749,1088,2
499,525,4
604,288,3
134,258,4
561,1478,3
72,471,4
159,1221,5
328,696,3
3,319,2
90,241,5
891,313,5
256,82,5
85,221,2
292,222,3
655,1296,3
792,118,2
561,207,3
334,707,4
44,665,1
147,270,3
297,98,5
59,229,3
363,735,3
487,404,4
373,278,5
589,288,5
524,955,1
276,241,4
817,117,5
322,9,4
669,482,4
863,333,5
881,9,3
663,174,5
184,631,4
271,172,5
395,151,3
566,736,4
407,972,3
280,162,3
545,563,3
445,1012,1
354,166,4
252,100,5
894,171,3
890,186,2
452,517,2
276,1413,1
782,1668,3
894,52,4
379,12,5
198,51,3
617,670,1
741,28,3
311,101,4
83,663,5
91,1126,1
916,82,4
790,559,3
427,681,5
209,1105,2
442,281,3
457,783,3
315,168,4
886,238,3
299,642,4
308,411,4
301,431,4
394,773,4
276,117,4
10,664,4
276,473,4
262,367,4
506,792,2
711,186,3
472,1074,5
198,871,1
666,175,4
608,69,4
145,743,1
67,240,5
276,160,4
342,153,4
326,564,3
311,161,4
872,975,4
169,300,5
144,632,4
577,151,4
297,151,3
497,155,3
207,322,3
343,211,5
716,497,3
391,237,4
189,656,4
45,411,3
290,180,1
885,169,5
125,105,3
562,550,4
870,1021,2
908,419,4
622,69,4
537,32,3
223,333,4
560,1014,4
291,1277,4
183,144,3
181,1350,1
468,117,2
330,603,5
933,215,3
301,427,4
459,259,4
751,419,4
790,825,3
246,550,3
630,50,3
491,237,3
864,451,4
790,161,4
776,667,2
391,191,3
279,211,4
90,269,5
67,151,4
381,934,2
363,62,2
543,210,3
65,471,4
757,385,3
59,403,5
916,106,3
187,462,5
472,62,5
833,444,3
35,326,3
529,322,4
560,288,4
305,566,3
292,228,5
932,148,2
456,179,5
44,164,4
663,763,5
868,169,5
101,181,4
797,286,2
90,354,3
592,1079,1
886,98,4
405,1399,1
694,131,5
177,628,2
92,554,2
465,651,3
663,183,4
938,370,5
64,679,3
865,627,1
187,97,3
141,279,1
932,96,4
614,276,4
422,201,4
835,25,5
307,197,4
91,618,3
715,546,4
254,211,3
6,471,2
728,15,4
43,277,1
880,98,5
339,180,5
506,529,3
748,58,4
44,228,5
738,153,4
327,93,4
637,328,4
934,498,3
481,198,4
927,426,4
689,50,5
92,47,4
537,971,4
896,1217,2
812,292,3
588,98,1
339,522,5
223,826,1
145,977,3
370,172,4
7,97,5
392,304,4
916,233,3
654,69,4
478,23,2
326,429,5
846,403,3
913,203,4
214,268,2
189,1154,3
541,99,4
6,248,3
646,690,3
892,425,5
205,678,1
194,404,3
696,310,4
801,890,2
579,289,2
682,83,3
644,50,4
79,325,5
551,693,5
94,191,5
943,284,2
339,55,3
678,127,5
854,269,4
399,154,3
452,924,5
13,230,3
223,620,2
683,288,3
20,243,4
417,475,4
70,411,3
678,1129,1
821,125,4
804,56,3
697,333,3
877,258,4
456,100,3
306,283,3
425,445,3
99,651,5
393,215,4
94,417,3
716,72,3
848,174,5
846,723,2
308,65,3
336,734,1
533,294,4
625,134,4
846,387,3
429,549,4
843,193,3
250,81,4
525,1315,4
774,521,2
373,367,3
537,273,3
796,4,5
608,421,5
381,634,3
235,194,5
9,690,1
28,294,3
887,1383,4
655,1516,3
90,528,5
72,504,4
666,173,4
450,785,3
758,269,4
788,402,3
766,196,3
214,276,3
492,45,3
807,29,4
506,168,5
601,740,4
19,435,5
846,404,4
459,455,2
306,756,3
189,634,3
95,51,4
270,471,5
567,50,1
543,64,4
505,190,4
203,7,3
398,478,5
894,125,3
6,134,5
815,176,4
499,7,4
130,228,4
91,515,5
456,419,4
18,200,3
532,833,4
429,250,2
269,922,5
934,69,5
22,154,4
553,213,5
588,1219,2
8,294,3
903,746,2
934,193,4
338,134,5
225,193,4
650,472,3
360,308,4
786,405,4
508,175,4
130,77,5
70,380,3
329,186,3
833,410,3
13,771,3
796,82,3
533,423,5
699,825,3
837,596,3
345,272,5
298,257,4
385,1012,3
621,142,3
588,747,4
321,173,4
285,346,4
489,245,3
23,451,2
286,588,5
883,455,4
85,447,3
187,23,4
478,204,4
254,429,4
541,596,4
655,161,2
279,238,4
43,847,5
474,498,4
804,188,4
26,252,3
331,1017,2
891,1040,3
699,405,3
241,302,3
666,286,5
291,7,5
561,676,3
450,125,4
482,298,4
804,239,4
289,15,3
437,581,1
464,127,5
532,865,2
326,97,4
893,24,4
478,658,3
286,123,5
425,670,3
95,385,4
210,181,5
842,258,3
932,1411,4
327,484,3
405,659,4
757,128,3
790,96,3
265,107,1
542,237,4
827,333,3
360,194,3
862,1011,5
15,291,3
189,1404,5
645,188,4
21,974,3
85,275,3
429,529,4
467,7,5
846,72,4
374,28,5
393,494,4
417,413,3
487,22,5
354,124,5
121,25,5
812,328,4
328,77,4
519,1617,5
704,639,2
879,50,4
487,133,4
454,143,4
495,507,4
886,48,4
537,613,3
217,825,3
367,637,3
54,685,3
383,480,5
119,259,4
21,9,5
512,23,4
116,7,2
72,28,4
918,179,2
268,101,2
407,101,3
226,191,4
54,325,3
222,35,1
359,405,3
933,476,2
489,334,4
48,529,4
198,187,4
815,684,4
903,467,3
321,50,4
237,525,4
631,313,4
59,10,4
293,45,5
745,12,5
653,967,2
477,739,4
369,316,5
622,79,5
304,681,2
43,161,4
409,1379,3
655,403,2
6,187,4
42,43,2
18,845,3
376,269,5
460,124,4
490,1067,2
771,79,1
14,474,4
291,246,5
705,265,5
339,9,5
201,421,2
343,66,3
715,117,3
20,98,3
1,156,4
97,135,5
286,34,5
293,544,3
487,216,4
13,265,4
577,1044,4
861,52,5
271,286,4
618,477,2
256,282,3
932,705,4
533,382,1
543,188,4
493,186,5
70,121,3
823,588,3
276,854,4
778,78,1
314,812,4
442,508,3
450,470,5
151,66,4
437,423,5
495,1183,4
347,239,5
271,510,4
625,188,4
906,473,4
847,120,1
276,142,3
458,423,2
903,23,5
880,742,4
659,762,3
524,501,2
380,234,2
641,336,3
416,55,2
230,627,5
299,855,4
863,346,5
901,252,3
62,228,3
146,269,4
456,50,4
128,402,1
180,153,1
561,1035,3
742,250,3
387,564,1
102,167,2
507,319,3
493,404,4
807,550,5
916,844,3
899,153,5
268,710,3
684,732,4
399,426,3
301,210,4
869,1132,1
773,127,5
605,1040,2
642,288,1
906,742,3
138,111,4
486,1093,4
327,197,4
854,83,4
64,175,5
781,210,4
167,318,5
896,768,2
782,905,4
932,209,5
233,194,4
387,772,4
378,135,2
380,561,2
457,194,5
516,191,4
46,294,2
279,144,4
298,604,5
174,117,5
222,755,4
330,1028,4
548,151,1
837,950,2
843,209,3
90,656,5
537,466,4
760,776,5
342,756,3
889,190,3
201,1229,3
524,60,5
860,257,3
592,250,4
200,802,4
795,1095,3
665,65,4
201,195,3
240,286,5
499,194,4
716,157,3
265,591,5
454,631,2
877,727,4
442,684,3
533,94,4
524,286,5
23,175,5
276,246,4
330,418,5
405,1423,1
796,245,3
33,880,3
714,405,5
378,393,3
286,189,3
749,174,5
186,1046,3
312,671,5
385,851,5
12,318,5
620,895,3
279,763,3
504,155,3
828,985,3
537,950,3
925,217,2
870,736,1
703,127,5
59,603,5
620,1480,3
431,748,4
234,571,2
872,300,5
401,211,4
364,294,5
346,216,3
243,813,4
143,258,3
186,31,4
455,738,3
243,137,3
528,58,5
194,76,2
398,589,3
411,117,2
330,72,5
650,612,4
636,1,3
291,760,2
181,363,1
542,318,4
435,7,4
497,655,4
637,111,3
573,237,4
60,484,5
840,66,3
653,180,5
394,679,3
922,228,4
772,288,2
663,521,3
267,121,3
496,277,5
595,9,4
708,538,2
436,174,3
23,603,4
126,289,3
486,336,2
72,1148,4
883,873,3
312,557,5
251,468,2
535,508,5
279,1072,4
863,343,5
778,216,3
833,1071,3
145,929,2
435,928,3
455,245,3
105,333,3
15,292,5
807,69,5
437,483,5
889,700,3
900,1132,1
702,271,1
812,873,4
153,265,4
885,161,4
13,777,1
660,91,4
474,50,5
92,1042,3
895,284,3
339,30,3
325,154,3
243,15,3
592,1060,2
79,763,5
912,318,4
666,805,4
222,426,1
279,831,5
373,95,5
486,762,4
931,678,3
615,69,4
937,93,4
467,246,5
533,286,4
496,155,1
6,516,4
198,185,3
625,209,3
940,172,4
25,125,5
13,678,3
59,59,5
660,658,1
863,1434,2
548,413,3
583,258,4
472,541,5
269,53,1
698,230,3
506,661,5
548,475,4
712,61,3
266,268,4
373,380,4
22,161,4
339,73,3
870,272,4
698,1149,3
532,506,5
85,515,5
537,347,4
918,161,1
592,342,2
262,111,4
659,705,5
608,276,2
504,756,3
373,684,4
603,62,2
378,82,4
561,805,3
435,45,5
913,57,4
295,50,5
118,675,5
832,260,3
117,12,5
882,409,4
238,458,4
567,192,4
691,170,5
147,898,5
60,1020,4
320,1052,2
665,202,3
454,748,4
328,291,4
401,478,2
860,310,4
328,582,5
174,239,4
269,627,1
268,108,3
746,597,4
395,748,3
62,180,4
22,21,4
758,827,3
901,95,4
276,737,4
354,193,3
738,147,3
363,171,5
846,451,4
217,53,1
201,2,2
698,490,3
437,517,4
58,173,5
18,56,5
95,649,4
600,515,5
489,288,4
854,840,2
222,240,2
870,959,4
458,648,4
882,210,4
890,423,5
393,332,4
851,1105,4
88,319,3
126,300,4
756,95,3
782,354,2
630,240,3
606,258,4
106,100,3
472,1034,3
59,172,5
738,318,5
184,766,3
758,1244,3
499,173,5
497,809,3
183,450,3
293,300,2
716,174,5
17,628,1
390,289,3
611,305,4
294,281,3
487,210,4
889,282,4
437,135,4
347,70,2
712,66,5
385,1535,4
363,747,5
320,825,4
628,292,5
435,193,3
223,278,4
889,461,3
308,291,3
527,238,5
387,943,4
363,2,4
151,480,5
655,525,2
924,172,4
537,639,2
813,263,3
231,313,3
226,169,5
663,315,4
645,428,4
429,88,3
15,323,1
731,648,4
246,724,4
417,142,3
655,305,4
753,673,1
50,547,4
847,485,3
588,550,3
889,435,4
788,597,3
667,182,5
72,792,3
716,792,4
76,327,3
405,209,3
94,168,5
806,302,4
456,109,3
488,133,4
868,475,4
405,1404,1
184,1117,2
870,276,4
894,137,5
60,637,4
832,873,2
686,474,5
923,273,5
524,367,5
592,307,4
207,535,3
655,326,2
404,258,4
625,498,4
246,941,1
839,117,5
21,370,1
19,202,4
399,364,4
236,211,3
500,831,3
342,378,4
16,151,5
864,153,5
601,671,4
21,987,3
10,558,4
663,89,4
788,174,2
722,597,3
339,772,4
456,33,4
328,665,2
805,202,2
118,17,3
416,56,5
518,476,4
151,489,5
393,364,2
938,100,5
265,410,4
486,475,4
635,117,2
234,135,4
222,68,4
831,479,4
683,321,5
885,582,2
389,131,3
823,173,5
606,273,4
221,1314,3
40,345,4
296,180,5
67,24,4
560,423,4
206,1395,1
720,311,5
24,200,5
459,825,3
665,135,4
297,430,1
763,692,2
244,9,5
119,412,4
393,824,3
90,190,5
325,1003,3
815,50,5
193,1168,4
488,323,1
228,812,5
460,1142,4
496,89,5
184,7,3
13,121,5
94,187,4
148,174,5
599,948,4
269,660,1
279,319,4
655,466,3
619,50,4
389,520,3
194,94,3
759,984,2
788,135,3
301,658,3
682,959,4
763,99,4
334,461,3
251,79,5
416,305,3
655,958,3
886,183,5
393,715,1
480,152,4
871,510,3
21,260,2
766,465,3
94,186,4
379,395,2
144,65,4
72,56,5
716,611,5
481,216,5
461,294,3
587,325,5
766,186,3
145,66,4
116,603,3
251,1098,3
748,132,3
882,211,4
863,1237,4
592,332,3
13,405,2
714,117,5
890,195,5
815,614,3
254,214,1
865,743,1
125,90,5
918,381,5
593,79,4
106,162,5
95,739,3
293,315,3
521,97,3
645,177,4
857,283,5
189,1402,4
392,872,4
805,406,1
222,806,4
406,172,5
429,318,5
503,1317,4
913,419,5
425,398,1
5,209,5
64,77,3
500,462,4
236,1013,2
230,181,4
271,699,4
474,282,4
705,385,4
184,496,5
899,284,3
848,642,5
642,99,2
312,427,5
859,475,4
694,517,4
405,200,2
551,228,5
5,80,2
174,70,5
724,269,4
125,109,3
705,193,3
867,252,2
635,875,2
486,717,2
751,172,5
896,836,3
53,257,4
456,1604,4
327,195,4
407,1118,4
767,921,5
303,289,2
618,699,3
221,1437,3
11,216,3
619,181,4
543,22,3
592,455,4
311,528,4
451,1280,1
911,501,3
233,204,5
391,234,4
653,563,1
523,258,5
11,527,4
786,71,5
334,553,1
864,140,3
926,313,3
455,98,4
652,286,3
474,419,4
256,988,4
445,181,2
811,301,5
674,315,3
774,62,2
269,121,1
864,577,3
250,191,5
715,284,4
94,77,3
654,12,5
553,153,5
496,559,5
73,7,4
219,215,5
394,1210,3
13,716,4
62,298,4
747,58,3
290,99,4
22,566,3
692,1040,2
496,1063,3
514,156,4
715,208,3
269,492,4
428,892,4
11,736,4
5,411,1
943,385,4
457,65,5
538,22,5
523,70,5
715,216,4
603,273,1
686,467,5
503,246,5
1,52,4
271,1139,3
276,313,5
92,193,4
592,255,4
551,9,5
405,646,2
545,1091,3
749,419,5
840,512,5
660,181,4
151,70,4
880,82,3
608,28,4
839,1,4
456,1008,4
326,559,3
248,324,4
222,1145,3
256,49,4
495,96,4
909,292,4
903,186,5
825,841,4
92,500,4
293,1248,2
406,647,5
235,512,5
334,98,4
679,121,2
292,488,5
178,271,4
643,219,5
590,864,1
532,586,4
301,665,2
324,1,5
95,389,4
875,269,4
901,235,3
591,451,3
456,127,5
6,71,4
919,1086,4
416,1089,2
705,405,4
915,1038,2
883,971,3
592,1071,4
125,914,1
883,989,5
791,319,2
234,209,4
325,482,4
201,1211,3
733,121,3
638,175,4
60,89,5
370,650,5
295,624,5
456,460,3
102,176,3
707,13,4
236,196,1
548,250,5
423,348,3
325,435,3
405,1018,1
407,8,5
90,889,3
361,23,5
825,979,4
244,955,4
667,272,5
176,50,5
409,705,2
164,678,4
189,275,5
268,241,3
184,497,4
653,693,1
474,248,4
89,949,3
655,533,2
411,174,4
113,678,2
703,845,4
435,929,2
565,170,5
69,333,3
379,520,5
60,745,5
393,323,2
700,169,3
833,106,2
715,145,2
805,108,3
22,651,4
708,151,4
345,588,3
425,323,2
426,204,3
334,879,3
693,1145,2
882,660,3
573,127,4
751,658,3
13,760,1
766,135,4
91,28,4
830,402,4
669,514,3
561,524,4
872,1061,4
49,299,2
174,138,1
847,210,3
606,596,4
246,403,4
378,1220,3
72,525,4
432,248,4
758,576,4
798,588,4
587,690,3
413,321,3
339,80,3
354,528,5
642,65,4
645,616,3
292,173,5
741,724,4
749,56,2
255,982,2
881,542,1
871,271,5
516,50,5
643,521,4
770,596,4
410,258,2
833,641,4
795,4,4
543,732,3
320,554,4
868,181,5
13,264,4
780,419,4
64,185,4
923,1012,5
727,455,3
840,127,4
645,514,5
701,751,4
582,222,4
7,99,5
604,183,3
599,1357,2
748,732,4
456,952,4
592,302,5
565,83,5
178,176,4
175,669,1
722,147,3
458,143,4
606,151,5
479,526,4
327,192,5
293,514,4
494,924,4
292,631,5
478,42,5
936,756,4
542,191,5
437,485,4
593,117,4
537,1147,3
406,98,4
318,809,4
912,1041,4
749,167,2
14,81,5
450,199,5
621,67,4
380,313,4
194,52,4
280,142,4
416,147,5
128,838,5
207,56,4
181,1355,1
864,172,5
707,498,3
833,657,4
551,403,3
13,345,4
498,663,4
850,82,5
750,258,3
716,1124,3
916,498,3
501,129,4
270,56,5
916,559,3
13,471,1
457,173,5
268,484,4
871,301,4
442,401,2
178,302,4
308,180,5
344,462,2
533,408,4
497,1419,2
141,346,1
793,106,3
910,307,2
483,743,1
606,307,4
788,798,2
153,56,5
618,44,4
642,237,5
796,945,5
345,170,5
102,288,2
573,192,4
932,1449,5
246,1228,1
458,529,3
618,382,2
885,946,3
378,747,3
1,183,5
707,194,4
72,480,5
542,246,3
345,382,4
636,258,5
903,192,5
164,237,2
561,710,4
372,201,2
620,225,3
323,23,5
95,174,5
660,106,2
323,246,4
303,1092,1
347,291,5
128,942,5
32,118,3
92,156,4
295,381,5
716,651,5
500,89,4
64,188,4
632,877,1
247,28,5
317,328,4
328,186,4
73,588,2
682,185,4
87,274,4
805,258,3
124,1,3
405,53,2
869,411,4
345,11,4
56,82,4
43,597,3
63,979,3
6,194,4
503,482,5
639,28,4
592,257,4
457,135,5
225,604,5
413,147,2
168,225,5
30,231,2
157,597,3
627,597,3
291,798,4
76,1157,1
29,306,4
179,905,4
903,479,4
648,502,5
587,938,2
64,194,5
43,1047,3
588,578,5
233,127,5
665,1040,4
224,715,1
660,473,2
23,83,4
92,271,2
938,591,3
851,231,4
537,1475,2
637,124,3
699,117,4
130,181,5
773,32,4
788,29,3
450,29,3
895,597,2
715,183,3
207,237,4
313,357,5
1,39,4
127,286,1
659,568,4
118,185,5
648,564,1
383,166,4
378,744,3
359,24,3
399,1060,3
312,179,5
327,659,4
389,199,5
603,22,4
357,597,4
387,208,3
173,690,5
151,98,4
239,288,2
346,571,3
566,419,2
870,699,3
862,658,5
591,514,4
43,123,1
751,1007,4
95,50,5
840,152,4
609,890,1
416,765,4
466,328,4
697,123,5
648,23,3
393,977,4
808,872,5
222,729,4
219,546,4
725,879,4
213,182,4
901,155,5
848,530,5
704,603,5
174,950,3
56,738,3
537,566,2
907,496,4
354,610,4
556,286,4
8,651,5
286,1,4
450,1047,4
163,258,4
181,744,2
682,895,4
303,334,3
10,176,4
450,704,3
596,149,3
192,125,3
115,174,5
246,1052,1
26,7,3
624,886,4
316,483,4
885,153,2
665,866,3
847,444,3
450,166,5
552,760,3
222,367,2
497,19,4
682,151,5
363,231,1
234,497,4
82,476,3
481,484,4
327,634,5
101,151,3
417,169,3
222,790,1
716,661,3
551,468,5
653,172,3
796,125,4
314,815,5
899,133,3
297,97,5
405,1438,1
499,100,4
365,321,5
43,315,4
621,391,3
203,879,4
116,250,4
344,12,5
96,1154,5
304,271,4
798,482,3
579,66,4
442,82,3
414,886,4
90,526,5
510,1025,3
5,370,1
911,176,4
198,24,2
230,234,4
344,50,5
892,436,3
788,44,4
389,604,4
639,527,4
216,47,4
533,65,4
492,97,3
10,211,5
929,23,3
354,936,4
617,774,1
474,663,4
314,8,4
726,409,3
201,655,4
206,1313,1
194,124,4
110,783,3
189,603,5
486,127,5
373,433,3
291,576,4
279,99,3
461,319,3
639,923,4
8,56,5
907,506,5
77,168,4
210,153,5
189,91,3
538,173,3
94,402,4
130,588,4
666,237,3
262,476,3
136,223,4
438,21,2
561,92,3
393,929,3
727,191,4
286,432,3
643,186,4
795,382,4
527,466,2
774,413,1
104,293,3
487,651,5
408,313,4
200,447,4
264,156,2
8,336,3
38,508,2
870,1041,2
710,310,3
707,45,4
254,181,5
15,696,2
599,476,4
568,435,2
655,1634,2
22,455,5
919,406,3
671,68,3
95,523,4
679,423,3
405,570,1
749,378,5
321,59,4
524,269,4
223,28,4
98,988,1
771,462,3
432,864,2
841,286,5
209,181,4
405,94,5
87,199,5
60,166,4
347,1059,3
712,220,5
751,50,5
886,128,4
154,222,2
588,107,5
588,421,5
450,663,4
244,174,3
788,54,4
666,300,3
363,616,3
699,20,4
399,8,3
690,63,3
346,366,2
77,127,2
689,118,4
435,786,4
405,715,1
390,742,4
666,638,3
299,111,3
655,476,2
707,462,4
279,411,3
85,300,3
698,588,4
512,11,5
805,216,2
648,69,1
823,531,4
265,257,4
837,125,5
235,87,4
21,742,3
889,26,4
382,508,3
846,96,4
705,94,4
49,473,3
868,426,4
99,1,4
56,483,4
13,909,5
693,210,3
589,301,2
313,582,2
828,288,3
323,535,3
233,286,3
518,370,4
267,944,3
244,52,4
11,743,2
325,521,4
246,211,4
329,137,5
738,209,4
56,546,3
491,408,5
145,717,3
843,959,2
7,651,5
156,58,4
940,746,3
533,411,2
405,549,1
184,137,5
747,39,4
939,285,5
493,151,3
345,566,3
804,64,5
777,522,5
324,331,4
268,738,2
708,847,3
561,744,3
682,1437,2
790,216,5
568,612,3
99,546,4
184,647,5
817,405,3
665,126,4
855,510,4
276,172,5
303,393,4
13,864,4
339,203,4
854,223,4
568,988,1
244,294,4
866,889,2
271,277,4
116,310,4
327,151,4
222,127,5
69,245,1
478,392,2
271,191,5
6,223,4
705,416,3
908,496,5
309,258,5
495,1133,3
394,552,3
411,181,5
21,452,4
805,141,2
43,956,1
463,926,1
393,386,4
145,591,4
407,131,3
912,143,5
452,170,4
682,272,5
476,585,1
200,768,4
851,160,5
476,748,2
521,50,4
749,199,5
559,1101,4
477,49,5
253,198,5
133,271,5
538,144,4
409,1541,4
500,1166,4
214,257,3
782,264,4
798,805,4
162,1011,4
532,531,5
58,228,5
43,71,4
832,313,5
199,221,4
299,275,4
757,549,5
633,921,3
429,62,3
798,1517,4
407,56,5
503,156,1
463,250,4
227,129,5
23,380,5
10,82,4
94,731,3
361,742,1
788,661,5
1,104,1
109,735,5
38,88,5
200,188,4
381,498,5
648,413,2
823,88,5
255,259,3
262,64,5
279,474,5
87,33,3
208,66,4
784,292,4
392,181,5
218,517,3
293,660,2
454,497,3
733,1023,1
706,687,1
497,562,2
119,174,4
10,7,4
686,127,5
275,630,3
158,373,2
548,581,4
720,268,4
561,277,3
58,603,5
758,134,5
473,124,4
457,664,4
661,183,4
664,732,3
698,751,3
97,431,3
870,514,5
284,272,5
104,13,3
234,98,4
328,623,3
875,707,4
727,520,4
271,338,1
271,248,4
256,591,5
721,64,4
125,577,2
116,888,2
94,508,5
758,1088,3
919,287,4
487,128,5
314,106,2
195,1193,4
854,288,5
373,465,4
72,699,3
48,496,5
935,127,4
223,975,1
782,266,1
561,284,1
230,484,5
193,218,4
463,151,4
450,356,4
95,177,3
524,466,4
181,240,1
848,170,5
77,100,3
90,328,3
233,588,5
586,720,4
129,990,2
542,1059,4
828,887,4
642,568,4
394,578,2
804,33,4
62,423,3
716,178,5
887,24,5
622,56,5
410,316,4
305,13,3
302,258,3
10,701,4
89,100,5
342,654,4
790,552,2
756,9,2
823,419,4
406,289,3
276,779,2
68,475,5
867,431,4
427,938,5
13,482,5
220,258,3
14,716,5
457,122,2
912,174,3
26,471,2
222,154,3
916,461,4
257,582,5
18,367,4
406,1010,4
851,92,5
507,678,5
569,222,3
379,251,5
687,323,2
184,512,4
529,245,3
821,1,5
393,58,3
57,678,3
163,326,3
754,15,5
225,136,5
748,692,3
521,1244,3
389,693,4
308,467,4
383,484,4
613,176,5
222,53,5
301,117,5
106,566,4
389,402,3
271,371,5
841,333,4
496,64,3
329,591,2
210,821,3
642,70,2
839,244,3
274,69,5
863,749,2
313,436,4
342,1128,5
744,482,3
314,202,5
886,423,3
882,929,1
681,682,1
85,1018,4
207,483,5
846,519,4
857,116,5
178,500,4
586,249,2
312,23,4
398,229,3
92,531,4
337,636,4
694,632,4
800,864,4
200,410,3
429,409,2
49,581,3
276,387,3
543,163,4
880,625,4
217,258,1
566,521,4
343,203,5
881,161,3
90,199,5
189,582,5
112,315,5
195,748,2
606,38,4
932,188,3
779,121,3
825,1049,3
655,1106,2
694,671,3
83,717,4
382,504,3
271,135,4
49,99,4
230,195,3
59,65,4
303,738,2
883,239,3
119,83,4
889,519,4
161,483,3
666,484,4
334,684,4
666,357,4
286,597,3
927,7,3
890,530,4
280,29,3
551,183,4
934,805,4
773,24,3
932,1205,5
543,8,4
712,99,4
69,151,5
256,1042,5
5,438,1
535,203,3
303,137,4
659,294,4
663,316,4
198,127,5
44,121,4
537,64,3
44,25,2
696,312,4
190,310,4
411,485,4
892,385,3
807,1039,4
870,1210,1
265,279,2
92,147,2
889,649,2
54,100,5
363,350,1
239,745,5
753,435,4
860,283,4
393,22,4
693,196,2
290,720,3
432,250,1
727,207,5
585,60,4
890,153,3
73,135,5
327,482,4
202,515,1
468,82,5
870,603,5
589,873,5
551,505,5
843,53,2
554,70,4
380,570,3
561,357,3
486,268,3
645,179,5
919,535,3
653,136,1
142,124,4
56,230,5
655,1538,3
1,64,5
462,292,5
7,560,3
43,409,3
894,248,4
326,665,1
880,685,4
479,479,4
393,357,2
214,1401,4
207,591,3
99,182,4
862,215,4
387,151,3
757,827,3
174,67,1
423,744,4
297,216,4
314,419,4
548,284,3
751,568,3
771,251,5
456,32,4
97,189,4
741,288,4
168,284,2
328,699,4
642,542,5
59,582,4
213,478,5
753,183,1
385,652,5
825,106,4
506,417,4
507,597,5
293,195,3
315,642,5
805,382,4
112,294,3
181,1334,1
59,679,4
733,762,4
590,275,4
271,161,2
588,71,4
89,301,5
271,427,5
825,924,2
560,1405,4
854,632,4
653,125,2
201,425,3
696,906,3
182,172,5
223,1052,1
451,305,3
796,871,1
249,216,4
328,177,3
451,264,3
717,281,4
6,470,3
299,387,2
291,1206,3
244,941,4
345,241,4
58,655,5
655,405,2
256,356,3
838,258,5
213,515,4
214,856,4
805,425,5
354,255,2
91,603,5
83,88,5
798,1139,3
922,384,4
405,1253,1
890,1,4
7,417,3
535,640,3
521,174,4
727,1016,3
731,705,5
922,375,2
868,154,3
161,284,3
754,9,4
393,139,4
235,190,4
354,81,3
790,763,3
796,293,5
747,31,4
13,90,3
380,465,4
756,151,4
880,367,4
297,89,4
14,204,5
653,566,5
668,993,4
943,393,2
415,531,5
591,615,4
665,9,4
645,653,5
938,597,3
401,210,4
365,285,4
244,708,4
250,140,3
887,432,5
470,235,3
102,568,2
532,918,4
271,107,1
690,240,1
10,475,4
634,100,4
592,338,2
773,769,1
236,735,5
486,620,2
553,435,4
200,239,3
506,1020,4
872,926,4
621,455,4
847,948,1
200,1219,3
900,1298,2
30,751,3
906,284,4
840,609,4
288,528,4
606,427,4
308,169,5
179,895,5
147,301,5
318,722,4
397,172,5
719,121,1
493,118,4
941,1007,4
536,174,5
911,210,3
299,965,4
86,327,4
532,316,4
838,1039,5
622,541,2
637,24,2
319,267,4
197,232,4
894,345,4
469,238,4
49,90,1
551,229,5
749,66,3
592,654,5
268,404,4
655,333,2
234,502,4
124,11,5
741,202,3
435,91,4
13,912,2
595,268,4
835,458,4
655,954,2
62,76,4
15,121,3
864,1210,2
758,297,4
197,333,2
154,89,5
715,70,3
843,665,3
457,52,4
812,286,2
141,291,5
578,245,3
868,186,2
633,176,3
128,949,4
95,24,3
394,665,2
758,746,4
943,423,3
248,176,5
136,303,4
883,30,4
495,416,5
807,930,5
326,493,5
5,369,1
151,186,4
483,116,3
627,47,2
701,285,5
881,8,4
292,86,4
25,657,4
360,304,4
830,49,5
727,271,4
630,276,1
405,709,1
308,523,4
655,741,3
878,175,2
761,222,4
256,288,5
524,1044,4
737,64,4
826,678,4
665,7,4
326,90,1
545,636,3
889,488,2
537,352,1
847,239,5
13,805,4
361,111,3
488,83,4
548,924,3
234,641,4
605,496,5
257,676,4
544,331,3
314,595,3
137,472,4
378,265,4
682,550,2
49,418,3
308,1456,4
54,252,3
23,50,4
58,199,4
215,480,5
591,168,3
301,127,4
223,323,2
363,176,4
504,402,4
911,419,5
430,293,3
409,205,3
13,887,5
671,184,3
548,3,1
870,51,2
246,368,1
293,134,5
207,385,3
403,1,4
848,172,5
896,1681,3
668,137,3
94,32,5
59,277,4
381,150,4
798,945,3
135,564,1
174,412,1
537,664,3
474,208,3
485,289,3
405,806,1
334,753,4
394,257,4
151,147,2
435,640,4
339,549,4
104,127,3
332,409,3
426,432,3
653,293,3
668,69,1
265,284,4
733,1117,2
405,791,1
70,559,3
774,546,1
567,32,5
470,288,4
12,754,4
198,433,2
311,9,4
330,554,3
653,210,4
589,877,4
351,326,5
497,1228,2
521,179,4
268,1157,1
766,498,4
766,663,5
557,268,5
450,430,4
639,553,3
362,302,5
637,255,3
627,699,1
489,880,2
809,678,2
279,862,5
76,197,5
901,94,4
558,9,4
773,895,2
13,764,2
416,791,2
40,303,4
108,14,5
394,405,3
328,915,3
279,514,4
921,1317,2
478,616,4
76,513,5
269,51,2
878,15,4
551,975,5
321,480,4
634,929,3
305,464,3
381,631,4
141,250,4
716,1126,3
312,443,4
621,24,4
178,578,4
32,313,4
527,182,5
393,722,2
159,249,4
398,588,4
42,627,2
870,1008,3
666,168,4
269,1188,1
192,252,1
147,904,5
291,631,5
227,1011,4
177,22,4
92,928,3
318,514,2
601,47,3
496,39,5
781,181,5
798,463,3
747,511,5
934,427,4
620,234,3
826,679,2
85,25,2
450,1036,2
782,1088,2
276,773,3
694,1203,4
588,810,4
236,127,5
676,286,4
745,7,4
94,470,4
21,990,2
601,405,1
264,7,5
643,790,4
454,678,2
885,1311,2
693,419,2
215,182,3
472,678,4
425,289,1
432,300,4
265,288,4
550,310,5
679,153,2
738,380,3
908,69,3
102,286,3
381,97,4
295,52,5
517,127,4
242,268,5
787,302,3
654,82,5
329,274,3
856,289,1
308,502,5
694,481,4
657,7,3
615,332,2
846,608,4
10,357,5
752,311,3
847,740,4
417,248,4
884,275,4
749,100,3
604,443,3
645,91,3
455,301,2
880,65,4
551,447,5
694,228,4
184,531,4
393,825,4
843,79,2
279,50,3
588,133,5
346,2,5
534,286,3
279,83,5
327,806,4
291,80,4
255,300,3
298,275,3
234,285,4
455,223,4
499,166,5
317,355,4
805,422,4
551,943,5
542,410,4
411,161,2
276,260,3
75,460,5
712,416,3
506,761,2
437,484,4
256,984,3
311,5,3
763,498,4
158,455,4
426,478,4
279,434,4
450,15,3
715,462,4
899,479,4
10,269,4
880,1222,4
18,482,5
591,45,5
435,179,5
224,708,2
505,258,1
268,654,5
426,504,4
314,1,5
158,593,4
533,1291,1
58,732,3
429,568,3
664,516,5
624,260,2
13,786,3
840,81,4
627,62,4
562,143,5
554,43,3
514,204,5
339,508,4
903,4,4
936,323,3
144,523,5
478,124,4
328,470,4
805,40,3
712,746,4
435,1028,2
49,1066,2
468,544,3
11,597,2
417,472,2
843,530,3
499,651,4
846,265,5
18,166,4
73,475,4
399,132,3
148,204,3
537,317,3
665,265,3
663,300,4
206,260,3
616,272,5
642,393,5
232,14,4
254,174,5
330,231,5
186,53,1
716,163,4
450,51,4
251,978,2
807,151,4
825,252,5
442,22,2
749,135,4
716,633,4
312,480,5
585,543,3
318,205,3
659,1168,4
291,85,2
95,161,3
393,659,4
710,496,4
393,168,4
2,280,3
854,709,4
60,529,4
533,255,2
620,420,3
542,427,5
606,531,5
1,67,3
454,197,4
379,443,4
321,513,4
655,603,4
201,201,4
848,195,3
620,1036,4
436,504,4
669,879,2
291,1073,5
621,184,3
481,197,3
457,232,4
608,8,2
393,3,3
450,222,3
293,1208,3
497,273,4
468,249,3
627,195,4
919,12,3
436,1522,2
515,332,3
7,173,5
308,69,2
320,572,3
299,182,3
435,382,3
440,86,5
854,1086,3
70,298,5
15,137,4
690,56,4
854,1077,3
697,277,5
279,1402,1
251,612,5
208,662,4
301,105,3
327,111,4
661,298,3
311,699,4
537,792,3
541,465,4
6,98,5
291,202,4
757,1210,2
13,328,3
315,302,5
14,525,5
601,699,3
595,14,5
676,265,5
654,508,1
166,751,4
325,185,5
844,89,3
406,487,3
455,230,3
899,655,4
514,1160,4
60,153,3
875,654,4
625,181,4
257,59,5
267,29,3
7,471,4
655,1086,3
13,473,4
254,554,3
254,588,3
200,121,5
7,127,5
293,156,4
556,604,5
683,914,2
874,514,5
60,490,4
786,376,3
170,292,5
183,720,4
642,444,1
389,579,1
514,659,3
648,22,4
97,655,5
323,204,3
246,178,5
615,215,4
301,122,2
686,170,5
405,432,3
389,274,4
440,242,5
864,134,5
648,227,3
890,675,5
286,217,3
711,829,2
508,378,5
606,31,4
293,485,3
393,1440,3
677,7,4
184,216,4
268,1208,2
741,164,3
535,421,4
119,117,5
804,238,4
194,281,2
90,245,3
167,96,5
532,990,3
580,825,4
301,756,4
868,566,1
846,59,4
199,93,4
234,304,3
313,609,3
458,12,5
627,521,2
296,498,5
436,159,4
102,399,2
699,24,3
201,272,3
54,148,3
827,269,5
178,435,4
345,845,3
504,739,3
11,659,5
448,269,5
121,257,5
653,227,3
521,1016,3
612,604,4
393,690,4
711,213,5
645,664,4
299,915,4
263,202,4
543,168,3
130,993,5
267,720,3
387,195,4
532,655,5
279,1247,2
447,298,4
700,222,3
194,1211,2
870,69,4
308,181,4
886,584,4
880,791,2
112,678,3
622,143,4
605,619,4
513,739,5
650,174,4
124,550,4
533,276,1
833,156,4
150,127,5
551,527,5
11,646,3
385,522,4
862,70,4
479,200,5
665,50,4
115,1008,5
889,172,4
194,167,2
195,797,3
533,1086,3
207,127,5
276,366,3
130,58,2
642,441,1
389,154,3
287,28,5
537,170,3
453,721,4
429,475,4
725,111,3
381,59,3
82,430,5
123,187,4
429,794,3
334,1137,4
151,474,5
943,193,4
394,98,5
236,185,5
13,646,4
479,181,5
623,298,2
715,252,1
816,300,4
245,756,3
85,23,4
880,956,3
533,161,4
624,689,3
445,1047,1
474,1011,4
102,163,2
805,322,2
395,1,5
902,1,5
690,70,2
318,137,4
658,31,3
417,55,5
653,160,3
521,11,4
568,242,4
663,328,4
18,89,3
73,382,4
244,90,4
798,202,2
706,50,5
72,423,5
682,205,3
606,451,3
92,164,4
181,424,1
693,427,4
13,665,2
271,692,4
682,572,4
58,120,2
511,872,5
564,313,4
334,865,2
934,4,5
542,952,4
788,550,3
41,357,4
122,509,4
181,291,3
450,568,4
343,297,5
807,140,3
744,238,4
167,137,5
416,275,5
265,1016,3
656,340,3
921,304,2
10,712,4
382,1229,5
698,491,2
535,482,4
708,276,2
102,294,2
479,189,2
23,1004,3
682,824,1
622,7,5
869,151,5
790,781,4
924,322,2
749,941,5
864,972,2
194,193,4
384,347,4
561,205,3
532,492,4
297,55,4
609,908,1
484,98,4
437,514,4
455,508,4
938,323,3
573,713,4
592,1008,4
295,493,5
591,172,3
435,571,2
777,180,5
6,284,2
474,647,4
669,196,3
798,1249,4
498,109,3
115,178,5
336,1011,2
655,772,3
721,688,3
255,565,1
615,191,5
632,195,5
264,93,5
18,955,4
592,813,4
592,484,4
307,472,3
201,856,3
447,147,4
782,683,1
648,185,5
41,205,4
109,174,5
358,114,5
425,566,2
378,257,4
389,234,4
301,258,4
445,298,2
943,122,1
308,1411,4
454,153,3
313,409,2
232,209,3
822,333,4
392,482,5
920,301,2
64,1133,4
648,318,3
210,300,4
514,157,4
867,228,5
804,444,4
58,462,4
243,162,4
890,151,5
243,129,2
457,114,5
541,769,1
711,345,4
838,298,3
181,864,2
76,318,3
807,143,4
894,922,4
703,322,3
417,29,2
184,221,5
64,429,4
830,183,4
771,275,5
552,117,3
586,202,4
498,175,5
234,31,4
332,322,4
417,51,3
339,1030,1
435,436,4
109,156,5
789,137,2
435,2,4
747,675,2
354,246,4
474,343,3
301,230,4
135,176,4
902,327,3
326,436,3
488,589,3
881,192,5
758,1292,1
714,763,4
330,845,5
81,544,2
95,83,5
514,199,3
201,20,2
110,682,4
880,184,4
833,654,5
113,124,3
621,1118,3
345,412,3
795,564,1
846,785,4
581,847,3
286,210,5
553,367,4
625,476,2
636,121,5
463,472,3
694,603,4
1,95,4
782,532,2
357,831,3
286,215,3
625,483,5
640,540,3
790,411,3
437,657,5
514,70,5
134,326,5
560,201,3
437,402,2
499,484,4
279,671,2
488,414,2
372,875,4
608,288,5
410,689,2
537,306,3
716,357,5
882,66,4
788,531,4
177,245,3
16,735,3
450,506,5
554,289,4
886,64,5
743,259,3
250,477,3
150,235,4
634,315,5
308,1006,4
503,654,5
416,578,4
708,1047,2
292,132,4
201,583,1
235,230,4
450,65,3
405,30,1
286,288,5
363,433,4
326,96,3
835,378,4
640,568,4
18,378,3
691,748,4
230,501,3
919,690,3
577,1028,4
764,31,4
650,928,2
871,337,3
249,108,3
398,684,4
858,327,3
379,9,4
756,1652,1
168,546,3
898,286,2
270,1148,5
58,269,4
234,224,4
804,515,5
192,9,5
774,659,3
886,1065,4
865,501,1
344,235,3
10,85,4
892,473,3
601,183,4
109,97,3
519,333,3
660,239,2
795,675,3
200,208,5
91,69,5
59,724,5
13,191,3
234,1003,2
853,873,3
256,182,4
642,147,4
435,1014,2
715,288,4
249,407,3
786,100,4
650,491,3
878,432,3
301,179,3
516,169,5
276,298,5
270,713,5
919,237,4
62,210,4
407,568,2
392,179,5
916,281,3
331,268,5
254,548,2
758,147,4
595,986,2
268,747,3
758,315,5
566,192,5
912,28,4
154,488,4
222,1016,3
406,176,5
296,248,5
256,284,4
833,238,2
328,679,2
730,815,3
290,82,4
922,153,4
59,871,2
286,204,3
648,717,4
422,1007,4
393,785,3
533,676,5
568,615,5
840,1674,4
500,133,3
496,87,5
315,154,5
405,1391,1
810,879,5
452,815,2
908,7,3
466,1313,3
527,7,5
507,181,5
894,147,3
803,325,4
546,5,5
934,173,3
332,7,4
460,1,2
758,28,4
44,470,3
134,300,3
291,428,5
851,50,5
650,203,3
566,215,3
536,117,4
807,205,3
130,756,4
94,651,5
727,155,3
388,742,5
618,962,1
87,578,3
892,636,4
269,65,4
311,233,4
329,39,2
59,168,5
181,767,1
117,748,3
330,98,5
378,432,4
57,477,4
467,258,2
466,89,3
234,850,2
234,287,3
130,346,4
5,174,5
642,1287,2
429,99,3
328,531,4
536,2,4
159,815,3
168,748,2
924,701,4
596,288,4
891,280,3
774,214,3
405,940,1
429,202,4
504,537,3
139,740,2
195,740,3
178,1258,4
555,326,4
465,1,4
815,427,5
459,147,3
28,219,5
796,401,3
286,1038,5
757,569,3
474,378,4
39,272,2
346,176,4
925,260,3
429,418,3
726,117,1
868,655,4
267,559,3
56,226,4
56,179,3
307,228,5
373,204,5
931,14,4
561,794,2
500,553,2
557,872,5
514,729,4
484,924,5
294,249,5
580,249,5
535,632,4
587,331,3
236,111,4
345,508,4
347,245,5
655,205,3
474,151,3
194,71,4
361,238,4
886,631,4
387,227,4
276,233,3
95,655,4
255,825,1
494,237,4
393,630,4
655,775,2
793,3,4
385,511,4
919,202,3
420,179,5
542,475,3
99,28,3
773,652,3
174,40,4
424,127,4
241,750,5
91,338,4
290,826,2
607,311,4
271,9,4
694,645,4
508,218,2
643,127,5
699,325,5
290,378,3
452,636,5
837,535,1
678,515,4
318,40,4
727,826,2
276,4,4
453,48,4
870,479,5
840,705,4
921,111,4
286,1411,2
320,685,4
689,222,5
501,13,4
325,180,4
681,690,4
174,13,3
18,630,3
95,550,4
643,1139,3
543,742,3
450,774,4
880,1,4
196,25,4
37,82,1
527,200,3
349,15,4
7,474,5
22,210,3
184,528,5
174,210,4
685,299,2
678,222,3
642,1054,3
780,485,4
676,193,5
890,671,5
655,236,3
745,510,3
545,746,4
59,583,5
145,249,4
23,55,4
347,183,3
637,283,2
378,1439,3
427,1265,5
345,293,4
406,135,5
452,290,2
95,650,4
880,823,3
749,284,4
786,86,4
200,597,4
506,514,5
372,674,5
475,100,5
757,751,3
409,264,1
483,68,1
665,286,4
170,294,3
18,157,3
602,148,4
405,404,4
94,61,5
44,100,5
378,196,4
59,483,5
264,645,4
70,1133,3
674,127,5
505,117,4
104,289,4
694,191,5
293,627,2
1,50,5
316,531,5
429,121,3
488,211,4
62,15,2
452,96,2
294,240,3
297,474,4
7,550,4
783,343,5
1,157,4
222,457,1
682,1220,4
229,312,3
96,478,2
586,288,4
405,1589,1
181,472,1
796,232,3
144,831,3
845,310,4
787,342,2
551,476,5
64,662,4
413,275,5
797,1254,2
49,561,2
397,12,4
766,559,4
907,756,4
234,72,3
814,185,3
609,243,1
539,269,5
311,97,4
826,336,4
628,938,5
682,357,3
644,823,4
327,7,3
887,559,4
455,628,4
58,1105,2
189,1400,3
82,597,3
592,1085,3
317,326,3
537,325,1
782,539,3
661,228,5
221,70,3
370,100,4
318,56,3
151,135,5
943,722,3
760,748,4
580,125,3
359,246,3
385,209,4
207,716,3
558,936,5
264,184,5
334,313,4
303,419,4
751,209,4
119,332,4
150,273,4
511,260,4
232,268,4
773,318,4
437,629,3
684,763,2
308,966,3
690,168,3
932,513,5
374,5,4
63,25,4
210,182,5
190,597,2
334,1263,4
916,111,4
663,111,3
434,147,3
646,347,2
234,770,4
481,505,5
474,47,4
298,183,3
533,121,4
457,956,4
545,177,3
508,52,4
886,659,4
324,275,4
815,471,2
199,1354,1
521,755,3
561,702,3
889,831,2
524,161,4
849,676,5
119,310,5
13,181,5
453,276,5
416,770,4
870,692,2
13,569,2
354,387,4
713,750,3
440,245,4
561,130,4
684,756,4
593,423,4
323,334,3
214,516,5
657,300,2
423,282,4
532,545,2
579,428,4
836,880,4
682,239,3
452,947,5
271,498,5
597,264,4
479,283,4
452,243,5
379,233,3
313,63,4
222,31,5
664,234,3
435,778,4
733,237,3
82,480,4
465,135,3
498,649,3
484,926,4
816,349,4
846,373,3
387,96,4
796,339,2
698,191,2
292,419,4
7,527,5
527,156,3
508,317,4
661,180,5
865,625,1
939,591,5
478,145,1
804,192,4
7,541,2
178,483,4
354,45,5
152,1054,1
747,269,4
455,44,3
92,709,2
935,255,4
533,483,4
501,928,3
394,496,5
312,481,5
548,460,4
32,122,2
862,559,4
378,796,2
184,443,3
735,50,5
622,1303,2
390,124,4
829,257,4
452,488,4
276,669,1
276,68,4
271,190,4
678,147,4
3,342,4
805,768,2
497,83,2
38,185,2
897,79,5
606,620,4
846,511,5
151,463,5
327,1067,4
884,127,4
190,742,3
735,325,1
561,164,2
886,628,3
830,173,4
31,192,4
482,243,2
425,209,2
932,570,4
234,229,4
699,3,3
476,210,4
528,194,5
217,147,3
643,246,5
624,147,4
435,587,3
854,463,3
189,180,5
499,69,5
232,186,4
455,14,3
712,495,4
156,100,4
557,262,2
907,151,4
548,118,5
213,942,4
521,829,2
308,519,4
164,823,4
524,1152,3
243,468,3
145,436,5
707,100,5
458,234,4
60,141,3
528,239,5
22,211,3
246,748,1
778,1273,3
798,926,4
919,19,4
394,450,3
360,471,4
204,304,3
577,31,4
221,895,2
938,1028,5
514,1600,4
126,319,2
847,448,4
303,780,5
727,156,4
263,520,3
363,710,5
271,221,3
239,489,5
255,219,5
942,607,5
381,931,4
290,472,4
115,117,4
181,1161,1
848,755,5
747,48,5
625,135,5
445,1534,1
537,958,2
416,491,4
474,923,4
755,323,4
162,294,3
194,529,4
825,741,4
886,544,4
486,818,3
806,257,4
6,432,4
595,926,1
864,201,5
733,244,2
1,137,5
330,708,3
343,72,5
677,742,4
514,275,5
927,274,1
18,42,3
796,423,4
683,187,5
615,211,5
936,294,3
295,68,4
618,559,3
868,121,2
244,246,5
373,211,4
862,141,4
478,68,1
773,171,5
559,196,5
417,655,4
897,485,3
318,186,5
886,1467,5
1,272,3
727,399,3
181,457,1
128,685,3
483,9,2
313,603,5
617,615,3
90,1045,2
747,608,4
317,260,4
405,386,3
77,156,4
404,331,3
543,462,4
788,781,3
633,234,4
791,259,3
85,195,3
491,14,2
63,181,3
298,91,2
767,505,4
468,22,5
778,623,1
94,1044,4
422,458,3
533,525,3
294,50,5
566,20,4
194,491,3
308,1121,3
130,22,5
880,473,3
40,876,3
474,326,3
389,127,5
660,845,3
13,685,5
429,500,1
682,154,5
543,367,4
312,511,5
673,898,3
445,823,1
716,134,5
786,7,5
708,846,2
430,462,3
13,5,1
711,1046,3
763,237,3
151,202,5
506,5,4
455,597,3
421,173,1
878,1100,3
854,1011,2
158,208,5
684,553,4
341,876,4
506,461,2
868,209,4
879,121,4
417,421,4
239,317,5
805,273,2
697,473,5
771,294,4
790,940,3
909,289,3
274,211,5
244,172,4
275,135,3
590,126,5
405,528,1
13,754,4
144,647,4
878,225,3
94,1221,3
456,191,3
761,258,4
191,750,4
297,202,3
666,89,4
459,307,5
706,410,4
145,820,2
399,1035,3
540,222,4
435,200,5
545,689,4
640,428,5
710,603,4
840,642,4
436,568,5
89,181,4
116,325,3
867,250,4
896,403,1
392,321,5
95,509,4
420,690,5
280,219,2
893,121,4
838,70,4
308,170,3
405,1558,1
267,204,4
126,310,2
747,507,3
234,1447,3
423,313,4
288,688,1
561,492,4
38,389,5
835,484,4
472,123,4
301,523,4
577,318,5
435,108,1
838,311,4
436,238,3
943,373,3
314,401,3
903,317,4
373,679,2
305,66,3
887,568,2
44,90,2
293,708,3
655,1648,2
488,692,4
234,288,3
105,340,3
303,568,4
874,346,3
457,288,4
439,290,4
195,234,5
666,265,3
411,202,4
716,381,4
576,100,4
566,82,4
293,1226,3
385,249,2
544,332,3
286,91,4
303,15,3
106,48,3
716,136,5
592,887,5
805,180,3
608,59,5
806,216,4
833,977,2
109,402,4
761,294,3
569,756,3
560,1134,3
406,69,4
109,357,2
933,174,4
382,546,2
262,949,4
454,95,2
311,781,2
334,870,3
769,121,4
64,190,4
217,554,3
758,143,5
606,717,3
643,189,4
782,680,1
847,499,4
178,215,5
875,423,5
456,508,4
128,955,5
654,216,4
493,82,5
728,237,4
843,651,2
49,1036,2
126,353,5
437,387,2
487,1035,4
194,175,3
128,497,3
31,484,5
92,50,5
223,969,5
403,546,3
796,396,2
377,288,5
417,545,1
13,873,1
456,959,4
83,97,4
914,111,1
773,367,2
899,275,4
599,988,4
49,147,1
7,650,3
901,932,4
487,790,3
710,116,4
230,419,4
406,294,3
499,347,4
445,9,2
661,215,3
542,195,3
336,824,3
660,386,2
774,89,2
716,213,5
201,187,3
151,56,4
884,381,5
711,1170,3
264,1074,4
325,172,4
489,328,4
758,118,2
25,477,4
705,300,5
94,227,3
881,575,2
551,1028,4
122,1168,4
684,252,4
557,257,2
655,860,3
435,1133,2
880,1036,2
296,484,4
484,195,5
677,126,1
286,198,4
744,301,3
543,947,4
405,554,1
425,319,1
553,1200,3
303,385,4
500,246,5
295,720,4
194,1411,1
16,606,4
881,679,1
592,544,4
6,261,3
896,572,2
378,577,2
325,523,3
456,133,3
864,496,5
917,282,4
303,170,5
19,201,3
559,94,3
416,295,5
286,390,1
295,115,5
276,235,4
344,87,4
504,1084,4
563,50,5
342,535,3
545,202,4
655,1108,3
344,696,3
413,306,4
472,343,5
744,483,4
246,38,2
936,259,3
203,100,1
237,180,4
256,322,4
544,325,1
57,988,4
806,252,1
406,277,3
921,50,4
454,228,3
354,175,5
263,174,5
417,433,4
374,274,4
125,209,4
244,3,5
389,420,3
158,825,4
812,678,4
521,265,3
90,1196,4
931,459,4
81,151,2
87,1189,5
274,150,5
721,435,4
523,285,5
13,832,4
658,7,4
99,274,1
588,1311,1
676,750,4
942,659,5
409,1593,4
151,1065,3
716,1269,4
92,382,4
207,1170,2
379,193,4
896,232,3
648,228,5
663,1324,3
374,4,2
880,71,4
910,684,4
556,209,5
709,265,4
381,778,4
805,135,4
621,82,5
1,14,5
429,274,3
246,174,3
180,356,3
148,164,4
280,128,3
160,603,4
666,517,4
406,228,3
268,768,3
206,891,2
815,2,3
488,515,4
938,410,1
761,151,2
561,505,4
123,847,4
711,955,1
405,1531,1
853,327,3
161,265,2
535,655,4
505,623,3
186,405,3
301,241,3
332,298,4
459,1038,4
389,506,4
38,122,1
395,515,4
476,173,5
537,469,3
405,788,1
919,864,2
276,456,2
214,236,5
168,291,4
294,455,3
622,67,1
7,275,4
123,479,4
62,96,4
911,1039,4
286,379,5
288,593,2
892,393,4
740,326,3
758,448,4
467,268,5
659,1119,4
685,286,1
716,1020,5
576,763,3
285,302,5
7,611,3
391,125,3
488,191,3
715,629,2
276,316,4
435,576,3
308,496,3
337,250,3
561,171,5
416,286,5
757,333,4
94,258,5
56,432,5
348,546,3
620,755,5
927,257,5
303,125,2
432,678,4
754,127,4
739,176,1
823,87,5
693,313,5
887,210,5
536,151,3
128,82,5
332,678,4
373,231,3
92,704,3
630,409,3
943,785,2
682,940,2
846,786,4
303,161,5
378,866,2
336,577,1
537,235,1
821,151,4
656,316,3
605,238,1
318,284,3
164,333,5
896,1284,2
902,328,3
1,144,4
250,1073,5
115,83,3
388,288,5
346,294,3
782,258,4
830,71,4
14,242,4
142,268,5
286,186,5
462,313,5
167,48,1
267,597,3
350,98,4
450,182,5
316,170,4
138,238,5
642,996,2
234,1269,3
889,949,3
905,458,4
221,151,1
435,257,4
630,193,3
488,483,3
332,12,5
880,1013,3
279,721,5
158,111,4
214,56,5
378,274,3
210,154,4
213,117,4
435,696,3
85,228,3
178,679,4
354,462,3
774,23,3
711,313,4
716,675,2
1,139,3
14,509,5
121,192,4
5,185,3
7,432,4
655,222,2
389,502,4
537,427,4
399,969,3
190,328,3
653,732,2
881,53,2
406,664,2
429,1203,4
313,559,3
8,233,4
805,38,3
774,1419,1
391,508,2
571,357,4
378,15,4
59,559,5
347,280,4
42,692,4
645,134,5
452,684,4
627,228,4
832,326,4
256,203,4
582,100,5
505,50,3
457,237,4
524,42,3
648,1176,1
459,323,3
224,873,2
413,628,4
618,655,4
530,70,4
1,59,5
463,477,2
416,1133,4
234,1039,3
23,73,3
709,22,5
493,483,5
650,658,3
774,96,2
303,111,3
119,22,4
64,127,5
82,477,3
246,981,1
913,265,4
472,768,5
396,986,4
812,302,3
914,739,2
472,417,4
583,519,5
869,275,4
417,78,2
754,359,3
886,692,3
624,307,3
405,1267,1
721,690,3
452,609,4
827,268,4
262,931,2
136,298,4
1,246,5
839,276,3
378,468,5
387,321,3
269,775,1
417,767,1
736,127,4
536,87,3
707,632,4
775,270,2
119,100,5
327,298,3
146,262,4
655,1171,3
712,181,5
534,21,4
290,1035,4
89,127,5
180,403,3
506,518,4
425,403,4
67,1047,3
626,243,1
790,373,3
880,246,5
178,978,2
599,245,3
943,92,5
534,331,4
773,567,2
7,431,4
222,450,3
405,731,3
161,202,5
907,476,4
834,315,5
373,506,4
271,516,4
661,166,5
89,381,4
334,216,3
566,86,4
535,488,5
294,405,4
901,728,4
434,756,2
497,408,4
831,750,4
287,340,5
90,14,5
347,1283,1
766,161,3
885,735,3
450,336,3
450,613,4
222,250,2
746,208,4
942,945,5
639,274,1
524,227,2
922,222,4
620,148,3
462,358,1
592,269,4
87,1187,2
521,72,3
325,628,3
868,67,3
517,1177,5
194,496,4
871,242,3
468,275,4
425,100,4
880,70,4
642,447,4
405,191,4
635,879,3
485,752,3
427,292,2
312,657,5
833,26,1
615,475,4
406,282,3
374,29,3
9,371,5
94,792,4
766,435,3
52,107,4
790,583,2
443,343,5
92,1214,2
851,456,2
622,175,4
201,651,4
243,127,4
136,276,5
346,100,3
313,192,3
341,292,5
580,100,3
667,461,4
823,709,3
847,567,3
792,595,3
194,30,3
587,887,2
803,340,5
286,1039,5
751,382,3
347,468,2
936,1335,4
405,430,1
373,828,3
933,184,1
188,300,4
484,625,4
583,655,5
137,289,3
269,417,2
332,53,3
26,845,3
567,429,4
643,572,3
548,928,3
934,234,2
618,93,3
399,561,2
210,792,3
658,181,3
924,519,4
82,514,4
472,826,3
417,1119,3
823,792,3
236,172,3
213,100,5
121,235,1
465,50,4
109,63,3
693,218,4
524,504,5
49,406,2
294,340,4
442,69,3
378,924,3
305,1513,2
315,523,4
4,303,5
739,195,5
454,486,3
253,518,5
75,413,2
414,340,4
89,221,1
234,280,3
776,706,3
766,208,5
454,402,3
695,682,1
916,531,4
683,133,5
690,238,5
292,135,4
210,134,5
582,258,4
361,655,3
569,248,4
264,208,5
15,476,4
321,127,3
643,484,5
780,357,5
6,8,4
162,179,3
709,738,1
279,577,1
151,97,5
313,218,2
655,1375,3
724,876,1
655,159,3
329,924,3
99,332,3
40,754,4
178,628,4
286,202,4
438,245,5
569,277,2
107,312,4
483,222,3
826,586,4
389,1204,4
564,298,3
345,280,3
127,450,5
324,879,4
846,42,5
185,447,4
889,187,4
790,173,3
795,238,3
701,315,5
486,591,4
299,481,3
321,494,4
431,245,4
390,13,2
11,125,4
405,27,1
555,357,4
846,504,5
360,248,4
855,179,3
435,824,1
660,41,1
909,339,4
892,849,2
354,131,3
758,1074,1
178,1169,4
680,24,4
130,200,5
846,586,2
766,22,3
751,144,4
499,272,5
397,522,5
542,588,4
444,916,3
824,292,3
835,160,3
395,89,5
291,324,1
42,496,5
711,283,4
416,38,3
715,268,4
674,50,4
617,475,1
270,370,5
682,520,4
83,204,5
125,709,3
566,1028,2
329,284,3
338,180,4
246,1089,1
226,109,4
326,554,3
504,71,5
883,194,3
344,268,3
472,877,3
207,117,3
144,393,4
543,53,3
851,1254,1
59,529,4
405,530,1
678,25,2
871,908,3
256,174,4
269,476,1
770,924,5
450,88,5
852,405,3
313,326,4
247,257,4
116,532,2
291,785,4
378,321,3
18,393,3
766,675,3
582,268,4
660,79,2
417,555,1
279,96,4
37,89,4
320,774,4
552,864,3
56,200,4
95,371,2
177,1067,4
234,499,4
740,258,3
207,393,4
407,226,3
271,526,5
461,9,5
7,605,4
7,470,3
144,1,4
734,56,1
262,567,1
287,815,3
846,239,4
654,250,1
331,175,4
104,405,3
474,107,3
452,660,4
655,658,3
539,22,3
119,410,1
271,169,5
342,478,3
269,3,3
919,4,1
889,663,3
655,234,3
727,685,3
874,276,4
673,303,5
909,170,5
151,755,3
892,202,4
245,21,3
421,50,5
194,232,2
193,33,3
338,525,4
576,294,3
379,511,4
194,385,2
297,249,3
838,50,5
198,201,3
560,58,3
552,742,4
322,507,4
242,1011,3
405,385,1
767,180,5
417,1095,3
643,229,3
842,1105,2
756,731,3
7,52,4
523,204,5
254,286,1
833,546,2
45,756,2
654,117,4
256,147,4
1,243,1
487,802,4
342,246,4
45,820,4
136,269,5
454,289,3
932,161,3
401,1011,3
474,678,2
455,279,3
356,331,3
102,841,2
378,736,4
765,42,5
868,168,3
524,866,2
385,251,2
632,527,4
457,203,4
262,559,3
825,931,3
435,567,3
374,237,5
200,227,5
318,285,4
207,754,4
751,472,2
934,190,4
269,505,3
222,252,2
250,204,2
854,56,5
348,151,3
92,364,3
339,488,5
363,69,3
30,181,4
682,769,2
417,231,4
204,258,2
806,421,4
796,794,4
614,237,2
459,257,5
123,531,3
417,979,3
916,557,4
396,1028,3
403,405,5
151,770,4
77,1,5
608,70,4
718,118,4
604,56,2
255,328,2
38,22,5
886,29,1
409,300,3
819,1160,4
379,257,4
325,525,5
339,317,4
115,654,5
940,382,3
279,1108,1
600,62,4
222,231,2
130,366,5
303,326,2
206,288,5
256,127,4
130,156,3
826,294,4
227,288,2
807,121,4
880,150,4
257,949,3
805,121,3
694,699,4
298,504,3
883,354,4
805,725,3
871,315,3
551,42,5
42,941,4
809,1025,1
25,729,4
526,544,1
772,328,5
584,40,4
222,255,3
494,286,4
544,689,2
145,313,4
198,184,3
663,984,3
505,1,3
301,610,3
637,100,4
407,393,2
416,97,5
513,841,4
435,1215,3
305,1485,3
209,333,2
303,765,3
64,705,5
87,1186,3
159,301,2
207,96,3
844,151,4
115,470,2
470,546,4
352,96,4
49,71,3
204,245,3
297,736,4
347,819,1
390,275,5
864,566,4
254,612,3
189,418,3
716,724,4
130,96,5
387,521,3
739,301,5
752,315,2
621,383,2
83,591,4
387,230,3
524,930,3
926,302,4
387,603,4
933,209,2
497,748,4
328,343,3
387,1007,5
269,168,4
342,873,3
881,265,5
830,474,5
268,941,2
729,288,2
119,537,5
408,327,5
654,173,5
890,403,1
930,244,4
499,624,2
178,181,5
178,340,1
773,431,1
568,523,3
279,841,4
617,498,3
892,582,3
13,232,3
184,382,5
763,629,5
194,99,3
586,273,5
54,50,5
762,111,2
740,289,4
506,224,1
794,936,5
668,269,5
194,204,4
612,7,3
210,274,5
244,866,5
923,825,4
503,13,3
608,97,3
889,742,3
16,79,5
378,12,5
383,603,5
378,11,3
671,550,3
326,233,4
846,778,4
297,338,2
943,58,4
262,237,3
222,153,4
426,835,3
317,313,4
577,179,2
918,1195,4
496,22,4
788,649,3
109,358,2
796,977,2
916,1335,4
757,28,3
711,79,4
601,153,4
807,257,4
854,134,4
592,702,4
412,169,4
62,199,4
320,51,5
543,461,3
108,125,3
580,455,4
167,465,5
336,388,1
825,369,3
533,275,4
321,224,3
943,41,4
840,22,3
731,484,3
16,812,2
643,204,3
522,530,4
391,696,4
445,595,2
344,106,2
695,995,4
686,318,5
474,478,4
591,792,4
378,283,4
758,434,3
663,260,2
709,515,4
807,527,5
573,194,4
916,387,4
338,483,4
774,100,1
276,145,3
478,137,4
234,835,3
472,1469,4
768,471,3
694,527,5
201,464,1
830,627,3
7,575,3
64,271,3
7,472,2
504,655,4
757,68,4
303,801,1
546,300,3
424,9,5
487,768,3
655,529,4
878,498,4
409,367,3
533,475,1
786,496,5
815,515,5
13,885,1
361,173,5
278,173,5
682,346,2
778,79,3
778,550,4
840,498,5
326,208,3
462,11,5
493,124,3
916,948,2
784,302,5
747,392,3
306,25,3
106,77,4
587,886,2
266,276,3
389,95,3
848,25,5
826,588,4
633,195,4
863,1313,1
908,195,4
183,177,5
817,281,4
363,391,2
250,244,4
716,570,3
741,209,3
536,408,5
757,658,2
487,742,5
655,950,3
541,527,3
447,211,4
790,792,2
664,174,5
188,226,3
72,642,4
128,274,4
399,986,3
60,608,5
381,294,5
907,272,5
81,25,5
5,173,4
537,340,4
495,182,5
801,313,5
749,148,3
653,62,3
632,550,2
328,595,3
614,294,4
486,1405,5
246,195,3
505,588,5
38,1016,5
707,1022,3
296,279,4
655,1192,4
334,518,4
238,111,4
328,471,3
378,1061,2
169,134,5
13,29,2
655,913,4
259,772,4
587,680,1
391,462,4
354,251,5
826,33,3
804,254,4
181,884,1
387,250,4
655,385,3
750,330,2
325,286,4
541,500,4
916,73,3
411,168,5
38,590,1
91,193,3
878,20,2
345,25,3
450,443,4
634,124,3
271,1133,3
184,1101,4
886,781,4
308,141,3
909,744,3
712,110,5
793,1067,4
326,657,5
577,996,3
833,153,3
710,172,4
549,1,5
830,226,5
525,289,3
95,1206,4
405,219,5
618,418,3
65,70,1
329,7,3
493,746,4
293,258,3
259,39,4
194,780,2
24,300,4
231,924,5
848,476,3
224,980,1
347,282,5
795,381,2
671,258,5
123,735,2
809,748,3
43,969,5
372,1109,4
195,135,5
650,172,4
881,943,4
230,276,5
655,24,3
291,214,4
776,5,4
521,232,3
405,1569,1
592,518,5
201,193,3
774,1017,3
716,48,5
287,111,3
450,926,4
823,124,4
96,183,4
606,214,4
798,417,3
429,662,3
577,22,5
334,181,4
44,523,4
711,254,2
707,293,4
405,1090,1
577,1291,3
255,332,2
695,678,4
618,367,3
880,575,3
749,1047,3
562,141,4
7,610,5
378,709,4
239,179,5
533,71,4
557,892,3
559,398,3
387,385,3
87,657,4
253,482,5
654,100,1
402,273,4
846,419,5
406,419,1
351,304,3
276,141,4
130,235,4
919,129,5
841,678,4
221,468,3
660,846,2
798,946,2
496,98,4
766,648,3
254,418,3
804,265,4
788,562,3
151,223,5
653,1133,2
307,154,5
389,257,3
222,222,4
561,512,4
276,595,2
878,1041,1
7,667,5
94,670,3
398,1450,5
880,385,4
177,324,4
929,28,4
280,234,3
870,21,3
405,1415,1
457,709,5
758,1001,5
608,702,1
608,507,3
821,126,5
707,696,4
144,69,5
655,1643,5
786,222,4
302,303,2
487,92,4
885,523,3
417,179,4
624,271,3
833,435,2
312,705,5
80,514,3
679,1,3
826,101,5
363,792,4
843,211,2
43,385,5
537,508,4
10,179,5
618,218,3
472,404,3
40,245,3
682,51,5
12,402,5
850,204,5
174,1041,5
379,199,4
181,245,2
934,661,4
64,539,1
197,176,5
806,200,4
587,316,4
10,488,5
65,100,3
627,229,2
923,1,3
716,127,5
593,216,5
35,1025,3
174,471,5
59,323,4
222,772,2
292,665,3
385,218,2
83,118,3
407,250,4
503,237,4
373,651,4
417,393,4
486,222,3
90,1199,5
447,546,2
7,580,3
401,121,3
18,487,4
747,517,5
286,167,5
936,324,5
524,209,4
593,1016,4
60,228,4
819,315,5
244,871,3
848,181,5
838,222,4
41,430,5
577,795,3
234,152,4
594,988,2
452,554,3
655,471,3
716,185,5
776,187,4
79,319,4
360,651,4
246,993,3
116,511,4
532,168,5
432,288,5
268,425,4
588,366,5
551,333,5
847,79,4
452,490,4
159,273,5
524,583,4
682,552,3
188,176,4
851,1132,3
293,810,1
917,591,3
708,476,3
264,116,4
854,483,4
495,1135,5
633,958,3
125,122,1
744,428,4
373,1230,3
599,220,5
215,451,3
301,481,4
92,217,3
527,275,3
892,649,5
878,153,5
238,294,3
459,172,5
425,4,4
922,122,2
883,1226,3
518,924,3
502,893,2
551,774,5
167,478,5
268,50,5
296,482,5
498,288,3
713,300,2
43,866,4
523,179,3
233,82,4
567,109,2
135,288,3
497,225,3
535,735,5
531,329,5
344,509,4
71,14,5
586,806,4
650,121,3
785,174,5
291,401,4
248,249,4
129,310,2
796,154,3
536,49,3
794,221,4
13,692,4
332,566,4
479,32,3
260,307,3
778,367,5
897,28,4
450,200,3
566,177,4
521,239,5
295,642,4
263,602,4
8,176,5
504,632,3
867,690,5
291,717,3
339,191,5
712,486,4
662,1652,3
790,546,1
450,614,4
135,56,4
437,737,1
852,259,4
533,182,3
16,134,4
782,297,3
295,22,4
899,663,4
316,318,5
499,605,1
24,41,5
871,342,4
489,258,5
664,431,2
554,218,4
833,511,4
861,1227,4
545,566,4
881,456,1
658,408,5
828,558,3
106,712,3
878,215,2
10,13,3
874,325,2
478,12,5
233,492,5
406,30,4
711,257,3
238,237,3
294,1007,4
271,546,2
545,17,3
928,176,3
504,179,1
816,258,3
401,144,5
655,36,2
870,504,5
275,627,3
897,181,3
505,328,4
698,168,3
218,153,4
130,890,4
145,879,5
877,61,5
437,8,4
487,1019,5
754,744,3
429,39,3
710,654,4
269,246,5
865,108,1
832,288,3
468,70,3
716,367,4
313,461,3
6,294,2
246,12,5
504,451,1
325,319,3
387,547,4
868,432,2
226,283,2
668,82,4
901,768,3
940,319,2
933,453,1
541,258,4
877,382,3
650,692,3
487,939,3
551,54,3
848,109,4
551,340,4
268,37,3
772,315,5
20,50,3
884,179,5
610,483,5
532,658,5
455,393,3
239,736,5
477,781,4
213,778,5
855,170,2
655,188,3
919,243,3
586,566,3
292,165,4
655,30,5
102,436,2
912,474,3
294,246,4
846,401,5
485,889,5
181,1359,1
900,318,4
380,1449,4
468,174,5
426,641,4
883,462,5
35,327,3
251,866,2
932,1456,4
303,298,4
625,212,3
885,72,1
752,1294,3
792,831,2
417,783,3
468,118,3
798,274,5
496,68,4
796,735,2
383,425,4
637,300,3
537,507,4
2,295,4
761,237,5
774,265,3
674,678,3
523,25,4
561,87,3
533,356,4
881,742,4
271,97,5
308,408,5
43,189,5
81,756,1
363,778,4
472,946,2
848,82,5
221,144,4
693,649,2
201,774,1
472,375,5
118,641,5
524,386,4
769,1093,3
520,1028,1
244,596,4
224,1152,3
452,124,5
533,660,5
802,484,3
850,132,5
151,484,4
792,544,4
389,664,4
645,39,3
334,9,4
389,484,5
5,407,3
590,6,5
528,79,5
176,298,4
846,433,4
896,53,1
221,29,3
586,23,2
880,881,4
537,510,3
52,277,5
95,128,3
328,614,4
213,144,5
687,748,3
417,70,4
499,300,4
698,214,1
60,799,4
13,258,4
102,7,2
18,781,3
514,269,4
83,871,2
452,631,4
670,615,3
142,89,3
422,919,5
699,235,3
66,877,1
269,160,2
682,276,3
925,788,3
487,347,2
271,1411,2
650,420,3
864,422,3
62,176,5
499,153,4
796,449,4
405,66,5
471,768,3
587,689,1
860,715,4
318,865,2
654,3,3
939,106,3
830,648,5
401,203,4
442,342,2
303,240,3
833,28,3
371,523,4
540,258,4
500,151,3
807,117,4
860,1602,3
326,219,2
815,131,2
608,1115,4
154,50,5
503,739,1
268,435,4
94,581,4
497,1240,5
497,1157,2
685,319,2
815,871,1
125,1,4
251,294,3
650,499,3
178,1012,4
234,198,3
90,732,5
586,232,3
158,100,5
378,203,4
704,180,4
870,131,4
181,1040,1
562,218,4
312,131,5
919,15,5
896,201,3
118,547,5
553,497,4
784,328,3
901,228,5
151,258,5
577,845,4
92,1210,1
434,424,1
425,185,2
577,595,4
10,64,4
83,405,5
156,211,4
308,275,4
378,401,4
445,150,2
663,956,4
373,71,5
303,47,5
606,121,4
45,121,4
682,943,3
655,1278,2
699,191,3
916,558,3
878,274,3
299,1036,2
251,60,4
92,102,2
381,898,5
474,939,4
818,312,2
907,147,5
339,7,4
454,51,2
913,729,3
754,459,4
137,327,4
907,25,5
474,648,4
121,595,2
268,576,1
498,222,3
630,273,5
299,176,4
569,268,3
448,874,3
503,70,4
36,883,5
776,194,4
232,76,3
653,89,5
533,14,3
234,1456,4
279,764,3
125,194,5
764,696,3
13,150,5
254,8,5
149,337,2
408,300,3
6,69,3
181,1187,1
615,70,4
385,273,2
502,342,4
598,308,4
331,1100,2
637,829,2
325,211,3
622,479,4
882,215,5
782,690,4
882,405,4
805,755,3
481,50,4
846,396,5
313,238,4
394,940,3
621,271,5
481,648,5
476,430,4
769,685,3
896,231,1
395,186,5
141,328,4
585,640,2
938,237,2
717,597,4
214,603,4
870,77,3
209,898,3
313,157,3
327,684,4
867,174,5
311,515,4
117,150,4
834,298,4
52,427,5
639,423,2
702,346,1
102,431,3
763,375,2
613,1315,4
654,265,5
664,494,5
682,246,5
121,315,4
646,294,2
788,1107,3
478,111,3
684,217,2
132,521,4
415,754,4
506,676,1
606,154,3
896,1437,1
749,25,4
606,405,4
58,182,4
535,381,3
9,483,5
271,356,4
441,294,4
864,161,4
115,124,5
907,1163,4
812,332,4
293,148,1
198,357,5
373,81,2
535,466,3
535,284,4
515,1430,3
506,747,2
92,184,3
201,806,3
259,12,5
393,344,3
28,895,4
105,327,4
357,270,5
429,248,5
279,652,4
691,604,5
358,1006,5
389,615,4
807,605,3
631,682,2
181,116,1
630,934,3
711,143,5
661,178,4
222,241,3
918,856,4
877,328,2
5,422,4
488,292,3
826,1219,4
206,343,1
352,273,2
658,718,3
524,380,2
478,178,4
592,458,3
391,963,5
744,628,2
424,323,5
342,487,5
13,12,5
399,470,4
423,689,4
342,507,4
758,208,4
296,508,5
360,15,3
435,693,3
195,132,5
660,1050,4
193,553,4
587,358,3
306,275,4
758,1047,3
16,89,2
817,9,3
292,214,3
197,271,2
194,1028,2
326,608,4
251,50,5
922,265,5
71,257,5
827,690,3
181,1324,1
114,655,3
648,997,1
552,243,3
386,7,3
611,303,3
698,498,4
768,272,5
294,535,4
556,603,5
217,576,1
727,616,2
236,866,3
251,1,4
378,204,4
429,651,4
833,203,5
315,223,5
206,308,2
897,82,5
909,531,4
458,100,4
452,172,4
878,70,3
276,148,3
875,179,5
308,100,5
727,576,4
311,241,3
342,1163,3
549,24,3
495,143,1
934,462,4
320,99,4
178,134,3
343,951,1
548,882,4
354,740,4
922,588,4
645,288,3
489,261,2
198,385,3
789,1017,3
343,461,2
75,831,3
401,153,2
95,496,4
387,692,1
10,710,4
378,1047,2
707,382,3
934,449,4
505,97,4
149,346,4
749,98,5
913,466,3
77,636,2
380,480,4
671,226,3
751,708,4
834,316,5
26,760,1
659,172,3
650,510,3
110,734,2
251,405,3
582,235,3
501,591,4
92,212,4
697,754,3
426,648,3
790,50,4
567,173,4
749,495,4
85,277,2
307,94,3
416,204,5
200,96,5
788,23,3
293,629,3
523,194,5
328,218,4
293,161,2
191,272,4
297,367,2
916,97,4
177,217,3
293,192,5
731,28,4
461,269,3
886,132,3
43,155,4
454,707,3
421,11,2
707,170,5
908,657,4
533,227,4
634,276,5
373,598,3
738,755,3
75,151,5
593,70,5
653,265,4
213,218,4
197,449,5
405,536,1
483,50,5
374,476,2
276,382,4
194,588,4
198,323,2
238,546,3
247,259,3
758,640,5
405,1168,1
506,490,3
360,1,3
234,495,4
238,926,3
145,219,5
119,124,4
90,258,3
338,275,5
379,735,4
226,286,4
397,302,5
90,661,5
42,432,3
83,640,2
551,161,5
731,1087,1
85,427,3
303,22,5
871,269,3
682,42,5
555,168,4
523,430,4
249,333,4
588,68,5
84,117,4
20,87,5
224,28,4
931,281,3
10,435,5
3,350,3
894,322,3
125,117,3
406,488,4
303,1273,2
345,660,5
453,427,3
474,553,2
699,70,4
228,286,5
94,1045,4
464,257,4
693,402,3
656,326,1
363,1485,4
263,484,4
256,106,4
564,472,4
707,766,3
515,900,4
297,185,5
354,419,4
405,664,1
250,144,4
896,473,2
405,789,1
751,433,3
760,278,4
404,323,3
859,1009,4
892,50,5
286,818,2
919,462,3
534,823,4
246,250,4
303,202,5
911,855,5
291,273,3
608,166,3
201,226,3
356,300,3
416,356,5
790,1077,3
184,215,4
580,271,5
915,302,4
637,535,2
387,191,4
372,183,5
542,186,4
535,209,5
660,47,2
139,150,4
828,1073,4
571,496,3
295,7,5
619,39,2
500,930,3
537,504,3
159,873,2
280,416,5
523,9,4
315,186,4
87,790,4
441,342,4
44,317,4
655,1651,4
323,619,3
298,951,4
52,19,5
374,468,4
62,568,3
757,566,3
635,302,4
25,204,5
468,826,3
722,291,4
550,304,3
579,111,4
533,824,1
922,631,3
846,436,4
398,705,5
504,1110,2
795,143,3
641,50,3
453,233,2
554,229,3
6,286,2
724,898,1
913,427,4
645,46,5
474,848,4
254,1469,3
236,462,4
98,168,2
106,692,3
201,962,4
373,756,3
216,257,3
929,484,3
115,229,3
11,317,4
397,591,4
197,39,2
537,230,2
363,302,5
597,742,4
95,498,3
445,268,1
222,271,4
345,772,4
872,363,4
942,303,4
416,712,4
820,324,3
244,716,3
246,288,5
880,1014,4
749,99,5
804,193,4
541,427,4
880,161,2
125,289,5
798,356,3
592,1187,4
653,82,4
932,517,5
276,23,5
38,288,5
579,50,5
130,527,5
561,23,5
186,1213,3
473,25,4
62,697,4
346,153,3
296,298,1
833,69,2
327,403,3
214,475,5
311,99,5
268,541,3
279,64,1
935,283,4
429,744,4
222,151,3
274,748,5
207,1118,3
310,275,5
286,574,4
751,417,2
758,154,5
932,459,4
125,175,2
59,367,4
936,1023,2
843,474,3
100,349,3
345,461,3
288,173,3
634,235,3
901,1605,5
3,344,4
617,1019,4
269,659,4
523,66,4
385,185,5
551,926,2
796,1522,3
174,118,2
923,168,5
85,205,4
235,185,4
347,95,4
110,715,2
254,125,3
593,692,3
124,98,4
826,227,4
652,300,4
332,106,4
221,566,3
387,1019,4
158,39,5
651,285,4
59,526,4
712,842,3
323,121,3
541,140,5
303,1215,1
79,1008,4
899,356,2
443,644,3
874,191,4
298,502,5
416,447,4
653,526,3
46,307,3
405,1167,1
622,217,4
130,453,3
551,272,5
758,526,4
454,64,4
416,294,4
665,56,5
585,736,4
244,924,4
751,485,4
675,891,2
835,23,4
671,2,4
473,257,4
312,199,5
622,484,3
222,413,3
13,263,5
543,982,3
566,69,4
936,237,4
918,153,1
661,274,4
243,531,4
935,120,3
670,511,4
774,559,1
773,258,5
101,1051,2
718,820,2
92,25,3
796,98,5
664,367,3
919,813,4
293,710,3
43,211,4
568,478,4
345,879,2
893,290,3
900,493,2
610,271,1
854,133,3
601,476,1
189,526,4
758,826,3
846,8,4
648,479,4
758,273,4
487,572,1
543,198,4
940,709,5
178,298,2
10,135,5
504,404,4
584,82,3
927,552,4
442,222,3
303,73,3
293,82,4
488,486,4
274,1063,4
95,170,5
13,318,3
445,195,2
308,693,3
230,451,4
643,70,3
526,875,3
747,842,5
799,319,4
875,133,4
545,378,3
880,276,4
269,66,1
563,367,4
344,562,2
487,684,5
177,79,4
130,5,4
916,31,3
463,892,2
346,742,4
43,732,4
135,55,4
13,448,1
830,126,5
704,322,2
566,134,5
405,1576,1
148,227,4
655,133,4
387,1537,4
798,610,3
293,91,2
840,97,3
615,660,4
279,1239,1
7,213,3
919,709,3
230,97,5
593,742,4
405,83,1
773,45,4
796,1048,2
92,452,2
416,452,3
94,62,3
90,506,5
269,793,4
59,443,5
880,40,2
540,250,4
870,481,4
577,768,3
451,358,1
897,194,5
632,100,3
182,121,3
109,584,2
453,402,3
295,738,4
406,531,3
416,251,5
478,410,3
428,1313,4
860,327,3
222,1042,4
710,751,3
474,748,3
903,696,3
200,15,4
141,333,5
201,47,4
770,300,5
486,1137,5
916,1014,3
141,1283,3
489,358,5
237,191,4
480,443,4
43,596,3
932,607,4
344,926,2
785,79,4
198,191,4
500,535,3
307,449,4
416,291,4
318,239,4
673,326,4
483,229,3
301,201,4
268,185,3
581,813,5
813,690,4
429,684,4
907,71,5
336,3,1
831,323,2
23,1,5
553,81,3
18,136,5
912,616,3
314,591,5
786,88,4
332,265,4
445,310,1
292,1014,3
533,385,4
380,174,4
237,98,4
456,919,4
146,328,3
160,282,4
711,42,3
125,116,4
437,747,4
932,121,3
181,1345,1
401,100,4
62,1136,3
43,17,3
381,228,4
642,35,2
45,24,3
14,93,3
59,1118,2
178,363,3
669,118,2
655,715,3
796,286,2
180,69,4
650,715,3
919,732,3
393,1258,3
596,682,4
682,468,5
269,315,4
59,433,5
181,1128,1
445,276,3
239,855,5
561,72,2
445,281,1
331,1141,3
149,311,3
466,174,5
747,190,4
82,520,3
308,498,5
535,22,3
159,832,3
887,588,4
660,568,3
460,242,4
28,217,3
131,242,5
389,38,2
593,196,5
505,237,3
805,420,4
535,789,2
508,436,4
13,401,1
56,395,3
267,186,5
365,319,4
831,741,2
605,237,3
49,209,5
141,288,3
201,36,1
297,946,2
868,174,5
400,258,5
780,515,3
49,1078,1
29,98,4
761,295,4
216,56,5
225,64,4
97,153,5
429,425,3
272,69,4
222,395,1
909,261,5
868,68,2
624,742,4
734,288,4
436,347,4
151,435,4
13,886,5
244,17,2
455,53,1
405,439,1
846,495,4
11,260,1
124,144,4
276,1028,3
469,641,4
117,181,5
459,300,4
815,158,2
614,255,5
798,258,4
881,1046,3
846,200,4
199,259,1
56,90,2
453,33,4
870,770,4
343,423,5
293,1046,1
291,769,1
224,215,4
450,162,5
72,382,4
586,161,5
405,1359,1
435,206,5
458,282,2
835,588,3
741,945,5
606,729,4
716,118,2
286,127,4
406,589,5
262,11,4
661,425,4
200,559,4
56,403,4
749,1041,4
519,682,1
548,603,5
495,403,5
189,503,3
22,384,3
459,127,4
627,1478,3
299,13,4
721,305,3
540,281,3
894,350,3
798,1183,1
233,135,4
500,407,3
41,518,3
43,14,2
270,671,4
518,1017,3
189,990,3
541,654,3
566,49,2
371,197,4
8,431,2
489,892,3
460,713,4
92,38,3
707,285,5
886,157,4
523,874,4
215,197,4
216,202,4
927,1016,5
846,576,4
380,31,1
374,39,4
417,68,3
297,288,3
606,959,5
551,164,4
200,580,2
442,986,1
610,288,3
687,245,3
304,237,5
899,147,2
312,528,5
26,628,3
429,1089,2
535,178,4
919,1073,4
867,528,4
660,201,3
577,118,3
893,1012,3
99,328,4
455,82,5
838,8,4
399,389,3
653,941,1
585,113,3
924,1149,3
814,667,2
84,744,4
214,131,3
650,1474,3
260,881,4
373,153,5
164,717,3
478,604,3
151,260,1
269,496,5
641,242,5
218,657,5
943,98,5
608,489,5
772,752,3
85,9,4
128,283,5
881,615,4
234,182,3
334,116,4
338,211,4
195,264,3
99,685,3
551,351,3
459,873,4
409,526,3
87,97,5
533,13,3
342,723,3
198,56,5
253,216,4
642,385,5
291,729,4
125,94,5
378,252,4
392,324,1
508,269,4
665,307,3
426,505,4
37,685,3
243,655,4
260,313,5
330,627,5
663,509,4
663,259,2
72,174,5
381,214,2
786,692,4
606,507,4
658,952,2
524,480,4
13,507,1
442,172,5
181,1162,1
790,211,4
506,216,4
160,59,4
154,919,4
256,1114,4
619,62,1
104,313,4
200,38,3
139,222,3
380,302,5
469,499,5
416,319,5
32,508,4
416,942,4
892,684,5
440,70,4
210,864,3
18,12,5
853,301,1
907,129,5
553,136,4
732,875,1
712,191,3
175,147,3
933,195,4
151,222,5
556,127,5
727,1188,2
274,9,5
351,286,5
110,1222,2
469,161,3
194,762,3
629,162,5
252,410,5
173,327,5
324,1033,4
7,230,3
428,289,4
144,62,2
751,215,4
796,795,3
693,576,2
251,109,4
393,172,5
489,1613,4
95,52,4
49,302,4
566,204,3
901,222,4
8,550,3
249,228,4
314,866,4
388,218,5
500,367,3
65,185,4
846,1473,5
206,336,1
141,292,1
145,1289,1
586,578,3
406,4,2
269,1148,4
880,295,5
709,564,1
790,154,4
648,40,4
321,213,4
499,205,5
490,1128,4
16,152,4
339,213,4
422,665,5
615,631,4
345,748,2
13,576,3
864,77,4
608,301,1
124,79,3
710,1019,4
95,179,3
915,315,4
379,433,4
399,147,5
56,1074,3
90,1198,5
548,748,3
504,96,4
569,1284,2
224,287,3
374,521,4
435,406,3
450,607,5
188,632,5
655,1067,2
201,46,4
497,99,3
814,145,2
343,786,4
564,1399,2
919,57,5
90,489,5
365,340,5
13,178,4
379,116,4
727,217,3
655,1257,3
847,95,4
664,528,5
385,1008,4
429,1,3
457,137,5
371,22,5
896,190,5
349,285,5
561,124,3
210,235,3
707,479,3
311,47,2
393,1,3
749,145,4
632,28,3
167,364,3
354,882,4
647,1014,3
537,322,1
603,176,2
276,931,2
269,448,2
816,260,3
720,272,4
159,1002,3
92,65,4
100,270,3
387,100,5
900,183,3
938,291,4
455,42,2
91,323,2
776,514,5
940,150,3
503,174,5
645,427,5
560,93,3
332,257,4
489,885,4
167,698,4
72,972,4
52,748,4
711,133,5
600,181,4
283,216,4
554,13,2
201,682,3
479,58,4
830,550,5
881,234,3
200,282,4
145,348,4
516,204,4
889,1022,4
880,80,2
285,288,5
888,269,5
889,479,4
563,678,2
610,70,4
904,280,5
308,154,4
339,74,4
332,156,4
180,98,5
110,1179,2
709,28,5
606,684,3
679,111,3
871,402,3
766,674,3
385,200,3
366,184,4
430,528,4
302,307,4
137,117,5
25,197,3
336,742,3
693,178,5
384,316,5
279,27,5
650,742,3
194,194,4
121,50,5
758,968,5
452,458,1
609,258,3
7,258,4
276,552,3
646,310,3
215,180,3
115,310,3
622,121,1
43,486,4
379,284,4
529,321,4
301,401,4
49,1081,3
137,144,5
758,168,5
293,429,4
543,161,4
343,238,4
669,649,4
110,188,4
532,304,5
276,765,3
878,462,4
474,195,5
542,386,3
806,654,5
704,259,2
936,125,4
814,444,2
487,150,5
514,265,4
901,949,3
114,157,2
456,101,3
761,476,2
266,25,3
532,96,5
422,307,4
397,855,4
539,357,4
233,97,5
331,305,5
84,274,4
595,544,3
314,845,5
615,209,5
896,895,2
415,180,5
632,150,2
264,382,4
286,29,2
10,276,4
276,139,4
255,444,3
174,167,3
669,127,5
76,77,2
498,922,5
624,305,4
116,56,5
164,926,2
417,63,3
102,831,2
766,747,5
626,988,1
535,52,4
431,689,3
618,31,4
303,842,2
163,316,5
387,183,4
870,724,4
292,475,5
934,1285,3
655,1193,3
412,202,3
940,95,5
405,1078,1
157,748,2
915,313,4
276,124,5
377,338,3
506,55,4
758,203,5
312,180,4
932,496,4
271,1046,4
726,535,3
286,95,5
345,709,4
224,70,2
896,1249,2
749,523,4
233,31,3
200,50,5
788,356,4
883,566,3
339,50,4
387,1166,3
809,245,3
472,318,5
345,1048,2
429,506,4
206,1433,1
316,69,3
393,539,3
291,551,2
375,573,4
296,485,5
776,603,4
222,388,2
885,356,3
267,742,3
83,413,1
716,108,2
558,124,4
915,346,2
54,333,5
194,134,2
457,133,4
815,159,3
128,705,3
887,431,3
265,245,4
77,175,4
407,708,3
579,528,4
135,325,4
897,55,3
592,1010,5
592,411,2
588,699,4
806,265,4
268,407,1
495,568,1
750,881,2
58,1104,2
823,144,5
566,219,1
831,316,3
171,292,4
476,1074,4
279,654,5
913,227,1
224,276,3
198,215,4
271,732,4
85,210,3
334,222,4
385,30,5
512,286,5
619,809,1
892,153,5
551,188,5
380,197,3
59,485,2
871,331,3
880,300,3
865,412,1
25,195,4
417,818,2
406,100,4
239,1070,5
41,175,5
625,202,3
234,357,4
222,195,4
747,315,4
92,405,2
537,312,3
201,222,3
608,216,5
846,65,3
450,693,3
382,1534,4
484,38,4
724,895,4
779,447,4
627,797,4
733,273,4
83,1101,2
11,230,4
18,126,5
201,423,4
655,605,3
727,751,3
263,183,4
774,795,1
269,365,2
249,202,4
627,135,4
318,796,3
520,283,4
804,930,3
378,546,2
97,1126,3
545,684,4
878,371,3
21,258,4
389,416,4
112,303,4
263,97,4
306,287,4
429,433,3
21,774,2
303,227,3
279,210,4
468,963,5
3,345,3
556,325,2
99,1047,4
301,340,4
345,173,5
64,531,3
181,1001,1
201,566,3
919,508,5
365,276,2
222,366,4
825,273,5
311,479,5
381,77,2
548,23,5
548,431,5
471,420,1
115,183,5
6,503,3
13,768,4
624,696,4
943,1047,2
872,826,3
398,216,5
183,375,2
882,841,1
916,640,4
124,28,3
417,245,4
463,21,1
752,1127,3
429,300,3
496,173,5
758,514,5
201,58,4
101,1093,1
655,521,3
374,693,5
387,727,5
308,1135,4
606,79,3
7,552,4
118,317,5
271,429,4
887,82,4
301,333,4
682,210,4
267,655,4
391,204,3
843,50,3
383,319,2
887,47,5
291,471,4
34,292,5
226,25,4
847,652,5
561,655,3
659,482,4
95,699,2
57,1,5
367,53,4
356,307,4
72,518,4
43,210,5
261,597,4
416,1469,3
405,435,1
497,720,2
216,403,3
918,166,4
760,451,5
716,161,3
916,182,3
930,255,3
393,5,3
508,443,4
800,222,4
749,477,3
697,127,5
371,655,4
59,823,5
545,450,2
60,494,4
88,904,5
906,7,3
32,240,2
868,568,1
727,398,2
178,87,4
883,530,3
336,1098,3
561,1230,3
471,596,1
504,791,3
804,637,3
682,150,4
346,291,5
269,604,3
301,606,3
749,365,3
363,50,5
922,94,3
303,872,3
409,609,3
412,23,4
420,319,4
181,1295,1
109,216,3
657,302,2
846,173,4
311,754,3
870,483,5
454,419,4
470,284,4
358,584,4
655,1010,3
714,323,4
200,132,5
201,735,3
425,1110,1
385,1010,3
529,343,3
72,550,4
566,959,4
210,629,3
206,990,1
43,742,5
457,117,4
472,748,5
625,258,4
94,94,2
719,423,3
83,38,5
339,582,4
537,288,2
66,1,3
303,327,1
403,148,5
232,50,4
655,568,3
291,825,4
678,332,4
78,1160,5
16,286,2
796,427,4
936,7,4
276,80,3
941,273,3
207,181,3
854,487,4
618,216,3
398,134,3
553,484,5
217,1228,2
711,217,4
136,286,5
929,174,3
151,939,4
523,722,3
330,451,5
561,462,3
43,274,5
280,449,3
379,62,2
906,744,4
107,325,3
479,215,3
496,607,3
840,204,4
620,121,5
711,692,3
10,703,5
514,177,3
109,54,3
686,234,4
481,66,3
747,124,5
517,131,3
63,246,3
180,156,5
532,229,5
323,332,3
901,476,5
565,166,4
327,896,5
592,333,5
880,734,3
479,282,5
160,463,4
533,234,2
921,275,1
387,515,5
234,492,3
316,9,4
525,288,4
543,95,3
616,301,3
130,949,3
868,158,1
125,1036,2
194,179,4
796,1057,2
59,204,5
399,693,3
492,699,3
125,72,4
311,209,2
181,591,4
825,1028,3
207,792,2
747,555,2
405,382,1
648,14,2
759,245,3
332,1090,5
217,38,3
99,873,1
130,105,4
437,226,1
276,1180,2
548,331,4
567,582,3
10,153,4
194,180,3
526,333,3
896,1074,2
857,14,4
329,1011,3
796,603,4
178,339,3
429,686,2
2,127,5
593,476,2
450,395,3
303,1071,2
19,692,3
130,373,4
615,23,5
405,712,1
896,845,3
708,713,4
900,405,3
756,591,4
319,751,3
18,208,4
94,603,4
279,470,3
778,54,2
96,23,5
346,325,1
181,680,1
393,259,4
315,428,4
277,121,2
707,283,4
479,340,1
564,257,4
178,478,5
90,811,4
379,637,2
13,40,2
646,323,3
843,679,4
195,651,5
810,342,5
499,647,5
634,285,4
203,237,3
306,864,3
405,545,1
76,518,3
224,326,4
650,419,4
588,463,4
489,292,4
749,843,3
841,258,5
889,741,4
373,390,3
840,88,4
879,596,2
450,619,3
582,676,2
87,321,2
141,597,4
817,597,2
830,613,4
406,642,3
397,657,5
595,240,3
270,441,5
880,1157,4
870,462,4
452,73,3
13,226,4
279,725,4
90,26,4
303,576,3
336,575,3
60,176,4
19,153,4
789,1008,4
412,182,4
887,7,4
593,51,3
145,1054,1
286,396,4
688,304,5
680,169,5
425,318,2
758,257,5
933,82,3
655,1351,3
767,615,4
406,787,3
312,836,5
276,28,4
380,7,3
715,159,3
522,318,4
358,221,5
406,479,4
222,111,3
488,207,3
622,395,2
548,245,4
921,228,3
510,358,1
264,19,5
321,89,3
473,1142,5
707,736,4
526,676,5
26,300,4
345,312,3
328,284,3
828,1462,3
689,596,3
486,125,3
523,255,5
927,217,1
325,197,4
36,333,4
666,66,4
525,124,3
299,1047,2
463,253,5
256,1033,4
425,219,2
295,155,4
37,183,4
837,225,3
366,671,5
327,333,2
645,47,4
892,237,4
827,301,4
582,3,3
805,403,4
653,53,2
373,100,3
630,280,2
83,685,4
434,411,5
733,7,3
119,506,5
334,1202,4
928,328,3
406,367,4
373,1087,1
880,227,2
133,308,4
405,1568,1
492,193,4
425,443,2
493,833,2
939,15,5
199,324,1
864,717,3
828,45,4
899,250,2
864,111,3
880,281,4
619,273,4
92,111,3
119,204,4
279,982,3
496,528,4
743,308,2
379,524,4
172,178,3
551,211,5
832,678,2
504,63,3
446,301,3
405,143,5
162,50,5
7,403,4
474,83,3
94,226,2
85,414,4
363,555,1
620,145,5
606,180,4
679,28,5
345,1009,2
568,423,4
805,950,3
834,762,4
530,660,3
830,498,5
621,257,5
603,751,4
455,24,3
642,966,5
435,983,2
880,720,2
92,737,4
796,333,5
425,327,4
752,332,4
65,64,5
406,381,3
30,301,4
168,866,5
537,179,4
747,443,5
524,241,5
194,239,3
721,259,3
522,23,5
310,1386,1
478,412,4
7,214,5
441,25,3
658,201,3
716,504,5
532,127,5
13,770,4
675,318,5
715,22,4
655,1379,3
308,648,4
52,95,4
253,705,5
445,64,2
577,708,3
59,524,3
329,258,3
561,172,2
883,39,4
758,482,5
328,12,5
508,163,3
454,255,4
94,217,4
887,105,3
173,303,5
587,303,4
234,531,3
655,64,4
236,191,4
643,202,3
749,511,4
871,174,5
188,233,3
450,392,4
798,1023,3
655,164,2
216,496,5
757,155,2
587,269,3
758,1052,5
130,420,5
933,160,3
186,988,4
455,455,3
885,821,3
58,490,4
843,265,3
350,271,3
427,680,5
360,172,4
295,202,5
94,1224,3
586,550,4
334,744,3
43,418,4
210,94,4
475,269,4
591,275,4
90,1048,4
766,72,2
577,1147,4
198,1244,2
279,174,4
619,385,5
473,129,4
864,549,3
529,880,4
279,235,3
409,288,1
650,73,3
495,674,3
91,131,2
648,484,5
429,275,4
886,475,5
802,379,4
417,173,5
924,153,4
468,1016,3
535,196,4
577,215,5
244,65,4
836,163,5
25,692,4
803,754,2
942,210,4
417,1416,2
497,769,3
430,288,4
110,393,3
880,1210,4
682,209,3
478,144,5
661,161,4
13,199,5
457,372,4
671,31,2
541,810,3
465,319,3
295,809,4
524,497,2
367,551,3
429,514,3
738,214,4
248,117,5
339,65,4
707,950,2
935,100,3
130,496,5
435,284,2
592,925,3
11,742,3
747,304,4
352,175,1
420,301,3
840,971,4
64,199,4
727,121,4
643,150,5
7,528,5
17,137,4
461,304,4
787,311,4
405,1471,1
719,510,4
299,889,3
417,172,3
817,748,4
267,1401,4
885,300,4
49,1068,3
543,135,5
774,1091,1
177,196,3
343,152,4
450,1197,3
308,198,3
486,3,2
764,111,4
619,298,5
683,259,3
296,204,5
504,454,5
437,116,3
804,419,3
151,761,3
334,606,5
694,1035,4
334,132,3
831,328,3
92,568,3
72,515,4
938,456,1
943,202,2
32,50,4
474,381,4
758,1501,3
562,231,1
399,84,2
207,660,4
553,134,4
537,136,4
602,300,3
45,108,4
90,194,5
56,168,2
666,180,4
646,1176,4
709,282,5
666,293,3
695,312,3
385,486,2
870,65,3
521,125,3
334,322,3
214,191,4
804,357,5
296,61,3
542,871,2
115,50,5
159,628,3
206,360,1
823,1135,3
796,69,5
314,1473,4
939,280,5
442,89,4
267,227,3
866,344,2
111,321,3
639,213,5
197,323,3
892,969,4
116,272,3
50,268,4
198,82,3
566,196,4
82,8,4
889,297,3
130,229,4
916,381,3
18,23,4
929,423,4
279,778,4
640,182,5
334,191,4
507,288,5
94,961,4
823,42,4
128,98,4
21,672,3
472,660,5
663,895,4
828,921,4
93,476,4
58,248,4
409,499,3
416,185,4
320,413,3
870,132,4
555,301,4
43,944,2
642,153,3
780,433,1
900,1028,2
678,50,4
472,121,5
650,389,3
326,174,4
748,655,3
894,295,3
325,408,5
757,233,3
95,552,1
897,472,5
489,1243,4
201,447,5
197,347,4
667,210,3
642,8,5
279,388,3
810,243,4
854,735,3
308,196,3
561,737,3
703,15,5
708,280,4
244,209,4
780,22,4
659,474,2
398,430,4
1,111,5
736,323,1
588,584,3
606,58,3
542,8,3
280,33,3
175,64,5
303,670,2
872,354,4
217,7,4
162,1,4
378,25,4
943,595,2
680,517,4
566,155,2
232,690,4
867,132,3
795,432,3
318,193,3
668,210,5
484,849,3
181,713,2
766,182,4
542,734,3
28,100,5
643,23,5
268,172,5
144,1138,4
518,151,3
828,171,3
468,772,4
184,498,5
908,288,4
941,181,5
528,213,4
537,497,4
264,222,5
890,135,5
896,62,2
43,778,5
374,1049,1
50,125,2
682,70,4
416,864,3
393,471,4
624,249,3
22,228,4
862,1009,4
22,290,5
178,549,4
582,328,3
398,135,3
751,274,4
357,118,5
97,205,2
207,135,2
435,411,3
416,515,5
854,482,3
622,280,3
919,1284,3
671,23,4
194,432,4
764,106,2
606,50,5
559,322,4
876,318,5
522,208,5
145,54,5
381,30,4
387,210,4
896,789,2
479,421,4
172,483,3
450,469,4
541,196,4
936,678,3
393,559,3
74,237,4
13,443,4
140,334,2
405,1063,5
460,676,4
57,11,3
747,327,4
682,187,5
130,752,5
881,712,3
804,566,4
374,928,1
474,606,3
90,517,3
234,523,4
790,15,5
555,1013,4
504,53,4
168,258,4
653,333,5
527,23,5
870,1112,2
608,182,4
547,751,4
307,463,5
746,2,3
357,932,4
8,301,4
843,603,2
406,206,1
704,382,4
429,365,2
883,256,5
597,326,1
239,64,1
116,751,3
344,151,5
276,939,3
561,1010,3
262,581,3
902,304,3
938,286,3
18,209,4
246,433,5
766,188,4
303,252,3
694,200,4
748,192,3
318,476,4
113,300,3
227,124,4
59,660,4
41,156,4
211,678,3
618,193,4
406,275,3
666,428,3
189,198,4
751,52,2
877,216,4
437,101,3
363,1009,2
798,662,3
303,260,3
76,98,5
472,566,4
751,537,4
796,38,5
445,1010,1
201,452,1
4,260,4
610,203,4
236,298,4
747,210,4
104,276,4
892,288,4
551,68,2
221,55,4
64,311,2
896,69,5
144,147,3
716,1,5
265,118,4
4,358,2
428,301,4
6,81,4
450,588,4
864,231,3
450,956,4
201,1422,2
694,357,5
621,63,1
534,150,3
293,401,1
833,1231,4
405,367,1
831,28,3
399,182,4
889,737,3
642,401,4
679,196,4
643,98,3
790,365,4
659,1138,4
6,501,5
518,100,4
363,1014,1
498,1103,4
99,326,3
207,685,3
666,502,3
454,968,2
615,237,4
436,187,5
276,402,3
253,647,3
828,207,4
212,631,5
293,501,4
344,597,2
166,343,4
436,433,5
307,527,5
62,827,2
181,405,4
389,715,3
788,43,3
6,189,3
159,298,5
346,333,4
484,69,5
865,455,4
268,128,3
511,678,2
815,318,5
94,390,5
826,56,5
92,15,3
442,452,3
189,1315,3
254,168,1
5,226,3
450,1222,3
545,205,4
716,144,2
922,214,2
347,68,5
666,1266,5
256,939,5
221,476,2
62,685,2
145,894,1
542,89,4
553,638,3
184,483,5
828,24,4
65,173,3
650,235,3
618,191,4
181,1252,1
764,588,5
85,511,4
450,751,5
350,429,4
230,926,3
393,797,3
405,350,1
221,685,3
521,421,4
926,245,3
420,127,5
657,455,1
868,180,4
13,354,2
921,24,3
7,484,5
655,325,2
109,202,5
389,173,3
846,697,5
877,207,3
435,433,5
116,269,3
378,160,2
840,212,4
393,820,3
412,173,5
387,566,3
847,181,4
799,331,4
924,313,4
928,98,5
773,720,1
387,76,3
909,880,4
41,202,2
901,1620,5
211,228,3
56,373,4
638,430,5
90,1134,3
848,899,3
140,988,3
537,19,4
297,265,3
293,367,2
311,212,3
92,748,3
851,340,5
650,898,3
378,1134,4
707,703,4
15,302,4
10,205,5
58,69,1
7,176,3
940,66,4
82,133,4
397,324,2
109,1060,4
541,543,4
407,158,2
456,228,3
287,941,3
5,42,5
907,97,5
743,276,5
447,13,5
747,530,5
870,174,5
96,64,5
363,393,4
788,223,4
239,492,3
518,475,4
234,206,4
896,46,2
301,554,3
634,744,5
87,63,4
555,235,3
543,513,4
417,180,5
871,651,2
152,272,5
276,1089,2
378,554,3
881,218,4
891,148,5
806,158,2
826,946,3
734,482,2
268,147,4
25,208,4
210,679,3
445,628,1
269,8,2
206,332,3
886,11,5
665,185,4
881,238,1
610,276,4
18,165,4
151,629,4
627,636,4
416,1189,5
872,905,4
645,512,5
843,238,3
712,699,5
297,92,3
747,97,5
290,629,3
405,204,5
666,505,4
486,460,4
435,1047,3
308,942,3
184,462,4
603,7,5
604,201,3
896,152,3
378,292,3
94,562,3
655,300,3
592,245,1
705,419,3
642,418,5
38,411,3
486,251,5
279,226,4
299,169,4
6,132,5
405,755,2
75,1028,4
538,527,3
189,137,4
417,797,3
916,550,2
299,241,3
544,748,3
42,290,3
451,1296,3
311,393,4
421,423,2
286,117,2
416,1495,3
627,939,3
385,483,4
244,310,3
201,823,3
453,401,3
758,223,5
671,986,2
544,288,2
650,315,3
85,1098,4
593,65,3
504,300,4
393,443,3
878,66,3
350,483,5
839,130,3
15,754,5
69,129,3
542,180,3
279,56,4
92,684,3
77,209,4
942,511,4
481,498,5
206,309,2
679,56,4
456,568,2
936,927,4
8,358,2
902,307,3
151,200,3
346,128,2
34,245,4
592,952,4
829,509,5
806,629,3
934,216,1
405,239,3
83,322,3
301,423,1
297,1,3
459,225,3
682,735,4
586,44,3
405,393,4
316,58,3
371,31,5
668,347,4
450,173,5
303,779,1
868,80,2
606,71,5
536,603,4
327,582,4
244,72,4
669,22,3
387,117,3
13,631,3
567,482,5
764,173,3
577,96,4
328,182,2
10,230,4
135,504,4
838,206,4
632,97,4
211,528,4
260,270,5
405,45,1
385,488,5
405,562,1
119,931,1
805,387,3
184,254,2
764,99,4
503,753,1
524,97,5
943,187,5
411,8,3
815,87,5
663,1009,3
405,421,1
292,100,5
293,720,1
499,251,5
533,451,2
416,729,5
144,126,4
545,1228,3
195,366,3
133,258,5
456,1129,4
581,936,3
940,173,4
325,99,5
483,274,4
443,269,3
655,70,2
94,79,4
305,15,1
846,79,4
181,1372,1
314,477,3
901,546,4
434,283,3
840,497,4
833,861,3
151,845,4
790,786,3
234,321,2
428,877,5
707,135,2
541,404,4
919,126,4
766,393,3
222,662,3
839,323,4
639,323,1
407,168,5
178,96,4
328,662,3
130,1228,3
543,647,3
454,836,2
201,649,3
921,678,5
574,315,3
875,327,4
936,286,5
474,197,5
639,283,4
305,482,2
439,591,4
282,890,4
554,819,3
298,211,5
458,430,5
425,281,2
239,483,5
648,414,1
109,53,4
702,258,5
886,33,4
92,248,4
593,568,4
203,258,3
7,389,4
217,385,2
525,15,4
85,509,4
682,582,1
13,432,4
416,678,2
332,449,4
13,350,2
26,282,4
250,64,5
458,591,3
73,32,4
610,79,3
772,300,4
201,48,3
268,11,4
181,121,4
325,656,4
327,1103,4
233,806,4
293,1311,3
943,282,5
254,151,2
771,542,4
256,834,3
299,179,4
587,327,3
533,319,3
152,121,5
610,607,5
267,198,5
927,111,4
181,1341,1
886,164,4
62,1016,4
128,133,5
628,270,5
642,579,4
892,763,2
630,123,4
913,25,3
79,137,4
922,159,3
718,273,3
6,21,3
852,50,5
15,328,3
79,6,4
514,301,4
790,249,3
178,511,5
534,405,3
263,135,5
381,771,2
582,50,5
637,619,2
877,333,4
655,56,3
67,827,3
373,174,4
490,124,4
622,249,5
871,187,5
378,56,4
652,538,4
749,620,4
154,482,4
401,316,5
399,977,3
86,319,3
186,263,3
710,56,5
847,1172,1
305,729,3
537,529,3
18,392,3
622,433,4
643,1101,3
445,1528,2
466,902,5
503,702,2
788,823,3
286,22,4
399,69,3
655,21,2
334,287,3
25,495,4
191,286,4
523,935,5
757,271,3
823,156,5
663,1047,4
379,306,3
943,174,4
387,659,4
577,627,5
897,99,5
452,385,4
586,756,1
501,845,3
698,22,1
363,222,5
297,294,3
522,48,4
248,127,5
493,274,5
69,763,3
374,117,5
325,137,5
74,7,4
487,226,3
417,102,3
655,1370,3
387,288,3
401,161,2
804,99,4
298,22,4
796,880,3
320,1059,4
276,77,3
185,15,3
663,124,3
619,118,5
506,70,4
312,730,3
894,12,5
586,239,3
916,202,3
719,660,5
843,581,3
287,108,4
94,405,3
497,452,2
854,846,3
437,420,3
186,327,3
200,930,3
862,182,5
334,740,3
500,134,5
642,131,3
899,157,4
378,1135,2
195,809,3
405,1021,1
523,549,4
669,505,3
450,39,4
457,640,4
326,663,1
432,293,5
347,404,4
373,403,3
508,179,4
524,1050,2
323,255,4
397,878,1
59,513,4
215,270,3
459,50,4
405,1421,1
537,151,2
686,56,5
393,288,3
913,184,3
819,147,5
551,895,3
529,875,4
303,591,4
44,530,5
363,767,2
673,313,4
880,188,4
385,922,4
851,79,4
880,379,4
167,73,2
450,493,4
286,298,4
432,181,5
347,363,1
860,216,4
487,546,3
905,873,3
567,1,3
256,449,3
141,125,5
655,1113,3
7,621,5
555,319,5
687,988,3
223,405,1
632,202,4
28,11,4
102,161,2
751,1661,1
373,214,4
15,508,2
425,340,4
177,1110,3
673,268,1
860,663,3
634,240,3
328,118,3
298,318,5
807,515,4
899,79,5
454,1,3
165,325,4
796,550,3
699,224,3
862,198,5
805,179,4
545,472,5
303,729,3
286,393,4
554,132,4
92,790,3
437,665,2
847,1160,4
634,696,4
764,140,3
66,294,4
13,4,5
271,504,3
620,465,4
692,763,3
326,54,3
748,48,4
398,502,3
561,88,2
668,286,4
640,226,5
178,410,4
58,20,1
581,127,5
490,410,4
468,226,2
416,535,4
119,977,3
151,204,4
716,605,3
708,149,3
889,249,3
311,131,3
265,273,5
728,508,4
491,286,4
495,147,5
279,191,3
655,435,2
178,249,3
901,15,5
883,582,3
801,268,5
768,15,2
825,285,3
845,1434,4
708,319,5
23,32,3
311,294,4
314,66,5
374,820,4
768,763,2
264,23,5
655,604,4
532,181,5
497,183,4
940,181,3
782,1600,3
899,229,2
587,271,4
149,300,3
562,443,5
159,588,2
271,493,4
802,444,4
243,194,4
722,294,2
315,79,4
307,181,5
460,10,3
109,211,5
749,356,4
165,1119,3
868,709,4
905,1051,2
815,1133,3
398,367,3
261,892,5
600,2,3
79,515,5
891,285,5
354,508,3
815,134,4
47,269,4
406,372,4
774,210,1
42,15,4
466,327,3
916,23,4
239,100,3
507,879,5
89,813,5
910,414,4
501,475,5
663,7,4
306,744,4
862,748,4
392,1143,4
524,127,5
16,70,4
450,354,4
648,430,5
339,168,4
6,23,4
758,116,5
502,358,4
599,756,5
633,121,3
180,28,3
660,83,3
701,750,5
682,597,1
407,162,4
796,204,5
458,96,4
269,100,5
659,161,3
389,517,4
468,170,4
552,866,3
855,919,3
178,876,2
655,238,3
131,286,5
878,515,4
318,527,5
758,204,4
7,64,5
426,488,5
642,527,4
703,742,3
401,198,4
804,558,3
727,1222,1
393,283,3
631,272,4
756,325,3
405,560,1
69,427,3
480,462,4
222,506,2
22,209,4
654,97,3
50,544,4
436,1227,2
682,317,4
233,435,5
314,819,4
96,196,4
532,248,4
551,1439,5
452,60,1
405,190,2
9,507,4
188,97,5
586,693,3
99,258,5
868,621,2
374,758,1
655,318,4
745,427,4
756,753,2
380,98,4
796,1163,3
793,508,4
551,265,4
293,420,4
352,228,3
210,121,4
394,68,5
874,521,5
797,336,2
268,159,2
669,511,5
215,238,2
735,127,4
31,514,5
216,368,2
553,22,5
57,252,2
682,176,4
814,672,3
623,286,2
429,284,3
718,975,2
467,124,5
707,507,5
803,259,2
7,567,1
1,17,3
271,173,4
567,59,5
100,887,2
659,616,4
655,295,3
747,1203,5
360,511,5
722,458,4
387,428,4
551,241,4
299,204,4
642,1036,4
18,519,4
450,1061,4
327,845,3
673,12,4
853,334,3
452,259,2
352,692,3
429,737,4
541,210,5
524,419,1
652,984,2
267,226,3
326,514,3
938,259,2
707,221,4
154,238,5
804,737,3
613,471,3
92,284,2
269,174,1
510,687,2
650,239,3
921,763,3
692,756,2
526,282,3
460,19,5
113,874,5
883,514,4
464,705,5
42,237,4
766,168,5
749,550,4
833,198,4
11,365,3
209,1,5
932,405,4
929,474,4
452,89,5
500,117,4
763,143,3
320,71,3
549,866,4
916,177,3
535,699,4
532,311,2
497,141,3
179,690,1
934,419,4
918,275,4
271,603,4
847,645,3
318,142,4
682,28,3
588,220,5
271,179,4
840,194,3
120,9,4
484,7,4
661,280,3
210,172,5
619,174,4
276,123,4
405,1539,1
904,9,4
650,269,4
880,260,4
280,79,4
892,483,5
537,1163,1
279,156,4
425,218,3
256,831,4
886,1074,2
586,159,4
119,250,2
13,869,3
835,191,4
820,271,2
600,187,5
533,1174,3
918,972,5
301,719,4
639,86,4
279,230,4
246,585,1
373,357,4
276,902,4
65,378,5
537,772,3
216,93,4
370,42,3
72,191,5
534,597,5
377,751,3
144,235,1
543,529,4
350,136,5
7,430,3
394,31,3
59,15,5
429,111,2
493,333,4
487,293,5
798,95,5
318,1032,3
380,194,4
477,846,4
181,879,2
59,620,4
497,182,4
535,521,5
308,241,4
303,655,5
145,379,3
216,412,2
60,121,4
167,675,1
438,1028,2
484,151,4
749,622,3
505,951,3
383,736,5
833,163,3
442,546,3
335,305,4
573,143,2
132,484,4
405,97,2
804,1177,3
48,174,5
896,19,2
506,503,4
83,225,3
122,553,3
753,199,5
328,798,2
305,904,4
399,175,3
279,1486,1
896,86,1
412,340,4
7,429,5
145,97,5
551,1267,4
389,518,4
911,203,4
435,672,1
101,118,3
490,258,2
708,299,1
244,287,3
91,435,4
837,220,4
821,22,5
130,572,3
81,42,4
90,23,5
378,269,4
194,516,3
647,326,3
392,847,4
312,169,5
655,936,3
863,908,1
749,435,4
838,275,5
347,203,5
906,321,4
101,222,3
697,50,5
894,751,3
1,127,5
775,333,4
174,122,1
675,874,4
59,508,5
642,864,3
293,423,3
937,300,4
417,425,4
786,199,4
902,515,5
432,117,4
889,155,3
58,960,4
492,199,3
200,495,3
684,376,3
546,760,5
856,688,2
271,181,5
6,302,4
16,940,2
757,174,5
660,996,1
276,71,4
771,690,4
286,196,4
432,1049,2
216,1,4
6,70,3
314,282,5
485,245,3
348,323,5
128,172,3
56,402,5
269,931,1
121,83,4
44,230,2
76,61,4
190,313,5
363,1074,2
116,872,3
437,139,3
669,276,2
13,601,4
867,98,5
711,747,4
551,761,1
845,268,3
796,49,3
234,1184,2
785,995,3
119,288,4
537,1420,1
535,923,4
347,293,5
783,301,4
254,649,1
747,95,3
203,742,3
85,707,4
320,369,4
325,115,3
606,153,3
564,181,4
848,132,5
285,455,4
654,597,4
605,949,5
344,301,4
551,1419,1
698,385,4
712,796,4
716,52,5
870,177,4
669,125,3
405,1043,1
234,13,3
798,1337,3
286,139,3
13,828,1
301,363,4
442,188,3
788,177,3
280,125,2
533,367,2
648,519,4
798,828,4
769,284,3
234,238,3
498,64,4
566,727,4
315,318,5
389,197,5
417,270,2
589,300,5
42,172,5
19,4,4
916,475,4
839,1664,1
13,210,3
416,287,4
327,919,5
401,762,2
207,196,4
882,820,3
398,692,4
675,312,2
344,494,4
855,198,4
804,204,4
87,732,4
218,695,3
207,319,3
551,291,4
279,1437,3
181,262,2
275,164,4
94,172,4
361,1152,2
308,392,4
303,96,5
215,172,4
425,92,5
84,486,5
484,88,4
778,234,3
504,1133,3
62,215,3
756,367,4
567,273,5
258,258,2
682,127,5
314,54,4
445,408,3
145,242,5
655,311,3
276,1232,3
452,443,5
412,508,4
751,588,5
157,3,3
262,625,3
396,823,2
374,986,3
313,488,5
76,56,5
668,271,4
739,286,2
14,211,4
387,679,5
249,161,3
705,471,5
820,286,4
622,1228,1
59,118,5
13,794,4
533,297,4
880,1423,3
60,275,4
270,118,3
347,147,4
479,840,1
59,447,5
631,873,2
272,210,5
497,1303,2
738,455,4
484,472,4
751,380,3
435,476,3
273,307,2
454,692,5
328,43,3
777,205,4
807,68,4
10,157,5
308,218,5
523,732,4
468,42,4
747,153,4
399,139,3
862,544,5
727,820,2
430,294,2
99,168,5
69,273,3
523,407,4
796,665,2
8,222,5
380,423,3
297,183,4
815,117,3
605,879,3
561,1015,2
242,305,5
483,258,4
715,1011,4
339,28,4
666,333,3
654,1048,3
34,990,5
57,710,3
417,552,2
379,746,3
514,96,5
424,15,4
63,1012,3
459,105,4
796,443,2
452,23,2
498,151,4
639,313,1
623,50,5
719,298,2
495,1119,4
210,735,4
669,474,4
663,268,3
417,762,3
896,1011,2
457,948,1
887,491,2
551,181,2
385,663,4
345,1007,5
442,1067,3
251,121,4
536,121,4
286,569,4
787,899,3
709,423,3
864,234,4
268,265,3
82,199,4
25,131,4
595,1264,2
405,1176,3
550,125,4
777,9,5
18,416,5
87,451,4
864,245,4
897,136,5
189,485,4
874,340,3
250,129,4
493,25,4
740,242,4
896,226,3
622,46,4
562,4,1
626,272,5
106,275,4
716,168,5
913,789,4
256,771,2
49,185,5
655,1063,3
312,372,3
669,347,3
181,1038,1
464,333,4
393,1168,3
766,90,1
300,243,4
804,646,4
7,186,4
541,73,4
866,340,2
18,461,4
838,419,5
327,268,4
757,1240,3
435,168,5
719,291,3
279,663,3
823,183,4
894,212,5
504,651,4
233,293,4
747,504,5
648,133,4
198,823,2
89,1048,3
15,879,3
5,194,4
704,648,5
640,591,4
751,652,4
682,922,3
932,389,3
618,8,3
793,824,3
77,199,5
635,150,3
708,685,3
506,68,4
399,566,4
279,61,4
313,139,3
663,237,4
413,14,5
892,465,4
7,51,2
852,235,4
568,1005,1
919,879,3
409,1512,5
758,748,1
498,1161,3
21,438,1
505,468,4
871,226,5
524,550,3
884,463,5
790,7,4
796,274,5
868,636,3
18,132,5
217,779,1
380,443,4
164,258,5
58,433,5
121,181,5
860,4,4
284,328,4
222,796,4
344,496,4
708,294,3
407,227,2
267,189,4
871,435,3
145,683,3
317,299,4
294,111,4
75,240,1
293,47,3
297,24,4
136,124,5
916,227,3
690,763,4
72,649,4
268,395,2
498,449,3
488,172,3
805,122,5
499,524,4
299,97,4
837,472,3
721,1392,3
43,64,5
506,385,4
796,1076,2
936,236,5
385,286,3
85,193,3
492,286,4
280,195,3
711,476,4
863,683,1
378,1211,3
312,132,5
393,578,4
559,863,5
426,50,4
290,216,4
381,1119,4
710,64,4
889,566,3
194,511,4
532,1119,5
159,742,2
361,402,3
721,69,4
325,193,4
655,301,2
256,841,2
504,419,3
886,790,4
543,165,4
256,732,5
796,859,2
222,1079,1
162,42,3
323,11,5
357,220,5
790,143,3
905,300,4
890,434,4
279,7,5
216,234,4
436,133,3
524,58,4
92,182,4
13,619,3
10,234,4
327,150,4
577,133,4
683,347,4
721,684,4
193,1407,3
405,1557,1
788,130,2
308,118,3
870,395,3
372,53,5
497,783,3
56,385,4
648,432,5
903,47,5
409,58,4
43,432,3
934,223,5
716,294,4
642,399,3
327,558,4
398,50,5
536,489,4
457,31,4
392,615,5
125,648,4
454,642,2
84,276,4
916,214,3
416,834,3
222,780,3
918,382,4
844,210,4
833,161,1
868,114,5
286,40,4
332,50,5
889,947,4
789,475,5
59,1113,4
297,535,3
437,207,4
725,300,4
896,233,2
297,659,4
72,97,4
429,77,3
526,343,3
178,127,5
907,978,5
380,665,2
719,509,2
70,168,4
327,154,4
453,423,4
880,623,4
95,1227,2
896,557,3
749,358,3
223,328,3
896,168,4
276,930,2
286,707,5
405,1468,1
487,215,4
21,263,1
498,772,1
344,215,3
178,66,4
823,125,4
433,682,2
543,1555,3
921,422,3
802,569,3
767,483,5
803,988,1
916,710,3
538,210,3
541,181,5
271,131,4
7,168,5
276,581,4
591,66,2
286,546,1
130,808,5
454,693,2
303,357,5
342,191,5
664,531,2
274,318,5
312,191,5
275,930,3
487,43,3
936,298,4
617,444,4
22,153,5
437,254,3
94,179,5
295,1459,5
535,520,4
59,517,5
846,317,3
621,28,4
922,739,3
84,265,5
374,89,2
219,382,5
313,322,3
59,974,3
393,210,4
402,748,3
407,117,3
778,230,2
653,780,2
342,482,5
183,225,1
398,993,3
18,497,4
916,781,3
405,622,1
842,754,1
7,645,4
276,207,4
531,358,1
145,338,3
102,208,4
826,11,4
508,191,5
58,249,4
406,150,4
336,864,1
344,367,5
76,690,2
432,313,4
643,128,3
314,1218,4
896,127,5
405,1113,1
200,931,3
184,488,5
862,97,4
490,237,1
406,813,4
716,1286,2
802,672,3
676,483,4
506,226,4
312,491,5
497,395,4
279,971,4
130,470,2
290,204,4
380,183,4
435,470,2
887,1084,5
727,27,4
712,627,4
882,33,2
894,875,3
389,72,3
346,300,5
16,156,4
561,1044,2
437,736,5
566,31,3
533,504,4
648,1050,4
92,1046,3
581,224,4
340,179,1
642,463,3
374,1197,4
44,172,4
561,55,4
78,301,5
650,608,4
391,527,3
790,288,4
276,179,5
177,527,4
422,200,5
500,111,4
733,1338,4
345,485,4
11,719,3
181,1134,2
393,374,3
881,550,3
416,692,5
407,94,4
426,205,4
900,474,4
219,132,5
899,188,2
128,508,4
761,214,1
870,239,3
479,111,4
374,454,4
311,83,5
804,62,4
854,176,3
361,451,3
456,209,3
435,659,4
587,342,1
694,204,4
581,50,4
298,88,5
846,648,5
715,549,3
741,696,3
28,176,5
666,108,3
705,22,5
741,196,5
463,107,3
158,216,3
394,655,5
531,332,4
377,100,3
619,188,4
328,117,4
142,176,5
343,655,5
76,1019,3
659,942,3
22,456,1
340,423,4
197,344,4
305,451,3
115,282,4
804,145,3
195,304,4
406,418,5
387,844,5
311,133,3
436,216,4
456,462,3
751,1446,2
506,560,3
156,276,3
666,269,5
537,56,5
798,692,4
650,145,3
347,223,4
399,660,3
440,923,5
382,177,4
525,257,4
361,212,5
222,665,1
721,877,3
533,56,3
269,96,1
823,22,5
37,831,2
650,432,4
877,582,2
864,188,3
463,235,2
844,22,4
615,283,4
531,327,3
709,234,5
878,740,2
250,55,5
638,22,5
747,423,5
144,194,5
123,485,5
293,432,5
896,570,2
486,285,5
527,467,3
788,720,3
771,237,5
53,284,2
161,929,1
62,403,4
860,333,3
896,212,2
716,432,5
222,692,4
934,302,4
833,933,4
619,546,2
183,250,2
94,553,3
916,92,5
449,213,3
763,475,4
643,154,4
782,1173,2
843,200,3
821,1084,5
279,1485,4
727,33,3
653,638,1
758,447,4
436,708,3
276,74,3
654,720,4
650,566,3
536,167,3
109,291,3
95,205,3
615,286,4
152,739,5
699,319,3
5,366,3
868,218,3
393,792,1
671,11,4
696,302,5
907,828,5
6,293,3
145,692,2
936,301,3
86,872,3
834,15,4
472,202,5
807,743,3
405,184,1
207,1242,5
743,297,5
655,939,3
48,527,4
805,866,1
245,50,4
503,66,3
342,815,4
427,331,4
593,161,5
90,98,5
576,15,4
607,174,3
74,340,5
903,106,2
293,729,2
851,284,3
474,963,5
864,47,5
478,282,3
405,670,1
825,195,5
588,652,2
655,427,4
624,269,4
399,66,3
716,284,3
704,50,5
822,206,3
102,11,3
764,1012,4
625,222,4
927,374,4
392,180,5
407,732,4
600,27,3
8,341,2
806,143,5
24,508,4
458,284,4
499,202,4
933,577,1
94,471,4
1,187,4
881,411,3
727,174,4
326,479,5
342,8,4
109,158,1
272,204,4
42,385,5
776,618,3
458,189,4
207,33,2
579,326,3
486,236,3
664,356,3
217,176,4
715,1188,2
85,589,3
201,1425,3
406,208,2
94,959,5
887,195,4
463,1132,1
666,381,3
723,433,3
919,223,4
731,192,5
484,562,3
734,603,4
523,14,5
19,325,4
825,411,3
130,332,4
919,1278,4
592,93,4
387,211,4
94,686,4
26,748,1
767,98,5
479,127,5
536,546,2
648,436,5
862,187,4
758,752,3
286,741,4
201,483,3
388,100,3
707,526,1
843,1411,3
854,343,3
429,633,3
666,1047,3
136,257,3
535,211,4
643,32,4
422,137,5
13,842,2
165,156,3
545,193,3
815,650,2
527,646,5
401,135,1
293,216,4
593,122,1
345,365,2
399,959,3
790,151,4
393,729,4
243,280,1
918,208,3
224,526,4
405,523,2
590,1009,3
939,258,4
15,283,4
413,271,4
766,705,4
660,121,2
881,527,3
141,750,1
13,792,5
727,230,3
345,1315,3
270,665,4
13,27,3
181,1057,2
119,449,5
327,686,4
511,908,4
234,52,4
882,662,3
203,181,5
194,519,4
889,749,2
651,327,4
38,1033,5
747,651,5
238,118,3
861,381,4
308,82,4
737,174,2
896,380,2
750,338,3
242,740,5
385,503,3
846,699,3
697,1160,1
92,9,4
404,301,3
286,683,5
85,1113,2
786,210,4
886,235,3
399,746,5
940,215,2
254,472,3
85,1039,4
790,68,3
213,252,3
346,959,2
387,1198,3
198,164,3
758,196,4
892,378,4
940,47,3
727,926,3
473,302,4
453,94,4
837,258,4
64,389,4
486,331,2
407,255,4
339,347,4
875,302,5
689,879,2
293,229,2
534,1327,2
864,423,5
483,199,3
504,199,4
682,780,3
587,338,4
10,470,4
277,137,3
663,147,3
279,1500,5
683,915,2
710,192,5
833,227,2
563,255,5
643,39,4
514,22,4
916,118,2
823,164,3
380,86,4
378,620,3
653,121,4
274,294,3
790,449,2
763,153,4
897,179,3
192,111,2
378,216,4
94,91,5
303,291,3
450,940,2
102,186,4
1,120,1
404,683,4
178,79,4
450,231,3
749,160,3
764,323,3
56,237,5
746,385,5
562,56,1
718,222,4
407,478,4
918,529,3
500,257,3
178,95,5
736,181,2
186,338,3
150,628,4
790,265,4
30,873,1
59,82,5
637,325,1
827,258,3
896,39,2
30,164,4
363,561,2
14,22,3
393,1055,4
189,1401,4
399,230,3
36,878,5
755,331,3
130,299,3
402,111,4
625,433,3
277,628,4
672,50,3
768,25,4
548,477,1
62,288,2
715,155,4
363,89,4
842,288,3
456,1218,3
748,183,4
236,526,3
239,276,5
234,751,2
176,294,2
442,943,4
286,125,4
303,715,4
405,716,1
79,100,5
851,234,4
378,387,4
731,202,5
840,473,5
880,12,5
7,643,4
727,977,2
508,172,5
57,258,5
32,111,3
621,301,4
934,432,5
707,347,5
435,31,5
85,65,3
736,532,4
207,841,3
621,746,4
62,290,3
381,682,2
374,174,5
393,65,2
234,588,3
477,282,4
293,507,4
621,148,4
566,88,3
569,257,4
222,358,2
735,331,3
903,282,4
87,1184,3
198,186,5
891,323,3
198,118,2
227,321,3
543,153,3
693,484,3
554,546,3
294,273,3
106,70,3
450,432,4
758,125,2
782,1662,4
85,1006,3
682,159,3
901,1120,4
361,273,3
747,1456,3
214,137,4
72,427,5
95,679,2
518,1040,3
480,234,4
916,212,5
782,898,3
163,97,4
334,155,2
892,58,4
616,300,4
907,1220,5
329,11,3
82,3,2
489,300,5
291,235,2
345,79,4
117,751,5
405,521,4
588,25,4
277,111,4
916,763,3
213,831,4
331,868,4
661,566,4
456,1551,3
357,826,3
721,319,3
393,1407,3
843,1,3
741,475,3
104,354,3
62,235,4
864,159,4
416,1074,5
620,625,3
896,430,3
313,230,3
853,332,3
899,83,4
144,751,4
862,193,4
407,210,4
325,186,4
532,619,5
96,96,4
624,15,4
394,22,5
682,562,2
244,80,3
870,284,2
868,228,5
399,697,2
380,265,3
682,281,3
43,88,5
152,354,3
298,185,3
634,932,3
440,736,5
249,456,3
608,505,5
846,131,3
749,210,4
69,197,5
553,265,5
627,26,3
794,515,5
659,170,3
719,890,1
291,1471,3
313,66,1
561,232,3
234,162,3
742,7,3
479,403,3
342,276,3
825,121,5
66,288,4
276,325,3
109,1039,2
385,506,2
138,318,5
554,4,2
650,602,4
342,792,3
6,272,4
514,234,3
255,117,2
536,1140,1
301,21,2
664,7,3
425,161,3
500,775,1
479,1016,3
778,157,3
416,1152,4
193,815,3
10,708,4
87,476,2
790,1,3
332,1244,4
59,24,4
56,172,5
885,91,3
893,759,3
681,258,1
49,200,3
339,241,4
877,271,4
14,319,1
378,606,5
551,461,3
896,299,1
660,603,4
216,396,3
537,133,4
459,1013,3
234,79,3
6,211,5
883,559,3
881,29,2
280,4,3
807,526,5
106,45,3
629,69,5
686,969,5
537,496,4
6,477,1
53,199,5
527,99,3
450,499,5
872,151,2
435,50,5
883,250,3
79,900,4
99,118,2
395,215,5
606,98,5
20,763,1
923,249,4
378,78,3
293,87,4
749,661,5
871,575,5
868,498,3
145,49,3
313,471,4
737,186,5
95,137,3
642,94,2
145,226,1
372,678,4
297,95,3
443,323,2
426,132,4
275,210,4
801,301,5
673,323,2
312,614,4
198,143,3
62,742,2
482,876,3
127,228,5
401,511,2
205,328,3
292,252,3
360,195,3
49,413,1
216,402,2
374,1407,2
6,298,3
253,300,4
887,405,5
605,245,3
476,33,4
283,21,3
796,87,5
21,859,2
805,235,2
852,289,2
332,264,3
79,150,3
660,215,3
880,293,4
447,981,2
313,452,3
477,546,4
661,69,4
353,300,3
291,9,5
286,768,3
336,1249,3
92,834,1
334,311,4
815,402,5
488,8,3
76,1129,5
634,116,3
710,92,3
782,1315,3
634,471,4
474,172,5
513,405,3
246,547,4
21,875,4
474,97,5
13,164,3
907,1048,5
653,482,2
712,716,5
198,498,3
774,79,2
394,141,3
128,220,1
104,756,2
733,242,4
537,972,3
555,111,4
276,245,3
577,1271,3
279,393,1
786,520,4
403,472,4
808,302,5
684,158,3
347,7,4
274,596,3
263,892,3
396,751,3
540,762,4
698,204,2
551,944,2
618,550,3
707,248,4
135,228,4
677,286,1
57,1073,3
70,423,5
446,270,4
204,1022,5
466,210,4
523,306,5
911,228,4
194,203,3
417,49,3
640,684,4
393,196,4
851,1095,3
181,455,1
569,125,3
314,294,5
656,338,3
262,318,5
371,66,4
934,315,4
522,492,4
883,83,3
630,476,5
405,76,3
910,300,4
151,627,2
913,89,5
667,504,3
890,190,4
267,410,4
535,131,4
457,428,5
329,300,4
13,430,5
901,194,5
7,152,4
313,28,3
439,93,4
221,210,5
374,550,5
261,1025,5
102,1240,2
782,302,3
83,385,4
138,509,4
248,282,2
16,174,5
806,204,5
329,185,3
901,988,4
459,1,4
532,369,3
697,336,3
14,530,5
82,740,2
490,458,3
263,1444,3
679,168,5
99,123,3
393,25,2
145,410,4
87,765,3
551,790,2
535,484,5
704,269,4
269,120,1
311,483,4
711,1014,4
655,645,3
457,425,4
201,607,4
341,1280,2
621,735,4
328,523,5
397,693,4
864,215,4
853,331,2
58,181,3
762,875,5
334,866,3
921,728,3
399,173,3
301,265,4
463,473,4
642,202,3
493,431,5
270,379,5
573,135,4
186,44,5
59,928,4
262,491,3
921,121,5
655,25,3
537,85,2
344,1050,3
7,657,4
334,121,3
112,258,3
747,132,4
453,22,5
424,538,5
103,204,3
637,1226,2
849,298,5
766,176,2
747,502,5
670,83,3
919,323,4
492,528,5
694,393,3
710,299,3
567,493,4
889,182,4
609,894,1
861,462,4
655,1549,2
528,210,5
378,118,4
864,169,5
468,251,4
214,179,5
521,403,4
860,300,4
854,151,4
94,923,5
727,228,4
23,472,2
452,82,3
218,648,4
405,48,1
454,258,4
896,77,4
267,464,5
843,132,3
387,174,5
13,212,5
329,515,4
235,237,4
621,780,4
234,1170,1
59,713,5
641,1039,4
374,77,5
561,469,4
659,77,4
939,222,5
334,608,4
4,362,5
222,237,4
676,352,1
283,407,3
145,827,2
615,187,5
82,9,4
487,1074,1
655,69,3
380,185,4
33,294,3
870,148,2
292,151,5
70,91,3
315,286,5
876,48,5
614,117,3
290,227,2
241,313,4
83,298,4
370,175,3
452,285,3
437,433,3
58,354,3
438,815,5
521,431,4
671,1239,3
699,283,4
75,926,3
625,91,4
93,125,1
782,1605,2
883,490,4
551,1118,5
465,154,2
749,326,4
331,69,5
732,286,5
279,805,3
774,385,1
501,597,3
820,343,4
488,9,4
6,174,4
378,110,3
666,64,4
234,371,3
932,1050,4
640,550,4
85,492,4
932,520,4
876,294,4
373,79,4
566,108,2
354,286,4
875,937,4
419,174,5
716,230,3
786,458,3
308,494,5
184,476,2
786,196,4
642,136,3
301,39,3
459,358,2
566,100,5
450,1039,5
291,175,2
292,661,5
109,1,4
457,395,2
472,358,5
584,431,3
92,412,2
643,47,4
487,82,5
342,57,3
222,412,1
234,1126,4
62,116,3
642,117,4
397,194,3
230,22,5
805,47,5
326,565,3
60,95,4
360,879,3
254,118,4
655,513,3
786,179,4
363,682,1
194,165,4
747,194,3
321,143,3
787,245,3
624,323,2
555,269,5
72,228,1
592,1377,3
903,461,3
7,309,3
435,9,4
298,526,5
345,278,3
301,692,3
495,739,4
57,245,4
293,245,3
274,148,2
178,895,3
663,410,3
690,274,3
559,182,4
630,126,4
269,63,1
788,828,3
806,157,3
933,135,4
457,1012,4
198,411,1
180,204,3
280,322,4
896,225,1
934,179,2
934,2,4
450,220,4
59,60,5
924,174,5
469,603,5
468,647,5
548,121,5
389,477,4
497,802,2
523,1472,5
923,294,4
137,680,5
254,379,1
201,1401,2
684,1,4
796,527,3
16,92,4
295,210,4
130,38,4
561,578,3
342,122,4
643,492,4
293,386,2
399,1541,3
47,303,4
340,520,5
63,283,4
66,763,4
222,546,3
808,340,5
790,722,3
291,288,5
417,674,2
175,96,3
7,163,4
234,1449,4
899,282,5
864,208,4
514,1,5
716,1113,4
130,291,4
887,410,4
548,649,4
402,1,5
311,521,4
269,705,2
85,639,3
532,4,5
429,358,3
94,47,5
573,347,4
222,1059,1
299,100,3
13,722,3
561,539,1
354,655,3
215,1039,5
830,837,5
535,630,2
498,150,3
756,195,3
178,97,5
381,89,5
457,385,4
82,175,4
254,167,3
297,200,3
566,95,2
422,260,3
561,515,3
627,4,2
107,264,3
943,724,1
846,602,4
826,449,4
807,168,4
533,568,5
527,50,4
87,1000,3
620,452,3
916,100,5
532,52,4
128,419,3
850,168,5
921,1287,1
731,393,5
480,12,5
575,173,5
552,1278,3
653,502,2
109,179,4
868,193,2
3,264,2
224,54,3
786,161,4
181,268,1
276,586,3
207,255,3
778,161,3
587,259,4
293,566,3
308,637,3
831,173,3
772,748,3
184,40,4
804,191,4
647,568,4
301,164,3
18,193,5
147,304,5
811,988,4
92,288,3
816,313,5
653,42,2
752,316,3
346,117,4
790,4,3
880,902,4
720,316,4
181,104,1
255,7,2
442,1218,2
620,138,5
563,412,2
552,323,2
839,257,3
717,887,5
580,619,3
605,371,5
385,1160,2
916,472,3
378,918,3
815,616,1
535,137,4
916,636,3
435,609,4
428,315,5
492,275,2
479,1608,2
497,578,4
445,12,2
293,447,4
87,50,5
493,300,4
694,318,5
63,20,3
43,559,1
478,433,3
303,943,2
746,226,4
617,635,4
562,161,3
214,42,5
872,685,4
178,316,4
507,250,5
708,322,3
738,109,4
245,181,4
712,234,2
417,642,5
308,516,4
727,801,2
533,345,3
28,184,4
533,430,5
57,282,5
72,684,4
450,765,3
494,528,3
896,85,3
234,218,2
90,464,5
655,410,2
125,386,3
843,158,2
314,929,3
455,213,4
38,127,2
181,304,1
629,319,4
896,159,2
476,890,1
856,310,3
255,222,3
580,829,2
423,750,5
38,445,2
298,125,3
391,173,4
184,36,3
463,936,2
269,42,5
276,518,4
524,168,3
126,323,3
63,333,4
145,597,4
645,168,4
360,303,3
883,277,4
402,42,4
328,519,5
697,270,5
85,133,4
328,752,2
883,86,3
114,483,4
221,129,5
455,627,3
126,272,3
515,895,4
766,423,3
847,476,4
111,896,2
630,264,2
561,157,4
883,1592,5
201,673,3
588,258,4
64,284,4
379,502,5
314,410,5
181,833,1
671,1217,4
145,761,4
716,204,5
321,1101,3
580,1028,3
417,771,3
255,597,4
833,240,4
334,229,2
665,476,4
788,435,3
716,102,2
932,176,5
385,557,2
83,300,3
297,248,3
514,65,3
385,487,4
140,872,3
249,188,4
885,50,3
605,1,4
234,1185,3
301,193,3
256,808,4
402,1284,3
465,428,3
707,208,5
311,470,3
881,1033,1
181,828,1
726,819,3
446,245,4
380,208,2
177,689,3
851,527,5
347,226,4
731,378,1
174,29,2
393,727,3
271,44,4
219,13,1
379,187,5
790,678,3
296,846,2
347,423,4
212,87,5
181,328,3
306,306,5
70,576,2
588,132,5
848,423,4
693,174,4
455,581,3
588,404,3
707,9,5
249,9,5
249,173,5
338,143,2
889,298,4
551,33,5
745,531,3
496,420,3
279,616,3
892,100,5
393,655,3
487,789,4
374,472,2
710,277,4
269,928,1
369,335,2
295,1221,5
812,288,4
213,55,5
566,136,4
253,331,3
757,693,4
332,471,4
907,619,2
154,708,4
551,587,4
102,300,3
288,196,5
660,153,4
805,719,4
301,673,4
296,483,5
465,528,3
577,281,3
826,1222,3
286,14,4
635,262,5
313,22,3
94,159,3
343,515,4
792,844,4
141,248,3
389,1074,2
416,620,4
916,221,4
582,250,3
823,240,3
859,1095,2
454,468,3
561,661,4
59,662,3
537,25,2
782,347,1
294,181,5
328,601,4
398,182,4
907,144,5
260,319,2
796,451,5
269,137,4
151,499,5
416,254,2
542,208,4
82,496,4
666,5,2
695,338,2
437,603,5
709,56,5
200,68,5
617,675,4
548,288,3
410,272,4
246,735,4
16,273,5
527,14,2
189,520,5
730,294,4
1,135,4
707,663,4
388,9,3
308,8,5
416,269,4
251,1016,3
737,222,3
290,832,3
889,252,3
650,434,4
758,287,5
64,176,4
477,66,5
181,1085,1
792,926,3
296,845,5
472,588,3
901,180,2
645,92,3
484,692,5
880,23,5
151,382,4
870,469,4
545,271,3
607,485,3
534,121,4
546,717,5
299,513,4
537,283,4
234,654,5
511,355,2
218,514,4
327,230,4
533,218,2
373,471,3
41,514,4
699,685,3
213,175,4
91,389,2
387,561,3
5,384,3
846,806,3
468,195,5
738,269,2
299,1258,2
643,418,4
128,603,5
437,1090,1
222,95,4
315,127,5
332,717,3
192,255,2
90,609,5
301,1052,1
738,229,3
262,255,3
440,312,5
290,234,3
18,476,3
198,470,3
630,820,4
853,271,3
175,660,3
221,265,3
151,69,4
268,403,4
940,183,3
708,1049,2
115,644,3
290,432,5
201,1355,1
388,769,3
145,877,2
474,497,5
766,518,3
192,121,2
826,22,5
506,432,4
897,470,4
429,201,3
541,627,4
3,302,2
339,12,5
91,357,5
467,150,4
291,469,5
639,19,4
307,109,5
671,177,4
553,89,5
280,728,3
83,252,4
665,1132,2
25,275,4
885,142,2
216,655,5
735,106,3
622,496,4
347,106,2
143,328,4
807,421,3
229,358,1
91,300,4
614,546,1
325,469,4
865,825,1
207,1046,4
632,419,4
379,436,3
440,319,2
133,355,2
280,92,3
480,237,2
347,87,3
405,72,3
508,318,4
301,217,3
70,472,3
236,717,3
524,32,4
541,1053,3
503,283,5
457,831,2
778,150,3
738,161,4
501,1014,4
606,1199,3
94,946,3
208,517,3
833,1187,5
6,193,3
102,68,2
314,393,4
863,691,3
310,1142,5
880,97,4
114,182,3
630,412,1
437,265,3
389,67,2
680,515,4
477,1051,5
890,152,4
198,183,5
621,546,3
751,193,5
94,69,3
683,317,4
130,940,3
65,69,3
43,993,3
851,619,4
901,71,4
532,633,5
288,182,4
388,895,4
245,1047,3
215,164,3
174,571,1
26,546,2
429,700,3
696,347,1
850,318,5
405,1037,3
642,257,5
896,307,3
758,616,4
745,124,5
354,929,4
839,100,3
286,336,5
752,589,4
606,619,4
406,641,5
495,54,5
624,1010,4
692,1054,3
655,192,3
528,1618,1
194,177,3
325,98,4
145,983,1
781,318,3
378,778,3
676,169,5
788,723,3
879,111,4
466,510,2
167,603,4
593,8,3
129,304,3
716,49,4
378,469,5
141,147,4
200,866,4
33,348,4
22,403,5
458,285,4
296,250,2
90,490,5
363,417,1
352,302,4
699,1011,4
943,471,5
921,419,5
55,685,1
401,173,3
924,605,3
864,118,4
711,255,4
458,509,4
81,1047,3
785,288,3
880,992,4
862,208,2
796,586,3
842,344,1
781,191,4
605,523,5
934,257,4
303,1286,4
561,155,2
326,523,4
399,79,3
930,126,5
852,1,4
27,121,4
212,269,3
13,835,3
223,477,3
472,82,5
874,127,5
374,576,3
577,655,4
308,1065,5
788,471,3
526,742,3
642,465,4
843,185,3
25,173,4
297,27,1
500,77,3
87,1182,3
437,418,3
689,258,5
694,490,4
7,630,5
908,648,4
405,1193,1
445,7,1
936,14,4
450,423,5
303,158,3
308,805,4
577,48,5
222,168,4
370,137,4
361,269,4
18,189,5
632,182,3
308,423,5
463,751,4
15,933,1
305,202,3
711,228,3
94,650,5
624,295,3
167,1147,4
719,66,3
489,948,2
367,443,4
870,38,3
222,157,4
844,97,3
537,87,3
184,995,3
6,517,4
345,403,3
586,231,3
893,260,2
867,257,4
458,134,5
416,41,3
450,1048,3
554,732,4
588,468,3
213,432,4
851,833,3
524,549,4
293,39,3
152,1041,5
557,346,2
441,7,4
39,307,2
286,856,2
410,905,4
83,2,4
606,25,5
279,1070,3
876,531,4
880,4,4
767,524,5
143,325,5
303,616,4
493,879,4
782,1611,3
880,477,3
496,426,3
406,40,3
437,210,3
551,780,5
647,490,4
655,166,3
588,237,2
766,82,3
406,569,3
881,228,3
379,168,4
450,846,3
270,716,4
124,154,5
309,690,3
226,24,4
124,168,5
316,185,2
1,168,5
347,421,2
102,328,2
290,22,5
899,213,4
365,277,4
201,117,2
332,291,4
181,261,1
502,243,3
271,405,2
774,234,2
601,1116,4
7,68,4
561,362,2
78,1047,1
466,302,5
882,204,5
505,495,3
366,773,3
195,887,4
256,218,3
221,485,2
114,183,5
885,417,3
325,47,3
130,246,4
814,234,3
843,210,3
478,195,4
451,306,2
631,289,4
195,1030,2
326,226,5
786,484,4
782,1590,3
379,265,4
356,312,3
293,239,3
81,717,2
401,243,3
264,201,5
900,294,4
756,235,3
576,124,4
234,429,4
536,197,3
110,64,4
115,443,4
399,564,3
342,558,5
533,549,4
92,393,3
880,763,3
13,9,3
835,134,3
264,514,5
809,328,5
208,204,3
551,79,5
682,1067,3
712,498,3
213,924,4
870,332,2
201,475,4
864,403,5
888,237,5
59,514,5
507,271,5
235,483,5
776,523,4
85,100,3
825,235,3
336,738,1
612,117,4
301,9,3
484,204,5
3,329,4
727,209,3
724,308,1
389,71,4
158,232,3
660,230,3
435,569,3
688,259,5
881,168,3
624,258,4
655,1406,3
528,479,4
44,148,4
880,1276,3
551,76,4
379,96,5
94,185,5
870,554,2
606,161,4
625,408,4
548,1025,4
655,59,4
758,864,4
685,334,1
436,239,3
745,10,5
56,56,5
881,304,3
782,750,4
835,98,5
372,286,5
557,197,5
181,334,1
493,175,4
665,1315,4
445,1008,1
487,378,5
458,588,5
291,627,4
766,493,4
398,8,3
620,565,4
110,1210,3
496,1473,3
421,219,3
618,55,2
806,521,3
787,347,4
889,178,5
901,229,4
102,655,3
545,22,3
346,640,3
715,470,4
655,935,3
395,328,4
833,550,2
932,357,5
47,683,3
863,334,5
340,186,4
95,520,4
373,241,5
391,530,5
478,100,5
18,419,3
580,294,4
782,1643,2
574,754,4
843,170,1
889,164,4
215,194,4
442,41,4
268,743,1
479,1028,1
70,429,3
488,31,4
184,340,5
95,183,5
13,880,3
839,285,5
106,584,4
493,250,4
429,123,4
181,819,3
455,304,3
802,258,5
2,305,3
882,186,5
345,676,4
2,288,3
32,268,5
618,432,5
588,941,5
87,7,4
146,347,3
95,433,4
59,95,2
357,1095,3
539,286,4
267,183,4
49,1080,4
363,1,2
60,729,4
409,210,4
897,670,3
57,476,3
829,276,4
243,708,3
561,9,4
454,144,4
489,875,2
256,7,4
354,58,3
805,545,1
87,1047,3
46,1062,5
364,302,4
77,4,3
89,202,3
793,685,3
550,259,2
497,161,5
102,29,1
80,208,5
782,748,4
294,260,4
406,20,3
525,282,4
5,406,1
136,56,4
332,282,5
26,323,2
527,318,3
671,597,4
403,760,1
378,182,4
299,274,3
660,1181,1
439,301,3
244,216,4
698,525,1
144,1016,3
69,628,3
518,284,4
450,399,4
206,882,1
393,840,4
320,33,4
275,472,3
551,554,5
23,357,3
500,1008,4
405,790,1
901,13,1
234,174,3
331,190,3
711,658,4
648,68,1
197,316,4
361,275,4
535,182,3
378,99,4
690,636,4
826,1091,3
655,1479,2
91,265,5
338,174,4
826,397,3
493,181,5
184,645,3
734,99,4
750,358,3
389,550,3
336,367,3
474,416,4
276,164,4
320,161,4
880,122,3
896,217,2
747,482,5
796,662,5
766,71,3
43,95,4
496,554,2
59,591,4
181,112,1
640,22,4
99,1079,3
303,172,5
201,1045,2
178,183,4
246,17,2
161,318,3
693,506,2
345,1226,3
100,333,3
506,435,5
560,411,3
553,505,5
354,165,4
286,44,3
590,285,5
295,461,5
880,831,4
805,209,4
106,463,3
560,25,3
489,301,3
582,948,1
574,310,4
109,739,4
848,199,5
835,310,4
99,815,2
707,238,4
234,662,3
393,420,3
907,647,3
262,406,3
312,357,5
181,818,1
707,1251,4
655,956,3
542,187,4
252,224,4
270,551,4
31,321,4
567,469,4
184,121,2
54,1,4
303,182,5
326,790,1
655,1623,4
648,1271,4
666,632,4
64,215,5
498,919,4
62,252,3
566,260,2
62,955,4
685,886,1
102,675,3
345,289,3
911,191,5
395,127,5
882,177,5
932,379,2
174,402,5
269,255,1
320,176,4
3,338,2
336,273,5
846,944,2
724,343,1
500,498,4
600,771,3
474,737,4
222,575,3
690,127,4
378,159,3
641,969,4
438,866,5
393,459,4
144,823,3
296,56,5
293,1220,2
301,204,5
158,50,4
181,984,1
548,286,1
112,328,4
286,171,4
622,29,4
931,310,3
276,470,3
425,1464,2
85,418,3
588,684,4
545,474,3
238,405,4
249,209,5
500,9,4
545,419,3
148,993,4
712,88,4
807,228,4
607,483,4
916,721,4
561,645,3
535,1124,4
618,501,4
875,523,4
277,1129,3
393,905,3
757,323,3
741,50,5
151,443,5
20,15,4
653,385,4
457,758,2
268,47,1
271,529,4
178,454,4
707,381,3
858,127,5
103,144,4
10,137,4
711,451,5
59,51,5
66,1016,3
533,1177,1
312,269,5
437,475,3
579,327,3
508,183,5
16,22,5
896,478,5
552,628,3
291,284,4
678,282,3
288,127,5
843,637,2
943,426,4
222,468,2
258,243,3
573,144,4
395,237,4
111,303,3
640,1244,3
904,88,3
409,191,5
837,276,1
385,900,4
880,42,5
193,94,3
109,239,4
387,156,5
323,1073,4
215,449,4
399,1074,4
748,654,4
288,1065,4
524,4,4
200,449,5
536,387,3
918,737,3
504,77,4
833,205,4
757,196,4
312,514,3
551,518,4
871,300,4
846,215,5
94,392,3
642,794,4
450,699,4
663,655,4
747,100,5
46,909,5
399,651,3
764,1284,3
795,214,4
399,395,3
264,774,2
92,663,4
58,174,4
862,433,4
828,10,3
69,50,5
880,770,4
660,746,4
795,559,2
357,685,3
778,143,1
365,15,3
294,751,4
334,257,4
653,187,4
690,186,4
892,692,4
275,174,4
312,529,5
271,707,4
378,193,4
846,90,2
195,14,4
330,1035,4
244,746,3
734,50,4
901,679,4
894,117,3
194,1011,3
90,192,4
393,1270,3
621,222,4
59,657,4
729,354,5
416,710,4
551,25,1
454,528,4
802,201,4
83,79,5
660,122,1
664,504,4
333,873,3
655,162,3
748,847,4
109,564,3
924,471,4
451,682,4
81,595,4
416,1139,3
444,272,5
224,1044,3
815,91,3
146,336,5
745,527,3
125,111,3
934,420,4
349,1028,2
267,1110,3
786,111,5
561,212,3
334,396,4
201,79,4
846,182,5
181,950,1
488,134,2
184,124,5
303,785,3
405,351,1
186,303,3
160,129,4
542,288,2
624,473,3
766,968,4
747,695,2
203,271,3
393,250,4
545,71,5
835,216,4
315,31,3
394,746,2
481,4,3
758,95,3
186,554,1
178,288,5
87,211,5
62,949,4
11,423,5
21,127,5
571,484,4
389,494,5
653,356,1
521,2,3
755,938,3
2,289,3
43,781,3
279,108,4
201,751,3
85,259,2
417,72,4
504,364,2
404,22,5
333,98,4
385,55,2
7,264,4
924,923,5
378,126,4
313,550,4
788,215,3
643,419,4
503,210,5
867,69,2
634,763,3
815,588,5
293,451,3
618,729,3
870,470,3
385,221,5
416,194,5
527,498,4
712,400,3
668,272,5
733,322,2
271,924,3
328,688,1
385,93,3
224,149,1
334,186,3
880,96,4
296,287,4
539,340,2
334,297,5
305,505,3
455,257,4
293,235,3
389,205,4
670,521,4
524,481,4
527,474,3
851,840,3
391,131,2
374,196,1
342,131,5
348,1,4
721,678,3
381,495,4
592,433,5
58,64,5
493,423,2
119,87,5
630,866,3
883,414,3
17,744,3
299,702,4
347,627,4
110,12,4
311,1217,3
325,82,3
115,13,5
629,147,5
49,577,1
280,216,5
733,985,3
297,574,1
18,134,5
557,529,5
197,127,5
168,100,4
796,381,3
527,425,4
435,354,3
119,511,5
457,181,4
235,647,4
162,403,3
453,717,2
411,265,5
416,237,3
867,660,4
608,319,4
748,474,4
393,879,3
504,1277,4
135,233,3
504,728,3
496,168,3
843,616,3
472,1053,4
660,657,2
790,135,3
527,168,5
815,31,4
194,383,1
16,55,5
416,405,5
916,58,5
780,50,5
217,182,2
592,705,5
189,105,2
234,4,4
886,589,3
560,122,3
892,417,3
335,269,4
293,436,3
594,515,5
843,498,2
755,310,4
222,185,4
83,756,4
655,734,3
790,475,3
214,1129,4
62,179,4
472,549,5
324,763,5
919,358,3
659,1203,4
405,1250,1
122,724,4
22,121,3
91,498,3
314,535,4
694,199,5
405,516,1
176,288,3
16,502,4
517,1,3
268,88,2
815,582,1
524,693,5
406,1267,3
727,1273,3
337,25,3
208,393,4
116,900,4
517,328,3
239,208,3
416,510,4
308,522,3
457,120,2
271,136,3
51,679,3
158,22,5
456,743,2
542,71,3
315,203,3
543,357,4
210,501,4
606,963,5
21,330,4
606,508,4
629,340,2
773,56,2
758,340,3
875,514,5
402,19,4
525,412,2
65,318,5
27,286,3
94,829,2
543,700,2
436,144,5
492,474,5
709,403,3
533,755,3
293,583,3
18,629,3
561,1115,3
724,872,1
234,964,4
158,229,3
152,22,5
500,780,3
361,60,4
13,780,1
922,215,3
75,410,5
479,187,4
497,553,2
363,206,2
94,51,3
16,705,5
638,234,4
253,294,4
327,650,4
652,323,3
933,127,5
264,745,5
872,106,3
643,177,4
556,707,3
144,760,2
833,460,2
90,311,4
429,25,4
345,284,4
751,2,4
130,982,1
622,8,4
82,283,2
472,1215,4
606,96,5
622,105,3
41,188,4
654,255,2
13,917,4
73,480,4
6,521,4
94,556,3
396,841,4
729,333,4
933,164,2
711,1518,3
601,290,3
447,206,4
645,89,4
506,182,5
266,285,4
210,23,5
815,127,3
730,748,4
705,172,3
698,202,3
553,655,4
709,470,3
843,378,2
311,54,4
718,750,3
793,282,4
528,50,5
796,873,3
178,62,4
896,302,2
573,513,4
500,768,2
830,449,2
363,1035,2
64,566,3
141,290,1
522,96,3
62,1128,2
488,318,4
717,258,5
343,476,2
803,339,3
759,257,4
332,228,5
666,511,4
91,482,3
224,1212,2
585,970,3
659,70,4
708,352,1
906,1009,2
639,664,2
13,152,5
621,1013,2
131,248,3
90,964,5
896,631,2
694,300,4
463,544,4
367,217,5
606,202,4
289,121,3
524,928,4
904,289,5
13,694,4
311,794,4
298,79,5
806,210,5
308,1,4
426,185,5
58,255,4
113,273,4
14,127,2
894,288,3
500,94,2
892,449,2
791,302,4
714,3,5
312,653,5
463,596,3
409,676,2
498,423,3
526,323,2
157,1,5
705,174,5
417,418,4
87,82,5
797,259,3
880,5,3
788,391,2
496,774,5
682,820,3
533,871,2
349,237,2
342,133,4
435,845,3
73,180,4
244,845,3
494,603,3
854,1014,3
244,926,2
409,187,3
291,655,4
883,523,5
878,99,4
770,244,4
391,286,4
311,66,4
521,392,3
339,76,3
804,625,3
758,288,4
642,292,2
851,346,5
537,591,3
197,690,3
537,14,4
363,496,4
436,276,4
833,151,4
82,518,4
451,326,4
836,690,3
307,483,5
248,405,4
752,269,5
269,241,1
654,1285,4
478,496,5
637,460,2
630,322,3
215,205,3
366,218,3
635,246,5
222,380,4
883,665,4
280,167,4
201,180,3
246,210,3
450,1160,5
246,628,1
301,66,4
49,289,4
455,447,4
255,56,5
142,147,1
299,151,4
189,97,4
87,233,4
883,100,4
130,230,3
303,825,3
597,24,3
59,132,5
514,31,4
745,515,4
152,280,5
105,752,3
343,980,5
286,143,4
911,240,1
642,1311,3
699,619,2
655,1649,3
173,881,3
472,7,5
221,184,4
75,1047,3
159,1028,5
643,715,5
200,812,4
380,651,3
5,50,4
659,97,5
398,168,3
419,300,4
371,663,5
122,175,5
447,410,2
117,258,4
416,235,2
846,365,2
190,1313,2
90,316,5
497,568,3
444,271,3
83,338,4
234,959,2
60,12,4
479,154,3
48,479,4
334,209,3
381,268,4
648,904,2
263,194,5
213,157,4
639,194,4
495,650,5
642,1037,2
454,837,2
339,79,4
291,1139,3
452,50,5
934,56,5
442,98,4
747,276,5
285,276,4
562,190,4
262,423,4
116,331,3
116,748,2
13,516,5
778,423,1
863,1296,3
223,1014,4
627,704,4
71,52,4
527,134,5
529,324,2
99,111,1
711,741,4
363,58,3
422,100,4
325,58,3
828,751,3
385,173,4
336,546,3
440,1591,5
841,300,4
99,11,5
524,469,4
704,606,2
313,152,3
592,825,1
22,367,1
826,526,3
833,135,4
622,204,3
268,386,2
378,692,4
90,275,5
280,405,2
716,210,5
514,190,5
101,304,3
234,1397,4
586,1042,4
752,902,5
526,678,1
279,275,3
22,241,3
318,85,3
320,27,3
291,418,4
181,325,2
808,245,4
145,637,3
883,709,5
892,187,5
184,185,4
848,490,5
487,270,5
94,921,5
521,182,3
430,12,4
126,245,3
442,14,1
115,980,4
256,460,4
927,227,2
364,262,3
355,300,4
236,294,2
622,173,5
933,441,2
533,31,3
95,855,3
618,25,2
199,408,5
435,424,1
279,1151,2
908,525,4
851,1051,2
292,169,5
214,872,2
643,174,4
535,971,2
484,136,5
635,323,3
501,696,4
836,318,5
890,385,4
64,559,3
752,1265,3
879,300,3
559,233,3
806,174,5
523,663,5
899,603,4
848,202,5
766,191,4
234,765,3
13,100,5
557,254,4
561,684,3
566,289,1
769,411,3
751,385,4
412,276,5
406,745,4
530,172,4
327,8,4
246,633,3
197,1222,3
896,87,4
804,615,5
280,1181,2
642,78,3
805,13,3
569,50,5
64,202,4
435,254,3
299,730,4
556,268,4
200,235,2
897,68,5
603,222,4
105,286,4
660,523,3
586,470,4
329,323,2
468,1134,5
429,307,3
519,1612,5
601,201,5
849,133,5
881,523,4
327,1070,4
922,276,3
361,129,4
622,206,1
353,326,2
683,678,1
18,973,3
680,286,4
592,287,3
810,269,5
497,67,3
380,28,4
628,1025,5
308,318,4
130,619,4
374,1013,2
798,603,3
161,177,2
94,658,3
125,746,3
249,327,4
645,268,4
435,549,3
680,318,5
785,886,3
883,531,3
339,121,3
387,441,1
895,294,4
716,636,2
588,1039,4
868,579,1
846,488,5
190,302,5
479,248,4
284,289,3
666,499,4
417,631,3
796,474,2
908,174,3
456,79,3
122,510,4
339,942,4
863,885,1
158,163,4
833,684,3
303,919,4
87,9,4
269,274,1
331,182,4
771,283,4
110,895,2
770,988,3
717,237,5
892,134,5
393,274,4
60,212,5
403,100,5
503,558,5
560,302,5
308,1197,4
406,170,3
530,191,5
428,896,4
22,85,5
130,17,5
761,628,4
378,68,2
825,323,4
417,382,2
422,477,4
337,125,4
494,427,5
864,65,3
5,239,4
881,15,3
92,196,4
851,472,3
553,187,5
276,1056,4
323,179,4
293,211,4
627,317,5
650,737,2
846,507,3
318,501,4
268,264,3
303,397,1
883,276,5
303,33,4
599,975,5
805,5,4
450,734,2
405,578,1
412,487,3
429,999,2
608,310,1
543,29,2
189,1099,5
557,299,4
524,430,3
275,393,3
550,682,4
407,232,3
23,526,3
313,565,1
433,507,4
314,1089,1
328,22,5
889,231,3
655,507,4
537,182,4
130,98,5
864,391,4
500,557,3
326,679,3
94,588,4
470,813,3
308,531,4
650,79,3
688,302,5
462,315,4
56,523,4
422,286,5
379,90,2
551,808,3
212,286,4
87,651,4
848,164,5
295,134,5
922,715,3
73,1073,4
251,185,5
390,1296,2
747,736,5
538,89,4
303,1088,2
825,9,3
314,433,3
62,207,3
128,378,5
495,222,5
276,380,3
889,952,3
357,977,5
610,66,3
70,762,3
213,448,4
391,89,3
523,944,4
273,319,4
745,50,2
393,1183,3
833,67,3
831,284,3
788,436,3
299,954,3
882,70,3
43,347,3
705,623,5
138,222,4
756,323,3
6,483,5
776,485,2
840,603,5
76,150,5
44,257,4
450,629,4
59,143,1
707,718,5
576,125,4
379,294,3
919,539,3
705,148,5
627,631,3
800,751,4
119,475,4
805,581,2
622,283,4
655,1082,3
373,709,5
593,100,5
10,156,4
295,39,4
798,391,3
191,754,3
647,294,3
639,707,5
466,2,1
916,276,4
92,46,4
99,276,2
246,409,2
500,56,5
752,1024,3
655,1378,3
313,237,2
387,68,4
279,946,3
608,1063,5
672,1023,2
403,151,4
314,15,5
713,362,1
377,98,5
39,269,4
6,258,2
661,294,4
489,303,4
929,1,3
435,527,4
100,752,4
416,241,5
881,1057,1
583,513,5
280,402,4
896,651,4
131,137,1
655,391,2
663,1017,2
246,739,2
592,301,1
782,1527,2
661,501,4
891,1278,5
894,874,4
791,300,5
591,72,3
64,625,3
337,235,3
833,840,2
7,174,5
617,631,2
381,175,5
28,12,4
88,354,5
177,300,2
253,121,5
908,527,3
659,180,5
864,174,5
724,749,4
125,813,1
500,396,3
251,237,5
479,295,1
798,1282,3
417,98,5
56,229,3
201,1131,5
425,117,3
303,477,3
645,433,4
234,179,3
634,1084,2
253,259,2
342,92,4
655,193,3
535,187,2
142,189,4
392,286,2
65,476,3
643,1065,4
919,418,4
362,689,5
878,14,5
247,300,2
389,25,3
354,133,3
937,14,4
537,483,4
537,203,4
622,50,5
232,286,3
653,7,2
42,977,2
634,274,3
543,88,4
179,902,1
363,1012,4
214,188,5
279,809,3
664,229,3
405,41,1
591,709,4
764,280,4
727,208,4
324,276,5
741,118,1
788,504,4
458,527,2
66,257,3
393,576,3
873,750,3
898,683,3
537,44,3
761,205,4
682,401,1
215,28,4
757,183,4
500,25,3
407,755,3
500,584,1
11,290,3
805,319,2
385,631,3
899,258,5
615,1021,5
95,190,4
532,143,4
75,190,5
698,10,4
747,111,4
21,1,5
862,135,5
701,689,3
308,152,5
533,203,4
85,286,4
350,133,5
313,837,4
400,301,4
940,873,3
304,298,5
77,121,2
640,169,5
154,286,4
1,91,5
280,210,2
601,191,4
437,499,5
378,420,4
751,481,4
813,307,4
312,919,3
303,998,3
727,123,3
52,126,5
250,123,3
550,846,2
627,51,5
897,77,4
537,381,3
889,550,3
344,742,3
99,12,5
301,56,4
652,328,4
805,546,2
271,663,4
422,127,4
239,1098,5
533,931,2
773,1240,3
588,588,4
135,470,4
344,709,5
63,259,3
279,219,2
13,894,1
316,191,5
393,282,4
922,80,3
561,732,3
346,318,5
585,1158,4
85,1010,2
459,222,4
592,1623,4
867,651,5
559,520,5
184,51,4
395,866,3
27,325,2
864,97,4
6,14,5
655,1226,3
293,127,5
554,100,3
13,231,3
648,67,4
421,525,4
1,165,5
406,129,5
606,178,5
378,173,5
372,672,5
378,51,3
81,237,4
823,1267,4
52,302,4
130,218,5
125,412,3
894,344,4
601,164,4
868,474,4
553,135,4
758,241,3
655,1097,3
823,660,5
422,109,2
60,168,5
671,204,5
758,902,4
435,123,2
217,144,4
748,318,5
343,8,5
91,601,4
393,1249,4
318,1023,2
927,761,3
788,328,4
741,815,3
783,330,1
334,689,3
119,658,5
533,186,3
690,655,4
145,443,3
201,96,4
308,378,3
249,248,5
276,238,5
224,1053,3
889,1218,4
193,476,2
196,108,4
805,942,3
265,477,3
267,826,3
90,1194,4
707,133,2
499,690,4
380,956,4
536,648,3
848,405,5
652,301,1
184,191,4
292,194,4
330,293,3
383,134,5
194,229,1
579,582,4
932,488,5
301,284,4
409,511,5
577,225,4
543,936,4
851,336,4
545,188,2
911,194,4
821,705,5
724,338,3
521,566,3
885,501,3
152,559,1
474,71,5
730,410,1
896,393,3
465,525,3
230,98,5
535,1136,4
382,1268,5
917,278,3
234,127,4
581,221,2
763,280,2
537,512,3
292,56,5
326,603,4
899,168,4
504,38,4
798,323,4
417,395,4
665,1048,4
375,684,4
347,249,5
420,288,3
684,218,1
102,245,3
167,641,4
458,632,4
524,815,3
308,91,4
854,9,5
308,492,3
551,568,4
263,879,2
184,378,4
553,50,4
503,475,2
279,1498,4
660,183,2
37,265,4
561,1524,4
536,148,4
328,823,3
474,117,4
286,316,5
863,352,1
889,399,3
499,886,4
286,404,5
120,1,4
864,181,5
897,1051,3
261,294,4
551,460,3
902,187,3
495,435,5
23,151,3
532,354,4
637,15,4
151,372,5
542,790,3
644,255,4
719,185,4
43,8,4
726,248,2
562,582,4
796,405,5
223,120,2
903,182,5
445,871,2
21,696,2
328,230,3
561,724,3
707,811,4
870,378,3
533,318,5
529,269,3
780,28,5
758,628,4
658,488,4
7,11,3
417,1023,4
59,220,2
851,111,3
468,157,4
192,100,5
219,347,1
694,435,4
787,308,3
204,259,2
255,455,2
561,52,4
784,310,4
211,64,3
449,273,4
194,67,1
705,62,5
348,628,4
12,82,4
313,542,3
201,513,3
276,34,2
660,510,3
435,291,4
543,185,4
643,173,4
697,763,4
174,288,3
454,603,4
339,139,3
94,636,4
916,66,3
851,473,4
932,510,4
633,128,3
676,270,4
489,340,4
513,546,4
740,748,3
642,417,3
495,29,2
198,108,3
632,98,4
551,174,4
838,993,3
305,45,5
291,172,5
409,134,5
742,117,2
916,732,3
458,191,5
326,216,2
169,604,4
268,188,4
606,99,4
867,222,4
933,79,3
404,748,4
234,625,3
42,1040,3
494,245,3
145,546,3
708,1152,5
682,298,4
13,110,3
305,943,2
57,844,2
882,684,3
659,167,3
315,202,3
882,228,5
13,433,4
747,923,5
439,242,5
1,177,5
846,705,3
824,259,4
130,833,4
339,4,4
650,218,3
804,1101,3
234,1169,4
370,493,5
749,231,4
178,358,1
299,511,4
588,531,3
534,129,4
896,405,2
567,497,5
385,174,2
738,164,5
354,451,3
567,1451,3
894,903,4
758,82,4
60,445,5
513,210,5
308,1140,4
293,582,4
451,292,3
699,333,3
822,189,4
911,21,4
45,13,5
328,172,4
570,288,2
11,508,4
892,11,3
158,117,3
109,252,5
145,740,2
372,264,4
232,197,4
686,173,5
805,28,3
314,288,5
67,105,4
840,181,3
573,283,4
763,125,3
856,328,3
328,181,4
347,829,4
854,55,4
130,1,5
561,403,3
62,20,4
638,121,4
42,462,2
532,310,4
881,678,2
303,408,4
457,692,4
151,566,3
569,276,4
435,820,1
610,294,1
429,535,2
30,435,5
58,496,2
188,792,2
194,118,3
334,73,3
290,546,2
561,673,3
270,218,5
114,172,5
116,1089,2
880,298,4
680,274,3
43,225,2
663,117,4
244,475,4
244,772,4
437,288,2
405,529,1
670,969,2
363,284,2
399,97,4
710,22,3
699,596,3
622,22,4
62,651,4
486,93,4
94,83,4
160,250,4
267,391,3
24,71,5
96,91,5
194,636,2
57,871,3
164,620,3
60,183,5
10,499,4
798,825,3
189,274,4
719,254,1
921,210,4
831,317,4
453,99,3
253,188,4
79,262,5
84,7,4
684,722,2
119,54,4
622,94,2
620,740,5
193,393,4
186,121,2
699,268,4
717,262,4
733,19,5
118,223,5
677,148,4
299,916,3
933,1,3
574,289,4
843,660,2
586,76,5
77,474,5
239,300,1
77,641,5
82,660,5
216,226,3
936,1323,4
303,762,4
401,527,4
160,328,3
71,285,3
454,972,2
417,260,3
234,984,2
447,290,4
18,794,3
463,591,4
108,290,4
326,183,5
551,363,4
244,86,4
804,366,4
747,488,5
711,216,4
492,923,5
393,49,4
23,230,4
116,246,5
468,5,3
897,419,4
887,143,5
660,569,2
899,385,3
927,775,3
830,229,2
770,250,5
89,283,4
692,1012,1
792,546,3
339,187,5
379,179,5
504,396,2
644,291,4
82,15,3
263,528,4
177,195,4
655,1155,3
851,332,1
445,127,2
660,163,2
186,596,4
537,433,4
201,45,2
416,975,2
642,313,5
532,1011,5
782,323,3
640,578,3
523,514,4
168,181,4
115,100,5
796,565,3
184,166,3
592,318,5
405,1470,2
419,173,5
308,410,4
389,836,4
236,71,3
786,449,2
374,1042,5
276,679,3
332,934,2
75,108,4
767,659,5
401,65,4
90,499,5
724,259,2
377,678,2
7,665,4
13,238,3
642,1182,2
130,288,5
795,168,5
232,270,3
269,402,2
682,96,4
846,837,5
256,44,4
102,866,2
203,276,4
128,588,5
82,409,1
883,175,5
671,451,4
363,402,2
881,568,4
880,185,5
405,1580,1
777,509,4
267,480,4
76,135,5
201,242,4
92,628,4
221,461,4
826,184,3
65,88,4
327,23,4
43,531,4
198,100,1
654,114,5
18,414,4
87,66,5
532,295,5
368,313,5
334,950,3
522,168,5
463,1017,2
153,568,4
671,720,3
881,23,4
474,615,4
449,983,2
99,678,2
389,275,5
308,520,4
399,91,4
422,257,4
119,685,4
429,214,3
456,382,1
561,642,3
13,196,4
405,576,1
843,142,2
130,555,4
640,761,5
342,427,4
360,79,4
922,406,4
575,483,3
867,23,5
378,2,2
343,130,3
59,480,5
95,211,3
202,286,1
708,473,1
72,82,3
311,495,4
897,866,5
7,205,5
604,567,5
896,730,4
777,204,5
296,272,5
568,497,2
593,237,4
931,252,3
774,135,3
417,91,2
613,1,4
867,64,5
279,932,3
59,528,4
498,202,3
361,203,5
899,25,3
561,19,3
870,458,1
835,543,5
294,298,5
314,1220,5
405,231,3
655,724,3
100,328,4
128,496,5
718,751,5
308,628,3
846,46,4
711,404,3
543,591,4
123,9,5
759,405,4
64,384,2
796,50,5
805,959,2
425,823,3
618,521,2
772,678,4
113,222,3
566,1232,2
311,380,4
686,180,5
734,498,4
788,211,4
881,465,3
443,175,2
352,56,5
497,71,4
605,121,1
65,1142,4
49,168,5
452,163,4
57,248,5
307,419,4
23,381,4
268,583,4
295,385,4
715,564,2
537,6,2
846,33,5
385,8,5
627,1134,1
749,443,4
308,679,4
840,949,4
938,477,1
566,707,4
471,422,5
316,22,4
749,227,4
784,877,4
449,118,1
391,652,4
354,208,4
500,1441,2
897,95,3
445,330,2
507,538,4
472,216,4
118,324,4
56,95,4
727,284,3
16,96,5
118,184,5
223,1234,3
347,298,5
374,925,3
291,129,5
70,211,3
318,610,5
397,1018,4
358,45,3
320,760,3
82,367,4
645,286,4
199,285,4
49,240,3
778,249,3
253,202,5
517,300,5
653,11,2
671,841,2
601,623,1
202,172,3
320,195,5
264,47,5
682,1267,3
764,237,4
806,111,3
45,952,4
798,155,3
348,118,4
836,611,5
378,928,2
290,380,3
749,144,5
1,181,5
862,100,5
318,458,4
790,191,3
195,143,5
466,885,2
301,76,4
501,249,3
232,4,4
345,117,4
10,182,5
4,301,5
883,707,3
234,99,5
694,1455,3
825,1087,3
655,1403,3
152,69,5
239,479,5
131,287,4
130,315,4
686,651,5
416,625,5
422,324,5
896,546,2
207,60,3
844,55,4
467,257,4
595,291,3
1,6,5
181,235,1
943,1330,3
279,1321,4
118,528,4
870,168,4
234,196,3
798,1544,3
130,173,3
655,475,3
425,156,5
236,207,3
655,899,2
655,753,3
287,4,4
363,380,4
159,1049,4
294,979,3
707,200,2
695,313,2
253,98,5
626,328,1
577,470,5
751,301,5
661,204,5
90,435,5
476,204,4
599,845,5
128,319,5
635,886,4
536,164,4
295,98,5
464,307,5
330,80,2
749,202,5
233,528,5
719,655,4
592,597,2
610,516,3
660,1615,2
661,194,5
474,650,4
727,827,3
60,132,4
181,1367,2
880,245,2
905,125,3
537,101,2
932,612,5
241,300,4
21,872,2
758,512,5
301,71,4
43,248,4
747,887,5
919,740,3
757,175,3
846,942,4
551,1136,5
669,246,4
435,649,3
204,12,4
805,190,5
796,233,4
532,498,4
344,405,2
398,710,2
286,42,4
539,69,5
42,222,4
109,172,5
135,744,4
781,294,1
254,183,4
488,434,4
773,1555,4
385,485,4
933,167,2
738,313,5
927,64,5
64,503,4
805,65,3
831,22,5
64,237,4
825,98,5
361,781,2
44,871,3
637,333,3
378,447,4
28,286,3
416,845,4
913,222,3
653,214,3
379,100,5
916,80,3
712,399,5
798,81,3
20,866,1
28,603,3
533,19,3
933,168,3
311,198,3
815,1157,2
500,393,3
328,316,5
234,659,3
191,343,3
523,408,5
664,317,3
157,515,5
802,7,5
711,134,5
913,690,3
871,324,3
8,174,5
648,96,5
796,191,4
3,328,5
2,293,4
524,670,4
518,864,3
373,154,5
793,844,4
537,707,4
877,475,4
455,660,4
629,98,5
13,755,3
42,185,4
186,1042,5
889,1139,1
796,99,3
528,204,5
488,111,4
361,1103,4
314,924,5
482,682,3
815,524,4
497,1016,4
56,195,5
181,1339,1
305,338,3
478,300,3
842,269,5
741,218,4
918,340,1
749,1185,4
313,892,4
936,1279,3
640,126,4
391,15,4
339,183,4
843,667,2
318,305,2
455,47,2
94,797,2
652,333,4
747,939,3
798,259,5
807,28,4
85,420,4
435,4,4
848,479,5
613,28,3
886,1324,2
617,558,3
495,629,3
619,326,2
522,480,5
271,117,3
639,414,3
751,179,4
891,281,5
509,268,2
663,466,3
650,243,2
184,220,3
640,347,3
406,101,3
566,218,4
522,205,4
916,222,3
249,742,3
297,209,4
416,187,5
279,1007,4
197,879,4
562,480,4
11,300,3
407,85,4
506,657,5
586,241,4
848,393,5
206,749,2
916,741,3
68,288,4
85,498,4
618,404,5
305,257,2
552,1051,3
200,22,4
865,472,1
64,633,5
256,796,5
599,1,4
805,338,1
274,125,4
396,328,4
645,675,4
201,221,3
727,1035,2
334,58,4
766,217,4
206,873,3
13,97,4
13,899,1
464,293,5
184,208,4
263,465,4
222,223,4
281,538,4
447,237,4
201,702,1
269,739,1
334,856,4
23,1005,3
389,671,5
267,158,4
176,273,4
287,1016,5
468,143,5
897,199,4
290,144,3
329,288,2
896,42,4
305,474,5
201,61,2
454,472,3
711,966,5
664,805,5
43,756,3
286,3,2
26,405,2
608,490,4
851,1258,3
617,672,3
872,117,4
465,48,3
497,1415,2
28,380,4
94,1119,4
334,170,3
409,381,2
23,202,3
927,477,3
500,210,3
621,268,4
683,354,3
89,93,2
551,302,3
308,792,3
877,549,4
12,392,4
344,476,3
269,506,5
704,304,2
469,610,4
795,395,2
148,8,4
295,186,5
847,763,1
796,1055,3
187,8,5
725,9,4
435,177,5
189,378,4
85,495,3
447,69,4
222,508,3
795,473,2
331,1,1
184,213,5
840,526,4
764,176,4
705,546,3
329,79,4
230,568,3
617,288,1
25,604,4
699,321,3
145,592,3
654,302,5
510,313,5
434,471,2
97,96,5
14,792,5
405,399,1
362,321,2
393,194,4
334,345,2
479,143,1
643,448,3
130,329,4
727,198,4
933,1070,2
85,710,2
506,62,3
890,654,5
13,589,3
450,1115,4
11,558,3
374,815,4
891,591,4
930,237,3
106,582,4
363,264,3
268,233,3
308,649,4
322,185,5
119,286,5
930,117,3
6,268,3
255,234,5
507,306,5
653,371,1
500,42,5
549,151,3
99,845,3
772,326,4
373,117,4
308,121,3
262,98,4
378,183,4
59,97,5
758,137,5
10,686,4
476,746,3
417,182,4
901,636,2
423,327,2
738,121,4
645,194,4
897,234,5
639,451,4
496,1157,1
454,427,4
321,631,4
922,290,4
676,174,5
889,100,4
439,257,4
719,294,2
486,121,3
904,794,4
758,202,5
23,404,4
321,519,4
24,69,5
357,287,4
606,313,5
232,98,4
102,174,4
898,313,4
325,495,3
308,487,4
214,121,4
943,76,4
637,286,5
566,529,4
252,268,5
589,327,3
727,866,3
816,342,4
550,924,4
393,815,4
497,679,3
533,147,1
854,281,3
308,566,4
597,936,3
666,496,4
249,28,4
835,610,5
23,162,3
416,318,5
18,488,3
452,156,4
328,188,5
847,290,4
574,268,5
109,1028,4
56,22,5
326,86,2
868,998,2
457,13,3
826,210,5
585,1009,5
879,282,4
862,151,5
343,950,3
703,864,2
655,509,3
729,689,4
489,271,4
269,47,4
405,199,1
687,336,2
213,11,4
655,923,3
409,200,2
763,5,4
553,111,4
504,65,4
184,197,4
505,182,1
288,258,4
447,484,5
771,114,4
620,595,5
804,96,5
856,347,2
653,77,3
613,258,5
59,1110,4
674,597,3
493,154,4
95,976,2
634,129,4
669,614,4
684,238,3
716,393,3
400,321,4
326,50,5
13,667,1
264,451,4
868,265,3
495,50,5
158,175,4
551,155,4
852,117,4
896,1004,2
707,536,3
46,327,4
727,665,3
48,50,4
663,475,4
327,1017,2
759,323,4
359,250,4
108,1,4
882,117,4
595,1142,5
416,301,5
466,68,3
97,83,1
479,358,1
707,1101,4
746,405,2
1,99,3
572,13,4
653,480,4
82,357,4
887,828,3
553,1194,5
387,470,3
106,684,4
400,690,3
790,10,1
213,235,1
535,121,4
279,88,1
1,28,4
554,118,4
671,526,2
886,582,1
765,14,5
11,258,5
476,712,3
308,5,4
292,127,5
161,496,3
682,443,3
109,423,4
629,50,5
497,176,4
648,63,4
653,157,5
84,1028,3
416,425,4
234,88,3
788,556,2
222,176,4
405,734,2
100,258,4
592,754,3
170,328,3
94,484,5
552,294,4
144,55,4
291,1042,4
599,815,3
270,747,5
603,250,5
190,591,4
307,258,5
621,384,3
564,1016,2
328,73,4
311,306,4
707,504,1
319,879,5
840,511,4
751,704,2
303,462,3
474,479,5
417,582,3
532,419,5
712,202,4
527,152,2
561,1120,4
708,934,4
217,50,1
709,569,3
13,331,3
840,45,4
805,79,5
23,546,3
416,388,2
445,246,1
798,15,4
638,98,3
497,765,3
305,100,3
600,227,4
130,1231,4
15,935,3
764,9,4
311,231,4
726,1014,1
487,194,5
474,171,4
643,685,3
846,487,4
864,419,4
374,457,1
236,1401,3
437,658,4
588,1047,3
311,702,3
838,190,4
711,197,4
363,739,3
130,184,4
882,7,4
303,470,4
655,60,3
710,301,3
188,864,2
853,261,3
716,491,4
940,238,4
708,742,1
166,347,5
896,174,5
295,151,4
796,1511,3
405,1425,1
500,619,3
870,246,3
472,173,5
804,498,5
933,100,5
339,479,5
232,302,5
792,21,3
887,91,5
730,301,1
119,755,1
690,226,3
763,703,5
174,269,5
114,156,4
257,237,2
471,151,2
805,93,5
222,1440,3
233,95,5
270,703,4
643,53,4
794,473,4
751,372,3
708,313,5
94,160,4
350,616,4
239,228,2
454,50,4
294,323,3
642,769,5
851,307,4
919,305,4
27,100,5
554,596,3
224,212,1
470,150,5
299,747,4
920,311,3
345,66,3
452,501,3
703,147,3
406,96,5
84,258,4
311,143,3
782,1537,3
22,435,5
504,401,2
378,561,3
227,1008,4
179,307,3
551,196,5
303,401,3
117,252,3
222,552,2
751,597,2
508,474,5
427,682,5
498,381,3
747,208,5
235,211,5
334,271,3
178,455,3
454,66,4
82,174,5
796,8,5
694,237,4
435,841,2
354,202,3
295,546,4
253,203,4
297,286,5
416,137,3
197,510,5
21,668,1
450,367,3
14,111,3
246,597,2
827,358,2
835,1673,3
123,64,3
430,1375,4
925,558,1
417,162,3
761,455,2
405,1581,1
320,470,5
665,249,5
181,274,4
930,690,3
437,401,5
880,287,4
116,306,3
393,463,4
179,1127,1
351,538,4
768,255,4
308,200,5
138,497,5
798,746,4
456,655,3
543,179,4
796,762,3
20,633,4
894,923,5
138,137,5
774,12,3
456,484,4
780,423,5
630,118,4
539,603,4
541,63,3
788,1139,1
414,325,3
434,1051,3
119,226,3
210,180,4
470,276,5
144,591,3
16,1,5
263,141,5
298,507,4
619,578,4
139,288,4
889,520,4
490,298,3
356,333,5
863,306,5
818,288,5
645,173,4
840,1065,5
942,261,4
321,7,4
532,929,3
943,756,2
916,50,5
495,379,5
833,58,2
275,89,3
622,252,1
82,225,3
401,405,2
450,559,3
253,523,4
141,984,4
63,475,4
296,521,4
343,510,5
753,50,4
826,748,4
499,238,2
804,229,4
83,407,1
172,428,4
605,124,3
188,455,4
372,872,4
923,762,4
479,304,4
207,746,4
894,256,3
113,245,3
907,742,5
254,465,3
622,1016,3
308,1404,4
333,168,4
705,195,2
374,2,4
1,21,1
883,7,5
864,87,5
374,292,4
453,67,4
660,67,1
843,121,3
265,472,3
144,212,5
644,300,5
239,286,1
868,268,4
796,479,4
841,892,3
489,749,4
537,200,3
1,186,4
407,399,3
95,1228,3
894,9,4
788,327,3
847,1050,3
474,227,4
250,116,4
893,410,4
634,840,2
932,646,4
59,506,5
447,926,3
36,261,5
643,399,3
537,272,4
184,591,3
911,83,4
749,24,2
694,197,5
222,239,5
302,680,2
236,216,5
181,1087,1
64,191,4
896,468,2
75,301,4
912,194,4
286,66,4
650,628,3
286,1119,3
269,649,2
507,121,5
935,934,4
500,1616,4
236,596,4
789,294,3
311,480,4
709,203,4
1,228,5
862,436,4
387,568,2
885,135,2
901,402,4
671,174,5
43,127,4
880,435,4
844,181,5
417,214,5
521,226,4
412,56,5
457,11,4
782,308,4
707,723,3
239,50,5
327,652,4
395,21,3
927,541,5
195,242,4
466,258,4
565,179,5
757,145,3
593,949,2
294,79,4
234,241,2
271,79,4
280,404,3
450,509,4
861,737,3
76,919,3
653,163,4
698,1,4
59,274,1
449,558,4
440,324,5
59,436,5
213,1215,1
129,288,1
450,609,5
594,221,4
425,976,1
642,378,3
363,5,1
474,513,5
373,393,4
939,1028,5
100,691,4
465,845,4
727,159,2
796,736,3
504,291,4
382,122,3
200,151,3
203,336,3
462,289,5
535,165,4
343,229,4
880,342,3
308,968,4
294,872,4
698,505,2
447,223,5
916,1682,3
805,922,5
727,73,4
34,898,5
293,746,3
870,497,4
503,356,4
385,629,2
532,251,4
331,503,4
118,5,2
851,261,3
216,151,3
612,100,4
254,403,3
568,162,2
201,692,3
126,326,2
171,269,4
763,466,4
236,595,3
782,1610,1
267,1240,5
250,100,5
92,1215,2
755,937,4
407,408,4
738,202,4
919,201,4
450,322,4
450,191,5
922,1079,1
255,860,2
908,434,4
854,628,2
721,330,3
276,797,3
326,468,3
860,344,3
498,172,3
342,657,5
233,495,4
254,871,2
399,544,2
878,197,4
380,1039,3
246,561,1
617,868,4
145,742,4
450,234,3
911,197,4
907,286,5
916,512,5
592,1609,1
194,427,4
648,447,5
109,15,4
416,1594,5
321,207,3
865,408,5
173,302,5
790,29,2
775,327,5
116,758,1
900,205,4
882,378,5
416,105,2
155,990,3
561,664,4
897,477,3
119,1052,4
745,168,3
295,704,5
195,407,2
622,96,5
199,276,4
293,685,3
474,1172,4
804,152,4
59,946,1
343,88,4
279,180,2
279,114,5
647,300,4
333,127,4
460,279,2
234,276,3
699,985,3
409,60,5
373,1147,4
151,87,4
884,713,3
130,682,4
246,572,3
222,142,2
825,122,1
650,309,3
70,228,5
47,874,3
896,80,2
716,603,5
102,73,3
1,208,5
276,1118,4
401,322,2
409,1524,4
232,655,4
551,318,5
875,213,4
569,14,4
545,69,4
393,41,4
167,225,3
44,99,4
704,497,3
250,259,1
277,925,4
125,97,3
559,204,3
189,459,4
521,751,3
181,283,3
104,328,3
624,250,4
312,463,5
470,295,3
311,321,3
693,483,3
625,705,3
448,262,4
798,423,3
479,201,4
74,272,5
433,276,5
897,478,3
588,645,5
371,42,3
270,1109,5
455,234,4
94,625,4
246,477,4
118,511,5
65,778,4
860,1041,2
387,243,1
606,186,5
56,1028,4
102,230,2
889,533,3
826,265,5
642,584,4
496,141,3
116,607,2
486,327,3
293,180,5
805,636,4
378,191,5
303,284,4
796,228,5
886,168,4
398,2,3
358,558,4
630,272,5
755,690,5
298,237,5
831,333,4
99,363,4
170,258,3
109,28,3
834,148,4
312,178,5
279,638,4
578,288,3
655,611,3
487,88,4
379,480,5
346,29,4
645,212,4
233,98,5
798,168,4
393,1001,4
313,503,5
919,321,2
632,568,3
328,556,3
199,892,1
85,516,4
392,200,3
749,257,3
545,379,4
561,762,3
868,520,4
290,818,3
521,77,3
330,385,5
344,269,4
871,82,3
121,14,5
629,651,5
930,756,3
840,707,5
932,514,5
488,127,4
95,787,2
463,593,1
315,204,5
543,704,3
13,849,1
854,220,4
322,603,5
828,900,2
684,274,2
864,1425,2
715,81,4
782,316,4
60,199,5
37,62,5
363,854,1
492,131,3
457,629,4
145,164,4
360,83,4
868,139,1
385,1103,3
406,462,5
454,195,4
271,515,5
7,612,5
328,135,3
804,63,4
330,69,5
65,365,3
435,1103,4
864,190,4
343,69,5
682,720,4
406,136,4
69,124,4
16,69,5
110,33,4
363,273,3
303,506,4
892,208,4
276,1483,3
22,377,1
938,926,3
776,438,2
551,751,4
113,975,5
500,175,5
375,176,4
358,1529,3
1,82,5
620,444,3
561,10,3
181,882,1
504,664,3
168,276,1
411,79,4
893,1245,2
268,273,3
188,11,5
479,629,3
176,7,5
699,185,4
394,802,1
59,61,4
682,721,4
416,122,3
174,280,5
648,72,4
380,496,4
385,98,4
659,214,3
207,125,4
600,241,5
682,738,3
615,190,3
406,393,4
255,118,1
269,182,4
870,527,5
878,514,4
497,53,3
178,197,2
152,15,5
209,16,4
869,298,3
771,1129,5
930,175,2
298,178,5
854,14,4
682,527,3
399,151,2
774,429,1
216,12,5
239,45,5
606,419,4
177,156,5
271,185,3
518,222,5
606,185,3
168,1047,2
550,249,4
592,806,4
514,1035,3
5,211,4
82,717,1
16,200,5
717,678,3
294,127,5
643,255,4
381,418,3
435,100,3
927,403,4
916,631,4
299,479,4
722,100,4
474,72,3
707,630,3
559,527,4
536,179,2
332,827,4
56,392,4
893,144,4
758,421,4
524,89,5
457,655,5
262,709,5
383,81,4
524,238,4
239,174,4
527,514,5
109,131,1
790,215,2
727,259,4
730,109,4
680,248,4
354,303,5
776,567,2
751,739,3
848,180,2
495,790,3
287,313,4
60,286,5
823,1217,1
405,555,1
295,735,5
94,693,4
449,137,5
586,127,4
393,281,4
932,526,5
736,515,5
943,173,5
486,889,4
232,461,5
291,79,5
711,132,5
296,144,4
82,73,4
938,596,5
92,7,4
665,328,4
188,177,4
655,1462,3
222,73,4
536,449,4
72,124,4
239,498,4
747,1179,1
389,835,5
59,550,5
449,515,5
542,721,2
280,1479,3
771,408,5
596,895,3
611,313,3
406,921,4
662,1381,5
18,185,3
320,50,4
514,582,4
1,65,4
44,193,3
297,32,4
350,258,3
339,86,4
880,366,2
425,234,3
496,506,3
659,490,4
49,129,2
201,268,4
387,23,2
485,321,3
903,994,3
601,660,3
303,805,4
896,216,5
715,732,3
126,262,4
671,288,5
506,660,3
505,591,4
327,466,3
634,760,3
435,520,4
104,331,3
567,303,3
521,222,4
201,733,3
422,302,3
659,431,4
194,387,2
445,183,2
526,325,3
2,255,4
709,747,2
324,268,4
919,268,3
406,675,4
398,423,5
318,269,5
919,271,4
275,101,4
807,417,3
623,88,4
782,261,2
73,196,4
525,181,4
327,1170,4
7,300,4
638,181,5
666,471,4
180,68,5
174,393,4
421,197,3
409,877,2
711,483,5
561,1110,2
681,539,4
653,455,3
31,319,4
343,228,5
466,684,4
574,900,4
116,300,3
487,289,2
535,174,4
234,837,3
293,188,3
6,513,4
918,1266,4
936,93,5
214,132,5
347,237,4
95,708,2
642,871,3
896,200,4
452,971,4
373,143,3
528,193,4
912,186,3
13,170,5
792,276,3
913,1112,1
804,708,3
200,365,5
883,289,5
409,133,4
52,815,4
454,173,2
893,928,3
64,392,3
493,60,2
472,80,3
479,945,5
62,512,4
31,1021,3
8,273,3
342,123,5
801,294,5
92,631,4
73,154,5
707,660,5
358,666,3
224,286,3
640,173,5
380,258,4
44,380,4
305,165,4
377,358,3
552,257,3
201,1073,2
553,151,5
72,170,3
749,191,4
727,131,2
354,136,5
601,141,4
13,883,3
833,302,3
521,132,3
308,257,4
230,162,4
426,486,3
806,155,3
237,176,3
763,732,3
196,242,3
312,609,3
271,133,4
831,237,4
543,200,4
568,6,3
828,325,2
854,235,2
468,469,4
486,322,2
145,358,4
340,174,4
189,489,5
682,288,4
758,393,4
561,382,4
330,286,5
733,137,5
479,62,3
345,651,4
173,324,5
379,186,5
334,582,5
22,227,4
32,1016,1
382,1381,3
156,655,3
488,71,3
709,541,3
716,631,5
456,168,4
325,647,5
217,586,2
62,559,3
472,455,4
870,10,4
616,349,4
430,300,3
828,896,4
548,258,4
624,762,4
200,586,4
479,122,1
117,588,3
560,845,3
391,497,3
417,765,3
375,234,5
280,70,4
104,50,5
717,293,5
348,100,4
428,1024,4
354,281,1
778,7,4
223,1291,3
497,233,2
417,144,3
659,316,4
932,163,4
758,887,5
752,289,1
870,657,5
89,387,5
184,1020,4
393,683,4
62,167,2
452,427,4
1,16,5
436,288,4
286,1053,4
536,204,4
472,365,4
790,13,3
200,258,4
174,155,4
627,82,4
109,222,4
234,663,4
308,826,3
903,302,4
786,230,4
13,813,1
913,185,4
537,137,4
133,272,5
84,111,4
276,1228,1
3,272,2
933,80,2
32,248,4
500,72,4
189,118,1
334,250,3
454,12,3
94,1219,4
8,22,5
412,193,4
244,383,3
747,952,2
464,1226,4
690,194,4
912,501,4
276,385,4
417,216,3
77,192,3
611,354,3
682,763,4
906,740,4
148,175,4
301,566,3
674,313,5
489,874,2
298,200,3
374,742,5
57,588,4
217,665,4
452,69,5
611,307,4
629,693,5
336,655,3
671,161,5
389,954,4
393,402,3
823,659,4
901,168,4
499,519,3
509,319,2
425,358,4
130,959,4
792,25,2
429,79,4
313,489,4
542,13,4
870,55,3
608,134,3
630,300,4
269,761,2
329,129,3
389,454,2
263,245,4
379,447,4
155,319,3
881,51,5
263,22,5
905,328,3
293,636,4
230,142,4
294,313,5
458,519,4
724,538,2
385,1536,5
553,1124,4
318,318,5
222,1239,2
7,614,5
621,107,4
372,637,4
889,303,3
144,54,2
474,289,3
853,302,4
847,235,1
104,1012,4
500,313,3
409,606,4
498,56,3
181,242,1
698,507,4
287,9,5
880,268,5
81,432,2
561,483,4
194,213,2
870,631,2
741,92,3
901,1049,3
396,333,4
627,941,3
472,895,4
454,279,4
551,276,5
92,120,2
85,708,4
360,28,4
330,443,4
537,978,2
472,890,4
393,347,4
617,653,4
505,713,3
592,285,5
717,1011,4
864,655,4
612,25,3
641,270,3
533,54,4
737,196,3
244,235,1
406,463,5
747,287,4
437,1039,2
521,241,4
846,178,4
257,301,3
869,1061,1
447,200,3
416,418,4
846,87,4
632,318,5
276,1079,2
851,1276,2
889,655,4
500,98,4
297,47,2
363,128,5
561,1220,2
234,1452,4
592,1048,3
345,433,4
303,194,5
561,319,2
384,343,3
407,1263,2
892,1091,2
231,289,4
825,619,4
790,1230,2
796,234,2
87,709,3
640,941,5
804,629,3
522,430,5
423,272,5
488,478,3
666,1021,5
682,77,3
842,752,4
500,223,4
816,343,4
764,289,5
763,164,4
454,259,4
333,513,4
500,411,2
100,315,5
532,44,5
378,423,4
63,1028,3
450,382,3
854,472,1
385,224,2
638,204,5
44,294,4
443,313,4
587,301,3
712,42,1
253,220,4
805,831,4
291,204,4
659,23,5
664,715,3
405,626,1
385,430,5
887,9,2
650,157,3
804,199,5
782,257,3
308,321,3
220,289,4
68,713,2
264,269,5
838,750,4
717,742,5
43,328,4
127,343,5
911,1203,4
551,739,4
312,850,5
380,151,4
486,242,4
843,551,3
601,443,4
181,1289,1
409,1065,2
690,158,4
655,1262,3
608,204,4
159,127,5
864,98,5
412,186,5
682,111,3
256,1040,3
787,906,1
213,187,5
786,95,5
458,1226,2
806,318,5
883,8,4
881,194,3
7,622,4
560,111,3
18,86,4
200,748,3
660,99,2
940,629,3
758,435,5
537,517,4
557,294,3
207,160,2
448,319,5
365,315,4
582,271,4
315,216,4
447,28,4
705,226,3
859,476,5
327,153,4
661,418,4
673,242,4
940,137,3
397,117,3
697,245,3
59,109,4
178,148,4
435,559,3
476,325,1
92,1194,4
267,1145,3
60,47,4
558,20,5
301,187,4
870,735,3
535,502,5
813,877,1
95,88,4
279,744,2
916,88,4
11,721,3
499,275,3
271,318,5
416,197,5
291,1077,4
806,952,2
738,189,4
13,851,5
222,407,2
910,9,4
551,334,4
755,294,3
604,670,5
779,596,4
591,100,5
622,405,4
833,164,2
829,427,4
870,1046,3
846,1530,2
238,258,3
343,642,4
393,87,4
666,811,4
711,969,5
543,715,3
268,449,2
933,399,3
864,651,5
790,2,3
125,945,5
13,779,3
644,333,3
621,944,5
535,707,4
90,606,5
62,8,5
178,117,4
439,273,2
464,748,4
375,761,3
931,312,4
474,692,4
826,29,3
344,173,5
694,1221,3
184,44,4
237,656,4
70,63,3
173,326,5
403,106,2
932,193,3
254,135,5
425,24,2
787,681,3
825,925,4
455,568,4
271,95,4
398,414,3
882,288,3
107,259,2
276,315,4
459,832,3
611,315,5
434,7,1
7,96,5
442,873,2
269,631,4
194,212,1
881,94,2
561,69,1
405,1217,3
49,514,4
458,317,5
588,354,5
256,566,5
428,329,3
237,423,4
638,50,4
823,686,4
472,393,3
207,87,4
807,622,3
417,537,4
246,173,5
299,56,4
592,1097,4
390,845,2
435,141,2
790,1165,2
894,1194,5
454,632,3
268,29,1
181,929,1
805,213,3
826,578,5
7,402,5
416,1077,1
429,48,3
407,200,4
738,173,5
727,413,2
698,257,3
504,972,3
561,14,3
378,471,3
655,1103,3
58,222,4
559,153,3
341,335,4
308,32,5
864,235,5
13,810,5
453,77,3
404,307,4
258,272,5
268,955,3
655,649,3
741,121,2
683,682,1
399,732,2
234,647,3
712,213,3
747,199,4
721,333,3
804,70,4
640,691,4
74,294,4
524,318,4
532,425,4
888,280,3
194,227,1
897,1028,4
664,228,4
880,1059,4
405,518,1
790,155,3
892,155,2
743,298,4
634,302,5
460,257,2
393,769,4
717,975,2
327,895,3
676,117,4
805,99,2
188,210,4
9,7,4
506,211,4
314,775,3
451,327,4
222,54,4
311,222,4
145,890,2
286,596,3
796,9,3
62,924,1
181,251,1
878,699,1
200,528,4
798,827,4
176,258,4
805,642,4
301,132,4
308,660,3
740,286,5
564,597,4
116,203,5
311,416,4
664,95,4
6,405,1
291,249,4
57,597,3
468,531,4
727,949,3
655,81,3
286,1265,5
666,1045,4
813,335,2
181,748,1
399,527,3
324,285,4
184,527,4
508,1153,4
537,1050,2
501,544,4
524,494,4
119,1262,3
628,330,5
7,195,5
630,932,2
758,150,5
268,290,3
489,325,5
551,38,1
159,1013,4
933,1028,2
451,329,4
579,303,3
878,855,3
819,381,4
235,22,4
650,445,4
303,1012,4
524,234,4
57,825,1
721,77,5
533,132,5
642,1181,2
493,48,4
305,191,3
506,72,3
933,230,3
407,491,4
452,842,2
889,1097,3
299,55,2
148,50,5
484,879,4
643,79,4
389,608,3
58,1089,1
263,117,3
245,151,3
534,240,5
293,747,2
275,523,4
805,288,1
738,175,4
224,196,4
748,83,3
95,181,4
655,387,3
660,202,2
741,194,4
428,288,4
171,302,4
565,381,2
764,284,4
574,883,4
728,546,2
698,183,3
537,937,3
13,25,1
903,628,3
845,272,3
79,1161,2
343,583,4
417,81,5
479,258,5
327,164,3
846,64,4
913,357,5
398,417,3
279,67,4
452,194,4
293,1016,2
450,488,4
83,234,4
856,690,4
102,101,4
790,391,2
438,845,4
457,412,2
660,663,2
226,370,3
753,96,1
293,152,4
532,9,5
586,218,3
1,218,3
637,25,4
846,227,4
195,273,4
371,393,2
271,141,4
943,367,4
95,257,5
405,777,1
864,69,5
318,132,4
276,97,3
826,187,4
738,179,3
356,326,4
374,66,3
679,8,2
413,936,4
23,418,4
356,347,4
517,472,2
95,636,1
59,232,3
393,88,3
577,365,5
7,98,4
796,389,4
54,741,5
655,1641,3
705,121,5
456,715,3
629,332,4
13,429,5
730,237,3
484,294,4
896,387,2
63,323,1
216,764,2
276,153,4
301,31,3
92,73,3
417,779,2
749,531,5
437,71,3
117,421,5
70,408,4
425,1597,3
189,498,5
452,70,5
384,271,4
780,467,3
734,751,4
386,222,4
240,301,5
90,209,5
124,96,4
222,365,4
450,35,2
936,1115,4
472,368,3
425,121,4
691,1,5
774,182,4
785,209,3
234,629,4
536,435,3
843,177,3
909,165,5
274,742,4
752,306,5
817,15,3
537,190,4
294,544,4
747,14,3
921,322,3
476,300,5
201,660,3
48,289,1
466,173,3
392,189,4
196,393,4
886,697,1
504,595,4
193,111,1
429,195,4
518,120,3
238,471,4
268,630,4
682,1188,3
615,97,4
606,200,5
733,253,3
194,568,2
900,9,2
846,232,3
56,423,5
562,511,2
618,356,2
95,651,5
389,40,3
327,100,4
290,1336,3
893,815,3
627,89,5
326,185,5
629,1109,4
659,62,4
92,583,3
437,208,5
707,480,3
279,117,5
339,614,3
174,132,2
536,213,5
399,1217,4
486,1375,3
77,96,3
416,216,5
426,494,3
881,524,4
308,715,5
682,38,3
650,495,3
704,496,5
92,678,2
305,121,3
621,250,4
244,754,4
854,928,3
639,311,3
506,538,3
521,385,3
524,150,2
933,1183,3
291,96,4
932,1126,5
505,181,3
685,875,3
13,518,4
880,1139,4
180,421,5
234,675,4
407,484,4
177,174,4
230,951,5
145,769,2
830,451,4
417,447,3
118,156,5
42,195,5
325,127,5
554,22,4
11,713,5
33,323,4
901,378,5
764,151,4
868,240,5
799,292,4
250,271,4
745,205,2
392,8,5
901,66,5
374,595,3
566,393,2
181,1022,1
363,325,1
265,471,4
343,1107,3
145,299,4
901,8,3
608,150,3
586,1249,3
794,224,4
328,912,3
327,275,4
665,815,4
78,327,1
515,750,2
50,253,5
482,245,4
634,121,5
393,476,3
151,301,4
472,720,5
111,340,4
119,697,5
707,419,3
10,50,5
491,294,2
886,100,4
585,1512,5
885,428,4
907,553,5
850,208,5
64,209,5
144,521,4
819,304,4
503,900,5
157,276,4
250,69,5
339,217,3
711,240,1
637,873,1
456,403,2
588,21,5
128,425,5
720,896,5
82,405,3
823,747,4
340,402,4
538,483,5
21,590,1
268,227,4
796,265,5
194,82,2
193,79,4
697,257,5
490,222,3
545,633,3
276,79,4
94,431,4
49,7,4
790,123,3
774,986,1
712,622,4
94,1010,4
312,206,5
682,248,3
7,134,4
327,676,3
287,39,5
398,756,3
655,963,3
450,58,3
655,1436,2
416,195,5
561,304,3
188,194,3
426,655,4
825,1034,4
788,561,3
379,144,5
535,1396,4
937,116,4
210,202,5
176,475,5
624,824,2
92,273,4
313,391,3
254,496,4
361,421,3
748,228,3
457,160,4
586,978,2
666,163,3
699,13,4
68,111,3
805,952,5
201,232,2
718,685,4
586,295,3
351,343,3
833,1428,3
318,423,5
389,492,5
109,147,4
889,69,3
66,121,3
110,11,4
174,1032,3
751,1101,1
294,483,4
44,5,4
1,164,3
521,204,4
846,1066,3
881,506,4
334,347,3
237,183,5
459,596,3
854,122,3
477,88,5
347,76,5
293,117,3
50,324,5
474,302,5
863,1062,4
149,1296,3
60,615,5
934,393,2
440,283,5
575,304,2
67,756,3
637,1233,5
883,1021,5
718,879,2
529,258,4
293,696,2
527,462,3
3,334,3
665,287,4
388,147,4
938,929,2
87,1179,3
203,323,3
698,1299,2
148,185,1
830,265,5
497,91,2
64,218,1
229,340,4
645,521,4
447,1132,3
301,300,4
903,7,2
940,521,4
206,1127,4
747,136,5
303,1052,2
627,1136,4
72,129,4
715,175,3
671,510,3
534,300,4
42,2,5
474,676,3
875,474,5
210,657,4
882,559,3
727,197,3
84,685,3
707,275,4
120,282,4
308,559,4
381,1060,5
574,300,4
94,64,5
435,743,3
450,197,5
600,566,3
145,771,2
279,249,3
325,345,3
405,434,3
758,820,4
330,1084,5
925,200,2
666,478,4
781,50,5
699,277,3
840,645,3
177,358,2
542,265,4
92,756,3
907,405,4
141,676,5
691,64,5
524,443,4
145,268,4
319,689,3
457,62,3
554,276,3
521,743,1
592,762,5
896,230,4
188,202,2
253,496,5
804,1210,2
788,164,3
829,310,3
690,167,2
659,647,3
886,710,4
650,152,3
244,1045,5
913,58,5
585,510,5
537,499,3
224,620,3
727,748,4
878,535,1
908,124,3
327,324,3
847,109,5
870,494,3
894,264,3
77,98,4
251,183,5
653,318,4
541,625,4
178,405,3
204,269,4
151,81,5
821,281,3
837,181,3
901,172,5
60,485,4
465,404,2
6,32,4
536,191,4
398,582,2
910,628,1
868,195,2
828,286,4
141,259,1
361,652,4
454,77,4
901,419,5
5,89,5
630,172,3
727,249,2
269,478,4
738,231,3
278,311,4
772,879,4
298,193,5
819,245,3
655,786,2
168,294,4
13,525,5
787,1434,1
393,338,2
416,173,5
119,276,2
201,767,4
500,727,2
679,751,5
868,164,2
764,597,4
833,52,3
825,283,2
686,317,5
748,97,4
643,210,4
882,1444,4
62,554,1
604,441,2
92,728,3
442,450,3
117,423,4
299,333,4
437,132,5
889,83,4
311,386,3
343,9,5
722,300,3
933,166,3
91,204,4
445,295,1
328,448,3
211,275,2
324,508,5
804,1228,3
738,254,2
271,315,4
125,478,4
655,651,4
551,12,4
931,181,4
661,707,5
892,54,3
715,756,2
914,643,4
321,382,3
15,13,1
682,158,2
288,300,5
13,848,5
46,328,4
239,921,5
642,423,3
537,100,4
181,866,1
528,402,4
600,450,4
671,33,5
291,582,4
447,17,3
417,151,5
541,66,4
599,282,5
308,197,3
13,427,5
21,567,2
871,27,2
392,632,5
878,212,3
880,820,3
138,45,5
620,181,4
569,455,3
148,181,5
645,64,3
387,1078,1
490,123,2
402,511,5
751,248,5
816,332,4
916,164,4
450,294,4
715,447,3
18,527,4
474,705,3
308,23,5
103,471,4
23,427,5
292,282,4
96,144,4
698,479,2
533,580,3
280,53,5
7,420,5
374,15,3
291,56,5
140,304,4
586,39,4
338,663,5
348,237,4
346,369,3
561,431,2
472,485,3
230,418,5
389,178,4
748,699,3
182,257,3
23,91,4
280,22,5
924,504,5
880,1244,3
570,358,2
932,285,4
712,102,4
213,106,4
654,168,4
431,323,3
193,24,2
880,697,2
288,100,5
554,531,4
585,1347,2
527,1211,3
869,846,2
916,1101,4
664,182,4
680,15,3
621,472,3
303,545,2
588,623,3
660,470,2
554,111,4
100,288,2
496,1091,1
398,655,4
682,238,3
189,209,1
617,218,2
405,31,1
576,248,4
342,192,4
217,761,4
164,458,4
45,1,5
344,276,4
591,26,3
704,205,5
840,100,5
896,145,1
782,1142,3
903,977,1
655,1009,2
664,678,2
25,455,4
194,15,4
861,736,4
60,1021,5
26,742,3
864,223,5
444,275,4
692,66,2
490,117,1
425,636,4
253,1039,4
887,419,2
847,211,4
648,169,5
854,286,1
727,423,3
374,1010,5
809,315,5
8,7,3
207,269,4
804,455,5
263,498,5
388,98,5
498,144,1
756,258,3
416,1147,4
910,56,4
174,323,1
406,144,1
368,559,3
715,2,3
423,302,5
394,88,3
59,135,5
7,101,5
194,523,5
158,181,3
326,234,3
342,12,5
721,938,3
627,282,2
876,238,4
177,144,5
290,62,2
207,38,3
200,951,5
94,86,5
785,423,2
711,218,4
157,476,1
655,550,2
249,123,3
360,199,5
673,327,4
844,405,2
140,319,4
378,71,4
788,46,3
178,220,3
358,639,4
95,186,5
806,28,3
405,747,1
807,398,3
659,642,2
314,237,5
655,638,4
422,1017,4
165,288,2
222,756,4
406,202,3
464,286,3
262,47,2
580,597,1
269,1074,1
252,7,4
534,820,3
605,528,5
311,732,4
334,318,4
546,185,4
399,399,3
255,763,5
592,47,5
746,222,3
509,680,1
402,7,4
620,678,3
860,305,4
796,257,5
933,561,3
13,831,3
8,82,5
497,501,2
669,427,4
671,118,5
255,685,3
505,210,4
905,302,5
465,656,3
474,316,5
13,229,4
224,893,3
403,1012,1
299,785,2
313,420,5
13,758,1
280,66,5
322,751,2
901,135,4
10,100,5
541,1084,4
43,1056,3
288,175,1
445,1129,4
196,1118,4
870,640,3
144,690,3
207,997,1
405,396,1
870,949,3
60,411,3
287,235,4
751,87,5
456,231,2
417,392,3
500,255,3
498,83,3
766,609,3
234,483,5
327,428,4
269,108,5
924,275,4
774,204,3
255,546,3
768,245,2
833,22,3
58,185,2
442,154,4
43,275,4
116,1254,2
62,528,5
121,357,5
684,742,4
104,147,3
416,140,4
763,819,2
886,693,4
588,12,5
417,156,3
372,292,5
708,762,5
49,96,1
343,147,4
249,169,5
379,151,4
664,319,4
326,505,3
715,128,3
1,256,4
94,1074,2
658,960,4
258,294,4
49,50,1
437,176,2
636,106,4
43,143,4
417,855,2
428,268,4
386,982,3
207,5,3
903,100,5
869,294,3
768,591,4
416,1160,4
686,514,5
663,762,4
7,544,3
89,13,2
231,846,4
84,477,4
214,20,4
432,815,3
843,625,2
327,559,2
632,468,3
227,19,4
527,878,1
892,1285,4
798,953,2
92,825,4
450,282,5
804,474,4
632,64,5
181,303,1
160,1073,4
890,133,5
21,145,1
807,239,4
87,235,3
679,416,3
389,77,2
184,212,4
292,844,5
856,748,3
271,642,5
416,727,5
290,139,2
577,423,4
661,1035,3
774,774,1
360,96,3
757,449,3
177,92,4
654,736,5
655,1131,5
704,100,4
830,233,3
437,732,4
682,925,3
894,529,4
285,628,2
535,282,3
709,89,3
188,64,5
588,1041,2
299,367,4
705,318,5
74,307,4
864,202,5
648,238,3
474,611,4
806,82,4
481,507,4
778,117,3
779,125,4
734,164,3
119,25,5
234,45,4
524,707,4
380,699,3
387,430,3
421,238,5
379,270,3
499,539,1
514,713,3
117,546,3
654,588,4
160,483,5
645,650,5
429,432,4
499,414,3
597,477,5
448,344,4
846,530,5
619,300,5
450,1152,5
387,477,1
497,95,4
18,113,5
113,324,2
774,554,1
796,775,2
148,78,1
59,1021,4
458,137,5
457,195,5
360,127,5
886,318,5
112,333,4
189,185,5
457,50,5
313,624,4
457,959,4
554,432,4
57,168,3
308,568,5
303,300,1
560,928,3
358,8,5
707,1171,3
354,319,3
373,125,4
400,749,4
222,378,1
542,206,2
655,127,5
506,233,4
255,1034,1
848,481,3
405,1006,1
666,480,4
559,216,5
193,310,4
124,226,4
619,79,5
642,427,3
311,118,3
500,1326,4
280,725,3
286,710,4
301,118,4
399,407,3
655,1344,3
676,471,3
379,143,4
783,334,3
807,204,4
301,755,4
286,824,1
819,744,5
927,1095,2
637,322,3
600,232,3
915,300,3
334,603,5
932,1065,5
188,678,3
416,326,5
561,204,3
711,230,3
53,24,3
847,13,3
543,381,4
796,1197,3
533,12,4
13,403,2
793,100,4
886,69,2
270,943,5
590,547,4
889,82,4
721,699,3
836,507,4
894,86,4
188,38,3
401,162,5
201,408,4
291,369,3
803,260,3
59,429,4
125,376,3
567,271,4
872,118,4
774,187,3
655,1016,3
549,121,4
16,284,1
878,662,1
216,824,3
452,202,3
505,88,4
56,585,3
256,1150,5
343,528,3
942,300,5
316,173,1
363,1016,4
452,136,4
489,263,2
672,255,2
194,692,2
342,4,4
424,1346,4
622,1552,2
345,332,1
319,750,3
58,135,4
924,632,4
318,127,5
74,351,3
305,686,3
64,98,4
472,22,5
435,542,1
504,310,4
533,696,3
821,98,5
894,315,4
632,357,4
727,229,2
694,506,4
892,183,5
327,419,4
233,1194,5
274,685,5
727,114,5
296,209,4
94,25,3
276,746,4
663,925,3
444,307,3
49,1003,2
382,258,2
588,1508,3
151,945,5
181,118,2
878,237,3
884,582,5
312,593,5
450,4,3
85,1131,4
851,290,4
474,257,3
179,893,2
658,55,4
1,128,4
552,1014,4
46,300,3
472,831,5
921,25,3
389,98,4
411,186,5
850,97,5
276,1090,1
189,381,3
328,627,3
480,302,4
417,940,2
293,554,1
655,116,2
292,405,3
910,222,4
434,844,3
864,2,4
207,210,3
694,480,4
621,871,3
355,260,4
882,501,5
295,736,5
884,1009,2
315,4,4
456,182,3
270,258,3
880,603,5
899,31,3
457,568,4
528,298,4
398,708,3
507,691,5
395,172,5
934,573,2
93,412,2
916,90,3
320,895,4
479,496,3
326,568,4
463,864,3
805,226,3
500,196,4
395,288,2
62,597,2
435,152,4
234,170,5
896,160,3
378,596,5
487,140,3
790,572,3
406,191,5
320,159,4
189,234,5
72,233,4
709,633,3
715,64,5
381,566,2
716,248,4
727,38,1
405,1338,1
291,572,3
567,675,4
711,1289,2
835,1045,4
6,534,4
487,300,5
492,192,3
85,380,4
453,403,4
125,176,5
184,729,3
864,217,4
283,288,2
921,122,2
931,744,4
868,755,4
284,339,3
766,272,4
485,330,3
506,530,5
394,380,4
188,510,3
552,282,3
276,455,4
94,443,4
561,174,4
69,234,5
653,2,1
293,273,4
234,14,3
234,1459,3
267,1073,5
664,56,4
808,325,1
723,1,3
181,222,4
290,164,4
541,1047,2
655,673,3
566,182,4
80,423,3
447,231,2
194,62,2
709,219,4
60,1125,4
176,297,3
877,732,4
455,174,4
347,472,5
754,742,3
450,510,4
389,705,5
938,1012,5
223,282,4
661,121,2
643,114,4
454,654,2
497,1615,3
85,132,5
387,333,3
625,213,4
95,70,4
870,7,4
535,702,1
180,462,5
379,216,4
566,235,3
232,475,5
187,204,2
488,64,5
142,362,3
551,237,4
540,742,4
169,204,3
279,433,4
334,1313,4
18,479,4
407,183,4
881,178,3
453,231,2
56,692,4
285,64,3
788,742,3
918,433,2
48,323,3
684,161,3
269,76,3
639,514,4
357,760,3
331,286,4
451,989,1
557,532,5
47,324,3
901,395,3
326,144,5
678,1115,3
916,295,2
417,226,3
89,150,5
663,685,4
509,690,3
217,1303,2
453,79,3
606,1010,3
880,392,3
767,170,5
907,633,5
158,511,5
177,678,3
455,515,4
642,812,4
60,185,4
456,98,3
313,586,2
186,568,4
396,9,4
899,515,3
721,125,3
793,118,2
344,628,4
293,461,2
184,1398,5
740,300,4
327,13,2
115,922,3
334,302,5
535,166,4
406,482,5
401,25,4
758,603,5
259,210,4
935,117,4
206,1429,1
331,511,5
297,111,3
125,63,3
894,165,4
746,157,4
438,284,2
833,230,1
551,357,5
457,742,4
709,38,3
826,71,5
794,847,5
802,56,3
158,410,3
435,321,3
74,539,3
336,288,3
409,289,1
339,175,5
758,657,5
727,148,2
232,204,4
13,661,5
6,203,3
632,184,5
536,419,3
474,549,5
148,418,3
830,87,4
622,100,5
362,879,5
896,721,4
406,86,4
201,206,2
865,1011,1
128,258,2
628,333,5
249,1047,3
334,655,4
313,657,4
451,1026,1
49,72,2
268,62,3
345,131,4
717,846,4
334,922,4
297,86,5
860,781,2
543,385,3
200,191,5
891,405,3
61,258,4
521,684,3
524,515,4
664,121,3
727,144,4
851,1277,2
536,163,5
937,137,3
890,7,4
889,12,5
62,153,4
308,357,4
533,228,4
453,385,3
551,268,4
933,196,4
16,183,5
880,368,1
548,307,4
500,1057,3
896,497,3
537,205,5
181,1363,1
476,26,4
869,696,2
496,418,3
666,1451,3
913,742,3
8,182,5
916,155,2
665,133,3
908,427,5
622,552,2
561,58,3
840,132,4
183,485,5
393,783,3
880,771,3
303,550,3
385,421,2
537,489,3
807,1138,5
391,628,4
796,477,2
684,98,4
541,659,5
571,124,4
727,358,2
92,931,1
757,298,4
621,540,3
337,121,5
442,26,3
703,257,5
486,1079,2
130,946,4
693,181,3
537,414,4
592,260,4
276,943,4
751,709,4
592,282,4
348,472,4
275,826,2
303,748,2
577,181,5
863,752,4
619,29,1
345,283,4
380,382,3
49,8,3
711,114,5
321,709,4
622,185,3
878,59,3
451,995,1
588,602,3
301,849,4
238,1190,3
346,276,1
815,250,1
313,449,3
627,549,3
76,851,4
234,712,2
391,215,4
385,1066,4
387,239,1
31,268,3
682,672,2
727,161,4
638,117,4
494,143,5
551,566,5
676,302,5
838,283,5
316,357,4
763,286,4
202,195,4
167,232,1
7,505,3
805,83,4
214,11,5
776,182,3
883,506,5
109,1013,3
405,854,1
93,477,5
25,929,4
880,357,5
927,393,5
271,220,3
49,904,2
405,1591,1
405,853,1
186,77,5
63,328,2
85,378,4
769,1,4
16,943,3
899,748,4
889,879,3
932,82,3
49,122,2
186,770,2
432,1,2
87,396,1
877,237,4
727,17,1
862,177,4
291,833,3
454,250,4
193,246,3
300,322,4
868,452,2
314,783,3
62,78,2
421,269,3
592,271,4
345,204,4
405,1308,1
536,474,5
64,58,3
159,319,1
87,181,5
474,61,3
504,503,4
655,246,3
178,50,5
374,443,5
85,481,4
356,892,1
593,241,5
488,405,3
486,181,4
311,550,3
648,1244,3
188,673,4
181,20,1
267,546,3
807,71,5
623,288,1
447,235,2
477,36,4
940,358,1
401,204,5
409,211,4
804,993,2
516,628,4
264,42,5
608,789,3
516,199,3
711,315,4
369,179,4
110,939,4
174,28,5
312,608,5
436,1028,4
699,298,4
712,4,4
661,89,5
792,840,2
709,431,5
717,121,2
276,391,2
343,52,5
379,1075,3
660,2,2
883,421,5
554,318,5
870,658,4
53,845,3
322,234,4
894,346,4
346,967,2
505,705,3
577,29,3
178,1028,3
503,183,5
870,286,4
472,567,4
416,396,2
429,233,3
21,687,2
758,405,4
886,380,3
868,207,3
270,546,4
757,248,4
109,94,4
167,1308,1
933,219,1
618,23,5
474,467,4
648,1626,1
730,535,2
184,480,4
255,551,1
313,318,4
95,194,5
421,96,4
474,44,3
630,845,3
831,508,3
927,67,4
200,2,4
561,185,4
56,184,4
925,5,4
159,250,3
214,246,2
10,132,5
249,309,3
654,248,2
347,660,2
158,562,4
85,622,3
881,596,3
401,321,2
504,1046,4
13,420,4
587,261,3
878,170,4
422,124,3
881,732,5
435,174,5
314,1311,5
847,716,3
531,302,5
368,100,4
389,1007,4
886,1093,1
463,50,4
761,877,2
102,1052,2
428,1280,3
798,694,3
314,1267,3
535,205,3
645,61,5
253,1468,3
537,195,3
134,286,3
87,385,5
840,176,3
158,124,4
918,965,4
648,431,5
363,405,4
506,342,3
308,511,5
788,658,3
899,255,4
452,527,3
846,578,3
99,433,4
38,419,5
455,546,3
655,1169,3
257,276,5
828,306,3
458,461,4
452,196,4
90,242,4
878,275,4
692,194,4
764,418,4
834,1017,2
619,550,5
674,294,4
564,302,3
638,685,4
13,141,2
420,286,4
272,200,5
698,526,2
60,7,5
178,121,5
932,238,3
478,710,5
94,741,4
121,937,4
833,1070,5
532,203,5
459,245,3
94,190,5
922,195,3
217,546,2
234,878,2
160,952,4
561,163,3
304,288,3
447,25,4
210,327,4
693,480,4
808,333,4
384,327,4
938,928,5
593,763,3
467,222,3
77,172,3
815,121,2
640,1073,5
655,1631,4
303,257,4
590,282,2
622,213,5
279,685,3
717,475,5
264,475,5
85,97,2
622,386,3
537,1045,3
766,318,5
789,1,3
474,463,5
452,654,2
661,249,3
336,25,3
566,71,2
354,61,5
339,475,5
409,1449,5
532,135,3
288,197,5
829,70,4
922,252,2
497,240,4
65,15,5
880,1044,4
592,469,4
244,735,5
800,50,4
468,926,2
655,275,4
593,739,5
907,317,5
129,873,1
13,629,1
537,901,1
450,83,4
638,472,3
505,294,3
860,1059,1
308,202,4
186,406,1
887,1540,5
666,429,5
798,1119,3
461,682,1
128,367,4
933,96,2
450,878,2
664,152,3
655,160,3
312,189,5
650,747,3
322,182,5
316,304,3
655,182,4
748,813,4
843,271,5
525,1011,3
416,934,2
845,313,4
628,168,4
737,137,5
821,132,5
305,485,2
15,591,2
886,940,2
748,71,3
459,1060,1
27,9,4
666,12,4
234,464,4
668,252,2
903,9,3
804,479,4
442,129,4
751,196,4
916,223,4
145,355,3
541,622,3
642,1531,3
506,578,3
796,300,4
343,144,4
389,88,3
586,930,2
82,473,2
666,663,4
896,603,4
426,606,5
579,169,4
823,83,3
903,529,4
600,391,3
472,49,5
410,286,4
457,380,4
34,991,4
727,87,4
260,362,5
7,198,3
854,126,3
919,20,1
457,660,5
125,258,5
223,339,4
381,1400,3
676,538,4
393,223,4
303,325,1
405,1065,1
128,238,4
15,864,4
860,70,5
658,477,3
96,519,4
107,271,2
864,1228,3
898,300,2
770,410,4
524,474,4
181,1198,1
187,28,4
246,385,1
454,942,2
676,272,4
178,245,3
535,461,3
615,300,4
26,1013,1
291,5,5
655,179,4
327,87,3
417,219,3
766,639,3
292,589,4
97,168,4
405,972,1
924,211,3
922,427,5
293,1217,1
343,1117,3
203,304,3
664,237,2
398,163,3
299,165,4
313,102,3
869,282,3
655,126,2
871,202,4
73,507,3
378,1063,4
37,665,3
825,291,5
421,12,5
758,346,2
655,111,2
445,979,2
721,306,3
592,1276,1
85,660,4
889,81,4
932,506,4
387,984,1
399,237,3
303,514,5
397,475,4
569,258,5
761,261,1
838,71,3
716,187,3
831,877,2
224,325,1
843,526,3
422,370,2
711,318,5
917,312,2
532,1483,4
258,873,5
295,159,4
92,93,4
650,127,2
409,89,5
938,328,2
474,69,5
527,96,4
145,333,2
346,582,3
350,427,5
18,215,3
198,69,4
373,510,3
11,324,1
850,419,5
1,167,2
698,1063,2
392,326,2
327,1069,4
95,208,4
650,132,4
493,79,5
173,937,4
67,273,4
197,68,2
889,271,3
825,284,3
655,559,2
194,1107,3
544,323,2
330,67,4
380,750,4
595,1010,4
19,319,4
650,1110,4
283,210,5
615,306,4
49,1021,5
301,404,3
532,98,5
234,228,3
221,64,5
798,90,3
452,423,5
843,633,3
710,182,4
374,150,4
18,434,3
181,300,3
305,856,5
276,472,3
405,1545,2
299,1,3
689,717,3
18,972,3
378,106,2
660,652,4
682,722,4
201,1428,4
181,1081,1
13,522,5
3,341,1
752,346,4
102,222,3
410,313,5
789,248,3
145,1,3
301,33,4
119,1244,3
417,252,3
342,423,4
450,126,5
535,963,5
547,269,3
127,288,5
794,887,4
497,381,3
896,752,1
796,270,4
85,327,3
888,69,4
339,961,3
773,92,4
484,22,5
806,122,3
684,38,3
503,211,5
222,98,4
181,547,1
622,993,4
880,1000,3
655,186,3
409,708,4
103,300,3
417,638,4
354,714,4
130,252,5
268,800,1
90,64,4
763,111,2
880,394,3
627,942,2
80,234,3
880,1478,3
268,39,3
561,223,4
389,792,4
611,690,3
943,9,3
542,423,4
92,82,2
833,154,5
148,596,5
451,324,4
21,50,3
878,152,4
151,414,5
342,772,1
85,393,4
178,319,1
279,1001,4
311,661,3
90,523,4
848,708,4
487,747,4
334,72,3
382,197,4
622,172,5
210,188,3
749,168,5
81,280,4
343,449,5
517,181,4
294,363,1
907,356,4
707,425,5
380,340,3
94,302,4
653,56,5
394,89,5
389,1197,3
666,642,5
494,64,5
440,921,5
883,568,3
776,1219,3
125,50,5
763,283,4
327,285,4
839,129,4
387,508,4
699,206,3
392,493,4
864,1248,3
661,647,4
218,154,4
870,428,4
205,315,4
502,682,5
768,252,3
398,735,4
295,483,5
577,1032,3
59,490,4
455,289,3
222,470,3
795,1052,3
472,174,5
128,136,5
933,940,1
864,969,4
102,685,3
208,524,4
221,1017,4
421,517,2
417,780,4
454,100,4
605,255,2
523,1014,5
547,294,1
112,689,4
847,228,4
385,189,5
117,742,4
247,751,3
254,1028,2
671,66,5
747,493,5
840,83,5
854,188,4
393,1197,3
790,378,3
1,132,4
595,273,3
95,1133,3
221,358,3
524,70,4
286,4,5
399,452,3
295,497,5
890,632,5
271,126,3
847,404,3
405,69,4
141,744,5
305,49,3
190,288,5
453,476,3
601,39,1
795,62,4
896,67,2
896,64,4
324,742,5
456,433,4
474,1014,3
249,125,3
632,233,3
435,194,4
934,144,4
293,686,3
937,126,4
339,298,2
840,499,4
275,132,3
305,1411,3
523,393,5
880,235,3
450,807,4
548,1,4
233,371,5
383,479,4
13,750,5
889,203,2
393,724,3
185,638,4
655,66,2
49,256,4
887,578,4
2,278,3
638,222,4
585,1535,4
840,166,5
635,301,3
488,205,4
711,655,4
357,274,4
151,86,5
792,591,2
194,1091,3
805,946,2
244,650,3
523,1036,4
399,71,3
831,294,4
606,1277,3
509,245,2
621,795,1
279,52,3
863,258,5
637,235,1
663,508,4
690,496,4
222,158,3
403,117,4
279,571,4
607,107,4
10,432,4
62,463,4
501,298,4
450,134,3
313,441,3
527,180,5
650,198,4
268,1477,2
535,204,5
293,29,1
392,534,4
70,175,3
545,380,3
532,477,4
632,210,5
650,735,3
48,690,4
882,566,4
92,116,3
560,321,3
570,690,3
772,354,4
313,485,3
474,42,4
646,1237,3
280,411,3
937,224,4
839,1245,4
63,251,4
498,479,3
57,294,4
921,97,2
846,729,4
21,436,4
194,168,5
579,65,3
177,322,2
213,258,4
201,148,1
39,339,3
676,344,5
66,825,3
569,471,3
848,173,5
566,318,4
43,317,2
343,53,5
387,549,5
457,318,5
715,173,5
59,188,4
486,1226,4
145,413,3
766,520,4
72,866,4
379,192,4
934,1311,1
727,268,4
323,238,4
508,196,3
891,181,3
763,275,5
204,170,5
389,607,3
702,449,3
642,462,4
308,512,5
213,841,4
796,988,3
752,896,3
907,15,5
670,484,5
320,233,4
308,168,4
201,506,4
354,896,4
620,416,4
303,117,3
378,91,3
745,190,5
442,229,3
658,467,4
629,307,5
648,216,4
323,22,5
663,288,4
373,559,3
49,181,1
707,1008,3
618,660,3
601,584,4
92,1,4
109,55,2
151,432,5
228,475,3
479,22,4
225,286,4
155,328,2
327,90,3
617,441,3
608,195,1
897,8,3
409,192,4
135,54,3
483,91,3
108,50,4
846,294,3
339,434,4
202,269,4
684,172,5
429,709,4
914,781,5
81,222,2
821,993,4
472,866,5
13,492,5
532,99,5
455,423,5
286,746,4
592,508,5
385,79,3
276,597,3
16,448,5
291,11,4
931,508,4
87,871,4
26,274,3
666,651,5
553,177,4
790,1244,1
916,98,5
280,233,4
267,386,3
635,688,2
342,320,5
627,227,3
92,732,3
16,7,5
276,576,3
420,124,5
1,20,4
125,571,3
363,474,5
276,1,5
324,332,3
712,1469,4
593,118,4
696,899,3
936,952,4
544,271,3
70,79,4
758,496,3
823,12,4
128,15,4
711,71,3
803,690,4
407,385,4
269,58,2
608,568,5
376,357,4
303,139,3
774,808,1
895,50,5
133,322,2
59,658,4
60,357,4
10,525,5
661,514,3
456,208,4
663,332,4
279,465,5
250,179,4
429,147,2
527,513,4
493,974,3
604,558,4
313,742,3
535,61,3
347,1035,3
679,727,4
14,382,5
82,25,2
705,286,3
276,603,5
666,518,4
334,527,3
392,880,4
606,628,4
504,1439,4
279,10,4
268,27,4
303,1315,3
286,559,4
347,159,4
790,1025,1
13,529,4
16,8,5
418,333,5
92,627,3
864,678,4
542,238,4
865,473,3
280,200,5
880,451,2
43,133,4
116,50,3
811,678,5
653,1210,2
425,825,2
393,479,4
434,15,3
184,949,3
328,69,4
683,323,3
178,246,4
398,172,5
608,317,5
737,187,5
92,39,3
184,836,4
374,665,4
796,761,3
393,842,4
429,24,3
896,640,2
190,405,4
330,284,5
757,122,1
49,919,5
228,427,4
815,153,4
938,7,4
782,292,4
882,294,4
548,591,3
339,127,5
637,1,4
379,200,4
117,249,4
924,237,4
15,937,4
201,11,4
268,1178,1
436,454,4
399,156,3
506,31,4
297,479,5
298,596,3
387,194,3
405,970,1
504,441,4
642,165,4
747,8,5
705,29,5
854,257,3
5,440,1
804,95,2
832,681,2
144,960,2
119,235,5
148,228,4
393,684,4
64,288,4
711,144,2
172,1134,2
224,301,3
116,1220,2
1,18,4
352,144,5
870,268,3
459,597,3
206,750,3
70,139,3
547,319,4
429,53,1
615,259,1
749,155,2
537,882,4
524,205,5
304,313,5
332,974,4
369,752,4
184,47,4
913,99,4
667,268,3
642,15,5
823,202,4
846,509,4
744,963,5
450,386,4
629,1038,3
804,100,5
846,101,4
606,210,3
488,70,3
835,176,4
781,1500,5
618,318,5
407,193,3
57,204,4
474,736,3
346,746,3
777,1079,2
89,88,4
328,655,4
642,1011,3
540,276,4
709,665,3
217,398,1
810,328,5
70,588,5
864,780,2
48,266,3
862,603,5
297,582,4
901,443,3
474,1123,4
231,597,3
303,458,3
574,1313,4
234,290,3
224,313,5
194,647,4
125,756,4
405,226,2
816,271,4
116,298,3
630,252,2
845,904,3
562,79,4
201,385,2
559,73,4
577,465,4
561,243,1
588,88,5
90,847,5
64,217,2
407,118,3
86,326,3
799,484,3
275,625,2
639,604,4
538,117,3
450,90,4
397,100,5
542,100,4
467,742,2
393,393,3
101,288,4
492,657,3
860,900,3
298,432,4
357,304,5
577,12,4
496,42,5
405,520,2
479,151,4
889,232,3
458,939,4
840,495,3
727,28,5
910,127,5
262,418,3
347,173,2
442,100,2
846,464,2
70,191,3
494,507,4
244,126,4
486,748,2
541,843,4
152,157,5
260,891,5
96,42,1
784,272,4
774,226,2
405,1561,1
334,131,4
487,202,5
442,559,2
417,422,3
15,322,3
345,1047,4
889,85,3
737,357,5
730,875,2
299,154,4
599,888,5
770,289,5
790,566,3
782,338,2
92,595,3
286,800,5
342,93,4
456,265,3
472,916,5
660,462,2
716,1016,3
617,436,3
494,300,5
117,475,5
1,13,5
697,689,4
118,564,1
346,977,3
938,148,3
764,13,2
321,48,4
605,293,3
279,1487,1
327,411,3
135,939,4
585,707,5
825,986,5
650,212,3
640,186,5
660,1240,3
889,642,3
334,86,4
823,198,4
87,1118,3
288,887,5
141,50,4
328,370,3
32,408,3
396,245,3
498,79,3
43,302,4
704,494,5
292,499,5
281,877,4
542,210,3
174,1230,1
943,1028,2
178,135,2
749,172,5
890,163,3
350,1,4
758,780,5
172,582,4
392,59,4
271,509,4
204,301,4
493,174,3
833,664,3
385,528,4
459,121,5
896,582,2
406,50,5
617,855,3
58,1063,1
595,1165,1
536,21,3
58,223,5
830,968,4
296,480,5
788,646,3
694,141,5
699,991,3
870,499,4
537,123,2
416,226,4
187,433,4
655,612,3
222,571,2
13,549,4
327,190,4
349,713,3
181,1059,1
639,60,3
487,294,4
172,177,4
664,4,4
280,379,5
405,401,1
451,242,1
716,293,4
854,185,4
916,216,4
634,544,3
429,495,3
291,416,4
222,8,1
324,255,4
643,1012,4
821,274,5
804,428,3
308,122,4
447,234,4
41,216,3
400,689,3
621,417,3
594,269,4
699,246,4
660,496,3
709,145,3
560,123,2
721,260,3
476,194,5
642,1413,3
778,144,4
813,259,2
806,117,2
442,217,3
450,388,3
189,150,4
705,377,4
259,293,4
586,148,3
892,435,4
151,1070,4
655,584,3
699,121,3
561,501,3
181,763,1
311,761,3
834,307,4
885,625,3
592,264,2
304,682,3
755,343,3
328,323,3
387,665,2
334,450,1
588,288,4
178,781,4
406,411,4
758,686,3
435,831,2
629,324,2
653,508,3
773,170,5
527,87,3
654,276,1
713,313,3
406,238,2
429,63,2
485,347,2
668,258,2
295,161,4
94,727,5
269,396,4
698,172,5
246,25,3
267,483,5
794,50,5
44,318,5
141,222,4
698,194,4
363,143,2
690,722,3
109,175,1
786,204,4
90,954,4
130,353,1
1,10,3
113,289,2
527,64,3
622,949,3
667,269,5
151,1039,4
611,268,5
311,230,5
114,135,4
79,1017,3
655,782,3
663,319,1
596,289,3
889,29,3
682,117,4
389,419,3
321,614,3
346,1228,4
491,493,4
116,289,4
851,553,4
634,934,2
788,568,3
313,172,4
753,64,4
472,747,5
198,405,2
181,475,2
64,22,4
39,288,5
548,313,5
653,290,3
316,190,5
144,508,4
930,282,4
831,12,5
234,445,2
221,467,4
894,14,4
197,435,5
292,64,5
686,654,5
520,269,5
835,69,5
189,742,3
555,181,5
256,1086,5
825,406,2
59,203,4
934,818,1
450,622,5
406,210,5
633,581,3
334,301,2
468,50,5
804,632,3
395,596,2
63,79,3
298,181,4
346,403,3
18,504,5
405,210,5
346,94,3
216,747,4
690,25,3
449,1010,4
346,951,2
908,55,3
896,484,4
224,402,5
109,210,5
716,1101,5
499,429,4
458,52,4
62,245,2
269,523,5
715,7,3
211,1330,3
391,474,5
663,96,5
208,202,4
798,584,3
747,3,2
268,246,5
130,286,5
291,772,4
292,654,5
867,188,4
146,258,4
610,477,2
321,14,3
64,476,1
890,132,5
889,124,4
7,203,5
299,606,4
404,302,4
144,221,3
300,1012,4
897,498,5
339,199,5
271,12,4
116,1253,2
896,55,3
435,675,3
452,863,5
181,1025,1
666,729,4
830,98,5
776,444,2
757,50,4
189,135,4
585,19,3
190,508,3
690,163,3
896,136,5
118,475,5
92,702,3
487,1314,1
551,1087,1
733,126,2
577,443,4
36,310,4
732,321,3
642,1076,2
399,1232,3
585,1558,5
756,1274,2
109,230,5
178,792,5
291,395,3
643,673,4
682,412,1
56,183,5
622,408,5
486,532,4
727,1615,1
642,571,3
328,511,4
545,266,2
298,71,5
15,25,3
417,764,3
749,625,3
99,471,4
367,774,4
375,302,5
620,769,4
1,261,1
527,154,3
773,855,2
234,498,5
710,264,2
437,697,4
205,286,2
886,393,3
796,307,4
471,95,4
454,277,2
267,135,5
207,410,3
526,307,2
279,395,4
751,710,3
543,944,3
280,542,3
7,210,4
429,607,3
904,255,5
98,163,3
801,881,3
699,929,3
647,174,4
852,506,4
181,125,3
164,742,5
25,239,4
727,105,1
882,193,5
887,96,4
256,1289,4
699,7,2
611,346,5
244,89,5
503,381,5
457,70,4
798,1043,3
35,264,2
464,328,3
408,347,3
674,300,3
580,358,4
273,328,3
94,1014,4
447,642,4
933,318,4
240,873,2
862,188,5
334,403,4
358,179,4
69,591,3
833,12,5
456,1324,4
497,2,1
492,318,5
302,266,2
613,64,5
190,24,3
363,91,4
201,379,3
407,756,2
196,116,3
618,924,4
263,186,4
239,171,5
527,508,3
660,281,3
345,402,4
456,845,3
254,405,3
395,154,5
747,23,5
593,144,4
82,28,3
276,156,5
125,864,3
885,100,3
618,90,1
407,135,3
770,937,4
172,485,3
63,678,2
591,603,5
52,100,4
655,281,2
160,182,5
458,427,4
176,948,4
872,1376,2
622,1039,5
325,554,1
213,715,5
30,259,4
881,403,3
478,96,2
13,117,3
332,313,5
224,583,1
303,449,4
913,9,5
661,709,4
314,938,3
336,168,5
5,110,1
864,67,4
415,204,4
132,56,5
537,703,3
889,729,3
668,895,3
270,159,4
279,1499,4
407,223,4
405,1224,1
256,546,4
399,340,2
532,708,4
919,272,5
178,283,5
648,825,4
497,440,1
500,443,4
233,527,5
559,294,1
694,427,4
504,94,4
532,500,5
293,174,5
526,272,5
450,776,4
263,434,4
271,511,5
567,195,3
722,25,4
267,552,3
788,226,4
929,187,5
128,215,3
936,106,3
930,651,3
933,28,4
330,153,5
295,86,5
13,818,3
648,692,4
808,271,3
34,899,5
379,191,5
921,692,4
308,1154,2
257,313,5
13,280,4
373,50,5
643,655,4
435,139,2
795,410,2
407,173,5
339,431,4
6,28,2
244,433,5
618,713,4
322,591,3
305,246,3
586,235,3
828,327,4
556,427,5
286,211,4
489,539,4
308,68,4
833,24,4
655,793,3
363,679,4
921,79,4
29,689,2
524,1129,2
642,141,4
291,99,4
190,118,3
940,272,4
566,755,2
672,1190,2
606,748,3
174,87,5
43,151,4
305,311,5
857,988,2
880,719,3
804,402,3
798,998,3
478,219,2
906,237,4
741,239,2
138,493,4
42,82,4
551,157,4
776,132,3
666,640,4
887,720,5
412,135,4
727,940,2
223,974,2
271,1,3
363,591,4
429,141,3
596,258,3
451,332,4
64,52,3
224,403,4
823,294,3
405,561,1
214,483,4
502,294,3
22,430,4
151,494,4
466,7,4
896,511,5
666,566,3
499,157,3
416,1503,4
880,810,3
454,124,4
215,380,3
321,216,4
13,639,3
450,657,4
59,196,5
288,520,5
932,180,4
498,168,4
502,338,4
776,657,3
5,449,2
268,384,3
493,271,1
495,185,5
64,168,5
279,154,5
354,211,2
486,459,2
734,22,3
650,620,2
326,173,5
102,89,4
536,472,3
44,9,5
484,471,4
798,289,3
797,300,2
431,294,5
552,25,3
56,501,3
24,178,5
557,343,4
654,845,4
222,475,4
290,465,3
910,1,4
739,603,4
244,122,4
193,182,4
676,173,5
506,475,1
536,227,5
748,498,4
58,955,4
135,265,3
766,448,3
650,164,4
385,1449,4
1,223,5
535,612,4
312,143,4
18,72,3
429,143,3
495,380,3
60,506,5
499,1101,5
68,1089,1
507,323,5
117,928,3
897,71,5
758,550,4
110,468,3
727,470,5
876,289,3
560,405,4
234,631,3
867,289,5
472,255,5
512,97,5
357,412,2
843,7,5
472,559,5
95,22,4
798,112,3
894,827,3
456,68,4
99,741,3
723,178,3
363,216,3
214,652,4
43,628,3
326,483,5
60,143,3
864,133,5
368,11,4
507,345,5
892,229,3
441,121,4
209,258,2
703,628,4
823,7,5
654,381,3
178,100,4
405,1041,5
840,945,3
710,234,4
478,182,5
248,153,3
853,294,2
26,127,5
428,245,5
100,690,4
666,527,4
600,29,2
13,876,2
200,420,5
526,147,4
90,650,5
101,472,3
461,50,3
295,1133,4
537,471,3
42,66,4
897,97,5
362,312,5
736,533,3
889,42,5
197,188,3
561,435,3
495,1188,5
864,432,2
416,607,5
216,172,4
566,157,5
178,98,5
630,70,2
577,68,4
44,591,4
774,527,1
22,732,4
13,488,3
145,767,2
295,191,5
913,478,4
899,222,4
823,239,4
400,269,4
682,774,4
559,56,3
372,595,4
72,1,4
705,622,4
724,358,1
727,157,3
276,9,5
344,175,5
184,588,5
773,1097,4
694,659,4
618,588,4
489,268,2
815,919,5
754,273,3
265,293,4
828,1622,1
321,493,4
733,1171,3
835,325,5
445,460,2
545,29,3
193,260,1
887,609,4
290,625,4
474,88,4
807,946,3
175,98,5
303,381,4
487,627,4
1,166,5
440,213,4
903,198,4
452,66,4
50,1008,5
655,292,2
472,67,4
660,430,4
393,721,2
682,659,1
843,443,4
110,55,3
883,144,4
938,595,2
49,218,2
393,317,4
334,10,4
396,406,2
342,32,5
69,246,5
470,508,5
846,183,4
388,200,5
387,179,5
216,3,4
7,427,5
735,124,5
256,89,5
60,735,5
336,125,3
711,232,3
13,668,1
85,234,4
269,89,2
25,143,3
10,191,5
193,274,3
305,98,4
387,550,2
537,550,2
455,511,5
328,328,4
686,209,5
894,306,4
639,739,3
1,244,2
748,186,5
328,481,3
506,258,4
463,1284,4
23,132,4
732,269,5
181,413,2
387,1128,4
745,127,2
904,709,3
715,17,3
881,120,2
669,522,4
500,1324,2
203,993,3
532,292,4
177,642,4
72,210,4
566,83,4
122,269,5
465,395,1
235,195,4
793,823,3
159,293,4
934,145,3
119,316,4
741,186,5
864,43,3
909,382,5
621,122,2
897,609,5
269,432,4
269,475,5
95,391,2
413,260,1
107,340,5
875,96,4
514,73,4
536,217,3
392,528,5
62,168,5
210,186,4
451,875,2
768,895,2
416,203,3
174,9,5
894,262,4
552,826,2
305,12,5
878,482,4
521,732,3
200,455,3
295,655,5
648,391,3
28,31,4
149,272,3
500,217,4
18,494,3
663,192,4
301,81,3
21,123,4
13,72,4
294,342,3
503,45,5
90,65,4
878,71,4
521,597,2
343,387,4
194,654,2
777,157,3
782,1007,3
751,778,3
340,66,5
579,210,3
181,762,2
324,307,5
354,221,4
608,50,1
806,176,5
346,240,1
184,1136,4
911,190,5
893,220,3
152,451,5
524,304,4
716,173,4
586,551,2
727,294,4
500,62,3
378,237,4
862,655,5
94,860,2
882,183,4
586,451,4
171,354,3
291,546,3
403,123,3
479,1142,5
323,56,5
757,350,3
914,1355,1
340,50,4
868,230,3
533,240,1
454,204,4
118,23,5
151,473,4
705,685,5
917,763,3
303,700,3
892,291,4
497,423,3
405,656,1
328,231,2
522,543,4
785,496,4
104,258,3
815,596,5
891,278,4
882,756,3
727,180,3
401,603,4
246,652,5
11,175,3
943,549,1
380,425,4
496,433,4
416,246,4
935,471,4
498,187,4
323,79,4
617,447,4
573,423,3
399,31,3
745,483,1
796,484,5
128,50,4
866,272,2
175,869,3
311,415,3
392,270,4
532,235,3
331,132,3
622,162,3
864,1044,3
275,173,3
172,697,3
564,50,4
853,340,1
82,661,4
332,234,5
923,741,5
335,340,5
514,408,5
788,444,3
58,150,4
474,175,4
333,316,5
671,298,4
230,423,5
334,886,4
85,211,5
694,72,4
178,38,3
1,205,3
434,476,4
363,752,5
833,854,4
889,327,3
901,739,5
541,1036,2
864,286,5
664,631,4
806,408,5
189,820,1
1,4,3
805,176,4
435,1240,4
642,105,5
293,426,1
712,1480,4
479,226,3
128,294,4
493,890,3
495,633,5
626,266,1
653,692,2
91,683,3
877,584,4
336,790,2
856,286,4
568,641,5
130,231,3
295,125,5
627,162,3
719,284,2
717,312,5
588,370,5
60,218,4
727,775,4
345,416,4
561,719,1
332,225,3
588,842,3
374,11,4
707,531,5
437,1091,3
250,331,3
506,568,5
627,660,4
655,346,4
788,237,4
627,387,2
650,568,3
864,49,3
120,148,3
542,204,3
407,72,4
378,87,4
669,313,4
261,125,5
250,195,2
881,554,1
473,9,5
234,183,4
566,1044,3
511,343,3
881,504,3
888,631,4
22,712,4
380,211,3
715,735,4
653,1044,1
425,2,2
767,187,4
749,184,2
198,208,3
434,743,1
117,156,4
262,258,4
534,410,5
800,237,4
642,1179,3
865,432,1
601,56,3
781,403,4
532,284,5
784,303,4
796,22,4
655,581,2
276,550,4
57,826,2
634,597,4
267,568,4
919,412,2
52,463,5
26,926,2
258,286,5
275,418,3
451,1025,3
630,832,2
883,319,3
156,12,3
766,633,4
606,1110,2
605,338,2
701,326,4
64,64,4
128,690,3
397,652,3
922,155,2
642,934,2
276,928,3
236,79,4
234,939,2
393,316,5
896,1351,2
44,1058,4
279,449,3
267,364,2
296,304,3
695,270,4
748,154,3
847,685,2
279,797,4
562,118,3
591,580,2
221,94,3
821,763,3
474,274,3
776,479,4
85,250,3
484,234,4
883,113,4
538,181,3
389,496,4
505,423,4
308,664,5
851,916,3
259,546,3
257,258,3
868,419,3
417,1016,4
1,131,1
835,650,5
892,172,5
450,494,3
387,136,3
846,674,4
738,95,4
145,150,5
291,364,3
128,553,3
224,243,2
782,307,4
289,815,3
896,219,3
570,289,1
756,256,4
429,178,4
283,151,4
524,530,4
537,472,2
511,358,1
776,98,4
592,483,5
374,1014,1
381,1439,3
303,185,5
331,705,2
546,977,5
478,350,1
669,133,4
411,304,3
913,588,3
919,741,3
919,222,3
835,180,5
207,414,2
378,629,5
773,121,2
119,492,5
907,1051,5
234,705,5
698,294,4
363,328,3
272,234,4
458,654,5
452,576,2
906,125,4
671,546,5
184,735,3
493,50,5
805,191,4
641,203,4
478,1041,3
393,40,1
454,215,4
530,322,4
239,39,5
495,1182,3
659,448,4
666,56,4
328,70,4
640,249,4
298,186,4
846,659,5
307,186,5
339,566,3
592,295,4
825,126,3
496,10,5
848,855,5
919,23,3
463,749,3
804,405,4
842,303,5
776,238,4
495,1469,5
864,167,4
94,585,3
312,506,4
694,82,5
87,231,3
181,1366,1
323,1048,3
451,881,4
327,502,3
520,311,3
279,562,3
378,29,3
660,207,4
314,628,5
480,89,4
119,313,5
295,380,4
537,723,2
401,157,3
282,268,4
385,87,3
538,568,3
766,8,5
128,70,3
715,257,4
542,173,4
416,242,4
693,428,3
405,559,5
805,664,5
467,264,2
870,248,4
136,475,4
473,14,4
586,431,3
903,824,3
479,324,1
587,272,5
661,749,2
13,61,4
794,248,4
280,736,2
591,1099,5
924,6,4
95,399,4
881,476,2
468,96,5
889,56,5
507,258,4
680,98,4
880,363,4
187,663,3
4,327,5
488,357,4
370,494,3
193,25,4
318,197,5
513,222,5
140,289,4
807,199,5
18,549,4
280,220,5
940,285,4
561,176,4
552,15,3
655,1012,3
216,249,3
320,77,3
486,994,3
788,11,2
823,91,3
18,430,4
620,101,2
592,79,4
650,232,3
561,596,2
705,71,5
150,124,2
305,921,5
22,687,1
190,974,2
268,1065,4
450,612,4
508,528,5
315,1065,4
648,88,4
566,154,3
18,805,4
393,228,3
830,566,3
221,335,4
625,603,4
881,31,5
385,236,2
51,479,3
655,653,3
449,120,1
279,152,5
545,391,2
429,217,3
532,1217,4
128,568,4
445,272,3
208,663,5
262,191,4
454,172,2
452,480,5
504,705,4
327,82,2
125,136,5
864,732,4
197,210,5
852,127,4
349,1128,3
345,367,4
338,513,5
693,662,4
83,35,1
707,1381,3
417,234,4
541,395,2
407,785,3
474,489,4
851,4,5
863,262,3
721,199,4
83,94,4
789,762,3
387,25,2
344,546,3
71,429,4
893,172,5
440,300,3
285,682,4
279,158,3
577,11,2
866,887,3
488,230,3
268,1046,3
90,402,5
758,199,4
894,471,4
682,263,1
524,291,4
721,748,3
495,56,5
427,304,4
650,1627,3
887,13,1
596,678,3
320,456,3
347,386,1
936,475,5
290,588,4
3,346,5
650,526,4
655,88,2
109,71,4
648,520,4
450,400,3
305,315,5
326,646,2
233,735,5
730,246,4
42,273,3
198,238,4
798,795,3
115,185,5
234,160,2
57,240,2
239,558,5
795,319,4
379,622,5
1,32,5
792,597,3
13,705,5
313,134,5
538,58,4
449,337,4
249,252,2
854,925,2
405,1231,1
223,1051,3
95,554,3
406,1118,3
456,170,5
613,435,5
773,47,4
888,153,4
2,19,3
407,182,4
721,50,5
416,77,4
597,988,1
686,194,5
815,705,5
236,685,2
249,176,4
284,332,3
805,1118,5
386,685,4
514,259,4
294,252,4
924,511,5
144,64,5
295,109,4
458,597,3
270,148,4
848,529,5
878,736,5
654,218,2
204,1296,5
499,474,4
210,132,4
437,179,4
916,175,4
555,762,4
191,340,4
550,877,4
194,25,2
758,64,5
660,216,2
847,480,3
165,419,4
797,687,2
29,657,4
145,1132,3
835,157,4
363,546,3
303,665,4
296,309,1
28,196,4
178,742,3
546,690,2
916,179,3
145,356,4
210,465,4
293,412,1
903,642,4
664,149,3
422,295,3
805,527,3
537,243,1
291,15,5
778,239,4
796,728,3
342,249,3
690,747,3
661,527,4
256,363,3
825,288,1
13,88,4
453,975,2
313,127,5
59,202,4
650,378,3
894,1153,3
13,868,5
276,269,4
151,476,3
442,219,3
59,608,4
543,9,4
206,310,5
682,627,4
130,65,4
506,731,4
625,403,3
367,769,3
530,100,4
622,47,3
276,575,2
241,350,2
705,83,4
233,381,4
222,22,5
493,550,4
269,530,3
835,393,5
753,515,5
910,831,1
195,258,4
497,7,3
64,879,3
605,187,5
102,226,2
662,515,4
861,275,5
294,678,2
325,305,2
709,96,5
97,132,5
587,1265,4
425,198,4
73,683,2
895,742,4
836,56,4
24,421,5
621,273,4
699,225,3
788,432,1
318,629,4
303,678,1
514,655,4
342,1528,3
339,509,4
943,51,1
393,354,4
588,143,5
112,937,4
416,732,5
490,515,3
224,97,5
354,421,2
568,59,1
184,118,2
542,50,4
698,427,1
330,479,5
688,1127,5
320,11,4
908,216,3
851,71,4
624,333,4
932,675,4
645,197,5
624,24,3
504,69,4
440,1265,5
23,405,4
437,217,3
810,333,5
308,517,4
313,228,3
184,602,4
506,710,5
886,186,4
249,79,5
234,610,4
130,270,5
932,1573,4
363,114,5
682,85,3
880,940,3
679,83,5
582,7,5
708,281,4
304,763,4
8,228,5
474,488,3
294,406,2
910,124,3
320,892,3
385,429,4
405,96,3
587,333,4
494,107,4
622,934,2
459,22,5
911,143,5
543,170,4
389,588,5
627,53,4
249,317,5
141,988,3
347,79,5
343,277,4
815,444,2
387,746,1
426,135,3
130,389,3
896,123,3
269,403,1
618,763,2
397,178,5
347,508,3
601,87,4
160,187,5
409,631,3
313,527,4
784,333,4
655,298,4
560,813,4
716,412,2
201,227,4
577,69,4
588,216,5
303,952,3
151,661,4
18,191,4
551,1011,5
406,713,4
499,143,3
626,323,1
655,670,3
328,591,3
523,477,3
326,451,2
766,219,3
591,116,4
432,1016,3
130,206,3
647,29,4
379,7,5
710,656,5
210,502,3
160,447,4
504,420,3
339,100,5
916,192,4
537,315,4
92,410,3
336,845,1
167,288,3
460,297,3
844,69,5
184,699,5
284,306,4
553,1009,4
843,188,2
43,28,4
487,426,3
455,17,3
919,147,4
1,72,4
916,1009,5
871,752,3
544,302,5
881,196,3
235,153,4
590,130,1
370,497,3
328,755,3
618,692,4
360,100,5
11,722,3
79,13,3
268,99,3
863,292,2
498,181,2
429,464,3
615,208,4
417,1011,3
667,137,3
664,132,4
13,202,5
774,208,2
354,483,4
634,977,3
883,1227,3
686,98,5
56,78,3
120,127,4
622,284,1
870,83,4
886,721,5
269,484,3
515,292,3
159,121,3
899,96,4
747,1170,2
497,114,4
592,69,5
465,477,4
121,86,5
885,167,3
487,87,5
72,685,4
894,979,3
918,707,5
49,583,4
425,334,4
756,419,3
451,301,4
391,603,5
178,1197,4
899,685,3
666,97,4
586,800,3
868,159,2
189,181,3
661,197,4
130,411,5
199,243,1
717,303,4
245,240,1
874,100,4
847,144,4
168,411,1
164,825,4
425,265,3
164,322,4
774,197,1
869,1014,4
90,117,3
271,200,5
783,294,3
334,888,2
706,323,4
534,619,4
406,608,4
782,1105,3
595,1059,4
328,720,3
90,45,3
42,501,5
624,358,3
174,196,5
833,160,5
753,300,1
214,357,5
653,1188,1
230,28,5
500,170,5
543,303,4
174,655,5
145,684,5
937,225,2
344,1020,5
57,79,5
327,960,5
825,982,5
279,233,5
25,79,4
213,627,4
593,4,4
699,1010,3
210,49,3
551,11,5
60,1050,3
881,514,4
651,309,1
82,508,2
559,127,4
457,225,4
286,339,5
21,294,3
334,69,1
563,301,4
89,216,5
370,285,3
889,234,4
495,582,4
2,304,4
722,405,3
392,173,4
239,497,4
467,100,5
73,271,2
95,1090,1
435,327,3
143,323,3
659,58,4
435,28,3
387,22,5
422,327,3
420,173,3
194,44,4
349,291,3
308,699,4
307,71,5
847,196,3
716,11,4
181,1102,1
655,378,1
6,177,4
568,30,4
844,255,3
660,235,3
272,56,5
456,1009,5
864,405,5
458,338,3
379,655,5
315,164,4
847,705,3
472,380,5
932,541,1
752,340,4
453,59,2
456,286,3
399,181,3
454,509,2
825,696,3
435,721,4
207,129,3
399,727,4
350,172,5
109,403,5
804,603,5
619,665,5
579,433,3
703,591,4
758,290,5
488,496,4
595,298,4
215,159,3
592,1275,3
41,1039,3
417,1182,3
141,117,4
64,48,5
385,42,1
18,950,3
235,207,4
451,328,5
473,150,5
200,472,4
271,170,5
756,100,5
177,1,3
868,578,2
778,98,4
673,322,4
405,703,2
393,8,3
398,514,4
635,307,4
246,208,4
889,497,4
856,327,4
239,690,1
338,83,2
407,62,3
773,541,1
833,186,1
469,507,5
942,661,4
523,83,5
894,1,4
782,1283,2
757,82,4
598,691,2
94,1009,4
54,298,4
679,419,3
54,268,5
389,69,5
450,722,5
496,661,3
43,479,4
506,79,5
356,322,3
354,707,4
690,1,4
737,475,4
779,328,4
792,129,4
6,89,4
308,427,4
868,1240,5
406,39,4
566,388,3
215,313,5
157,250,1
790,687,1
405,1554,4
843,181,3
303,866,2
702,895,1
503,269,5
216,286,4
831,313,5
312,610,5
650,523,3
682,124,2
599,1152,4
13,168,4
689,410,1
896,275,4
615,526,4
665,845,4
561,197,4
524,650,2
101,546,4
600,22,5
446,292,5
452,318,5
883,331,3
391,97,4
110,384,2
655,1640,3
709,781,3
315,324,3
782,1615,3
393,1219,4
429,52,4
709,192,4
372,574,4
203,250,4
506,802,4
354,283,4
313,133,5
305,2,2
45,596,3
102,530,3
524,129,5
253,127,5
617,448,3
660,22,4
463,1115,4
429,173,4
100,1238,2
176,750,4
291,563,3
213,13,4
537,663,3
351,310,5
913,228,5
318,157,5
327,645,4
398,4,2
459,258,3
806,2,3
822,1,4
896,808,3
524,281,2
769,13,4
642,432,2
298,9,4
942,427,5
405,1587,1
13,69,4
506,611,5
711,732,4
18,739,3
551,405,3
615,268,4
552,471,3
548,294,3
11,268,5
843,1135,3
145,12,5
177,55,3
156,64,3
406,501,5
445,829,1
843,91,3
537,604,3
435,1151,1
21,242,3
862,24,4
95,625,4
206,313,5
504,288,5
128,684,4
922,550,3
64,174,5
773,185,4
567,479,5
69,289,4
747,222,2
230,280,4
515,340,3
328,1136,4
346,572,5
643,508,4
647,213,3
854,811,3
116,264,3
741,22,5
325,654,4
26,369,2
429,562,2
85,215,4
271,11,4
10,518,4
125,435,4
76,258,3
221,1407,3
635,874,3
878,202,4
837,19,4
514,81,4
256,210,4
864,228,5
499,425,3
116,905,2
11,428,4
347,871,4
931,316,5
536,431,5
654,252,2
716,673,4
334,1198,3
470,1084,3
916,674,3
199,473,4
196,1007,4
939,680,2
519,748,2
305,7,4
774,406,1
401,225,1
660,161,1
12,708,3
353,272,5
608,213,4
934,709,3
870,216,4
470,919,3
313,82,3
450,431,5
569,826,3
181,840,1
308,42,4
758,319,4
88,880,3
294,895,4
184,77,3
194,31,3
339,53,4
361,513,5
28,173,3
545,968,5
295,496,5
305,663,3
539,496,3
160,56,5
637,931,1
81,121,4
137,546,5
590,237,3
391,31,2
828,26,3
709,187,5
492,482,3
221,762,4
504,1442,3
158,294,1
299,319,3
796,768,2
939,257,5
621,386,3
524,69,4
891,1028,3
125,294,4
659,181,3
833,636,3
108,127,4
794,514,5
483,257,2
324,827,4
274,591,4
927,210,5
454,493,2
825,827,4
157,283,4
409,201,1
116,479,4
13,759,2
398,429,4
378,40,3
405,812,1
251,100,4
16,230,5
919,5,4
715,98,5
682,175,3
244,739,3
890,174,5
659,175,5
405,37,1
469,607,5
429,480,4
579,286,4
682,1178,1
589,689,4
181,1340,1
64,385,4
145,203,5
392,58,4
229,288,4
303,210,4
838,1,5
267,62,3
13,56,5
201,1169,4
786,588,5
387,488,3
378,382,4
110,195,2
487,27,5
394,156,4
768,111,3
49,372,4
534,1052,4
788,230,3
334,969,4
639,580,2
943,100,5
694,98,5
495,452,2
428,303,3
339,32,5
825,840,4
857,300,3
303,396,4
145,628,2
276,94,2
804,216,4
449,106,3
292,429,5
582,841,2
890,447,3
562,483,4
315,732,3
383,58,4
374,322,4
347,411,5
445,123,1
532,348,4
843,62,4
113,9,3
716,154,5
497,260,4
373,1110,4
932,443,4
330,252,4
911,99,3
774,674,2
868,202,3
752,323,1
385,705,3
558,14,4
524,178,3
570,327,4
704,1296,4
65,202,4
326,210,3
183,202,4
563,1035,4
44,71,3
100,316,5
474,288,3
665,294,2
807,546,4
253,95,4
790,402,2
81,742,2
883,318,4
257,275,4
60,56,4
249,148,3
39,900,3
741,25,3
773,840,1
388,117,5
72,194,4
537,174,3
1,147,3
229,344,5
577,7,2
293,404,4
586,234,3
825,257,4
183,203,3
796,606,4
150,129,4
498,340,2
452,1089,1
318,404,3
620,147,3
738,2,3
401,462,4
460,307,4
190,333,4
458,460,4
345,684,4
5,135,4
213,125,5
70,399,4
7,405,3
414,343,2
294,354,3
181,1326,1
727,94,4
900,200,2
594,127,4
621,1012,5
1,225,2
104,345,4
934,972,3
62,1012,3
271,186,4
655,896,4
514,186,4
497,80,3
291,393,3
197,313,4
63,269,3
74,9,4
758,896,5
880,217,4
645,96,3
727,205,5
731,527,5
280,72,4
936,312,3
474,628,4
595,742,2
303,281,3
838,718,5
201,792,4
415,1524,5
290,683,2
18,528,4
385,1462,4
450,501,4
936,319,4
757,176,5
936,19,5
567,306,3
504,403,3
676,288,1
60,172,4
384,286,4
727,282,4
868,451,2
757,202,4
500,742,3
389,66,3
344,694,5
207,428,4
279,128,5
586,117,4
802,1025,3
540,591,3
454,22,4
560,7,3
87,67,4
716,47,3
62,1073,4
293,77,2
92,356,3
889,455,4
495,1157,4
160,825,2
267,642,4
70,546,2
286,269,5
286,372,4
378,707,3
639,962,1
416,252,4
796,1126,1
11,431,2
623,291,3
833,640,3
269,157,3
864,722,2
588,268,5
393,21,3
846,51,4
847,216,3
1,262,3
301,24,4
253,273,3
593,15,4
897,416,5
889,554,4
653,219,1
528,358,2
699,258,5
48,187,5
880,176,5
259,121,3
537,47,4
643,147,3
371,186,5
468,1,5
521,1059,1
599,1315,4
328,402,3
745,603,4
21,106,2
429,291,4
593,1014,1
808,312,3
329,174,4
40,242,4
561,921,3
165,15,5
899,144,3
326,441,2
267,65,4
699,977,2
102,229,3
344,529,5
705,400,4
32,257,4
883,81,5
116,1216,3
326,22,4
325,2,1
660,1065,2
254,1050,3
388,871,2
170,245,5
534,105,4
479,54,3
708,9,1
292,511,5
828,874,3
26,1014,3
370,705,3
848,514,5
693,488,4
109,191,4
207,423,4
288,880,1
200,1034,3
537,284,3
297,1073,3
829,529,4
201,128,2
884,86,3
67,25,4
932,448,2
67,743,4
655,735,3
327,147,2
683,300,3
292,118,3
308,371,3
869,312,2
750,325,1
564,333,3
308,95,4
773,221,2
373,317,4
525,125,3
632,275,3
280,117,5
922,50,5
699,270,4
42,845,5
869,412,5
393,633,2
533,70,4
248,186,5
472,100,5
918,517,3
382,286,2
407,746,4
679,241,3
421,709,4
290,176,4
327,264,2
620,742,5
363,403,3
487,431,3
640,174,5
315,137,5
498,1404,3
859,294,3
316,923,5
345,716,3
846,623,1
730,332,3
268,527,4
592,121,4
5,386,2
507,252,5
394,1484,4
707,173,2
347,69,5
102,239,3
409,181,4
533,820,2
374,628,3
619,1314,3
174,1014,3
276,881,3
144,727,3
932,661,5
481,88,4
916,87,3
840,489,3
280,550,2
846,738,4
181,1375,1
498,191,4
360,170,5
244,508,4
706,25,4
76,7,4
254,240,1
25,568,4
435,40,3
14,283,4
666,185,4
244,886,5
13,66,3
486,237,4
886,772,1
183,241,4
900,508,3
233,58,3
500,845,4
21,325,4
286,881,5
933,42,1
913,209,2
468,273,2
730,257,5
311,399,4
478,354,3
279,662,2
339,451,3
360,238,4
583,425,5
409,1558,5
446,307,3
868,96,2
537,975,3
346,232,3
450,405,4
862,434,5
858,269,4
314,1253,4
198,1014,2
815,229,3
870,1019,3
305,684,3
747,15,4
12,684,5
312,596,5
334,173,4
354,811,5
13,788,1
253,448,2
618,203,3
497,156,5
940,300,5
394,183,4
106,778,4
90,962,2
74,315,5
281,294,3
883,517,4
846,1018,4
399,210,3
476,66,3
671,144,4
367,176,5
181,1388,1
50,1084,5
458,304,4
360,748,2
168,924,2
889,647,2
723,150,3
682,728,3
367,184,5
417,708,2
477,275,5
692,508,3
42,204,5
826,161,3
553,631,5
78,476,3
370,183,4
446,327,2
334,277,3
489,339,3
299,1214,2
776,511,5
537,694,4
277,472,1
462,181,4
312,137,3
335,260,3
535,144,3
605,300,2
13,871,2
687,749,4
407,588,4
340,274,4
151,837,4
405,704,2
276,81,4
569,286,5
540,1226,4
893,849,3
321,521,2
217,597,4
843,102,2
782,244,4
912,168,5
151,657,5
503,14,3
373,114,5
193,402,3
537,168,4
409,175,4
504,773,3
197,230,4
405,427,5
870,1044,2
293,549,3
658,171,4
600,183,5
463,24,3
660,675,3
851,238,5
796,488,2
321,8,4
172,642,4
887,928,5
303,873,3
459,291,4
471,8,5
288,132,3
721,632,4
651,276,4
881,546,4
617,56,1
318,1050,4
481,199,5
587,262,4
435,234,4
7,487,3
201,71,3
883,174,4
796,576,3
363,428,5
397,273,4
254,575,3
457,304,4
621,147,3
894,1010,4
90,613,4
588,542,3
927,756,4
760,682,3
886,328,3
293,484,5
342,1057,2
727,684,4
913,22,5
735,676,3
387,107,3
286,739,3
543,177,4
659,234,4
826,651,4
417,39,3
927,401,2
648,62,5
115,479,5
339,222,4
694,194,5
268,328,1
73,129,4
194,417,2
870,1073,5
62,498,4
705,625,5
168,1051,4
537,194,3
610,750,4
161,582,1
13,852,1
310,536,4
321,193,3
694,630,3
533,243,3
57,7,4
292,298,4
707,638,4
711,8,5
800,121,4
327,1218,4
535,42,3
711,258,4
477,274,5
128,490,5
663,321,5
256,471,5
843,615,3
724,264,3
663,658,4
360,157,4
462,895,4
116,1134,4
284,346,4
277,1197,4
246,66,3
862,650,4
417,501,3
457,770,4
807,174,5
697,742,3
540,323,3
544,1280,3
303,1303,3
128,686,4
586,250,3
896,518,3
716,474,5
397,183,4
57,845,4
85,813,4
83,259,2
506,463,3
38,294,5
417,1539,2
73,269,4
18,81,3
481,98,4
709,859,3
365,742,3
588,230,1
6,246,3
399,143,5
65,423,5
645,174,4
90,151,2
406,157,3
294,333,4
151,154,4
320,568,4
760,845,5
95,1047,3
774,318,1
268,223,3
205,304,3
889,54,3
555,546,3
851,1120,2
434,121,4
99,346,4
303,871,1
927,422,4
913,475,4
215,176,5
89,1074,5
16,234,5
748,175,5
654,66,4
255,831,4
214,1065,5
653,1207,1
90,20,4
447,156,5
606,236,3
406,727,3
425,1595,2
452,615,3
650,136,4
878,111,4
719,659,4
589,334,1
404,66,4
38,409,5
211,890,2
504,579,4
169,50,5
303,63,1
262,433,4
420,508,3
807,289,4
815,199,4
333,100,4
665,418,4
408,1296,4
206,1431,1
653,984,4
417,47,3
644,250,4
114,654,3
497,597,3
752,301,4
804,841,4
582,1215,4
901,73,5
144,116,4
8,190,4
354,747,2
250,991,2
583,239,2
303,595,2
745,100,5
308,165,3
416,9,5
90,553,2
335,333,4
726,833,5
13,135,5
624,597,3
417,222,3
407,313,4
357,334,4
489,895,4
102,1228,1
885,28,4
246,1188,3
296,210,3
138,518,4
184,132,5
310,832,1
486,597,3
316,507,3
942,662,4
535,129,5
551,1135,5
407,449,2
437,117,1
6,496,4
394,28,4
270,230,3
268,195,4
782,890,1
497,265,4
87,47,3
223,1016,5
650,194,4
76,517,5
87,566,5
620,795,4
200,148,4
747,1045,4
10,461,3
435,8,3
90,208,3
844,228,3
280,90,4
152,278,4
566,242,5
881,559,2
682,467,3
881,255,3
854,537,3
222,845,3
108,471,2
456,955,4
838,945,4
535,286,2
7,185,5
402,475,3
586,153,2
450,292,5
693,300,2
416,463,4
807,520,5
90,132,5
565,70,5
94,29,2
615,262,4
514,307,4
342,716,2
49,542,2
59,474,5
592,194,4
360,193,5
561,1074,3
886,357,4
199,988,1
642,780,5
230,739,5
138,483,5
686,198,5
38,95,5
393,257,4
159,225,4
285,269,4
346,748,4
931,344,4
441,282,4
457,729,4
311,1035,4
216,79,4
801,271,5
417,264,2
144,50,5
668,882,3
880,72,3
323,508,4
846,1518,2
701,300,3
551,85,1
210,222,4
393,138,3
805,248,4
436,435,4
497,73,3
880,508,4
647,79,4
657,922,4
901,196,4
102,748,3
178,484,4
747,732,3
487,423,4
504,163,4
637,125,3
694,661,5
457,174,5
132,806,3
927,395,3
889,1553,3
756,568,3
221,1073,4
148,127,1
523,866,5
796,275,4
354,428,4
518,412,1
749,566,3
13,398,2
606,1518,4
416,66,5
747,47,5
530,328,4
546,250,4
523,1041,4
385,171,3
102,332,3
43,318,5
650,823,3
472,1090,5
21,281,2
844,627,3
495,98,5
236,273,1
269,568,2
862,282,5
2,306,4
823,708,4
833,488,5
814,635,2
357,245,4
916,530,4
269,522,5
583,198,4
463,1606,2
934,963,5
534,985,4
274,1163,2
429,170,5
268,940,2
258,751,5
128,191,4
244,64,5
770,328,3
409,661,5
848,655,4
921,405,3
687,321,4
268,127,4
57,1071,3
409,733,4
327,257,2
298,503,4
472,374,2
532,352,3
49,702,3
393,56,2
151,65,4
668,403,4
325,527,4
933,121,3
474,258,4
280,381,3
39,333,4
244,258,5
303,948,2
848,812,2
936,410,3
846,97,4
372,159,5
423,690,4
351,880,2
249,237,5
334,421,4
419,50,5
222,280,3
437,133,5
85,203,5
848,215,5
633,71,3
887,1013,4
590,255,1
406,515,2
347,17,4
125,143,5
927,588,5
31,124,4
201,591,3
391,435,5
287,1,5
7,202,3
430,303,4
727,1047,2
276,941,3
474,11,5
336,368,1
318,405,2
490,255,1
291,501,4
429,616,3
453,963,4
5,200,2
846,302,5
541,378,5
456,505,4
92,8,5
907,628,5
658,86,4
934,624,4
239,116,5
495,155,3
566,231,1
590,150,5
346,172,5
262,185,3
545,82,4
201,979,2
455,531,3
344,1007,4
187,659,5
346,98,2
797,307,2
611,882,4
887,929,1
222,323,3
788,322,4
615,275,4
270,234,5
379,402,3
291,1017,4
95,946,3
543,737,3
525,14,3
330,584,3
303,92,4
269,529,5
493,91,3
811,690,5
534,117,5
640,952,4
77,56,4
224,846,4
108,931,2
725,301,4
78,294,3
6,173,5
476,780,3
872,893,4
28,228,5
916,171,4
833,4,3
462,539,3
314,597,4
533,289,2
707,4,3
240,245,4
269,1073,3
545,820,3
301,607,4
295,402,5
721,204,5
92,64,4
326,633,4
1,57,5
655,785,2
924,318,5
354,520,3
145,109,4
148,588,4
276,157,5
464,302,5
666,181,2
650,216,4
413,245,2
779,243,4
906,270,4
417,568,2
214,174,4
409,12,4
72,77,4
308,472,2
43,69,4
707,1204,3
312,485,4
468,55,5
331,8,3
579,204,3
183,1159,3
503,662,3
784,270,3
339,234,4
747,180,5
828,313,3
314,402,4
254,573,2
805,747,3
515,286,2
416,433,4
279,1012,5
417,513,5
95,1221,4
716,492,3
933,265,4
117,172,5
524,1456,3
537,327,2
771,181,4
187,214,4
186,38,5
276,43,1
889,95,4
655,137,4
544,258,3
361,183,4
101,125,4
747,204,5
608,1204,2
654,87,4
393,500,4
475,316,5
860,712,3
805,161,1
758,155,1
757,205,4
638,227,2
535,638,4
654,300,5
489,538,4
2,315,1
336,90,5
308,488,4
250,1426,5
805,172,4
561,432,5
495,578,3
833,679,3
46,50,4
936,117,4
345,248,5
878,474,5
645,228,3
299,1132,1
151,203,3
156,77,2
293,421,3
501,257,4
303,654,5
102,597,3
711,94,2
765,275,4
249,844,5
399,465,3
746,230,1
180,423,4
274,282,5
916,483,5
332,597,5
525,127,3
664,172,5
655,293,4
58,268,5
495,217,5
409,30,4
573,180,4
401,202,4
707,345,5
235,433,4
222,620,3
3,343,3
177,343,3
1,224,5
870,663,3
942,322,3
93,235,4
655,447,4
261,300,5
456,186,4
417,145,3
665,684,3
896,175,2
667,285,5
545,265,4
889,193,4
195,298,4
152,21,3
96,174,5
351,990,5
62,401,3
664,513,4
437,182,2
622,977,2
794,150,4
453,566,3
70,225,3
683,22,4
569,291,4
14,709,5
406,274,3
18,276,5
568,524,2
119,199,5
328,58,4
184,855,4
545,218,4
256,765,4
600,449,4
290,211,3
447,228,4
733,846,2
619,281,4
11,88,3
564,300,4
551,1047,4
422,151,4
398,732,4
332,117,4
907,928,5
670,96,5
445,475,5
648,231,2
145,1245,5
924,1011,3
38,67,4
302,294,1
701,289,4
44,737,1
764,125,4
804,318,5
647,402,4
573,478,4
665,151,3
905,751,3
622,202,4
158,283,5
151,121,5
747,844,4
902,250,4
347,216,3
416,1220,3
85,121,2
181,991,1
112,286,4
181,1389,1
16,31,5
488,468,5
468,321,3
178,228,5
526,332,2
291,739,3
130,642,4
62,33,1
495,101,5
397,480,5
434,928,5
393,1063,4
158,182,5
532,269,4
24,582,4
267,141,4
279,869,1
435,673,3
404,310,4
804,674,4
13,578,3
776,848,2
551,240,3
305,184,3
301,239,2
846,376,2
184,203,3
222,393,4
146,301,2
379,64,5
87,2,4
450,56,4
457,28,5
514,4,4
479,250,4
178,173,5
368,569,3
121,174,3
433,245,3
64,8,4
581,285,5
109,68,3
864,9,5
94,433,4
388,628,4
520,274,3
248,50,5
825,926,4
903,655,5
144,19,4
244,1074,4
653,145,2
318,69,5
617,219,4
669,490,5
916,746,3
489,331,5
378,141,3
263,237,2
125,25,1
561,91,4
385,340,4
452,168,4
429,520,3
456,1081,4
16,204,5
63,150,4
314,1095,3
506,148,3
911,205,3
535,389,4
303,167,3
749,389,3
339,258,3
321,1331,4
437,52,3
928,168,5
385,659,4
236,696,2
151,209,4
468,462,4
308,176,4
596,294,4
667,131,5
625,50,5
15,220,4
313,478,3
342,100,5
407,269,3
413,25,3
370,257,5
313,187,4
682,71,5
711,121,1
541,732,3
429,203,5
391,591,4
360,523,3
128,393,4
130,1088,2
328,451,4
326,385,3
410,690,4
916,39,4
201,1194,4
343,150,4
44,190,5
99,100,5
644,117,4
472,475,5
889,514,1
429,101,4
416,179,2
374,231,2
92,69,5
791,299,2
354,507,3
181,1048,2
405,46,1
577,4,4
147,937,3
414,748,3
747,510,5
671,257,5
378,97,5
533,450,5
7,553,3
537,549,2
234,435,3
828,331,4
42,38,3
382,183,3
717,50,4
708,596,4
452,83,3
847,202,4
308,31,3
234,1448,3
67,546,3
592,833,4
717,301,4
28,164,4
846,161,4
929,496,3
871,781,4
707,371,3
346,684,4
293,48,5
276,415,3
269,707,2
227,14,4
92,80,2
406,88,2
731,508,1
1,263,1
606,637,3
389,56,5
451,688,1
87,39,3
655,347,3
773,887,2
881,399,4
94,1007,4
213,514,5
503,485,4
181,103,1
409,615,5
426,196,4
906,117,4
313,663,5
519,327,4
848,582,4
13,355,3
288,174,4
223,258,1
393,1446,5
189,847,4
848,152,5
712,734,4
783,288,3
442,665,2
82,178,4
839,237,3
276,566,4
109,17,4
249,86,4
414,260,3
933,452,1
704,523,5
363,802,2
733,544,1
503,484,4
75,1048,4
913,210,2
292,197,5
526,243,1
301,527,4
504,117,4
68,926,1
606,184,5
870,810,3
308,294,3
850,568,5
807,1483,4
758,212,4
7,549,4
429,747,3
346,405,3
938,476,4
294,827,1
194,1412,2
416,500,5
401,566,5
808,300,4
65,392,5
666,264,3
693,568,4
762,749,1
643,1016,3
365,473,4
13,276,5
158,183,3
667,275,4
610,317,3
416,720,4
642,1239,4
339,1240,5
345,747,3
804,212,3
455,124,4
554,411,3
757,450,2
181,276,2
264,1270,2
200,758,3
643,956,4
538,121,3
567,606,4
738,235,2
378,399,3
670,945,4
889,216,4
94,583,3
734,705,4
417,473,2
659,499,4
766,212,5
414,272,5
117,895,2
881,685,2
617,668,4
417,3,4
747,529,5
393,1178,3
840,615,5
802,573,4
144,258,4
533,740,4
243,660,4
18,69,3
112,310,4
648,217,2
303,373,2
640,1258,3
889,154,4
279,1017,3
447,278,3
135,230,3
374,403,2
491,657,5
696,748,1
686,185,5
833,7,3
224,11,3
484,122,2
618,174,5
92,220,1
201,188,4
696,1126,3
929,136,3
352,385,4
886,496,4
201,1421,3
930,100,3
829,512,4
943,182,5
263,1,5
561,67,1
655,215,2
627,949,2
269,716,4
654,751,3
758,502,4
666,255,4
702,751,4
290,318,4
697,283,5
568,656,3
239,1099,5
593,275,3
343,727,4
421,56,5
843,199,3
727,765,2
48,357,5
496,191,5
397,313,4
551,559,5
796,121,5
59,951,3
316,633,4
407,152,4
526,919,3
13,636,2
715,761,3
42,284,3
936,6,5
842,749,4
917,405,3
286,1286,5
437,770,3
435,260,3
128,69,4
408,539,1
407,403,4
5,420,3
655,912,3
763,173,4
268,161,3
620,323,5
541,403,3
222,1044,4
630,22,3
642,174,5
303,651,5
213,229,4
567,10,4
82,13,2
887,258,1
476,1037,1
348,1061,5
534,825,4
405,858,1
5,363,3
908,47,3
665,177,3
439,276,5
429,654,4
293,491,4
35,748,4
41,96,4
807,684,5
361,1074,3
541,168,4
231,151,1
429,493,4
223,926,4
145,1012,4
435,162,1
622,230,3
90,837,5
655,766,3
865,328,3
189,283,5
712,82,5
211,596,3
97,423,5
924,480,3
325,210,2
268,96,5
596,123,2
271,317,3
658,276,4
95,586,2
423,315,4
432,475,4
125,411,3
1,230,4
344,183,5
798,384,2
293,11,3
408,689,3
145,1102,1
256,748,4
78,93,4
624,342,3
406,660,3
757,31,4
896,472,2
301,232,4
608,132,2
295,173,5
49,325,3
391,26,5
653,531,5
49,53,4
592,184,5
411,709,5
92,1041,3
559,315,5
365,272,4
650,271,3
745,98,5
435,1034,2
391,213,4
897,928,5
346,273,4
457,588,5
682,1107,2
514,423,5
269,483,4
38,28,4
94,347,5
378,227,3
84,591,4
941,919,5
916,204,3
605,831,1
659,609,4
184,301,3
293,92,4
451,748,4
37,117,4
338,301,4
40,333,4
417,1139,3
806,47,4
230,233,1
432,111,4
592,354,4
346,470,3
43,1057,2
796,810,3
890,603,5
909,294,3
541,452,3
621,881,2
251,597,3
545,742,4
274,762,5
865,222,2
543,568,3
479,356,3
770,50,3
663,281,3
184,447,3
496,480,3
405,232,4
719,382,2
801,288,5
749,295,3
746,546,3
239,162,5
559,238,1
294,411,3
896,173,5
312,675,5
466,315,5
13,411,2
535,492,4
201,458,4
437,200,4
43,204,4
485,748,2
75,100,5
327,708,4
547,340,4
38,451,5
345,451,5
270,535,5
308,443,3
21,928,3
922,471,3
500,472,3
708,535,2
514,1115,4
798,210,4
924,285,4
379,523,4
710,174,4
865,1009,5
276,196,4
455,159,3
270,7,4
200,515,5
472,239,5
859,118,3
676,1483,4
916,54,3
561,692,1
892,184,4
933,194,4
913,273,3
683,132,5
474,70,4
43,254,3
705,117,5
429,816,2
94,736,5
514,191,5
882,225,5
51,144,5
378,58,4
923,763,4
643,179,4
449,1194,4
435,717,3
166,288,3
711,1152,1
871,4,3
94,864,2
374,95,4
287,208,4
472,411,4
830,174,5
798,815,5
898,328,2
896,204,4
374,127,4
782,250,4
95,447,2
334,629,4
125,340,1
779,300,3
293,845,2
804,328,4
1,202,5
327,211,3
88,1191,5
387,511,3
240,353,1
416,538,4
523,533,4
26,148,3
150,324,4
932,489,4
268,540,1
13,360,4
774,450,2
134,15,5
619,82,5
933,475,2
46,332,4
753,89,3
911,154,4
846,216,4
194,9,4
500,1311,1
551,184,1
798,172,4
329,198,4
551,182,5
374,450,4
345,469,5
551,127,5
291,147,4
942,31,5
234,486,3
562,89,1
624,1047,3
389,386,3
770,297,5
374,106,3
301,282,4
894,297,4
911,82,2
308,72,4
256,4,5
494,222,5
174,768,1
37,27,4
481,202,4
870,715,3
655,302,4
436,96,4
907,172,4
486,305,3
1,270,5
865,111,1
823,136,5
519,874,5
840,514,5
13,586,3
393,1092,3
373,729,4
299,283,3
417,99,4
653,395,1
144,22,5
312,434,3
435,80,2
833,289,1
495,843,3
416,846,3
532,11,5
81,274,3
59,427,5
638,385,5
654,332,4
788,670,3
890,435,5
516,194,4
458,307,4
368,234,3
201,387,2
244,509,5
715,1047,3
259,185,4
405,669,1
597,235,4
592,12,5
394,433,4
299,210,4
612,118,3
42,742,4
833,64,3
21,839,1
532,191,5
430,121,2
934,527,3
479,756,1
586,183,4
474,525,4
488,185,4
389,172,5
890,1039,4
213,257,4
450,304,4
301,702,4
291,1109,4
190,546,3
896,15,3
194,679,2
653,585,2
6,510,4
788,620,3
930,455,1
621,50,5
157,407,4
739,318,4
390,300,5
109,196,4
286,781,4
25,655,4
569,924,3
589,333,5
67,412,1
152,274,5
429,196,4
154,642,3
645,200,5
378,436,4
506,762,3
537,609,3
305,347,3
766,433,3
875,321,3
807,181,5
833,649,3
573,495,2
276,748,3
4,50,5
42,143,4
11,449,3
128,284,3
3,303,3
99,196,4
642,1509,2
559,194,3
796,510,3
880,250,3
597,181,4
349,276,5
747,238,3
566,1437,2
714,748,5
180,196,5
934,664,4
601,198,4
881,174,5
130,944,4
796,781,4
18,970,3
328,349,2
456,443,4
314,764,3
44,50,5
942,304,5
405,779,1
219,82,1
505,227,2
378,723,3
125,64,5
442,38,3
184,164,3
561,211,4
912,443,4
276,739,2
95,77,4
550,1,3
90,179,5
352,156,4
706,756,4
942,1050,5
465,511,4
592,936,4
782,50,3
132,275,3
92,476,2
758,1019,4
271,13,4
660,159,1
193,750,4
472,117,3
426,483,5
135,38,3
864,357,5
326,444,4
6,308,3
788,692,3
271,729,4
484,222,5
158,659,5
889,199,5
1,125,3
573,211,5
548,978,2
268,184,4
59,111,4
883,10,5
11,707,5
406,73,2
215,423,5
514,342,1
85,792,4
7,660,5
774,444,1
378,67,2
540,269,4
517,1016,1
741,479,5
214,180,5
768,475,2
654,56,4
863,289,4
92,963,5
235,463,4
374,120,3
263,678,2
566,395,1
889,168,4
878,22,2
50,823,3
393,568,4
213,97,5
929,100,4
289,926,3
934,411,3
648,230,5
610,527,4
921,472,2
889,79,3
296,1007,4
851,411,3
90,906,2
525,322,2
533,43,4
393,944,4
766,951,3
703,508,3
218,273,4
292,653,4
210,219,3
787,345,3
657,1009,4
184,93,4
73,59,5
130,39,4
194,289,1
499,165,5
447,447,3
799,173,5
577,763,3
481,322,4
178,819,2
267,566,3
548,405,4
99,246,3
701,690,4
877,340,3
910,273,3
606,919,2
498,489,3
244,1188,4
262,95,3
692,211,4
153,182,5
883,129,5
268,380,2
916,561,3
90,42,4
398,501,3
37,176,4
14,191,4
225,603,5
758,11,3
38,1014,5
730,1012,5
312,71,4
483,515,4
90,485,5
174,762,5
533,22,4
655,553,2
269,17,2
869,249,4
770,326,4
919,423,5
751,486,3
747,648,5
79,1,4
660,238,3
837,762,2
684,181,4
561,946,3
462,310,5
481,580,4
59,140,1
514,474,5
295,966,5
253,87,5
708,118,5
41,135,4
835,357,5
291,262,4
155,288,3
451,299,1
653,719,3
311,519,3
44,636,4
782,1588,3
82,228,3
85,596,3
495,1046,5
541,781,5
59,392,2
627,471,3
344,216,4
405,1101,3
497,231,3
169,499,3
289,282,3
883,403,5
586,155,3
854,358,2
835,486,4
101,596,3
851,347,5
874,285,4
95,518,4
864,501,3
773,12,3
110,397,3
489,355,5
475,50,5
545,144,3
905,294,3
878,168,4
903,30,5
308,17,4
316,127,2
279,92,4
10,700,4
121,479,5
234,100,4
45,764,4
694,356,4
276,501,4
360,10,5
347,460,3
647,77,4
305,207,5
889,59,4
442,144,4
566,1065,5
643,121,4
504,211,4
698,482,2
445,1199,1
7,22,5
655,674,3
437,684,3
393,472,3
829,582,4
917,756,4
390,990,4
500,161,2
109,595,3
881,182,3
13,445,4
746,550,4
239,518,3
194,1207,1
716,473,4
374,7,1
529,886,4
345,305,4
533,222,5
553,604,5
717,326,3
417,178,3
456,129,3
201,179,5
280,1401,5
268,124,4
234,316,4
750,331,4
294,928,3
739,969,1
921,395,3
669,181,5
47,995,3
894,328,4
871,909,3
789,100,5
60,215,4
204,146,3
536,1063,5
538,183,4
661,238,4
291,985,3
244,380,4
60,602,4
524,702,4
921,282,2
262,90,4
828,582,3
608,603,5
411,276,3
456,1019,4
682,25,4
313,136,5
43,181,4
333,748,4
804,981,3
643,159,3
439,246,4
606,188,4
712,1091,3
545,98,5
913,127,4
201,441,1
747,87,5
416,1092,3
128,132,3
610,185,5
462,346,1
472,355,3
328,194,3
650,185,3
437,118,2
556,64,5
738,1,5
529,333,4
711,433,4
543,192,4
908,447,3
604,444,2
368,17,5
854,258,4
585,863,5
354,170,4
846,1029,1
194,542,3
851,1059,3
308,514,4
592,531,5
463,286,4
276,563,3
776,109,4
303,222,3
10,238,4
798,734,3
894,257,3
634,221,1
249,462,5
883,11,2
101,278,2
189,934,2
439,147,4
524,485,2
7,652,3
334,93,4
44,135,5
394,403,4
862,200,5
245,894,1
650,355,2
280,384,4
224,126,3
198,402,3
264,25,4
669,647,5
600,79,4
814,218,3
42,72,3
741,98,5
643,233,4
566,54,3
692,287,3
286,636,3
936,748,2
738,199,4
109,508,4
234,284,3
364,690,4
279,80,4
805,661,4
345,1023,2
928,165,5
835,257,3
774,241,4
933,550,1
54,260,4
334,902,4
870,1664,4
439,268,4
318,94,4
691,1172,5
554,328,4
303,926,2
764,820,3
183,270,3
267,143,4
299,175,5
59,1112,3
361,178,5
370,294,1
903,50,5
354,1466,5
727,1,3
256,628,5
663,682,3
222,1035,2
495,1419,1
453,651,4
720,321,4
109,1222,4
926,286,4
907,934,4
106,274,3
95,742,4
354,1039,4
362,678,2
515,243,3
10,221,4
116,11,5
815,196,4
535,194,5
293,228,3
889,658,4
268,1110,3
393,362,3
42,834,1
546,17,4
114,474,5
486,328,2
630,496,3
275,419,3
197,511,5
49,1073,5
269,200,4
862,120,3
751,332,3
455,934,3
385,447,3
750,876,2
432,871,2
234,604,5
280,1217,5
246,570,1
339,179,5
642,468,3
295,582,5
868,173,4
883,399,5
62,708,3
188,209,2
33,339,3
548,659,4
360,1197,3
536,500,4
843,141,4
519,349,5
572,14,4
361,186,3
429,219,4
493,652,5
325,604,4
690,794,3
489,750,5
456,80,2
524,432,1
535,276,3
788,71,3
655,152,3
756,3,1
13,888,2
94,448,5
561,240,1
363,657,5
63,285,3
819,268,4
269,823,3
798,1297,3
634,476,3
848,443,5
456,174,4
398,284,2
792,125,3
450,1033,3
878,485,3
232,318,5
543,1619,3
655,283,3
59,651,5
17,508,3
301,53,1
698,144,2
586,318,3
293,546,1
239,954,5
81,273,4
655,13,3
805,1119,3
734,604,4
455,321,2
100,1235,4
650,371,2
280,157,3
56,11,4
847,482,2
336,475,4
535,628,4
592,28,4
308,614,3
102,326,3
396,121,5
85,510,4
119,392,4
279,398,4
934,436,3
727,371,2
303,249,4
648,184,5
344,45,5
482,988,4
342,262,2
559,393,2
407,163,3
707,64,3
307,831,1
255,273,2
746,8,4
531,748,4
603,172,5
92,755,3
425,222,5
308,58,3
853,300,5
504,1444,3
677,845,3
566,327,3
211,705,4
786,4,4
871,346,3
453,941,2
820,301,2
98,322,3
204,262,4
287,301,3
886,746,3
48,309,3
782,994,2
405,214,4
223,845,4
83,476,3
380,109,2
269,44,3
222,716,2
138,517,4
49,475,4
42,1051,4
301,1283,4
210,185,4
887,109,5
551,230,5
712,941,5
151,227,5
363,448,5
30,161,4
13,274,3
161,168,1
110,1206,3
193,673,4
271,381,3
561,614,3
880,128,3
160,589,3
244,82,3
657,286,4
874,321,3
378,465,3
712,432,4
643,405,3
899,498,4
619,651,5
391,705,5
389,407,1
642,29,5
119,105,2
206,300,1
151,427,5
536,168,5
334,577,2
883,347,4
347,233,5
804,234,4
870,421,2
314,1178,2
545,810,4
874,313,3
624,255,3
476,435,3
472,196,4
216,144,4
463,258,5
690,148,3
105,690,3
504,176,3
506,8,5
656,302,3
394,576,2
932,640,2
796,1032,3
11,208,4
897,568,5
291,46,4
543,144,4
233,8,3
886,1119,4
933,9,3
497,417,2
561,925,3
931,100,4
313,142,3
555,318,4
151,813,4
201,1220,2
210,380,4
145,620,3
128,121,4
44,95,4
903,649,4
862,79,5
168,275,3
181,148,2
534,1199,5
87,780,4
13,8,4
138,151,4
417,562,4
308,945,4
445,325,1
621,173,4
805,7,5
664,845,2
386,118,3
234,477,1
417,1228,2
264,14,4
643,200,3
808,313,5
927,826,4
507,117,3
806,518,3
823,100,5
886,288,4
89,173,5
524,1124,3
592,99,5
669,117,1
574,245,5
921,222,5
763,507,4
591,866,3
303,31,3
561,188,4
428,305,3
442,240,2
423,276,5
629,127,5
753,179,2
557,270,3
311,614,4
295,705,4
38,403,1
655,433,2
924,127,3
271,54,3
389,485,5
34,286,5
450,195,4
112,269,3
308,605,4
711,778,4
6,175,4
763,79,5
204,880,2
490,7,3
214,512,5
111,315,5
698,516,2
133,294,3
452,624,2
488,328,4
533,477,4
169,213,5
394,118,4
938,458,4
488,651,5
106,495,4
629,333,4
495,1110,4
597,1016,4
875,479,4
321,496,4
341,299,5
140,302,4
851,405,5
115,1067,4
63,828,1
838,28,4
290,484,3
521,127,4
739,288,1
622,72,3
885,7,3
932,650,5
882,380,5
532,272,5
892,8,5
798,1284,3
84,529,5
230,526,3
855,1021,3
374,68,1
645,518,5
136,847,4
407,660,3
405,1004,1
937,988,2
468,127,4
698,190,5
474,509,5
102,322,3
201,473,3
533,322,4
293,1018,3
354,676,5
663,3,4
503,153,2
325,236,3
711,25,4
26,413,2
527,207,4
943,139,1
296,544,4
327,589,3
725,333,5
194,66,3
351,323,5
764,4,3
380,50,4
416,895,4
916,77,3
642,472,5
401,151,1
378,217,3
847,88,2
899,1101,5
264,100,5
213,504,5
661,568,4
188,566,5
478,763,5
194,178,3
660,145,2
788,662,4
275,181,4
486,306,1
744,657,5
325,1487,3
742,181,3
354,558,4
477,111,5
176,881,3
299,474,5
460,293,4
721,51,4
886,161,5
469,611,5
807,102,4
514,176,4
488,418,3
458,183,4
230,1050,3
896,525,5
60,71,3
567,607,4
591,1028,3
7,131,5
286,381,5
245,1033,5
181,1351,1
807,496,5
272,48,4
814,436,3
894,330,3
665,89,4
693,172,3
399,50,3
532,345,4
345,234,4
416,259,2
548,358,2
243,125,3
818,912,3
374,654,3
748,114,4
828,382,3
109,655,3
334,1163,4
318,605,4
559,587,4
280,181,3
834,288,5
846,836,5
296,45,5
11,414,3
38,226,1
883,198,5
198,79,3
254,136,4
152,740,4
580,258,5
183,88,3
883,79,4
128,702,3
828,1005,3
305,947,4
889,423,4
709,452,3
437,239,4
662,285,5
606,816,2
547,315,4
927,79,3
930,523,2
447,111,3
305,33,3
385,82,1
788,744,4
149,310,2
703,1197,3
664,230,3
374,148,4
118,421,4
488,322,3
291,17,4
457,527,5
368,127,4
758,93,5
832,258,3
150,475,5
291,384,4
374,477,1
749,293,4
184,95,4
62,1074,4
472,338,4
896,715,3
425,1013,1
94,763,3
716,181,4
557,292,4
806,81,5
178,1300,3
890,215,4
533,823,4
339,637,4
349,458,4
833,455,3
26,841,2
359,117,4
524,513,4
291,8,4
708,546,3
406,732,4
707,880,2
682,673,3
896,1222,2
641,134,5
169,483,3
682,1093,3
387,448,3
751,173,4
82,71,4
621,3,5
268,71,3
733,291,2
716,479,4
249,68,5
474,76,4
313,849,3
797,1023,3
114,507,3
125,1270,3
592,686,5
545,78,2
618,132,4
58,257,5
500,118,3
379,417,5
474,121,4
156,86,4
385,616,4
854,171,4
110,325,3
535,223,5
249,271,4
405,12,5
818,286,4
642,940,2
639,216,3
339,22,5
784,331,4
158,435,5
894,289,2
648,403,4
398,427,4
619,121,5
634,1284,3
214,518,3
457,658,4
766,432,3
145,1290,1
43,174,4
363,238,4
887,993,5
497,407,2
405,1565,1
234,965,3
320,284,4
95,2,2
804,97,4
102,202,4
851,845,3
318,524,3
395,472,3
796,126,3
345,628,3
851,742,5
889,473,4
440,904,5
56,98,4
868,843,1
201,42,4
361,90,2
367,288,5
141,106,5
128,1221,3
301,1091,3
868,1028,3
345,393,3
62,1134,2
380,1065,4
446,300,3
773,393,2
684,63,4
210,174,5
886,171,4
728,287,4
456,229,3
682,79,4
7,223,5
270,213,5
632,68,1
619,684,4
712,588,4
693,729,4
545,491,3
486,297,4
185,114,4
913,191,5
928,288,3
15,458,5
644,181,4
870,208,4
720,313,3
618,776,2
421,156,5
552,126,4
184,1148,3
313,427,5
496,417,1
264,792,5
354,344,5
885,65,2
454,454,3
795,91,5
628,300,5
883,24,4
6,482,4
133,539,1
868,117,2
870,169,4
234,1203,4
59,91,4
16,770,3
717,250,1
738,63,3
532,447,4
542,194,4
303,128,4
919,322,3
1,76,4
262,91,3
524,14,5
20,423,2
227,1017,4
385,1121,4
291,761,3
184,428,4
14,523,4
463,301,5
126,678,3
130,363,3
343,568,1
733,924,4
704,435,4
40,340,2
577,95,5
489,1293,5
561,470,3
7,595,2
210,197,5
928,749,5
226,405,4
237,494,4
22,648,4
879,294,3
374,323,3
758,529,4
321,435,5
579,1110,1
629,270,3
357,405,5
326,655,5
118,201,5
862,930,5
592,1016,4
654,172,4
442,203,3
358,1159,5
548,272,2
599,546,4
814,675,3
716,405,4
49,3,3
850,181,5
303,80,4
111,307,2
314,11,5
463,930,1
234,1063,3
325,492,4
450,1184,1
5,139,3
804,183,4
708,864,3
788,591,3
548,905,4
184,694,5
821,106,2
496,172,5
886,1067,5
173,258,4
224,356,4
437,165,4
392,1142,5
416,873,5
92,651,4
627,530,3
224,1381,3
868,204,2
215,89,4
897,526,5
524,182,5
319,313,5
405,1588,1
110,272,4
308,151,4
344,537,4
939,252,3
655,1400,3
6,178,4
280,764,4
18,213,5
222,521,5
84,466,4
128,213,3
13,11,1
416,659,5
174,284,4
474,73,3
23,234,2
87,210,5
529,331,4
462,678,3
92,210,4
933,578,1
749,742,4
276,590,2
903,25,4
184,64,4
886,783,1
326,448,3
457,451,4
216,25,3
919,750,3
683,346,4
503,132,5
423,328,1
474,418,3
727,54,3
655,42,3
210,315,5
703,100,4
244,114,4
538,956,3
826,231,3
254,29,2
280,1182,3
666,13,4
712,1053,4
717,280,4
574,344,5
464,299,4
833,1181,1
474,518,4
320,1091,4
796,217,4
666,25,3
724,301,4
313,484,5
263,318,5
457,118,4
235,70,5
373,1530,2
333,435,4
61,327,2
254,526,3
283,1487,2
246,444,4
453,453,2
398,144,5
314,378,5
197,245,4
268,198,4
913,171,3
341,259,3
285,168,4
290,230,4
585,1319,2
847,417,2
450,571,2
447,284,4
537,65,3
175,496,5
256,188,5
18,517,2
70,173,4
365,301,5
709,739,3
815,181,5
270,1009,5
833,452,1
230,50,5
391,100,4
894,1295,3
90,134,5
83,391,2
101,123,2
796,357,4
407,418,4
554,172,5
835,234,5
363,673,2
385,1367,5
297,1016,3
497,90,4
405,450,1
234,194,5
90,180,4
334,290,3
405,693,2
864,239,4
937,303,4
466,22,5
588,154,4
506,89,5
450,521,4
826,625,3
577,307,3
774,511,3
237,174,4
774,68,3
277,844,4
393,596,4
405,541,1
843,206,3
782,1252,3
727,7,2
194,1066,3
398,196,4
150,325,1
511,299,2
608,190,4
912,238,4
561,356,1
472,140,3
443,678,2
116,1256,1
280,284,3
332,307,5
201,7,3
689,121,5
253,659,5
13,172,5
654,181,3
682,284,4
383,604,5
138,98,5
87,521,3
234,434,3
577,582,4
625,168,3
854,744,2
815,993,2
295,416,4
664,157,3
515,328,2
450,142,5
263,133,5
212,246,5
21,551,3
326,391,4
868,184,3
200,622,3
487,179,3
19,210,3
308,965,4
7,193,5
265,676,2
344,1048,3
316,180,4
13,787,3
659,183,4
230,515,5
391,490,4
68,742,1
557,58,4
693,288,2
78,25,3
90,660,4
793,7,3
39,270,4
38,916,5
28,678,2
524,44,4
16,385,5
846,747,3
885,866,3
549,678,3
44,81,4
648,294,3
912,185,3
830,172,5
138,209,4
916,820,2
331,486,3
476,294,3
378,385,4
437,172,4
586,22,3
664,196,4
721,81,2
365,316,4
314,932,4
164,300,5
655,944,3
881,472,4
908,127,4
762,515,5
234,136,4
327,476,2
372,79,5
92,78,3
407,69,4
466,62,3
90,174,5
936,258,3
663,710,3
684,401,3
374,265,5
648,926,3
293,589,4
932,431,3
514,111,5
21,678,2
606,48,4
371,746,4
624,327,4
313,481,4
323,100,4
114,615,2
698,603,4
425,491,2
758,56,5
782,348,4
493,288,4
534,147,5
213,204,5
715,204,4
301,111,1
894,961,4
130,159,4
546,343,3
883,12,4
545,393,4
921,196,5
346,175,4
178,465,3
6,269,4
932,665,2
537,20,3
346,550,4
623,648,5
514,152,4
708,866,5
337,15,5
453,7,5
853,322,3
259,147,4
527,93,4
649,1016,4
592,248,4
897,659,5
397,346,4
167,184,1
817,1,4
198,193,4
823,182,4
436,721,3
317,268,3
377,508,4
920,270,3
840,183,5
606,428,3
215,181,4
940,628,4
588,553,4
534,273,5
38,1034,1
806,483,4
303,43,3
207,866,3
751,197,3
507,245,5
387,773,4
200,483,5
805,86,4
738,252,4
472,403,5
28,423,2
223,409,3
224,689,3
248,98,5
643,228,4
608,1101,4
13,879,2
497,373,4
437,781,4
576,204,4
774,834,1
330,66,5
916,679,3
603,313,5
913,79,4
514,294,3
13,339,3
405,49,1
85,658,3
389,82,4
758,239,3
64,768,2
655,1645,4
923,291,4
378,225,3
201,218,4
70,739,2
664,98,4
749,833,2
269,234,1
622,11,4
399,1219,3
846,48,5
297,588,4
653,238,1
91,479,4
52,475,4
344,124,5
938,471,3
1,61,4
452,237,2
655,93,3
262,1095,2
94,24,4
290,515,3
23,215,2
666,510,4
389,824,3
532,331,4
416,157,4
698,648,4
867,197,4
823,71,3
936,281,4
847,77,4
624,286,5
338,286,4
303,1209,2
892,420,2
234,616,2
343,531,5
164,276,3
276,1210,2
688,877,5
648,550,4
894,713,4
290,64,4
551,316,5
648,226,4
537,286,3
234,307,2
397,688,1
57,419,3
222,732,4
807,210,4
178,248,4
295,79,4
374,449,4
864,797,3
429,162,4
727,95,4
95,386,2
500,234,3
149,268,4
276,451,3
574,262,5
394,229,3
405,451,5
385,1143,4
305,650,4
334,508,3
148,1149,5
802,300,4
110,258,4
879,255,4
804,523,5
666,864,3
416,316,3
385,2,3
932,45,5
886,591,3
749,403,4
193,742,4
429,796,3
280,76,2
5,442,1
308,429,4
189,523,4
603,216,4
361,258,3
433,1598,1
912,172,3
332,866,2
405,187,5
299,99,3
698,435,3
524,29,3
880,318,5
782,1012,2
908,50,4
6,490,5
896,597,4
653,239,5
38,216,5
645,258,3
479,273,4
751,213,5
177,654,4
334,479,4
295,133,4
279,165,4
144,15,4
684,934,3
13,526,3
454,257,4
422,867,3
648,497,4
828,955,3
880,231,2
46,151,4
95,515,5
47,258,4
305,480,5
131,1,4
537,97,2
126,681,5
272,651,4
391,168,4
201,853,4
559,524,3
545,195,4
610,183,4
937,286,4
567,483,5
567,613,4
758,248,4
483,318,3
145,50,5
62,129,3
298,204,4
417,386,3
459,220,3
304,343,3
165,181,5
335,245,4
270,1471,4
94,509,5
699,820,2
151,735,5
601,1073,2
18,702,3
405,721,1
399,393,4
48,483,5
896,83,5
664,97,3
56,550,4
601,421,1
568,1050,4
164,118,5
16,654,5
615,435,5
715,42,5
844,175,3
847,108,2
82,895,1
189,133,5
943,421,2
466,882,5
907,117,5
23,713,4
606,215,4
94,559,4
405,692,5
18,614,4
712,662,5
896,50,5
754,276,5
560,134,5
18,15,4
301,69,5
374,151,3
494,126,4
297,277,3
504,449,4
13,228,4
271,659,3
380,1404,2
299,222,2
49,121,1
409,322,2
354,181,4
534,748,4
405,1180,1
588,1044,4
450,618,4
141,274,5
497,849,2
83,125,5
130,864,2
307,1028,4
125,56,1
589,332,4
859,249,5
109,628,2
393,775,4
883,515,5
264,1118,4
197,403,3
908,423,4
171,313,4
20,143,3
662,1511,4
184,716,3
87,1181,3
28,79,4
455,4,3
394,313,5
763,195,4
618,121,4
344,244,3
847,578,3
181,1344,1
315,121,2
504,1050,4
479,66,3
846,76,4
141,237,4
314,1085,1
385,657,4
177,568,3
778,268,2
758,172,4
332,1315,2
429,483,5
64,1141,5
943,1074,4
363,760,1
318,376,3
862,202,5
199,322,2
60,1060,4
289,125,2
291,715,5
343,217,3
466,385,4
199,111,3
894,463,4
224,632,2
197,576,4
13,111,5
145,238,4
145,737,2
425,269,4
749,271,5
751,751,4
293,122,3
262,283,3
269,72,2
276,890,3
474,945,4
185,86,5
269,218,2
290,274,4
483,250,3
595,411,3
123,704,3
232,315,5
234,956,3
366,288,4
198,217,4
746,127,2
462,288,5
429,833,3
602,259,4
92,44,3
682,241,4
483,230,5
94,1223,4
35,358,1
401,286,2
648,172,5
871,127,5
221,1208,3
804,187,4
777,212,5
222,402,4
326,1231,3
234,661,5
481,678,3
591,466,3
670,483,5
487,288,4
793,109,4
130,122,3
502,263,1
450,238,5
749,685,4
500,714,2
370,195,4
347,127,5
118,55,5
864,408,5
334,303,4
724,305,3
666,179,5
254,577,1
234,630,2
381,120,1
200,578,5
354,733,3
320,156,5
798,648,3
843,95,2
374,248,1
293,71,4
698,512,4
13,612,4
77,523,5
200,62,5
682,280,3
138,523,5
722,845,5
629,1119,5
536,862,3
305,289,4
807,542,5
409,22,2
805,582,3
883,384,3
394,158,3
49,588,4
690,435,5
256,98,5
497,763,3
758,331,4
903,333,4
64,235,4
524,657,4
880,200,4
463,1033,2
890,185,5
881,526,5
648,423,4
184,65,4
548,203,5
757,101,4
595,460,4
592,461,4
207,1350,2
256,576,3
870,98,4
600,1274,2
795,1110,3
381,96,5
892,633,4
784,321,3
299,300,4
508,710,4
7,572,3
437,583,1
269,371,5
870,943,2
585,1121,4
807,491,5
221,79,4
405,1232,1
773,1475,4
218,176,5
146,1294,4
624,275,4
537,506,3
297,109,4
595,108,2
234,591,3
474,132,4
49,343,2
234,842,4
932,380,4
306,321,3
334,42,4
132,664,5
181,682,4
682,518,4
187,1119,3
357,150,4
79,283,4
295,427,4
830,177,4
2,299,4
880,554,3
918,462,3
894,343,2
823,170,4
59,567,4
387,672,2
727,440,1
650,4,3
527,59,5
707,367,4
716,568,4
361,53,2
535,14,3
321,499,3
796,974,3
782,272,5
407,127,3
214,275,3
890,516,2
62,258,5
894,515,4
454,657,3
868,225,1
343,10,4
334,500,3
556,496,5
774,655,1
666,956,4
224,778,1
711,651,4
896,719,1
600,231,3
66,7,3
223,288,3
141,696,4
880,21,2
327,186,2
774,563,1
347,959,5
496,53,3
332,451,5
92,582,5
693,98,4
268,63,1
95,219,4
554,191,5
535,514,5
291,4,4
659,73,4
864,5,4
122,187,4
474,1028,1
339,211,5
279,455,5
697,250,4
102,117,3
151,230,3
458,1,4
62,222,5
474,487,4
416,676,5
64,203,4
25,183,4
43,747,4
933,228,4
487,540,2
848,294,5
663,544,4
64,516,5
293,175,2
724,268,4
416,420,3
429,531,5
810,289,5
403,118,5
504,629,4
925,876,3
653,193,4
766,550,3
437,582,5
562,385,2
13,237,5
883,1404,3
897,177,5
305,690,4
397,109,4
6,495,4
501,222,4
437,739,3
305,69,3
686,191,5
718,1165,3
5,457,1
244,724,4
847,258,5
864,476,2
486,1611,3
589,340,1
79,288,3
660,491,4
100,348,3
95,142,4
94,1225,3
358,324,4
841,306,4
428,269,5
642,790,4
805,228,3
325,16,1
393,121,4
387,942,4
757,118,3
435,710,4
722,121,5
540,245,3
45,473,3
353,327,2
566,12,4
7,589,5
347,1028,2
207,1333,3
339,160,5
757,2,3
123,13,3
598,269,3
722,678,3
642,422,3
295,737,5
653,973,2
236,274,1
207,514,4
85,143,4
193,403,3
894,698,4
535,215,4
804,433,4
132,50,3
796,1,2
276,379,3
655,357,4
393,1039,3
790,268,4
116,193,4
593,174,4
474,186,4
334,315,4
58,209,5
764,819,3
221,1134,4
474,45,5
121,508,4
890,451,2
942,892,3
527,283,4
680,276,5
619,576,4
472,231,5
16,479,5
457,275,5
566,856,5
504,139,3
383,197,5
246,831,1
652,879,3
393,507,2
64,211,4
311,275,4
903,1067,2
145,55,3
772,310,4
43,312,4
676,482,4
393,728,3
151,420,5
608,61,5
716,622,3
21,656,5
660,259,4
533,403,3
650,479,5
882,79,5
347,157,5
450,1153,5
880,327,3
229,751,3
760,25,2
301,294,4
665,222,3
537,399,2
497,325,2
293,50,5
102,219,2
911,357,4
533,111,4
342,188,3
435,496,4
504,423,4
560,1333,3
373,139,3
863,349,1
223,300,3
870,211,3
637,744,4
717,117,4
922,568,3
942,362,3
456,710,3
709,121,4
79,937,2
815,432,5
894,285,4
495,69,3
276,844,4
454,423,4
521,195,4
200,222,5
114,522,5
405,1207,1
686,214,5
618,73,3
454,735,2
222,637,2
548,100,5
393,1120,3
119,866,3
97,919,5
2,13,4
527,144,4
32,100,3
486,109,3
13,321,2
290,133,3
678,237,3
524,215,2
557,198,5
474,199,5
328,357,4
902,993,3
911,483,3
276,876,3
774,188,3
374,825,3
85,1070,4
867,7,5
1,259,1
122,708,5
360,309,2
883,634,3
880,595,1
387,228,5
637,181,4
450,1446,4
64,333,3
622,168,4
758,230,4
455,582,2
450,739,4
521,568,3
903,708,4
864,273,5
260,1243,5
216,282,5
145,1273,5
660,527,3
543,211,4
450,474,5
60,629,3
468,724,4
213,474,2
13,442,1
301,407,2
59,148,3
102,175,4
398,283,3
309,242,4
454,248,3
119,255,3
222,132,2
533,936,4
621,41,4
317,350,5
223,742,3
184,165,4
201,62,1
5,24,4
691,496,5
152,1136,5
383,464,4
450,181,4
392,114,4
49,52,2
405,1053,5
144,1169,4
715,92,3
487,720,4
62,856,4
766,428,5
200,123,4
405,172,5
854,762,2
13,540,3
551,72,5
660,318,3
268,579,1
327,1012,2
682,1045,3
601,743,1
582,472,4
497,242,1
82,112,1
727,879,4
254,629,2
292,124,4
735,242,5
320,827,4
276,161,3
693,632,5
1,55,5
342,508,3
592,109,4
774,258,1
293,16,2
615,269,4
213,132,5
200,411,3
568,504,3
548,750,4
554,237,3
342,293,4
292,156,5
276,1314,3
567,179,5
1,194,4
282,338,3
87,845,4
885,94,2
345,191,5
164,751,4
835,514,3
707,167,2
551,226,5
307,89,5
314,1263,2
294,840,3
156,48,4
716,225,3
128,237,4
862,969,5
83,64,5
429,44,3
747,302,5
94,97,4
731,195,1
935,924,4
863,324,5
567,168,5
542,88,3
663,15,4
406,1008,4
23,423,3
776,181,4
313,654,5
308,199,4
372,98,5
721,393,5
796,573,4
15,15,4
18,186,4
387,294,2
38,1028,5
586,177,3
229,260,1
561,751,3
487,596,5
354,473,3
459,271,4
128,197,4
184,655,3
214,960,2
246,176,4
489,984,5
474,12,5
298,199,4
716,427,5
639,549,2
892,70,4
311,778,4
735,93,2
660,90,2
776,496,3
278,245,3
175,100,2
62,81,4
919,875,1
334,510,4
1,264,2
409,664,4
450,648,5
181,832,1
585,639,4
514,473,3
99,282,3
922,367,3
621,940,3
881,756,4
928,191,5
89,86,5
147,340,4
795,926,2
860,1047,2
784,751,4
218,5,3
495,496,5
611,1243,3
75,118,3
85,208,5
888,514,5
311,1479,3
405,241,1
215,22,3
561,780,1
450,280,4
647,72,4
601,1079,3
506,772,1
407,747,3
637,1344,4
321,855,3
711,488,4
249,144,4
696,245,4
297,210,4
622,521,5
727,82,3
143,271,4
60,736,5
848,528,3
92,195,5
880,273,5
145,62,2
104,273,3
68,1047,1
472,28,5
189,638,5
530,195,3
663,42,5
174,843,2
825,137,2
10,478,5
119,930,3
686,208,5
886,467,4
711,549,4
159,1278,3
782,346,2
92,1012,4
648,769,1
71,475,5
73,127,5
537,313,4
840,79,4
786,322,3
608,268,4
533,498,4
111,305,2
692,1028,3
478,843,5
75,1151,2
5,99,3
459,864,4
355,882,4
116,65,2
883,584,3
463,249,2
567,83,4
495,511,4
592,315,5
279,431,4
24,475,4
694,504,3
254,1183,4
566,273,5
6,484,5
695,895,1
293,196,4
625,173,3
892,151,4
201,568,3
456,222,2
921,227,3
24,7,4
486,926,2
327,233,3
268,735,3
559,180,4
716,162,4
749,105,1
821,471,4
109,475,1
539,238,3
345,1281,4
887,279,5
913,750,4
582,124,4
424,333,5
255,829,1
847,161,2
256,662,2
713,310,4
805,155,1
472,1119,5
903,105,3
365,476,4
524,895,4
627,578,3
357,111,5
777,357,5
85,30,3
773,59,5
473,127,5
416,501,5
459,1016,4
699,1013,3
467,127,5
326,135,3
49,477,2
13,840,3
518,280,4
593,286,5
424,25,4
181,284,2
566,511,4
385,181,1
190,300,4
660,710,3
290,193,4
290,71,5
545,413,4
339,150,4
774,185,2
943,217,3
682,447,2
938,293,3
405,64,5
9,294,4
693,12,4
363,68,2
870,579,2
472,763,4
326,64,4
95,78,3
232,294,2
86,304,3
577,932,3
405,87,1
642,66,5
658,527,5
798,243,4
479,199,5
144,470,2
711,622,4
451,330,3
653,245,4
437,174,5
58,137,5
887,476,1
566,137,5
198,15,3
727,1657,3
875,181,4
889,147,3
870,710,3
450,357,5
383,514,5
435,554,3
896,310,4
346,141,4
590,754,3
459,134,3
178,241,5
712,232,3
642,1091,4
235,684,4
592,251,5
174,276,5
600,56,5
385,425,3
70,625,3
405,365,1
875,963,4
567,197,5
751,394,4
446,322,3
92,208,4
293,194,4
682,231,1
328,271,3
264,168,5
817,129,4
496,156,3
669,531,3
62,605,3
13,559,1
433,919,5
95,178,5
479,616,4
533,288,2
727,421,5
456,1198,4
748,173,4
508,70,4
823,89,5
646,328,3
238,476,3
194,393,2
235,1451,4
8,385,1
416,931,3
933,651,3
897,1,5
452,418,4
243,1281,5
109,151,5
303,330,3
167,1304,4
870,589,4
457,417,4
726,1,4
463,242,2
268,117,4
883,170,3
498,61,4
916,217,4
807,206,2
911,93,4
121,172,5
523,3,4
536,570,3
450,633,5
354,8,5
597,295,3
426,610,4
778,11,5
833,367,3
904,628,3
130,31,4
943,233,5
299,971,2
790,849,4
299,546,3
880,347,5
634,150,3
910,134,3
347,210,4
476,1180,3
782,253,2
699,1163,5
82,432,4
780,887,4
843,465,2
361,88,4
314,1047,4
56,44,4
313,576,3
50,246,3
464,358,3
32,742,3
99,358,2
21,473,3
416,472,4
497,29,4
187,137,5
540,147,3
595,151,5
660,625,3
392,875,3
769,237,3
536,205,5
94,716,3
851,252,3
682,509,2
665,194,3
833,288,2
415,323,2
702,300,3
48,680,3
856,313,5
403,276,4
269,194,5
388,672,4
829,86,4
721,172,5
527,183,5
864,401,4
887,142,1
214,135,3
655,1647,3
59,32,4
391,186,5
786,89,4
454,134,3
833,219,4
622,451,4
813,9,3
614,1009,3
141,282,5
615,707,3
592,124,5
334,183,4
474,469,4
643,216,4
200,570,4
485,288,3
188,519,4
344,248,4
102,264,2
712,59,2
480,265,3
848,495,2
804,202,4
498,1286,3
416,657,5
181,360,1
144,135,5
213,463,5
181,323,2
694,23,3
143,294,3
541,1041,3
393,204,4
480,642,4
749,431,5
394,39,4
85,168,4
373,170,5
145,928,3
454,686,2
918,631,4
577,560,3
365,150,5
350,214,3
497,946,4
592,182,5
119,252,3
299,512,4
806,188,3
892,173,5
130,443,5
253,966,5
374,247,1
590,740,4
279,1052,4
201,590,1
336,722,3
121,282,1
354,527,4
347,609,4
761,123,3
232,181,4
916,81,5
363,150,5
798,73,4
540,825,4
654,1014,3
379,674,3
92,122,3
932,616,5
286,229,1
766,40,3
363,70,2
788,627,4
642,496,4
489,299,2
318,49,3
113,303,5
916,739,3
321,131,4
234,650,3
865,117,2
753,194,4
329,705,3
567,176,5
268,363,1
773,568,1
889,676,2
72,234,4
6,183,4
541,418,5
150,93,4
430,264,2
532,769,2
756,225,1
49,80,1
458,58,5
145,275,2
295,25,5
354,1065,3
60,366,4
846,41,3
907,291,5
537,527,4
455,770,3
538,182,4
126,881,5
374,288,4
455,591,4
640,209,5
24,237,4
371,98,5
206,1233,1
846,426,1
110,791,2
409,530,4
538,162,3
92,831,2
919,367,4
600,89,5
721,322,4
253,689,5
407,1028,3
896,1248,2
432,282,5
880,41,1
1,179,3
301,739,2
328,685,4
665,419,4
659,601,3
534,109,4
815,174,4
391,294,2
911,443,4
207,276,2
201,121,2
910,1012,4
405,422,1
854,24,4
682,779,3
698,529,5
268,552,2
437,99,4
271,425,2
554,95,4
327,255,3
405,384,3
311,584,3
630,127,2
378,576,3
32,307,2
515,329,2
405,700,1
928,876,5
863,322,1
543,1199,2
605,934,4
42,79,5
892,511,5
406,428,5
833,467,2
761,457,1
128,660,2
508,527,5
642,245,4
72,265,4
917,100,4
679,73,4
129,678,1
200,125,5
1,124,5
226,69,4
361,166,4
17,471,2
869,596,3
823,13,5
198,531,5
11,399,3
420,753,5
49,25,2
347,200,4
488,605,3
856,879,3
913,430,2
271,310,3
297,284,4
351,895,3
201,1187,3
219,882,3
253,427,5
296,628,5
379,427,5
805,173,4
684,210,3
92,587,3
650,579,3
82,151,2
815,835,3
885,188,3
569,273,3
919,340,5
148,496,3
43,705,4
399,380,3
393,473,3
694,202,4
471,588,1
388,56,3
343,931,3
699,749,3
421,208,2
721,1025,3
291,402,4
312,515,5
709,841,4
450,490,5
913,195,4
443,294,5
186,203,5
681,304,3
589,268,1
152,527,4
862,789,5
374,845,2
693,69,3
600,1188,3
751,42,5
65,121,4
557,252,3
406,517,2
2,111,4
293,559,2
712,1178,4
588,95,4
271,194,5
805,195,3
504,414,5
707,707,5
753,173,5
592,782,2
311,51,4
823,196,5
749,527,4
712,79,4
707,26,3
711,958,5
417,120,2
49,294,1
833,378,3
145,56,5
622,1230,1
230,64,5
308,22,4
939,931,2
363,229,3
815,125,5
586,172,4
618,705,3
109,257,5
795,797,3
429,1285,3
677,1240,5
374,118,5
642,259,5
234,648,3
332,763,5
484,216,4
465,835,3
116,1257,1
339,644,5
394,561,4
788,685,3
42,433,2
582,313,5
164,313,5
659,670,2
561,410,1
256,864,4
694,451,4
537,979,2
710,313,4
76,324,4
835,131,5
550,252,1
335,323,4
392,23,5
210,50,5
334,496,3
308,471,3
642,172,5
868,191,3
269,143,3
643,527,3
16,467,5
5,410,1
301,429,4
244,652,5
13,824,3
299,213,5
864,404,4
10,69,4
201,708,4
195,1418,4
56,568,4
634,866,3
867,50,5
197,181,5
374,228,5
699,1615,3
293,51,3
495,479,4
256,1057,2
198,196,3
2,311,5
567,56,4
805,411,2
223,763,3
771,137,4
104,591,4
215,87,5
315,520,4
59,492,4
290,210,5
758,587,4
332,679,5
158,42,3
393,270,5
244,743,5
173,245,4
450,401,3
834,150,5
100,355,4
406,1021,5
241,895,2
246,69,3
535,505,4
16,410,5
648,575,3
690,364,3
536,10,4
201,1166,3
373,58,4
239,272,5
292,144,5
250,98,5
780,659,4
699,273,3
360,1134,3
458,318,4
532,1136,2
178,546,3
162,298,4
44,313,4
307,505,3
373,553,4
391,61,5
699,308,4
292,276,5
577,1054,3
334,716,3
435,187,4
62,1132,2
881,739,4
325,443,4
371,176,4
303,81,4
250,378,4
870,52,2
296,114,5
805,679,4
299,921,3
321,633,5
34,690,4
365,100,5
246,97,3
271,65,3
195,421,4
782,538,4
282,262,4
697,682,2
13,517,5
703,764,2
62,1077,3
308,203,5
47,307,4
548,696,4
198,682,3
916,33,2
592,325,2
648,240,2
504,245,4
406,195,5
452,174,4
907,1157,5
276,418,4
639,835,4
184,1167,5
590,276,4
796,96,4
181,1335,1
60,13,4
316,549,5
230,385,1
380,286,5
314,1519,4
746,204,5
405,556,1
372,100,3
201,204,4
868,234,4
911,420,4
102,91,3
336,710,4
681,898,4
592,1226,4
474,684,4
840,170,4
37,230,4
145,347,3
83,174,5
268,61,4
773,145,3
897,240,4
314,196,3
506,739,4
707,1142,1
593,866,5
246,94,2
458,603,4
334,210,3
334,762,3
823,81,4
411,732,4
99,245,3
344,516,5
542,73,3
435,635,3
886,726,1
347,182,5
200,196,4
642,723,4
758,26,4
416,1441,3
14,42,4
608,1183,1
99,322,3
194,471,3
680,408,5
152,155,5
660,174,4
629,23,5
308,463,4
560,222,4
207,158,3
223,329,2
880,1270,3
883,313,3
802,769,5
290,474,3
533,550,4
640,239,5
268,154,4
764,1152,3
608,735,4
874,137,4
545,161,4
244,710,3
618,1071,1
145,685,4
35,242,2
405,1424,1
498,127,4
892,64,4
334,742,2
13,833,2
265,975,4
453,214,3
181,927,1
346,64,4
796,685,4
748,427,4
310,50,5
606,63,3
380,114,3
606,421,4
782,937,1
638,403,3
588,85,5
697,818,4
236,88,2
249,240,4
897,200,5
295,132,5
326,317,3
328,215,3
469,487,5
684,204,4
217,233,4
715,83,4
487,3,5
676,255,5
7,542,4
130,1014,3
435,128,3
89,240,4
453,509,4
660,71,2
6,425,3
308,420,4
865,271,1
62,44,3
207,177,3
883,589,5
343,44,3
682,619,3
560,847,4
774,199,4
115,317,5
889,820,2
394,176,5
650,140,2
348,975,4
425,841,1
699,118,4
346,302,3
466,241,5
280,203,4
405,654,2
816,264,4
158,187,5
804,180,4
346,120,3
416,404,3
215,15,3
409,214,4
749,69,5
938,117,3
592,118,3
325,386,4
582,93,5
127,300,5
548,654,5
145,240,5
339,89,5
365,25,4
363,770,4
254,768,3
60,134,4
903,46,4
248,854,5
880,87,4
870,4,2
911,431,4
686,299,5
126,350,2
37,226,5
617,1187,3
95,286,5
91,234,5
716,487,5
887,501,4
308,230,4
932,14,4
137,257,5
815,144,4
747,318,5
392,1007,5
435,1217,3
330,135,3
880,105,3
846,421,4
13,32,4
222,550,3
880,228,3
409,647,5
115,22,3
82,474,3
222,67,4
7,677,3
416,278,3
385,427,4
161,162,2
164,411,2
460,253,3
235,79,4
498,1131,3
655,909,3
568,772,1
432,742,4
25,181,5
454,15,2
297,79,3
504,411,4
655,591,3
91,351,4
880,252,2
92,1018,4
897,281,4
633,1046,4
894,59,5
775,300,4
197,578,3
392,166,5
49,820,1
347,168,5
719,126,2
201,1069,2
846,1249,3
802,358,3
271,132,5
506,678,3
102,200,3
33,329,4
344,297,4
854,1226,4
328,162,4
616,331,4
412,154,3
263,523,5
94,33,3
85,197,5
207,25,4
504,667,3
638,176,3
424,840,4
216,22,5
64,591,4
378,959,3
624,879,3
351,750,5
279,16,4
286,107,1
927,240,3
456,188,4
374,467,4
476,168,5
479,357,4
72,484,4
813,538,3
77,52,5
909,116,5
880,191,5
405,1400,1
378,239,3
298,1,5
276,356,3
433,333,2
279,436,4
918,709,4
881,1066,3
109,866,4
234,173,3
417,384,4
207,435,4
766,136,3
284,682,3
832,328,3
532,568,5
784,304,4
627,562,2
745,125,5
503,98,5
753,304,4
58,1084,4
307,175,4
716,494,5
346,1039,2
535,179,4
70,260,2
846,1182,2
887,471,3
489,319,3
354,889,5
344,559,3
906,408,4
636,10,5
634,258,4
660,366,1
915,321,3
447,535,4
347,550,5
715,69,4
339,496,5
239,203,1
880,282,2
919,137,2
892,182,5
908,478,4
69,9,4
145,258,4
460,302,4
269,133,3
13,455,3
292,203,4
545,554,3
374,743,1
850,385,5
464,288,4
454,270,4
91,510,3
595,289,4
886,803,2
537,447,3
450,967,5
639,52,3
23,856,4
373,1066,4
293,237,3
642,1178,3
727,658,5
268,566,3
804,91,4
497,792,3
472,94,5
501,248,4
7,31,4
715,234,4
537,69,2
363,121,2
1,212,4
203,619,3
904,682,4
301,636,3
330,148,4
416,748,4
730,269,5
521,25,2
666,831,2
343,684,3
909,286,4
591,202,3
705,99,3
911,709,5
425,362,3
504,307,4
642,186,5
824,325,4
280,217,3
417,109,2
534,25,5
721,174,5
378,1053,3
18,199,3
293,1267,3
184,747,3
559,4,4
312,631,5
242,283,4
864,380,3
920,268,3
430,9,3
707,93,5
686,174,4
63,301,5
592,9,5
115,23,5
897,230,4
381,419,5
537,1105,1
524,651,4
104,346,3
486,1176,3
804,177,5
692,1047,2
498,100,3
181,974,4
116,187,5
121,137,5
393,561,3
858,689,5
287,268,4
625,195,4
194,871,2
446,311,2
902,144,5
151,584,3
851,299,4
788,38,3
708,274,4
267,98,5
244,1136,3
833,183,5
255,447,3
312,428,3
794,420,4
920,258,4
806,128,3
311,318,5
378,845,3
116,661,4
610,51,5
709,164,3
521,68,4
450,503,4
219,258,5
160,325,3
263,480,3
184,1006,3
399,227,2
864,623,3
417,1207,3
883,124,5
62,127,4
752,905,2
807,94,2
459,1039,3
308,79,4
149,327,2
37,161,5
416,451,5
627,665,3
407,191,5
795,436,3
831,258,2
780,164,4
899,423,4
346,293,3
194,28,5
40,258,3
109,527,3
804,554,2
59,612,3
916,474,4
867,172,5
164,930,4
286,403,5
279,288,3
301,465,4
927,421,4
308,692,3
392,303,4
749,1028,4
878,166,4
686,50,4
311,432,4
293,1017,3
717,240,2
276,51,3
899,746,4
38,452,5
236,333,3
774,238,5
73,96,2
383,663,5
833,931,4
492,654,4
207,597,3
503,479,4
270,356,3
291,742,3
82,513,4
416,329,3
252,14,4
307,56,4
316,306,4
291,125,4
260,333,4
568,1203,5
798,97,1
831,749,2
5,186,5
892,641,5
49,68,1
782,1513,2
825,250,5
314,1054,1
512,1459,4
648,410,2
234,516,3
449,936,5
695,340,4
94,1048,4
354,381,5
54,930,1
374,761,3
474,25,5
871,904,3
932,414,4
293,638,4
15,472,3
226,507,2
544,292,4
416,879,3
264,217,3
379,28,4
178,764,3
567,478,5
429,133,3
297,508,4
151,953,5
16,510,4
438,301,4
450,345,2
716,176,3
207,787,3
227,319,4
840,504,3
244,70,4
346,1222,4
890,674,3
324,250,4
373,135,1
332,410,4
500,532,4
92,474,4
697,979,5
804,235,5
426,646,3
518,124,3
763,609,4
782,1255,2
693,708,3
865,71,1
303,186,4
109,82,5
266,272,4
606,100,5
933,583,3
344,313,3
235,1134,4
280,554,1
207,175,1
921,71,4
673,269,4
201,1063,3
848,732,5
189,294,5
226,182,1
535,519,3
870,427,4
509,338,3
344,174,5
343,117,2
474,481,4
116,1142,4
677,237,4
682,304,1
216,156,5
394,250,4
595,880,3
459,3,2
886,172,5
348,473,3
932,170,4
650,177,2
243,7,3
934,389,3
447,174,5
472,834,3
700,73,3
500,405,4
276,347,4
815,230,5
451,266,2
186,55,4
102,548,2
276,175,5
151,137,5
744,50,3
860,274,3
311,671,3
535,319,5
650,520,4
847,99,2
344,463,4
899,496,5
179,1316,3
232,96,5
651,242,5
604,100,5
727,1229,2
889,576,3
655,458,3
81,283,4
500,479,5
514,1074,4
373,196,5
437,28,3
52,121,4
620,627,5
216,1035,1
171,690,3
94,72,3
851,328,3
858,678,1
280,127,5
432,246,4
393,412,3
116,185,3
805,554,1
64,405,3
622,558,2
201,123,2
798,98,1
308,147,3
236,286,5
280,423,5
459,117,5
826,576,4
481,207,3
467,276,5
38,71,5
373,571,1
342,965,4
347,831,1
535,518,5
796,1001,2
10,498,5
393,86,2
825,147,5
99,367,4
261,259,4
766,443,3
686,168,5
425,1,2
804,89,4
560,1073,3
340,180,3
758,185,4
863,1243,4
198,96,4
358,208,2
342,1014,1
38,717,1
365,1011,3
786,418,4
718,471,5
569,328,4
889,322,3
405,1035,1
255,930,1
211,457,4
608,286,4
156,515,3
406,382,5
536,694,5
653,54,3
23,258,5
405,433,4
450,610,4
450,514,5
194,502,4
749,82,5
233,174,5
416,273,4
49,821,1
711,89,5
167,238,4
896,121,3
268,201,3
122,214,2
296,242,4
500,709,4
942,193,5
49,171,4
896,317,4
181,1245,1
291,67,4
698,486,4
13,597,3
235,83,4
887,115,5
385,458,3
916,183,4
10,367,4
303,1034,1
325,542,2
406,444,3
639,1020,4
189,863,4
340,504,1
592,1258,1
332,1028,4
166,328,5
296,1,5
312,615,4
200,1217,4
847,70,3
62,747,3
276,443,4
472,391,2
458,475,4
1,149,2
168,257,5
678,285,3
506,646,4
399,26,2
373,856,3
389,152,4
308,490,4
156,357,4
416,401,2
487,679,2
30,2,3
234,692,3
130,436,3
286,1280,5
197,2,3
933,154,2
870,649,4
507,310,4
807,95,4
815,526,4
248,185,3
511,322,3
666,209,4
911,153,5
927,1014,3
222,356,4
788,521,4
792,471,4
755,327,2
810,326,5
536,724,4
911,215,3
724,307,3
574,346,4
418,344,1
442,121,2
187,435,4
660,139,2
429,1545,2
886,12,5
13,774,1
474,100,5
835,204,3
786,173,4
514,431,4
939,237,5
275,265,4
514,173,5
241,310,4
222,284,3
524,663,2
488,474,2
880,92,4
89,402,4
532,298,4
724,873,3
308,705,5
115,969,1
474,601,5
637,544,3
591,235,3
95,436,5
292,1010,4
137,243,4
334,150,4
919,294,3
903,59,4
449,702,5
405,732,5
693,523,4
741,56,4
145,216,5
344,316,4
655,863,3
109,413,3
404,687,3
790,386,2
284,310,3
77,268,5
268,100,3
449,70,4
122,464,5
342,1167,1
299,49,4
350,174,5
279,1489,3
60,638,5
294,682,3
694,584,4
734,28,4
450,1037,2
132,154,4
295,941,4
392,169,4
313,831,3
298,357,5
677,109,1
363,250,1
201,1267,3
731,153,3
305,679,3
444,245,4
249,255,3
365,326,2
705,38,5
747,1631,3
506,218,3
789,276,5
181,687,1
627,528,4
406,220,3
397,513,5
407,230,4
207,576,3
659,481,5
642,410,1
239,69,1
524,310,4
399,658,3
845,286,5
182,69,5
553,648,4
138,614,4
290,151,2
712,402,4
666,520,3
907,271,5
230,199,3
393,132,2
474,604,4
398,796,3
270,1119,5
655,157,3
279,491,5
262,234,3
145,823,3
608,480,3
643,168,5
466,300,3
621,40,3
13,208,5
559,257,3
16,583,4
532,277,5
13,847,4
234,279,3
26,322,3
650,554,2
659,483,4
537,221,3
655,204,3
820,358,1
271,238,4
294,689,3
102,144,3
514,222,4
417,201,4
2,282,4
484,550,4
451,938,4
276,1019,5
796,434,4
757,193,4
558,137,4
763,1101,3
158,525,5
125,1115,3
601,154,5
468,47,5
554,117,4
385,290,3
393,501,3
71,89,5
126,990,4
561,503,4
650,38,3
69,235,3
466,546,4
710,887,2
363,71,3
363,95,3
344,707,4
172,220,4
932,1,4
754,293,4
44,678,3
358,318,5
622,431,5
930,286,3
207,631,2
454,118,4
59,44,4
387,475,3
109,672,2
112,272,5
822,902,4
178,155,4
336,124,1
524,578,5
894,1089,2
681,538,3
297,70,5
94,111,4
316,64,4
378,111,3
378,728,3
907,748,5
292,181,4
13,765,2
727,56,3
568,319,2
445,480,3
94,232,3
643,100,5
308,25,4
94,969,4
348,15,4
92,409,3
828,213,2
429,587,3
406,1147,4
912,268,2
782,1025,2
309,333,3
398,715,2
276,322,3
788,405,4
254,1263,1
715,195,4
222,588,4
11,746,4
293,159,3
822,272,3
334,1411,1
588,713,3
617,269,1
796,269,3
213,582,4
390,277,2
847,200,3
727,739,4
534,508,4
758,250,4
55,56,4
518,106,5
308,485,3
270,869,1
727,367,3
453,53,3
26,864,2
924,1,5
441,313,4
526,150,2
303,173,5
188,28,3
303,144,5
922,451,4
764,15,4
553,641,4
894,902,3
253,222,4
605,526,5
312,241,3
119,591,4
325,614,4
168,871,3
177,173,4
916,148,2
372,326,4
886,89,4
318,237,5
217,183,3
230,1444,2
422,270,3
660,679,2
484,153,5
188,498,5
268,622,3
708,304,4
85,428,5
311,750,5
632,679,4
601,210,4
297,419,3
62,28,3
501,456,3
363,224,4
413,100,4
541,946,5
719,778,3
923,1028,4
869,515,5
116,47,3
659,226,4
930,174,3
56,554,4
254,69,5
426,1116,4
425,191,3
851,193,4
653,755,2
168,9,1
899,367,4
244,662,3
573,480,4
661,436,4
77,23,4
906,300,3
751,82,4
416,423,4
655,794,1
521,108,3
4,300,5
577,56,3
868,187,4
548,1051,4
458,182,4
886,4,3
222,87,3
932,196,4
707,1061,3
648,475,1
435,331,5
90,211,5
256,829,4
598,898,4
214,12,5
236,148,4
435,12,5
385,195,1
122,1045,4
708,126,4
916,756,3
181,411,3
308,633,4
450,717,4
141,748,3
155,325,2
118,134,5
868,135,5
798,197,2
243,116,4
269,451,1
442,405,3
894,936,4
864,569,3
11,135,4
417,1230,2
797,243,2
7,530,5
501,410,4
585,1501,4
708,880,3
334,44,4
24,727,3
379,452,3
18,95,4
560,1,4
883,64,4
804,1188,2
83,623,4
592,898,2
335,347,5
892,419,3
389,780,3
630,96,4
38,243,3
777,527,4
804,406,3
387,7,5
380,435,3
690,237,4
618,124,1
621,117,5
21,991,2
601,241,4
263,205,5
889,39,2
295,401,3
686,192,5
532,411,3
277,471,3
758,139,4
25,427,4
348,117,4
608,699,5
889,659,4
332,1188,5
85,52,3
682,790,3
702,222,5
587,881,2
58,709,5
721,318,4
897,646,5
521,246,4
262,385,2
616,322,4
267,53,4
209,321,4
849,288,5
457,132,5
299,346,3
21,983,2
268,824,2
916,961,3
934,965,4
553,191,4
548,300,5
363,660,4
7,633,5
537,1404,2
458,116,4
659,345,4
213,511,4
321,1050,3
835,205,3
545,142,3
834,100,4
407,371,2
234,496,4
271,747,3
263,1020,3
653,97,3
393,1239,3
749,1016,5
292,168,5
942,480,5
416,1098,3
683,316,4
758,262,5
68,181,5
95,229,3
548,597,4
185,318,4
1,41,2
643,50,4
244,1079,2
896,526,4
471,465,5
887,84,4
276,1141,3
10,702,3
727,202,4
501,685,3
373,727,4
804,259,4
829,237,3
818,322,2
178,293,4
330,118,5
515,269,2
94,317,5
660,347,3
627,554,2
472,682,4
303,70,4
174,69,5
10,23,5
283,109,4
472,101,5
740,288,4
249,806,5
586,559,5
622,277,4
527,70,4
264,209,5
112,306,5
43,283,2
804,79,4
387,742,2
407,288,4
354,169,3
322,514,4
560,480,3
714,50,5
669,517,3
921,288,3
900,429,2
904,694,3
399,1184,3
532,549,5
290,930,3
605,475,3
918,72,1
49,1082,3
648,399,4
551,233,4
76,960,3
440,304,5
929,209,3
165,651,5
713,539,3
706,258,4
380,587,4
145,195,5
833,194,3
456,258,4
711,58,4
624,294,3
276,807,2
671,53,3
904,762,2
666,494,4
134,259,2
778,441,3
311,81,3
378,197,3
477,289,5
141,313,5
892,7,4
237,127,5
938,840,2
826,1228,3
430,127,4
639,1121,2
539,153,5
59,501,1
450,611,5
13,193,5
496,99,3
704,300,2
537,345,4
331,735,4
35,266,3
761,275,4
585,30,4
214,568,4
447,180,5
234,76,2
268,452,1
394,38,4
532,532,3
136,647,5
298,484,4
659,182,4
429,393,3
487,411,3
646,315,4
59,179,5
378,86,4
347,385,4
474,505,5
506,205,5
557,508,4
795,423,2
21,565,3
184,707,4
833,181,2
116,137,2
478,568,5
934,152,4
704,211,5
262,140,2
447,770,3
476,1036,2
527,558,4
194,356,2
919,715,5
533,739,5
405,588,2
479,338,1
393,1337,3
717,476,4
396,329,2
537,714,3
178,203,4
796,385,5
882,932,4
336,1118,4
381,657,4
639,357,3
933,182,4
711,250,2
45,993,4
160,564,3
827,312,2
457,356,4
536,708,3
784,750,5
332,333,5
806,24,3
305,302,4
704,214,2
43,1048,3
263,486,4
457,388,2
585,923,5
488,79,4
234,21,3
411,405,4
325,272,3
714,282,4
327,180,4
405,356,5
555,169,5
151,428,5
639,59,3
650,1149,4
798,821,5
500,815,3
202,191,2
94,467,4
551,735,5
697,324,5
158,651,5
621,154,5
291,413,4
151,747,3
528,203,4
587,918,3
60,61,4
299,235,1
464,295,5
38,413,1
416,95,3
880,693,5
621,625,4
807,1411,1
882,69,5
42,1,5
455,647,4
94,67,3
347,544,4
85,283,3
648,83,4
680,150,5
13,553,2
830,88,4
347,588,3
862,633,5
221,346,5
942,1204,4
87,372,3
637,246,2
346,157,3
174,66,5
342,179,5
846,580,5
21,706,2
621,451,1
655,1636,4
791,327,5
454,1190,3
819,286,5
7,514,2
222,826,2
807,231,4
10,527,4
342,483,4
269,616,4
230,511,2
825,248,4
486,995,4
807,374,3
262,617,3
314,942,3
207,313,4
711,475,5
246,401,1
455,694,4
645,72,3
160,32,5
60,842,4
30,255,4
840,169,5
738,636,3
779,7,3
659,1064,5
5,402,1
703,117,4
240,895,5
126,243,5
209,351,2
752,621,1
212,423,4
2,14,4
256,1208,3
222,216,4
7,50,5
68,471,3
724,682,1
184,738,3
7,629,3
215,132,5
625,647,4
733,130,2
349,9,4
765,507,5
537,268,4
394,69,5
94,657,5
294,123,4
222,121,3
407,1230,2
943,195,4
181,1291,1
406,25,1
282,319,4
703,25,3
758,802,3
194,405,2
115,12,5
387,1199,5
276,46,3
535,338,3
484,226,4
528,588,2
802,674,2
552,1152,3
222,541,2
653,1231,2
452,58,3
253,15,4
291,376,3
216,658,3
694,836,4
85,51,2
435,755,2
458,23,4
363,505,3
657,151,4
280,476,5
186,983,3
606,173,5
557,325,3
503,432,5
21,680,1
781,322,2
343,200,2
650,161,3
654,151,4
236,443,4
897,133,4
556,327,5
710,420,4
684,692,4
115,56,5
655,523,3
683,748,3
91,82,5
864,136,4
201,1227,1
487,172,4
405,665,1
454,272,5
181,825,1
7,204,5
518,547,3
332,276,3
894,70,3
242,291,3
210,1,5
833,665,3
194,410,3
882,411,3
325,164,1
761,50,5
618,1039,4
216,833,2
160,1019,5
629,195,4
602,118,3
360,474,5
269,122,1
435,679,3
257,61,5
603,181,5
804,49,2
896,1134,3
587,750,3
7,511,5
393,843,3
342,28,2
885,95,4
836,1065,4
766,378,4
698,465,3
277,276,4
75,304,2
532,470,5
3,181,4
519,268,5
514,100,4
224,378,4
102,96,3
830,231,2
194,100,4
271,393,4
318,892,3
482,321,3
789,129,5
207,468,4
708,764,4
72,198,5
739,1431,5
20,496,5
766,613,3
532,329,4
911,98,2
932,211,5
305,179,1
747,615,5
756,432,4
262,82,3
919,887,3
908,183,4
435,1,5
345,218,3
627,175,1
533,596,2
880,1215,1
62,138,1
579,1074,3
10,463,4
76,1154,5
75,273,5
42,99,5
384,689,4
346,132,4
916,121,3
363,640,2
782,879,3
106,194,5
725,881,5
338,606,3
862,176,5
830,418,3
145,278,4
658,24,3
457,357,5
555,489,5
546,313,2
318,1044,4
886,388,1
174,368,1
682,64,5
896,184,3
13,686,5
320,24,3
833,381,4
280,77,3
49,324,4
137,15,4
393,456,3
697,751,5
526,315,5
275,408,3
94,246,4
450,662,4
345,58,4
787,329,4
429,472,3
435,427,3
399,451,3
346,549,4
145,595,3
405,1553,1
664,81,5
831,197,4
543,4,4
194,710,3
472,548,1
77,125,3
541,1315,1
187,735,4
234,141,3
21,453,2
299,170,5
119,544,2
600,562,3
716,484,4
892,480,4
90,617,4
495,82,5
711,95,4
619,568,5
246,82,2
324,754,5
151,525,4
216,81,4
756,418,3
354,497,4
283,412,5
936,111,4
343,283,4
188,877,2
400,306,3
601,107,4
882,988,5
655,844,4
871,197,3
450,832,2
932,855,5
325,655,4
198,216,4
935,620,2
213,79,5
930,16,1
334,214,3
145,979,3
472,195,5
399,1228,3
592,1134,5
344,678,2
370,135,4
124,117,3
880,151,4
64,1140,1
666,318,5
332,22,5
109,258,5
650,1050,3
318,732,5
59,717,2
92,466,4
918,197,2
360,50,4
186,540,4
618,123,2
529,325,3
457,549,4
846,486,5
234,1221,4
108,515,5
174,124,5
715,12,4
639,83,4
201,215,2
854,603,4
13,914,2
896,139,2
75,13,5
851,286,4
655,1196,3
403,240,1
41,170,4
280,471,3
776,442,2
851,455,3
453,1145,2
932,191,4
554,222,4
258,289,2
556,192,5
224,1039,5
733,14,5
867,273,3
596,181,4
846,661,4
861,83,5
721,334,1
429,1136,4
350,190,4
249,634,5
559,427,4
85,582,4
362,748,1
918,42,3
125,83,4
90,514,3
609,1,1
363,290,3
426,653,4
94,458,4
760,71,4
127,748,5
805,436,3
780,498,5
627,628,4
118,22,5
936,928,3
216,28,4
424,508,3
323,93,4
643,393,4
697,595,4
788,65,4
435,566,4
435,201,4
96,194,2
782,1385,4
297,12,5
340,205,4
60,519,4
269,708,4
299,1119,4
552,515,3
806,504,4
239,180,5
551,186,5
684,168,4
526,7,4
188,259,3
514,385,3
383,517,5
416,200,5
174,41,1
468,1014,3
453,364,3
748,200,3
234,739,3
454,434,3
795,403,3
666,69,3
774,866,1
707,224,4
102,4,2
584,249,4
714,1028,4
94,419,3
417,563,2
627,191,4
119,182,4
83,15,4
345,1117,4
868,402,1
472,288,5
668,294,3
655,480,4
919,9,5
720,902,4
577,15,3
251,281,4
492,56,5
377,56,4
666,474,5
49,367,3
94,789,4
715,143,3
846,176,4
474,168,3
11,8,4
538,258,3
462,326,4
892,27,4
437,195,2
542,625,3
505,498,5
696,311,5
790,109,3
221,161,3
541,623,3
567,299,4
90,1192,5
184,66,4
542,293,3
407,185,5
261,304,3
246,239,3
276,806,4
886,118,1
719,23,3
618,161,4
294,597,3
295,188,3
514,19,4
324,260,5
290,136,4
437,189,2
704,89,5
472,577,3
546,145,4
885,588,4
1,143,1
346,167,2
666,162,4
788,79,4
314,147,4
582,760,3
618,468,3
125,781,3
99,4,5
378,133,5
367,179,5
916,511,5
11,120,2
391,264,1
336,108,3
81,476,2
425,181,4
61,333,3
899,66,4
363,98,3
497,451,2
917,25,4
717,106,4
296,259,1
7,141,5
476,232,3
655,97,3
339,97,4
374,48,5
249,480,5
406,276,4
886,506,4
453,684,3
638,96,4
543,111,4
394,549,4
744,156,4
825,222,5
655,717,1
526,328,2
269,447,3
899,202,4
299,23,4
495,1079,5
58,1048,1
115,98,3
499,511,5
85,204,4
298,151,3
334,371,2
374,1048,3
885,143,4
659,675,4
551,162,5
863,264,3
889,696,3
381,432,5
328,149,2
847,93,1
704,289,3
756,197,2
908,357,3
495,1116,3
788,270,2
125,1052,2
664,318,5
737,156,5
85,1172,4
378,328,3
715,926,4
327,92,4
5,98,3
460,304,2
889,1074,3
758,837,4
301,128,5
222,473,1
314,73,4
756,228,3
683,327,4
902,87,4
875,753,3
246,765,2
338,382,5
214,294,3
354,151,3
880,99,3
908,98,5
380,62,1
42,125,4
287,546,4
634,313,5
326,671,3
930,121,4
495,168,5
293,25,3
82,504,4
610,315,4
645,483,5
416,202,4
717,825,2
473,285,4
924,50,5
794,116,5
53,151,4
95,193,3
13,417,2
712,955,2
11,39,3
546,164,4
151,425,4
377,682,3
291,21,2
846,198,5
159,364,1
57,456,3
804,393,3
193,435,4
293,66,2
140,332,3
711,1074,3
815,602,3
640,313,5
745,258,5
294,515,5
798,393,3
265,258,4
293,933,2
77,179,5
128,371,1
38,99,5
499,307,4
387,530,4
829,515,4
85,196,4
615,194,5
588,51,4
18,22,5
642,560,4
117,109,4
10,602,5
312,661,5
595,676,2
90,193,4
234,212,2
705,225,4
183,1215,1
13,165,3
477,724,4
892,62,4
409,8,3
721,873,3
7,565,4
297,716,3
860,289,3
191,891,3
640,92,4
804,742,4
588,1,4
30,257,4
393,586,3
201,276,5
710,135,5
593,223,5
506,779,2
896,274,2
716,486,5
620,1,5
130,931,2
851,772,3
22,24,5
864,63,3
314,328,4
59,465,2
727,232,3
655,537,3
334,175,4
308,928,4
279,753,2
128,25,3
543,831,2
298,195,4
267,727,4
618,282,3
279,240,4
58,512,3
828,1672,2
510,873,3
291,816,3
579,258,5
451,872,2
250,240,4
524,1154,1
312,660,4
841,331,5
650,1,3
721,289,3
177,150,4
889,58,3
406,845,3
666,234,3
770,25,5
286,742,5
593,272,5
660,186,3
847,56,1
501,125,3
837,237,3
918,417,2
264,844,1
642,1469,4
654,25,1
417,293,4
379,566,4
250,202,4
450,170,5
269,1065,5
413,273,2
416,183,5
823,26,5
288,305,4
201,37,2
268,16,3
116,640,3
938,866,5
898,288,4
472,1139,5
343,154,5
219,568,1
788,699,3
474,1421,4
339,192,5
11,383,2
543,231,3
893,1218,3
90,323,3
625,597,2
326,72,2
245,1028,5
629,288,4
307,380,3
411,194,5
514,69,4
311,68,1
457,12,5
343,55,3
95,878,1
392,316,5
588,260,2
750,245,3
62,91,4
204,286,3
13,418,2
211,127,4
389,503,3
339,474,4
617,217,1
435,658,3
435,125,3
603,227,3
861,286,4
499,318,5
478,340,5
506,1608,2
228,56,2
547,303,3
56,193,5
81,471,3
142,408,4
719,69,5
617,515,3
394,416,5
425,180,4
927,739,3
13,161,5
303,369,1
566,461,4
200,179,4
763,1,4
299,482,4
634,323,4
229,748,3
195,186,3
405,512,1
911,435,5
205,326,4
188,88,4
566,144,3
164,342,2
184,412,2
258,893,1
122,715,5
210,357,5
18,737,3
2,1,4
406,960,2
437,462,5
802,452,4
931,690,4
42,274,5
395,118,3
380,200,4
342,319,4
62,306,4
489,343,5
181,1364,1
237,1192,5
177,469,4
7,555,4
7,513,4
316,435,2
548,293,4
459,186,4
639,204,3
405,1032,1
31,611,4
292,285,4
593,126,5
152,763,5
499,742,4
648,118,4
296,281,2
495,622,2
697,260,3
567,631,3
660,404,2
246,895,5
204,333,1
721,881,3
201,100,4
806,121,4
332,144,5
399,288,3
621,577,3
709,226,3
494,1,3
13,673,3
13,874,5
435,448,3
334,179,4
843,143,2
534,456,5
718,597,5
894,32,4
119,31,5
234,1457,3
592,405,4
660,747,4
119,354,5
145,274,3
696,427,5
806,150,4
457,769,2
94,1210,3
407,40,1
87,154,4
811,300,5
268,298,3
268,1273,2
18,181,3
532,1415,2
214,288,3
782,876,2
267,17,4
75,284,2
608,332,4
372,5,4
189,89,5
655,128,3
416,506,5
326,520,5
766,375,2
398,231,2
19,211,4
560,606,4
471,932,5
288,515,4
172,478,3
207,827,3
177,276,5
498,50,4
144,699,4
144,248,4
313,203,5
293,619,1
633,333,3
97,434,4
393,1314,3
648,187,3
219,303,4
493,258,5
28,89,4
504,678,4
388,680,5
308,73,3
829,105,3
465,202,4
405,1112,2
506,662,5
566,763,4
6,528,4
134,323,4
916,154,4
721,1442,4
297,129,4
940,420,4
116,806,4
472,222,5
244,167,3
308,546,3
840,163,4
859,151,2
750,304,4
279,948,3
908,111,3
319,682,3
665,97,2
537,482,4
347,546,4
457,147,5
854,244,3
694,510,5
918,923,4
290,429,4
474,1200,4
641,89,4
244,291,2
593,210,2
653,22,5
425,895,4
141,1244,3
59,52,4
234,77,3
235,66,2
209,251,5
395,924,4
116,255,3
497,39,3
109,431,3
401,481,3
220,298,4
164,299,4
378,59,4
95,1229,2
286,275,4
749,398,3
450,190,4
664,137,3
836,324,4
878,584,4
910,286,3
269,127,4
500,69,4
109,755,5
230,51,4
308,811,4
561,56,5
684,282,4
246,184,4
919,93,5
389,700,2
915,305,2
873,258,3
774,235,1
499,295,2
65,125,4
21,670,3
447,1315,4
655,131,2
94,411,3
847,141,3
514,150,3
699,828,3
889,512,5
454,87,4
229,286,4
277,508,4
497,123,3
201,51,2
561,346,5
305,52,2
804,748,4
749,406,4
688,898,5
472,150,3
805,428,5
428,886,4
62,931,1
151,464,4
429,208,4
42,588,5
63,50,4
727,541,4
606,132,5
913,98,4
621,172,5
802,333,4
223,125,3
474,322,4
56,194,5
463,508,4
298,144,4
212,197,5
28,567,4
649,24,4
207,748,3
1,51,4
768,628,3
545,546,3
437,843,4
332,472,3
484,1,5
567,302,4
767,344,4
151,509,4
751,142,4
363,449,3
894,1501,4
425,195,4
769,120,1
59,709,5
545,173,5
334,429,4
26,291,3
881,177,4
429,83,4
437,683,2
453,451,2
622,550,4
481,163,4
646,288,3
537,488,4
295,951,5
782,1669,2
49,508,3
94,38,2
804,250,4
489,748,4
332,871,3
659,195,4
634,546,4
361,56,4
706,682,2
13,446,1
301,235,2
450,154,3
844,326,3
511,948,3
91,161,3
458,79,5
807,298,4
392,174,5
130,531,5
332,682,4
386,405,4
774,179,5
795,200,3
303,65,4
557,150,3
514,168,4
903,288,4
342,3,2
707,153,3
115,496,1
412,288,4
355,286,5
279,781,3
779,50,5
832,307,4
56,64,5
615,1128,1
488,135,4
507,298,5
313,428,3
121,313,5
497,795,1
276,268,4
332,218,5
682,1016,2
808,270,4
738,151,4
731,606,3
95,79,4
244,317,5
357,825,3
653,1183,1
703,1,4
401,14,3
709,5,4
883,346,4
194,640,1
345,43,3
727,90,3
334,217,2
903,528,4
756,402,4
466,908,4
402,276,5
886,824,4
592,81,4
59,54,4
269,642,3
774,175,3
413,237,4
99,410,5
943,124,3
484,51,4
565,30,5
933,98,5
830,696,2
49,39,2
465,584,3
340,1,5
159,291,4
389,778,4
200,291,3
846,110,3
798,395,3
110,873,2
357,471,5
682,202,4
753,269,5
795,568,3
648,1110,3
271,40,1
538,143,3
704,354,4
590,515,3
847,473,2
450,193,5
392,705,5
910,845,4
186,925,5
795,716,3
694,605,4
554,1046,4
833,928,2
655,1208,3
313,473,3
158,665,2
585,14,4
701,255,3
671,50,5
868,219,2
551,260,5
134,316,4
207,131,3
495,153,5
92,257,2
418,302,2
92,763,3
256,387,4
554,542,3
919,289,3
161,15,2
318,179,4
536,31,3
244,411,4
854,3,1
698,135,3
935,742,5
924,849,3
435,722,3
387,619,1
403,685,4
11,94,3
859,410,4
321,124,3
516,310,4
151,194,4
99,1048,4
437,812,3
559,385,4
419,405,3
223,984,3
276,1478,3
48,519,3
815,185,3
278,22,5
322,655,5
446,879,3
313,1210,4
10,59,4
747,1098,4
281,288,4
816,288,4
234,195,2
710,340,4
608,196,5
92,161,2
592,216,4
682,258,3
618,568,4
933,734,2
152,132,5
393,239,4
556,520,5
774,1215,1
804,584,4
524,208,5
236,174,3
233,192,5
101,412,2
878,921,4
399,780,1
381,1117,4
28,670,4
79,303,4
937,242,3
933,67,1
881,134,5
658,511,4
416,419,4
629,4,3
385,482,3
393,405,4
416,22,5
537,90,1
361,49,3
738,234,4
942,528,5
707,866,2
222,11,5
92,239,4
303,420,4
433,754,3
823,141,4
306,476,3
409,180,5
417,212,1
879,597,2
63,237,3
650,206,4
550,271,5
340,204,4
122,519,4
191,302,4
846,1179,2
633,1019,4
435,380,3
246,475,4
416,96,4
376,11,4
715,71,3
602,678,4
840,121,2
301,202,5
145,11,5
205,316,4
189,1117,5
144,956,4
774,161,2
92,214,4
579,209,4
157,1051,4
346,38,3
21,118,1
619,183,5
727,101,2
314,318,5
465,281,2
936,455,3
280,1112,4
661,300,3
561,479,4
64,693,3
343,86,5
627,358,3
734,591,4
533,1047,3
363,258,3
24,12,5
263,177,4
694,660,3
757,17,3
60,163,4
907,274,5
64,603,3
234,7,2
694,1050,3
180,181,2
741,210,3
196,202,3
437,121,3
262,96,4
13,481,3
237,479,5
574,242,5
445,1591,4
553,511,5
380,135,3
200,174,5
677,471,4
454,133,4
629,328,3
455,117,3
338,792,4
293,182,5
394,121,4
508,215,3
543,114,4
480,183,4
715,121,4
648,526,3
249,684,4
405,1005,1
429,1109,2
85,229,3
252,475,5
52,285,5
586,265,5
705,222,5
348,294,4
305,478,3
504,928,4
437,1098,3
794,238,5
537,688,1
614,410,3
347,4,4
233,56,5
425,118,1
782,681,3
104,246,3
943,210,4
15,925,2
887,72,4
913,317,4
50,15,2
648,122,1
338,213,5
889,1231,3
97,408,5
276,231,3
702,380,4
187,747,4
144,286,4
745,286,1
92,67,3
533,38,2
360,588,3
650,69,2
838,45,4
94,182,5
398,476,3
215,1063,5
57,756,3
390,1,5
851,240,4
432,15,4
72,479,4
412,214,3
823,374,1
432,284,4
883,750,3
919,328,2
830,97,4
674,827,4
406,1065,2
405,1549,1
896,527,4
590,676,4
314,540,3
85,71,4
919,7,3
312,632,3
559,261,3
758,742,4
670,651,4
293,172,5
286,164,3
892,765,2
679,291,4
870,1230,2
152,401,3
588,28,5
181,1152,2
655,1607,3
497,805,3
234,71,3
825,281,3
145,230,5
292,479,4
682,352,1
889,70,3
397,177,5
934,174,5
497,122,1
458,925,3
221,257,4
557,865,3
897,925,5
254,204,4
399,127,2
698,434,4
373,409,2
724,678,2
393,451,3
495,84,3
280,609,4
683,1280,3
825,1008,1
660,742,2
616,348,3
761,1152,2
291,756,3
840,657,5
537,269,3
606,225,1
194,125,2
293,153,4
445,994,1
308,484,3
234,465,2
551,346,4
270,452,4
92,88,3
650,363,2
145,1046,4
314,284,3
451,878,1
399,196,5
853,1280,4
312,525,5
207,517,3
179,316,5
639,694,5
435,98,5
393,302,4
592,619,1
233,12,2
373,1039,4
427,688,5
622,756,3
537,330,2
653,576,1
335,307,5
592,1073,5
299,728,2
403,9,3
660,100,3
796,64,4
445,504,3
543,237,4
796,765,3
318,381,1
634,460,3
271,313,4
210,655,5
291,578,4
303,831,4
40,305,4
738,205,5
592,628,3
282,343,4
344,190,5
374,235,3
262,655,4
880,257,5
846,73,4
201,346,4
216,790,3
405,52,1
774,183,4
864,775,1
13,854,1
83,783,4
741,241,4
445,544,2
738,183,5
535,9,5
641,83,4
425,273,4
344,588,5
901,409,3
344,111,4
394,771,4
311,433,3
407,67,1
187,660,5
128,131,5
880,283,3
499,258,2
7,166,3
152,147,3
489,881,2
747,432,5
871,17,3
473,319,3
365,294,1
731,133,1
697,273,5
405,357,5
38,247,5
13,617,3
342,25,2
458,20,4
642,1058,3
160,240,4
77,174,5
7,634,5
316,521,5
293,185,5
326,480,4
264,235,5
908,223,4
545,164,4
334,182,3
774,739,2
97,183,5
840,653,5
417,999,3
450,203,4
715,410,4
472,252,4
883,684,3
120,286,5
683,308,3
738,257,3
296,172,5
492,124,4
686,528,5
174,151,3
49,1074,2
313,568,4
826,232,3
405,58,1
640,38,4
486,287,4
732,304,5
595,293,4
59,616,5
412,195,4
887,710,5
790,1048,4
840,663,4
89,197,5
787,904,3
422,670,2
710,180,4
7,561,4
458,956,5
764,231,3
474,26,4
318,531,4
452,474,3
298,393,4
632,56,3
766,193,3
288,294,2
754,328,3
599,934,3
104,282,3
525,829,2
250,676,5
361,226,3
595,762,4
782,259,1
279,375,1
460,149,4
914,155,5
344,98,4
919,880,3
614,279,3
943,237,4
634,127,5
10,9,4
536,132,4
536,486,4
798,722,3
331,100,4
177,403,5
517,294,1
135,79,3
715,28,5
890,121,2
892,162,4
288,199,4
56,173,4
577,161,5
128,210,4
514,58,4
655,270,4
339,227,2
291,820,4
373,70,4
308,607,3
619,391,3
205,243,2
642,1140,4
308,613,4
96,479,4
501,405,4
875,511,5
232,191,4
275,542,3
428,344,3
795,109,3
601,109,4
474,649,4
489,902,4
207,642,3
217,363,1
494,191,4
213,185,5
882,11,4
343,375,2
465,855,4
392,517,5
49,401,2
374,273,2
645,318,5
268,1073,4
707,310,4
417,1288,1
83,1049,3
405,1435,1
567,490,4
354,511,4
935,546,4
316,462,3
925,218,4
372,581,5
707,14,3
702,288,1
606,393,4
148,507,5
818,328,4
687,288,4
303,1239,1
699,202,3
664,302,4
378,742,4
650,188,3
870,550,3
44,423,4
771,203,1
246,68,5
221,475,4
622,1407,1
666,647,5
916,53,4
554,181,4
862,216,5
273,315,4
600,226,4
83,993,2
347,163,4
150,291,4
655,375,2
716,420,4
863,1038,1
293,7,3
493,235,2
553,218,4
64,230,5
577,866,5
699,1028,2
294,258,3
458,289,2
887,697,1
769,235,3
655,686,2
268,636,3
62,815,3
60,502,4
18,699,5
429,780,3
493,886,2
224,660,4
749,414,4
268,1074,3
318,105,1
916,132,3
661,132,5
636,283,3
705,196,4
95,781,2
48,522,2
655,367,3
416,532,3
742,591,4
447,760,4
13,70,3
405,91,2
660,151,5
464,1025,2
714,118,5
650,109,3
930,24,1
370,661,5
213,479,4
658,654,4
484,385,4
833,474,5
910,181,1
450,187,5
752,678,3
747,967,3
465,478,4
347,257,4
461,242,3
518,405,5
913,64,5
918,199,3
600,802,2
716,99,5
741,699,4
791,181,5
727,472,2
324,339,3
676,480,5
756,30,4
175,661,4
569,473,4
54,411,5
463,10,1
595,358,2
844,207,4
329,169,4
188,468,4
393,810,4
234,219,2
363,127,4
607,498,4
729,901,1
532,508,4
24,9,5
327,431,3
124,174,3
23,655,3
265,237,5
95,432,3
514,89,4
234,207,2
828,902,4
259,200,4
174,244,4
868,1076,1
851,984,3
399,301,4
332,31,4
293,291,2
369,243,3
507,302,5
589,682,4
321,604,5
94,155,2
153,181,1
192,258,5
276,230,4
445,245,2
630,121,4
313,674,2
26,13,3
194,174,4
236,729,5
916,22,4
416,354,4
624,864,3
318,208,4
451,687,2
46,288,2
731,8,2
889,128,5
829,268,4
327,175,2
21,674,2
923,129,5
437,1206,4
798,1425,4
500,402,3
144,524,5
280,588,5
773,324,3
391,510,5
582,294,1
577,5,4
840,23,5
174,1028,4
391,209,5
773,559,2
588,286,4
425,56,5
442,685,2
204,242,5
943,132,3
338,650,5
301,576,4
660,449,3
802,879,5
240,242,5
387,4,3
450,1480,3
82,834,1
398,520,5
346,161,3
227,286,3
178,322,3
416,1011,4
142,91,5
880,1151,3
321,153,4
394,1,4
6,473,2
569,100,5
339,156,5
280,222,3
528,250,3
386,825,4
538,172,4
655,1160,3
648,619,3
298,993,4
552,118,3
94,568,3
637,1033,3
293,147,2
44,227,4
721,157,3
521,235,3
380,614,3
894,678,3
847,98,4
684,186,4
553,378,3
279,978,1
201,92,3
773,1071,2
846,47,5
650,195,4
663,284,4
370,210,3
833,445,4
456,180,4
92,313,5
630,735,2
29,269,4
533,281,4
436,595,5
425,250,4
63,924,3
901,578,3
621,118,3
868,778,2
429,223,4
724,299,1
237,190,4
682,184,4
880,230,3
23,88,3
943,450,1
374,23,3
94,420,4
197,55,3
505,742,4
152,866,5
753,23,2
314,763,5
459,926,4
330,403,5
670,175,2
690,402,3
395,739,3
181,301,2
747,231,3
279,990,1
545,431,3
880,17,3
533,180,3
666,653,4
59,23,5
115,628,5
585,1488,4
196,580,2
896,134,5
561,640,5
94,288,3
459,8,5
283,70,4
405,227,1
201,1268,4
342,297,3
7,260,1
655,289,3
330,405,5
311,181,4
823,52,3
469,923,5
454,185,2
259,294,3
144,125,4
868,738,2
378,635,2
851,176,4
727,91,4
510,258,4
881,176,4
102,1239,2
336,1051,2
13,302,5
692,25,4
727,431,4
270,242,5
736,293,4
749,729,4
292,7,3
293,502,3
836,531,4
201,216,4
184,97,2
293,272,4
201,658,3
813,892,1
623,211,3
218,516,5
399,587,3
229,886,1
838,134,3
791,328,4
800,181,4
592,815,3
932,213,3
588,206,4
479,70,4
593,280,3
441,338,4
141,871,3
803,321,4
39,300,3
463,887,5
271,482,5
207,188,3
942,604,4
922,161,3
690,210,3
543,160,3
852,118,4
615,127,5
555,50,5
13,78,1
479,294,3
411,655,4
130,1274,2
299,19,1
447,133,4
542,321,4
712,419,3
43,26,5
35,332,4
87,21,3
698,625,3
1,176,5
819,248,5
771,243,3
222,409,3
664,154,5
933,424,1
919,257,4
279,501,3
38,395,3
402,151,5
13,803,3
244,217,5
423,127,4
804,211,4
788,693,2
666,582,4
87,89,4
717,331,3
56,596,4
239,961,5
496,186,4
712,141,3
340,418,5
8,79,4
887,1473,1
569,295,3
890,85,1
763,22,4
297,271,2
595,475,5
391,288,3
85,53,3
825,120,3
198,673,3
821,64,5
160,201,5
434,1197,5
611,333,4
293,503,4
883,407,3
555,120,4
81,169,4
97,186,3
291,3,3
868,408,5
428,750,5
278,286,5
15,280,3
496,88,1
825,546,5
871,1431,4
836,663,5
758,608,5
693,289,3
504,70,3
201,1193,4
135,226,3
279,1034,4
896,48,4
214,7,5
545,50,5
839,742,3
307,739,2
782,1257,1
566,163,5
870,566,2
790,159,3
583,7,5
675,258,3
494,100,5
74,1084,3
650,393,3
541,826,3
611,302,5
587,682,3
42,265,3
23,541,4
504,9,4
308,659,3
286,934,3
417,668,2
741,357,5
261,301,4
455,269,4
764,118,3
175,419,5
405,1552,1
368,436,3
577,44,3
487,298,5
218,642,3
650,507,4
313,117,4
805,183,5
601,174,4
838,596,5
476,1188,2
267,293,4
189,694,4
343,466,4
178,174,5
804,105,3
537,1073,3
425,475,5
21,769,1
707,134,4
881,216,4
450,402,4
479,164,4
718,257,4
823,631,4
796,185,4
752,351,3
569,546,3
94,11,5
515,342,3
180,747,4
840,644,4
543,391,3
249,121,3
79,370,2
254,621,3
272,1393,2
22,2,2
848,610,5
786,197,3
662,246,5
465,64,5
450,94,4
311,43,4
458,744,4
85,488,4
455,15,2
222,248,4
682,566,3
374,1051,4
276,282,4
457,235,3
106,9,4
90,692,4
91,79,5
82,343,1
697,1,5
346,520,5
279,487,3
344,137,5
1,207,5
892,825,4
416,281,5
195,134,5
922,257,4
629,258,4
406,633,5
239,234,3
561,17,2
840,185,5
303,368,1
561,198,3
210,44,3
409,286,5
923,148,4
276,823,3
918,151,2
385,1014,2
532,1189,5
159,872,1
479,500,4
708,148,4
393,940,2
903,111,3
889,631,3
499,664,3
653,196,2
933,7,4
379,855,4
454,604,3
289,151,2
294,413,3
943,194,5
439,293,3
83,846,3
106,1115,4
250,527,4
13,625,2
367,563,4
447,257,3
474,134,4
683,312,3
271,83,4
552,258,4
773,169,5
328,318,5
228,204,3
157,1244,3
756,135,2
595,864,4
622,391,2
749,158,3
872,756,4
766,510,3
44,216,1
934,211,4
764,255,4
347,1,4
488,510,4
733,515,5
587,880,3
6,461,4
334,185,4
682,772,4
373,485,4
10,197,5
675,937,1
216,134,4
833,33,2
534,294,5
416,367,5
151,956,4
894,509,4
567,589,5
495,127,4
606,1,5
95,417,3
675,1653,5
125,66,5
84,879,4
268,180,3
421,183,5
194,549,3
573,10,4
308,550,4
148,133,5
291,156,5
871,259,3
297,175,4
789,742,3
305,845,3
435,709,4
279,173,5
301,1016,4
405,796,3
624,50,5
504,393,3
452,179,5
16,4,5
102,986,1
7,482,3
211,230,3
201,844,2
405,140,3
244,117,2
939,254,3
901,423,4
682,82,4
221,407,2
315,431,2
214,79,4
326,521,2
748,710,3
178,1283,3
5,257,5
144,300,3
342,156,4
711,715,4
330,143,5
782,682,4
92,125,4
487,4,4
807,826,3
466,33,4
361,603,5
49,433,5
837,328,4
648,411,2
726,355,3
85,291,3
383,272,3
642,250,5
796,95,4
72,5,4
882,291,4
429,385,3
851,349,3
653,1206,3
90,1195,5
1,92,3
567,318,2
847,456,1
336,926,1
334,693,3
553,1,3
184,22,3
922,15,4
279,1288,4
293,294,2
661,86,4
91,474,3
234,81,3
328,606,3
561,513,3
87,510,5
707,1401,3
58,405,2
582,831,2
393,97,4
109,209,1
76,96,5
650,316,3
327,1,4
927,204,4
894,332,3
595,324,3
860,516,3
532,1207,2
269,843,3
848,196,5
790,158,2
234,1454,3
332,1013,3
305,660,4
201,1100,4
782,1023,3
100,272,4
303,4,4
530,178,5
896,229,4
279,1011,3
110,569,4
465,496,3
303,960,4
95,968,5
296,514,5
526,690,3
400,307,3
435,115,4
630,64,5
405,1318,1
1,197,5
472,742,5
496,228,1
21,444,3
693,449,2
630,125,3
345,678,2
318,1120,3
710,327,3
551,73,2
407,930,2
943,721,5
763,88,4
774,926,1
882,135,5
457,405,5
617,767,3
164,181,5
387,463,4
671,947,3
606,993,5
416,125,5
506,684,5
455,214,3
653,111,2
220,303,4
461,575,2
437,286,2
21,874,2
769,934,4
535,197,5
447,15,1
378,956,3
684,625,3
311,232,3
161,523,3
515,288,4
458,546,3
21,993,4
328,684,5
932,481,4
709,127,5
381,673,3
897,528,3
932,1451,5
474,1124,4
267,180,5
158,8,5
771,69,5
566,170,5
642,364,5
344,14,5
92,276,5
336,50,4
267,840,4
378,96,4
512,273,5
632,432,3
919,191,5
145,412,4
483,510,3
825,870,3
105,264,2
749,101,4
222,431,4
295,216,5
881,143,5
669,191,3
497,549,4
234,216,3
356,258,5
734,15,4
790,42,5
823,273,3
591,523,4
178,131,4
747,430,4
399,454,3
406,199,5
846,213,3
13,855,4
757,79,4
886,150,4
656,245,1
841,873,4
580,289,5
393,409,4
406,132,5
674,304,3
68,237,5
250,237,2
416,49,4
16,367,3
161,174,2
37,92,4
886,204,3
760,111,4
497,3,4
861,20,4
655,1024,3
276,1081,3
37,385,4
280,265,4
764,69,5
393,143,5
194,479,3
90,708,5
456,979,3
328,294,3
385,257,3
611,272,5
389,763,1
286,790,1
943,230,1
632,485,4
66,21,1
647,298,3
450,23,5
45,282,4
908,482,3
236,934,4
198,229,3
886,636,3
654,79,5
786,9,5
641,511,5
313,176,4
141,127,2
109,168,3
392,513,5
690,705,1
450,132,5
672,284,4
367,665,5
438,282,5
584,541,3
663,845,3
436,790,3
758,96,5
276,461,4
44,434,4
665,423,4
577,1531,4
621,1036,1
214,238,4
116,268,5
42,410,3
334,124,5
854,200,5
378,10,3
385,1495,3
94,1004,3
58,214,2
775,313,4
318,312,4
275,144,4
426,484,5
385,385,1
426,136,4
102,241,3
665,597,3
758,713,3
756,1009,4
708,628,3
532,576,5
189,705,4
455,1167,4
916,252,2
689,405,5
145,939,4
603,230,4
399,404,3
110,423,4
72,528,4
197,29,3
202,258,4
246,719,4
738,1047,3
490,50,5
868,410,3
682,53,2
293,240,2
40,268,4
314,1469,4
472,97,3
484,684,5
321,357,4
459,687,3
655,359,3
499,8,5
747,639,5
862,474,5
363,557,1
308,12,5
445,1277,2
721,720,5
222,580,3
711,185,4
198,93,3
848,480,5
506,582,3
535,425,5
936,273,3
416,44,4
896,144,4
713,311,3
269,81,3
86,889,5
7,489,3
887,274,1
187,210,4
357,125,5
630,1197,3
823,8,5
271,285,4
621,1035,4
128,300,5
92,240,2
577,71,5
796,467,3
932,1116,4
682,89,4
137,237,4
131,845,4
256,739,5
488,182,3
537,202,3
371,127,4
846,378,4
13,326,3
270,70,5
82,919,3
379,203,4
653,765,1
537,762,3
314,869,4
783,881,4
323,293,4
617,646,4
206,359,1
413,236,4
678,111,4
756,96,4
276,551,3
484,422,3
44,756,3
246,41,2
436,1119,4
109,665,5
593,200,5
833,346,5
721,173,5
874,197,4
295,70,5
416,1168,4
126,884,5
824,989,2
468,297,4
13,767,1
460,294,2
158,483,5
773,191,4
293,283,2
296,255,2
398,126,4
606,150,4
397,680,1
619,827,3
343,523,5
655,904,5
456,218,4
314,1057,2
209,286,2
63,1010,3
495,204,4
943,228,3
278,313,5
271,750,4
338,603,5
230,498,5
766,739,2
366,443,5
434,1060,3
672,301,4
66,50,5
923,280,3
933,679,1
405,238,5
796,611,4
244,171,5
364,321,2
698,483,3
160,432,3
94,1226,4
653,378,3
504,196,4
263,300,3
90,904,3
31,302,4
562,477,4
166,286,1
342,11,5
592,204,5
607,887,3
209,127,5
257,1008,5
640,580,5
699,717,1
523,169,5
397,483,5
106,196,5
109,195,5
601,1028,2
897,597,5
99,125,4
334,14,3
272,98,4
394,343,3
447,300,4
167,493,4
457,258,5
268,156,3
393,588,4
715,254,1
157,235,5
162,710,4
198,1,4
224,284,3
907,815,5
406,607,4
468,952,3
16,143,5
326,88,2
125,346,1
416,70,5
363,423,3
451,681,1
671,431,2
33,307,3
655,1017,3
538,188,4
145,713,4
592,198,5
327,529,3
761,508,1
618,133,4
716,445,3
545,449,2
450,290,4
661,751,4
795,153,3
125,216,3
292,657,5
621,810,3
18,154,4
218,762,4
184,161,2
404,901,2
201,637,3
716,546,1
655,45,3
804,671,3
23,196,2
64,162,3
457,448,4
437,602,3
864,48,5
344,169,5
727,679,5
94,679,4
561,1070,4
305,11,1
788,431,2
658,137,3
840,91,5
378,220,2
314,801,3
236,655,3
378,716,3
123,134,4
128,739,4
451,333,5
417,73,3
772,331,5
423,751,3
589,258,2
405,769,1
666,506,5
151,10,5
280,225,4
861,294,3
104,3,3
233,193,4
56,121,5
213,284,5
472,41,4
468,192,4
669,96,2
234,1172,3
38,139,2
693,281,3
368,53,2
293,238,4
710,271,3
415,684,3
225,1443,4
851,157,4
194,517,3
758,353,4
457,739,4
933,273,3
276,401,3
442,286,2
487,652,5
924,276,2
716,732,5
113,979,5
683,289,4
328,748,3
401,519,4
733,16,3
499,1483,1
707,174,2
927,118,5
239,1245,5
270,559,5
806,3,2
308,213,4
522,521,5
13,778,3
109,233,4
716,502,3
73,268,3
189,1005,4
77,89,5
566,385,3
901,560,3
655,872,3
514,154,4
94,951,3
859,288,4
500,729,4
493,176,5
339,154,4
450,502,5
13,498,4
506,539,4
7,579,4
279,31,3
896,4,3
52,1009,5
823,710,4
682,470,5
399,1179,2
535,50,5
83,1016,4
920,313,5
393,890,1
256,280,5
405,373,2
617,1073,3
334,607,3
727,424,1
88,690,4
222,419,2
216,313,5
537,457,1
640,189,5
783,264,4
395,342,4
254,210,5
216,181,3
502,754,2
399,268,3
42,660,3
11,660,3
936,249,5
455,176,3
59,177,4
303,2,3
642,597,4
44,229,3
344,70,3
345,286,3
471,418,3
236,117,3
262,68,2
308,640,4
401,486,4
109,392,3
187,197,4
59,503,4
289,254,1
178,273,3
808,264,5
194,550,3
543,1014,4
82,1028,2
324,50,5
326,38,3
442,31,3
467,1017,2
130,769,3
195,325,2
296,50,5
655,672,2
724,352,1
642,357,2
321,523,3
927,456,2
1,37,2
185,286,4
270,475,5
286,1133,4
661,237,4
18,462,3
81,456,1
96,190,4
758,676,2
608,693,3
62,82,4
941,358,2
454,99,3
454,385,3
74,100,4
543,16,3
506,46,3
406,499,5
798,280,2
916,101,3
280,692,3
784,327,4
330,559,3
682,234,3
495,660,3
842,328,2
76,12,3
87,62,5
862,185,5
914,1259,1
345,1008,3
96,182,4
758,430,5
867,956,4
280,780,4
436,507,4
521,173,4
366,185,5
805,597,3
59,756,2
346,110,2
234,470,2
885,179,1
405,537,1
432,222,4
619,231,4
94,219,4
10,489,4
328,739,3
168,597,3
215,54,4
391,291,3
312,496,5
330,419,5
194,820,1
783,258,4
321,730,3
523,1,5
934,451,4
98,435,5
676,144,4
233,133,5
593,471,3
347,158,3
896,202,2
883,82,3
820,264,3
221,931,3
291,383,2
13,24,1
125,73,5
334,658,3
314,367,4
94,1011,4
420,137,4
345,1096,3
195,213,4
249,431,5
375,773,3
291,1220,5
188,419,5
234,381,3
727,1049,1
283,866,3
82,523,5
807,1078,4
708,289,4
187,216,5
621,578,5
198,763,3
697,369,5
642,68,3
537,661,4
353,301,3
18,513,4
181,1151,1
198,382,4
59,136,3
158,252,3
200,112,3
175,186,4
360,269,4
156,180,5
848,973,5
943,419,2
276,73,3
939,689,5
454,740,2
627,550,1
49,219,1
7,593,5
650,1031,3
938,678,3
354,86,5
627,179,5
717,245,4
894,121,3
650,168,4
72,7,1
916,1597,3
278,882,3
938,122,1
833,96,5
44,357,4
704,661,4
268,294,3
873,879,2
405,374,1
145,1057,1
425,689,2
334,237,4
354,716,3
305,793,5
293,527,4
632,693,2
796,546,4
246,1232,1
141,120,4
378,921,4
912,523,4
642,366,4
207,216,5
495,208,5
471,82,5
655,464,3
234,504,4
586,50,4
259,154,5
543,518,3
387,641,5
618,433,2
757,231,2
257,221,3
792,762,4
482,288,3
577,447,3
788,193,4
185,50,4
541,88,3
198,511,4
429,944,3
291,325,4
95,573,1
293,215,4
52,498,5
870,111,3
291,420,4
881,566,4
239,47,2
326,228,4
90,684,3
889,650,2
354,1101,3
425,1434,4
671,628,3
640,150,4
708,147,4
556,324,4
44,106,2
199,258,4
587,270,4
643,410,4
308,54,2
343,382,3
782,271,2
840,429,3
276,318,5
228,655,4
347,50,5
130,1019,4
109,161,3
37,222,3
160,185,5
926,288,3
641,657,4
123,100,4
892,526,4
301,582,2
661,169,5
206,362,1
181,285,2
405,510,1
94,750,4
322,157,5
833,50,2
436,503,4
180,737,3
346,151,4
585,283,4
70,71,3
759,24,3
14,173,4
762,302,5
339,176,4
798,62,4
181,10,2
542,648,4
409,326,3
592,168,5
827,245,3
201,515,5
543,14,4
561,802,1
270,741,5
763,625,4
239,511,5
804,1489,3
425,748,3
477,709,5
561,589,3
843,1118,2
932,811,4
600,761,4
417,1247,3
393,812,3
47,302,5
492,205,4
886,1231,3
577,54,4
896,282,2
87,40,3
531,289,3
924,64,4
188,216,5
290,239,2
847,410,1
13,377,1
457,25,4
621,1228,3
425,184,4
660,196,4
279,208,5
110,204,3
244,553,5
383,86,5
223,619,2
610,582,4
460,273,4
117,210,4
887,1136,5
226,270,4
758,569,3
119,1170,3
395,98,5
59,498,5
478,276,5
622,978,2
176,343,2
835,988,3
32,276,4
379,403,4
519,878,5
59,764,4
919,919,2
425,68,4
433,59,5
207,1102,3
660,423,3
22,997,1
508,506,5
117,678,4
70,554,3
453,223,4
43,272,5
95,449,3
374,278,2
484,510,4
530,176,3
181,1337,1
298,482,5
178,83,4
568,213,4
913,216,4
586,67,5
904,1152,4
535,423,5
786,318,5
136,14,5
606,197,3
763,176,4
211,520,4
331,180,5
268,721,3
900,325,1
919,1048,3
593,385,4
393,399,4
436,66,5
193,412,3
312,1192,3
244,528,3
291,568,4
938,1,4
708,993,4
370,480,4
230,266,4
450,28,4
22,840,4
435,578,5
70,678,3
587,687,1
650,673,3
303,480,4
49,238,4
903,211,5
932,205,5
656,272,3
748,182,4
393,403,3
288,134,2
254,386,2
592,688,1
239,181,3
813,893,3
751,323,1
409,603,5
33,288,4
593,966,5
527,1149,4
327,474,3
551,658,5
9,691,5
758,441,3
844,71,3
568,100,4
645,214,4
774,423,1
194,1041,2
181,307,1
121,1194,4
334,70,3
663,591,3
163,272,4
592,881,1
290,202,4
248,283,1
269,154,3
222,685,4
7,670,5
864,550,4
696,305,4
567,919,4
896,887,2
457,378,4
299,433,5
316,482,3
41,423,2
152,549,4
762,286,4
300,100,3
178,178,4
174,722,4
738,69,5
442,576,2
85,521,3
135,185,4
56,215,5
94,1091,3
782,678,3
766,194,3
533,284,1
788,7,4
409,59,5
425,172,5
95,692,4
36,307,4
877,170,5
92,2,3
823,234,4
514,715,4
298,168,5
815,217,3
37,68,5
537,460,2
279,546,3
911,530,4
450,98,4
711,66,4
851,1009,2
6,467,4
747,32,5
43,931,1
403,222,5
665,1047,1
472,366,4
537,213,4
435,584,3
373,239,3
470,246,2
303,725,1
503,44,5
11,222,3
360,328,3
313,151,1
114,204,3
870,244,3
612,9,3
177,1039,3
288,223,3
748,496,4
119,213,5
7,506,5
198,979,5
405,1146,2
314,1221,3
147,339,5
437,166,4
475,306,5
220,332,3
882,588,4
539,170,5
234,403,1
453,693,5
640,202,5
151,662,4
788,492,3
640,318,5
109,281,2
379,47,5
546,567,4
397,289,3
303,195,4
406,179,5
447,678,3
313,486,3
379,621,4
727,1437,2
778,582,1
59,647,5
504,219,3
667,315,4
15,248,1
655,48,4
38,404,5
44,385,3
279,1361,3
314,585,2
378,77,4
684,1301,3
693,318,4
330,501,5
59,1109,3
145,892,2
694,484,4
814,7,4
277,147,4
714,410,3
773,1529,5
781,187,5
640,827,3
787,690,5
45,288,3
748,237,4
532,100,5
248,96,4
380,181,3
764,1028,4
474,633,4
748,515,4
817,924,3
871,22,5
934,550,4
916,71,3
881,430,4
290,1079,2
606,56,5
690,357,5
307,200,3
912,14,5
671,56,1
560,1008,3
766,202,3
387,732,1
234,427,4
693,118,2
807,420,3
716,82,5
451,990,3
16,71,5
393,240,2
693,28,2
711,923,5
580,323,2
83,78,2
500,781,3
474,203,5
535,269,4
328,726,4
279,558,4
291,552,3
234,175,2
82,603,5
328,778,3
233,378,4
888,274,4
911,208,4
912,611,3
476,399,3
259,180,5
912,132,5
500,215,1
851,121,4
848,1021,5
49,239,2
234,443,3
385,204,1
336,1496,1
281,300,4
234,951,1
478,1221,2
409,339,2
579,328,3
665,121,2
581,475,4
484,183,4
834,13,2
303,191,5
588,1469,3
409,327,2
13,342,4
524,192,4
503,1316,1
52,657,5
385,337,4
56,42,4
295,386,4
521,79,4
178,286,3
244,318,5
495,1207,5
541,1035,3
457,632,5
497,108,3
49,231,3
15,685,4
401,471,4
407,616,3
26,240,3
320,148,4
741,173,2
927,11,5
903,254,2
399,496,3
267,175,5
224,727,4
665,134,4
910,24,3
452,88,2
281,938,2
84,405,3
22,451,4
559,87,4
22,163,1
199,117,3
405,415,2
893,69,5
733,1009,2
407,684,3
618,22,4
7,558,4
839,7,2
151,1299,4
109,25,4
144,176,4
280,197,2
291,790,4
561,656,4
645,135,5
882,393,4
361,762,2
655,1061,2
290,91,2
397,182,5
261,288,4
715,412,2
393,575,2
303,483,5
436,226,4
892,99,3
233,143,4
189,121,2
868,188,3
641,258,3
92,597,2
130,335,3
200,820,3
345,724,5
413,269,4
345,655,4
537,28,3
399,735,3
296,124,5
116,180,5
334,558,4
311,76,4
831,96,5
296,696,4
430,117,3
807,50,5
864,1208,2
435,926,3
580,121,4
308,579,3
181,1017,1
592,7,5
816,1025,4
294,235,3
64,234,4
207,273,4
194,58,4
659,476,3
500,60,5
311,418,4
169,199,4
405,32,1
815,65,5
766,584,3
361,794,3
551,833,3
764,1046,4
334,663,5
297,1109,3
639,990,1
364,261,2
918,135,1
242,361,5
178,164,3
818,346,4
638,174,5
218,209,5
576,255,3
299,255,2
70,451,4
16,135,4
478,216,5
682,1231,2
509,307,2
469,510,4
513,250,3
417,1040,2
864,658,2
878,317,4
712,294,4
240,898,5
436,204,5
473,1007,4
716,4,2
59,739,4
519,336,5
128,86,5
782,688,2
295,961,5
313,161,4
518,685,5
93,283,4
738,88,3
90,657,5
270,563,3
537,7,4
466,899,5
458,750,5
637,323,1
409,608,4
766,357,4
298,294,3
709,173,4
787,691,4
650,588,3
68,258,5
330,465,5
320,771,3
565,652,5
119,718,5
36,319,2
1,45,5
436,581,4
181,147,1
476,208,5
435,432,3
167,240,1
160,693,5
405,388,4
6,7,2
326,227,3
125,513,4
407,561,4
83,371,3
794,475,5
883,355,5
916,52,5
890,286,5
201,679,3
181,6,1
894,689,3
862,184,2
314,794,4
378,157,3
792,24,3
625,200,3
486,148,2
545,222,4
537,528,3
932,199,5
517,369,5
80,887,4
532,771,3
560,756,2
342,257,2
614,287,3
220,300,5
409,504,2
786,1044,4
391,427,5
280,95,5
301,746,3
221,27,4
894,26,4
794,1251,4
92,289,3
202,283,3
919,312,2
505,651,3
658,919,2
562,148,5
246,202,3
537,30,3
345,216,5
481,190,5
116,252,2
90,155,5
393,560,3
475,258,1
895,13,5
64,434,4
301,288,4
358,1005,4
293,513,5
416,25,4
864,993,4
846,377,2
374,31,5
26,271,3
458,288,3
710,510,4
207,258,4
13,829,3
145,22,5
646,346,2
542,97,4
665,833,3
119,282,5
7,318,5
149,321,2
627,510,4
7,678,3
405,698,1
476,209,4
459,108,1
943,1228,3
881,1,4
833,379,2
796,182,4
429,507,5
346,234,2
279,1087,2
96,187,5
395,174,5
516,515,4
164,248,4
878,702,1
280,731,3
44,161,4
887,418,4
286,1503,3
655,371,3
862,50,5
710,181,3
796,5,4
378,176,4
883,519,5
454,520,4
234,927,4
693,735,4
11,109,3
301,68,4
389,160,4
99,201,3
763,357,4
758,123,1
101,926,3
592,681,1
296,285,5
892,321,5
894,628,3
85,1021,3
429,180,5
846,448,5
850,485,5
322,513,4
284,268,5
695,300,1
145,1001,4
528,82,4
373,156,2
487,732,5
546,100,3
639,100,1
22,233,3
14,25,2
711,710,4
480,185,2
109,597,2
21,323,2
561,1009,4
201,1070,5
287,92,4
913,204,4
119,710,4
642,975,2
92,43,3
420,513,5
564,344,4
181,873,1
72,180,4
790,25,2
864,124,5
243,1148,3
880,418,4
405,949,5
592,272,5
717,890,1
552,322,3
214,705,4
500,82,4
215,202,4
18,197,4
854,591,2
26,316,3
655,156,2
936,508,3
468,132,5
614,122,3
500,39,4
790,168,4
244,208,5
696,178,4
805,117,3
128,1136,3
655,1137,3
487,921,5
234,358,1
804,826,3
97,663,5
579,514,3
38,450,1
524,471,4
923,288,5
450,471,4
854,19,3
437,512,4
901,22,5
480,347,3
618,69,4
896,371,2
924,482,4
430,234,4
239,210,4
286,477,3
336,1037,1
655,307,3
276,652,4
249,124,5
649,1283,2
645,506,5
796,378,4
864,546,4
43,63,3
92,707,4
299,298,4
868,61,5
501,829,3
130,475,3
404,342,3
393,779,3
734,465,4
411,603,5
663,1327,4
774,254,1
642,942,4
94,939,4
514,1047,3
145,7,5
823,473,3
36,1026,5
416,416,4
145,770,1
652,294,2
194,265,4
244,183,4
828,547,2
609,352,1
343,471,4
912,15,4
168,288,1
60,178,5
707,719,3
610,176,4
715,181,4
297,235,2
608,23,5
455,939,4
84,70,5
128,99,4
389,728,3
354,650,3
933,834,1
334,115,5
344,315,5
405,1394,1
132,124,4
813,898,1
334,1008,4
71,462,5
757,895,4
868,685,1
244,629,4
407,427,4
316,199,3
185,116,4
788,289,4
473,268,5
5,109,5
307,161,3
125,85,3
322,194,5
279,586,4
201,705,3
214,24,3
128,433,4
805,742,3
500,469,4
625,204,3
406,514,1
374,182,5
8,241,4
158,431,5
562,418,5
878,98,4
753,98,5
901,161,5
758,1046,4
671,210,5
59,96,5
291,379,3
391,9,5
14,285,5
348,831,4
254,163,2
322,50,5
537,924,3
201,210,2
488,748,4
331,1296,5
244,1209,3
146,327,3
464,879,4
476,710,5
198,707,2
72,68,3
195,100,5
181,1320,1
664,735,4
664,286,4
747,1142,4
772,304,4
65,56,3
11,749,5
409,632,3
627,802,2
373,208,4
95,1219,1
184,231,3
795,576,2
151,748,2
793,406,2
768,313,5
279,408,5
565,165,4
334,23,4
268,194,4
792,1015,5
586,1218,5
693,939,4
130,385,5
643,82,3
618,77,3
70,313,4
934,403,4
576,825,4
524,12,3
796,549,3
505,154,1
712,1119,4
160,719,3
94,204,4
13,858,1
175,50,5
72,530,4
592,975,4
188,470,5
899,228,3
526,121,2
504,258,5
402,510,5
452,479,5
711,662,3
782,1511,2
781,69,3
354,186,4
887,409,4
819,182,4
279,1497,2
276,293,4
934,181,4
42,720,4
881,13,4
939,274,5
537,713,3
5,373,3
843,1039,3
532,79,5
406,22,3
911,627,3
763,432,5
342,574,1
653,1478,2
646,1313,3
354,109,3
308,473,3
416,1478,2
69,294,2
650,551,3
385,231,2
880,195,4
222,64,5
16,692,4
382,514,3
474,696,3
223,274,4
763,469,4
249,11,5
484,566,4
533,169,4
637,740,2
923,340,5
537,150,3
661,318,5
286,183,4
314,25,3
438,300,4
286,158,3
79,124,5
363,24,3
495,216,4
440,462,5
903,318,5
577,468,3
234,660,4
71,276,4
186,717,3
911,584,3
294,472,3
932,649,4
884,1073,4
506,50,5
7,656,3
11,168,3
551,755,4
804,181,5
451,286,1
211,69,3
236,98,5
486,1202,4
224,321,2
291,54,4
689,273,3
229,300,2
694,1028,3
796,514,3
78,880,5
48,228,3
905,871,2
657,873,3
916,117,2
788,294,3
933,1228,1
934,239,4
666,1154,3
474,1134,3
692,127,3
927,278,1
197,1420,1
120,744,4
318,161,3
608,136,3
630,15,3
812,1393,3
181,820,1
401,235,1
426,134,4
776,193,3
44,252,2
529,326,4
218,269,4
115,218,3
618,117,5
466,95,2
930,269,4
128,815,3
543,684,4
160,544,4
312,967,3
236,632,3
882,265,5
849,38,5
433,12,5
514,170,3
493,183,5
405,552,1
426,614,4
222,28,5
647,71,4
262,52,3
262,568,3
135,653,4
43,408,5
280,182,3
181,886,1
411,770,4
338,168,3
702,230,4
763,96,2
302,328,3
452,8,4
805,724,2
798,951,3
694,97,5
757,188,3
259,181,4
509,258,4
653,118,3
270,283,5
295,1115,5
437,1599,5
671,583,3
862,186,3
524,284,3
299,753,5
805,127,3
868,662,2
155,323,2
406,483,4
187,64,5
344,89,5
428,538,4
564,292,4
145,100,5
406,640,3
70,94,3
450,80,3
795,928,1
230,742,5
721,582,3
200,107,3
466,292,4
882,616,4
239,124,5
504,416,4
934,1425,1
458,1109,4
399,47,3
721,237,3
543,44,3
846,559,5
405,627,1
521,271,3
790,202,3
744,603,5
308,139,3
60,501,3
698,127,4
906,991,3
830,501,3
178,480,3
194,172,3
308,254,2
495,671,2
59,484,4
252,9,5
22,167,3
916,417,2
355,336,4
182,293,3
840,566,5
500,328,3
561,811,3
347,204,4
416,124,4
881,125,5
592,875,4
146,315,5
899,463,4
785,318,4
868,155,2
450,95,3
62,70,3
336,1041,2
305,405,3
734,821,2
539,285,4
919,582,5
7,547,3
363,685,4
42,443,3
676,132,5
479,398,1
368,396,2
763,234,3
321,1194,5
70,993,3
181,120,1
89,49,4
450,144,5
414,288,5
809,307,5
21,218,4
682,54,4
752,348,4
894,990,3
44,7,5
407,216,4
286,250,4
432,93,2
915,258,2
530,470,3
318,162,5
210,205,4
562,135,5
666,514,4
772,323,4
848,689,1
378,1267,3
294,1245,3
201,589,3
497,394,3
308,129,5
503,50,5
268,59,5
291,939,4
391,203,4
441,1,5
450,794,5
450,258,4
504,66,4
48,183,5
517,111,3
643,185,5
657,301,3
445,546,2
627,808,2
919,1277,4
222,411,3
863,326,5
436,313,5
246,1220,3
927,168,4
171,306,3
758,488,3
894,1016,3
222,357,4
334,111,3
348,7,4
893,161,5
174,988,1
372,696,4
904,778,3
484,588,5
39,937,5
575,181,2
392,276,4
299,962,4
347,294,1
758,211,4
399,546,2
751,490,4
518,147,4
935,405,4
892,68,4
64,431,4
290,402,4
713,1656,2
232,921,4
249,1,4
532,312,2
718,841,4
269,645,4
886,65,3
606,222,3
169,603,5
650,435,4
851,132,4
268,831,3
356,315,4
398,63,2
159,678,5
661,31,3
888,762,5
634,333,4
326,230,3
7,619,3
200,841,3
806,675,3
293,642,3
472,168,5
381,1018,4
618,485,3
215,151,5
224,125,3
817,245,2
506,443,4
712,1043,3
551,13,1
426,519,4
634,284,4
542,496,4
672,124,3
453,100,5
239,509,5
374,240,1
805,452,3
10,711,4
758,151,5
82,21,1
653,117,4
383,89,3
734,274,4
130,150,5
270,1014,4
896,679,3
18,242,5
664,45,4
371,452,2
399,575,1
861,529,5
896,23,2
629,322,3
13,906,3
517,269,3
7,179,5
2,296,3
943,508,5
297,56,5
101,1028,3
128,736,5
51,173,5
668,13,4
363,180,3
459,301,2
553,487,5
735,276,4
236,187,3
279,853,1
486,324,4
13,391,3
821,707,5
342,125,2
425,144,4
63,322,2
405,189,1
854,318,5
11,274,3
227,249,2
854,121,1
592,221,5
303,72,3
445,752,1
244,1039,4
863,332,4
592,48,5
16,642,5
141,1013,1
264,525,5
102,153,2
629,137,5
553,559,3
162,508,5
128,79,4
863,327,5
743,326,3
347,943,4
795,105,1
474,23,4
178,259,1
105,324,4
586,195,4
766,205,5
577,186,4
890,208,5
618,173,3
602,304,4
723,748,5
828,270,5
544,877,2
123,192,5
846,219,4
168,7,1
504,548,2
890,449,1
532,218,5
880,845,3
479,177,4
184,715,4
435,17,2
193,147,2
926,272,5
916,1206,2
933,70,2
411,435,3
527,209,4
648,4,1
580,3,5
784,1038,3
521,967,3
185,287,5
15,409,3
435,101,3
421,509,2
604,184,3
802,331,4
551,198,5
899,640,1
650,286,3
203,1049,2
162,1012,4
389,657,5
715,56,5
145,407,2
339,435,4
648,810,4
576,259,2
840,202,5
425,684,2
325,865,3
555,118,4
318,196,3
497,364,3
530,692,4
601,949,2
394,720,2
694,482,5
117,358,4
553,492,3
267,216,4
146,345,4
529,286,4
406,93,4
97,191,5
417,725,4
450,1263,4
665,12,4
151,171,5
252,740,3
843,229,3
454,607,2
488,96,3
416,803,3
798,930,5
114,168,3
361,1041,2
385,693,4
177,124,3
833,53,1
1,105,2
189,423,5
118,427,5
786,696,3
23,174,4
387,56,5
648,679,3
113,329,3
708,751,4
690,211,3
711,401,3
458,704,2
409,604,4
326,969,4
194,648,4
188,127,4
664,69,3
240,272,5
293,931,1
363,933,2
545,89,3
177,433,4
661,1045,3
234,431,3
328,65,4
401,515,4
279,195,4
181,412,2
774,367,2
921,15,4
256,1424,3
693,566,2
399,382,3
758,425,5
589,286,3
592,326,4
193,234,3
12,202,4
102,385,3
866,315,4
452,419,4
523,384,3
479,680,3
125,748,3
243,77,3
256,92,1
380,770,3
373,195,4
11,710,2
447,50,5
94,12,4
943,928,5
548,1089,2
181,1395,1
221,227,3
18,515,5
297,90,4
158,250,4
276,154,4
497,651,4
17,151,4
399,1279,3
436,895,4
796,797,3
346,802,4
766,604,4
222,193,4
194,625,3
188,98,5
899,546,2
327,340,4
244,164,3
495,188,4
139,303,5
640,751,4
341,872,4
450,79,4
879,763,5
442,228,5
58,1006,2
882,969,5
802,436,4
5,70,4
200,496,5
645,641,5
130,564,4
279,1059,4
655,536,3
931,909,5
138,15,4
487,24,4
480,175,3
537,53,2
561,371,1
286,1047,1
790,1016,2
682,559,4
87,598,2
804,231,4
916,250,4
115,1073,5
327,321,3
405,1206,1
580,1014,3
416,624,3
345,702,4
181,273,1
846,470,5
149,312,1
5,434,5
416,17,2
13,798,2
543,318,3
755,286,5
7,653,4
782,1014,2
52,257,3
758,471,3
629,64,5
130,254,2
120,245,3
528,751,4
892,102,3
214,181,3
766,972,3
892,12,5
472,546,4
530,156,4
268,385,3
532,926,3
264,856,3
186,330,4
745,923,3
339,133,4
378,121,4
406,218,3
759,275,4
270,268,5
804,205,4
577,1336,1
447,5,3
291,240,4
344,69,2
21,447,5
335,342,2
297,300,3
271,121,2
454,76,1
106,699,4
343,792,5
314,155,5
741,83,4
456,580,4
87,180,4
90,651,5
89,268,5
16,480,5
305,272,3
276,357,5
221,156,5
437,87,3
499,183,4
387,583,4
533,126,4
72,203,3
917,328,2
639,638,4
14,430,5
234,378,4
538,712,3
533,257,4
778,616,4
303,28,3
804,292,2
199,14,4
336,239,3
758,31,3
486,935,4
233,478,5
791,288,3
480,485,4
611,886,4
939,742,5
138,602,4
44,1,4
605,275,4
881,601,5
664,1098,3
782,1013,3
605,301,3
751,99,4
279,66,2
823,1046,3
146,1022,5
256,1471,3
749,237,3
748,181,4
22,127,5
261,322,4
707,443,3
328,260,2
721,735,4
386,117,5
201,468,4
567,188,5
654,278,3
303,586,2
519,340,5
497,1407,3
869,1382,3
87,410,4
454,588,3
213,8,3
747,419,5
374,64,5
489,243,4
823,433,4
846,184,5
266,9,4
125,479,4
70,511,5
345,744,4
26,250,3
91,614,4
246,1139,2
297,234,3
239,186,1
405,416,2
361,59,4
923,742,4
407,395,1
89,14,4
751,3,3
222,99,3
338,494,3
385,18,5
479,584,3
267,780,4
435,760,1
207,1115,2
447,470,4
645,98,4
490,150,5
851,1089,3
342,204,4
8,50,5
102,99,2
766,588,3
407,70,4
595,50,5
453,790,4
932,523,4
400,895,4
254,423,5
455,313,4
92,295,2
15,225,3
592,683,1
313,498,5
925,325,4
290,271,3
157,286,5
23,99,4
291,22,5
28,5,3
297,629,3
99,1067,4
851,342,2
283,1079,4
437,746,4
275,191,4
210,176,4
665,143,4
56,1091,2
113,976,5
897,232,5
273,311,4
881,790,3
901,237,3
158,118,5
499,98,4
595,237,3
660,315,4
167,521,5
456,150,4
640,91,4
648,675,2
83,452,3
448,884,4
872,977,3
360,582,4
655,125,2
1,178,5
830,22,5
698,133,2
774,122,1
267,169,5
476,692,3
99,117,5
49,283,3
881,63,4
12,157,5
312,684,5
587,539,3
236,661,3
472,228,5
312,100,4
116,914,2
345,1082,2
70,597,3
499,271,3
666,662,3
761,293,4
294,268,4
311,70,4
303,174,5
9,479,4
843,432,2
178,597,4
916,49,3
28,609,3
264,558,5
660,94,2
344,255,4
763,70,5
442,186,4
11,724,3
916,3,3
621,96,5
12,97,5
286,88,4
226,180,4
145,51,3
627,180,5
749,117,4
890,181,4
468,91,5
125,283,5
297,135,4
732,243,5
634,248,4
449,105,1
804,288,1
811,292,3
447,952,4
305,655,4
198,81,5
343,258,5
10,706,4
161,98,4
450,951,4
806,186,4
121,514,3
449,1073,5
865,929,2
92,62,3
298,99,3
580,181,5
194,318,5
393,1539,2
339,546,4
498,136,3
183,210,3
846,95,3
806,357,3
286,16,3
192,276,2
859,368,3
807,477,4
405,1479,1
251,24,3
457,200,5
89,321,4
159,471,4
378,942,3
886,801,3
733,742,3
314,72,2
916,195,3
317,748,5
655,1514,2
374,156,2
655,363,3
158,173,5
333,483,4
389,300,3
222,96,5
70,214,3
303,82,4
533,174,4
294,100,4
422,288,3
339,1244,4
932,56,4
94,993,4
299,509,4
59,13,5
659,134,4
727,89,5
130,54,5
694,50,5
650,155,2
733,534,3
454,56,3
374,779,3
426,482,5
648,505,4
459,120,2
38,392,5
899,732,3
903,357,5
676,520,4
593,1119,5
575,357,5
710,302,4
416,542,1
592,750,5
99,591,4
334,61,3
312,208,5
747,649,3
259,97,4
426,200,2
43,120,4
393,36,3
181,275,3
515,289,1
704,514,4
551,583,3
467,302,4
99,978,3
940,708,3
244,290,3
646,272,4
897,290,4
214,169,4
200,1049,3
144,173,5
178,655,4
354,735,3
593,276,1
889,257,4
740,328,3
378,28,4
618,1066,3
637,1258,1
804,435,3
878,496,5
894,512,5
385,384,1
474,191,5
919,678,2
279,710,4
451,991,2
768,476,4
629,425,3
709,447,2
502,539,3
434,819,3
174,823,4
916,1194,4
268,206,3
437,660,4
387,20,4
669,192,5
23,219,1
655,1173,2
90,133,5
338,132,2
23,96,4
663,864,3
920,288,3
378,949,3
915,288,2
482,258,2
669,329,1
93,820,3
551,284,4
270,566,5
878,463,2
347,300,5
763,157,4
222,742,5
880,393,3
727,1218,4
762,934,1
436,90,3
327,273,2
145,732,4
566,50,2
372,559,4
16,228,5
474,176,5
542,396,4
764,174,5
698,175,3
407,172,4
770,129,5
667,69,3
653,393,2
354,47,4
923,685,4
641,124,4
303,1109,4
141,1040,3
201,438,1
796,826,2
250,288,4
302,270,2
250,270,4
407,993,4
315,93,5
566,11,3
488,500,4
468,191,4
405,417,2
595,325,3
154,200,5
454,260,1
172,425,1
683,340,4
446,326,2
290,419,4
503,58,4
881,728,3
556,479,5
113,268,4
761,688,2
699,322,3
859,1061,4
524,519,4
95,210,5
776,192,5
640,354,4
846,610,4
599,471,4
97,208,5
782,243,3
843,97,3
128,422,4
537,198,2
796,1037,2
436,928,4
607,487,4
664,522,3
393,819,3
180,732,3
216,98,5
936,1241,4
173,678,3
345,161,3
883,739,2
919,261,3
303,1021,4
268,477,3
13,476,2
103,250,4
770,240,2
365,222,4
419,100,5
132,251,4
635,1025,2
536,52,3
709,1,4
94,746,4
660,68,4
919,112,3
246,138,1
551,274,2
712,243,4
92,153,4
492,69,3
497,173,5
503,1,5
746,135,1
303,840,2
76,276,5
269,636,3
180,12,2
405,1058,1
405,501,3
20,210,4
379,98,5
593,255,5
795,756,3
301,28,4
477,451,5
217,121,1
579,655,3
892,300,4
201,505,3
216,498,3
409,171,4
89,517,5
610,318,5
96,435,3
59,959,4
270,1073,5
514,180,3
639,275,4
481,393,3
773,428,4
405,1108,1
249,175,4
270,281,5
429,321,3
44,298,2
887,1120,5
532,453,4
624,257,3
588,227,3
450,366,3
896,765,4
276,239,4
659,496,5
276,396,4
26,321,3
164,329,4
627,121,3
286,72,4
666,504,4
721,302,3
367,760,4
907,118,4
152,294,4
405,708,1
916,157,4
830,588,5
518,121,5
21,292,3
902,318,5
269,216,1
314,806,4
682,87,5
779,15,4
130,625,5
807,1,4
109,12,4
201,68,2
675,347,4
557,298,5
784,340,3
497,63,3
393,144,3
665,931,3
428,894,4
919,168,1
642,102,5
312,98,4
472,1248,4
312,495,4
724,344,1
757,143,3
932,203,4
142,42,4
378,735,4
430,515,4
158,449,2
870,1221,3
927,96,5
500,301,2
189,127,4
798,1034,2
503,275,5
458,473,4
429,179,3
905,879,3
454,606,2
677,748,4
10,170,4
437,238,5
224,744,1
521,163,3
588,432,4
221,318,5
744,127,5
721,357,5
520,25,4
907,596,4
829,313,4
194,623,1
312,520,5
234,137,3
916,230,3
562,234,5
198,148,3
58,198,3
561,1069,4
559,902,4
568,187,3
13,310,4
214,208,5
436,234,3
409,496,5
18,423,5
271,258,3
664,588,3
60,613,4
650,451,2
605,462,5
476,734,4
846,66,4
747,320,5
429,82,4
7,399,4
693,1232,2
716,58,5
675,269,5
552,7,3
863,347,2
773,1187,3
43,252,4
504,504,4
321,212,3
899,483,4
301,142,3
447,559,3
457,86,3
533,53,1
8,688,1
200,429,5
293,943,2
682,362,2
695,328,3
101,405,4
520,242,5
804,172,4
884,100,5
664,466,4
276,180,5
712,143,5
782,1658,2
779,117,4
339,343,3
293,1011,3
606,118,4
879,304,4
447,276,4
460,289,4
751,631,5
290,54,3
642,166,5
506,755,4
798,961,1
610,313,4
239,421,5
682,623,3
593,405,3
352,173,1
844,56,4
18,529,5
367,564,2
932,636,3
385,183,3
308,367,4
456,1020,4
886,1019,4
77,134,4
76,1006,3
13,289,2
472,443,4
276,1239,1
92,234,4
922,11,5
117,298,5
303,759,1
591,954,3
365,1048,3
788,528,5
847,1012,1
904,173,3
911,506,3
493,115,4
624,952,3
601,411,2
452,265,3
790,274,3
538,963,4
493,182,5
405,999,1
892,131,4
311,485,1
103,127,4
90,202,3
886,234,3
426,848,4
304,275,4
759,748,4
887,1063,1
934,605,4
275,746,4
176,270,4
308,393,4
764,216,4
535,496,5
325,507,3
848,654,5
727,993,4
503,1475,5
500,919,3
303,844,3
717,327,3
207,111,3
308,195,5
297,233,2
508,132,5
542,70,4
379,219,3
655,183,4
7,341,3
246,29,1
482,346,3
874,286,4
522,134,5
567,487,4
694,526,5
883,1121,3
570,245,1
377,200,5
120,827,2
128,506,4
918,211,2
73,272,4
903,210,4
222,591,4
642,402,4
450,465,4
437,1404,2
254,15,3
588,144,3
269,809,1
883,279,3
654,246,1
810,881,4
524,483,4
518,13,4
478,161,3
867,176,3
561,50,3
643,1,5
865,240,2
11,237,4
407,244,3
599,280,5
607,474,4
523,634,5
338,498,4
194,50,3
551,317,5
399,1220,2
577,99,3
798,996,3
416,339,5
508,144,3
174,623,3
934,708,3
654,268,1
833,262,2
305,64,5
833,506,2
339,632,4
758,433,5
693,357,5
837,285,4
504,186,3
758,685,5
457,825,5
721,228,5
297,465,3
382,14,3
758,629,4
18,958,5
458,387,4
788,159,3
716,282,3
430,101,2
193,1,4
249,476,3
659,153,4
314,409,4
3,294,2
297,197,3
546,349,4
478,708,3
468,742,3
551,203,5
804,215,5
596,313,5
870,180,3
75,952,5
210,684,3
437,168,3
460,301,3
618,781,3
394,202,5
90,1205,3
506,90,2
711,568,3
72,45,5
479,535,3
145,1216,2
399,214,4
201,234,5
566,203,4
119,472,4
922,1110,4
102,327,2
324,748,5
830,203,4
284,270,3
880,56,5
301,240,4
125,95,5
534,742,5
643,447,4
77,25,2
379,654,5
854,150,3
49,57,4
896,1,4
102,879,3
455,692,3
727,379,2
869,756,1
534,926,4
315,17,1
363,333,1
807,435,3
727,831,3
804,1140,3
128,28,5
887,200,1
561,489,4
537,387,4
416,393,4
453,282,4
327,2,2
538,735,3
497,1092,3
623,483,5
683,472,3
922,371,3
796,1039,4
789,150,5
752,307,5
328,754,4
343,135,5
217,472,3
407,217,4
592,382,4
422,275,5
50,325,1
42,924,3
234,142,2
803,311,5
493,22,5
497,625,3
693,159,4
707,936,4
387,32,5
567,221,5
406,215,3
543,770,4
50,100,2
354,257,3
551,238,5
183,331,3
823,151,4
279,228,4
686,181,4
715,249,4
234,557,1
790,451,3
591,237,3
247,1,4
488,286,1
116,307,3
227,244,3
484,392,4
75,225,2
331,58,3
560,1163,3
833,144,4
919,22,5
500,448,3
514,268,4
303,722,2
774,229,2
479,632,5
95,568,4
116,596,5
823,356,3
549,411,3
734,191,4
152,720,5
824,319,2
301,79,5
378,775,3
479,431,4
207,64,5
483,101,2
587,328,1
655,208,3
358,855,3
338,443,5
112,339,4
577,202,4
399,332,3
82,671,1
318,213,4
395,750,5
189,511,4
43,40,3
381,139,3
194,628,3
422,7,3
399,588,5
543,855,4
559,1401,3
862,175,5
711,116,5
476,175,4
943,186,5
463,1244,1
687,286,3
269,427,5
892,631,4
904,1074,4
582,25,3
232,178,5
747,185,5
533,195,4
610,98,5
717,888,5
601,820,1
846,562,5
406,654,4
886,371,1
344,172,4
883,342,4
496,660,3
363,201,2
537,1113,3
204,316,4
643,566,3
527,285,5
690,98,5
90,96,4
334,338,1
83,692,4
405,1100,1
935,282,4
805,82,3
259,405,3
830,89,5
684,117,4
691,50,4
152,51,4
805,50,4
899,177,3
437,1267,4
38,637,2
374,1094,4
707,309,2
840,1639,4
524,410,2
296,750,5
314,28,5
663,975,4
532,523,5
449,753,5
157,685,3
796,78,3
392,313,5
454,69,4
406,188,4
442,27,2
523,50,5
145,229,3
276,951,3
285,300,4
665,92,4
233,180,5
711,343,3
92,367,3
303,238,4
554,151,4
326,367,3
828,906,3
620,683,3
219,855,5
338,197,5
790,716,4
117,195,5
682,465,3
202,242,3
358,582,5
875,334,4
189,99,5
224,924,3
435,780,2
886,762,5
416,411,3
87,194,5
188,294,2
588,815,4
379,135,4
280,1459,4
254,448,3
20,204,3
416,549,4
828,340,5
774,567,1
610,97,3
459,298,3
664,654,5
70,507,4
508,115,3
279,90,3
171,315,4
639,1195,2
336,72,3
835,628,3
224,470,4
940,516,4
326,423,3
788,423,5
733,284,2
363,336,4
795,402,2
244,521,4
752,288,5
474,660,5
354,321,2
790,157,2
295,290,4
295,162,4
502,300,2
63,993,2
535,692,4
883,580,3
83,828,3
193,280,4
660,722,1
44,307,4
919,99,4
881,294,3
1,33,4
912,204,2
295,559,4
497,367,4
719,88,3
885,365,3
416,717,2
198,25,2
704,98,5
600,431,3
132,922,5
645,185,5
313,515,5
128,209,4
58,474,4
391,504,5
313,735,3
542,508,3
872,591,3
756,117,4
58,813,5
297,156,4
13,260,1
13,87,5
200,205,4
621,87,5
896,800,3
303,41,5
854,237,3
705,227,4
738,210,5
416,230,4
867,270,5
194,195,3
145,682,3
109,122,2
128,181,4
110,550,3
462,22,5
889,636,4
286,382,5
518,10,3
697,325,4
796,56,5
835,318,5
160,1197,4
144,685,3
807,570,4
551,399,3
440,1191,5
97,222,5
699,307,3
486,718,3
450,164,4
911,480,4
736,993,4
773,251,3
646,300,3
353,343,2
864,318,5
897,588,4
833,1427,3
543,83,4
894,740,4
351,873,3
234,632,2
536,483,4
642,1029,3
233,191,4
747,179,5
13,839,1
621,276,4
457,1037,2
104,245,2
671,62,5
746,455,4
370,114,3
374,281,3
486,1609,3
877,202,4
49,175,5
618,88,4
537,744,3
276,796,1
90,483,5
49,12,4
7,188,5
56,386,3
593,699,4
198,204,3
764,218,4
424,115,1
354,210,3
788,281,4
239,56,4
399,62,3
303,248,2
524,185,4
458,496,3
767,486,4
886,466,1
13,419,3
336,282,3
115,471,2
405,1387,2
291,1248,4
399,9,3
122,699,5
593,50,4
423,696,3
860,332,2
51,203,4
542,181,4
496,727,5
840,520,5
11,228,3
405,727,1
115,82,4
299,1103,4
932,504,4
919,244,2
456,806,3
62,213,4
519,879,5
244,95,4
291,577,1
650,80,2
339,293,5
704,69,3
277,129,4
602,127,5
452,211,2
533,64,5
628,302,5
883,90,3
207,55,3
417,273,3
99,369,4
256,64,5
343,561,3
279,578,4
293,1147,4
830,431,3
198,381,3
587,322,3
271,98,5
715,27,3
828,1153,3
303,1199,3
216,66,2
431,538,4
158,154,4
603,1483,5
370,265,5
804,175,4
286,946,3
684,50,4
11,56,4
299,173,5
770,118,4
864,1,5
590,1017,4
535,433,5
747,596,5
355,682,4
339,447,4
782,350,4
151,919,5
308,678,3
521,827,1
393,83,4
629,81,3
114,496,4
857,475,5
249,686,5
342,584,4
892,612,5
733,1142,4
669,79,2
111,313,4
532,72,3
479,195,4
328,258,5
541,121,3
249,275,4
343,132,5
841,751,3
686,176,3
903,204,3
338,516,5
658,429,4
642,748,5
221,684,4
211,462,4
796,218,3
192,1160,4
715,743,2
437,607,5
299,655,3
749,89,4
18,180,4
259,484,4
335,902,5
145,896,2
194,157,4
221,38,2
643,969,4
748,199,4
727,109,2
331,221,4
612,202,2
796,928,2
268,67,3
592,303,5
839,50,5
773,384,2
399,444,1
524,638,2
18,493,5
164,100,5
500,381,4
62,65,4
13,424,1
864,64,5
269,717,1
461,305,2
280,1047,3
198,179,4
254,230,4
798,142,3
125,198,3
782,1296,3
579,845,4
749,484,5
466,313,5
158,79,4
276,750,4
346,732,3
918,1099,4
655,252,2
752,1463,4
290,66,4
123,143,5
39,748,5
256,722,3
924,117,2
495,1263,4
226,56,4
311,639,4
393,206,3
119,275,5
94,343,4
363,651,3
135,431,2
378,419,4
314,1520,3
152,411,4
423,1265,4
410,898,3
75,472,4
399,665,3
630,1047,4
405,317,4
450,729,4
339,636,4
301,686,4
861,1009,5
378,807,3
56,443,4
276,508,5
374,280,3
569,333,3
95,67,2
508,23,4
233,462,5
339,185,4
264,320,4
934,529,5
566,392,4
702,690,1
502,680,3
113,7,3
745,64,5
268,1059,3
664,53,3
902,300,4
18,111,3
666,443,4
344,210,4
201,145,3
806,131,4
393,105,3
877,226,3
222,929,1
109,949,3
650,631,3
828,19,5
693,1311,1
313,177,4
320,550,5
892,150,5
796,932,4
788,931,2
655,655,3
409,879,1
436,469,3
669,657,5
584,172,4
181,1329,1
727,597,3
7,623,3
350,173,4
454,378,3
918,962,4
235,338,1
24,55,5
223,309,4
751,405,3
938,106,5
716,172,4
571,69,2
843,195,4
223,95,5
312,530,5
846,1209,1
753,195,1
435,1128,2
385,177,4
311,520,5
244,173,4
520,690,5
497,797,3
774,402,2
261,410,5
466,895,3
244,550,1
887,50,5
535,58,5
793,591,4
267,69,4
638,514,2
249,239,3
312,228,3
325,175,5
109,226,5
318,655,4
49,1083,2
189,505,5
664,159,3
256,741,4
710,142,3
798,66,3
660,1,3
747,202,4
654,418,4
85,474,5
244,241,4
622,209,5
416,1012,4
60,216,4
486,277,3
712,506,3
180,762,4
308,747,3
560,246,5
279,131,1
500,147,3
886,789,3
454,147,3
593,77,4
125,269,1
903,129,3
325,176,3
758,76,3
497,432,3
76,59,4
579,69,2
183,62,2
911,163,4
97,172,4
309,300,3
311,623,2
168,742,5
361,50,5
440,1105,5
897,465,5
734,202,5
12,282,5
629,660,5
764,220,3
823,168,5
13,809,4
378,370,2
404,288,3
398,15,5
109,288,5
271,566,4
561,636,1
535,45,3
626,258,4
848,165,5
749,740,3
334,176,3
507,827,5
532,485,5
10,185,5
109,1139,2
645,184,3
377,168,5
405,43,1
409,429,5
429,847,3
293,781,2
402,410,1
293,2,3
632,523,3
653,237,2
911,173,5
130,121,5
38,423,5
684,381,2
658,212,3
676,13,1
630,756,4
257,86,4
479,234,5
321,100,4
825,409,3
862,429,5
280,73,3
880,793,4
336,63,2
474,216,4
715,135,2
880,1267,4
843,205,4
200,380,5
102,234,3
158,803,3
460,313,4
624,881,3
649,282,4
71,151,1
248,257,3
91,511,5
535,300,3
296,652,4
379,52,4
327,288,4
92,260,1
313,483,5
315,288,3
660,132,3
438,619,4
201,596,4
7,556,3
286,325,1
786,423,5
279,254,3
373,385,3
864,71,3
670,705,5
129,245,2
735,285,4
626,313,5
327,95,3
286,476,4
719,468,3
387,410,3
551,56,5
532,1426,3
347,432,4
276,354,4
334,300,3
76,628,2
774,550,2
234,119,3
405,216,2
718,546,4
782,312,4
13,305,4
519,1238,5
70,231,3
813,271,4
854,291,2
128,652,3
637,93,3
774,431,4
472,1210,3
344,421,2
303,241,4
1,206,4
686,26,5
796,62,4
59,369,2
87,514,4
551,719,1
707,676,4
788,120,2
7,681,1
566,512,4
592,179,5
370,209,5
892,1118,3
618,609,4
290,174,5
458,644,4
59,1028,1
21,559,1
457,182,4
655,306,3
313,778,2
279,666,2
642,1503,2
222,191,2
6,458,1
614,288,2
860,846,2
268,89,4
683,887,4
151,58,4
450,1028,4
716,588,4
445,908,1
603,288,3
314,161,5
189,196,5
642,862,4
586,185,2
130,881,4
87,73,3
715,955,4
275,69,3
487,1276,2
848,603,5
237,9,4
184,285,5
379,603,5
215,230,3
452,528,4
468,471,3
553,178,5
22,105,1
325,402,2
450,89,5
727,570,2
843,628,2
923,1011,4
898,270,4
262,92,3
846,127,5
83,356,4
805,708,3
648,379,1
239,132,5
642,168,5
561,235,3
393,99,3
257,288,3
383,1063,5
456,121,2
177,89,5
178,926,4
912,423,5
346,210,4
693,229,2
928,8,5
312,837,4
920,682,3
618,131,4
881,333,5
749,64,4
201,26,4
1,102,2
13,511,5
388,333,5
60,1121,3
577,823,3
420,603,4
256,692,5
94,475,5
189,60,3
930,64,4
643,732,3
624,282,4
932,475,4
151,481,3
682,204,3
59,39,4
639,170,4
897,151,5
405,519,2
653,458,2
290,809,4
867,1,4
141,118,5
833,522,2
428,323,3
407,159,3
653,1135,2
332,845,3
814,53,4
342,1368,5
867,678,3
354,238,4
541,79,5
318,750,4
507,894,5
305,298,4
841,326,4
936,818,4
554,728,3
201,25,3
588,781,2
780,187,5
733,281,2
804,624,2
747,64,5
387,684,3
352,12,4
318,628,4
864,86,4
405,568,4
892,215,4
241,268,4
627,148,3
939,127,5
196,287,3
336,290,3
608,673,4
130,367,4
380,610,2
12,215,4
65,429,4
174,1262,5
95,140,3
328,275,4
405,645,1
347,685,3
559,515,4
366,164,5
812,333,5
524,931,3
942,539,3
92,1074,3
698,95,3
466,269,2
223,284,2
246,809,2
804,1615,4
381,94,3
771,596,4
881,4,3
775,343,4
15,405,2
405,1572,1
269,1071,2
290,1091,2
37,550,4
629,294,3
122,403,4
907,409,4
326,168,3
64,81,4
845,1234,4
854,297,4
514,647,3
577,546,3
608,549,4
916,65,3
815,514,1
520,302,3
130,405,4
94,1101,3
262,1014,5
312,173,3
62,1135,2
380,670,1
290,650,2
435,216,3
136,515,5
218,12,5
268,405,2
291,210,5
896,674,2
402,479,5
253,806,4
198,300,2
303,50,5
551,200,4
620,243,3
532,364,3
724,877,1
733,287,3
281,690,5
99,780,5
537,82,2
246,226,2
758,191,5
15,18,1
303,78,2
416,680,3
198,746,4
389,347,4
669,174,3
194,238,5
508,109,3
810,339,5
269,697,4
497,151,3
435,443,3
144,191,4
738,423,4
468,89,4
641,483,5
798,87,3
748,137,3
536,423,4
894,879,4
884,212,4
435,84,2
243,732,4
312,408,4
907,125,4
286,191,4
890,142,3
271,269,4
934,961,4
262,735,4
293,663,3
14,7,5
54,634,1
407,219,4
543,463,3
831,347,3
592,313,5
656,689,2
936,405,2
416,69,4
385,524,5
91,504,3
196,251,3
653,96,4
366,436,5
782,1664,4
292,50,4
622,196,3
408,270,5
460,847,3
927,405,5
474,423,5
798,476,2
279,550,4
219,616,5
795,407,3
758,1016,4
28,174,5
53,64,5
409,514,5
125,369,3
223,1300,1
782,288,4
361,165,5
7,391,3
532,66,5
403,235,5
49,1071,3
551,384,1
749,603,5
893,298,4
624,108,3
59,715,5
244,1428,4
117,7,3
748,209,4
390,126,5
942,200,4
620,151,4
364,269,4
648,496,4
487,99,4
130,293,5
833,1006,1
416,196,5
643,514,3
321,531,4
303,120,2
637,273,3
537,258,4
717,288,1
711,340,5
340,199,5
639,135,4
399,63,3
392,312,4
109,797,3
1,138,1
16,564,1
795,240,2
342,282,1
435,95,3
881,588,3
528,615,4
894,237,4
405,98,4
850,480,5
905,475,3
749,637,1
694,48,4
622,423,3
276,1170,4
455,449,4
501,1534,4
796,742,3
661,310,2
151,318,5
554,265,4
862,484,4
299,970,4
184,473,4
916,697,4
186,546,4
894,15,3
554,820,2
160,230,2
561,426,1
650,160,3
11,728,3
899,197,4
524,418,1
493,121,5
810,323,4
389,133,5
18,729,3
383,475,2
793,121,3
269,293,3
397,243,1
313,64,4
560,498,4
662,50,3
697,286,4
312,474,5
59,381,5
184,692,4
676,916,5
119,829,5
537,718,4
665,924,4
13,785,3
896,820,2
848,430,5
308,285,5
332,628,4
642,765,3
253,328,4
387,651,2
437,466,2
463,819,1
618,1,4
35,876,2
721,97,4
495,91,2
814,98,4
889,695,3
653,506,2
916,930,2
840,70,3
593,245,3
943,470,4
271,742,3
216,433,3
635,294,3
224,423,4
399,551,1
303,1142,4
919,988,3
346,1188,1
773,175,4
5,95,4
92,575,2
49,1075,2
130,100,3
11,434,4
239,91,4
320,300,4
913,176,5
13,219,1
829,13,4
659,447,3
807,576,4
385,874,3
281,989,2
294,676,3
27,246,4
131,127,4
648,199,4
60,1122,5
181,934,3
15,924,3
918,25,4
181,336,2
423,299,3
44,542,3
290,229,3
665,111,4
204,748,1
576,7,5
445,458,2
100,874,1
602,871,3
457,931,2
774,399,2
324,538,4
7,281,3
354,10,5
271,289,4
349,847,4
551,172,2
312,187,5
774,231,1
374,458,5
802,760,3
227,116,4
896,705,5
293,466,3
798,472,3
290,825,3
757,559,4
592,533,4
610,12,5
330,204,5
892,432,4
79,257,3
285,150,5
86,288,3
145,696,3
745,230,2
12,204,5
591,86,5
61,748,2
6,408,4
311,282,5
283,294,4
256,775,5
658,32,3
804,616,3
291,977,2
279,229,4
452,234,3
503,172,5
204,302,5
183,55,4
14,921,5
371,237,5
545,524,4
885,216,3
312,207,5
458,278,2
181,1114,1
176,117,4
347,696,4
303,187,5
881,480,4
935,717,4
456,294,1
919,315,3
694,673,4
435,1228,2
452,97,4
889,652,5
485,326,2
698,481,3
396,455,2
6,47,3
102,47,2
757,125,2
882,243,4
560,50,5
194,228,1
722,546,3
160,61,4
637,508,2
626,680,1
271,345,3
184,255,3
588,63,5
532,339,5
435,392,3
883,96,4
344,319,1
910,291,1
892,69,5
72,48,4
111,269,5
493,358,4
22,878,1
655,255,3
847,168,4
393,126,4
474,526,5
548,340,1
907,402,5
805,337,2
823,210,4
121,275,4
192,108,4
934,157,2
295,504,4
896,770,5
894,45,4
120,125,4
682,318,4
161,187,3
867,1065,5
807,1089,4
586,735,3
716,417,3
863,316,5
393,1181,3
729,683,2
479,257,4
212,179,1
537,349,1
487,1220,4
145,431,5
173,268,4
149,328,2
880,38,3
536,662,5
775,315,5
385,940,3
25,177,3
448,303,4
486,1143,3
360,661,5
734,213,5
525,1012,3
761,742,2
308,671,4
92,974,2
276,63,3
893,125,3
466,181,4
294,508,4
610,8,4
402,228,3
301,824,3
851,895,3
589,749,3
40,286,2
264,192,4
279,186,5
279,1240,1
881,193,5
472,796,4
406,670,3
339,402,3
645,558,4
144,117,4
850,742,5
62,676,3
325,430,5
790,116,4
221,150,5
102,49,2
59,123,3
694,582,4
234,491,4
110,684,4
553,483,5
281,338,2
527,185,5
343,153,5
577,125,4
768,173,5
334,1207,2
500,174,2
682,752,4
345,988,2
880,375,1
711,744,4
253,485,5
267,195,4
537,204,3
109,157,4
619,252,3
276,975,3
882,101,3
888,137,4
749,132,4
484,121,4
64,650,3
907,181,4
464,294,4
193,354,3
629,632,3
763,171,3
593,313,4
297,447,4
585,582,3
385,153,4
363,168,4
454,326,4
13,440,1
851,480,5
62,21,3
143,286,2
668,345,2
303,21,2
360,483,5
918,630,3
244,780,4
437,212,3
616,245,3
815,712,3
247,64,5
14,222,4
574,270,3
297,34,3
60,483,5
487,566,4
251,22,5
97,435,4
487,541,3
846,640,1
161,100,4
479,528,4
420,1347,3
882,510,5
880,8,4
436,99,3
551,219,5
276,70,4
654,455,3
886,715,1
653,527,2
354,162,3
351,359,4
830,523,4
864,22,5
790,405,3
374,82,4
268,121,2
923,866,4
168,274,4
896,92,1
59,208,5
456,405,1
503,173,5
63,1138,2
1,188,3
267,188,5
229,258,2
488,612,4
655,960,3
648,452,3
405,564,1
264,447,5
175,273,2
286,762,2
474,205,5
398,482,5
655,1407,2
153,50,1
586,849,3
360,321,3
374,846,2
323,744,5
345,815,3
393,272,4
609,259,1
342,68,3
610,11,4
301,462,2
327,338,1
181,1068,1
345,124,5
98,211,4
524,393,3
889,121,4
117,405,5
151,357,5
374,1033,4
227,285,4
622,214,4
18,318,5
144,333,3
525,411,3
62,1,2
871,794,3
236,423,5
178,506,3
261,321,3
181,1095,1
896,474,3
21,299,1
621,385,5
376,268,3
868,69,2
846,230,3
533,1016,3
92,1073,5
800,127,4
286,133,4
543,252,3
276,257,4
633,5,3
682,1228,1
833,540,1
527,963,4
201,855,4
707,305,5
397,50,5
337,228,5
448,338,1
66,237,4
23,102,3
301,678,2
591,8,3
841,313,5
557,165,5
615,170,4
505,123,3
313,225,4
697,628,4
919,82,5
916,693,3
249,318,5
13,908,1
403,370,3
301,121,4
524,56,4
527,19,3
591,655,4
727,312,3
913,95,4
905,137,3
599,255,5
145,202,4
854,197,4
567,1204,5
102,2,2
868,142,1
461,259,2
416,1037,2
378,172,4
804,196,4
303,551,2
169,443,4
113,321,3
501,979,3
92,789,5
313,148,2
497,416,2
378,412,2
566,135,5
339,506,4
139,237,3
256,982,3
303,179,5
394,364,3
697,268,5
374,983,2
532,332,4
535,30,4
654,137,4
796,731,3
189,120,1
363,145,1
297,283,4
666,96,3
707,86,4
407,214,4
94,930,2
758,1023,4
666,370,2
595,1028,3
422,334,4
883,867,5
514,178,4
455,161,4
125,152,1
327,181,4
358,1149,3
305,733,3
94,176,4
320,42,4
381,13,4
749,77,3
293,234,5
684,365,4
201,172,5
356,272,5
43,625,4
731,507,3
352,194,3
630,687,3
94,127,5
524,709,5
497,22,5
60,174,4
20,95,3
597,713,2
153,258,5
807,998,3
919,325,4
591,1111,4
642,53,2
766,177,3
311,570,4
255,53,3
43,367,4
840,14,5
667,527,4
627,177,5
871,547,3
178,469,3
144,198,4
85,526,4
585,170,5
669,97,4
366,17,5
354,154,4
181,878,1
533,328,4
931,126,4
416,1300,3
22,998,1
749,823,3
30,1013,3
487,1410,5
706,148,4
276,546,3
295,1040,2
140,286,5
301,25,3
661,70,4
500,284,3
301,120,2
489,307,4
13,281,3
296,688,1
694,610,4
224,556,1
467,50,4
486,295,3
312,276,4
643,235,4
867,68,4
634,273,3
802,567,4
194,132,3
899,214,4
436,348,4
659,211,3
95,43,2
22,871,3
927,91,4
234,447,3
624,866,3
458,7,4
863,272,5
59,792,4
655,77,3
38,768,5
501,1067,5
231,1,3
291,94,2
501,273,4
104,268,3
299,288,3
177,11,4
600,679,2
10,695,3
505,1063,3
437,1063,5
5,443,4
197,294,4
378,186,3
720,258,4
708,112,1
541,585,2
881,259,3
702,343,2
207,1435,2
781,204,4
90,268,4
542,48,5
109,295,4
134,748,5
324,410,5
807,250,4
737,100,5
573,22,4
18,58,4
881,409,4
485,345,1
416,660,5
373,414,3
286,20,4
900,136,2
435,86,4
907,1,5
569,151,5
363,90,5
60,641,5
454,480,4
883,1131,5
498,985,1
466,748,2
102,629,3
437,151,5
559,210,4
397,197,5
244,121,1
921,245,1
24,58,3
916,506,3
847,118,3
795,169,5
618,202,2
337,67,4
353,333,4
276,271,4
256,583,5
707,1176,2
697,591,4
393,280,4
535,190,4
878,213,3
665,346,2
582,919,5
655,1644,1
838,7,5
472,260,4
497,87,3
94,550,1
94,412,2
297,746,3
932,218,3
399,11,4
87,157,3
85,712,3
938,411,3
311,660,4
347,410,5
18,116,5
514,527,4
438,321,5
200,527,4
878,497,2
602,880,4
796,199,3
634,290,3
56,781,4
435,631,2
130,932,3
896,742,1
783,333,4
645,674,3
386,273,3
724,286,1
496,183,2
49,717,2
472,928,4
886,27,2
804,1025,4
796,447,3
782,1237,3
894,126,3
630,120,4
707,730,3
766,496,5
726,1028,2
141,126,5
853,286,3
437,185,5
54,338,3
707,251,5
201,431,1
610,117,4
467,1016,4
639,212,4
593,288,4
521,202,3
220,305,4
291,1046,4
92,216,3
92,1047,1
21,816,1
402,10,2
741,742,4
417,153,5
90,178,5
267,265,5
675,242,4
778,496,1
854,479,4
151,160,4
891,531,4
342,132,5
708,748,4
405,1437,1
158,4,4
708,271,1
725,181,4
499,12,5
20,588,4
535,778,2
58,463,3
543,212,4
197,182,3
123,275,4
161,487,3
622,1411,4
821,275,5
446,332,3
392,248,4
747,1050,3
330,588,5
282,305,4
653,38,3
765,151,4
936,995,3
934,650,4
896,288,3
919,1258,3
642,759,3
632,11,4
253,156,3
459,194,3
713,302,4
585,340,2
493,172,5
83,704,3
629,463,4
110,739,4
190,258,3
23,176,3
18,968,3
734,294,1
699,933,3
244,62,2
908,701,4
940,549,2
327,47,4
366,7,2
120,515,5
406,702,3
466,288,4
6,532,3
59,431,4
178,881,2
363,1019,5
399,102,3
533,847,3
694,521,3
594,14,4
397,748,2
592,678,2
506,199,4
655,746,3
742,13,4
354,487,3
326,434,5
279,556,3
393,717,3
830,403,4
472,105,3
92,160,4
343,357,5
303,237,5
661,631,3
870,181,4
435,885,3
355,1392,4
642,58,3
53,121,4
22,62,4
311,747,3
18,127,5
618,96,3
269,479,4
73,81,5
490,127,5
414,270,5
109,89,4
456,143,3
85,664,4
429,235,3
659,664,4
56,761,3
412,684,4
871,210,5
407,89,4
422,273,5
16,227,5
102,663,3
262,66,3
59,199,4
112,316,5
475,902,5
342,236,3
407,71,3
145,1025,4
457,239,5
3,355,3
727,1411,2
234,421,1
425,429,4
501,546,4
862,252,3
682,476,1
634,748,3
407,514,4
207,144,3
41,69,4
838,919,5
463,15,4
225,479,4
367,246,4
476,343,4
7,10,4
450,380,5
875,582,5
825,1117,3
717,1047,4
577,1046,4
450,584,5
339,216,3
94,483,5
32,250,4
59,290,3
452,199,5
291,456,3
416,842,4
415,269,4
385,896,5
18,735,4
875,22,3
643,474,5
684,202,4
94,647,5
880,549,4
666,646,3
699,455,3
330,357,4
887,496,4
455,204,4
338,607,4
332,122,5
391,651,5
608,287,3
295,1,4
659,96,4
218,1073,5
591,194,4
405,1297,1
294,931,3
297,1014,3
264,1225,3
391,482,4
63,1007,5
379,526,4
536,386,4
154,61,4
316,588,1
642,412,2
59,521,5
843,671,3
596,222,3
932,225,2
451,359,2
501,508,4
230,239,4
463,347,1
854,514,4
371,73,5
554,288,3
629,100,5
577,317,5
554,71,4
186,12,1
412,114,4
679,588,3
354,60,5
256,849,2
340,435,4
548,185,5
7,548,5
893,597,4
601,140,1
795,154,3
332,159,5
159,829,4
495,183,5
561,523,4
276,561,2
107,333,3
881,56,1
693,23,4
712,97,5
450,226,4
24,176,5
367,234,4
94,66,2
709,1059,5
378,180,3
465,32,3
546,181,5
85,333,1
456,1240,3
217,62,2
59,210,4
763,194,5
165,260,3
567,177,4
271,196,4
445,346,5
91,143,4
458,193,4
915,268,5
777,168,5
537,1134,3
94,518,5
256,1109,4
763,238,4
880,67,1
632,720,3
913,96,5
896,100,3
417,831,2
393,55,4
663,1011,3
294,539,4
456,13,4
201,156,4
891,471,5
174,140,4
346,669,1
455,428,4
334,89,4
72,12,5
671,566,4
357,294,4
279,202,4
303,588,5
647,291,3
472,473,4
303,833,2
339,197,5
642,1030,4
881,449,3
456,69,4
880,721,1
938,864,4
334,1006,3
526,845,5
348,596,4
796,323,2
318,1063,3
656,896,5
246,159,3
286,771,2
213,181,4
117,1016,5
524,467,4
825,748,5
852,1052,4
682,1118,3
328,646,3
533,125,5
324,150,4
474,484,5
194,371,3
411,227,3
109,810,3
676,902,4
263,322,3
93,845,4
74,328,4
797,327,2
551,326,4
58,1106,4
862,480,5
405,1469,1
100,271,3
886,216,5
180,684,5
249,129,5
553,423,3
18,959,3
716,135,3
880,986,3
299,17,1
354,196,3
240,336,3
506,581,2
930,274,4
277,1,4
836,134,3
189,276,3
514,211,3
262,145,1
387,768,1
201,699,3
642,405,3
85,1174,3
883,727,3
67,64,5
885,71,4
894,1658,4
806,17,4
815,98,4
437,496,4
629,265,4
585,1524,3
491,273,5
727,1185,1
253,125,3
429,410,4
927,1,5
91,97,5
416,470,4
185,703,4
280,173,3
327,382,3
305,163,3
314,697,3
269,414,3
747,1246,1
18,174,4
918,28,4
407,493,3
109,1016,5
130,721,3
886,94,4
382,481,5
593,98,5
637,1028,3
655,1176,4
25,969,3
561,276,4
8,689,4
332,840,4
719,214,2
336,49,4
234,1455,2
900,478,2
98,194,5
643,408,4
625,255,2
6,259,1
233,828,4
271,294,2
817,324,2
567,475,4
234,490,4
731,520,4
103,211,3
385,417,2
782,1226,2
399,54,4
232,708,4
269,488,4
529,749,4
151,132,5
218,430,3
337,515,5
81,269,3
372,333,5
497,139,3
737,12,4
62,128,2
227,475,4
290,550,3
880,781,3
616,879,4
904,66,4
474,729,4
625,144,4
371,183,5
243,477,4
936,975,3
407,218,4
92,318,2
902,95,4
430,129,5
417,742,2
412,218,3
765,170,5
299,432,3
82,265,4
864,794,3
239,168,4
178,276,3
896,399,1
695,989,3
881,28,5
545,176,4
510,881,2
622,795,2
398,276,4
11,194,4
815,94,3
506,742,5
130,49,4
537,1065,1
597,289,5
692,476,3
144,709,4
694,180,4
126,878,5
694,100,4
90,900,4
317,879,3
767,28,4
499,11,3
655,728,2
246,289,2
363,895,3
882,133,5
8,195,5
655,239,2
95,200,2
625,748,3
889,210,4
880,1119,3
290,121,4
896,496,4
417,147,4
757,405,4
247,58,4
406,655,3
338,462,4
592,150,5
851,147,4
569,281,3
115,240,5
741,178,5
622,24,4
222,815,2
805,405,3
416,1132,2
682,47,1
524,116,4
154,175,5
637,285,3
758,689,1
663,245,4
487,432,3
924,496,5
625,855,4
758,210,4
333,66,5
429,702,5
807,380,4
747,181,5
276,197,5
880,468,3
896,183,4
87,702,3
313,633,5
751,689,2
234,147,3
654,535,3
251,813,3
430,168,4
450,153,5
533,26,3
824,245,2
44,378,3
826,174,5
303,778,4
882,230,5
536,1118,2
99,312,2
359,748,3
933,163,2
26,476,3
825,597,5
450,847,4
393,227,4
339,286,5
279,390,3
218,8,3
805,588,2
728,323,3
450,99,4
293,325,2
449,285,5
697,298,4
766,504,3
387,229,2
567,175,5
750,748,3
506,692,4
297,423,3
731,127,4
487,689,1
90,156,4
8,96,3
690,684,4
882,147,4
502,678,3
453,246,5
286,703,2
108,748,3
43,250,2
746,186,4
727,465,2
393,380,2
178,993,5
279,129,1
854,49,4
581,7,4
892,22,5
806,273,4
64,11,4
943,184,5
639,714,2
489,264,4
213,678,4
270,77,2
417,574,2
336,1,3
236,507,3
247,736,5
760,202,3
42,785,4
59,1119,4
496,94,1
796,195,5
428,242,4
269,172,3
871,326,5
682,143,3
782,1160,2
495,768,3
849,172,5
125,520,5
890,479,5
363,1495,5
916,1208,2
270,13,4
629,392,4
382,475,3
551,386,1
807,483,5
889,819,2
14,519,5
399,235,4
151,4,5
940,69,2
588,472,4
505,491,3
796,71,4
243,694,4
159,748,3
748,135,4
875,921,5
498,10,5
622,194,4
330,193,5
880,232,4
315,285,5
542,235,3
408,334,2
457,436,4
276,3,3
345,202,3
665,191,3
942,328,3
863,328,5
586,123,3
18,168,3
290,135,4
840,637,3
409,87,3
537,474,5
129,269,4
804,527,4
942,313,3
770,151,5
487,403,4
633,143,4
585,1149,4
734,496,5
286,734,2
213,603,5
64,318,4
334,272,4
868,567,1
60,225,3
280,174,3
324,321,3
60,616,3
699,1033,4
636,275,3
145,1002,1
559,347,3
545,210,5
931,220,3
416,448,3
345,288,3
788,192,4
450,1212,4
417,549,3
373,746,4
781,215,3
130,1275,5
87,87,4
308,61,3
690,106,3
759,220,5
488,493,3
805,269,5
892,95,4
424,683,3
405,438,1
551,421,4
893,151,4
790,568,3
87,570,3
897,410,3
416,597,3
243,1465,3
704,889,3
727,760,1
880,294,4
332,271,4
393,864,3
135,603,4
936,815,3
545,405,4
627,685,3
601,479,4
178,331,4
323,186,4
523,210,5
57,109,4
426,526,4
13,538,1
82,100,5
593,609,3
483,121,2
654,742,4
311,530,3
653,94,2
864,710,2
618,790,3
21,820,3
650,515,4
707,154,3
435,479,3
323,322,2
57,295,5
224,135,1
498,631,3
786,289,4
121,237,5
889,28,4
222,658,3
274,877,3
391,174,5
541,62,4
862,61,5
457,1029,3
913,237,4
379,230,4
451,883,1
126,316,4
470,950,3
278,302,3
328,1112,4
711,317,4
846,673,4
805,716,4
193,763,3
741,5,3
49,38,1
193,407,4
923,295,5
643,516,4
693,144,4
130,240,4
606,806,5
854,22,2
95,705,5
254,449,5
460,14,5
177,268,3
193,781,3
328,570,3
145,731,3
217,195,5
684,215,5
244,92,4
110,301,2
312,513,5
368,413,1
117,222,5
501,221,3
344,751,4
644,1610,3
254,103,2
57,472,1
189,1372,4
829,10,3
468,150,5
592,283,4
167,719,1
71,168,5
864,214,2
311,1093,5
707,792,4
592,1356,4
180,121,5
709,228,3
200,229,5
219,631,5
815,443,3
305,187,4
371,504,4
308,215,3
128,229,2
933,467,3
296,96,5
705,1228,2
804,443,5
94,164,3
867,276,1
458,117,4
215,433,3
314,280,3
387,1018,3
406,604,3
889,403,3
83,845,3
298,477,4
308,66,4
701,237,5
63,325,2
21,637,4
360,251,5
733,245,3
844,553,4
454,117,3
756,403,2
145,943,3
104,750,5
900,117,2
617,452,1
545,385,3
60,60,5
901,429,5
43,939,3
731,143,5
463,1383,2
17,269,4
848,747,5
809,340,4
457,554,4
311,630,5
389,559,3
42,135,4
11,52,3
533,134,4
737,32,4
144,282,4
65,435,4
343,530,5
554,227,3
463,362,1
437,82,3
388,596,4
77,195,5
207,45,3
653,685,3
11,430,3
458,717,1
938,235,1
796,591,3
244,1057,4
60,98,4
389,663,4
853,333,4
892,213,3
301,191,3
13,211,4
13,413,1
843,429,4
500,1315,4
143,326,5
119,382,5
704,506,4
430,1240,3
11,429,5
97,50,5
938,300,3
392,663,4
276,1013,3
94,274,4
650,489,3
459,879,4
741,682,3
763,1268,5
188,56,4
92,218,4
826,1240,5
650,571,3
798,111,1
106,286,4
197,947,2
923,257,5
297,73,2
733,696,3
504,214,4
222,452,1
655,143,4
373,238,4
236,255,3
532,97,5
839,1381,3
409,663,4
178,269,4
135,33,3
587,312,2
90,223,4
79,286,5
286,1194,4
384,328,4
854,505,4
85,141,3
356,286,3
886,381,2
345,91,4
390,740,4
755,259,3
405,765,1
796,86,5
450,102,4
117,307,5
218,168,4
394,179,5
892,357,5
299,211,4
543,147,4
696,344,5
868,524,3
693,1136,3
7,463,4
777,521,5
429,241,3
234,5,3
7,669,1
392,288,4
144,293,4
101,1,3
13,449,4
781,87,4
738,496,4
98,655,3
102,173,3
533,1161,3
25,478,5
213,133,3
883,270,4
565,86,5
768,535,3
650,585,1
561,24,3
288,200,4
474,511,5
7,171,3
659,313,5
393,154,2
637,985,2
296,127,5
407,428,3
18,175,4
553,657,5
846,60,4
2,291,3
109,552,2
592,140,3
450,1044,4
817,289,2
229,272,3
761,282,4
303,461,4
195,60,3
201,265,3
59,602,2
305,180,4
786,176,4
533,1001,1
668,97,2
533,48,4
378,1028,2
595,820,2
151,503,3
606,713,4
476,959,3
502,683,3
655,1319,3
246,841,1
11,204,3
432,1012,5
203,283,5
738,128,4
137,121,5
268,840,2
916,537,4
92,258,4
556,12,5
141,1059,1
164,619,4
764,191,3
524,151,1
460,129,3
373,197,3
452,456,1
39,302,5
7,648,5
647,136,5
276,759,1
615,949,3
566,234,3
219,269,5
58,169,4
918,1,3
579,202,5
14,96,4
847,195,4
472,172,5
804,135,3
11,731,4
798,940,1
250,222,4
303,97,5
393,252,3
627,214,3
270,778,5
582,1033,2
564,312,3
868,2,2
303,1090,1
561,488,4
450,582,4
351,258,5
490,1383,1
303,208,5
184,805,3
144,343,2
271,199,4
617,559,1
301,80,3
605,252,4
374,932,1
151,118,3
436,1178,3
561,141,2
596,276,3
503,20,5
254,71,3
577,949,2
645,746,4
752,338,3
551,5,4
243,173,3
130,423,5
246,118,1
438,252,4
389,1119,3
121,300,3
374,1206,2
747,404,5
670,199,4
933,393,2
274,274,4
244,105,2
219,71,1
324,248,5
76,93,4
293,36,1
513,265,5
459,477,1
239,612,5
234,200,5
379,183,4
903,595,2
741,77,3
184,275,5
804,164,4
765,248,2
537,638,3
821,560,3
496,38,2
943,38,3
618,746,2
913,596,1
807,235,1
840,480,5
756,161,3
405,461,3
91,526,4
31,340,3
786,172,5
883,72,4
379,710,4
601,840,2
272,208,4
1,79,4
166,984,5
405,794,5
897,174,5
128,73,3
18,9,5
551,185,5
916,393,2
793,222,3
286,70,5
304,243,3
11,738,3
854,409,2
85,237,3
833,157,2
840,157,4
892,661,5
59,419,2
552,412,2
506,434,4
629,196,4
532,313,5
682,76,3
560,483,5
738,665,2
320,679,4
694,492,4
650,118,4
246,406,3
336,410,3
510,457,2
854,127,4
707,847,5
81,411,2
158,798,4
173,260,4
178,300,5
450,679,1
871,96,5
210,393,3
507,307,5
936,1199,4
392,492,4
839,866,2
535,275,4
442,210,3
795,234,4
862,180,5
773,386,3
373,226,3
878,663,5
219,935,3
864,56,5
769,1028,3
706,1,4
940,50,4
313,405,3
495,225,4
387,731,1
286,1014,5
49,258,2
465,28,3
90,86,5
829,20,3
301,237,4
707,1113,2
618,462,2
892,663,5
1,133,4
144,213,4
218,39,2
889,11,5
885,549,3
790,246,4
182,100,3
87,232,3
564,1025,2
795,768,3
593,125,4
10,93,4
749,496,5
7,91,3
605,260,4
22,431,4
290,403,2
1,184,4
256,88,5
413,222,4
466,188,3
234,69,4
177,23,5
361,705,5
864,1303,2
463,950,3
287,591,5
760,841,3
654,284,4
307,634,3
334,761,2
932,589,5
653,622,3
101,109,2
682,223,1
561,46,4
373,28,3
405,1442,1
334,19,4
18,451,3
189,632,5
620,834,2
305,1286,5
43,542,3
626,678,1
592,789,4
600,92,3
497,288,2
878,707,2
189,317,4
472,181,5
553,170,4
396,323,4
288,317,4
838,223,3
299,1050,4
868,91,3
182,845,3
751,83,5
381,1533,4
493,117,5
49,82,1
934,131,4
449,459,4
851,751,4
301,2,2
328,54,3
514,200,2
112,751,4
673,315,5
406,117,4
469,215,4
5,445,3
506,324,1
234,66,3
108,237,3
425,187,3
178,90,3
883,19,2
450,736,5
548,252,3
868,1509,1
643,1215,3
451,336,4
660,771,2
634,477,3
658,22,4
139,475,5
11,692,4
514,258,4
659,76,4
262,496,4
20,11,2
308,770,4
277,591,4
868,109,3
416,1217,4
280,507,3
455,31,4
201,219,4
125,1060,4
11,367,3
608,655,5
751,737,4
435,215,2
830,568,4
543,86,4
291,1239,2
776,816,2
894,7,4
746,22,4
303,109,4
336,393,3
224,237,3
655,1554,2
129,323,1
712,49,3
693,521,5
189,175,5
26,25,3
95,971,3
618,679,1
524,204,3
44,157,4
640,750,5
474,617,3
790,826,1
14,172,5
620,140,4
332,895,5
587,332,4
256,216,5
457,231,4
925,948,2
167,404,3
678,298,3
850,15,5
535,478,5
323,210,4
445,597,1
435,64,5
367,672,4
335,300,5
470,222,3
560,277,3
713,1431,3
158,544,2
479,480,5
648,186,5
378,5,3
49,813,3
787,313,5
164,984,4
447,405,2
592,685,2
268,546,4
854,855,4
560,121,3
297,357,4
94,504,5
313,418,3
789,111,3
487,222,4
749,182,3
538,234,3
540,596,4
297,515,5
429,56,4
532,592,3
393,145,3
299,297,3
151,663,4
529,340,1
54,106,3
58,194,3
50,1010,5
385,1037,1
896,1303,4
870,447,4
894,60,5
489,898,3
851,250,5
178,731,4
175,193,4
802,559,2
330,651,5
503,633,5
867,195,5
396,117,4
773,751,3
13,349,1
658,178,5
320,248,5
152,724,5
267,89,5
912,173,4
942,879,4
374,276,4
621,55,5
374,427,3
566,89,4
363,182,1
73,518,5
480,249,1
7,441,2
401,404,2
871,352,3
300,876,5
535,645,4
62,1129,5
210,72,3
561,1021,4
145,5,3
776,7,4
648,483,5
566,772,4
751,257,4
399,545,2
405,198,2
21,259,2
312,174,5
504,693,4
625,151,3
69,334,3
601,591,3
43,168,4
627,693,2
308,1046,4
354,190,4
524,516,4
556,302,4
774,56,2
891,459,5
478,41,3
400,259,3
305,433,2
200,176,5
130,88,2
778,35,1
429,1133,2
566,443,4
375,77,4
803,990,2
881,202,4
363,39,4
549,620,3
823,150,4
119,813,4
318,1521,3
634,1,3
843,441,2
49,11,3
124,496,1
85,182,4
503,684,4
1,185,4
214,307,3
331,634,3
456,559,3
279,594,1
127,380,5
254,323,3
786,724,4
11,714,4
496,1459,4
110,31,3
42,405,4
561,133,3
844,144,3
350,211,2
59,191,4
165,332,4
747,735,4
541,376,3
756,1031,2
21,243,2
276,273,4
468,180,5
903,1142,5
627,182,4
498,275,3
606,924,5
693,742,3
943,185,2
620,1219,3
924,178,5
922,391,3
297,546,3
630,620,4
90,430,3
891,127,4
332,255,4
880,376,3
707,458,3
372,443,4
655,1071,2
500,371,4
196,13,2
886,581,4
419,212,1
254,1091,3
109,393,4
922,1,5
459,282,3
378,300,4
682,135,4
838,124,4
517,25,2
198,23,4
246,651,4
182,203,3
770,875,4
328,649,3
85,412,3
727,444,2
328,226,3
556,340,5
726,763,2
234,187,4
70,264,4
675,286,4
6,508,3
327,99,4
456,187,4
759,471,4
593,807,4
194,582,1
621,1029,2
714,871,3
239,238,5
2,313,5
428,322,4
609,285,5
939,1277,5
524,22,3
551,245,3
59,846,4
13,312,1
221,1098,4
665,748,4
345,77,3
399,673,3
707,317,3
932,502,4
672,225,2
786,228,4
553,482,4
883,561,3
117,1095,3
379,56,5
692,100,4
405,375,1
276,1274,1
399,388,2
854,255,1
342,1016,1
303,1023,2
650,493,4
773,109,4
279,547,1
174,715,3
279,432,3
354,478,5
843,159,2
567,836,3
854,488,4
487,195,4
900,696,2
18,512,5
177,12,5
500,116,4
276,86,3
357,258,4
697,1059,2
627,690,5
446,690,2
658,518,4
431,307,3
523,189,5
145,901,1
457,470,5
158,227,2
70,405,3
378,248,3
747,505,5
56,111,2
571,64,4
464,116,4
615,666,2
62,357,4
841,344,3
903,248,2
694,470,4
903,147,3
788,141,3
563,254,3
7,294,1
663,1276,3
618,720,3
363,101,1
524,435,4
140,301,3
943,73,3
450,747,4
548,254,1
491,325,1
790,89,4
407,316,4
497,642,3
387,55,3
555,150,4
487,809,2
399,401,3
718,742,5
932,172,5
537,484,4
796,153,5
868,183,5
592,273,5
863,872,2
181,324,1
224,662,5
291,1098,4
330,63,3
819,255,1
198,652,3
435,135,3
609,294,2
7,664,3
181,1360,1
449,288,3
603,748,5
735,515,4
110,780,3
907,290,4
254,196,4
276,332,4
503,285,4
271,654,5
605,135,5
280,385,5
838,254,3
437,663,5
405,1220,3
776,89,5
270,173,5
316,234,1
454,483,3
399,550,3
339,528,5
490,93,4
919,1514,2
721,631,5
405,99,5
345,221,5
295,498,5
303,451,5
923,815,4
831,129,2
15,252,2
769,111,5
294,358,2
239,183,5
186,306,4
393,953,4
145,800,2
823,318,5
429,276,5
327,469,4
236,435,4
472,217,5
11,259,3
805,522,5
653,76,3
692,285,3
350,195,5
627,70,4
275,825,2
653,521,4
429,967,4
790,240,3
689,748,5
901,210,4
437,412,3
419,14,5
574,316,4
393,355,3
632,73,3
716,199,4
593,661,2
505,144,3
497,13,2
291,294,5
279,1093,4
347,77,5
347,121,3
229,898,5
380,1,4
661,96,4
307,183,3
727,177,4
83,151,3
622,532,3
677,455,5
6,367,2
119,1101,5
741,451,3
378,88,4
940,12,4
339,483,5
216,188,5
655,700,3
201,313,5
279,175,5
207,183,2
499,902,5
237,357,4
593,723,4
709,441,4
153,187,2
269,821,1
344,273,4
201,1170,4
896,27,1
109,118,3
263,419,5
215,234,4
889,209,2
22,948,1
804,425,4
192,7,4
330,205,3
274,629,5
717,300,5
698,357,4
94,268,4
848,971,5
896,51,2
81,275,4
715,426,5
912,97,4
425,385,2
64,79,4
44,449,5
345,210,4
688,288,5
184,91,3
701,311,5
274,713,5
18,498,4
704,1299,3
702,307,2
189,855,3
435,572,2
757,1090,2
896,76,3
326,1118,2
200,652,2
629,55,4
506,425,4
759,937,4
479,174,5
196,173,2
385,320,3
264,275,5
463,985,1
704,633,5
709,82,4
320,576,3
503,503,3
305,242,5
38,679,5
13,315,5
908,558,4
186,477,4
666,28,3
599,278,3
805,240,3
276,728,2
181,1281,1
664,483,4
682,339,2
628,874,5
457,144,5
910,405,4
13,160,4
865,676,2
393,255,4
555,340,4
58,275,5
535,86,4
577,770,4
908,172,3
479,271,3
177,64,4
325,183,3
177,168,4
348,369,3
366,413,4
174,15,5
868,98,4
378,417,3
459,264,4
385,474,5
488,243,3
661,216,5
178,184,5
94,1206,3
343,303,4
747,588,5
885,405,4
805,137,5
417,255,3
43,11,5
49,559,2
567,124,4
880,284,4
691,672,1
211,300,2
24,372,4
648,406,3
719,240,1
418,304,4
129,272,4
936,1190,3
365,815,3
253,97,4
452,384,2
880,49,3
648,252,4
831,354,4
916,1010,4
186,258,1
456,161,3
774,215,3
455,258,5
128,1035,3
393,385,4
548,887,4
401,272,3
389,1203,5
913,83,4
763,230,3
548,333,4
158,568,4
435,393,2
648,635,2
824,687,2
833,284,1
756,642,2
881,226,3
244,88,4
380,428,3
193,941,4
593,478,5
393,449,2
311,518,3
882,121,4
880,801,3
524,265,4
733,1129,4
329,512,4
92,171,4
262,1035,3
218,55,4
92,199,3
709,402,3
405,996,1
354,66,2
823,211,5
452,187,3
363,65,4
334,134,5
660,197,3
276,223,5
250,234,3
933,597,1
267,222,4
210,152,5
130,1047,5
327,294,3
276,54,3
389,1530,2
409,493,4
435,455,3
934,162,3
608,163,1
635,300,3
263,258,3
305,71,3
10,588,4
931,125,4
181,995,1
205,333,4
694,118,4
66,405,3
184,506,4
767,506,5
870,471,4
621,121,3
275,520,4
674,252,2
665,88,3
545,182,3
307,132,4
479,511,5
332,1016,5
360,283,4
44,118,3
619,288,3
463,149,2
25,357,4
748,133,3
805,477,4
669,187,5
251,300,4
924,433,5
533,479,4
378,207,4
201,325,5
279,792,3
282,300,3
379,286,4
915,752,3
297,628,4
655,761,2
758,236,4
234,836,4
299,4,3
248,1,3
457,229,4
42,102,5
82,458,1
655,740,3
689,150,4
406,92,4
655,1101,2
394,651,4
207,195,3
70,398,2
168,25,5
494,357,5
207,562,2
846,1133,2
435,21,4
773,364,4
486,262,1
409,1176,4
92,780,3
354,189,3
141,261,1
168,313,5
533,283,3
318,143,5
927,402,4
6,357,4
747,56,5
616,329,3
44,109,3
559,191,5
796,1049,4
881,88,3
293,1057,2
749,540,3
934,1,2
49,179,5
581,276,3
838,210,4
468,9,5
295,83,5
58,850,5
614,472,3
727,283,2
94,328,3
222,281,3
7,164,5
183,121,3
409,433,4
807,610,3
592,327,4
303,150,5
917,879,2
13,913,1
792,1197,4
277,619,4
52,191,5
460,117,3
201,324,5
294,122,3
354,792,4
932,435,4
923,281,4
821,597,3
134,313,5
27,475,2
346,188,4
883,147,2
428,331,4
643,403,3
181,1328,1
401,278,4
756,66,4
363,7,3
145,934,1
537,553,2
183,222,4
221,496,3
110,779,3
65,1041,3
436,715,4
804,412,2
655,135,4
422,452,3
567,9,4
216,1218,3
721,326,4
315,178,4
323,245,2
655,1111,3
76,192,5
640,81,5
450,476,4
901,96,5
641,484,5
846,638,4
894,905,3
488,633,5
664,664,4
13,357,3
86,259,4
535,357,2
803,304,3
916,369,2
22,202,5
328,326,4
882,515,5
311,423,5
389,1168,3
532,164,5
932,9,5
314,1014,3
435,800,4
872,1284,3
222,451,3
488,385,4
693,514,4
532,931,3
682,191,3
768,275,4
314,379,3
207,290,2
95,15,4
110,288,4
691,56,4
145,933,1
642,404,3
402,13,3
568,483,5
545,54,4
722,148,3
291,800,2
11,277,5
399,94,5
301,90,3
185,237,4
650,809,3
177,238,3
707,378,3
579,1,4
320,976,2
429,511,5
863,754,3
10,192,4
357,984,3
607,707,4
271,192,5
825,321,3
503,488,5
495,470,5
334,13,3
234,525,4
682,556,2
76,92,4
465,179,3
533,393,4
188,205,3
429,207,4
666,430,4
450,421,4
548,55,5
709,636,3
295,237,4
875,174,5
805,68,3
253,64,5
311,650,3
709,50,5
276,572,3
250,943,4
299,602,3
802,266,3
613,272,5
722,117,4
666,603,4
846,195,4
350,50,5
106,647,3
615,86,5
936,1163,5
351,311,4
130,546,4
617,443,4
334,246,4
655,640,2
809,286,4
846,604,4
133,902,3
207,1147,4
591,511,3
436,537,4
42,168,3
312,1451,4
313,430,5
753,272,4
803,269,5
470,50,5
585,207,5
276,569,4
159,96,4
457,747,4
805,169,4
191,331,4
275,227,3
389,1518,2
861,292,4
773,218,2
848,42,2
365,7,2
49,959,2
595,246,4
804,739,4
751,746,4
836,302,5
693,423,3
940,98,4
774,515,2
262,736,3
85,325,2
409,206,4
660,546,2
607,482,5
180,318,5
384,329,3
645,1159,4
399,302,4
279,1231,4
595,1134,5
66,295,3
605,284,2
846,1107,4
466,324,1
459,866,5
790,660,3
385,262,4
425,338,1
934,153,5
346,658,3
567,100,1
194,218,4
919,181,4
87,120,2
279,534,1
766,630,3
94,151,5
738,47,3
1,152,5
580,405,2
144,106,3
796,227,4
75,147,3
178,783,4
896,942,4
287,346,5
181,21,1
385,942,2
90,187,4
401,26,3
676,890,1
824,288,3
385,521,3
700,28,3
759,222,5
459,969,3
95,683,4
171,272,5
670,191,4
533,98,4
64,520,5
62,382,3
715,156,4
346,1090,2
306,235,4
188,100,4
301,271,4
92,322,3
592,1009,3
406,52,5
399,219,3
844,423,3
617,98,2
637,405,1
87,568,5
6,64,4
686,48,5
582,750,5
497,274,3
222,51,3
102,82,2
90,427,5
664,518,4
528,31,5
332,928,5
606,333,5
540,286,4
119,562,4
913,42,3
144,729,4
360,963,5
824,294,3
871,276,5
200,169,5
854,321,3
268,173,4
151,1041,3
234,153,3
543,197,4
326,181,4
9,402,4
536,153,4
7,616,4
21,443,4
543,761,2
752,909,3
216,405,3
863,268,5
903,11,2
16,15,5
62,448,2
311,642,4
315,603,5
398,191,4
393,313,4
435,826,2
450,908,1
862,478,4
503,427,5
234,493,3
919,25,4
342,47,5
642,596,5
143,347,5
735,332,3
99,342,1
750,300,3
531,1316,4
254,140,4
109,4,2
804,208,5
6,86,3
532,7,5
396,974,4
938,546,3
566,576,2
368,164,3
733,275,3
295,997,3
657,327,1
406,451,2
256,5,5
5,419,3
536,181,5
456,461,4
846,71,4
521,81,1
409,430,4
130,271,5
660,98,4
719,285,4
645,182,5
280,155,5
660,123,2
825,14,3
796,188,2
486,690,2
23,79,4
279,1185,1
617,357,4
327,271,3
862,546,4
181,1067,1
202,96,4
437,202,5
748,22,4
488,69,4
916,229,3
514,1014,2
542,789,3
524,823,4
311,205,5
374,823,1
497,588,4
193,69,5
80,303,4
530,64,5
13,624,5
627,729,1
543,519,4
73,171,5
328,200,4
872,323,2
848,498,5
640,1016,3
804,218,4
530,204,4
459,1115,3
648,1228,3
239,419,3
312,435,4
376,427,4
94,9,5
537,88,2
269,710,1
95,381,4
303,106,2
374,126,3
95,185,3
368,183,5
158,85,4
315,180,4
504,392,5
13,316,5
98,514,5
916,193,4
224,544,1
444,313,4
210,402,5
121,717,5
207,763,3
588,186,4
864,1033,2
365,237,3
802,563,3
280,765,4
132,285,4
600,182,4
357,595,4
363,1010,4
327,265,2
271,274,3
831,298,5
748,169,4
639,655,3
285,205,4
429,100,5
380,554,2
286,993,2
851,1675,3
599,1048,2
647,197,5
436,821,4
193,905,4
363,805,4
897,180,5
854,86,3
920,299,2
875,171,5
871,262,3
580,748,2
614,476,3
254,199,4
272,11,4
391,60,5
183,226,3
230,125,5
751,538,4
870,856,3
534,1054,5
934,229,4
498,268,2
680,9,4
301,1,4
93,1,5
332,431,5
307,153,5
532,491,5
644,546,4
787,879,4
56,122,2
314,1041,4
648,665,2
236,223,5
487,48,2
465,190,4
312,136,5
634,293,3
59,476,2
852,323,3
269,239,2
644,243,4
102,785,2
854,1013,1
835,488,5
632,99,5
798,720,5
488,509,2
632,54,3
605,930,2
454,312,3
927,71,5
501,124,4
10,203,4
210,411,3
416,815,4
102,809,3
497,169,4
661,179,4
295,602,5
131,297,4
425,690,1
705,215,2
664,778,3
409,283,4
373,186,5
569,9,5
881,180,5
437,404,5
918,64,4
693,611,4
539,382,5
295,230,4
437,436,4
450,133,5
102,450,1
716,28,5
314,827,4
713,882,3
450,965,4
840,187,3
697,546,4
901,287,3
461,347,4
829,151,4
835,15,5
416,498,4
883,863,3
886,483,4
104,122,3
450,1050,4
344,357,5
380,708,3
314,12,4
619,96,5
367,98,5
221,174,4
387,188,5
826,420,3
694,183,5
559,513,5
92,96,4
520,678,2
321,603,5
911,211,3
530,255,4
875,183,5
774,1110,1
130,1220,5
268,1054,1
307,168,5
447,293,4
437,50,5
201,183,4
222,1178,2
637,831,1
318,1030,2
242,237,4
164,328,5
854,1061,1
13,137,5
286,413,3
234,289,4
457,1047,2
301,203,4
417,640,5
361,98,5
595,274,3
201,127,5
160,9,3
514,196,5
589,326,1
699,9,2
500,370,3
618,507,4
629,423,5
425,827,1
56,232,4
939,326,5
483,275,4
43,114,5
207,458,3
262,219,3
896,1231,1
125,474,3
405,1578,1
503,707,5
588,402,5
712,575,3
712,747,3
442,988,1
453,9,3
181,986,2
742,321,3
151,506,4
267,622,3
293,346,3
23,367,4
751,436,4
561,511,4
918,640,3
606,287,4
495,157,5
267,470,4
488,480,3
537,1,2
766,712,3
334,657,4
567,47,4
169,705,5
49,85,3
234,265,3
244,151,5
536,84,4
85,630,3
455,222,3
579,234,3
707,525,3
837,9,3
125,796,3
222,585,3
181,829,1
618,70,3
300,948,4
489,266,5
345,88,4
426,133,5
756,527,3
858,754,4
570,879,2
788,589,5
522,11,4
236,203,4
213,170,5
631,294,3
311,91,3
288,69,5
770,246,5
565,207,4
548,1278,4
732,294,3
60,133,4
313,15,2
907,713,5
25,258,5
328,810,3
179,914,5
47,289,4
221,222,3
318,204,5
196,67,5
120,237,3
749,154,5
69,1017,5
289,1016,5
387,62,2
922,421,4
239,493,5
575,321,3
930,275,4
62,402,3
663,473,3
868,239,3
747,262,5
200,826,4
620,1035,4
235,346,4
788,4,3
224,329,3
863,348,2
728,1355,4
417,544,3
374,185,5
864,117,4
85,745,3
21,98,5
454,356,1
887,472,4
749,686,4
799,690,3
831,272,5
841,271,4
760,50,3
655,644,3
936,476,4
45,50,5
541,553,4
870,23,4
532,227,4
339,649,5
622,127,5
276,1135,4
886,1,4
479,422,3
90,527,5
77,191,3
423,258,5
648,931,2
217,405,3
828,179,4
907,762,5
385,210,1
758,174,5
567,430,4
332,300,5
349,20,5
782,888,3
663,123,3
707,1642,5
587,315,4
305,300,3
267,479,4
883,50,4
122,429,3
321,514,4
186,689,4
474,523,5
399,820,4
835,1153,4
618,496,4
674,15,4
436,762,4
174,716,5
537,318,4
269,98,4
498,23,4
487,366,3
374,183,4
776,196,3
508,173,4
371,210,4
293,69,3
848,1118,5
815,28,4
279,301,4
450,1041,4
307,230,5
101,815,3
125,1204,3
254,90,1
664,176,4
415,432,4
815,227,2
671,379,3
214,156,5
448,268,3
778,193,4
712,738,4
597,151,4
244,157,4
788,317,4
387,209,5
846,1074,3
6,137,5
655,118,2
358,382,2
257,166,4
298,153,3
551,470,5
228,275,3
452,134,3
18,485,5
862,69,5
870,690,2
846,518,4
936,628,1
120,742,4
279,412,3
193,194,4
213,70,3
500,181,3
716,88,4
320,849,4
342,421,3
554,252,4
330,238,5
720,995,4
342,950,2
394,24,5
865,471,1
807,625,3
363,116,4
804,156,4
350,127,5
484,144,4
256,1047,4
38,420,5
301,503,3
279,1488,4
525,475,3
56,748,4
37,79,4
442,628,4
864,433,3
280,12,5
834,269,5
774,205,4
487,301,4
894,1073,4
943,443,2
32,245,2
788,58,4
311,136,5
796,776,4
361,276,4
167,1307,2
670,245,4
291,588,4
144,285,4
721,8,4
89,269,5
239,488,5
343,735,5
790,1063,5
576,181,4
854,64,5
363,719,3
99,98,5
512,302,4
5,210,3
758,1022,5
102,194,3
815,1204,5
343,569,3
10,654,5
378,597,3
749,96,5
712,660,4
18,602,3
59,855,4
395,378,5
777,273,4
255,147,4
387,318,3
486,1047,2
579,173,5
267,576,3
340,969,5
498,185,4
486,221,4
528,178,4
471,140,5
593,173,5
850,173,5
194,481,3
634,762,3
276,38,3
877,692,4
90,318,5
48,528,5
173,259,3
128,747,3
551,802,4
296,98,5
699,413,3
64,684,4
373,172,5
327,88,2
618,71,4
924,228,4
757,685,3
661,443,4
443,12,5
119,459,4
747,409,1
846,55,5
799,127,4
246,720,1
311,174,5
7,526,5
681,750,5
398,591,3
897,550,3
286,25,3
344,291,3
484,9,1
754,340,2
20,931,1
914,1406,4
13,7,2
137,51,1
108,100,4
291,1067,4
919,1101,5
11,573,3
401,83,4
434,546,5
778,69,2
296,269,5
232,705,5
851,363,4
158,866,2
711,40,4
854,616,4
433,303,4
882,1052,2
112,748,3
588,22,5
327,216,3
405,1559,1
109,451,5
56,778,4
537,509,4
326,178,5
887,127,3
178,295,3
121,628,3
450,707,5
795,209,5
301,743,2
222,655,4
206,262,1
749,478,5
177,135,5
643,276,5
217,720,3
344,258,3
880,62,3
144,328,3
301,94,4
387,89,5
699,930,2
754,282,4
161,204,2
5,227,4
189,143,5
693,216,4
588,97,2
724,304,4
491,116,5
542,249,4
472,755,4
23,387,3
64,50,5
838,228,4
59,622,4
18,716,5
10,509,4
125,997,2
933,447,2
38,94,5
5,453,1
788,503,4
553,646,4
913,531,2
709,550,3
645,56,3
868,710,3
80,483,5
497,540,2
445,208,2
401,237,3
13,86,1
159,831,2
151,660,4
194,226,3
271,312,2
551,410,5
42,566,5
425,550,4
876,276,4
76,582,3
235,523,5
16,9,5
30,172,4
707,529,4
98,152,3
456,1107,4
891,117,3
896,245,4
836,327,3
298,98,4
303,391,1
207,810,2
249,245,2
222,62,4
579,70,3
790,91,3
291,686,5
343,462,4
308,466,5
854,742,2
259,286,4
676,222,4
436,26,3
459,846,4
863,305,4
479,213,4
537,328,2
326,202,4
778,56,3
193,195,1
790,1074,3
796,615,4
208,310,4
654,318,5
125,364,3
369,358,3
693,197,3
512,186,5
271,487,4
476,367,3
700,423,4
224,147,3
494,183,5
380,1113,4
582,748,3
798,1285,3
774,181,3
181,696,2
894,268,3
682,1035,3
707,640,2
846,772,4
230,504,3
751,386,3
201,1423,3
99,475,5
279,1000,4
846,1220,2
489,269,3
73,179,5
14,498,5
393,70,3
660,444,2
533,1173,4
268,42,4
249,22,5
498,98,4
907,710,4
484,143,4
561,531,1
453,50,5
100,321,1
935,148,4
847,301,5
117,628,5
399,110,2
161,186,4
288,345,5
497,204,3
831,250,5
790,176,3
426,605,4
82,194,4
322,89,3
889,651,4
76,70,4
417,419,4
280,135,4
254,164,4
864,216,4
110,802,3
934,388,3
893,426,4
399,511,3
330,64,5
506,323,3
398,203,4
59,611,3
288,157,4
489,681,3
747,305,5
795,186,3
13,185,3
887,756,5
302,245,2
553,603,5
269,504,4
839,696,2
152,204,4
330,95,5
234,980,2
519,1293,5
840,659,5
747,582,5
542,132,3
551,686,3
196,66,3
157,934,2
537,735,3
650,1039,3
104,744,1
682,833,1
943,121,3
43,692,5
527,517,5
588,204,5
18,631,5
711,155,4
354,153,3
83,781,4
890,843,3
301,186,4
213,455,4
522,133,3
113,294,4
451,261,2
637,815,2
478,69,3
622,157,4
776,318,4
297,231,3
569,237,4
380,241,2
276,33,4
317,245,4
425,145,3
58,210,4
334,100,5
342,124,4
458,9,5
845,340,1
653,405,3
324,877,1
109,72,5
174,696,4
513,472,4
43,289,4
858,515,4
152,283,4
222,101,4
692,326,3
64,480,3
296,1251,5
535,603,4
429,1217,2
678,287,3
533,708,2
601,135,4
721,990,5
416,322,3
642,1032,4
417,1028,3
882,582,5
246,219,5
463,19,5
741,1041,4
658,168,3
429,32,4
122,387,5
716,234,5
790,1047,3
195,1416,2
94,132,4
825,148,4
798,52,3
867,181,5
280,392,5
187,213,4
26,276,4
85,419,5
13,836,2
488,304,4
324,475,5
303,809,2
474,252,4
416,364,2
474,1286,2
645,81,4
286,737,4
942,259,4
487,38,2
328,10,4
748,748,4
416,313,5
452,607,5
733,1047,2
129,1176,4
880,795,2
256,405,4
883,14,3
311,168,4
251,172,5
634,269,4
401,482,4
222,712,3
94,7,4
491,258,4
130,204,5
592,252,3
476,83,3
533,252,4
174,845,5
393,781,4
58,318,3
100,751,4
901,435,5
670,479,5
552,50,4
92,32,3
318,255,4
337,831,1
639,242,4
537,224,3
482,249,2
262,195,2
293,603,5
207,14,4
181,458,3
18,649,3
371,1,4
601,416,3
221,181,4
655,1418,4
621,755,3
758,1034,4
592,820,3
291,412,3
459,333,3
912,610,4
293,168,4
257,462,4
174,347,4
287,240,2
230,607,3
399,123,2
843,515,3
680,285,5
614,14,3
177,223,4
560,100,5
527,588,4
474,259,1
189,7,3
128,405,4
533,546,3
506,48,2
144,276,3
620,50,4
809,333,3
709,4,3
326,195,4
389,136,4
788,748,3
682,26,3
29,1019,4
269,106,1
324,300,5
699,748,2
361,524,4
640,315,5
500,268,5
125,82,5
873,358,2
331,277,4
581,137,5
613,1157,2
279,1305,4
56,447,4
372,1273,4
761,125,4
405,1592,1
222,300,5
587,1625,4
607,180,4
882,131,4
554,67,3
870,1014,2
429,581,2
505,313,5
92,42,4
833,175,4
402,529,4
913,11,4
468,258,4
276,568,4
269,7,3
655,628,3
659,569,2
698,50,5
250,92,5
345,620,2
293,62,1
889,129,5
536,144,4
144,514,5
285,286,3
835,633,5
577,665,4
586,96,4
160,168,4
249,300,4
524,195,2
454,736,3
793,1187,2
401,385,3
648,685,5
137,222,5
116,349,2
864,1112,2
26,118,3
521,229,2
221,39,4
173,292,5
271,466,4
312,157,1
391,71,3
474,1045,4
234,732,2
207,411,3
786,180,4
145,631,4
932,659,5
393,421,2
642,375,1
934,82,4
774,230,2
457,370,3
618,233,3
82,147,3
836,185,5
474,60,3
130,1280,4
577,168,5
644,977,4
936,904,5
191,900,4
470,1067,4
397,65,2
394,672,3
504,40,4
145,135,5
276,432,5
276,2,4
7,324,1
374,1047,3
90,475,3
764,294,3
42,1050,3
865,1047,1
738,697,2
595,181,5
286,721,3
255,413,2
561,156,4
643,94,4
537,59,3
342,26,2
144,204,2
659,451,5
151,163,4
1,34,2
749,58,3
497,152,2
833,184,3
614,717,4
484,250,4
13,530,5
5,396,5
753,462,4
298,210,5
269,661,4
422,672,3
585,171,3
922,919,5
465,87,4
620,768,5
532,746,5
561,597,3
405,185,4
732,289,3
537,753,2
854,11,5
293,298,4
125,384,3
343,90,4
733,1132,4
457,193,5
881,447,4
880,731,4
207,107,3
321,86,4
189,15,2
303,956,4
705,550,2
5,367,3
727,385,3
452,7,5
303,1089,1
59,121,4
660,266,2
478,591,3
363,42,2
883,88,4
671,742,5
790,926,2
606,175,4
910,121,1
902,228,3
21,288,3
200,231,4
406,611,3
194,663,4
303,535,1
29,180,4
417,208,3
532,682,4
144,59,4
765,222,2
701,286,4
238,301,3
568,199,3
56,280,4
279,68,4
723,169,4
151,482,4
159,322,5
220,325,1
922,63,3
256,120,1
495,501,3
183,77,3
214,693,3
897,40,3
886,239,3
399,29,3
301,222,4
181,408,1
330,993,4
436,38,3
253,210,4
223,155,5
125,239,5
450,264,3
747,183,5
670,228,5
893,323,2
880,365,2
323,1012,4
487,779,2
45,826,3
504,499,4
474,591,3
661,189,4
718,1028,4
145,559,2
697,713,5
92,401,3
49,1018,2
524,708,4
892,233,5
566,405,5
537,310,3
592,344,4
943,559,4
250,322,3
253,117,5
716,416,3
1,60,5
91,98,5
660,930,2
378,200,3
537,966,2
320,588,3
294,254,3
347,273,5
378,62,4
406,651,3
655,514,5
592,183,5
441,15,3
747,606,5
749,1023,3
256,1231,3
707,151,4
387,101,4
567,640,4
474,653,4
671,182,4
271,203,4
537,557,3
635,682,2
850,294,5
429,735,4
313,696,3
762,332,1
7,676,3
235,174,4
151,12,5
731,655,5
632,71,4
566,64,5
59,736,5
336,26,5
167,673,4
682,157,4
799,50,4
927,815,3
880,148,2
399,806,3
588,1061,5
674,751,3
393,181,4
293,1229,1
714,685,4
796,91,2
542,393,3
862,845,4
90,149,3
387,92,4
263,69,5
322,508,4
601,472,1
402,864,3
592,20,4
708,676,3
727,25,3
303,979,4
181,277,1
368,670,3
551,89,4
648,629,4
117,789,4
757,326,3
496,825,3
928,496,5
216,237,5
694,1263,3
934,154,3
620,35,3
796,249,1
660,456,1
774,180,5
733,224,4
435,240,3
303,181,5
422,325,2
361,26,3
32,181,4
749,226,4
389,642,4
831,315,3
749,434,4
638,161,4
917,121,1
764,747,3
194,1409,2
870,154,4
921,845,4
618,1468,3
449,410,3
593,5,4
279,294,2
487,474,4
389,478,5
176,268,5
110,1231,2
273,690,4
374,181,3
604,127,4
87,1177,1
196,285,5
731,478,4
733,820,2
200,473,4
634,275,3
60,327,4
901,35,4
42,175,2
698,640,2
495,431,5
276,800,3
805,549,3
1,107,4
565,382,5
553,515,5
109,940,3
548,302,4
407,949,3
318,378,4
695,991,5
790,1119,4
501,147,3
533,100,5
287,222,5
141,823,3
296,153,4
793,50,5
479,176,4
188,485,3
374,289,1
760,172,3
500,475,5
660,17,1
416,155,5
267,554,3
336,591,5
334,512,4
916,428,4
268,578,2
154,474,5
524,573,4
542,47,5
286,472,3
197,720,2
450,705,4
753,322,3
663,148,4
716,56,5
276,949,3
477,237,4
213,286,3
846,357,4
506,202,5
279,1244,3
249,241,5
524,1113,3
506,517,2
638,186,5
940,343,2
54,272,5
178,99,4
141,831,2
416,255,5
337,449,4
889,3,4
120,405,4
92,1079,3
650,234,4
440,515,4
568,479,5
394,67,5
501,406,3
376,301,3
667,316,4
919,477,4
833,819,1
453,742,3
87,1049,3
42,606,3
454,589,2
889,185,4
465,258,5
615,26,4
929,589,5
110,315,4
690,12,4
886,191,5
546,56,5
634,300,3
345,223,5
155,872,3
642,1285,4
254,257,3
230,154,4
609,314,1
938,243,4
803,242,5
128,71,4
303,134,5
543,118,3
224,555,3
600,96,5
276,217,4
712,71,5
916,134,5
489,302,5
737,96,2
4,329,5
854,829,2
829,284,3
107,288,3
389,371,4
484,405,4
800,275,4
540,741,3
296,240,1
76,288,2
280,153,5
921,215,4
902,497,5
459,332,3
823,408,5
301,29,4
940,792,2
629,326,3
83,121,4
920,331,3
571,32,2
823,187,5
667,475,5
250,629,4
70,343,4
64,12,5
264,659,5
358,918,1
266,676,3
752,259,5
527,86,4
435,338,2
743,273,3
806,209,3
44,249,4
733,13,3
70,227,3
435,746,4
454,984,3
265,50,2
684,393,4
880,1058,2
843,214,3
790,709,3
306,116,5
430,248,3
215,70,3
436,974,5
796,939,3
22,68,4
418,346,2
624,122,3
506,222,4
524,1166,5
683,302,5
45,597,3
151,173,5
261,340,5
345,70,5
846,955,3
766,366,3
24,919,3
542,99,5
244,1053,2
148,501,4
271,528,3
416,83,5
805,96,4
622,183,4
840,588,4
188,204,4
865,847,5
330,44,5
857,328,3
314,692,5
903,1132,3
878,451,2
675,900,4
727,69,4
186,754,2
311,265,5
113,255,5
642,40,4
269,93,3
892,29,2
592,457,1
916,159,3
186,100,4
320,570,4
742,258,5
880,33,3
845,302,3
537,292,2
63,294,2
365,271,4
1,209,4
102,334,2
326,239,3
879,751,2
323,150,4
150,293,4
326,530,5
230,96,2
773,959,4
456,708,4
224,1058,3
213,281,4
117,406,3
474,655,5
591,79,4
151,561,3
83,249,2
612,15,4
417,7,3
901,688,2
533,28,4
913,481,3
448,345,5
854,303,3
373,2,4
943,585,1
356,294,1
318,12,4
119,1197,4
23,512,5
194,188,4
500,122,3
270,815,4
269,818,3
506,449,2
655,945,2
391,238,5
417,597,3
807,2,4
504,623,3
328,1107,3
903,1009,4
45,1060,3
826,82,3
887,655,1
798,151,3
881,257,5
562,432,5
537,241,3
673,272,5
685,873,2
90,100,5
72,654,4
864,195,4
896,358,1
253,190,5
486,332,3
64,275,4
577,25,4
788,726,4
454,169,4
330,866,5
88,311,5
143,322,4
650,99,4
336,1079,1
543,195,4
695,358,5
648,173,5
198,237,2
326,378,4
878,50,4
647,403,4
903,185,5
280,566,4
131,276,5
358,511,2
58,134,5
897,211,5
357,546,5
830,56,2
766,402,3
152,67,5
486,235,2
548,56,5
916,46,4
99,409,2
751,399,3
727,790,2
774,28,3
870,425,4
125,357,3
332,595,4
727,982,4
835,609,4
929,172,4
918,499,4
690,67,4
443,260,1
792,405,3
648,928,4
695,311,4
138,1,4
716,229,3
775,900,3
416,199,5
1,213,2
731,487,4
313,740,2
246,1073,4
644,294,4
149,325,2
922,99,4
863,886,3
880,27,3
417,217,4
271,4,5
504,84,3
425,943,4
199,286,5
296,504,5
699,764,3
303,405,4
92,304,4
222,418,2
460,303,3
671,685,5
181,743,1
472,395,3
661,185,5
277,117,4
388,690,5
416,79,5
342,518,3
682,941,4
7,585,4
236,313,4
639,58,3
224,20,1
457,402,4
698,198,2
271,470,3
138,662,4
426,428,2
795,739,1
537,209,4
470,268,2
150,276,5
928,246,5
307,72,3
210,211,5
452,25,2
269,111,1
425,302,5
327,367,4
349,118,2
271,188,2
218,194,3
160,11,4
648,429,4
437,253,1
416,1407,2
392,837,5
588,403,3
643,156,5
223,243,3
896,452,3
690,781,2
235,275,5
648,109,5
326,500,3
533,230,4
201,197,4
634,283,2
870,193,5
215,210,4
59,926,1
16,300,5
11,435,4
94,435,4
99,315,4
314,710,3
254,227,4
703,237,5
457,443,4
532,472,5
666,206,4
387,693,5
561,475,3
455,709,3
807,757,4
65,651,4
154,143,3
207,328,2
234,124,4
833,745,4
746,144,5
416,174,5
533,378,4
375,770,3
912,197,5
334,427,4
925,245,3
354,605,3
379,428,4
588,301,5
275,300,4
619,117,5
445,340,5
197,554,4
416,651,4
262,582,4
445,209,4
95,715,1
881,135,4
38,465,5
87,208,5
804,120,3
919,1,4
308,356,3
398,663,2
254,141,3
141,1142,1
6,166,4
405,39,1
943,569,2
485,294,1
536,234,4
892,118,4
498,594,2
336,949,4
13,48,5
303,386,4
708,1061,3
181,331,1
92,508,5
406,709,5
629,234,4
618,628,2
930,176,3
533,236,4
445,151,4
883,45,5
936,1009,4
178,51,4
1,140,1
452,15,4
198,265,3
561,40,2
595,255,3
863,355,4
428,751,5
655,320,5
18,172,3
294,21,3
864,619,3
782,1082,3
452,1383,1
94,800,3
267,475,5
808,875,4
804,929,3
849,625,5
303,229,3
92,408,4
707,294,2
178,9,2
87,715,3
521,144,3
321,515,5
5,172,5
442,168,4
833,118,2
254,172,5
292,515,4
434,1095,5
889,357,4
795,123,4
215,186,4
151,50,5
575,215,3
495,523,5
248,515,5
663,9,2
256,97,4
82,756,1
85,449,4
496,288,2
185,223,4
23,194,4
94,346,4
916,767,4
177,59,4
185,740,4
528,485,2
64,216,4
188,79,5
716,630,4
275,636,3
624,245,3
906,9,4
751,56,4
805,148,2
458,735,2
9,385,5
405,183,1
71,153,4
233,216,5
138,14,3
62,24,4
882,176,4
749,1051,3
438,50,5
554,378,4
461,121,2
539,963,4
561,97,3
223,259,3
175,215,5
780,520,4
263,210,3
221,1267,3
560,108,1
437,186,3
397,8,4
189,657,5
523,186,3
540,109,4
658,923,3
918,792,3
299,577,3
798,174,4
484,111,4
130,894,4
256,685,5
145,898,1
290,405,2
246,425,5
622,1060,3
186,257,4
601,834,1
889,705,4
38,1036,4
943,412,2
254,99,3
214,100,4
64,731,3
705,1544,4
727,22,4
610,419,5
13,275,3
894,319,4
665,393,3
318,934,4
605,64,5
23,145,3
385,675,5
97,526,3
870,127,5
919,264,3
437,1227,3
324,125,5
1,129,5
193,286,4
436,546,3
507,300,5
57,144,3
668,355,2
537,573,2
577,174,5
234,154,3
339,235,3
64,326,3
847,735,4
405,398,1
854,203,4
402,408,5
26,333,3
64,300,3
297,748,2
207,520,4
886,43,2
405,566,1
270,98,5
399,772,4
541,812,3
94,1089,2
367,145,3
497,388,4
98,210,4
327,749,3
93,275,4
714,15,3
239,1192,1
463,275,5
450,750,3
382,23,5
826,228,3
437,507,5
690,197,4
42,756,5
655,1288,3
540,9,5
37,210,4
409,216,4
587,300,4
59,1074,4
311,967,3
882,89,5
86,289,3
843,96,3
454,751,4
57,473,3
567,181,1
655,660,2
373,213,4
535,79,3
479,270,4
293,380,2
741,1152,3
540,117,4
870,813,4
233,91,3
160,117,4
145,9,2
753,22,4
296,276,5
398,204,4
806,228,4
206,1022,1
313,443,5
223,717,1
322,258,4
716,265,5
595,121,2
615,180,4
756,473,3
332,77,4
805,144,3
650,137,3
181,1282,1
474,173,5
913,169,4
81,619,3
328,1135,1
922,143,4
943,685,4
94,569,1
41,174,4
404,245,3
194,234,3
293,186,2
889,575,3
823,25,3
413,307,2
48,524,3
897,1254,2
302,988,2
45,276,5
749,636,4
387,1240,5
5,63,1
5,21,3
576,208,3
311,708,5
560,1021,4
535,919,4
606,257,5
94,654,5
268,235,3
38,672,3
455,9,4
374,222,4
620,931,3
453,797,1
524,582,3
179,750,1
643,501,4
307,193,3
279,824,4
450,208,5
561,678,2
727,50,4
663,1067,3
108,121,3
237,83,4
5,153,5
896,482,3
106,1,4
782,691,3
1,268,5
643,187,4
716,472,3
724,887,3
496,1614,3
470,544,3
225,480,5
474,293,4
354,533,5
13,884,2
620,28,4
908,300,3
526,748,1
160,604,4
178,1157,3
402,286,5
566,213,5
556,288,4
65,25,4
422,563,3
795,175,5
601,276,4
474,9,5
327,435,4
648,112,2
5,162,1
104,310,2
178,258,4
286,173,4
761,127,3
37,841,3
484,655,5
671,201,3
499,430,3
416,790,4
121,100,4
579,748,3
918,487,4
328,578,2
370,321,2
218,100,4
270,217,5
479,135,4
308,402,4
778,28,4
674,125,5
642,135,3
285,194,4
271,58,3
250,367,4
527,475,3
537,745,2
534,760,2
437,319,5
523,662,4
849,143,5
151,25,4
95,712,2
406,213,2
620,404,4
94,447,4
660,254,1
694,226,3
741,660,3
543,509,3
897,717,1
181,598,1
399,307,3
588,742,4
212,199,5
435,1401,4
943,127,5
387,1115,3
869,122,3
43,286,4
303,234,5
815,405,4
276,658,4
656,301,3
49,1028,2
450,550,4
337,106,2
181,1353,1
537,127,5
666,856,5
450,428,4
109,278,3
165,223,4
927,195,4
256,36,3
77,173,5
41,474,5
609,313,5
271,506,4
577,210,3
533,663,5
6,523,5
788,809,3
311,216,5
256,151,5
592,432,1
516,181,4
303,1224,2
592,339,3
825,290,4
94,451,4
727,651,3
757,7,4
135,802,2
660,257,4
897,187,5
749,176,4
521,249,4
90,1020,5
21,976,1
354,1017,3
210,568,4
71,181,3
890,172,5
899,566,3
90,215,2
437,144,2
648,202,5
561,25,2
256,932,3
119,40,4
305,222,2
913,60,3
89,845,2
563,294,3
392,515,5
311,367,3
906,129,4
22,201,4
810,678,4
595,346,4
923,831,4
663,182,5
49,1070,3
405,205,3
663,405,3
537,873,2
201,1245,4
412,96,5
880,239,4
828,958,5
234,466,4
627,1267,4
102,302,3
417,546,3
1,240,3
130,681,3
722,124,4
603,747,3
327,663,4
290,520,3
897,193,3
788,712,3
884,736,3
432,100,3
416,67,4
650,485,3
204,482,4
98,173,1
625,100,3
18,952,2
921,380,4
318,481,4
663,1,4
14,70,1
222,97,4
435,381,4
69,298,4
886,71,4
174,65,5
380,1045,3
665,721,3
320,974,3
601,157,3
629,684,5
934,94,4
201,558,2
239,605,4
21,980,2
839,458,5
257,324,5
295,73,4
197,33,2
885,186,4
56,1047,4
850,228,5
717,980,4
101,841,2
23,229,3
339,209,5
64,72,4
144,461,4
407,99,4
315,741,5
389,1052,2
405,733,1
766,434,5
835,526,3
694,132,5
715,274,3
237,408,5
224,22,5
886,1010,5
617,440,4
43,473,3
889,944,3
664,660,3
562,50,5
592,246,5
900,589,5
170,288,3
931,1022,1
416,690,5
297,31,3
442,313,3
154,185,5
721,288,3
900,186,2
399,218,4
252,276,5
243,22,3
381,191,5
833,197,3
561,417,2
393,125,4
540,597,4
456,582,5
1,63,2
710,483,5
234,1204,3
436,1468,5
634,924,4
648,554,4
87,449,3
407,502,2
497,226,3
593,164,4
503,134,5
796,1042,4
555,505,4
394,174,5
663,749,3
938,763,4
279,73,4
406,596,3
498,271,2
942,315,4
52,473,4
875,169,5
817,831,1
834,50,5
848,118,2
773,60,5
92,226,3
731,357,5
905,129,4
189,1060,5
758,955,2
833,174,2
63,591,3
655,1134,3
632,588,2
344,181,3
128,392,3
913,28,3
57,257,5
515,304,4
11,718,5
704,134,5
447,281,3
110,184,1
622,41,3
178,1101,4
627,183,5
125,367,4
328,270,2
679,268,4
582,293,5
30,688,3
328,350,3
82,169,4
5,409,2
639,70,3
848,633,3
206,683,1
223,71,5
503,8,5
450,81,4
327,26,3
435,111,3
524,226,3
787,271,1
436,761,4
390,286,4
317,683,2
601,176,2
630,1061,2
224,686,4
870,328,3
323,273,4
199,539,1
328,315,4
8,685,4
381,121,2
584,230,4
805,1157,5
18,195,3
936,1368,5
540,50,5
42,111,1
293,297,4
455,1265,3
222,180,3
586,83,2
692,412,4
233,845,4
387,231,3
347,125,5
892,845,4
895,275,5
72,644,4
145,174,5
149,319,2
277,742,4
291,722,4
164,866,5
671,98,4
250,50,5
267,214,4
186,300,5
163,301,3
922,447,1
406,368,2
372,219,5
781,134,5
269,1135,2
409,173,3
653,472,1
758,362,5
783,750,4
145,751,4
339,856,5
828,61,5
399,356,3
450,274,4
14,176,1
403,274,3
78,288,4
620,501,4
222,226,3
100,302,4
734,487,4
903,238,5
59,640,5
342,111,3
592,157,5
640,62,3
774,211,3
452,203,3
537,15,3
389,591,3
223,332,4
118,433,5
440,883,5
101,147,4
327,89,4
777,245,5
714,300,5
758,285,5
311,705,3
422,1199,3
325,313,2
277,748,3
200,202,5
371,50,4
450,127,5
601,259,1
315,770,3
436,102,4
116,916,2
543,474,5
846,561,3
648,123,4
849,421,5
734,204,4
405,1444,2
379,705,4
546,109,5
493,546,5
279,109,5
458,514,5
122,86,5
899,203,4
118,436,5
323,651,5
577,561,4
639,1163,1
448,321,4
533,177,4
731,481,3
383,435,4
660,405,2
276,636,4
334,515,4
886,144,4
313,50,5
881,172,4
418,313,3
920,340,4
883,209,3
719,255,2
666,92,3
474,618,4
823,478,4
524,211,5
6,487,5
592,191,5
666,199,5
521,290,3
707,641,1
881,95,4
727,567,2
95,7,5
943,239,5
545,227,4
479,230,4
715,237,4
790,959,3
207,226,2
889,856,4
350,530,4
373,655,5
475,539,3
303,867,3
315,48,4
345,174,4
326,510,5
761,458,1
398,154,2
840,186,4
241,292,4
36,358,5
312,516,3
5,29,4
94,715,4
374,1059,2
350,340,4
894,276,5
925,299,3
151,51,4
5,371,1
195,227,3
795,152,4
561,218,3
574,750,3
281,323,3
293,3,2
303,518,4
728,319,3
380,732,4
707,256,4
363,346,4
537,463,3
617,648,3
395,255,3
831,210,5
59,900,4
452,1204,4
299,257,2
933,665,1
942,414,4
659,506,3
297,117,4
144,750,4
589,243,3
561,222,3
151,507,5
618,487,4
151,7,4
677,129,5
788,498,5
268,226,4
629,301,3
122,737,4
222,106,2
148,474,5
94,710,3
932,654,5
609,125,4
554,68,2
303,62,2
16,939,4
933,232,1
524,436,4
145,339,3
770,117,5
435,447,3
360,191,4
442,153,3
624,471,4
642,725,4
328,302,4
364,325,4
881,217,3
377,689,3
201,972,3
376,328,3
592,132,5
721,1026,3
370,435,3
292,919,5
181,1371,1
670,144,4
501,1007,4
42,12,4
483,380,3
830,820,1
373,421,4
886,1489,1
416,402,5
508,186,3
503,452,1
650,484,5
269,88,1
372,218,5
193,1074,3
115,657,3
378,756,3
454,659,2
659,199,4
196,692,5
22,554,1
144,66,4
480,298,2
243,25,3
538,405,3
279,469,4
347,24,3
429,628,3
938,676,3
653,425,2
881,151,2
553,86,3
205,300,3
286,161,2
13,817,1
7,90,3
868,153,2
650,496,4
666,106,2
880,748,4
181,333,3
618,143,4
846,490,4
883,464,5
387,1143,5
425,33,4
389,135,2
190,989,3
17,117,3
301,395,1
279,901,4
231,181,4
588,778,3
363,1073,4
243,737,3
463,121,3
239,505,5
643,205,5
896,414,3
750,271,4
234,1035,3
486,1610,2
151,231,1
773,239,4
28,70,4
452,430,3
899,161,4
367,333,4
178,143,4
798,275,4
716,627,4
457,423,5
110,905,3
405,770,1
293,233,2
597,127,4
766,65,4
374,1,4
109,180,3
500,10,3
37,147,3
727,181,3
316,50,1
222,230,4
398,174,5
804,365,4
568,178,4
178,654,3
256,977,4
748,323,4
454,724,3
246,198,4
887,218,5
506,399,5
660,97,3
710,333,3
201,12,4
733,1163,2
642,156,1
501,151,4
886,396,2
474,143,4
101,471,3
682,1091,3
305,326,2
76,23,5
624,410,4
892,708,4
74,313,5
363,589,3
561,631,3
894,591,4
473,1129,4
563,871,2
275,449,3
13,363,3
280,88,3
605,318,5
886,54,3
226,1117,3
633,289,3
436,273,4
738,751,3
666,760,3
336,208,2
844,2,4
303,204,4
102,546,3
89,213,4
217,82,5
867,300,2
886,403,4
269,124,5
838,191,5
38,432,1
409,1073,4
786,181,4
807,173,3
815,625,4
17,126,4
234,863,5
535,517,4
95,237,2
314,568,5
293,144,4
654,14,2
868,651,5
532,105,3
268,139,2
442,410,4
28,450,1
664,764,4
859,928,3
747,739,3
92,134,4
130,798,1
447,151,3
641,513,5
577,380,3
125,926,3
347,465,3
573,523,4
59,1108,3
429,191,5
790,131,2
303,1337,1
753,499,3
736,246,4
92,89,5
796,578,4
341,288,4
281,331,3
875,527,4
5,437,1
406,209,1
671,181,5
716,837,4
6,520,4
363,946,4
911,272,4
381,588,3
666,81,4
206,258,4
297,326,2
406,124,4
74,150,3
437,654,5
327,179,2
426,211,4
662,1380,2
320,431,5
151,659,5
374,952,2
797,181,5
738,271,3
854,544,3
561,1119,3
403,121,5
446,328,3
308,56,5
293,1042,3
186,295,2
275,50,4
405,787,3
221,578,4
868,1480,1
307,746,4
16,471,3
1,56,4
648,1258,2
7,86,4
820,538,3
128,715,4
777,127,1
46,125,4
339,178,5
393,787,5
682,1,4
218,186,3
486,321,3
303,502,4
429,4,4
474,127,5
463,1,1
89,1,5
613,126,5
682,1410,3
846,168,5
752,313,3
601,455,4
487,1188,3
328,399,2
498,462,3
233,640,2
308,430,4
561,660,3
230,10,3
64,179,5
178,458,3
719,282,4
606,148,3
500,250,4
405,623,1
113,948,3
450,714,4
595,288,3
144,423,5
677,300,5
610,127,5
932,470,3
239,312,2
727,275,3
480,510,4
548,1016,4
181,988,2
736,248,4
216,169,3
145,558,2
49,557,3
702,228,5
524,496,2
537,265,3
845,303,1
458,190,4
821,473,3
263,333,2
846,1101,3
870,95,4
903,13,5
334,746,3
727,928,3
256,56,3
653,862,2
545,550,3
413,297,5
570,303,5
707,715,3
800,118,3
918,69,3
7,32,4
22,636,3
843,74,2
605,286,4
827,689,3
661,218,3
538,100,4
620,406,4
843,127,2
723,137,3
870,289,2
381,216,5
682,693,3
90,923,5
303,209,5
365,995,4
91,31,5
551,991,2
484,56,5
213,508,4
707,211,3
251,471,3
201,181,2
83,117,5
346,673,3
838,318,5
763,212,4
846,381,4
169,308,3
907,173,4
487,845,4
870,591,2
506,482,5
303,619,3
75,742,1
18,957,3
488,144,3
930,1010,2
747,357,5
406,134,5
847,222,5
659,502,4
342,844,3
374,159,4
833,325,4
320,1210,4
405,77,1
707,483,5
541,420,4
829,170,4
722,871,2
222,9,5
561,47,4
399,284,2
764,274,3
474,956,4
217,679,5
270,722,4
695,302,4
220,288,5
85,199,5
904,111,4
783,260,4
456,544,3
636,272,5
198,95,3
881,243,2
77,228,3
179,682,5
259,357,5
548,323,4
721,878,3
714,252,3
561,317,3
606,410,3
918,428,5
709,29,3
676,1654,1
435,271,4
18,526,4
290,483,5
294,546,4
185,514,5
381,525,5
189,176,4
78,871,3
686,197,5
401,655,3
774,732,1
422,379,2
57,1096,3
91,64,4
6,257,2
521,721,4
666,692,3
375,566,4
648,722,3
223,977,2
285,183,4
472,210,5
95,151,4
581,1367,5
894,691,3
354,276,3
324,873,5
42,181,5
405,849,1
222,29,3
96,200,5
537,988,1
628,845,5
268,379,1
697,1047,3
37,231,2
669,527,3
796,152,3
458,321,3
716,496,5
72,405,3
255,218,3
444,328,5
276,840,3
214,39,4
425,204,4
592,423,5
899,518,4
398,159,3
804,949,3
402,16,3
642,356,4
334,449,3
363,1013,3
583,55,4
43,15,5
339,527,4
833,23,5
716,211,5
47,304,3
861,289,5
437,58,4
201,693,4
586,182,3
295,318,5
454,404,3
405,663,2
776,168,5
887,235,3
800,15,4
493,284,4
679,50,5
551,50,2
174,764,4
458,283,5
747,216,2
296,274,4
7,569,4
433,326,2
447,1009,4
268,217,2
838,168,5
524,605,1
804,550,4
125,687,3
222,501,2
85,1101,4
437,566,3
393,191,3
110,226,3
433,137,5
938,472,4
716,81,4
260,322,4
102,635,2
878,51,4
943,468,2
393,932,3
21,748,1
206,294,2
311,726,3
881,69,3
909,707,5
328,528,5
761,748,4
515,300,5
541,402,3
754,619,4
249,235,4
153,510,3
137,411,5
891,237,5
490,302,4
437,180,4
286,309,5
543,1174,3
862,82,4
943,42,5
867,286,5
567,646,5
738,118,3
256,278,5
42,1043,2
201,1426,2
291,164,4
287,11,5
916,735,4
622,434,4
308,233,3
863,873,2
194,576,2
805,739,1
249,137,4
837,286,4
446,288,2
886,474,4
243,514,4
283,625,3
92,135,4
868,55,5
253,100,4
346,156,4
235,181,3
145,673,4
864,189,4
526,277,2
16,199,5
425,127,4
294,1,5
246,77,2
254,842,3
450,505,5
752,268,2
187,70,4
197,288,3
270,581,5
774,569,2
77,527,4
232,357,4
874,14,4
534,291,4
930,151,2
943,62,3
13,435,5
222,399,4
42,411,4
328,427,3
344,198,5
342,974,2
7,566,4
293,129,3
577,663,5
541,274,4
648,153,4
542,122,3
85,855,3
59,258,3
327,131,4
395,258,4
943,201,5
847,180,2
144,480,4
682,797,2
269,512,5
870,1074,2
144,1039,4
815,945,4
328,566,5
882,476,3
417,209,4
537,402,1
457,216,5
790,762,5
922,432,5
562,435,4
534,477,3
472,420,3
527,962,3
629,273,2
868,658,3
560,275,4
536,135,5
249,411,3
214,154,3
117,98,4
484,87,5
598,751,3
524,98,3
151,228,5
492,127,5
206,302,5
92,1023,2
825,1015,2
62,155,1
875,195,4
586,581,2
593,724,3
463,225,3
562,82,5
864,892,3
474,435,5
291,200,4
933,451,1
618,68,3
458,179,4
181,1386,1
269,497,3
610,484,3
144,1147,4
833,573,1
672,756,2
91,1050,3
246,616,5
825,127,3
929,515,5
588,692,4
835,187,4
547,316,5
210,167,4
178,619,3
518,934,3
907,485,5
747,83,4
416,345,5
846,1451,4
551,204,4
663,333,5
276,21,3
756,147,4
405,648,1
405,1382,1
23,419,3
161,225,1
178,342,4
373,420,4
618,313,4
425,316,4
694,485,4
892,117,4
393,50,5
727,815,3
249,55,5
327,9,5
774,94,2
427,302,4
524,647,3
555,265,3
508,209,5
524,65,4
891,25,5
592,730,4
154,202,3
805,431,1
863,1607,2
401,191,4
370,22,4
186,1399,2
707,88,3
25,480,4
833,512,4
418,328,1
878,794,4
320,274,4
276,853,5
805,181,3
301,95,5
286,278,5
313,608,4
639,865,1
233,261,5
142,7,4
164,690,4
246,827,1
276,388,2
407,729,4
258,748,5
639,792,2
416,875,2
264,430,5
207,205,4
270,781,5
338,945,4
860,1061,3
386,597,3
3,258,2
23,7,4
3,326,2
145,53,2
828,347,1
7,215,4
729,690,2
543,515,4
445,274,2
94,210,4
542,1098,4
417,614,3
374,934,3
180,660,5
661,50,5
648,211,4
897,23,3
653,779,1
463,103,1
287,682,4
236,179,1
267,498,5
276,1036,2
896,1406,3
59,18,4
387,168,5
233,269,5
734,230,2
398,12,3
478,28,3
452,111,3
367,250,5
534,322,4
387,153,4
97,195,5
6,156,3
379,530,5
668,340,4
804,7,4
925,682,4
230,161,5
85,187,5
305,709,5
666,479,4
712,228,3
234,222,3
13,740,1
643,428,4
924,896,4
25,265,4
82,588,5
64,663,3
653,367,3
70,1145,3
543,371,5
749,141,4
854,42,4
805,645,5
385,654,5
398,1041,3
817,363,3
92,692,4
715,282,3
385,136,3
487,258,5
495,139,2
586,227,2
177,271,2
764,278,4
867,474,5
650,614,3
409,475,4
639,517,2
698,489,3
276,174,5
11,739,3
314,808,4
481,204,4
373,169,5
128,275,5
392,285,3
486,473,3
295,965,4
59,470,3
782,1254,3
22,176,5
805,231,3
38,616,3
99,22,5
846,241,4
200,1411,3
21,844,4
708,1051,4
601,357,4
798,2,4
10,333,4
468,97,5
738,200,3
886,959,3
933,433,1
625,192,2
453,552,2
894,190,5
479,133,2
747,316,4
230,183,3
312,175,3
861,321,1
622,781,3
198,50,5
296,515,5
899,568,4
483,151,2
488,289,1
311,404,3
527,423,3
181,1215,1
117,758,2
275,473,3
130,888,3
655,1223,3
868,679,3
890,480,5
474,1518,3
336,1094,1
126,266,5
405,720,1
676,687,1
95,227,2
340,1133,5
234,1011,3
59,385,4
468,1008,4
1,201,3
429,234,4
425,177,3
684,173,3
434,288,5
32,288,4
763,56,5
199,751,3
391,328,3
592,55,4
300,264,1
271,282,2
690,223,4
201,943,3
567,1021,4
608,508,4
373,216,4
339,1404,5
705,64,5
643,77,3
506,173,4
287,298,4
437,699,4
881,357,5
712,393,3
907,475,3
145,217,3
181,16,1
479,1007,4
738,117,3
705,58,2
345,866,3
68,405,3
387,580,5
536,199,3
490,151,1
349,546,3
5,40,4
334,736,3
244,196,5
416,737,3
13,28,5
320,1188,4
339,99,4
116,896,2
741,204,4
405,1066,1
846,1297,3
623,186,3
279,1312,3
665,357,4
745,1126,2
244,369,4
244,1028,3
22,692,4
154,191,4
588,399,3
240,289,4
632,174,5
308,274,3
6,524,3
346,831,3
432,845,4
194,81,2
503,740,5
770,282,5
892,477,4
305,212,3
82,484,4
932,234,3
60,508,4
232,1,4
815,419,3
102,188,2
943,80,2
570,268,3
336,33,3
671,684,3
656,903,2
551,286,4
291,121,2
91,529,4
350,153,3
567,248,4
343,77,3
101,281,2
677,405,4
789,1012,4
16,321,3
450,725,3
622,169,5
363,831,1
660,72,3
320,421,4
865,926,1
910,117,4
144,96,5
233,483,5
788,1273,3
693,222,2
301,155,1
545,234,3
798,1270,3
892,144,5
4,354,5
179,354,4
896,124,4
912,602,5
688,307,4
332,824,3
6,535,2
655,770,2
230,132,5
62,181,4
224,751,3
889,92,3
537,543,5
94,195,3
870,646,4
268,450,1
326,177,3
773,183,4
644,261,4
436,23,4
347,215,4
503,124,5
894,287,4
708,125,4
498,12,4
627,735,4
831,358,2
5,447,3
200,1033,2
298,205,5
416,150,5
883,648,4
280,1297,4
99,173,4
379,517,4
195,55,4
319,338,2
312,659,5
119,348,3
851,339,4
916,1135,3
387,854,5
815,168,3
447,474,3
508,168,4
650,29,2
116,257,3
939,298,5
32,259,2
301,1013,3
435,264,3
100,908,1
293,445,4
870,655,4
574,312,4
854,249,3
276,248,4
326,194,4
95,94,5
391,148,3
214,185,5
157,1016,5
405,944,3
380,168,4
896,235,1
596,13,2
363,455,5
692,204,5
59,568,5
279,21,3
486,245,3
788,228,3
280,1060,3
577,208,4
417,298,3
234,473,5
85,405,2
85,657,4
798,443,3
798,731,3
405,195,5
798,498,3
11,727,3
873,326,4
650,627,2
325,1149,4
13,153,4
106,923,4
785,195,4
757,64,5
409,428,4
502,288,5
210,956,3
130,819,3
758,316,5
276,346,4
290,1028,3
18,775,3
43,56,5
234,96,2
454,194,3
892,175,4
854,493,5
639,510,3
710,501,3
258,310,5
429,631,4
601,387,3
299,202,4
25,25,5
178,153,4
486,147,2
639,153,3
836,289,1
640,68,4
716,489,4
756,603,5
282,269,4
417,515,4
373,699,4
346,394,4
875,176,4
486,924,3
75,696,4
487,173,4
117,1012,4
836,286,3
417,483,5
396,100,2
840,525,5
409,65,4
684,395,2
711,151,4
158,202,5
880,931,3
405,1045,3
410,354,3
181,282,4
201,469,4
758,20,4
618,735,3
327,805,4
238,125,3
648,152,5
543,117,3
562,88,5
574,321,1
463,125,4
758,509,5
776,708,5
537,46,3
298,282,4
629,357,4
896,462,3
200,1228,4
923,3,4
387,496,3
155,326,2
216,153,4
894,863,5
99,313,5
380,177,3
669,168,4
610,505,4
524,1268,3
592,427,5
40,272,2
711,845,4
881,183,4
110,1182,2
500,1111,4
286,153,5
349,619,4
472,43,4
727,153,4
226,224,4
844,549,3
92,117,4
363,257,2
504,174,4
422,410,5
186,79,5
465,198,2
402,483,5
28,28,4
313,683,3
664,462,4
928,127,5
940,302,4
267,202,5
796,147,5
221,1067,3
198,156,3
577,55,3
434,111,5
625,154,3
289,117,4
321,463,3
342,499,5
645,23,5
524,684,4
943,825,3
453,174,4
57,1001,1
140,294,3
577,38,2
907,472,5
324,294,5
58,381,4
804,143,3
45,763,2
24,100,5
836,659,5
286,174,4
193,307,4
633,147,4
325,1018,3
518,544,3
807,22,5
328,1518,3
833,93,4
747,900,5
97,115,5
33,313,5
608,133,4
384,313,5
104,237,3
519,1434,5
376,246,3
465,8,4
393,1034,2
690,174,4
885,393,3
16,941,1
82,181,4
249,13,4
24,655,5
178,2,4
634,93,5
763,174,4
338,654,5
537,185,4
846,755,3
499,527,5
119,274,4
435,24,4
676,1234,1
181,1199,1
457,241,3
94,184,2
833,483,4
870,302,4
627,86,3
689,1,3
496,190,5
889,959,3
22,184,5
99,748,4
567,521,3
561,379,2
354,582,4
606,282,4
928,1007,5
374,282,5
697,122,4
151,371,4
814,100,4
268,31,4
346,177,4
385,405,2
257,60,5
618,214,2
796,588,5
451,304,3
213,200,5
660,210,4
847,447,3
551,44,4
222,819,2
592,100,5
608,303,4
470,258,4
271,64,5
552,250,3
58,511,5
345,56,5
617,294,1
457,69,5
718,591,4
383,19,4
774,573,2
839,321,1
938,288,5
119,144,4
379,178,5
307,631,3
178,11,5
504,447,4
922,83,4
6,526,3
259,1074,3
871,183,3
429,436,4
314,1503,3
109,742,5
496,136,1
798,705,4
334,815,3
942,969,4
642,54,4
365,124,4
749,239,4
162,826,3
535,39,4
536,271,3
21,301,4
717,995,5
179,751,1
284,302,4
930,709,4
766,367,2
11,750,5
151,224,5
624,1017,3
423,748,3
908,663,3
312,487,5
710,89,4
342,208,4
796,403,4
922,660,3
2,275,5
438,220,4
798,451,2
297,69,3
188,237,3
181,880,1
271,690,4
807,699,4
263,195,5
940,655,4
923,410,3
140,873,2
714,151,3
311,523,5
184,405,2
246,816,4
932,432,4
629,182,5
665,238,4
561,170,4
345,245,2
834,287,2
64,195,5
527,60,4
519,1062,5
648,121,5
626,327,4
495,158,3
1,191,5
18,234,3
416,184,4
299,423,3
450,313,5
760,631,3
455,39,2
887,763,5
774,449,1
184,89,4
85,1075,3
742,284,3
16,194,5
592,1166,3
24,25,4
840,503,4
729,894,1
894,107,3
99,56,5
276,328,4
75,137,4
455,259,2
932,647,5
896,672,2
660,89,3
308,131,4
840,50,4
921,69,4
145,672,3
497,758,2
179,313,4
690,1207,3
85,340,3
314,246,5
524,172,3
889,134,4
721,875,3
30,780,4
5,387,3
846,443,4
187,241,3
435,562,5
181,1026,1
271,28,5
655,190,3
26,750,4
401,276,4
654,146,3
487,402,4
592,680,1
303,171,4
653,474,4
625,25,2
402,48,5
236,532,2
902,483,4
519,259,1
213,151,5
280,316,5
370,433,3
642,4,3
313,135,5
679,318,5
815,434,3
99,147,5
10,186,4
413,255,3
899,117,4
883,732,3
347,73,2
629,210,5
788,879,4
429,550,3
578,222,4
627,318,5
454,873,2
751,143,5
230,205,3
276,288,4
605,223,5
10,195,4
804,396,3
373,378,5
821,389,5
758,419,4
938,742,3
244,162,4
104,534,2
180,1119,3
354,242,5
706,100,1
864,559,4
378,655,4
222,1041,3
385,658,2
28,201,3
878,435,4
901,795,3
16,155,3
293,137,3
751,655,3
417,223,5
870,568,4
380,357,4
293,665,2
59,1111,5
782,1279,3
182,237,3
715,433,2
309,879,4
618,56,4
771,71,5
741,423,3
711,172,5
764,21,2
497,382,4
488,173,4
896,554,2
312,625,3
763,738,2
896,1208,3
934,50,5
387,569,2
207,22,3
334,945,4
293,26,3
49,204,1
230,143,5
381,582,5
160,213,4
56,176,5
771,709,5
276,448,4
244,276,5
283,432,5
23,385,4
13,889,3
148,56,5
504,282,4
916,737,3
505,526,5
163,202,3
853,270,4
659,855,2
299,25,3
619,295,4
693,660,3
664,194,4
221,268,5
648,671,3
7,93,5
5,235,4
485,269,4
90,216,5
514,48,4
130,71,5
893,531,4
354,660,3
399,241,4
201,134,4
112,1106,4
23,432,4
405,23,5
479,71,1
458,48,4
746,403,4
922,288,2
267,550,4
598,292,4
606,1280,2
465,705,4
239,204,3
325,484,5
807,404,3
298,134,5
249,114,5
450,637,4
118,853,5
401,663,1
275,423,4
378,49,3
175,11,5
269,1020,4
297,153,5
336,407,1
781,172,5
435,946,2
327,498,4
693,673,4
533,193,4
934,228,4
327,215,4
886,62,3
286,176,4
927,449,4
740,319,3
457,196,5
741,88,4
387,180,4
257,100,5
214,298,3
250,151,4
349,475,4
843,588,2
59,705,4
69,689,3
624,137,4
524,143,3
328,289,4
342,412,3
406,1079,2
627,215,1
758,959,3
716,257,5
749,245,4
406,32,5
667,487,5
529,294,4
833,206,4
94,1222,3
124,172,3
425,679,3
868,615,4
527,1109,3
830,227,3
503,223,5
380,1101,4
158,194,5
786,429,4
570,326,1
878,276,3
402,117,3
60,708,4
355,310,4
577,735,5
346,97,4
514,169,5
201,32,3
43,144,4
487,841,2
852,841,4
304,286,1
351,882,5
655,1046,3
207,186,4
119,689,4
627,1135,3
292,535,3
450,419,5
117,977,3
863,906,4
503,387,4
296,198,5
421,672,3
758,1142,5
487,25,1
313,402,3
271,239,3
110,63,3
308,448,3
682,3,3
804,763,4
373,179,3
861,531,4
72,25,5
92,238,5
470,129,3
707,1107,3
502,328,4
560,1160,3
450,801,4
30,403,2
205,294,3
207,531,4
102,501,2
568,525,3
326,170,2
254,967,3
160,410,4
653,402,1
389,187,5
606,660,5
326,265,4
95,728,3
768,340,2
288,205,5
399,946,3
524,194,4
417,23,3
624,1012,4
49,432,5
715,161,5
514,25,4
184,241,3
521,250,3
277,473,2
622,725,3
160,288,5
749,468,3
727,98,4
301,22,4
634,21,2
894,293,4
441,300,3
554,684,4
913,919,4
299,955,4
674,181,4
486,21,3
404,333,2
38,1037,4
846,139,2
43,735,4
265,111,2
280,11,5
276,302,5
749,86,4
275,22,3
452,154,5
385,461,4
43,686,3
492,1121,2
546,898,4
547,301,3
886,1421,2
50,276,2
71,154,3
548,127,5
394,161,4
75,1001,1
592,922,3
517,275,5
130,284,2
500,660,2
171,887,4
251,298,5
551,779,4
429,132,3
474,230,3
110,385,3
168,988,2
735,245,3
734,222,1
375,1046,2
854,509,4
221,327,4
13,91,2
385,1071,4
930,171,1
648,596,3
677,1,4
751,214,4
838,255,4
60,265,5
532,722,3
18,79,4
279,101,3
405,679,1
207,53,1
165,318,5
493,328,4
456,697,4
458,178,4
802,264,4
663,151,3
145,3,3
361,475,4
661,357,4
833,38,1
532,559,5
372,185,5
782,990,3
307,529,4
301,299,3
405,745,1
924,181,3
406,434,5
623,194,5
757,423,3
393,169,3
504,581,4
262,50,2
460,245,3
535,686,5
466,566,3
741,1074,2
889,646,3
387,434,5
435,1291,1
316,289,2
180,469,5
20,1,3
48,1065,2
508,188,4
649,678,3
204,191,4
111,286,4
524,170,4
682,862,1
1,87,5
279,1039,4
880,140,4
308,822,4
521,227,3
648,145,4
907,248,5
23,173,5
749,204,4
121,294,4
174,937,5
6,321,3
883,382,3
291,223,5
354,79,2
405,1147,2
727,183,3
749,9,3
757,358,3
24,324,5
64,182,4
293,15,3
130,7,5
616,937,4
268,83,4
893,148,3
846,231,2
21,834,1
468,23,4
846,569,3
59,133,3
303,176,5
682,58,3
537,140,2
23,98,5
447,815,3
316,651,5
311,187,4
357,687,3
878,739,3
627,518,4
671,231,3
387,161,1
22,411,1
804,22,5
880,315,5
694,1126,5
14,492,4
167,83,5
407,96,3
406,945,3
113,262,2
51,485,1
161,274,2
533,181,5
655,750,2
207,1226,2
682,122,3
406,234,4
802,748,4
232,172,4
910,597,3
497,153,4
51,136,4
537,303,4
937,508,1
320,732,3
405,229,1
563,476,3
554,179,3
407,194,4
327,98,4
747,521,5
303,9,5
542,763,4
458,1039,5
90,1086,4
437,196,4
387,593,3
897,185,5
339,204,3
620,924,3
279,415,3
937,9,5
387,295,3
158,514,3
509,751,3
532,1240,2
488,100,2
332,833,5
487,559,3
185,480,4
718,926,2
346,83,4
506,230,4
648,111,5
88,308,4
334,231,2
882,739,4
330,468,5
831,687,2
856,749,3
648,930,3
200,1,5
308,148,3
533,673,3
279,1271,4
345,54,3
529,310,4
238,756,3
276,128,4
706,331,5
913,428,3
435,42,3
213,143,5
107,269,5
49,151,5
437,95,4
562,727,5
222,734,2
359,273,4
398,73,3
864,966,4
403,288,4
234,10,3
834,9,3
222,377,1
188,164,4
1,103,1
738,225,3
360,496,3
896,313,4
835,405,3
327,203,3
205,875,2
151,922,4
717,294,3
703,471,4
625,588,4
593,322,2
222,1029,1
387,625,2
193,1132,3
174,162,5
268,1041,1
363,237,2
749,1274,2
747,347,5
102,810,2
713,1434,3
64,197,3
621,576,2
428,313,5
43,52,4
92,551,2
92,124,4
405,859,1
666,258,4
456,1222,2
402,25,4
299,478,4
181,305,2
465,174,3
603,180,4
307,173,5
496,135,2
720,306,4
417,628,3
468,116,4
21,669,1
600,265,3
450,229,4
810,288,3
399,203,4
630,243,2
493,298,3
181,1332,1
857,547,3
889,568,3
85,842,3
393,686,4
930,871,3
313,77,3
298,174,5
474,255,4
230,204,4
666,127,5
216,67,3
872,409,3
805,238,5
621,398,2
682,48,4
301,425,4
889,746,4
59,58,4
898,319,5
530,357,5
821,234,5
84,15,4
778,405,3
766,91,5
778,8,1
320,2,4
796,391,4
697,254,2
293,227,2
92,168,4
632,739,3
2,290,3
63,126,3
666,319,4
55,597,2
749,1092,3
287,1067,2
751,916,1
264,288,5
449,462,5
60,64,4
833,76,2
907,764,4
268,860,1
892,276,4
318,140,4
198,218,3
592,603,5
363,226,1
1,255,2
71,177,2
186,385,4
655,402,2
181,1010,1
690,514,1
815,222,4
57,546,4
834,245,4
347,427,4
5,408,5
806,238,4
279,22,1
194,192,5
567,257,3
852,597,3
858,293,3
536,8,5
423,323,3
831,340,4
749,222,3
251,1028,3
859,381,4
202,173,2
472,33,5
802,260,4
405,668,1
863,336,2
940,879,3
233,50,3
268,357,4
653,139,2
308,632,3
538,42,1
383,193,4
385,498,3
655,508,3
332,326,5
13,554,2
338,169,5
634,950,5
425,258,2
748,657,4
482,127,4
754,117,4
58,50,4
219,433,5
567,185,5
291,1505,4
399,455,4
556,323,2
757,432,3
136,137,5
469,136,4
339,525,5
796,237,5
344,8,5
158,107,3
234,148,3
892,5,4
379,141,4
178,216,4
449,269,5
24,294,3
222,763,3
828,1068,4
503,164,3
894,250,4
505,193,3
407,143,4
171,327,4
119,64,4
700,174,4
833,209,5
887,252,4
854,12,5
913,131,5
84,823,3
59,727,2
457,845,4
608,736,4
280,739,3
757,1016,3
68,458,1
425,229,3
269,405,1
804,642,3
489,310,4
918,664,4
758,253,5
474,150,5
796,778,4
753,79,4
731,237,4
85,692,3
869,253,4
664,54,3
798,38,4
712,26,2
653,215,2
716,488,4
883,302,5
561,219,1
889,782,2
504,561,4
507,751,5
708,1028,2
207,242,4
715,480,5
339,823,3
15,255,5
587,313,5
684,178,4
763,505,4
863,354,1
750,886,3
13,1,3
753,215,5
739,168,1
770,111,5
303,790,4
758,328,1
892,180,5
480,114,4
807,596,4
925,323,4
748,174,5
188,628,5
889,462,5
346,181,5
178,70,4
758,237,4
690,393,4
776,174,5
824,991,3
65,427,5
707,1120,4
101,928,2
663,455,2
601,64,4
463,282,3
413,471,4
169,525,3
16,318,5
551,300,4
418,269,5
91,136,4
472,323,4
817,329,4
459,322,4
644,259,4
42,194,5
10,511,4
249,546,3
833,273,3
892,405,4
327,517,2
344,815,2
898,258,3
557,269,3
561,494,4
588,382,3
790,1471,2
890,660,2
756,409,2
378,1523,2
655,428,3
138,56,5
523,508,3
417,943,3
115,177,5
810,878,4
125,511,5
620,125,2
938,815,3
848,527,3
536,180,4
320,552,4
504,5,4
629,11,2
927,230,5
330,422,4
210,160,4
807,416,3
6,340,2
519,324,1
234,1051,2
144,70,4
727,128,4
174,246,5
807,384,4
144,251,4
297,137,5
634,408,3
279,47,4
303,436,4
452,197,5
186,356,5
664,73,2
7,183,4
751,558,3
747,875,3
682,327,3
780,210,5
450,157,3
887,465,5
487,956,4
161,56,3
267,159,4
650,604,3
715,1215,1
269,401,3
301,1028,5
393,710,4
195,300,3
130,1089,2
195,67,2
840,640,3
759,127,2
627,1004,4
213,609,4
664,497,3
313,31,4
94,722,2
815,175,3
488,168,4
768,222,4
293,293,4
509,328,1
786,528,5
16,161,5
632,143,5
63,257,3
244,1168,4
402,135,4
903,272,4
692,168,2
345,26,3
141,294,4
639,168,1
393,871,3
189,194,5
64,70,5
22,433,3
385,500,4
805,552,3
100,879,4
911,427,3
850,22,5
135,5,3
141,293,2
486,100,5
279,1266,1
222,90,2
163,234,3
291,562,4
425,294,2
533,293,3
868,178,5
664,450,3
514,393,3
178,568,4
724,322,1
85,751,3
420,331,3
44,237,3
172,23,3
464,321,4
666,492,4
625,522,3
21,441,3
709,183,5
59,477,3
330,447,4
337,380,4
106,165,5
15,748,3
715,425,4
450,373,3
154,484,4
908,79,4
42,418,5
912,507,3
324,322,4
234,966,4
268,949,2
815,79,4
216,735,5
705,257,4
295,740,4
414,294,2
459,678,4
324,301,5
497,229,2
22,1000,3
11,24,3
480,166,5
406,521,3
682,924,5
31,79,2
725,264,1
249,294,3
851,412,2
474,603,5
151,549,4
615,135,4
892,227,4
757,651,4
26,292,3
524,273,3
575,127,2
203,151,4
735,126,3
724,1234,1
119,407,3
629,475,4
899,684,3
881,414,5
391,1163,2
118,474,5
722,310,4
267,100,5
773,732,3
66,508,4
868,90,3
775,310,3
7,428,5
671,219,3
336,1074,5
210,173,4
59,1120,1
59,50,5
474,87,4
13,333,3
800,1,4
932,524,5
244,1107,2
897,405,5
770,257,4
665,1225,2
286,82,3
627,22,5
766,527,5
327,202,4
790,685,4
293,27,3
508,150,5
272,50,4
224,655,4
378,392,3
26,257,3
118,188,5
555,21,4
493,597,4
693,499,4
835,1278,5
864,333,5
472,977,3
125,190,5
851,435,4
846,209,4
72,664,3
279,820,4
305,1073,1
276,732,4
161,181,2
398,31,3
843,204,3
914,197,4
804,233,4
320,833,1
826,177,5
474,192,4
406,461,3
433,435,4
717,313,5
267,411,3
51,692,3
537,530,4
114,98,4
70,151,3
291,159,4
318,396,1
864,125,4
314,64,5
487,685,3
409,1295,1
846,614,5
353,328,2
216,1067,5
7,228,4
877,269,4
805,998,4
859,293,4
336,1230,2
664,1101,3
875,56,5
655,1356,3
792,1335,4
112,332,4
275,228,4
178,123,4
642,1028,4
880,461,4
586,393,3
437,710,4
916,1217,1
708,237,5
62,257,2
95,640,3
528,181,5
253,183,5
757,204,4
250,933,3
524,131,5
301,655,1
389,488,5
303,1040,1
7,642,3
870,2,2
130,554,4
279,100,4
848,484,5
847,756,1
851,228,4
504,127,5
868,646,5
378,21,3
715,79,5
476,790,4
224,658,1
668,311,4
354,606,5
881,27,3
671,1073,3
417,541,2
916,11,4
821,357,5
82,1162,1
731,720,3
270,219,5
911,186,5
472,578,5
804,496,5
112,879,4
51,655,3
13,819,1
273,272,4
393,802,3
10,530,4
693,228,2
201,269,3
5,377,1
405,550,2
833,730,4
897,243,4
193,258,3
455,529,3
399,187,3
87,577,4
393,497,4
13,60,4
209,301,3
95,90,2
833,475,3
318,435,5
468,367,4
416,10,3
99,345,3
276,559,4
590,1014,3
318,869,3
450,67,3
823,197,5
361,216,5
600,1231,2
608,462,4
643,663,4
425,55,4
5,417,3
901,826,2
198,64,4
399,405,3
232,493,4
26,508,3
230,491,3
104,302,5
387,277,4
232,423,4
863,259,1
321,190,4
13,2,3
748,180,4
18,283,5
504,370,3
401,654,3
18,82,3
860,211,3
261,748,3
178,790,3
412,969,3
852,827,2
865,294,4
453,210,4
804,473,4
366,200,5
94,1032,2
79,902,3
831,260,2
158,89,5
357,235,4
606,568,4
495,637,3
650,186,4
816,355,2
479,264,3
805,223,5
226,652,3
693,1090,4
498,164,3
387,393,2
733,279,2
637,148,3
569,16,3
13,811,5
788,183,5
697,343,4
398,230,3
560,211,4
896,367,4
527,153,5
342,9,5
763,59,5
301,710,3
104,678,2
136,313,2
186,1033,3
13,338,1
432,508,5
82,483,5
747,286,4
167,86,4
90,310,3
833,92,2
314,90,2
334,1041,3
458,1067,5
130,469,5
237,528,5
307,135,4
405,735,5
786,357,5
101,252,3
64,2,3
450,188,3
299,473,3
878,318,5
293,251,4
709,567,2
405,178,3
393,720,3
537,1019,1
871,549,3
616,269,4
738,603,5
721,245,3
796,1415,3
704,135,5
2,242,5
535,953,5
872,895,5
354,248,4
181,1382,1
7,178,4
284,313,3
693,1135,3
655,558,4
847,121,3
410,754,3
699,98,4
806,90,4
184,160,3
880,692,3
881,72,2
774,227,5
188,504,3
327,302,3
840,11,3
65,526,4
763,4,5
346,215,3
313,490,4
577,472,4
625,214,4
537,782,3
721,268,4
793,9,3
659,66,4
266,283,3
899,51,1
178,471,4
56,1036,2
753,427,5
207,2,3
805,32,4
342,866,1
78,813,2
919,892,3
31,32,5
479,609,5
840,1266,5
934,732,5
627,92,4
437,281,1
345,300,3
119,109,5
393,233,3
426,98,4
716,274,5
608,56,5
592,123,4
357,1048,2
45,742,4
343,155,1
217,827,2
727,291,4
500,179,4
453,229,2
311,715,2
416,82,5
213,1012,3
927,154,3
24,477,5
58,480,3
250,813,5
709,568,4
313,969,4
361,466,4
749,357,4
669,521,4
58,1019,4
11,699,4
54,24,1
735,333,4
244,833,3
314,1048,4
885,209,2
243,1,4
807,408,3
159,1254,1
399,744,3
592,144,5
655,693,3
130,578,5
499,174,3
92,1016,2
429,498,5
156,772,3
561,652,5
233,482,4
731,845,2
532,204,5
498,531,3
308,708,4
881,199,5
586,779,3
500,552,1
379,577,4
923,181,5
22,523,5
334,208,5
300,409,4
305,174,3
519,991,2
379,704,3
630,930,3
15,927,4
660,1020,4
863,909,3
271,275,4
458,50,2
393,26,3
533,427,4
399,540,2
363,8,5
907,739,5
31,306,3
437,244,3
280,925,4
87,281,4
8,684,4
585,1018,2
394,77,3
295,739,4
270,800,5
711,70,5
758,144,4
781,127,5
25,13,4
880,24,3
314,71,5
436,264,2
194,629,3
655,517,4
498,512,5
560,271,4
347,418,4
884,923,3
162,358,3
484,174,5
2,276,4
655,736,3
647,177,5
462,237,5
716,414,4
232,750,3
919,458,2
314,983,4
496,1133,3
767,141,4
145,549,5
655,32,4
707,962,2
268,1249,2
536,95,5
63,321,3
201,288,4
790,51,3
669,111,4
887,243,1
875,428,4
267,153,5
286,257,3
279,1027,4
406,143,1
390,100,5
110,586,3
385,211,3
179,339,1
453,237,4
269,509,4
896,97,4
434,406,3
450,288,3
693,606,4
643,234,4
748,1,4
406,529,2
533,190,2
715,746,5
790,864,4
851,591,5
908,209,3
711,419,5
447,963,5
82,946,2
329,295,4
234,1186,4
621,1047,3
330,485,5
467,1226,4
127,229,5
8,435,5
373,281,3
468,529,3
280,180,4
125,427,4
5,214,3
58,11,5
364,288,4
330,99,4
542,23,5
144,144,4
727,755,2
393,1225,3
731,427,5
862,10,5
642,623,4
221,154,3
118,135,5
95,226,4
509,50,5
694,52,4
830,294,3
130,11,5
119,451,5
763,61,5
629,7,2
451,322,4
169,211,5
402,1060,3
869,100,5
105,307,2
851,258,4
207,133,4
650,546,1
379,496,5
342,174,2
249,39,4
811,323,5
918,606,4
456,1101,3
562,173,5
417,163,4
919,310,3
592,1025,1
592,324,4
405,1073,1
889,17,4
264,238,5
314,939,4
237,502,4
455,1171,3
113,319,2
360,275,4
94,203,5
408,358,4
774,186,3
881,498,4
286,462,5
379,204,5
798,222,3
137,597,5
878,64,5
700,173,5
773,70,3
535,185,4
306,286,4
6,22,3
864,276,5
332,1150,3
537,1101,3
92,1142,4
401,435,5
460,1137,3
303,432,3
308,615,3
934,213,4
235,188,4
548,98,5
506,294,4
221,940,4
854,461,3
650,476,2
401,537,4
537,143,1
18,707,3
707,1397,1
650,77,3
330,168,3
903,96,2
727,774,3
901,521,2
921,820,3
54,829,2
680,294,4
870,651,3
764,673,4
303,127,5
303,123,4
399,941,3
648,197,3
323,15,3
122,1074,4
796,448,4
18,736,4
425,124,2
533,496,5
496,246,4
235,1464,4
276,571,2
564,1034,3
135,321,4
90,496,4
881,1164,1
722,286,4
394,540,4
363,1056,4
250,293,4
640,184,5
279,198,3
490,137,3
664,175,4
472,746,5
195,61,3
305,76,1
892,516,5
378,939,4
487,1440,4
72,204,4
450,749,4
442,288,4
201,1427,2
788,363,2
738,429,3
339,56,5
62,763,1
277,100,4
363,29,1
899,527,4
893,358,2
487,95,4
186,299,3
577,826,4
593,977,3
509,332,2
152,301,3
298,28,4
472,24,5
778,200,5
253,234,4
378,241,4
314,768,5
498,514,4
886,180,5
550,15,5
913,186,3
560,183,5
395,343,5
592,59,4
399,328,4
95,173,5
181,1034,1
417,923,3
447,209,4
401,429,3
43,153,5
625,423,4
531,894,1
885,181,3
495,655,5
157,255,3
805,1101,5
524,508,5
642,210,5
151,546,2
332,172,5
818,300,2
294,10,3
405,1070,1
328,273,3
345,739,4
415,483,5
470,257,4
749,79,4
805,772,3
97,98,4
7,266,4
452,523,2
139,302,3
91,176,5
660,164,2
746,128,3
512,318,5
265,240,3
463,221,5
293,809,2
467,240,3
298,423,5
44,22,4
85,389,3
921,1032,5
49,1009,3
498,210,2
5,451,1
915,310,3
393,271,3
682,153,3
719,392,4
279,461,3
711,941,3
435,148,3
727,1215,2
248,250,3
399,100,3
619,554,3
435,229,2
222,379,1
326,187,1
854,13,3
313,501,5
26,840,2
156,22,3
119,89,4
217,33,4
655,528,5
49,208,4
490,273,1
873,348,3
653,182,3
303,282,3
318,659,4
514,510,3
170,984,5
415,322,4
13,269,2
548,257,5
495,71,5
17,111,3
168,255,1
90,433,3
913,498,3
107,313,2
195,477,2
618,273,4
693,258,4
355,307,4
453,157,4
456,238,4
894,887,4
397,751,3
537,42,3
345,781,3
806,76,3
145,176,5
303,100,5
293,693,4
72,196,4
346,392,3
577,111,4
325,190,4
634,118,4
561,474,5
416,603,5
466,182,4
130,1244,4
934,134,4
756,550,2
269,162,3
262,451,4
306,257,4
514,658,4
194,474,4
447,183,5
922,579,3
558,286,4
825,508,4
373,318,5
405,527,5
498,9,2
795,235,3
73,748,2
349,985,3
560,132,3
60,237,4
693,50,3
363,906,2
846,1124,4
119,96,5
301,470,4
6,459,2
391,177,4
435,441,3
643,118,2
671,55,3
514,710,5
363,174,4
26,122,1
618,183,4
707,303,3
664,469,3
336,4,4
35,300,5
625,945,3
495,53,1
268,397,2
828,345,1
351,328,4
727,596,4
552,225,3
537,228,3
825,685,4
891,116,3
1,5,3
495,413,5
886,177,4
846,1110,3
158,1098,4
655,212,3
154,357,4
239,531,5
232,498,4
698,96,4
874,111,3
234,474,4
464,479,4
553,520,5
648,105,3
401,194,4
744,481,3
271,443,3
13,288,1
225,245,2
430,64,4
934,172,5
694,238,3
925,333,3
389,527,3
315,303,4
897,1531,4
355,358,4
548,950,4
796,186,3
872,742,4
453,575,2
62,546,4
471,946,2
506,494,5
804,123,4
407,121,4
193,541,1
599,1277,4
234,64,4
21,817,3
151,628,5
632,685,2
846,657,5
758,33,4
561,701,3
821,294,4
756,55,5
299,71,3
342,581,3
159,299,3
592,288,5
83,122,1
727,588,4
457,410,4
903,240,4
399,33,3
346,322,3
96,265,5
458,14,5
249,1016,3
864,542,4
292,226,4
59,595,3
479,89,4
924,836,3
432,410,4
804,468,4
869,237,4
894,290,2
180,235,4
791,306,5
313,1470,1
782,269,3
693,432,4
291,219,4
336,154,5
327,222,2
454,414,2
215,258,3
624,924,4
338,427,4
715,158,2
432,295,3
222,71,4
543,38,3
872,332,3
399,1401,3
425,583,3
474,503,4
593,83,5
766,23,4
629,15,5
92,559,3
18,211,5
185,196,4
297,678,3
670,611,5
746,685,3
617,480,4
184,792,4
682,546,3
543,660,3
577,471,3
40,879,2
864,283,5
437,1211,4
244,712,3
435,54,4
99,473,4
896,774,3
537,699,4
246,172,5
448,307,2
582,321,3
348,477,3
92,281,3
890,134,5
694,657,4
244,58,3
178,235,1
669,82,4
629,528,5
799,289,3
929,50,4
727,132,2
445,235,1
116,324,2
222,162,2
231,50,4
416,100,5
200,840,4
110,790,4
391,69,4
378,396,4
747,1,5
255,672,2
486,405,4
214,196,4
272,22,5
416,821,4
934,495,4
399,817,4
180,785,4
881,477,4
374,291,3
868,503,3
638,168,4
299,168,4
307,509,3
458,405,4
648,435,5
844,45,4
363,117,5
943,27,4
934,25,4
747,1375,4
735,100,2
125,202,5
511,313,5
269,68,3
39,301,3
710,343,3
363,315,3
582,300,3
655,1638,3
654,746,3
796,219,4
717,333,4
16,33,2
650,644,3
755,299,2
363,408,5
87,405,4
447,157,4
537,311,3
819,327,4
569,288,3
308,21,3
698,705,4
919,125,4
588,289,2
682,657,4
13,414,5
463,124,5
922,135,2
805,447,4
907,123,4
617,604,2
224,724,3
468,427,5
660,1419,1
59,1114,5
749,1337,3
328,905,3
870,327,4
160,302,5
122,673,3
913,100,3
355,1429,4
514,357,4
198,658,3
56,728,3
94,161,3
406,72,3
148,189,4
314,1229,2
394,210,4
393,794,4
637,225,3
535,134,5
125,205,5
682,687,2
459,278,4
504,1041,3
336,158,3
943,117,4
92,596,2
569,1197,4
6,13,2
871,147,5
916,238,4
622,625,3
804,282,4
933,732,3
303,1039,5
721,358,1
468,582,3
291,946,4
372,448,4
642,1033,3
276,1194,3
622,31,3
40,750,3
63,15,3
804,206,3
340,196,4
788,679,2
834,237,5
290,158,5
157,273,5
586,385,3
22,186,5
144,197,4
782,330,4
840,616,5
648,713,2
868,50,5
178,678,3
892,481,5
712,90,3
106,15,3
458,531,5
934,66,4
498,197,5
34,329,5
162,181,4
25,82,4
897,168,3
943,427,4
452,1013,1
467,273,4
784,315,4
405,414,1
892,679,3
514,313,5
498,238,4
92,180,5
96,8,5
921,659,5
817,222,4
383,504,4
405,1159,1
221,732,4
222,373,3
139,246,4
890,173,4
207,28,4
159,72,3
83,722,4
927,125,4
442,17,4
541,174,4
479,931,2
790,72,2
416,32,2
917,628,5
43,269,5
58,42,4
140,321,4
613,607,4
476,328,4
588,735,5
13,270,4
690,79,4
913,461,4
906,628,5
311,449,3
835,527,4
274,496,5
697,815,3
663,274,3
774,528,4
815,494,5
455,65,3
715,697,2
272,194,5
253,732,4
766,89,4
43,731,4
460,7,3
86,328,2
301,58,4
854,492,4
451,937,4
773,29,2
7,288,4
494,127,5
934,202,5
805,827,4
650,227,2
84,543,5
899,195,4
429,671,3
554,1,3
934,786,1
216,238,5
206,1062,3
864,563,3
128,317,4
617,424,1
730,151,4
588,73,3
749,38,3
933,159,3
342,1007,4
577,409,5
931,258,3
328,72,3
483,313,2
450,561,4
896,118,2
524,792,4
417,1018,3
236,318,5
180,733,5
318,294,4
711,724,5
110,238,3
119,268,5
543,186,3
290,739,3
561,971,3
476,319,1
416,94,2
543,810,3
373,417,3
445,508,2
894,1009,4
417,167,3
542,432,5
120,50,4
305,91,2
788,187,4
408,271,3
456,369,3
512,265,4
682,932,1
690,396,2
524,221,4
158,286,4
896,135,3
563,167,4
627,732,3
749,449,3
367,800,4
483,109,5
605,1226,4
514,558,4
806,133,5
345,405,4
719,402,4
276,770,4
332,182,5
821,121,3
359,118,3
303,1222,3
407,153,4
679,169,3
629,658,4
756,275,3
352,216,4
922,69,3
194,237,3
635,255,4
296,855,5
435,268,5
242,1,4
831,905,4
934,949,3
201,1128,4
328,23,3
387,381,4
457,230,4
622,1419,2
90,1202,5
350,435,5
346,472,4
393,108,2
642,142,4
479,180,4
479,986,1
681,289,5
496,961,2
262,153,3
592,984,1
380,58,2
667,1101,3
195,771,2
653,1014,2
495,44,3
655,1149,3
600,50,4
416,544,2
870,204,4
625,393,4
279,450,4
420,270,3
714,924,3
399,228,2
394,1079,3
852,820,4
91,484,4
532,210,5
10,696,4
29,268,5
495,386,3
198,526,4
655,38,2
429,705,4
889,728,3
721,335,3
253,173,5
56,794,3
389,346,4
149,345,4
884,146,3
758,252,3
15,866,4
640,4,4
846,4,5
667,427,5
233,603,4
524,679,2
206,314,1
75,866,2
259,15,3
393,431,2
336,56,4
882,258,3
757,455,3
451,303,2
537,132,3
907,143,5
621,79,5
264,240,4
795,1030,3
802,396,2
666,245,3
471,432,1
517,117,4
216,943,5
247,111,5
897,96,5
366,234,1
823,155,3
43,208,5
664,321,3
1,220,3
566,161,4
262,235,2
537,226,2
886,209,4
487,399,5
283,100,4
795,465,3
161,194,1
130,144,5
69,172,5
567,79,2
467,293,4
632,508,2
442,42,4
524,606,4
693,177,3
724,310,5
37,405,4
56,231,3
847,1,3
751,1011,4
854,100,5
892,578,4
782,881,3
568,603,5
821,484,5
145,687,2
659,524,4
264,194,5
760,181,3
846,288,4
215,196,4
648,740,4
368,292,4
378,739,4
417,1057,2
367,302,5
50,123,4
201,1011,3
412,431,4
116,358,2
411,4,4
7,211,5
231,15,4
791,50,5
831,327,2
595,1023,1
621,71,3
95,135,3
750,294,4
825,833,4
271,520,5
833,195,5
896,43,3
328,849,3
868,47,2
217,222,5
345,81,4
393,1040,3
329,331,3
851,1291,2
771,286,2
167,222,4
537,102,1
346,159,4
405,1266,1
24,275,5
653,686,2
267,431,4
109,722,3
840,272,4
276,11,5
748,286,3
790,944,1
561,7,5
826,233,4
417,561,3
82,424,1
588,125,3
466,56,4
838,56,5
405,1548,1
276,420,4
342,58,5
333,276,4
897,141,4
207,171,3
488,98,4
892,210,4
320,739,4
253,588,5
222,160,1
468,7,3
344,191,5
388,258,5
344,204,4
493,234,5
185,199,4
886,201,3
401,477,1
346,1217,4
805,443,5
468,357,5
60,606,4
268,4,4
886,181,5
27,596,2
83,864,4
13,875,1
276,250,4
425,298,4
76,6,5
305,286,4
593,301,4
211,199,5
894,323,2
593,56,5
883,922,5
10,447,4
775,258,4
524,193,4
297,198,3
796,89,5
437,318,4
883,306,3
782,251,3
429,423,4
450,923,5
299,248,5
383,237,4
487,412,1
562,153,4
780,300,3
459,123,3
356,748,4
889,498,4
901,1,5
844,173,5
14,174,5
861,179,1
709,554,4
370,56,2
188,568,4
308,135,5
1,210,4
194,414,3
405,593,1
833,271,5
457,636,4
889,175,4
601,230,4
197,79,5
84,12,5
713,340,3
655,1084,3
663,619,4
15,331,3
913,50,4
801,332,5
368,672,2
398,237,3
470,742,4
150,1,4
672,220,2
681,259,2
741,228,2
13,657,4
551,294,4
751,94,3
659,606,5
655,1011,3
574,303,3
538,692,3
497,1041,3
805,17,4
425,424,2
155,245,2
846,794,5
169,429,3
213,238,5
92,115,3
804,1222,3
652,96,4
417,288,3
197,306,2
633,117,3
638,230,5
325,28,3
577,405,3
435,3,3
605,132,5
809,302,5
12,133,4
308,504,4
648,1030,2
288,427,5
535,447,5
794,275,4
332,728,4
463,597,2
256,974,3
454,318,5
321,9,4
526,1,5
851,879,4
429,50,5
666,135,4
537,1025,1
210,127,5
875,288,4
380,22,4
534,235,4
200,8,4
256,66,4
231,121,4
102,182,3
327,393,3
460,532,3
301,195,5
43,393,4
527,127,5
95,232,4
548,233,5
452,736,3
533,866,2
373,110,3
777,117,5
347,85,5
270,288,5
587,681,2
354,87,3
177,270,1
805,934,1
525,118,3
394,386,3
499,520,3
429,185,4
644,748,4
405,569,1
13,118,4
639,692,3
468,51,3
557,96,5
648,7,3
10,99,5
56,300,4
864,1135,3
751,291,3
486,872,5
207,470,3
830,151,3
919,1136,2
505,553,4
698,258,3
924,408,3
152,33,5
682,183,3
534,756,4
301,735,2
181,1321,1
416,213,5
825,124,3
246,204,3
292,789,4
301,54,3
304,879,3
645,660,3
796,322,3
474,179,5
639,778,5
439,7,4
91,662,4
608,131,4
218,173,3
474,204,4
933,735,3
682,717,3
114,210,3
222,566,4
262,58,3
880,69,4
474,708,4
924,427,4
661,531,4
532,1092,2
458,129,4
659,315,3
274,319,5
275,597,3
894,886,3
213,127,5
504,399,4
566,2,5
655,96,3
537,750,3
361,176,4
324,875,3
880,3,1
308,162,4
173,305,5
497,508,3
452,510,4
724,311,1
435,154,4
846,427,4
346,423,4
436,655,5
138,211,4
880,1030,2
450,659,5
187,423,4
561,1170,3
207,121,3
393,892,3
61,678,3
851,826,4
130,901,1
715,172,4
194,155,3
425,217,1
587,1483,4
450,462,4
379,651,4
804,155,3
546,665,2
354,709,5
32,1012,4
635,748,2
102,316,3
10,404,4
186,98,5
605,546,2
693,11,4
181,1370,1
158,235,1
214,114,4
171,310,4
435,38,2
92,223,5
523,242,5
380,172,3
318,509,5
401,294,1
487,1016,5
886,195,4
336,763,3
891,924,5
200,470,4
474,641,4
405,807,1
922,168,3
665,535,4
6,204,3
303,583,1
497,810,3
432,237,5
313,496,5
298,549,4
456,46,3
848,241,5
727,1042,2
871,989,3
158,209,5
233,197,5
748,189,4
639,659,3
707,654,4
864,54,4
669,902,2
378,1147,4
592,893,1
514,136,4
145,304,2
871,289,3
92,1033,2
49,423,2
650,1135,2
72,708,4
18,4,3
189,1020,4
416,58,5
594,199,4
264,1009,4
281,289,3
561,258,2
119,823,3
69,1143,5
568,56,4
279,4,4
932,447,3
276,1042,1
342,327,4
894,885,2
200,431,5
764,939,4
307,474,5
825,823,4
851,272,5
553,609,4
676,892,4
669,915,3
186,333,3
471,102,5
593,49,3
697,124,5
846,22,4
880,1093,3
233,4,3
650,482,3
200,890,4
413,257,4
711,723,5
478,32,3
59,735,5
307,204,3
195,384,2
867,12,5
535,848,3
376,274,3
111,326,3
716,132,5
178,696,4
244,1150,4
893,118,4
303,426,3
551,762,5
343,179,5
888,792,5
541,29,2
323,1017,3
371,627,4
478,367,4
738,197,4
776,509,5
698,497,3
487,941,3
934,1065,2
374,100,5
738,222,4
867,657,5
89,732,5
40,270,3
554,230,5
189,253,4
332,293,4
753,193,4
868,95,2
411,451,4
638,194,3
450,186,3
621,763,4
263,1473,5
684,409,3
58,313,5
463,1197,4
159,405,5
24,238,5
551,180,5
457,127,5
280,538,5
429,232,4
820,748,1
588,178,5
493,1013,1
537,343,2
427,263,5
606,234,4
117,772,4
363,72,1
210,88,4
655,240,3
868,273,3
369,196,5
249,195,4
87,491,5
103,126,5
114,197,4
495,417,3
655,448,4
290,1047,4
450,1126,4
496,561,5
592,844,4
840,64,4
618,79,5
738,233,3
711,170,5
102,301,3
266,325,1
919,742,4
13,323,3
229,750,2
683,880,3
347,323,1
346,569,3
379,1113,4
766,132,4
13,348,2
126,905,2
279,259,3
929,22,5
850,584,4
844,690,3
347,568,4
788,12,5
551,273,4
663,323,2
562,591,4
276,386,3
757,95,4
305,1456,4
57,243,3
201,403,3
187,736,4
52,762,3
454,73,3
42,469,4
892,447,3
184,92,3
481,252,4
872,280,3
455,1174,3
275,294,4
417,420,4
354,241,3
491,127,3
58,663,2
417,357,5
795,826,3
933,391,1
514,778,4
416,781,4
299,435,3
296,427,5
246,81,5
755,301,3
344,303,4
645,1018,3
160,1016,4
878,154,3
256,930,3
151,79,4
115,89,5
854,619,2
5,229,2
315,211,4
764,95,5
691,178,5
79,269,5
13,493,5
391,480,4
49,713,3
90,203,5
608,127,5
291,12,5
200,742,4
521,833,2
846,190,5
344,302,5
232,234,3
774,1305,3
407,739,3
724,989,1
623,274,4
526,123,3
102,217,2
690,4,3
21,758,1
10,56,5
269,205,3
312,531,5
758,520,5
398,205,5
116,880,3
543,61,4
276,743,1
429,91,3
868,1183,1
194,997,3
257,1022,2
79,276,3
328,1126,3
234,471,3
693,604,3
234,1462,3
62,462,2
130,109,3
276,121,4
495,77,4
513,252,5
73,188,5
634,985,4
881,423,4
817,121,3
495,176,5
795,998,3
727,239,4
934,191,5
594,15,4
751,432,4
102,625,3
881,97,3
116,655,4
75,678,3
406,1153,2
642,83,5
251,480,5
444,251,5
268,732,3
313,415,2
702,289,2
399,276,3
632,204,4
82,220,2
318,100,5
85,87,4
817,358,4
545,679,2
93,934,3
535,515,3
854,1047,1
130,29,3
519,352,5
608,215,3
533,4,3
907,100,5
14,654,4
407,357,4
447,274,1
234,619,2
798,228,3
457,628,4
16,946,5
450,97,4
181,938,1
330,70,4
346,1025,3
750,322,2
303,319,5
63,596,2
15,118,1
194,466,4
385,207,4
488,1025,2
327,651,4
782,1514,2
711,180,4
429,510,4
291,53,5
682,195,4
15,815,1
716,468,3
96,486,3
53,546,4
363,159,1
551,576,2
583,357,5
815,226,3
639,516,4
903,405,4
670,515,2
275,380,3
593,121,4
723,9,3
501,24,3
423,628,4
186,1083,1
59,410,3
615,303,5
654,147,3
92,640,5
802,326,5
374,279,4
682,81,3
11,190,3
144,1028,3
385,533,4
49,995,3
852,1615,2
24,180,5
144,588,4
89,236,5
173,286,5
507,118,5
13,83,2
201,55,4
331,304,5
160,124,4
201,789,3
821,174,5
54,597,2
21,873,2
526,751,2
551,732,4
472,64,5
5,234,2
504,248,4
64,265,4
500,283,2
497,217,4
550,748,4
486,220,3
384,748,4
308,144,3
49,346,4
293,218,2
896,504,3
749,430,4
771,95,4
70,101,3
715,227,3
593,182,2
839,181,3
376,663,3
378,148,4
452,99,3
533,44,4
894,508,3
57,831,1
933,470,4
506,300,3
557,300,4
580,871,4
889,1188,2
440,751,3
326,654,1
671,250,5
828,224,3
4,359,5
533,402,4
393,789,1
234,176,3
807,300,5
804,1016,4
532,421,5
334,316,4
757,588,3
281,259,3
293,79,3
301,519,4
222,218,5
541,257,5
381,473,5
320,250,4
293,4,4
790,1039,3
883,745,5
619,333,2
303,658,5
77,69,3
804,702,2
95,422,2
823,94,2
453,1303,2
271,744,4
457,1140,2
542,585,2
621,88,2
64,1139,1
244,1467,5
851,12,4
663,100,4
847,479,3
704,632,3
429,1425,3
291,250,4
330,496,5
313,114,4
864,66,3
81,150,3
835,421,4
414,264,3
883,900,5
856,270,3
497,200,3
81,284,3
139,460,3
303,328,3
200,9,4
655,51,2
184,237,4
916,535,3
43,196,4
417,461,3
313,328,4
712,794,4
482,269,4
11,524,4
65,735,4
85,230,3
379,559,3
887,470,3
697,271,4
708,284,5
79,813,5
532,431,5
806,588,4
389,613,5
927,288,5
883,28,3
117,117,5
123,707,5
727,158,2
354,732,2
897,484,3
452,603,4
688,332,5
236,66,2
498,522,3
194,488,3
214,92,4
497,575,3
299,607,4
2,284,4
45,762,4
855,166,4
322,1,2
870,198,4
424,286,4
399,616,1
450,1249,3
601,921,5
646,678,3
128,282,3
881,812,2
57,173,5
567,496,5
682,808,4
788,572,3
417,139,3
489,315,5
405,781,5
447,258,5
25,186,4
227,50,4
711,286,4
836,258,4
201,237,4
268,569,3
381,596,3
380,272,4
796,722,3
619,176,5
551,393,5
557,246,5
525,123,3
207,316,5
451,886,4
846,36,2
225,194,5
704,318,5
817,118,3
574,328,3
80,699,3
151,741,2
567,504,4
85,530,3
463,13,3
82,168,5
178,682,3
414,313,4
207,238,2
95,445,4
853,690,2
749,975,4
551,912,3
208,208,4
659,654,4
774,518,1
447,435,4
275,470,3
654,821,3
385,408,5
381,512,4
393,465,4
524,700,5
269,425,5
138,513,5
405,28,4
119,50,5
604,447,4
159,245,5
788,331,4
328,195,3
798,121,5
178,77,4
476,738,3
843,416,2
437,480,4
23,528,4
640,919,5
343,778,5
11,370,3
452,102,2
844,174,4
625,480,4
224,86,3
864,25,4
357,291,4
210,79,4
551,433,5
308,98,3
378,1009,3
658,129,3
721,301,4
105,288,4
405,445,4
648,576,4
393,625,4
910,250,1
279,591,2
666,183,5
262,785,3
165,328,3
425,168,5
509,879,1
655,1281,3
940,347,3
184,632,5
715,713,4
900,864,2
84,294,3
617,396,1
887,412,5
873,342,4
527,631,4
42,28,5
588,282,5
82,1128,1
327,732,1
374,1217,2
11,451,2
367,218,4
360,175,3
566,387,4
407,345,4
263,378,5
889,451,3
222,234,2
345,251,5
816,328,4
890,98,4
339,655,4
892,781,4
320,92,5
653,204,4
264,603,5
454,478,2
864,100,5
743,288,2
940,193,3
879,118,3
525,762,4
854,111,3
429,826,3
56,77,3
922,191,3
479,485,3
303,273,3
27,123,5
749,841,3
710,265,4
642,575,3
60,393,4
378,674,3
248,89,5
406,561,3
655,288,3
500,531,3
381,83,4
297,133,4
643,11,4
534,93,1
298,483,5
768,620,2
934,225,2
429,45,3
773,196,4
625,751,4
268,358,3
554,286,4
208,197,5
306,319,4
537,83,4
497,472,3
315,230,4
284,887,4
455,282,3
896,763,2
271,441,3
498,204,2
788,482,4
442,53,3
279,41,2
343,744,4
472,118,4
802,443,4
804,483,5
345,313,4
379,94,5
293,252,2
679,290,2
393,841,3
378,63,3
339,568,3
653,258,3
858,292,3
479,136,4
749,510,4
887,254,4
106,12,4
407,73,4
894,855,4
458,56,5
457,148,4
117,33,4
647,15,4
474,215,5
18,432,4
378,1046,3
864,58,5
610,673,4
751,161,2
801,302,4
579,183,4
213,274,5
600,403,3
913,418,3
383,180,5
239,175,5
68,763,1
757,173,4
106,1028,3
565,970,4
70,189,4
918,165,4
69,256,5
409,23,4
308,863,3
550,688,3
110,1246,2
682,542,2
561,568,3
417,97,4
545,31,4
465,615,3
922,200,3
448,301,1
344,1,3
570,302,4
911,142,4
653,511,4
752,995,4
252,290,3
429,200,3
328,483,5
724,748,1
214,496,4
128,276,4
731,613,2
312,1167,4
11,402,4
825,593,3
943,796,3
499,182,2
928,48,5
543,13,3
422,717,3
796,229,3
841,302,5
523,153,4
194,77,3
554,174,5
86,300,3
321,510,5
184,1008,4
389,553,2
272,201,3
592,463,4
56,410,4
815,518,3
771,4,1
899,29,2
285,198,5
416,696,3
455,77,4
405,1419,2
603,12,5
178,720,3
727,252,2
223,846,2
433,1005,5
805,1054,3
862,566,3
267,238,4
82,338,1
291,1016,4
129,882,2
359,121,4
233,234,4
736,748,2
754,118,2
158,1016,3
352,746,4
442,578,2
210,208,5
463,1117,1
648,15,1
417,388,3
394,97,4
694,179,4
286,17,4
699,19,4
665,301,4
474,187,5
655,296,4
458,845,3
709,172,5
457,582,5
169,606,5
308,1073,3
160,3,3
354,149,5
64,181,4
514,890,1
677,1049,3
144,234,4
95,48,4
158,275,5
215,272,3
436,742,5
660,474,2
450,742,4
109,229,5
606,549,4
655,46,4
450,117,4
497,184,3
406,183,5
60,131,4
645,447,3
333,315,5
537,1451,3
345,71,3
126,682,1
201,82,4
299,919,3
922,258,4
758,571,4
574,288,4
56,376,3
198,122,1
303,152,4
533,215,4
417,294,4
75,409,3
195,1084,4
839,813,4
864,665,3
87,515,4
542,693,4
524,1101,4
363,227,4
514,15,4
833,172,2
92,176,5
543,692,4
778,42,5
398,494,3
773,229,3
699,1375,3
752,887,1
806,231,3
883,135,4
343,169,5
416,614,5
288,178,5
560,235,2
705,82,5
504,622,4
2,312,3
230,435,4
44,132,4
81,93,3
897,433,4
72,226,4
538,176,4
206,678,1
6,135,5
532,330,4
334,169,4
788,199,5
795,567,2
89,246,5
720,887,5
303,783,2
655,1100,3
752,271,5
267,80,4
655,657,3
211,1127,1
194,712,3
654,785,4
597,293,5
742,237,4
663,1059,2
210,58,4
38,402,5
346,1232,1
207,79,4
18,94,3
474,490,5
373,704,2
7,140,5
21,561,1
405,446,1
798,161,3
286,268,4
763,845,4
336,66,3
326,154,2
327,127,4
752,683,4
315,276,4
102,650,3
463,268,4
192,277,3
423,924,4
295,154,5
780,204,5
269,961,5
280,215,3
456,177,4
93,151,1
221,121,2
251,282,4
268,240,2
294,881,3
913,1,2
117,240,3
660,328,3
846,716,3
478,168,4
682,2,3
343,57,5
108,13,3
795,70,3
308,729,3
318,257,5
793,1,4
254,94,3
500,276,5
276,554,2
704,492,5
496,356,2
24,151,5
244,815,4
746,720,3
176,1008,4
772,898,3
279,169,5
201,436,3
493,1,3
354,958,4
391,511,5
334,125,3
116,650,2
18,88,3
450,602,4
625,166,3
621,80,4
62,704,2
482,289,3
891,274,5
398,479,4
238,121,4
382,135,3
798,380,3
250,582,4
162,222,4
227,287,4
541,393,3
894,111,3
92,77,3
267,114,5
883,229,4
727,135,2
887,365,5
653,631,2
467,919,2
540,257,4
669,258,2
399,501,2
450,1116,3
504,68,5
804,139,3
257,405,3
75,477,4
264,381,4
146,300,3
262,473,2
463,1164,1
65,582,3
854,535,3
393,692,3
453,82,3
564,831,3
284,303,5
435,81,3
312,190,5
577,684,4
559,514,4
729,328,3
374,978,2
286,85,5
160,248,5
312,1126,4
90,340,4
561,184,3
328,180,4
642,768,4
59,1107,4
198,509,4
759,121,5
733,591,3
381,129,4
250,323,2
239,1020,3
896,320,3
70,69,4
681,310,3
330,370,4
109,411,4
299,603,3
545,211,3
592,534,5
416,468,5
249,58,5
178,685,4
915,347,5
210,161,5
61,269,3
276,421,4
933,156,4
839,106,2
682,97,4
82,481,5
279,274,3
721,1039,5
538,31,3
399,679,3
766,474,5
363,590,3
332,756,2
198,55,3
655,317,3
33,751,4
157,150,5
393,265,4
912,655,5
51,603,3
385,959,3
776,282,3
500,1009,4
174,553,5
436,81,3
871,751,4
406,286,3
59,1117,4
627,467,5
44,520,5
391,59,5
506,191,4
650,193,3
70,142,3
332,148,5
896,427,4
399,890,2
892,495,4
642,679,2
200,117,5
505,648,4
250,404,4
510,326,4
102,522,3
327,421,2
854,606,4
139,1233,5
788,451,4
673,347,4
168,678,1
543,313,3
435,5,2
647,237,3
167,435,5
262,821,3
567,133,4
437,842,4
555,244,5
110,540,3
896,1471,1
178,232,5
561,53,3
864,509,5
119,287,4
653,1132,1
226,713,5
833,249,1
104,347,2
89,405,3
524,235,1
682,395,3
116,531,2
495,419,1
394,423,5
844,403,3
488,89,4
95,65,4
2,286,4
76,531,4
296,137,4
48,427,4
145,17,3
491,7,3
648,455,3
325,271,3
373,105,3
848,153,5
537,231,3
125,144,5
796,183,5
429,1014,3
194,187,4
929,144,3
472,233,4
122,469,5
13,614,4
60,513,5
389,471,4
901,216,4
758,313,4
928,187,5
650,56,3
687,895,4
436,840,3
531,457,1
639,660,2
211,117,4
425,62,4
648,862,1
627,79,3
208,381,3
607,855,4
758,350,4
846,642,5
405,395,3
655,1465,2
446,887,4
830,651,4
905,150,4
178,748,4
176,111,4
75,1150,4
379,707,5
118,558,5
286,821,4
439,121,2
682,144,3
243,699,4
897,763,3
324,471,5
524,514,5
347,806,3
293,430,3
632,404,5
716,946,2
537,919,4
405,55,1
392,346,4
657,118,1
159,276,5
689,151,3
610,378,5
804,230,4
389,196,3
916,431,3
655,629,3
259,313,5
80,58,4
279,1025,2
805,101,2
418,288,5
102,183,4
232,435,4
616,748,3
654,223,4
316,275,5
417,176,5
55,1016,1
650,511,5
591,286,4
385,46,5
354,180,3
115,96,3
500,120,3
774,447,1
182,1,4
301,197,5
393,554,4
751,70,4
303,251,4
455,200,5
389,404,5
254,176,3
556,133,5
130,472,4
387,919,5
639,740,4
90,177,5
655,732,3
447,181,5
894,303,4
431,690,3
151,215,3
167,1225,3
387,473,4
658,257,4
77,181,3
312,482,5
119,1202,4
269,831,2
234,385,2
405,723,1
606,576,3
796,748,5
271,481,3
659,836,4
727,840,2
222,710,4
497,393,4
280,595,3
373,724,5
524,492,3
880,948,4
298,486,3
308,1147,4
546,436,5
883,1074,4
881,112,2
14,455,4
757,235,3
416,333,4
538,317,4
79,258,5
293,658,1
551,950,2
130,568,5
29,343,3
807,177,4
753,359,4
686,134,5
587,310,3
249,1103,5
682,72,3
747,156,3
298,1142,4
445,1245,1
735,301,3
796,717,3
370,608,4
148,529,5
397,1298,3
63,762,3
397,268,4
59,762,4
239,98,5
429,761,2
826,550,3
679,97,3
1,8,1
642,1152,5
122,57,2
363,658,3
91,205,5
643,1221,3
292,288,3
928,878,5
606,82,5
650,257,3
246,254,1
303,1182,2
297,267,3
929,276,2
487,98,5
847,1137,5
735,269,3
854,170,4
320,97,5
72,520,5
487,349,3
648,746,4
601,1135,2
293,17,2
102,746,2
26,121,3
405,1069,1
756,742,3
807,566,4
715,202,5
506,86,3
916,209,3
307,511,5
542,684,4
287,347,4
417,727,5
672,1028,4
158,433,3
918,488,3
542,418,4
578,313,5
551,1079,1
234,319,3
249,1069,5
450,837,4
643,845,3
655,98,4
267,474,5
927,722,3
450,492,5
5,439,1
405,757,1
880,124,5
303,1135,2
870,673,5
887,755,5
185,23,4
201,15,3
64,82,3
887,1239,3
933,181,2
61,294,2
18,99,5
276,820,3
343,318,5
699,95,3
307,660,3
145,308,2
328,1139,1
314,735,5
7,139,3
290,568,3
180,631,5
143,307,4
625,486,3
181,876,1
655,1121,3
758,480,5
625,546,2
450,528,5
545,578,4
648,578,4
271,284,3
528,185,4
417,168,4
379,197,5
392,50,5
606,168,5
916,708,4
899,283,4
717,24,2
699,276,3
247,151,4
268,230,3
846,692,3
381,509,5
343,499,5
246,728,1
221,651,4
269,603,5
798,94,3
878,582,4
38,444,1
263,568,4
346,53,1
536,402,4
293,528,4
873,875,1
938,748,2
336,746,3
621,109,4
496,204,3
159,125,5
267,1471,2
417,131,4
747,109,5
189,405,2
167,8,5
608,333,4
655,324,3
380,684,3
291,1229,2
735,181,4
711,735,5
784,332,4
716,965,2
940,264,1
319,259,2
311,627,4
796,226,3
878,285,5
916,764,3
690,1042,4
402,235,3
749,366,4
59,649,4
279,554,1
424,1084,5
523,1009,5
66,280,4
406,638,4
72,96,5
288,97,4
215,98,5
271,242,4
203,471,4
463,455,3
370,631,4
780,208,3
890,483,5
416,158,3
363,81,4
881,576,3
6,56,4
573,69,4
292,510,4
393,79,4
496,217,5
406,492,4
701,19,5
639,215,1
711,1117,4
679,184,4
458,301,1
234,164,3
130,168,3
194,562,2
738,96,5
378,1438,3
227,9,3
843,161,2
601,133,4
588,732,4
110,748,3
884,198,5
798,810,3
645,48,4
450,709,3
939,9,5
488,215,5
178,354,4
409,6,4
342,114,5
618,420,3
148,1039,2
187,173,5
182,123,4
625,198,4
162,55,3
264,219,5
241,332,3
843,380,3
730,121,4
792,13,4
929,89,5
44,405,3
234,622,2
60,8,3
757,62,3
90,519,5
727,402,3
682,174,4
588,67,1
654,825,3
279,1481,4
279,87,1
588,762,4
393,651,4
771,111,4
453,257,3
59,47,5
464,292,5
682,849,2
690,85,1
159,15,5
62,183,4
236,521,3
539,289,4
87,179,4
255,288,4
622,581,4
749,808,3
52,93,4
883,1,3
922,403,3
466,92,4
57,304,5
294,282,3
442,2,3
387,95,2
727,845,3
1,9,5
101,1009,2
641,64,4
665,79,3
795,17,2
655,14,3
782,355,3
297,13,3
643,482,4
228,288,4
263,181,4
453,226,3
445,50,2
159,289,2
13,17,1
618,136,3
472,401,4
527,143,2
727,1231,3
268,189,4
454,527,4
473,273,5
922,402,3
830,480,5
757,195,4
429,7,2
165,432,5
342,298,3
483,1152,4
655,1195,3
699,181,3
450,260,2
416,682,3
251,249,5
808,262,5
114,96,3
697,989,2
682,944,3
271,490,4
244,762,3
537,337,3
919,118,4
1,235,5
943,732,4
655,685,2
294,24,4
437,425,4
58,89,3
159,328,3
442,92,5
620,1043,4
279,42,4
104,316,4
500,522,4
861,305,4
269,213,5
314,468,4
56,372,3
214,269,3
835,685,4
63,713,3
23,780,1
385,156,4
222,1218,1
37,568,3
803,748,1
295,790,3
46,93,4
500,546,4
888,535,4
536,86,3
531,311,4
721,261,3
795,3,2
702,748,2
279,71,3
694,88,4
749,546,3
570,301,3
655,1198,3
276,582,3
851,1598,3
25,238,4
393,687,3
299,60,5
141,286,4
782,1386,3
456,204,3
721,242,3
487,260,2
889,300,3
495,151,5
862,928,4
622,419,4
666,467,4
293,98,4
373,210,5
409,115,2
232,91,5
429,1113,3
452,455,1
939,1051,5
932,155,3
269,1011,4
21,261,1
270,222,5
343,654,5
109,679,3
715,250,2
883,304,3
7,537,3
694,210,4
409,270,2
387,435,3
454,81,1
315,673,4
450,112,2
456,449,3
807,968,4
514,49,2
291,943,4
192,340,4
907,1284,5
110,642,2
942,174,5
798,110,4
87,172,5
387,293,4
429,570,4
450,1030,1
75,322,1
709,628,3
646,895,3
437,614,5
497,657,3
788,614,4
83,111,3
648,204,5
345,387,4
880,174,4
930,1315,3
267,108,4
776,200,4
5,403,3
249,483,5
753,172,3
232,630,3
659,712,3
279,216,3
332,195,5
838,173,5
378,319,3
854,246,3
279,374,1
709,230,2
44,245,4
201,260,4
502,264,3
677,245,5
733,20,5
708,819,3
429,199,5
442,204,3
546,346,5
80,466,5
368,217,5
553,56,4
752,350,4
895,100,4
114,679,2
833,1597,5
233,318,5
327,461,3
887,1496,4
835,287,4
293,942,4
504,462,4
488,742,4
311,31,4
684,710,5
439,307,3
840,664,3
361,168,4
545,569,3
7,509,5
825,322,5
268,466,3
351,340,1
933,151,4
344,284,3
739,661,2
643,29,2
479,436,4
437,134,5
269,608,4
13,215,5
393,597,3
843,228,4
552,873,3
788,172,3
731,480,4
552,455,3
99,402,4
807,843,2
13,638,3
746,568,4
889,246,4
842,362,3
664,1090,1
280,1221,5
503,526,3
128,531,4
32,7,4
496,484,3
95,175,5
478,447,4
13,837,4
751,181,5
56,735,2
269,210,1
453,248,4
128,173,5
11,544,4
62,237,3
655,855,3
52,531,5
751,118,2
262,1054,2
846,31,4
144,747,5
714,258,4
782,296,3
532,1221,5
85,83,4
916,76,3
43,946,4
326,205,4
13,603,4
178,73,5
11,191,4
392,172,5
76,42,3
233,614,4
682,1039,4
6,169,4
398,659,3
119,845,4
82,231,2
234,855,3
346,259,2
305,403,2
65,111,4
682,245,3
854,7,4
624,236,3
378,1074,3
292,628,3
917,287,4
343,425,5
429,87,3
318,47,2
82,191,4
267,384,3
387,135,5
144,294,4
733,1085,4
264,702,4
213,135,5
257,151,4
766,183,4
805,1105,2
163,879,2
157,147,5
234,649,3
451,323,4
807,211,4
103,69,3
275,405,2
630,477,4
806,177,3
244,609,3
222,1057,4
63,277,4
500,319,4
279,480,3
262,147,3
378,1048,2
398,124,5
492,187,5
413,690,4
429,462,4
846,1239,2
286,354,4
22,999,4
167,1200,4
747,285,5
276,915,4
308,921,4
316,487,3
488,97,4
163,347,4
99,120,2
901,294,3
836,429,4
773,200,4
711,447,4
134,315,3
768,845,2
916,451,3
25,121,4
676,257,5
187,792,5
73,213,4
83,105,2
622,250,4
764,596,3
865,1240,5
655,1232,3
541,1412,1
5,392,2
234,614,3
933,110,1
864,114,5
831,1012,4
595,922,4
535,83,4
370,153,2
293,176,4
313,154,2
623,210,5
470,327,3
445,324,1
64,423,4
233,99,3
514,735,4
709,11,5
207,197,4
244,559,4
343,163,5
447,265,4
256,550,5
545,80,3
83,1028,4
363,282,2
838,24,4
935,284,4
562,197,4
234,634,4
271,378,4
197,880,3
709,294,3
41,289,2
586,926,4
303,259,3
795,502,3
201,588,4
80,45,4
744,28,3
332,118,5
373,202,3
314,959,3
279,684,3
382,639,3
497,189,4
445,919,1
716,143,5
743,289,3
43,91,3
56,435,3
239,432,5
643,671,4
671,27,3
222,135,5
733,713,4
242,1137,5
69,282,3
135,260,3
535,212,4
326,427,4
566,33,2
587,691,4
112,313,5
738,240,3
1,31,3
497,121,4
327,81,4
326,525,5
519,332,3
70,229,3
683,127,4
279,751,4
417,218,3
406,420,4
607,86,4
514,28,5
851,330,3
320,240,3
157,290,4
14,427,5
297,116,4
23,171,5
9,276,4
349,126,2
921,66,5
405,786,1
493,343,3
936,50,4
506,95,5
13,746,3
543,191,4
85,1153,4
346,22,5
215,204,3
435,818,2
698,496,3
54,546,3
276,127,5
815,623,3
230,79,5
648,1376,2
2,307,3
717,111,4
807,1133,3
305,190,3
890,404,4
129,995,2
592,471,4
130,567,2
201,318,5
430,656,4
749,87,4
322,188,3
868,562,2
158,809,3
853,682,4
561,1529,3
466,87,3
341,880,5
537,11,3
334,845,2
310,222,3
452,1534,1
592,763,5
618,549,2
934,614,3
181,1002,1
279,871,4
13,563,1
293,150,3
125,243,2
387,676,1
722,307,4
936,898,1
933,125,4
234,291,3
174,862,1
815,483,5
436,794,4
43,175,2
351,678,4
42,69,4
198,655,4
244,28,4
804,291,4
727,100,2
643,211,4
328,51,3
327,1100,4
15,297,3
911,496,3
227,100,5
327,313,4
655,19,2
169,234,4
942,50,5
291,50,5
496,147,3
106,211,4
724,347,4
193,1090,2
92,747,4
215,77,3
269,153,3
312,91,3
151,782,4
506,195,4
505,102,1
222,298,4
487,96,5
85,134,5
561,428,4
669,175,4
287,50,5
773,2,3
892,174,5
234,513,5
280,159,4
59,507,4
561,1103,4
757,939,4
534,125,3
621,367,3
676,962,4
514,24,3
938,50,5
378,7,4
382,134,3
620,281,5
130,350,4
393,591,5
435,385,5
551,264,3
665,96,3
615,699,3
655,895,3
712,398,4
286,1288,4
236,864,2
648,756,2
608,238,5
194,186,5
8,457,1
299,153,3
239,516,5
535,709,5
257,245,4
7,365,4
189,479,5
715,944,2
189,132,5
844,260,1
768,100,5
261,359,5
398,837,4
521,520,3
279,472,3
520,315,4
711,1168,4
457,97,5
348,288,5
474,313,4
379,331,4
268,33,3
835,133,5
862,416,3
805,1033,3
468,204,5
54,288,4
690,523,4
449,593,4
537,188,4
757,129,3
717,405,3
933,179,5
458,651,3
440,690,4
568,493,3
276,204,5
905,591,4
179,345,1
269,1154,3
13,846,2
758,411,4
749,568,4
902,258,3
379,701,4
452,874,2
123,511,5
544,343,2
655,330,2
834,294,3
84,523,4
780,186,4
395,257,5
230,82,5
267,732,4
451,294,5
389,216,2
686,11,4
327,410,2
328,46,2
203,150,5
688,678,5
64,898,2
308,133,3
312,647,5
119,193,4
510,876,2
500,28,3
262,270,3
162,1019,4
379,372,4
932,194,5
7,519,4
59,174,5
805,569,1
363,506,2
439,100,3
597,250,4
151,492,3
450,627,3
205,269,3
189,216,5
262,200,3
89,257,5
221,544,4
535,221,3
21,103,1
9,50,5
246,67,2
381,526,4
138,194,5
593,1028,3
642,775,4
6,537,4
16,447,5
249,4,4
422,98,5
52,204,4
546,860,4
883,275,4
291,77,4
846,1479,3
178,304,4
768,237,4
331,124,4
942,269,2
267,614,5
603,931,2
244,946,4
44,208,4
406,115,4
450,1172,5
698,28,2
435,204,3
184,56,3
655,522,3
103,252,2
87,100,5
297,282,3
227,460,2
505,127,1
863,879,2
585,275,4
782,1190,2
480,705,4
361,430,5
148,549,3
868,64,5
180,735,4
934,533,3
588,66,3
899,176,4
840,501,4
617,488,4
827,329,3
276,1000,2
344,25,4
82,1164,2
927,568,5
551,324,3
184,207,4
780,70,2
934,584,4
890,636,3
531,908,1
49,93,5
931,245,4
849,197,5
387,201,5
82,237,3
669,348,1
430,152,4
717,286,3
64,71,3
128,227,2
450,300,4
454,627,2
10,504,5
330,963,5
181,1051,2
625,238,4
315,13,4
399,386,3
12,735,5
405,1353,1
638,153,3
416,51,5
296,191,5
101,282,3
846,609,5
664,151,4
330,102,4
943,168,2
184,116,4
535,962,4
178,651,4
938,275,4
648,234,5
919,148,3
109,763,2
912,479,4
624,310,4
882,174,5
881,654,4
592,276,5
639,165,3
896,425,2
763,222,5
472,356,3
872,1040,3
821,405,4
276,969,4
402,50,4
272,746,3
402,118,4
537,963,3
712,96,5
561,671,3
698,428,1
222,333,5
707,782,3
95,265,3
59,81,4
916,168,4
697,9,4
531,898,5
32,235,3
885,56,3
295,561,5
94,216,3
926,300,3
738,100,2
473,508,2
274,1152,4
316,187,2
883,273,4
536,582,2
130,374,4
303,364,2
917,276,5
200,1028,2
655,134,4
181,1361,1
276,229,3
387,319,1
763,191,4
268,174,5
670,161,2
449,1404,5
353,260,1
635,327,5
176,875,4
638,515,4
151,429,5
11,332,5
345,318,5
653,70,2
864,603,4
632,25,1
235,655,4
249,96,4
650,54,2
735,7,3
294,301,4
292,153,4
307,174,4
3,299,3
893,11,4
627,68,4
113,1251,5
820,333,5
308,134,5
653,199,4
79,222,4
648,633,3
43,124,4
756,159,4
429,204,4
934,423,3
299,343,3
249,427,5
200,1073,3
399,82,3
843,197,2
398,357,4
741,95,2
459,164,4
92,742,3
474,499,5
486,1197,4
739,1429,5
608,483,4
445,1378,2
669,12,5
807,842,4
883,513,5
448,1602,4
334,161,3
343,124,4
654,678,4
297,919,1
913,117,1
28,143,4
406,63,3
198,117,1
13,431,1
283,50,5
342,813,5
634,222,3
769,476,4
326,127,1
561,96,1
508,211,3
804,948,1
332,9,4
741,131,4
805,1098,3
167,733,2
255,436,4
25,479,5
21,219,5
521,87,3
925,327,3
332,369,4
747,929,3
486,307,3
246,356,2
840,82,3
90,602,5
87,88,5
487,1425,4
416,346,4
239,527,5
173,262,4
257,1462,5
380,573,1
864,282,3
264,216,5
453,202,4
671,159,5
365,137,3
207,871,5
751,194,5
659,317,4
346,76,4
637,363,2
603,923,4
256,472,4
378,365,2
705,820,3
822,432,3
130,824,3
924,7,4
92,368,1
380,38,2
230,420,5
758,122,4
405,971,1
407,189,4
885,204,4
462,323,2
58,272,5
771,949,5
383,505,4
620,674,3
74,15,4
207,433,3
933,474,5
862,407,3
634,1028,3
883,49,3
1,236,4
122,180,5
13,550,4
416,827,4
521,268,5
91,172,4
648,514,2
587,355,3
13,781,3
403,925,4
198,98,4
389,656,5
682,410,3
218,294,2
648,585,3
406,1170,4
215,183,5
883,208,4
364,687,1
798,1540,4
655,5,2
890,167,2
387,567,2
7,568,5
10,223,5
389,59,5
250,485,4
76,286,5
940,289,3
13,387,3
934,703,4
200,143,5
406,671,5
718,815,4
786,69,4
506,796,3
223,866,4
234,106,4
496,195,4
339,478,5
110,294,3
870,461,4
37,118,2
424,689,1
290,49,3
904,90,2
708,300,4
43,423,4
592,1620,1
292,223,5
13,806,5
455,277,4
426,617,3
455,620,3
627,199,5
840,367,4
919,245,2
180,67,1
28,96,5
530,319,3
232,471,3
95,495,4
28,50,4
642,110,2
665,71,4
593,468,3
785,168,4
332,229,5
642,249,5
422,339,2
184,517,4
707,631,4
638,450,1
593,1,3
551,603,5
749,385,3
542,382,3
545,328,4
101,24,4
694,495,4
387,181,4
693,651,3
713,689,3
221,48,5
691,185,5
125,1170,1
474,210,5
435,729,2
314,655,4
43,222,4
297,301,4
466,4,3
378,734,3
524,506,4
679,710,4
350,228,4
313,631,2
636,9,3
374,230,5
236,151,2
360,285,5
367,448,4
280,102,5
635,15,3
721,681,3
42,96,5
624,1016,3
432,298,3
428,326,3
327,523,4
181,1333,1
872,288,5
796,417,4
57,1011,3
805,154,5
331,234,4
406,436,4
100,346,3
188,591,5
315,209,5
880,1047,3
749,294,2
184,639,3
782,256,2
529,332,4
77,276,2
588,174,3
833,919,2
116,195,4
299,517,4
645,403,3
595,825,2
435,715,3
125,483,4
256,233,4
690,276,3
159,243,4
747,1041,4
407,147,4
823,770,4
5,94,3
646,877,3
826,627,4
541,265,5
699,100,4
98,25,5
764,845,4
446,688,2
537,855,3
269,272,3
499,301,4
95,675,2
398,603,4
844,13,3
335,328,3
886,222,4
878,690,2
201,212,4
776,95,4
245,473,2
234,172,3
563,118,4
436,98,4
417,322,3
378,731,3
597,323,3
422,922,4
645,11,4
450,710,3
538,164,3
533,291,3
102,409,2
567,654,5
710,185,4
790,259,2
222,100,5
897,705,3
323,294,3
239,512,5
782,991,2
881,520,5
303,578,2
442,226,3
296,429,5
890,102,3
387,845,4
405,1111,1
567,523,3
362,323,2
84,385,4
758,1111,4
401,610,4
671,195,5
301,163,3
249,222,4
826,684,3
751,418,5
627,237,4
551,672,1
756,22,3
425,176,3
699,323,4
293,100,4
640,269,5
178,472,4
90,148,2
551,1314,2
798,1224,2
339,92,4
401,125,3
385,1065,3
721,323,3
276,634,4
624,628,4
417,90,3
854,8,5
44,120,4
523,301,4
774,597,2
251,210,4
629,881,3
325,199,5
371,431,5
864,53,4
851,831,5
312,484,5
299,72,3
468,159,3
530,527,4
312,498,5
806,485,5
537,302,4
207,241,3
840,528,5
744,302,5
616,292,4
532,915,4
655,882,3
925,563,2
313,403,3
151,411,4
603,380,4
498,496,3
871,172,5
663,742,4
201,228,3
760,237,3
474,64,5
527,673,4
588,159,1
210,163,3
529,991,1
337,392,5
933,934,1
540,405,3
276,187,5
870,1267,2
160,24,5
271,70,5
788,89,5
655,372,3
168,259,2
484,82,4
486,269,4
641,209,4
627,402,3
901,662,4
551,597,4
504,153,3
654,568,4
113,325,4
411,56,4
92,1052,2
877,371,5
159,595,5
287,952,4
747,4,4
591,4,4
59,625,3
588,202,1
54,307,4
44,195,5
785,69,4
189,178,5
387,265,4
385,1022,3
514,402,4
524,1421,5
23,209,5
796,568,4
932,230,4
197,346,3
518,619,4
627,176,5
582,15,3
104,290,4
887,132,4
139,307,4
739,526,5
207,655,4
715,273,5
478,237,5
669,479,5
612,477,2
308,477,4
254,655,4
28,760,3
308,481,4
54,302,4
721,87,3
828,923,3
846,82,2
524,259,3
2,279,4
343,187,4
296,282,4
16,945,4
648,510,5
668,902,2
691,603,5
902,298,2
585,52,3
18,125,3
370,57,5
450,732,3
749,238,3
283,202,5
749,402,4
840,732,3
537,277,2
13,826,5
833,127,5
279,977,4
642,832,3
328,744,4
606,323,4
201,772,5
359,751,4
200,739,4
405,1583,1
320,288,4
76,156,3
545,257,5
94,465,5
378,969,4
541,501,4
221,847,4
267,579,3
639,51,2
833,670,1
806,789,4
655,1445,3
201,672,2
60,210,4
452,98,5
561,80,2
293,317,4
280,286,4
160,405,3
417,391,2
221,109,2
756,97,3
303,433,4
406,212,2
765,285,5
109,386,1
625,197,5
354,1511,4
11,603,4
712,196,4
1,160,4
177,338,3
332,89,5
116,322,2
83,1165,2
716,111,4
766,507,3
54,871,5
130,800,4
712,51,3
394,168,5
870,644,2
870,647,4
480,319,3
864,628,4
264,367,4
343,235,4
210,654,5
943,56,5
389,211,4
574,332,3
259,928,4
422,358,2
145,821,3
442,1170,4
348,1060,3
568,127,4
220,269,5
194,1410,2
504,125,4
366,98,5
346,597,3
545,151,4
793,815,3
452,729,1
707,618,3
908,528,4
232,48,5
862,228,5
435,451,4
793,248,4
839,864,3
435,290,3
862,214,3
459,742,4
239,508,5
450,790,2
37,930,3
532,562,5
103,234,3
276,307,4
506,210,5
537,419,2
435,401,3
109,986,2
532,554,4
505,332,4
75,121,4
825,1199,4
117,410,3
210,482,5
730,117,3
479,298,3
33,292,4
637,237,2
426,435,3
796,485,4
518,300,3
342,251,5
868,59,4
802,53,4
293,164,4
243,283,3
151,321,4
24,742,4
232,419,4
343,1267,4
742,475,4
618,200,5
392,340,5
7,588,4
923,460,4
532,368,3
615,514,5
303,1508,1
75,820,3
429,66,2
256,769,5
408,751,4
145,816,5
934,151,3
934,88,4
865,1,1
13,21,3
49,476,1
363,17,4
451,269,2
250,264,3
871,1072,3
346,576,3
782,333,3
725,15,4
271,178,3
852,181,4
621,249,5
747,479,5
897,56,2
138,133,4
497,943,4
922,82,3
303,12,4
747,672,4
77,250,3
891,1197,5
479,95,4
131,221,3
846,136,3
655,50,4
627,470,3
679,527,4
405,57,1
288,50,4
294,1161,3
391,460,4
327,66,3
431,286,4
795,477,3
847,527,2
307,1065,3
131,19,4
339,1139,3
624,285,5
593,284,4
406,203,4
763,941,3
881,400,2
886,17,4
7,682,2
405,649,1
429,428,4
178,284,4
710,79,4
847,198,4
934,72,3
222,679,2
887,633,5
65,77,5
523,208,5
545,183,4
805,396,4
378,215,4
94,474,5
500,708,5
313,144,4
181,1394,1
715,179,4
807,386,4
790,79,4
43,371,4
158,20,4
667,9,5
868,726,2
924,562,3
430,286,4
833,201,4
823,233,4
882,208,5
90,136,5
305,48,5
193,684,4
268,183,4
379,419,4
496,483,4
644,298,4
897,143,5
286,47,4
511,682,4
145,650,4
452,76,4
121,1266,4
772,294,4
267,24,5
654,558,3
711,1285,3
442,769,1
416,1091,3
634,740,2
438,1,4
407,157,2
456,864,4
751,239,4
774,222,3
880,928,2
389,217,3
514,209,3
437,1121,5
484,393,1
275,208,3
579,408,3
10,340,4
682,156,5
216,129,4
405,371,1
397,174,5
13,343,1
234,211,3
174,31,4
634,405,4
222,338,1
336,15,4
537,172,3
387,423,3
655,55,2
624,302,4
357,284,4
826,38,3
833,860,2
490,257,3
940,1167,4
442,44,2
846,603,5
843,393,2
454,245,3
190,117,4
347,132,5
550,121,5
574,345,2
234,157,2
487,42,3
768,405,4
19,887,4
425,174,3
234,273,3
129,331,2
308,92,4
269,134,4
484,399,4
151,277,4
543,508,4
666,191,4
11,735,3
43,588,4
405,95,3
325,514,4
130,237,5
536,566,5
236,15,5
871,97,3
699,300,3
814,200,4
757,574,3
276,1218,4
674,255,4
279,234,2
437,137,5
90,198,5
343,302,4
897,708,2
435,203,4
308,185,4
610,568,4
296,181,5
916,863,3
178,168,4
342,488,5
373,946,5
552,988,3
90,610,5
71,289,2
309,1025,5
330,126,5
387,169,5
291,238,5
59,89,5
567,12,4
63,952,3
40,328,3
312,177,3
561,1210,1
598,22,5
645,70,4
116,678,3
176,289,3
843,420,3
110,576,2
22,4,5
121,249,1
296,179,4
21,563,2
434,148,3
234,558,4
936,547,5
151,1197,5
385,250,3
172,580,4
458,245,2
752,302,5
533,514,3
297,293,3
592,92,5
398,25,4
233,644,5
116,116,3
880,168,3
773,72,3
286,433,5
222,549,4
864,85,2
851,326,3
296,199,5
848,32,5
540,473,3
434,763,5
222,225,1
83,977,3
881,141,3
716,604,3
501,342,4
327,396,3
85,79,3
663,280,3
85,507,4
7,597,3
536,98,4
177,508,4
792,9,3
291,84,3
405,400,1
101,121,4
373,739,3
506,523,5
268,268,5
643,223,4
372,129,4
676,250,4
293,232,2
587,307,4
786,866,3
909,582,5
217,281,2
554,582,3
455,629,3
373,497,3
398,97,4
371,174,4
736,257,3
561,210,3
458,76,4
178,172,4
308,237,3
834,268,3
233,69,5
158,53,1
901,144,5
896,732,4
665,432,4
43,792,1
345,846,4
569,274,4
761,263,1
72,628,4
524,186,3
330,105,4
313,118,4
929,182,4
345,297,4
90,699,4
130,622,3
486,20,3
921,173,5
628,173,3
450,233,3
927,138,4
359,313,5
846,810,3
5,143,3
506,1016,4
569,325,1
653,183,3
119,405,4
268,257,4
330,275,5
437,229,3
145,64,4
312,505,5
393,1224,3
524,715,4
716,526,5
271,134,3
758,483,5
184,1232,3
167,392,1
181,1132,1
593,133,4
194,161,4
798,125,3
194,737,4
896,186,4
871,1386,3
595,591,4
739,50,4
13,687,1
742,1,4
314,423,4
537,837,3
521,257,3
405,181,5
609,288,2
456,658,3
821,504,4
863,898,1
59,708,4
320,79,4
409,321,2
687,340,4
862,974,2
417,154,4
890,357,5
489,890,5
671,117,3
624,1089,2
198,1169,4
334,20,4
38,1,5
203,326,4
654,239,4
474,971,4
286,1074,4
922,202,5
757,179,4
653,416,1
299,91,4
551,40,1
94,175,4
572,301,4
648,143,4
363,301,3
518,1079,1
577,237,4
177,963,4
59,100,5
385,656,5
85,238,2
59,200,5
115,357,5
69,265,4
459,748,4
324,9,5
472,254,4
804,2,4
151,265,5
684,716,2
239,198,5
867,588,3
236,57,5
774,172,3
798,707,2
248,806,3
848,69,2
73,152,3
92,1011,3
647,88,4
70,289,3
268,269,4
537,135,5
35,259,4
484,168,4
42,568,4
195,507,4
916,566,3
53,156,4
32,9,3
567,182,5
781,205,5
943,431,4
158,430,5
727,278,2
113,246,5
592,853,5
3,339,3
535,207,4
643,630,3
21,324,4
394,186,5
119,1261,4
280,723,5
435,501,3
103,181,4
613,279,4
580,546,1
406,481,3
399,1178,3
618,371,3
287,121,4
583,530,4
524,1126,1
715,318,5
167,1310,3
920,292,3
896,591,3
274,546,3
303,735,4
752,300,3
429,611,4
429,55,4
141,872,1
97,466,3
293,497,4
541,588,4
62,569,1
541,82,3
656,286,1
279,464,4
890,520,4
907,88,5
288,214,2
330,200,5
632,845,4
533,210,5
847,434,3
293,831,3
377,1105,3
271,1282,2
905,7,4
5,243,1
174,407,1
904,274,5
325,475,4
194,624,2
395,100,4
766,209,3
70,501,4
762,1662,1
553,480,5
877,531,5
216,423,4
788,167,3
727,471,3
659,423,4
295,215,5
92,758,1
698,66,3
642,1055,4
339,270,2
651,995,1
22,405,1
49,547,5
119,294,1
880,722,3
532,1312,4
656,344,4
104,827,2
527,671,5
81,410,4
880,91,3
323,678,2
846,40,2
606,926,3
279,712,5
472,1110,5
60,229,4
232,150,3
276,41,3
479,472,1
933,4,3
99,232,4
587,266,1
334,203,4
620,294,5
373,366,4
448,258,4
474,291,4
904,785,5
589,328,5
94,1073,5
593,179,5
936,1011,4
266,237,3
313,191,5
881,186,3
787,307,4
94,700,2
927,1415,4
497,665,2
830,69,5
776,569,3
883,151,5
749,234,4
497,590,2
608,265,3
934,269,2
466,333,4
184,660,3
181,676,3
234,178,5
68,275,5
614,756,4
92,558,3
919,976,2
284,315,5
790,1028,3
148,140,1
42,1046,3
716,177,2
13,907,1
757,679,4
536,22,5
605,754,3
190,340,1
130,433,3
239,443,5
885,79,4
764,7,4
1,148,2
405,71,1
524,607,3
437,88,3
663,652,4
618,815,4
11,393,4
28,800,4
222,270,2
535,480,4
360,334,4
76,60,4
250,984,3
176,100,5
629,191,3
534,288,4
38,720,5
919,304,4
588,496,3
727,211,4
690,9,3
892,88,4
830,99,3
566,483,4
416,693,3
387,969,3
802,261,3
624,124,4
207,978,3
678,275,2
363,552,4
780,313,5
469,65,4
921,651,3
732,300,4
455,193,4
154,242,3
305,171,5
325,493,4
778,755,2
402,257,4
23,70,2
758,221,3
308,499,3
696,520,5
92,658,3
70,1030,2
796,209,3
279,1495,4
823,423,5
104,330,1
103,118,3
286,577,2
425,98,4
378,89,4
509,260,2
18,654,4
311,451,3
543,1416,2
883,778,4
214,221,5
683,56,5
601,204,2
658,235,2
919,85,2
536,189,5
354,13,3
320,118,1
621,299,1
234,215,3
738,470,4
703,275,4
5,368,1
881,380,4
305,305,3
176,272,5
363,73,2
697,107,5
130,93,5
276,809,2
758,436,3
829,458,3
62,959,4
445,313,2
640,233,4
453,475,5
345,235,3
586,203,3
290,449,1
387,258,4
254,436,2
13,167,4
568,494,4
931,257,4
802,217,3
234,506,4
456,1010,5
868,547,3
406,211,5
906,277,3
189,501,4
85,181,4
90,387,5
431,302,3
653,64,4
445,762,1
683,325,2
271,472,2
768,117,4
293,748,2
308,480,4
280,82,2
804,522,3
537,171,3
321,863,3
712,417,4
65,168,4
883,311,4
661,209,4
20,69,1
301,249,3
804,1076,3
928,268,5
653,181,4
405,1434,1
102,550,2
354,258,4
594,242,4
798,79,4
847,238,2
660,1035,2
488,521,3
138,474,5
553,607,4
286,732,5
551,143,4
896,7,4
738,64,4
49,49,2
802,327,2
916,462,4
527,204,5
396,591,3
519,339,3
825,932,3
321,663,2
767,176,3
255,5,2
296,134,5
877,538,4
573,528,4
627,328,4
474,141,4
290,199,3
539,660,5
158,566,3
311,768,2
325,32,3
360,222,2
133,269,4
707,1174,5
398,239,3
18,963,5
782,1258,2
524,541,1
11,83,5
871,11,3
581,222,3
618,966,4
285,151,5
864,62,4
183,562,3
551,135,5
497,790,2
664,673,3
144,500,4
130,589,4
244,1132,4
886,568,3
450,155,4
425,568,3
500,8,4
669,257,3
537,281,1
12,50,4
849,174,5
346,375,1
426,496,3
301,588,5
60,180,4
230,176,4
913,172,5
506,58,4
883,847,4
552,281,3
472,73,4
788,82,3
877,381,4
398,497,3
537,1335,3
463,257,4
479,651,5
825,831,3
91,195,5
884,1018,2
682,86,2
679,432,4
344,619,4
889,607,4
43,411,3
344,118,3
278,258,3
422,760,3
749,621,3
793,294,5
234,606,5
339,82,4
453,424,1
89,15,5
758,481,5
417,465,4
328,55,4
44,11,3
833,577,1
604,185,2
248,183,5
706,24,3
201,737,2
650,223,3
460,248,4
806,923,3
204,300,3
690,8,4
805,1170,5
932,198,4
664,582,1
741,181,4
551,4,2
585,70,5
44,443,5
416,238,4
454,121,4
829,258,3
506,209,4
669,354,1
286,301,5
452,1255,2
749,879,4
271,257,4
24,729,5
313,174,4
500,421,4
24,223,5
472,72,5
193,333,1
567,297,3
549,258,5
875,332,3
886,28,4
617,184,1
234,608,3
79,333,2
313,684,4
699,1061,3
54,118,4
234,389,3
726,25,4
632,367,2
899,95,5
75,220,1
889,204,4
640,175,5
178,281,3
738,511,4
310,740,4
655,572,2
492,514,3
643,504,4
911,151,5
301,73,4
899,121,5
230,582,4
536,450,2
725,245,4
878,1092,3
862,81,5
567,427,3
940,310,3
222,167,3
934,208,5
344,11,3
606,111,4
406,443,4
567,156,5
174,240,1
435,118,2
343,521,5
91,50,5
669,205,4
561,238,4
788,715,3
1,53,3
303,452,2
606,81,3
152,143,5
72,1110,3
608,328,4
10,495,4
450,427,5
560,1016,3
660,403,3
936,221,4
327,344,4
234,1461,2
642,451,5
889,1419,2
880,1012,4
25,98,5
642,673,2
751,28,5
375,525,4
198,654,5
804,260,2
930,143,2
99,871,2
299,135,4
486,325,2
653,840,4
530,50,4
457,64,5
144,435,4
704,654,5
320,121,5
12,132,5
230,185,4
193,301,4
348,756,4
889,1170,2
65,393,4
41,31,3
627,697,5
645,482,4
804,552,4
901,38,3
892,1078,3
892,441,3
654,496,4
409,529,5
416,1517,2
297,690,5
174,107,5
567,617,4
3,245,1
854,175,4
224,1221,3
551,591,5
92,209,5
104,111,1
140,268,4
697,307,4
393,33,3
406,663,5
709,385,4
222,542,2
606,281,4
473,293,4
7,356,4
903,91,5
279,2,4
173,299,4
465,114,4
85,782,2
788,284,3
415,195,5
435,797,3
222,781,3
343,631,4
128,723,3
222,739,4
827,748,4
860,894,2
804,195,5
159,456,3
619,346,3
855,171,3
938,508,4
77,222,4
110,202,2
543,603,5
293,455,2
561,168,4
279,1291,4
145,925,4
561,427,4
291,153,4
45,476,3
862,230,3
875,692,2
617,7,3
22,80,4
721,660,5
887,1033,4
474,68,3
580,286,4
864,230,2
816,687,2
499,427,5
718,756,5
807,135,5
102,443,3
886,282,3
317,264,4
198,151,4
301,402,2
313,47,3
551,90,1
627,174,3
23,449,2
21,424,1
188,553,4
286,642,3
449,763,2
182,48,3
80,237,4
108,294,4
535,608,4
301,409,4
114,527,3
106,210,4
22,385,4
454,238,3
280,1313,5
59,226,4
633,94,4
435,228,4
655,221,3
417,431,4
290,102,3
212,268,5
377,354,4
546,682,3
645,186,4
69,12,5
103,255,5
18,45,5
114,56,3
647,82,4
194,425,2
773,42,3
607,213,4
727,729,2
835,371,5
621,313,5
44,175,4
682,403,3
311,941,4
492,1098,4
48,433,3
305,408,5
436,658,5
805,164,3
373,90,4
504,1437,2
348,370,4
85,232,3
830,79,4
399,289,4
640,304,4
536,141,4
895,151,5
130,538,5
13,176,3
595,508,5
506,203,4
207,826,2
721,403,4
487,1209,4
497,177,4
628,305,5
13,371,3
743,181,3
611,887,2
881,222,5
342,1047,2
457,450,4
687,313,5
7,521,5
684,728,2
291,619,3
784,260,4
776,559,4
42,468,4
393,404,3
299,88,3
11,654,3
918,137,5
708,258,5
490,277,3
425,178,3
494,199,4
256,31,5
222,405,3
314,278,5
13,766,4
262,292,4
484,720,4
489,333,4
621,68,4
106,107,4
877,31,4
883,805,4
889,291,3
585,462,3
325,135,5
303,427,4
537,199,4
367,100,5
606,735,5
276,747,4
931,845,3
798,444,2
312,238,3
184,183,4
717,291,4
569,3,1
659,90,2
121,124,5
417,186,5
497,167,2
406,410,4
712,195,3
160,123,4
367,331,4
31,136,5
833,234,3
506,521,5
321,1028,2
606,123,3
327,44,3
29,12,5
916,467,3
151,385,3
188,288,4
657,258,2
484,829,2
92,561,3
650,679,3
255,564,1
457,755,4
173,323,5
634,245,3
178,756,3
373,1119,5
767,56,4
455,343,4
653,659,1
284,322,3
59,566,4
321,276,3
280,746,4
796,342,5
774,871,1
542,627,3
630,195,4
803,264,2
577,183,5
889,160,4
846,520,5
867,31,5
515,271,4
221,96,5
67,7,5
172,463,4
292,125,2
294,328,4
314,327,4
6,519,5
344,58,3
59,129,5
671,4,5
450,158,3
782,248,4
758,489,5
463,129,2
435,186,4
774,585,1
775,344,5
878,481,5
489,991,3
677,508,5
806,1012,4
682,367,3
151,100,3
576,678,3
197,679,1
405,969,3
764,405,4
380,163,2
451,683,1
312,429,5
883,477,5
666,50,3
394,72,4
373,451,5
776,675,3
270,88,5
232,919,3
72,79,4
7,624,4
497,230,2
526,250,2
22,216,4
312,222,3
535,301,4
318,121,1
82,822,2
165,91,4
394,90,3
653,105,3
375,5,4
85,654,4
113,323,4
255,748,1
442,29,3
197,651,5
320,174,4
268,582,5
852,926,3
795,919,4
284,258,4
922,172,5
455,56,5
336,1057,4
665,475,3
747,93,4
901,151,3
617,185,5
884,70,4
445,591,2
330,133,5
381,656,4
923,333,5
303,333,4
294,879,4
429,466,2
523,168,4
608,168,1
786,82,4
618,62,2
551,692,4
864,367,5
748,517,3
468,172,4
347,105,2
506,566,4
351,313,5
548,346,4
471,627,1
691,524,5
303,653,4
347,470,5
344,202,4
7,617,5
642,998,3
655,7,3
883,487,5
754,292,3
493,357,5
346,89,4
466,121,3
92,215,4
864,1047,3
933,87,4
619,720,4
693,655,3
463,93,4
807,101,4
795,771,3
479,490,4
209,269,2
883,168,5
839,286,4
172,612,3
60,593,5
151,178,5
574,340,1
559,163,4
345,15,4
916,151,3
537,346,3
823,217,3
442,572,3
859,276,4
11,51,4
456,357,4
313,215,4
561,1139,1
234,85,2
759,300,5
384,289,5
236,523,2
44,191,4
62,12,4
160,23,5
321,32,3
752,748,4
100,895,2
306,741,1
250,480,5
802,183,5
178,244,1
23,217,2
551,748,4
854,194,3
922,385,3
303,1426,2
521,298,3
693,39,3
163,318,4
280,274,5
543,183,4
887,760,5
99,172,5
655,153,2
389,514,5
712,366,5
71,302,3
435,299,4
308,284,4
833,696,3
190,977,2
81,98,5
716,1050,4
697,7,5
401,117,3
297,864,3
864,930,3
932,515,4
200,924,5
777,202,5
776,53,2
378,569,3
405,759,1
129,339,2
334,877,3
690,1273,3
303,1511,3
292,96,4
772,327,4
697,339,2
380,139,1
435,156,4
151,633,5
527,492,3
563,220,4
426,651,4
312,432,5
831,144,5
567,190,4
416,1119,5
363,825,4
697,242,5
368,98,3
575,963,1
506,607,4
59,69,5
889,411,2
748,86,4
557,739,3
886,175,4
266,275,5
586,188,2
768,742,3
747,211,5
406,97,5
188,462,4
303,627,3
759,118,5
24,129,3
323,151,4
772,321,5
648,95,3
480,8,5
336,1437,2
130,1028,4
747,301,1
462,100,4
834,475,5
916,366,3
853,678,4
641,59,4
201,124,3
870,58,5
59,466,4
244,301,2
764,286,4
314,508,3
250,159,4
417,82,4
435,821,2
313,235,3
28,288,5
846,53,3
524,118,4
225,22,5
807,678,3
237,185,4
532,1594,4
887,289,5
33,343,4
552,748,4
586,230,2
189,297,3
338,135,5
536,443,3
457,1,4
175,195,3
847,157,1
638,636,3
562,132,4
878,100,2
262,28,3
853,748,2
823,206,4
339,159,3
727,578,3
731,205,1
379,69,4
299,742,4
251,125,4
530,237,4
655,462,3
279,998,5
354,515,3
777,238,4
811,321,3
344,660,3
871,213,3
88,886,5
936,269,4
239,514,1
624,928,3
757,343,3
267,545,2
405,88,3
847,219,4
450,214,1
85,432,4
289,363,3
299,936,4
279,1,3
727,1217,3
618,164,3
332,79,5
389,111,3
455,727,3
409,100,5
13,384,2
135,23,4
600,435,5
246,265,4
265,282,5
224,366,3
94,365,3
805,928,3
707,864,4
532,914,5
902,275,4
655,1143,3
313,202,5
721,299,3
445,343,1
798,367,3
466,195,4
901,732,5
435,550,3
398,127,4
254,243,2
653,654,2
416,1400,4
102,228,4
284,300,3
197,1228,4
766,215,3
805,212,3
247,750,4
838,12,4
104,324,1
878,8,3
405,855,1
877,302,2
755,302,4
532,1407,2
868,23,5
666,32,4
505,199,4
332,1218,5
617,669,1
42,234,4
546,751,3
868,640,5
689,300,5
575,427,4
373,66,4
334,428,4
253,182,3
716,511,5
889,151,3
682,433,3
758,100,5
796,1269,5
435,173,5
228,137,1
1,2,3
181,130,1
442,433,4
860,393,2
151,134,4
484,227,5
782,1534,2
453,234,3
804,87,4
896,746,3
222,471,3
224,678,3
932,600,2
307,64,4
64,228,4
13,825,1
21,985,2
309,304,3
63,282,1
103,405,3
95,25,3
361,517,5
328,597,3
269,644,5
102,350,3
246,216,3
152,1301,5
849,928,5
148,473,5
747,152,3
484,141,4
551,849,5
211,205,5
130,685,3
44,15,4
887,832,2
454,174,4
798,140,4
545,549,4
328,159,3
286,248,5
407,286,4
425,1314,3
11,745,5
233,660,5
758,895,4
615,48,5
908,123,3
774,294,1
868,581,2
774,545,1
452,482,5
6,423,3
787,269,3
345,443,5
210,527,5
764,1057,1
658,433,4
524,1204,3
334,887,5
730,685,2
405,542,1
198,97,3
138,285,4
682,211,4
374,162,2
618,633,3
790,227,3
923,628,4
497,570,3
919,303,4
286,451,5
850,162,3
823,1070,4
533,449,4
633,498,2
644,307,4
933,52,3
933,39,3
142,169,5
303,250,4
62,1091,3
833,267,1
303,215,5
755,340,1
435,472,2
497,197,3
592,237,4
927,625,3
495,4,3
738,89,5
780,662,5
883,387,5
707,863,4
355,264,4
784,346,4
303,1007,5
496,96,4
87,68,3
90,632,5
524,433,5
486,689,2
504,180,4
89,716,3
846,949,2
401,584,3
268,116,4
85,523,4
23,257,3
496,142,2
586,496,3
860,100,4
416,274,4
851,313,4
487,286,2
425,147,3
15,251,2
821,318,5
661,538,3
416,689,4
902,127,3
195,841,2
757,227,4
478,26,5
575,531,1
758,6,2
92,846,3
119,716,5
796,29,3
85,604,4
798,801,3
802,678,4
305,169,5
486,1011,4
537,274,2
405,303,1
660,154,4
416,14,4
682,942,2
213,212,4
750,1280,1
749,393,5
625,739,3
234,1453,2
843,675,5
194,22,5
622,118,1
442,96,4
669,357,4
479,50,4
709,1218,4
395,216,3
246,284,1
178,508,3
297,208,4
292,250,3
592,188,5
11,90,2
450,700,1
798,586,2
561,15,3
806,405,3
412,117,4
545,542,2
940,357,4
586,809,3
6,427,4
402,1048,2
2,281,3
592,418,4
311,496,5
406,405,3
698,945,2
627,385,2
170,876,3
42,318,5
503,182,3
328,133,5
360,13,3
13,438,1
446,294,1
727,933,1
758,61,3
385,145,1
221,943,4
16,168,4
446,299,2
425,271,5
7,106,4
889,279,2
577,77,3
832,50,3
457,197,5
411,58,3
749,121,3
193,790,3
11,203,4
779,926,4
335,271,4
30,286,5
292,1142,4
788,258,4
330,151,4
660,485,3
11,662,3
532,95,5
193,827,2
70,300,4
494,121,4
297,20,4
449,1011,4
312,543,5
566,485,3
682,268,5
666,48,4
727,234,2
525,928,3
786,98,5
8,227,4
409,876,2
506,333,4
405,515,1
44,507,3
416,477,4
846,708,3
56,51,3
868,588,1
833,715,2
216,1047,3
933,176,3
758,384,5
690,716,1
385,169,5
128,88,4
786,99,4
643,238,3
449,268,2
299,746,4
303,277,3
197,568,4
655,1633,3
559,1141,2
456,324,4
682,98,4
869,310,4
385,1129,5
7,142,3
580,222,3
840,855,4
795,150,3
405,1290,2
383,124,4
825,25,4
279,207,5
7,672,1
180,716,1
36,268,2
338,497,3
748,227,3
903,1,3
326,675,4
234,503,2
806,70,2
806,14,3
311,493,4
41,1,4
267,1185,2
793,240,4
82,238,3
401,591,3
450,245,4
452,45,4
840,182,4
907,185,4
932,479,5
344,96,4
239,185,4
274,255,2
145,266,3
548,315,3
792,363,3
206,889,2
668,302,5
611,355,1
456,9,3
389,684,4
326,175,1
158,96,4
829,255,3
627,568,2
311,729,4
92,386,3
339,25,4
776,674,3
189,531,3
569,762,3
922,72,4
453,85,3
130,1277,4
854,713,4
387,192,5
453,318,4
314,126,2
437,301,3
383,654,5
571,45,4
234,501,4
674,685,3
343,334,5
890,50,5
112,321,3
551,651,4
898,347,3
698,275,4
373,596,3
138,603,4
903,515,4
189,588,4
640,770,4
212,863,2
223,993,4
54,742,5
318,575,2
429,70,4
385,435,3
561,735,3
393,423,3
201,1174,5
347,403,5
63,14,4
697,129,5
593,815,3
727,172,5
889,678,3
537,238,4
189,483,5
894,318,5
632,228,3
766,646,4
934,811,4
319,332,4
481,313,4
379,434,3
174,708,5
864,290,3
724,342,3
561,423,2
883,1656,5
293,789,2
343,1112,3
176,262,4
388,111,3
293,139,3
385,219,1
870,732,2
660,135,4
545,743,3
496,1074,2
92,450,2
222,24,3
449,198,4
296,357,5
71,248,3
346,17,1
661,665,3
932,157,4
273,316,4
234,1048,3
125,210,5
276,916,4
916,762,3
920,245,2
355,328,4
16,58,4
712,38,4
243,196,4
650,117,4
892,1035,3
222,678,3
930,257,4
416,80,2
276,303,4
249,7,5
421,302,4
391,748,3
276,219,4
577,88,3
94,56,5
136,258,5
312,633,5
244,365,2
318,1014,2
11,227,3
327,753,4
805,419,4
495,665,1
663,924,3
370,170,4
504,546,4
450,26,5
84,282,4
650,662,3
800,25,4
387,501,4
867,211,3
374,977,1
799,45,4
339,143,5
916,944,2
92,820,1
91,318,5
514,10,4
610,210,3
497,12,4
455,286,5
653,510,2
788,188,4
263,153,3
799,499,4
815,141,4
204,321,1
279,644,1
387,532,3
378,575,3
782,1144,3
294,93,4
739,327,5
60,222,4
657,109,1
313,44,3
543,272,3
394,546,4
814,665,4
903,293,4
63,258,3
26,237,3
612,127,2
378,94,3
276,76,4
802,565,3
327,79,3
468,508,4
875,258,4
294,288,5
880,421,2
626,358,1
7,154,5
373,715,2
249,92,5
416,1516,5
11,504,3
379,398,1
677,151,4
795,89,4
405,551,1
346,31,4
634,411,4
369,50,5
6,297,3
569,508,3
334,4,3
144,298,3
298,127,5
311,89,5
185,939,3
559,566,5
181,1129,1
263,272,5
592,258,5
545,77,3
490,926,2
187,582,1
470,286,4
916,137,5
497,550,4
506,274,4
425,50,5
399,323,1
194,808,2
303,953,3
328,482,3
875,55,3
145,895,3
499,50,3
376,237,3
632,69,4
561,458,4
189,496,5
236,289,4
7,520,5
826,568,4
290,476,3
253,465,5
774,1228,1
311,425,2
378,218,3
225,418,5
222,183,4
207,1049,3
332,696,3
388,328,4
716,503,3
437,521,4
896,542,3
311,402,4
504,969,4
669,480,5
738,926,3
234,735,3
603,385,4
339,449,3
616,333,2
200,118,4
345,941,3
451,289,1
363,215,3
551,1039,4
664,480,5
798,1003,3
456,226,2
823,98,5
87,575,3
486,882,2
84,98,4
936,20,5
380,514,2
339,675,4
13,684,5
294,343,4
301,405,4
600,684,4
679,294,1
587,258,4
269,919,4
655,647,3
279,284,1
650,429,4
864,939,4
95,191,5
854,1281,2
770,358,3
207,134,4
618,82,4
767,1,5
851,828,2
407,290,3
647,202,4
846,525,4
292,111,4
765,15,2
886,200,3
416,86,1
107,322,1
840,435,4
458,204,4
201,203,5
373,64,4
190,222,4
334,652,5
13,656,5
77,133,2
291,829,2
177,176,4
896,578,2
417,743,2
184,88,3
682,215,4
6,476,1
217,174,3
893,405,5
693,582,2
312,641,5
83,235,1
409,275,4
796,79,5
467,762,3
930,116,5
200,984,3
405,1488,1
497,294,4
747,783,1
458,181,2
348,291,4
683,301,2
749,300,4
579,331,3
94,286,4
372,327,5
362,322,3
773,13,4
235,1105,2
295,1050,5
771,707,4
201,53,3
774,840,2
825,930,5
913,527,5
535,498,4
559,661,3
659,498,3
524,92,4
498,121,2
866,900,4
271,384,3
906,273,4
185,269,5
508,223,4
286,475,4
625,176,4
654,1115,3
659,191,5
60,419,3
99,742,5
56,97,3
798,1063,3
279,368,1
334,129,4
894,242,4
114,505,3
780,199,5
291,672,3
537,423,2
593,9,3
446,338,2
181,831,1
874,305,4
655,467,3
533,202,4
432,255,5
589,271,3
283,91,5
850,659,4
860,272,3
75,294,3
756,138,2
492,523,4
709,218,4
1,40,3
893,412,3
483,290,3
593,293,1
48,170,4
44,87,5
562,194,5
249,93,4
192,1137,4
178,332,3
151,470,3
498,474,4
80,154,3
190,895,3
213,12,5
600,526,4
767,222,5
902,879,4
608,969,5
68,286,5
831,591,4
303,53,3
244,32,2
532,917,4
372,1083,3
619,11,2
938,126,4
290,404,3
223,596,3
835,281,4
293,181,3
478,17,2
932,529,4
360,284,3
397,22,4
59,70,3
930,1048,2
303,476,3
247,269,4
7,625,3
747,71,5
95,736,4
178,1315,4
899,231,1
931,127,5
269,387,3
145,477,2
312,234,5
494,204,5
625,169,5
846,28,5
906,544,4
806,222,4
115,508,5
804,432,3
576,276,3
254,21,3
283,24,4
30,1007,5
833,526,4
234,636,3
215,443,4
453,55,4
321,186,4
878,216,4
442,33,3
391,11,3
617,183,4
257,1472,2
311,177,5
64,347,3
315,98,4
601,473,3
145,265,5
130,245,1
702,450,1
393,1035,3
366,561,5
933,523,4
190,237,5
500,129,4
637,13,1
320,89,4
426,609,3
279,401,5
450,715,3
429,411,3
554,1028,3
421,516,5
280,527,5
901,498,4
476,42,4
223,369,1
776,21,3
725,748,4
933,64,5
244,101,5
59,511,5
593,496,5
381,443,5
230,121,4
249,117,4
902,289,3
588,307,4
645,30,4
444,9,5
588,386,2
334,1132,2
820,347,4
316,582,5
749,401,1
615,213,5
933,746,4
650,550,3
338,435,4
445,144,3
416,699,5
293,1333,4
680,1,4
334,481,5
684,477,5
6,195,4
709,727,2
193,187,4
851,875,5
411,1,4
254,1060,3
429,58,4
746,82,4
447,845,3
30,892,4
847,455,2
16,109,4
416,1483,4
177,161,3
307,736,3
911,185,5
60,499,3
595,815,3
345,476,3
299,950,2
417,190,5
373,849,3
664,118,3
746,24,4
495,444,3
587,330,3
372,176,3
892,367,4
109,98,4
11,211,3
928,1025,5
429,184,4
731,1503,5
524,126,4
851,262,4
290,125,3
173,322,4
30,683,3
407,559,3
322,302,5
506,516,4
54,1088,3
934,297,5
298,427,5
185,47,4
595,258,4
896,96,5
327,423,3
804,1079,4
615,179,4
498,656,3
715,1222,2
354,661,4
747,655,3
749,780,1
62,664,4
13,453,2
292,235,3
246,588,4
773,179,5
494,514,2
99,406,3
94,399,4
56,202,4
450,1261,4
597,824,3
806,455,3
15,222,3
189,50,5
539,236,3
379,522,5
96,238,4
694,31,4
896,291,3
518,458,3
347,317,1
282,333,3
478,77,1
299,194,3
308,425,4
466,1176,5
385,234,1
777,692,5
279,1120,3
276,100,5
537,646,2
233,304,5
881,233,3
783,346,5
455,2,4
747,176,4
848,204,5
686,204,4
795,172,3
221,1218,3
657,273,3
357,456,3
889,979,3
881,103,1
660,177,2
566,23,4
551,1518,4
745,936,1
524,646,5
405,1499,1
447,866,2
313,588,4
227,106,3
747,28,4
537,1103,4
892,121,4
532,26,3
505,1409,3
201,636,2
98,938,3
542,42,3
276,1301,4
457,47,4
297,742,3
137,1028,5
864,275,4
270,421,5
819,300,5
392,511,5
397,127,5
612,878,2
308,231,3
606,423,5
276,234,5
234,237,3
295,47,5
279,391,5
852,109,3
6,209,4
293,628,3
10,11,4
109,62,3
788,1112,3
796,1101,5
682,399,4
507,222,5
256,934,3
197,187,5
913,15,3
803,303,4
561,51,3
237,286,3
707,165,3
429,789,4
321,211,4
305,151,4
207,476,2
479,325,1
823,140,3
457,456,2
387,674,2
838,276,4
916,188,3
393,69,4
889,511,4
465,22,3
942,423,5
471,50,3
220,319,4
934,602,3
303,1335,3
77,519,5
537,445,3
383,185,5
639,198,2
391,924,2
60,144,4
815,239,5
56,820,3
253,751,3
807,403,4
746,399,3
621,1185,3
880,475,4
659,603,5
533,204,4
201,955,3
267,403,4
883,207,3
455,196,4
85,127,5
453,93,2
294,749,3
834,255,3
561,109,1
346,184,1
846,58,4
223,322,4
144,100,5
424,989,2
343,202,4
279,746,5
63,242,3
495,62,3
880,81,4
299,732,4
42,210,5
889,132,4
435,117,3
9,487,5
293,68,3
293,464,3
409,116,4
469,168,4
923,125,4
489,1612,5
895,222,3
592,900,4
540,274,4
870,528,4
897,483,3
176,303,3
363,347,3
138,187,5
270,156,5
374,554,2
938,1013,2
380,89,5
202,481,1
655,966,3
184,277,3
373,499,4
327,12,3
936,285,4
940,164,2
380,629,2
394,550,4
447,132,4
357,864,5
436,1058,4
411,229,3
427,289,5
880,456,3
409,749,3
81,116,3
48,988,2
144,961,3
104,456,3
457,841,4
282,302,5
897,173,3
442,156,4
896,952,4
40,269,1
373,627,4
883,199,4
840,1214,1
844,946,3
723,322,2
280,232,3
486,713,3
421,194,4
397,989,1
858,333,4
52,318,5
889,202,3
271,644,3
683,286,2
786,451,2
864,716,2
429,625,3
885,239,3
866,319,4
738,169,5
488,678,2
435,825,3
698,255,3
194,946,3
508,69,3
204,1194,4
405,1119,3
790,298,5
363,1228,2
724,683,1
472,99,3
58,116,5
823,92,5
606,144,4
62,4,4
501,93,4
697,288,2
222,247,1
25,432,2
59,458,4
134,294,4
940,168,3
599,748,4
836,523,5
881,490,4
487,455,2
896,1119,3
13,679,4
94,70,4
119,237,5
535,116,3
76,1155,2
406,425,3
181,1391,1
748,193,3
413,15,4
313,199,4
40,310,3
731,434,1
255,121,2
26,151,3
899,2,3
600,665,5
67,1093,5
251,33,3
125,158,4
632,402,3
796,298,5
144,24,4
843,252,3
18,179,4
731,64,5
145,762,3
846,655,3
248,474,2
927,560,2
655,132,3
478,318,5
450,396,2
251,535,3
287,250,3
188,764,4
413,250,3
716,498,5
373,175,3
897,521,5
307,143,3
442,447,3
395,97,5
29,1018,4
267,423,3
457,704,4
243,1368,2
387,1129,4
363,859,4
622,1,3
301,41,3
924,421,4
90,300,3
843,661,3
622,472,3
594,245,3
49,1017,3
892,81,3
707,949,3
838,111,4
92,581,4
794,13,4
648,235,4
562,393,2
60,514,4
892,203,5
931,315,5
843,239,3
573,162,4
881,375,1
198,942,4
486,1514,4
90,481,5
907,107,5
144,190,5
493,127,3
298,197,4
767,183,4
830,692,4
157,25,3
498,137,3
737,154,4
508,96,2
286,234,3
497,4,3
401,318,4
762,421,4
503,729,3
224,51,4
536,1,5
601,69,3
82,87,3
202,1,3
487,79,5
429,972,4
303,231,4
846,2,5
864,729,4
798,71,3
769,1322,2
835,708,5
344,208,5
719,50,2
833,47,5
707,162,5
704,197,5
243,458,4
455,172,4
276,540,1
525,472,2
819,346,5
537,421,2
115,530,5
524,1048,4
204,292,5
582,826,3
693,654,3
267,82,4
145,79,5
244,401,3
458,124,4
416,210,5
26,302,5
435,637,4
312,479,5
79,582,5
886,663,4
660,271,3
535,181,4
265,294,4
244,7,4
919,877,3
243,111,4
570,886,2
389,1298,5
61,347,5
919,276,5
921,259,4
178,200,3
38,550,2
189,31,3
931,303,4
653,431,4
181,289,4
308,107,4
401,111,4
207,805,3
431,358,2
472,177,4
560,278,1
846,385,5
407,466,3
497,721,3
756,554,1
311,41,3
898,327,5
825,111,3
405,782,1
6,410,4
624,125,3
262,790,3
405,1544,1
655,726,2
385,199,3
339,45,5
344,73,3
455,70,3
276,1245,3
805,105,2
526,260,1
715,11,4
555,89,4
396,148,4
389,396,3
790,317,4
679,286,5
648,17,2
933,56,5
85,94,3
715,471,4
486,1120,3
655,237,3
429,157,4
539,481,4
298,498,5
116,313,5
222,1284,4
751,300,2
269,177,5
922,433,4
533,748,3
69,182,4
472,227,5
407,45,4
90,306,4
525,269,5
299,856,3
83,77,4
62,464,4
500,569,4
269,474,4
406,558,3
665,15,4
683,315,4
249,588,3
102,511,3
851,11,5
579,238,3
85,268,4
178,274,4
666,282,3
48,609,4
401,651,4
727,1446,3
303,132,5
83,69,4
843,449,3
711,88,5
776,134,4
311,211,3
48,71,3
548,298,4
145,590,1
894,166,4
428,271,2
246,412,1
854,195,3
519,680,5
102,856,2
393,737,2
605,15,5
898,243,1
832,323,3
851,1143,5
232,289,4
543,204,4
504,181,3
840,655,5
776,427,3
770,181,3
675,1628,5
416,559,3
144,20,4
329,879,2
880,117,4
532,824,4
892,71,3
796,525,4
109,356,4
450,347,4
416,550,4
776,483,5
435,230,3
125,49,3
565,971,5
821,435,4
57,405,4
785,50,5
745,492,5
543,134,5
894,1142,4
334,221,5
378,715,4
666,591,2
424,289,5
568,653,4
13,197,4
880,1258,3
788,291,4
313,95,3
230,202,4
343,83,4
350,589,5
23,13,4
248,64,5
399,769,3
615,736,5
822,95,4
407,184,4
405,378,4
462,332,5
459,651,3
214,752,2
200,982,2
246,675,4
181,823,2
716,117,4
280,71,4
622,375,2
794,109,4
535,100,5
503,69,4
748,319,3
18,47,3
801,355,3
432,7,2
21,595,3
880,79,4
587,323,4
472,11,5
478,327,3
616,258,4
561,772,4
470,475,4
283,211,4
409,61,4
213,173,5
256,25,5
900,471,2
92,720,3
59,195,5
936,717,2
804,719,3
666,31,3
826,260,3
385,198,3
374,829,2
586,468,3
299,270,4
610,172,4
543,586,3
837,845,4
233,498,5
840,521,5
615,325,2
602,508,3
828,475,4
650,97,3
632,58,3
91,682,2
405,1517,1
833,291,3
593,845,3
296,303,4
21,925,2
18,32,2
592,89,4
776,486,4
286,658,5
111,328,4
414,895,4
650,187,2
535,609,4
503,194,4
655,423,3
222,700,3
145,269,5
230,628,3
198,161,3
648,678,3
429,1033,1
1,130,3
276,31,4
244,651,4
12,143,5
377,268,3
878,1065,1
368,567,3
395,252,3
903,1008,3
865,685,3
389,285,5
486,289,3
908,28,4
13,334,1
860,949,3
642,71,5
704,493,4
804,1244,2
831,271,2
899,431,1
842,270,5
532,796,5
924,196,4
872,845,3
627,210,3
234,494,4
935,118,4
450,1284,3
633,410,2
344,451,4
642,398,2
723,286,3
537,890,1
840,98,5
43,581,3
166,346,1
739,55,1
365,762,4
500,88,4
322,92,4
455,121,4
429,708,3
707,58,3
385,1506,4
181,1374,1
555,121,3
743,879,4
818,302,5
293,1209,2
557,8,5
82,276,4
181,1165,1
468,285,4
634,475,5
921,276,1
450,1271,2
407,123,3
416,399,4
399,186,4
82,134,4
940,286,3
731,494,3
316,223,4
296,1160,4
302,271,4
551,69,4
217,96,4
230,549,5
629,309,3
484,230,5
246,181,5
474,209,5
18,435,4
588,31,3
339,174,4
870,489,4
393,546,2
144,880,5
868,217,2
54,240,4
734,582,2
742,50,4
160,209,4
94,334,3
15,306,5
698,100,2
685,327,2
896,655,4
450,549,3
629,160,4
94,281,3
345,244,3
896,470,2
92,183,4
178,8,4
499,181,3
273,305,4
890,496,5
95,527,4
178,658,5
72,591,5
294,410,4
851,823,3
137,181,5
194,230,1
653,142,2
933,238,2
102,164,3
119,616,2
416,941,3
833,742,3
292,328,3
841,323,3
312,519,5
822,588,2
524,517,4
23,170,4
290,181,5
74,276,4
294,325,3
751,98,5
325,1203,5
385,1158,5
504,44,4
731,1039,4
537,81,3
592,13,5
83,28,4
324,872,5
487,462,2
532,980,4
311,419,3
35,321,3
135,327,4
150,278,2
548,619,3
906,283,4
758,235,5
329,50,4
379,173,5
18,19,3
311,179,2
474,495,4
224,1163,2
268,105,2
804,588,4
184,529,4
788,655,3
885,233,3
643,143,4
353,905,4
772,264,4
197,518,1
398,648,5
524,523,4
914,692,3
102,258,4
391,458,4
343,657,5
317,271,3
45,118,4
921,924,3
588,1411,1
880,144,5
790,235,1
868,12,5
653,232,2
774,411,1
514,680,1
503,199,4
314,672,5
393,550,3
299,485,4
895,1,4
710,300,3
94,118,3
404,892,2
409,497,3
892,570,3
551,471,5
178,864,2
365,342,2
801,300,5
588,552,1
15,7,1
577,98,4
6,131,5
506,892,1
455,471,4
864,222,4
886,96,3
268,208,4
906,471,3
650,385,4
130,62,4
293,183,4
450,281,4
189,914,2
353,313,5
921,82,3
608,318,4
94,589,5
181,1277,2
369,890,3
110,196,4
795,742,2
843,89,5
923,544,4
402,12,4
377,294,5
294,748,3
789,284,3
553,524,5
411,566,4
455,475,4
712,451,5
297,191,3
639,727,2
16,655,5
374,732,4
785,12,4
298,274,3
104,475,4
346,92,4
503,277,4
717,322,5
488,198,4
116,302,3
57,930,2
908,483,4
264,602,4
828,271,2
459,15,4
815,77,4
145,1077,3
693,977,3
393,1468,4
653,191,5
565,640,4
215,434,5
894,1404,3
615,14,5
216,58,4
626,286,5
655,979,3
307,1110,4
94,586,1
730,50,4
629,92,4
774,293,1
214,22,3
659,792,4
840,174,4
648,728,2
894,324,3
661,313,4
666,423,3
222,188,3
401,430,2
758,332,4
305,511,4
416,181,5
495,521,5
221,508,4
627,33,1
882,748,5
323,886,3
6,165,5
445,118,2
537,727,2
22,258,5
95,239,3
498,7,3
152,215,5
627,1074,3
194,693,4
187,65,5
804,403,3
56,715,1
308,665,4
645,69,4
493,210,5
758,508,4
795,588,5
555,405,4
896,686,3
487,265,5
786,191,4
339,660,4
639,724,3
378,9,5
284,345,4
637,1244,1
347,271,1
456,474,5
605,357,5
56,383,2
573,176,3
897,566,2
702,879,1
182,864,4
293,5,3
275,434,3
663,31,4
545,217,5
95,234,2
290,15,4
197,258,4
653,1016,3
311,183,5
789,741,5
880,301,4
747,290,3
393,202,3
52,1085,4
175,234,5
294,1014,2
439,1048,4
654,83,5
782,299,3
184,584,3
430,298,3
297,699,4
126,260,1
305,223,4
627,956,2
625,254,3
38,140,5
894,1313,3
747,30,5
892,49,4
620,91,2
769,546,4
640,566,4
63,288,3
416,317,5
460,591,2
131,313,5
933,1017,3
85,318,4
379,554,4
660,809,2
56,1092,3
493,71,5
472,1029,4
370,174,3
113,100,4
60,227,4
373,843,3
665,98,4
44,89,5
498,182,4
430,181,4
758,53,4
311,329,4
607,435,3
299,510,5
405,638,1
316,162,3
223,1088,4
12,174,5
621,833,3
120,258,5
393,398,4
610,9,3
305,97,4
295,227,4
535,171,3
844,241,4
646,286,3
104,283,4
585,1193,5
90,639,5
385,403,3
715,228,3
682,125,4
487,206,4
894,244,4
342,135,3
344,196,4
606,216,5
200,45,3
49,465,3
429,154,3
935,257,2
13,42,4
478,40,1
514,609,4
823,96,4
299,778,4
768,269,3
416,118,2
806,175,5
126,322,3
119,727,5
610,275,4
305,209,5
807,602,5
268,24,2
719,223,5
208,514,4
506,234,5
450,1435,4
189,1115,4
642,1066,3
637,866,3
885,538,4
846,675,2
796,117,5
94,265,4
63,100,5
417,1090,3
45,926,3
495,132,4
446,269,4
851,9,4
308,24,4
405,606,3
416,239,5
660,431,4
279,1250,1
637,338,4
90,493,5
513,117,5
825,298,5
624,750,4
320,586,3
203,288,5
897,473,3
554,273,3
495,120,5
454,742,3
178,92,3
495,418,4
182,15,4
308,81,5
290,161,4
311,204,5
43,1023,3
670,417,4
292,408,4
671,1303,3
548,7,5
883,185,5
44,155,3
503,125,3
239,9,5
863,900,3
773,432,4
334,154,4
575,96,5
135,234,4
457,722,4
437,26,2
218,265,3
663,603,4
535,382,5
14,920,4
590,475,4
95,539,4
326,550,5
565,713,5
749,1013,1
379,451,4
54,25,4
786,1,4
399,273,3
851,266,3
11,723,5
96,89,5
872,930,3
825,1016,3
566,879,2
18,510,4
747,333,4
85,10,4
488,58,3
506,81,1
689,257,5
108,740,3
11,716,3
938,289,1
339,654,5
393,1228,3
674,151,2
118,200,5
21,876,2
804,1047,3
933,214,3
435,300,2
906,286,5
473,137,4
298,705,4
406,125,3
268,679,4
276,1244,3
795,135,3
425,879,2
301,64,5
764,864,4
526,475,5
592,125,2
367,670,4
99,682,2
366,672,5
288,527,3
717,100,4
301,194,4
320,368,3
181,717,1
271,176,3
539,155,4
600,568,4
799,748,2
514,144,3
679,70,4
517,222,4
49,926,1
95,1222,2
224,294,4
409,854,4
399,155,2
560,13,3
20,378,3
56,63,3
354,724,2
500,387,2
738,193,5
495,378,5
619,808,3
43,7,4
385,1154,5
393,410,4
325,93,4
778,197,4
389,481,5
373,949,4
56,196,2
648,820,2
76,203,4
450,287,4
622,674,2
280,56,5
939,118,5
21,547,2
504,54,4
487,255,2
60,478,3
256,728,4
311,469,5
870,31,4
840,209,4
896,22,5
731,496,5
535,151,4
56,143,3
508,180,5
881,580,5
641,528,4
747,985,2
347,15,2
904,1041,2
790,431,3
125,485,5
846,86,5
546,222,4
774,468,2
804,39,2
531,338,1
407,519,4
327,1141,3
749,111,3
687,324,2
92,722,3
92,278,3
506,705,5
181,875,3
498,887,3
521,33,4
417,428,3
370,173,3
889,8,3
230,673,3
660,211,4
293,203,3
194,423,3
422,854,4
374,116,1
87,629,4
47,301,4
344,119,5
235,213,4
318,1048,4
642,82,5
90,237,4
716,527,5
919,1012,4
168,409,4
210,187,5
5,169,5
214,522,4
130,355,4
606,747,4
59,173,5
568,488,5
275,169,3
417,450,2
437,11,1
183,96,3
507,682,5
363,186,3
201,396,3
784,690,4
576,257,4
675,311,3
682,471,3
472,419,4
235,494,4
516,582,5
85,13,3
417,723,5
378,449,3
437,12,5
405,856,1
867,1608,2
130,125,5
295,183,1
798,878,4
198,101,5
25,169,5
821,148,3
276,358,3
903,475,4
227,1007,4
537,492,3
189,659,4
659,526,5
60,418,3
865,189,4
825,275,3
861,582,2
774,530,5
215,134,4
537,13,4
241,307,4
249,172,3
708,740,5
733,1226,3
222,410,2
787,361,3
320,100,4
291,293,5
537,259,1
416,106,3
537,746,3
708,328,3
207,847,3
886,208,3
246,223,5
347,930,2
698,419,3
207,1272,3
883,656,5
102,83,3
268,561,3
271,474,3
608,172,1
927,542,2
383,660,4
932,67,2
36,269,3
293,474,5
244,215,4
249,100,5
547,345,5
230,216,4
577,1033,4
84,95,4
493,109,4
215,237,4
883,59,5
476,90,3
648,458,2
24,662,5
931,362,3
188,356,4
410,269,5
851,564,3
478,48,4
845,1394,4
1,174,5
109,1157,4
312,512,3
880,234,5
321,478,4
840,56,5
866,896,2
72,443,3
222,200,3
516,357,3
831,245,2
401,501,2
345,972,4
743,301,4
87,144,4
815,132,5
468,214,5
222,40,1
339,845,4
454,961,1
658,772,3
176,293,5
7,640,3
181,111,3
382,482,5
650,357,4
176,927,3
749,1139,3
82,79,3
654,735,4
586,173,3
825,864,3
48,1063,3
586,397,3
660,29,2
449,248,4
706,117,4
562,181,3
87,48,4
62,483,4
74,121,4
288,176,4
921,1060,2
381,132,5
255,264,2
13,733,5
785,661,3
457,462,5
682,737,3
682,67,4
56,473,2
251,275,4
227,274,4
109,238,2
407,603,4
3,325,1
417,444,4
766,216,3
60,474,5
6,480,4
506,271,4
314,682,5
569,685,4
543,516,4
297,173,4
144,7,2
745,14,3
378,768,4
213,357,5
502,343,5
272,474,5
396,619,3
919,238,3
707,1311,3
232,32,4
181,106,2
771,694,3
758,108,5
90,385,4
919,1152,4
650,509,3
344,762,3
537,479,4
206,1430,1
269,70,1
773,91,4
293,1298,3
214,89,4
923,307,4
416,107,5
56,1090,3
826,188,4
708,938,3
730,181,2
326,515,5
865,405,2
563,181,4
894,255,3
151,972,4
887,934,4
167,606,4
721,286,5
862,462,4
276,1091,3
417,616,2
625,515,4
450,415,3
142,315,3
666,709,4
22,94,3
407,443,3
287,926,4
680,100,3
506,12,5
864,116,4
555,129,4
892,28,4
721,1221,3
884,640,1
896,461,3
393,833,4
95,98,4
10,692,4
90,166,4
693,520,2
865,245,3
743,303,5
293,732,3
288,202,5
355,1233,4
42,276,1
196,306,4
807,142,3
379,1032,2
727,328,4
468,461,4
595,845,3
307,229,5
526,293,5
717,751,4
250,96,2
503,268,5
102,1030,1
487,620,3
913,474,5
458,896,5
567,209,4
721,331,3
313,465,3
159,310,5
13,590,2
486,10,4
567,89,5
637,676,3
222,424,1
711,485,4
193,366,4
750,327,4
830,834,1
756,588,4
592,343,3
750,688,1
497,248,4
889,475,4
807,141,3
340,15,5
64,736,4
18,402,3
7,631,4
833,150,3
828,1062,4
389,210,2
13,669,1
406,504,4
577,204,4
940,96,5
378,233,2
615,168,5
758,184,5
225,478,5
855,283,3
200,552,4
21,437,1
37,24,4
77,201,4
405,1441,1
883,195,5
279,342,4
262,553,4
276,50,5
31,811,4
210,953,3
286,142,4
450,655,4
345,570,2
450,1112,3
875,496,4
655,2,3
851,1047,3
889,1079,2
689,471,4
627,245,4
472,69,5
131,285,5
524,676,3
305,189,5
207,684,3
733,1115,3
276,1011,3
194,136,5
813,326,3
453,568,3
938,473,3
82,1134,2
620,82,5
174,1254,1
580,329,3
724,294,4
343,265,2
708,1023,3
315,271,3
463,248,3
463,313,4
363,173,5
508,82,3
835,1,3
26,126,4
807,657,4
499,176,4
268,249,4
198,527,4
398,1,5
83,508,2
796,419,5
127,901,5
95,402,3
407,238,5
588,1074,5
399,1135,2
470,13,4
514,648,3
406,163,3
453,1017,3
320,1215,1
361,770,3
880,85,3
161,118,2
115,511,5
524,31,4
8,177,4
370,193,4
724,1105,1
11,29,3
299,83,5
230,393,3
868,358,2
539,56,2
374,12,4
301,597,3
450,172,4
940,209,4
727,66,3
16,209,5
545,233,4
35,680,4
145,298,1
675,531,5
766,174,3
87,273,3
898,312,2
564,117,4
154,480,5
110,43,3
223,470,4
64,144,3
660,402,3
181,508,3
560,268,4
933,1110,3
145,635,4
87,152,4
457,4,4
311,581,3
381,178,4
429,591,3
897,215,4
286,214,1
851,930,3
889,240,3
189,480,5
389,1098,4
244,455,2
330,117,5
251,45,5
758,474,5
217,22,5
535,419,3
409,170,4
640,151,4
279,486,4
339,1113,4
887,768,4
938,118,5
27,295,3
757,207,2
660,542,2
804,257,5
655,1490,2
416,619,4
102,269,2
883,183,5
246,576,1
648,831,1
632,475,3
363,12,5
207,156,2
269,136,4
479,751,4
286,411,2
180,739,3
269,69,1
916,642,3
90,447,5
726,323,3
457,284,3
686,518,5
504,234,3
418,750,2
169,683,3
298,265,4
94,222,3
5,452,1
407,28,4
399,282,3
348,988,3
5,2,3
716,521,3
506,77,3
863,294,4
343,702,4
298,430,5
95,143,4
608,4,3
254,625,3
486,471,5
804,969,4
185,28,5
712,365,3
842,306,4
404,343,1
942,216,4
321,530,4
342,357,3
302,289,3
411,210,5
716,105,2
710,720,3
418,300,3
934,526,2
655,443,4
157,93,3
59,147,5
245,222,4
398,181,4
619,17,1
291,151,5
642,1185,4
927,738,3
537,569,2
574,272,4
468,943,3
359,1,4
496,151,3
164,323,4
303,17,4
162,208,3
450,1286,3
431,879,3
235,1149,4
882,237,5
889,980,4
632,181,5
851,295,5
719,216,4
479,183,5
746,89,4
270,327,5
94,418,3
222,619,4
655,304,2
401,630,4
332,123,4
23,124,5
732,322,3
144,183,4
899,427,5
634,717,4
303,939,3
580,257,5
766,837,3
201,644,3
269,673,4
864,96,5
391,23,4
44,174,5
788,300,5
919,297,4
13,306,3
457,111,3
130,27,4
880,204,5
151,498,5
711,162,5
621,108,3
867,655,4
650,525,3
746,68,4
675,427,5
312,656,5
790,496,3
90,285,5
7,133,5
62,98,4
269,212,4
425,576,3
897,530,3
479,121,4
682,804,3
183,257,2
14,269,4
270,583,5
625,250,4
650,639,3
272,23,5
130,347,4
303,435,5
788,70,4
483,180,2
241,346,3
518,237,4
916,806,4
791,245,4
541,931,3
609,877,5
621,65,3
291,41,4
363,1168,2
40,243,2
311,562,3
896,402,4
179,538,4
18,202,3
749,328,4
338,204,3
711,959,5
640,461,4
605,70,3
21,201,5
387,224,5
719,77,3
397,457,1
537,490,4
174,333,4
40,1038,1
145,121,2
521,240,3
92,175,4
378,14,5
280,540,3
859,1132,3
790,597,3
815,485,4
463,276,3
409,99,3
385,508,2
611,334,5
514,83,5
22,175,4
736,253,5
286,1051,4
503,38,3
28,153,3
551,343,4
300,687,2
350,193,4
135,227,3
440,988,1
436,1048,2
305,748,3
448,292,4
445,79,4
921,132,3
296,685,4
42,73,4
666,699,3
82,519,4
360,1142,4
889,1110,3
746,578,4
188,318,5
912,496,4
338,216,4
524,184,1
514,45,4
472,1011,4
160,21,1
342,326,1
385,767,1
875,421,4
327,169,2
280,571,3
833,653,4
270,176,4
698,86,2
665,546,2
327,133,4
6,435,4
343,97,4
72,527,4
453,550,3
804,127,3
591,191,5
64,515,5
938,829,1
552,977,3
870,50,3
807,229,4
932,606,4
506,187,5
72,195,5
443,358,1
144,319,3
385,53,1
98,517,5
293,200,4
398,480,5
563,566,4
73,100,4
796,28,3
804,240,4
116,484,4
416,972,4
634,547,4
89,731,3
227,221,4
408,315,5
642,1224,4
517,311,3
659,794,3
69,79,4
457,214,5
561,588,2
73,288,3
23,71,3
195,500,4
896,568,2
201,9,3
394,393,4
37,578,3
556,513,4
719,220,5
815,631,4
654,258,4
80,100,5
796,145,2
927,866,4
301,62,3
619,33,3
337,1133,4
268,53,3
436,553,3
733,107,4
346,636,3
885,208,3
524,77,3
425,363,1
244,566,4
342,1160,3
352,50,5
454,492,3
224,1208,1
95,28,4
159,876,2
178,76,3
16,51,4
396,742,4
244,158,3
99,273,5
51,132,4
343,274,3
747,496,5
632,566,4
523,181,5
48,243,3
398,393,5
128,873,1
684,70,4
452,515,4
485,313,4
453,471,4
805,358,3
846,172,4
174,99,3
110,808,2
409,204,5
229,328,1
551,1443,5
204,45,5
344,511,4
830,187,2
256,756,4
194,12,5
758,505,5
1,204,5
588,29,3
773,427,3
666,273,3
804,528,4
787,880,3
749,62,3
416,54,5
379,529,4
764,89,4
389,395,2
913,4,4
694,215,3
403,282,5
465,286,4
419,275,5
844,258,4
323,268,4
305,427,5
197,354,2
922,173,5
456,380,3
717,271,2
770,14,5
716,131,5
692,692,3
347,328,4
699,762,3
488,523,3
711,204,3
432,620,4
828,753,4
487,783,4
896,237,5
712,585,4
351,1024,4
299,543,5
275,229,3
864,742,4
801,358,4
94,109,4
776,219,3
541,468,4
43,258,5
602,294,5
795,710,3
497,97,4
422,475,4
460,9,3
248,235,3
456,125,4
255,834,4
539,50,3
457,176,5
548,327,3
296,705,5
930,265,3
931,515,5
247,100,3
551,924,5
487,274,4
921,151,3
119,827,3
5,230,3
416,253,3
10,474,4
312,1203,5
831,1063,4
13,546,3
197,172,5
454,842,2
650,498,4
890,1065,3
654,11,4
170,988,3
457,59,5
14,275,4
303,5,2
273,286,3
584,25,3
326,79,4
532,570,4
73,650,3
637,293,3
655,172,4
386,121,3
618,392,3
436,1061,3
76,514,4
312,648,5
346,660,2
96,514,4
440,243,1
532,451,4
551,809,5
308,603,5
795,1036,2
415,641,3
416,8,5
339,770,4
798,1102,4
48,286,3
83,210,5
405,132,5
222,268,4
295,229,4
293,167,3
404,272,4
911,102,3
586,228,3
322,64,5
709,174,5
290,1,5
399,1542,2
886,367,4
864,258,5
85,385,3
423,316,4
595,111,4
887,111,5
782,1670,3
705,373,3
222,422,2
682,196,5
882,143,4
405,722,1
392,1258,1
548,17,3
896,928,3
798,924,3
26,125,4
243,14,3
934,195,4
303,1098,4
881,62,4
669,537,3
818,245,4
782,322,4
198,549,3
521,659,4
850,663,2
13,510,5
624,93,5
385,558,2
714,289,3
303,1232,3
497,268,4
825,1011,3
62,652,4
414,690,4
662,813,3
91,56,1
676,948,1
130,392,4
488,1039,4
234,1078,2
372,446,4
416,15,4
222,363,2
311,484,4
178,866,4
530,60,5
130,1276,4
64,143,4
43,122,2
102,154,3
625,286,4
504,204,3
279,739,1
927,411,4
641,305,5
1,265,4
846,554,4
406,317,4
495,162,3
790,41,3
699,275,3
213,192,5
449,274,2
655,82,2
334,288,3
715,122,4
504,628,4
312,1298,5
588,62,2
277,50,3
722,328,5
194,570,3
747,644,5
524,661,3
239,58,5
94,92,4
349,596,2
23,516,4
514,195,5
707,692,4
269,886,3
378,55,4
171,258,4
665,255,4
629,223,5
115,92,4
249,591,5
586,200,4
14,357,2
450,507,5
405,1072,1
815,86,5
698,485,4
256,243,4
637,591,3
197,515,5
614,1142,3
393,930,3
469,286,5
867,135,5
705,181,5
851,475,4
655,122,2
774,525,2
452,526,4
659,512,3
130,2,4
833,806,4
268,559,2
498,430,4
474,474,5
479,79,4
510,286,3
457,708,4
674,222,3
846,735,2
716,141,4
524,1046,3
330,235,5
56,164,4
934,1135,3
886,1170,3
262,747,4
497,358,4
293,230,2
561,582,4
222,215,4
188,1213,2
380,300,3
699,544,4
825,988,3
222,186,5
58,121,2
524,1041,2
277,151,3
889,170,4
537,147,2
666,410,2
58,654,5
57,1028,3
280,619,4
416,824,2
885,172,3
295,431,5
348,742,4
85,1121,3
232,250,4
655,1007,3
514,988,2
450,628,4
847,428,3
833,647,4
437,518,2
295,419,4
28,447,3
642,755,3
869,269,4
26,293,3
566,8,4
119,322,4
784,678,4
748,603,5
16,160,4
875,180,5
145,39,4
450,101,5
2,272,5
151,83,5
269,1028,2
541,8,5
712,238,3
326,211,4
868,229,3
130,66,5
538,191,5
216,508,4
90,505,5
906,285,5
83,932,4
78,412,4
493,317,3
618,582,4
659,197,5
234,989,2
487,121,4
380,217,2
663,50,5
59,240,2
749,837,5
270,872,5
515,326,2
534,930,4
451,319,2
537,1267,3
382,171,3
894,30,4
892,1444,3
893,724,3
308,1169,5
332,44,3
305,778,4
195,1413,2
462,866,5
416,161,4
59,760,2
884,269,5
234,144,3
334,174,4
271,505,4
316,19,5
273,304,3
293,647,5
621,809,4
394,230,3
198,690,3
481,238,4
168,280,4
297,347,3
622,385,5
863,1679,3
389,132,5
553,98,5
269,13,4
886,240,3
674,289,2
887,288,4
854,268,3
429,804,3
682,1011,4
508,735,4
840,210,3
354,313,3
693,528,1
727,419,2
299,32,3
487,230,5
837,16,2
532,338,3
256,1090,2
474,170,4
715,87,4
916,1109,3
573,657,4
814,669,3
450,237,5
253,50,4
311,191,4
692,1,4
650,926,3
393,1014,3
21,767,1
671,591,3
875,1073,5
469,855,4
286,1079,3
303,679,2
852,274,3
28,56,5
897,121,5
757,1188,3
425,546,3
484,197,4
825,243,4
405,1265,2
880,173,3
116,292,4
652,125,2
622,15,4
533,949,4
60,73,4
508,219,1
128,485,3
778,265,4
580,687,3
489,1025,5
550,993,4
479,153,4
793,979,3
823,568,3
378,651,4
788,810,3
673,302,3
738,474,4
345,40,3
286,168,4
141,245,3
504,443,3
666,4,5
638,82,2
846,941,2
106,82,3
597,242,4
787,362,3
232,272,4
210,732,4
102,432,3
805,367,4
122,582,5
913,234,4
393,248,4
56,588,4
389,965,5
208,523,4
320,546,4
554,1284,3
467,1012,3
7,269,3
566,228,2
60,152,4
423,245,4
339,1248,3
515,1399,4
11,57,2
851,223,4
393,1095,2
308,184,4
100,1237,3
378,38,3
774,692,1
453,90,3
208,216,5
705,797,4
308,843,3
94,229,3
313,194,4
848,432,2
409,923,5
654,476,3
5,444,2
663,69,4
626,332,3
94,235,4
239,207,5
255,281,1
748,357,3
860,865,4
450,1220,5
537,455,1
70,684,3
279,940,5
805,1,4
106,59,4
610,135,3
654,237,4
551,627,3
343,194,5
378,619,3
416,1229,2
474,530,5
162,943,4
291,941,4
835,485,5
664,191,3
339,550,2
460,221,4
117,179,5
407,196,4
293,209,3
144,58,3
335,355,3
316,530,2
283,588,4
892,739,4
927,1089,5
49,202,3
27,508,3
922,455,4
721,107,4
262,755,3
766,98,3
173,687,1
447,1028,3
299,216,5
416,415,4
843,521,2
630,1055,3
392,272,5
886,1435,3
597,748,5
293,724,3
425,259,1
21,148,1
58,923,5
538,496,5
231,866,3
682,378,3
653,386,1
313,141,4
458,298,5
500,476,2
450,11,5
815,173,5
531,690,5
684,411,3
561,955,3
222,433,4
805,1002,1
587,305,4
454,435,2
22,194,5
405,85,4
860,678,3
786,504,4
221,24,5
873,328,4
798,1066,2
455,724,3
738,930,3
179,321,1
919,116,3
10,178,5
269,238,5
722,322,3
474,436,3
897,66,3
13,567,1
436,785,2
943,2,5
595,1047,2
174,332,5
761,288,4
427,990,5
486,879,3
181,813,2
652,699,5
637,1011,1
291,685,5
889,161,4
904,155,4
378,409,2
883,1118,4
197,340,2
64,135,4
484,755,4
533,476,2
374,50,3
455,518,4
790,100,2
186,934,3
913,235,1
805,24,4
312,490,5
880,1035,4
72,127,5
276,692,4
45,1059,2
887,240,5
295,208,5
308,755,3
301,172,5
378,588,5
801,354,4
503,694,5
807,739,4
102,70,3
360,1039,5
782,301,3
927,367,5
781,180,4
606,204,4
601,12,3
770,255,4
551,596,5
930,165,5
141,298,5
92,231,3
43,231,4
548,316,4
151,1297,1
465,868,2
7,78,3
296,117,3
226,150,4
115,475,5
523,476,3
293,96,3
296,19,5
281,748,5
790,231,4
297,596,3
354,531,4
276,549,3
763,137,4
867,650,5
547,332,3
533,135,3
7,674,2
487,313,3
927,820,4
468,377,2
450,230,4
588,56,4
831,742,3
189,751,4
916,1428,3
637,294,3
26,109,3
13,870,3
55,1089,1
493,249,4
63,676,3
325,1140,3
92,250,4
887,71,5
176,321,4
927,535,3
197,322,3
29,879,3
643,404,4
303,286,5
135,642,4
907,282,4
897,849,4
647,231,4
407,569,3
215,168,5
305,186,4
646,259,3
889,153,5
567,679,4
546,286,2
518,1028,3
758,732,4
442,7,4
130,1151,3
58,367,5
487,340,1
500,49,4
297,83,4
749,85,4
16,202,5
843,495,3
334,1426,4
264,654,5
94,1209,2
142,134,5
644,871,4
449,224,4
650,528,3
370,511,4
921,892,3
699,269,4
367,452,4
406,543,4
807,471,4
863,1024,3
389,675,3
568,179,2
277,93,4
10,160,4
336,202,1
180,258,5
640,14,4
455,181,4
561,733,3
854,289,2
587,879,1
57,195,3
675,235,1
479,647,5
846,612,5
346,363,3
303,288,4
894,1115,4
223,118,2
156,137,4
707,319,5
363,443,4
447,1048,2
378,708,4
642,756,5
57,100,5
43,278,3
70,169,4
457,228,5
940,678,4
798,819,3
181,1387,1
234,566,2
279,1088,4
363,742,2
299,50,4
262,959,2
833,433,3
480,50,4
405,946,2
934,197,5
305,42,4
417,746,5
648,24,3
334,275,4
892,596,3
707,869,1
305,528,4
334,238,4
933,388,1
501,274,3
721,282,4
484,53,1
579,153,4
411,318,4
347,471,4
417,993,3
347,1039,5
548,472,2
103,257,3
933,483,4
342,523,4
468,95,4
416,866,4
425,854,4
638,241,3
390,9,5
924,96,4
223,924,1
114,89,5
100,323,3
307,99,4
854,475,4
298,286,4
682,62,3
567,484,4
268,218,2
116,350,3
314,138,5
537,789,2
715,108,4
561,181,3
41,746,3
257,130,2
325,498,4
429,537,4
305,382,5
45,823,4
405,462,2
405,465,1
240,751,3
694,378,3
817,328,4
256,678,5
798,196,3
884,323,2
83,319,1
520,893,2
141,300,5
13,233,4
798,690,4
929,31,2
121,291,3
476,85,2
5,90,3
690,118,4
685,269,3
707,313,2
454,135,2
119,271,4
53,250,2
237,659,4
547,328,4
175,12,4
393,245,3
7,268,3
451,1295,2
591,934,3
469,513,5
389,181,4
191,288,3
417,365,4
862,413,4
230,211,5
885,290,1
562,1126,4
796,321,2
184,98,4
215,88,3
847,603,3
1,88,4
334,172,3
194,501,3
216,55,5
838,9,4
416,328,5
532,535,5
478,469,3
325,235,1
690,451,4
405,1560,1
429,98,4
328,245,4
632,17,3
313,56,2
387,559,3
896,480,3
660,636,2
697,235,4
559,1556,3
907,1244,5
804,559,3
522,79,3
500,763,3
130,343,4
217,540,1
169,321,3
721,739,4
437,1153,5
339,132,5
760,739,4
13,472,5
766,185,4
436,83,5
804,228,4
96,198,5
389,820,3
708,50,5
524,191,4
896,238,3
141,181,4
894,595,3
795,226,3
883,176,4
785,273,3
770,742,4
861,740,4
94,386,4
494,479,3
894,260,2
844,921,5
831,1119,3
203,321,3
869,1079,2
892,837,5
593,735,4
249,283,5
871,813,3
7,334,5
501,122,4
12,195,4
645,50,4
326,612,2
399,55,2
227,7,5
623,121,4
44,450,2
886,3,3
87,576,3
234,197,5
666,196,3
85,382,4
763,462,5
757,58,3
918,520,3
385,444,1
321,197,5
320,278,3
330,729,5
846,175,5
932,890,1
63,111,3
15,678,1
136,318,5
474,421,3
735,298,4
161,315,5
328,62,3
831,204,5
720,872,3
838,249,4
606,206,4
253,175,2
585,1005,4
479,8,5
481,692,4
854,216,3
429,1018,3
650,403,3
343,478,5
938,993,5
932,1035,4
299,715,4
207,509,4
606,966,5
749,159,4
83,43,4
207,1283,4
153,678,2
70,432,3
757,470,3
269,316,4
42,999,4
620,418,3
897,402,5
367,183,5
338,523,3
243,10,4
480,1388,4
486,248,4
747,69,5
38,257,1
617,547,1
323,875,3
686,187,5
655,479,4
510,261,2
160,153,3
804,820,4
452,216,3
633,322,3
83,294,3
707,799,4
269,1478,1
617,497,3
561,510,3
532,234,5
919,334,4
883,53,5
195,387,4
655,228,3
416,366,4
661,79,5
532,468,5
401,582,4
794,286,3
406,174,4
612,322,3
374,121,4
807,265,5
321,527,3
48,661,5
311,684,4
518,713,5
221,386,3
846,435,5
301,182,5
303,269,5
343,177,4
194,54,3
326,69,2
72,70,4
387,563,2
533,1028,2
710,294,3
653,195,5
601,156,4
374,819,3
226,236,3
919,283,4
653,441,3
840,197,5
48,202,4
292,324,3
520,286,5
410,303,3
117,1,4
894,877,3
533,143,4
758,865,4
739,100,5
276,334,4
90,56,5
741,134,5
825,628,4
545,551,4
52,1086,4
500,183,4
320,276,2
413,333,2
396,222,5
825,181,4
369,181,5
500,168,4
790,47,2
262,369,2
625,516,3
919,1014,4
454,203,2
615,160,3
269,856,5
368,201,5
480,213,5
336,276,4
553,307,4
85,476,3
741,651,4
188,265,5
504,88,3
271,272,3
595,275,4
761,1,1
910,245,2
130,763,5
94,549,5
625,584,3
296,251,5
13,610,2
682,419,3
715,193,5
545,96,5
833,591,2
84,322,3
181,1365,1
276,1074,3
683,311,3
271,495,5
938,258,5
625,428,5
99,66,3
457,471,4
327,507,4
306,285,4
498,664,5
638,188,3
224,107,3
506,38,3
916,79,3
92,455,2
268,370,2
312,604,5
807,318,5
659,255,3
843,145,3
44,185,4
626,333,1
721,194,5
500,3,4
903,223,5
877,222,2
885,237,5
405,86,1
885,386,2
408,288,4
15,237,3
919,832,3
254,389,3
291,174,5
210,98,5
51,148,3
881,132,3
85,124,5
246,3,2
666,519,4
500,295,4
474,756,1
1,151,4
246,158,1
232,165,4
788,403,3
882,420,5
137,89,5
899,291,4
615,640,3
82,208,3
848,185,3
473,256,4
466,550,3
181,1265,1
825,742,4
328,198,3
705,399,5
863,344,4
902,479,4
85,98,4
616,316,4
268,248,3
236,429,1
454,199,3
790,739,4
931,121,2
10,1,4
660,175,3
407,650,2
181,933,1
7,598,3
514,208,4
731,1086,1
711,200,4
439,125,3
128,790,4
189,203,3
386,840,5
189,607,4
425,686,3
511,340,4
303,574,1
292,79,5
234,651,4
506,1110,1
680,242,4
919,218,4
59,451,5
95,328,5
354,185,3
7,591,3
745,285,1
751,131,5
435,245,2
468,1168,2
133,286,2
690,1118,1
301,4,4
916,570,3
42,283,3
363,705,2
734,318,5
344,122,1
311,121,4
10,414,4
420,251,5
409,523,4
561,679,3
170,300,5
303,1411,2
894,283,3
82,479,4
23,161,2
864,11,5
867,134,5
352,4,3
363,44,3
780,657,3
49,347,3
429,578,3
267,176,5
936,696,2
551,685,1
325,771,1
320,458,4
901,509,4
691,227,4
639,526,4
453,1079,1
880,402,3
828,510,3
391,258,3
851,1028,3
144,528,4
222,196,5
804,213,3
63,3,2
236,1102,4
653,1028,2
798,400,3
221,402,2
215,692,3
639,178,5
280,2,3
42,1049,3
843,151,2
601,1540,2
109,1074,4
92,106,3
301,156,4
795,1555,3
862,526,4
758,554,3
361,237,4
144,516,2
803,245,4
109,566,4
340,88,5
373,187,2
92,785,3
823,128,2
682,946,4
44,238,4
7,559,5
301,483,4
716,175,2
104,269,5
445,644,3
181,885,1
864,735,5
884,1214,1
844,257,4
450,259,3
241,880,5
936,741,4
365,268,5
313,823,3
889,235,3
921,367,4
731,66,4
381,159,3
27,930,2
141,405,3
332,655,5
127,271,5
268,554,3
348,476,4
67,122,3
241,682,2
804,546,3
26,831,2
249,23,4
1,68,4
588,561,3
333,88,5
548,458,3
788,483,5
717,340,4
94,313,4
515,538,3
290,622,3
429,566,3
872,1011,1
90,1097,4
618,378,4
798,82,4
422,93,4
326,526,5
457,727,4
417,804,3
592,117,5
815,1,5
537,942,3
328,1478,3
727,802,2
612,275,5
297,157,2
716,209,3
31,682,2
493,528,5
889,1067,3
727,43,3
659,64,4
709,27,3
240,358,2
796,1012,3
586,237,4
90,707,5
881,106,4
222,628,5
716,425,5
488,187,3
160,763,4
427,1296,5
533,192,3
370,423,4
131,269,5
425,244,1
342,591,3
95,1018,3
875,294,2
119,269,3
120,924,4
301,419,3
13,480,3
406,527,4
278,923,5
435,636,4
884,285,4
279,890,3
193,122,1
592,1199,5
379,188,4
607,56,5
303,697,3
24,127,5
771,128,2
360,242,4
846,555,2
823,28,3
659,216,4
263,31,4
620,300,3
60,136,4
201,461,4
408,272,4
195,1417,3
856,323,2
17,919,4
59,581,5
293,163,4
259,176,4
643,639,4
788,523,4
95,1230,1
239,187,5
595,1009,4
630,191,3
542,818,4
666,177,3
796,517,2
488,162,3
903,410,4
613,632,3
184,192,4
670,474,3
506,227,4
748,188,4
748,633,4
204,288,3
927,143,3
535,708,5
521,625,3
450,712,3
545,203,4
789,249,3
263,99,3
756,755,3
426,631,3
472,143,4
717,289,4
936,118,3
307,239,3
148,509,5
807,423,5
301,693,5
194,274,2
548,235,3
181,263,1
892,125,4
932,484,5
347,371,1
230,291,4
62,1028,1
629,523,3
423,823,3
489,908,5
756,860,1
437,51,1
20,934,4
404,938,4
486,146,2
169,538,4
18,778,2
479,328,4
665,117,4
328,222,3
586,3,5
250,321,5
929,284,2
399,400,3
312,602,4
917,3,1
805,174,3
627,523,4
823,58,5
634,1199,1
768,50,4
474,180,5
275,432,4
249,42,5
216,302,5
894,847,4
339,657,4
405,1248,1
141,322,4
846,391,3
534,1215,3
578,250,2
903,324,4
379,152,5
655,975,3
606,95,4
145,246,4
524,640,1
862,823,4
234,20,4
622,89,5
610,143,5
535,16,4
536,222,4
773,288,2
936,591,4
159,918,4
450,762,3
497,68,4
498,124,3
843,98,3
807,485,5
930,8,3
13,751,5
308,778,3
279,116,1
493,96,4
664,427,4
654,144,5
597,328,4
247,50,5
473,20,3
877,662,5
225,705,5
870,496,5
178,157,5
638,554,3
373,155,4
568,604,4
328,498,5
286,7,4
5,364,1
505,96,4
506,465,4
130,143,5
61,304,4
151,522,5
160,1142,5
766,483,3
22,407,3
203,117,4
213,164,5
489,260,3
28,234,4
653,233,3
61,310,4
232,22,3
115,228,4
3,317,2
59,28,5
397,991,1
389,499,4
545,229,3
941,300,4
194,211,4
376,705,3
91,181,5
642,739,5
387,298,3
413,276,4
682,719,2
450,497,5
2,301,4
648,743,1
118,164,5
642,1095,2
683,307,3
776,432,1
158,188,4
887,1283,5
936,1375,5
399,188,4
936,825,4
338,1,3
524,100,5
299,531,3
532,761,4
314,204,5
725,19,5
415,56,5
758,292,4
591,516,3
936,235,3
236,176,2
736,286,4
328,331,4
23,131,4
942,1028,4
840,661,5
275,28,4
286,208,4
454,283,3
825,125,5
29,182,4
455,276,4
222,7,5
862,737,4
290,418,3
614,126,4
312,124,3
221,33,4
445,117,1
682,1311,3
406,491,4
87,209,5
911,474,5
313,309,4
316,515,4
786,709,2
517,237,1
747,85,3
425,522,3
7,491,5
57,748,4
907,471,5
379,474,5
436,132,1
756,82,3
59,87,4
49,235,2
222,529,2
174,255,5
127,258,5
189,129,3
190,751,4
493,318,5
940,174,4
655,113,3
588,723,2
936,248,4
453,98,4
13,396,3
188,157,3
57,250,3
38,433,5
764,273,3
884,14,4
236,153,2
833,645,3
454,465,3
668,289,2
669,216,3
407,448,4
10,484,5
389,1114,2
311,487,4
714,257,3
406,503,3
200,91,4
898,324,4
454,1105,3
69,42,5
883,882,4
536,215,4
639,66,3
788,235,3
870,64,5
236,181,4
285,191,4
537,429,3
921,294,4
658,45,5
18,588,4
796,15,4
189,13,4
303,421,4
773,23,5
84,628,3
669,664,4
495,662,5
336,781,3
62,527,4
189,484,5
790,90,2
870,47,3
62,14,4
320,410,4
417,825,4
567,494,5
401,181,3
631,307,4
606,473,4
303,11,4
881,1215,1
429,637,3
417,1183,4
843,448,4
639,381,2
783,271,5
15,690,4
861,714,4
805,357,5
123,435,5
682,88,4
293,316,3
748,258,5
107,323,1
629,331,3
647,742,4
432,123,3
419,478,5
829,212,4
264,204,5
354,50,4
130,541,3
13,79,3
613,318,5
897,235,3
79,236,5
580,288,5
459,181,4
325,71,3
881,90,3
919,748,1
276,1110,3
363,156,3
456,1017,4
254,400,3
683,62,4
130,1210,2
488,183,4
526,342,2
379,842,4
215,354,4
697,326,4
399,543,3
862,483,5
303,1270,1
886,385,3
495,2,2
738,650,3
298,471,4
11,521,2
464,289,4
363,1215,1
930,45,4
267,161,4
280,226,3
561,1131,4
64,121,2
727,1303,2
354,155,2
420,116,4
65,1129,4
903,409,4
536,83,5
429,183,4
125,318,5
262,125,3
339,693,5
435,58,3
482,294,4
703,181,5
666,433,3
568,427,4
125,235,2
151,1264,4
566,25,2
314,365,3
401,275,4
389,414,4
879,866,5
334,549,4
810,294,5
72,568,4
345,886,3
152,1028,5
372,447,5
151,193,4
870,186,4
343,134,5
429,806,2
82,14,4
655,919,2
279,1242,1
924,9,4
930,245,3
493,192,3
13,198,3
435,834,5
220,294,4
267,56,5
115,302,4
334,289,3
411,449,3
566,240,3
846,174,5
506,1219,2
608,65,5
270,603,5
159,845,1
409,1392,1
845,900,3
189,654,3
64,919,4
450,1518,4
18,285,5
291,581,5
901,121,4
280,276,5
456,111,3
194,317,4
508,200,4
532,1039,4
707,220,2
344,663,5
436,47,4
233,205,4
309,331,5
943,943,5
218,410,3
166,294,3
798,1503,3
437,415,4
142,333,5
500,275,1
547,312,4
99,275,1
193,268,3
52,287,5
286,55,4
102,272,3
87,79,5
484,125,4
749,196,4
453,11,5
872,237,4
750,303,4
922,834,1
47,306,4
214,187,4
698,173,5
181,593,1
82,657,4
447,367,3
782,268,3
201,923,3
647,147,4
854,924,4
251,845,4
368,219,2
566,386,1
936,1068,4
412,436,4
1,134,4
314,790,4
44,429,4
919,819,3
130,569,3
542,744,2
95,542,2
75,289,1
683,322,2
632,684,5
934,481,4
157,137,5
716,193,5
79,290,3
551,210,4
537,741,2
313,946,3
883,955,5
454,612,3
537,186,4
293,1098,2
267,250,5
111,272,3
834,258,4
562,357,1
423,1011,3
95,843,4
514,462,4
655,332,3
222,719,1
246,849,1
709,833,4
707,648,4
13,38,3
90,730,5
588,24,2
159,258,4
387,93,5
312,503,5
405,675,1
938,845,1
643,679,3
405,480,4
112,245,4
450,114,5
336,67,4
144,316,5
210,276,5
343,660,3
682,585,4
932,189,5
840,465,4
13,292,5
57,199,5
308,452,2
221,172,5
804,1041,3
834,313,5
235,474,5
334,1524,4
234,12,1
94,245,1
622,866,2
784,268,3
393,693,3
334,937,3
823,426,4
787,748,4
296,1073,5
664,31,4
63,948,3
244,222,2
407,203,4
290,1013,2
936,272,4
6,507,4
315,531,5
864,591,4
292,607,4
334,433,5
303,685,1
110,401,3
495,202,4
395,892,3
303,13,4
398,208,5
610,1,4
654,124,4
577,284,4
407,521,3
648,726,3
629,86,5
807,136,5
774,217,2
90,521,4
634,676,4
805,90,2
796,371,5
70,197,4
201,479,4
48,98,5
650,100,4
85,270,3
388,301,4
271,480,4
246,1101,5
428,294,4
433,60,5
181,150,1
470,221,4
842,333,4
102,1,3
931,1152,4
405,192,5
6,191,4
779,304,3
352,89,5
380,81,3
81,288,3
690,281,3
343,199,5
605,582,4
280,750,5
198,356,3
405,436,1
399,432,3
830,82,3
560,653,4
716,222,4
343,25,2
823,174,5
22,515,5
425,357,5
719,215,4
110,28,4
497,168,5
800,304,3
174,1086,5
907,260,2
921,369,1
840,69,4
239,427,5
139,508,4
407,175,4
198,431,3
332,684,5
276,89,5
679,132,4
200,103,2
594,237,3
222,1045,3
327,86,4
621,721,4
518,628,5
587,326,3
408,294,5
460,1251,3
94,728,2
854,98,4
666,945,4
13,195,3
320,433,4
222,972,2
838,274,4
90,1125,4
295,174,4
29,300,3
60,230,4
727,219,3
323,215,5
487,803,2
425,405,2
734,132,3
752,272,4
363,1512,1
864,225,3
538,88,2
298,215,5
391,22,4
299,813,4
554,173,3
896,98,5
802,657,4
10,521,4
693,333,3
532,367,5
782,902,2
634,628,4
69,174,5
291,195,4
735,25,4
210,15,4
650,494,3
796,216,5
158,1303,3
184,34,2
450,1248,4
605,137,5
807,510,5
815,529,5
634,508,4
916,382,4
290,692,5
144,33,5
14,603,4
848,1101,5
393,1531,4
379,686,4
701,269,5
407,629,3
447,544,4
694,135,5
915,896,2
361,228,4
807,172,5
358,638,3
880,584,3
409,1393,1
450,1479,3
378,780,2
43,9,4
268,219,3
13,808,2
882,21,2
210,722,4
197,684,4
244,155,3
682,27,3
644,322,5
450,44,3
717,455,2
833,202,4
940,191,4
552,125,3
715,68,4
555,274,4
524,1553,3
457,185,5
923,928,4
276,1010,3
875,462,4
870,238,4
276,665,3
425,200,4
232,508,1
457,257,3
631,886,4
312,205,5
940,355,1
508,176,4
899,8,4
21,854,5
92,31,4
332,975,3
846,1109,3
774,501,1
682,568,3
234,768,2
899,28,5
213,735,5
495,231,3
671,147,1
334,1020,4
677,908,4
54,151,2
312,589,5
682,17,3
553,661,5
472,63,4
648,364,5
130,356,4
399,554,3
654,116,4
479,179,1
78,289,4
437,218,2
536,169,5
313,96,5
553,182,3
608,337,4
92,1211,3
344,64,5
172,514,3
707,496,3
150,221,4
127,222,5
102,947,3
697,456,3
892,826,2
85,661,4
261,117,4
849,406,4
883,241,4
655,57,3
397,479,4
328,127,5
299,311,4
352,174,5
870,569,2
846,210,5
308,127,4
403,597,2
578,346,3
183,258,3
600,810,3
883,210,4
158,129,5
641,198,5
408,312,3
276,65,4
795,1199,3
504,543,4
392,463,3
94,380,3
671,29,3
521,228,4
305,285,5
18,961,3
188,96,5
586,118,4
339,573,3
770,275,5
286,175,5
927,780,1
447,9,2
891,866,5
125,323,3
181,1369,1
537,480,4
328,356,3
747,172,5
194,449,1
606,385,4
794,118,2
436,325,3
370,390,1
234,657,4
303,1097,3
59,504,5
521,191,4
388,300,4
747,494,5
585,1449,5
234,1044,2
682,472,3
497,227,2
186,977,3
815,57,5
150,268,5
595,1061,3
268,97,4
942,435,5
188,483,5
216,356,3
433,340,3
416,92,3
782,935,2
373,166,5
790,186,3
758,270,4
403,748,5
92,925,3
406,89,4
781,232,3
748,197,3
370,678,4
23,222,4
447,483,5
411,9,4
891,282,5
28,200,2
89,702,5
250,9,2
313,497,4
94,50,5
248,168,4
106,213,4
291,179,5
193,82,2
397,318,4
146,319,4
77,265,3
305,87,1
303,384,3
280,161,4
570,340,3
660,434,3
775,887,4
65,48,5
454,252,2
269,181,2
12,15,5
705,96,5
826,426,2
892,97,5
450,651,5
380,315,4
880,627,3
436,941,4
99,174,5
213,195,5
769,831,1
90,347,4
583,83,4
931,293,4
59,219,5
198,200,4
170,322,5
484,742,3
62,217,2
711,995,4
496,50,5
890,101,2
458,521,4
79,676,3
297,480,4
686,265,4
118,413,4
402,100,5
197,779,2
937,304,4
417,364,3
880,186,4
663,693,4
630,568,4
422,567,3
707,505,4
301,183,3
343,191,5
457,411,3
317,288,4
344,530,4
381,514,5
425,355,3
222,1087,1
641,301,4
733,1114,3
478,1101,4
271,602,3
713,307,3
313,8,3
660,825,2
489,689,5
513,127,4
126,311,4
630,69,3
537,568,2
749,732,4
788,96,3
417,1411,3
735,300,4
422,436,3
805,1065,5
267,685,3
463,116,5
790,380,4
798,465,4
292,10,5
186,118,2
500,294,3
642,1000,3
464,255,4
707,527,5
699,983,3
508,98,3
746,1,4
194,435,4
331,1199,1
378,117,3
233,23,5
504,755,4
563,153,4
234,233,2
85,499,4
468,603,5
276,399,2
343,317,5
436,763,4
7,9,5
317,351,3
764,1221,4
682,9,3
761,924,4
5,378,1
498,603,4
97,204,5
331,467,3
32,455,2
10,116,4
666,186,2
406,923,3
435,423,2
823,215,4
727,810,2
280,282,3
650,654,3
406,3,3
393,77,3
387,187,4
60,656,4
864,151,5
885,1221,3
59,1005,5
454,487,4
133,260,1
549,748,4
877,52,4
286,761,4
244,69,4
451,321,3
936,327,4
854,302,3
714,1016,5
716,842,3
180,694,5
786,655,4
130,257,4
457,15,4
85,517,5
85,702,2
561,182,3
619,825,2
826,501,3
276,789,3
694,419,4
697,300,5
100,326,3
299,127,5
450,299,2
21,300,3
694,241,3
16,125,3
620,930,2
790,62,3
399,1543,3
256,385,5
802,196,3
222,364,1
778,154,5
936,276,5
343,483,5
740,271,2
588,1180,2
396,871,2
887,946,4
663,299,2
693,134,4
934,237,4
932,614,4
216,789,5
708,981,3
81,118,2
773,286,3
102,231,2
507,690,4
533,221,3
537,448,3
474,943,4
458,32,4
541,28,4
405,795,2
92,577,3
659,241,3
474,234,5
837,763,1
611,896,3
169,301,4
590,137,5
667,880,3
595,336,2
815,151,4
823,471,3
940,82,4
504,699,4
815,96,5
758,282,3
819,177,4
327,258,1
289,405,2
889,494,3
60,179,4
92,13,4
702,688,1
899,1,3
393,148,4
55,405,1
372,234,5
640,926,3
311,509,3
429,3,2
21,717,1
550,255,3
559,22,1
426,613,3
630,1079,1
716,23,4
699,1129,3
567,183,4
790,561,3
421,175,2
743,258,5
312,612,5
395,121,3
90,471,4
666,98,4
727,841,3
715,976,1
551,1376,1
883,26,3
305,60,3
524,301,4
721,732,4
207,100,2
298,845,3
279,1484,3
498,183,4
782,1216,2
108,281,4
601,763,5
49,998,2
416,331,4
593,392,3
201,432,3
184,942,3
257,1260,2
307,580,4
314,56,1
194,135,3
73,64,5
95,168,4
16,64,5
659,648,3
648,104,1
102,233,3
757,270,3
503,561,5
877,59,5
682,977,3
663,25,4
399,1139,4
246,228,3
141,295,5
303,239,3
279,283,3
871,310,3
940,315,4
251,595,3
826,665,5
416,87,5
450,418,4
56,69,4
642,365,4
498,218,3
542,56,5
380,161,2
398,432,3
57,682,3
84,31,4
334,620,2
752,305,4
901,451,4
533,87,4
497,94,3
286,1060,5
575,506,2
472,68,5
360,25,4
661,480,5
846,485,5
506,1046,4
99,290,4
23,739,2
243,28,4
491,285,5
908,479,4
650,208,5
152,80,5
332,1011,3
59,393,2
380,1116,4
843,180,3
82,472,3
313,73,5
354,887,4
130,672,5
605,827,3
13,273,3
118,56,5
417,17,4
870,273,3
429,301,3
665,127,4
303,808,2
486,1,4
711,1024,5
699,252,4
223,321,1
862,91,5
187,83,5
306,242,5
44,201,2
129,242,4
392,347,4
927,82,2
210,420,4
823,418,4
660,294,3
234,419,4
307,227,5
303,410,4
116,295,3
306,13,4
116,750,4
553,507,3
130,717,3
934,771,3
899,254,2
918,660,4
189,191,5
327,1097,4
883,1065,5
416,1521,3
13,37,1
445,959,5
757,144,4
1,1,5
222,181,4
274,276,4
528,526,4
552,815,3
715,111,3
178,476,3
479,188,2
743,322,3
20,82,4
721,239,4
158,408,5
343,79,4
456,943,4
67,1095,4
864,770,3
630,71,3
579,211,3
528,393,2
943,1044,3
304,322,4
757,403,4
221,423,2
393,161,4
458,410,1
144,654,4
605,9,4
712,1221,4
60,30,5
250,988,4
758,186,5
278,603,5
899,218,4
263,527,5
655,610,4
361,150,2
451,457,2
178,328,3
44,644,3
635,237,3
148,191,1
222,79,5
497,194,3
822,358,3
745,151,2
201,238,3
272,175,5
493,191,4
250,1,4
214,23,5
623,659,5
269,435,3
234,628,2
506,97,4
364,319,3
727,63,2
624,340,3
933,233,2
848,127,3
455,8,4
758,541,4
698,606,2
385,480,5
393,365,3
276,628,4
498,176,2
268,40,3
397,1019,3
62,97,2
450,71,3
437,443,4
119,56,4
864,531,5
389,487,5
749,153,4
747,135,5
881,82,5
95,366,4
554,1041,3
328,661,5
791,301,3
332,82,5
417,827,2
841,358,1
429,47,4
214,195,4
639,584,2
416,966,5
504,725,3
642,1078,5
457,88,4
807,358,3
749,755,4
894,124,5
13,94,3
263,732,5
54,117,5
857,275,5
717,127,4
711,402,4
497,175,4
773,1018,3
314,88,5
357,411,3
747,661,5
254,699,3
345,378,4
757,56,4
312,223,5
325,95,2
126,344,4
193,328,3
458,83,4
393,876,3
216,196,5
211,357,2
144,962,4
387,186,2
82,7,3
868,128,5
943,831,2
805,100,5
311,69,5
883,89,5
897,501,5
255,406,1
258,323,4
315,238,5
59,515,4
1,171,5
456,395,2
543,85,2
363,741,3
272,288,4
804,675,3
860,202,4
617,667,2
552,620,3
393,84,3
566,210,4
813,294,1
305,154,4
804,160,4
933,183,4
881,64,5
74,333,4
774,684,1
806,88,4
684,435,3
648,94,5
270,244,3
88,881,5
639,306,4
13,290,4
863,751,4
7,433,5
3,268,3
747,234,5
327,204,4
330,568,5
541,1091,3
271,47,3
605,483,5
314,150,4
313,487,3
417,576,3
653,657,4
234,505,4
297,448,3
145,926,3
31,328,2
7,628,3
389,497,4
323,288,3
574,258,5
354,9,3
244,451,4
21,5,2
541,655,4
378,155,4
402,764,3
1,136,3
385,122,3
822,25,3
642,1023,3
254,380,4
336,173,5
181,766,1
403,1199,2
268,79,3
745,203,3
303,1013,1
328,164,3
445,479,3
566,191,4
696,327,4
766,226,3
824,748,1
593,451,3
298,1346,3
855,509,3
846,99,4
894,752,3
195,198,3
897,673,5
311,202,4
158,83,5
338,408,5
423,307,3
213,502,5
94,202,2
130,331,3
314,67,4
160,126,3
520,1051,3
385,443,3
201,406,1
337,230,5
194,518,4
379,2,3
936,257,3
90,529,5
618,1048,3
258,288,1
818,1105,1
877,971,4
416,176,4
621,125,4
269,985,3
642,51,5
269,499,4
450,381,2
550,257,4
489,346,5
429,166,5
871,1385,3
314,765,3
276,578,4
814,413,2
906,221,4
883,693,4
313,143,3
552,237,4
537,378,2
788,519,4
44,24,3
29,270,4
144,12,4
234,603,4
373,228,4
181,327,3
208,996,3
931,111,3
181,266,1
819,258,2
567,127,5
274,237,4
276,198,5
805,1014,4
453,68,4
558,100,5
90,516,5
782,1089,2
65,258,3
551,1067,2
918,289,2
353,258,5
257,70,4
332,385,5
379,1,4
804,128,5
486,515,5
587,340,5
450,310,4
279,779,3
118,816,3
527,174,4
13,155,2
327,746,3
774,7,2
870,490,3
194,530,4
606,179,5
144,257,4
299,1074,3
255,217,2
28,227,4
456,427,4
263,215,4
624,411,4
385,50,1
393,118,4
308,616,2
621,751,4
886,451,3
893,845,3
707,482,3
216,189,3
130,89,4
373,474,3
256,237,4
145,342,4
434,1,4
222,49,3
846,1478,4
615,509,4
216,577,1
591,25,4
712,692,5
58,773,4
724,880,3
593,535,3
97,79,5
187,52,4
786,231,2
327,865,5
916,1042,3
854,25,3
825,405,5
492,134,3
189,4,5
276,426,3
561,143,1
334,228,5
422,323,3
257,285,5
716,481,4
450,723,3
595,1312,3
455,71,3
43,471,3
458,126,4
871,359,3
660,252,2
162,151,3
746,117,4
793,742,3
533,582,3
7,666,4
761,1287,1
430,124,5
608,64,4
124,195,4
472,562,5
21,100,5
761,201,2
567,223,4
536,96,4
86,881,2
435,577,3
717,826,2
489,752,5
138,121,4
523,116,5
376,321,3
191,752,3
158,233,3
293,49,3
56,191,4
425,39,4
101,840,3
709,229,2
303,129,5
280,866,3
426,705,5
846,441,4
215,127,4
85,462,4
492,86,3
642,581,2
480,172,3
601,1063,3
933,204,3
213,176,4
5,381,1
94,690,4
311,38,3
374,203,3
601,429,5
480,511,4
311,44,3
109,42,1
424,310,3
43,354,4
837,294,4
94,248,4
637,936,4
871,883,3
162,628,4
917,268,4
56,154,2
385,135,3
1,108,5
397,504,5
405,548,1
889,433,4
145,316,5
504,50,3
43,137,4
416,85,3
305,201,3
287,652,4
684,82,5
406,631,5
95,716,3
181,977,1
943,546,4
292,1050,4
272,178,5
788,657,4
308,143,4
515,905,2
345,118,3
422,742,2
633,651,3
452,494,5
474,493,4
325,188,2
236,427,5
828,381,3
464,259,4
802,687,3
250,1137,5
487,156,4
222,227,3
445,1097,1
932,197,5
860,301,2
64,778,5
123,285,5
256,1207,3
825,678,4
680,50,5
72,380,1
393,67,3
651,690,3
203,475,3
533,150,3
711,1115,4
512,183,5
890,97,4
214,478,4
222,1011,4
181,688,1
807,186,4
825,1047,3
647,250,3
493,1126,2
749,731,3
701,312,3
100,1236,3
141,1258,4
405,5,4
224,392,4
254,78,3
303,94,3
846,1188,2
885,278,3
393,27,4
311,1222,3
54,7,4
846,527,5
639,750,2
788,623,3
29,79,4
38,79,3
437,558,3
747,467,4
342,382,3
213,568,4
828,886,1
119,684,4
104,340,3
90,662,5
722,696,4
493,65,4
843,258,4
389,731,3
457,121,4
699,309,3
327,201,5
354,710,4
764,77,4
396,471,4
75,25,5
676,328,5
766,482,3
10,698,4
747,86,5
766,729,3
621,588,3
395,196,4
233,568,5
198,137,4
872,350,3
195,46,3
198,210,4
710,269,3
650,969,3
810,331,4
770,253,5
346,739,3
417,174,3
301,660,4
180,655,5
312,414,3
373,734,3
626,336,1
119,458,5
618,709,2
751,865,2
450,716,4
846,89,5
668,283,5
500,16,4
72,230,1
797,988,1
666,143,2
654,275,5
453,1032,1
374,1513,2
174,417,4
429,238,5
610,423,4
542,87,3
749,595,4
606,181,5
149,896,4
698,478,4
865,411,1
128,785,2
815,214,5
472,449,5
13,62,5
180,56,5
880,769,3
49,386,4
75,408,4
621,73,5
782,270,4
447,118,4
398,69,5
536,699,3
428,340,4
339,518,5
268,1228,1
189,56,5
567,152,4
655,1,2
201,1135,5
308,673,4
327,506,3
244,50,5
504,330,4
312,209,3
358,643,3
432,249,5
143,333,5
121,117,1
601,50,5
405,197,4
669,169,3
394,419,5
506,53,4
90,547,3
610,755,5
605,100,5
43,298,4
314,95,5
543,663,4
387,81,3
506,608,4
655,1585,4
474,789,4
344,203,4
264,56,5
294,121,5
308,736,3
908,709,4
936,988,3
774,31,1
770,303,4
95,26,3
676,300,4
307,423,5
280,227,3
447,222,3
262,210,3
590,244,3
761,117,5
179,362,1
14,238,5
155,988,2
450,270,4
406,466,4
828,895,2
542,501,4
59,825,4
405,1317,1
622,248,4
41,168,5
63,1067,3
101,979,2
262,71,4
60,204,4
435,90,4
843,632,2
313,99,4
148,357,5
76,1156,3
773,68,2
377,219,3
796,402,5
48,654,5
757,258,5
638,238,4
406,447,4
346,58,3
758,234,4
807,633,4
899,179,2
809,258,3
206,682,3
494,86,3
940,100,3
846,132,5
186,1253,4
606,147,5
743,286,3
244,1012,2
636,100,5
892,318,5
884,268,4
292,83,5
32,117,3
145,69,5
568,529,4
472,1036,4
99,1016,5
184,172,4
704,172,2
447,762,3
788,1126,5
804,436,5
299,1068,3
676,895,1
259,65,3
424,172,3
234,782,3
256,172,3
374,123,2
455,549,4
882,216,4
329,534,3
409,178,5
629,193,5
916,161,3
906,10,4
137,79,5
339,427,5
617,132,1
210,40,3
883,60,5
9,615,4
188,7,5
391,222,2
305,237,2
387,431,3
382,137,2
422,271,3
647,70,3
462,300,5
41,153,4
907,281,5
313,23,4
224,1045,2
228,651,4
833,405,3
620,820,4
763,197,4
383,132,5
811,243,3
892,72,4
846,1286,4
738,186,4
339,484,5
881,79,4
521,763,4
96,7,5
419,223,4
393,298,4
852,264,3
279,209,5
486,300,4
6,500,4
554,939,4
244,409,4
92,149,3
897,195,5
649,50,4
470,319,3
295,420,4
327,10,4
16,288,3
13,830,1
825,413,3
13,451,1
49,98,4
13,757,3
426,168,3
236,504,3
919,144,4
58,45,5
374,824,4
99,975,3
774,553,2
330,197,5
642,419,4
246,92,1
342,1300,1
588,721,5
768,65,4
379,157,4
877,155,2
269,161,1
189,45,3
59,142,1
242,306,5
551,31,4
869,242,2
37,566,4
484,173,5
766,230,3
222,746,5
382,1017,4
648,218,3
798,769,2
588,378,3
448,302,5
560,478,4
437,463,5
606,3,5
234,612,3
409,127,4
144,32,4
538,137,3
308,732,4
268,12,4
156,187,5
194,198,3
351,300,5
749,1136,4
13,572,2
798,1076,3
176,25,3
308,55,3
13,904,1
749,157,3
179,1234,1
195,751,4
323,713,4
346,578,2
296,293,5
279,451,1
521,109,5
758,192,4
280,465,3
549,252,3
174,94,2
44,588,4
846,382,3
234,462,4
782,326,5
478,467,5
486,678,1
183,380,4
314,38,5
903,523,5
436,161,4
299,28,4
1,106,4
307,215,4
379,158,1
650,179,2
250,28,4
345,535,3
421,144,5
276,672,3
538,202,4
639,647,3
855,60,3
111,1024,3
328,550,3
528,748,3
715,125,3
291,367,4
429,672,2
343,237,4
508,208,5
838,235,2
725,873,4
128,505,4
586,210,4
338,1124,4
748,479,4
1,49,3
816,294,5
503,181,5
331,682,5
297,50,5
896,31,3
313,258,3
153,172,1
460,1011,4
846,1004,3
852,681,4
497,208,3
59,654,4
739,751,3
531,751,4
727,483,4
145,1041,5
639,193,3
234,448,3
26,100,5
130,658,5
110,759,3
49,741,4
324,298,5
579,245,2
882,202,4
391,1101,4
846,68,3
145,282,5
421,331,2
253,510,5
200,660,3
167,204,4
548,39,5
48,302,4
606,194,4
367,441,3
346,1011,1
43,121,4
537,525,3
872,1,3
132,286,3
751,660,4
782,533,2
771,403,4
886,813,4
287,200,4
618,187,5
108,284,3
338,488,5
608,275,5
807,230,4
645,772,3
251,118,3
95,132,3
537,435,3
500,7,5
6,489,5
334,566,3
442,436,3
207,11,3
447,218,4
389,159,2
398,153,4
43,102,4
601,99,3
115,696,4
497,603,3
481,42,3
99,204,4
350,654,5
661,652,2
735,475,4
537,749,2
355,271,3
653,167,2
387,520,4
533,15,4
830,193,5
194,756,1
429,109,3
653,194,3
280,13,5
842,886,4
543,792,4
805,856,4
267,235,3
13,720,4
492,483,2
130,196,5
479,879,4
399,781,2
336,294,4
196,381,4
239,484,5
660,134,4
325,1118,3
110,1228,3
60,659,4
217,2,3
870,53,2
830,181,5
711,421,4
13,340,2
374,931,3
33,245,3
83,597,2
920,328,2
916,228,3
92,1049,1
533,118,4
749,627,2
236,476,3
316,71,1
803,887,5
394,84,4
374,1046,5
59,127,5
268,423,2
7,649,5
840,479,4
397,332,2
620,588,5
497,66,3
551,746,5
405,366,3
341,881,5
712,69,3
775,264,4
276,449,2
592,151,4
846,140,4
232,514,4
194,97,3
616,307,2
508,185,5
349,455,2
256,451,4
758,790,4
90,543,3
428,875,4
251,148,2
275,679,3
849,234,5
425,515,3
766,172,3
910,254,1
134,751,5
38,1032,4
896,182,4
181,290,2
593,1035,3
435,222,3
94,824,4
481,86,5
435,96,5
943,763,4
848,97,5
174,721,2
892,497,4
263,622,4
653,739,3
727,510,4
328,879,3
62,230,2
303,26,4
182,471,4
863,321,4
535,454,3
108,7,5
291,1478,2
72,222,1
393,1047,3
587,748,1
613,509,4
200,43,3
339,173,5
524,604,4
13,527,5
130,501,5
925,816,3
222,946,2
839,277,2
430,1007,3
868,151,5
155,300,2
815,647,5
344,864,3
291,118,2
435,697,4
343,156,4
194,991,2
533,23,3
324,283,3
430,527,4
794,19,4
588,568,4
514,175,4
568,509,4
738,916,3
521,168,4
449,310,3
129,906,5
239,705,4
90,301,4
875,1103,5
819,302,5
890,214,4
782,535,3
246,384,2
109,559,3
275,1,4
271,521,5
605,527,4
727,173,5
854,328,1
514,237,4
90,1200,4
488,288,2
868,127,4
525,281,3
466,260,4
882,28,5
894,1281,3
180,222,5
823,4,5
65,514,4
643,470,4
144,742,4
449,971,4
838,300,2
6,515,4
655,344,4
922,29,3
519,243,1
661,200,3
585,213,5
509,309,2
269,464,3
313,210,4
311,365,4
327,70,4
807,227,4
72,69,4
68,409,3
600,651,4
521,754,3
151,31,3
72,581,4
932,185,4
758,352,4
56,575,3
932,1397,4
748,650,1
630,597,4
669,269,3
115,8,5
934,488,5
452,204,3
311,448,5
823,238,5
98,88,3
236,478,3
85,82,3
13,457,1
654,963,4
363,1157,2
269,444,3
152,402,5
832,25,2
12,96,4
864,720,3
184,250,4
398,602,4
91,22,5
262,131,5
863,330,2
277,405,3
655,1532,2
100,354,2
92,53,3
330,237,4
836,357,5
666,111,3
177,203,4
738,747,4
472,568,5
70,15,3
560,250,4
727,628,3
840,650,4
659,655,4
804,222,5
682,252,3
204,9,5
562,514,1
222,147,4
833,432,4
262,923,4
479,604,3
90,213,5
328,85,1
550,1620,4
724,336,1
293,779,1
263,162,5
200,280,4
922,562,3
345,197,4
431,988,2
42,202,5
232,175,5
127,227,4
583,708,5
425,210,3
13,850,4
641,558,5
167,235,3
56,117,5
565,509,4
271,651,4
293,849,2
747,1020,4
157,120,1
601,483,4
892,523,5
292,320,5
230,621,2
414,11,5
334,200,4
693,472,3
622,665,2
289,7,4
268,684,3
378,1311,4
716,298,5
215,179,4
498,160,5
504,385,4
712,392,5
715,939,4
500,43,3
276,91,5
834,343,4
311,748,4
180,83,5
823,229,3
731,196,5
110,367,3
711,684,3
637,291,4
914,402,5
548,636,4
580,147,3
197,195,5
20,323,4
297,222,4
409,83,3
503,714,4
660,890,1
276,171,4
815,257,3
708,1280,1
852,515,5
181,826,1
271,714,3
144,223,4
251,181,4
711,432,4
522,180,5
882,105,3
222,56,5
295,470,3
518,9,3
357,744,5
198,640,3
243,736,4
424,990,5
380,199,3
665,210,4
524,1107,4
232,173,4
861,319,5
347,742,5
752,333,3
69,879,1
49,531,3
526,879,3
659,174,4
141,330,1
308,71,4
711,707,5
637,717,3
87,1016,4
374,471,4
889,747,4
501,117,4
856,750,5
351,888,4
145,665,5
833,187,5
25,419,4
162,79,4
308,99,4
321,607,4
867,652,5
810,873,3
26,936,4
561,215,3
298,284,4
435,44,2
326,849,1
746,684,4
194,864,2
200,54,4
130,227,3
407,228,4
181,459,1
623,258,4
682,363,2
98,745,3
687,319,4
456,14,5
690,629,1
402,1101,4
305,713,4
167,237,4
811,892,4
256,22,5
911,835,3
276,301,4
889,869,3
152,410,4
567,641,5
393,836,4
445,56,5
621,876,2
338,486,3
506,586,2
480,191,4
62,195,5
680,257,4
314,399,3
916,1119,3
792,1164,3
279,139,3
472,51,5
660,898,4
934,405,5
696,315,5
100,286,3
704,175,3
854,604,4
560,281,3
354,432,3
533,8,3
710,334,2
478,1,4
393,725,2
648,615,4
546,769,4
548,1244,4
665,69,5
330,213,5
373,633,4
145,752,4
890,448,2
92,980,3
62,729,3
629,292,4
867,1159,5
284,754,3
92,268,4
880,1017,3
162,230,2
222,715,2
852,252,3
340,71,5
679,109,3
862,519,4
251,596,3
933,959,1
392,249,1
234,2,2
903,931,2
721,127,5
714,471,4
608,1172,5
727,747,2
654,153,4
535,70,4
524,495,4
181,928,3
7,606,3
844,864,3
224,925,3
682,1028,3
217,1034,3
405,54,2
201,315,3
17,150,5
412,724,4
883,1005,5
880,209,3
535,98,2
848,433,3
87,70,5
352,183,5
919,88,2
192,948,3
618,186,4
256,827,3
672,15,3
632,173,5
889,474,4
256,370,3
807,405,4
257,129,4
846,521,3
221,218,4
585,86,5
535,152,4
1,75,4
155,748,2
144,61,3
339,88,4
762,246,1
632,480,5
541,526,4
59,237,3
780,79,4
536,274,4
903,181,4
246,578,2
339,200,5
10,479,5
389,451,2
378,1091,2
335,313,3
177,340,4
640,231,5
766,605,3
551,51,5
435,434,2
615,732,4
130,3,5
479,523,4
363,183,4
804,824,3
532,603,5
281,326,1
411,651,4
544,300,4
542,523,4
291,1376,3
284,687,3
583,268,5
622,578,4
655,535,2
666,294,3
7,317,4
314,941,3
416,1540,4
916,280,2
802,259,2
6,318,4
897,118,5
128,193,3
147,269,4
311,1050,3
125,780,2
321,287,3
27,1017,4
119,188,4
332,1042,4
429,443,4
600,1419,3
642,1063,3
267,518,5
1,199,4
593,143,4
301,174,5
667,357,5
339,208,4
393,110,2
450,934,3
32,271,3
648,89,4
59,42,5
211,286,4
347,879,3
927,571,3
720,315,4
663,47,4
618,625,4
424,14,4
666,151,2
82,97,4
589,259,5
279,204,3
262,252,3
727,258,2
447,1034,2
344,311,4
374,318,2
323,763,4
331,653,3
682,554,3
271,218,3
760,255,3
850,202,4
545,680,2
267,367,4
367,379,4
796,1074,1
308,629,4
888,111,4
264,655,4
146,302,4
416,631,3
234,268,2
727,808,2
331,1101,4
130,90,4
377,748,4
648,222,5
762,475,5
68,127,4
456,1059,4
890,427,5
716,485,5
447,248,5
94,293,4
291,154,4
537,95,1
276,774,2
328,4,3
184,604,4
861,45,5
69,321,4
758,43,3
923,338,4
755,288,1
234,615,5
683,331,2
867,318,5
889,223,4
323,467,5
450,277,3
494,98,4
429,732,4
506,404,5
7,232,3
735,147,1
458,276,5
524,484,4
294,332,3
221,128,3
822,91,3
691,322,3
757,181,3
639,173,1
371,181,3
546,7,5
193,210,4
588,570,4
41,969,4
406,432,5
271,208,4
373,136,4
58,1,5
636,235,4
659,486,4
368,288,3
645,211,4
207,154,2
643,42,4
37,540,2
758,1007,5
383,135,5
277,293,4
398,474,4
417,79,3
748,179,4
253,298,3
590,286,5
128,14,5
624,293,4
567,847,4
707,197,4
774,196,3
8,259,1
773,1170,3
267,484,5
103,301,4
21,327,3
880,182,5
786,416,4
344,121,3
712,949,4
742,127,5
435,313,5
908,318,5
470,19,4
889,881,3
312,1,5
122,661,4
276,64,5
94,102,3
150,410,4
643,153,4
870,6,4
381,217,2
781,327,4
553,478,4
254,258,4
95,121,4
340,265,5
296,268,4
445,1143,4
159,259,4
807,627,4
782,1243,3
294,125,3
44,91,2
803,243,1
459,1040,2
451,948,3
752,331,4
315,466,1
184,196,4
457,597,3
503,659,5
625,265,3
703,596,3
712,732,5
624,242,4
794,273,4
308,684,3
661,71,4
60,195,4
181,1347,1
416,1226,3
727,890,1
758,307,3
308,661,4
397,199,5
574,311,4
387,735,2
749,73,4
907,301,4
321,194,3
680,269,4
798,988,3
943,227,1
796,155,5
705,229,3
268,80,3
889,955,3
503,86,5
60,211,4
478,7,1
96,185,5
761,291,3
577,545,3
448,312,1
629,56,5
187,523,3
832,322,3
64,173,5
130,272,5
899,239,3
56,769,4
647,222,4
301,367,4
255,841,1
18,137,5
14,475,3
521,215,1
194,498,3
256,220,3
87,1074,3
362,328,2
279,687,4
855,582,3
860,316,3
690,993,3
663,273,4
76,955,4
514,116,4
457,732,4
445,257,2
877,14,5
12,203,3
788,601,4
806,98,4
549,50,5
551,100,4
756,739,4
94,368,2
454,611,2
859,535,5
638,523,4
323,876,2
624,405,4
222,1139,3
798,736,5
880,63,3
174,21,1
184,217,3
738,655,3
209,9,3
131,302,5
293,73,2
804,125,4
327,514,4
524,461,3
368,56,4
892,648,4
936,864,4
796,291,4
533,77,4
119,831,2
188,1041,3
501,1010,4
716,25,4
474,671,3
837,740,5
886,1208,3
648,498,3
456,268,5
840,638,3
534,237,4
81,591,5
347,290,3
911,313,2
661,95,5
454,97,4
104,25,3
267,228,5
43,100,4
845,1399,3
182,150,3
291,66,4
222,245,3
216,65,4
675,463,5
707,485,4
234,131,3
62,1060,1
85,433,3
260,748,4
337,229,3
617,234,3
194,944,2
456,818,3
673,344,5
834,886,4
254,121,3
59,201,4
59,747,4
479,265,4
24,427,5
659,629,4
632,735,4
427,989,5
393,870,3
487,231,1
275,1219,2
336,579,3
608,1039,5
406,57,4
798,29,4
221,780,3
648,79,5
222,261,1
936,250,5
326,199,5
130,172,5
221,403,4
199,323,3
471,969,2
303,559,4
537,523,3
786,699,4
454,685,3
343,1073,4
749,197,4
936,100,4
5,101,5
174,662,5
366,217,5
528,77,3
642,1039,5
488,419,3
537,431,4
361,274,3
756,1240,4
361,204,4
560,89,5
200,72,4
724,1434,1
733,285,4
537,894,1
648,254,3
152,220,5
399,2,3
710,357,4
280,431,4
6,472,1
592,180,5
344,535,3
421,234,5
671,553,5
181,1352,1
675,305,4
188,5,4
314,1136,5
331,414,4
788,144,4
222,455,3
666,133,3
437,1036,5
910,23,4
716,83,4
457,8,5
15,1,1
405,697,1
299,61,4
207,849,3
157,268,5
125,732,4
933,175,4
385,201,4
407,258,4
109,1023,2
22,109,4
271,216,5
193,562,3
18,204,3
308,618,4
524,50,4
487,249,1
560,11,4
843,511,3
887,1015,5
675,321,2
421,82,4
264,504,5
303,1407,1
703,300,4
301,43,5
252,286,5
388,310,5
153,323,2
416,117,5
13,651,5
83,1043,3
825,591,4
846,218,4
436,723,3
215,636,2
110,566,4
292,183,5
210,99,4
533,528,4
815,69,4
620,123,3
767,1121,5
650,657,4
246,111,3
474,448,5
883,322,5
766,568,2
532,252,4
406,1220,3
786,102,4
197,231,3
642,1079,5
526,508,4
715,217,2
766,134,5
409,318,4
401,147,2
643,176,5
927,300,5
566,15,3
795,265,3
537,319,4
208,430,4
374,227,4
307,401,1
193,485,5
305,1074,2
763,742,4
873,321,1
532,82,5
882,140,3
846,70,4
128,222,3
851,1540,2
85,502,4
856,300,4
896,8,5
392,246,5
269,1428,5
411,258,4
305,806,3
830,790,1
230,11,4
711,427,5
503,451,4
599,866,2
425,82,3
901,321,1
346,712,3
484,313,5
417,16,3
882,746,4
320,405,4
421,603,4
661,727,4
626,681,1
664,215,4
114,1104,5
296,455,1
405,694,1
521,181,4
896,508,2
269,214,3
291,417,4
724,242,1
715,376,2
543,642,3
435,410,5
102,686,3
330,121,4
751,227,4
65,237,4
544,270,3
727,609,3
661,192,4
601,934,1
21,986,1
453,1170,3
835,928,3
865,21,2
117,15,5
261,596,2
911,638,4
42,402,5
290,218,2
514,215,4
630,11,5
480,615,4
551,727,5
145,1217,2
314,470,3
270,121,4
682,201,4
371,443,4
76,223,2
483,228,5
105,748,2
541,91,5
916,709,3
782,1251,3
712,1220,5
399,80,3
405,1261,1
788,708,2
659,660,3
870,182,5
90,942,4
422,129,4
537,333,2
795,21,3
189,14,5
642,1136,4
618,283,3
28,449,2
468,25,5
221,215,4
218,466,4
363,575,1
151,275,5
839,123,3
896,559,3
833,179,5
577,808,3
906,475,3
474,22,4
144,1197,4
10,334,4
312,676,3
90,995,4
416,88,3
416,936,5
755,289,1
768,70,4
846,91,4
916,290,3
437,221,5
43,482,4
751,755,4
671,176,2
720,898,4
505,614,3
887,25,2
268,210,3
96,216,4
445,203,3
643,659,5
299,249,3
590,744,4
484,665,4
201,654,3
655,220,2
754,307,3
420,408,4
109,70,4
174,1139,2
466,651,3
344,132,4
648,742,5
442,231,3
880,585,1
493,59,5
268,244,4
500,514,5
854,411,2
320,17,5
222,208,3
406,712,3
618,98,5
899,827,2
225,172,5
416,916,3
254,610,2
758,462,4
566,168,4
499,215,4
518,117,5
472,1,5
661,219,2
561,79,3
897,25,2
711,229,3
286,277,4
537,495,2
894,10,4
6,168,4
486,936,3
7,229,3
734,95,4
422,294,3
743,242,4
587,347,3
455,435,4
643,603,5
537,848,3
142,514,5
200,89,5
393,384,3
58,151,3
934,510,5
293,347,2
627,468,2
347,462,2
880,825,4
630,278,4
826,332,3
73,1149,4
532,982,3
881,573,3
761,477,1
233,623,3
592,345,4
883,197,4
409,285,4
815,403,4
311,73,4
548,466,5
201,603,4
148,135,5
393,628,4
701,272,5
59,642,5
65,238,3
295,60,5
308,30,4
903,369,4
505,1039,4
524,796,3
181,628,3
830,633,4
378,286,5
396,829,3
125,236,1
905,237,3
417,325,2
394,117,5
711,50,4
633,50,4
655,607,4
934,755,4
465,1078,2
393,278,4
295,172,4
378,572,3
533,10,2
727,24,3
630,546,3
398,737,2
276,343,4
630,1023,4
183,356,3
828,462,3
436,747,5
198,559,3
472,540,3
455,291,3
796,821,4
758,510,3
501,276,4
830,435,5
85,313,4
805,659,3
325,1232,1
56,161,4
493,405,2
117,886,5
727,809,4
197,190,3
773,433,3
405,1099,1
882,597,4
308,578,2
83,25,2
670,480,5
305,385,1
178,323,3
416,31,5
305,203,4
640,336,3
412,208,4
299,10,5
211,310,3
815,393,4
669,523,4
57,820,3
655,291,3
618,755,2
347,756,2
246,1411,2
130,95,5
773,152,5
503,405,3
181,1047,2
99,255,3
699,137,4
90,530,3
269,805,2
620,560,4
308,655,4
268,382,3
758,890,3
22,208,5
592,222,1
10,161,4
276,479,5
938,248,1
577,229,4
916,55,3
256,226,5
303,79,5
398,227,2
181,107,1
253,483,5
927,1035,4
863,307,5
295,511,5
617,582,4
21,445,3
655,272,3
551,193,5
13,190,4
254,112,2
827,294,4
868,233,2
833,208,3
18,523,4
881,395,3
307,62,3
139,297,5
416,739,5
299,286,4
831,301,2
796,326,4
622,125,3
849,121,5
280,631,5
264,448,2
199,294,1
332,660,3
94,170,5
829,1018,2
328,568,3
429,197,4
891,933,3
183,181,2
576,237,4
130,148,4
234,313,4
435,62,3
637,282,3
357,273,5
545,226,3
234,582,4
835,185,4
387,429,3
779,471,4
627,96,3
426,182,2
146,311,4
445,248,1
718,405,5
429,31,3
503,190,5
102,559,3
230,134,4
416,775,4
612,864,4
653,63,2
500,287,3
541,118,4
416,111,4
937,301,1
503,25,4
330,823,3
237,23,4
85,269,3
497,449,2
119,1166,5
432,322,3
835,505,3
940,147,4
323,847,3
481,100,4
798,415,3
389,629,2
553,513,4
92,731,4
727,169,5
73,1,2
235,69,4
903,120,2
378,660,4
450,570,4
392,1160,2
537,690,2
662,13,4
418,301,2
217,181,1
671,570,3
531,890,1
295,102,4
275,222,4
151,505,5
90,511,5
92,328,3
280,1473,3
924,523,5
877,98,5
506,241,2
392,11,4
416,553,4
321,529,4
453,151,3
537,475,4
222,672,1
805,665,4
474,697,4
679,69,4
862,143,5
846,523,4
344,708,4
254,138,1
853,299,4
130,321,5
472,234,4
911,404,3
13,897,1
782,352,1
514,302,5
897,214,5
385,99,2
537,616,2
686,603,5
152,111,5
721,294,3
453,655,3
293,637,3
592,70,4
239,491,5
711,275,5
151,781,3
334,95,3
805,123,4
749,420,4
940,316,4
743,302,5
429,496,4
454,392,2
486,301,4
95,274,4
587,321,2
301,15,4
239,150,5
1,251,4
194,98,4
795,144,4
338,212,4
672,476,5
263,234,4
498,435,3
189,199,5
560,1215,2
299,1226,2
43,117,4
805,323,5
223,682,4
851,161,3
682,625,3
446,303,2
181,1338,1
447,91,4
683,303,3
606,83,5
427,881,5
452,191,5
296,151,2
716,191,5
658,70,3
936,926,4
528,845,3
871,241,3
551,67,5
667,28,5
553,523,4
381,1098,4
487,550,3
851,343,2
712,843,3
406,652,2
650,719,3
450,1603,3
637,1102,3
102,227,4
387,176,3
398,173,4
145,544,4
344,222,4
226,513,3
724,948,1
659,469,4
394,265,4
207,59,4
95,238,5
519,751,4
244,732,1
503,319,3
327,874,3
714,472,2
790,1215,1
940,9,3
494,65,5
394,151,5
670,8,4
286,405,3
844,100,4
921,526,4
181,1354,1
916,86,4
540,280,3
405,565,2
55,678,3
520,310,4
921,254,3
392,344,4
749,49,4
299,647,4
406,222,3
815,89,4
911,473,3
662,1342,4
452,162,3
274,164,5
919,319,3
467,327,4
361,435,5
931,546,3
903,1070,4
21,326,5
92,40,3
594,357,4
92,145,2
249,723,4
883,694,5
880,628,2
360,223,5
363,22,3
505,584,4
253,895,4
389,493,5
164,597,4
383,268,5
887,692,5
500,289,4
752,1279,3
301,511,4
450,480,4
885,25,4
846,186,5
653,88,3
457,157,5
807,578,4
276,1083,3
382,59,5
387,28,5
523,949,5
403,129,4
645,658,4
879,25,4
528,258,4
405,861,1
879,222,4
342,1012,4
536,416,4
399,140,4
627,56,2
894,305,4
653,28,4
892,204,4
34,289,1
145,1087,1
560,546,2
213,447,4
782,515,3
474,193,4
846,499,4
181,294,2
59,183,5
487,385,4
116,840,1
339,226,2
85,465,4
557,1244,2
283,125,5
480,517,4
301,864,4
6,494,4
623,216,4
554,28,4
83,471,3
197,311,4
160,160,5
305,960,1
346,237,4
429,778,3
437,447,4
927,768,4
305,178,4
11,176,3
48,210,3
617,429,3
262,174,3
854,1335,2
189,313,2
169,258,5
186,1385,2
919,756,3
585,971,3
318,356,4
372,12,4
405,470,1
498,186,4
18,182,4
863,331,4
758,750,2
16,95,5
916,232,3
5,183,4
567,611,4
141,121,4
738,50,5
11,737,4
381,887,3
352,234,4
3,324,2
536,230,5
391,76,3
297,108,4
919,95,4
164,121,5
193,443,4
13,351,1
880,118,3
312,133,5
269,806,3
758,412,5
622,685,2
313,229,3
712,568,5
102,797,2
532,1226,4
894,1131,4
94,739,2
504,807,4
924,31,3
741,274,4
363,518,4
625,692,3
880,201,4
205,289,4
168,596,4
385,240,4
880,53,4
294,831,3
7,507,5
479,55,4
878,529,5
493,411,1
58,213,5
315,163,3
254,143,4
393,1285,3
405,302,4
537,655,3
868,480,4
404,259,5
159,67,1
474,283,3
95,623,3
533,245,3
665,315,4
373,82,1
38,401,3
58,425,5
91,174,5
921,136,4
13,322,3
632,131,4
749,187,3
587,304,4
7,182,4
267,739,4
811,289,2
399,43,3
405,397,4
598,343,2
584,165,1
751,250,3
933,559,2
328,100,5
405,792,5
184,58,4
299,152,4
643,367,4
721,321,3
417,12,4
805,45,4
234,521,3
648,384,4
435,343,5
311,378,5
833,427,3
933,234,3
504,479,4
504,452,2
295,232,3
158,385,3
942,316,4
434,1152,5
370,484,4
130,289,5
13,402,4
883,211,5
23,28,3
620,760,3
489,342,3
286,179,5
58,741,2
844,1039,4
645,474,5
468,15,4
346,72,3
345,69,4
650,27,3
308,179,4
875,478,4
747,631,5
743,294,2
403,7,5
648,565,3
608,305,3
886,709,3
727,401,2
58,200,3
121,165,4
256,1228,1
250,754,4
405,444,3
925,332,4
272,127,5
70,257,4
429,808,3
320,188,4
373,382,4
902,423,4
151,234,4
727,111,3
682,802,2
180,372,5
298,333,5
764,282,4
193,690,4
675,223,1
244,179,5
847,596,3
269,632,4
332,121,5
830,313,5
326,648,5
682,100,3
643,546,3
843,168,3
882,180,4
727,68,4
881,215,3
48,308,5
311,578,2
429,635,3
325,502,4
38,1029,1
219,4,4
440,313,4
263,588,3
648,208,5
460,312,4
930,210,2
321,20,3
269,1165,1
569,302,4
474,14,5
534,325,4
75,845,3
916,89,5
721,269,5
880,412,3
389,712,3
334,319,3
385,182,5
18,921,5
269,175,5
825,544,3
269,521,4
299,462,5
747,591,2
201,549,3
181,1197,1
308,87,4
758,1039,5
405,441,1
131,1281,4
672,874,4
222,148,2
398,654,4
306,1028,2
184,387,4
503,187,5
59,22,4
663,313,5
385,529,4
497,258,4
339,134,5
617,89,4
534,148,4
243,387,4
393,24,3
758,831,4
640,342,5
405,26,3
889,1194,4
749,655,5
693,664,2
804,663,5
321,615,5
894,280,3
334,443,3
860,204,4
932,613,4
342,1071,4
709,214,1
70,418,3
222,670,3
373,97,3
183,739,4
119,9,4
693,628,4
264,88,3
852,678,3
518,240,1
763,200,4
798,941,3
381,79,3
532,601,3
916,755,2
655,731,3
244,237,5
632,82,4
382,151,4
160,864,1
682,65,3
158,11,4
579,269,3
6,221,4
144,531,5
429,546,3
269,845,1
210,210,5
92,129,4
479,205,3
186,117,5
308,209,4
158,367,4
532,1496,2
506,356,3
407,642,2
406,12,4
561,116,4
389,699,5
811,308,4
13,329,2
291,64,5
804,118,4
693,684,3
209,14,3
332,232,5
582,369,1
655,867,4
903,928,2
292,528,5
929,12,4
328,148,3
323,117,3
485,242,5
622,363,4
653,101,3
193,739,4
717,1282,4
238,286,5
862,12,5
42,427,4
301,412,4
587,995,3
879,292,4
183,54,2
807,465,4
378,509,4
48,511,5
1,226,3
189,516,1
526,408,5
22,204,5
442,268,4
363,193,3
592,71,4
727,393,3
778,262,4
313,423,4
394,50,5
425,1129,3
435,413,2
49,270,2
201,223,4
393,378,4
874,289,4
299,1300,2
521,324,2
332,11,5
658,127,5
43,191,5
824,304,3
484,229,5
123,482,4
105,269,4
26,15,4
620,423,5
130,234,5
145,227,4
429,762,4
340,211,3
723,174,4
367,561,4
708,150,4
450,748,4
112,347,1
365,287,4
757,684,4
699,21,3
174,111,5
123,462,4
943,188,4
44,240,4
927,158,2
184,126,3
425,750,2
527,531,3
933,435,4
773,11,2
847,372,5
382,334,5
870,90,4
269,614,3
60,601,4
932,179,5
346,50,5
236,194,3
87,90,2
727,265,4
92,977,2
766,179,4
76,333,3
1,44,5
235,344,5
741,722,3
463,689,2
474,28,4
347,98,5
508,174,4
158,82,5
747,408,5
85,955,4
299,237,2
315,176,4
286,629,5
303,575,4
637,50,4
271,494,4
52,116,4
640,302,5
342,789,3
1,234,4
707,1545,2
734,478,4
93,815,4
381,176,4
417,96,3
62,387,2
435,217,4
151,836,4
94,90,3
862,92,5
347,192,4
782,127,4
907,781,5
552,248,4
168,323,3
72,89,3
642,1047,3
348,827,4
618,895,3
325,357,4
654,70,4
881,89,4
840,507,4
454,237,4
25,116,4
327,1073,2
645,523,5
345,150,5
336,1048,4
815,357,5
719,289,2
130,174,5
189,1403,4
397,345,4
712,1503,4
730,742,3
53,25,4
194,419,2
525,121,4
295,371,4
934,554,4
748,402,2
796,716,3
429,530,4
246,155,1
117,25,4
892,755,4
269,735,2
328,205,4
357,407,3
325,485,3
890,229,2
5,455,4
563,321,5
863,1127,4
899,265,4
128,1053,3
417,663,3
804,456,3
308,382,4
268,2,2
862,1117,4
275,188,2
135,258,4
846,505,5
601,257,2
642,384,5
145,949,4
287,895,2
894,50,4
536,510,4
650,163,3
556,482,5
308,219,3
335,748,2
416,480,5
741,275,4
450,110,4
804,245,4
537,191,4
238,298,5
463,283,5
293,286,3
380,100,4
608,44,4
747,108,4
889,597,3
324,123,4
264,33,3
378,1042,3
496,33,4
472,229,5
73,479,5
810,301,5
363,698,2
407,274,3
72,134,5
429,941,3
85,425,4
122,135,4
682,628,4
311,775,3
437,111,3
504,143,4
682,5,3
279,462,3
394,411,4
117,1047,2
806,655,3
433,269,5
373,418,5
625,235,3
417,506,4
11,239,4
606,265,4
81,3,4
458,97,1
414,346,5
373,520,4
154,302,4
378,566,3
790,577,2
429,596,3
476,245,4
747,664,2
919,14,4
898,334,3
618,959,4
638,100,3
13,367,3
648,1041,3
207,68,2
774,77,1
940,14,3
870,333,3
764,200,4
374,210,4
174,902,3
642,133,5
407,416,3
243,435,4
405,443,4
655,764,1
900,602,1
437,651,4
55,121,3
455,164,4
311,23,3
764,472,3
669,326,1
481,211,5
938,257,5
13,51,3
399,459,4
324,323,4
416,721,3
453,156,5
95,514,2
363,751,1
748,483,4
194,403,2
749,15,5
569,126,5
796,58,3
725,322,4
130,249,5
417,161,3
928,173,4
393,1076,3
263,260,2
194,152,3
500,50,3
14,210,5
72,182,5
449,1142,4
846,217,4
200,58,4
361,283,4
314,1012,4
846,393,3
524,836,2
177,154,4
276,772,4
840,153,3
798,568,4
554,58,4
327,408,2
936,1171,5
815,1078,2
904,328,2
234,23,4
474,126,4
214,479,4
698,421,2
244,393,3
934,96,4
311,300,4
627,591,3
405,640,1
320,1,3
898,343,3
291,72,4
393,128,3
125,493,4
399,779,4
567,212,2
13,235,2
796,26,2
464,12,5
493,462,2
294,1088,1
274,258,5
405,1579,1
295,570,3
764,743,1
837,278,3
772,302,5
711,219,2
383,205,4
916,70,4
244,144,1
436,411,4
548,539,2
7,273,3
327,132,5
650,159,3
297,250,1
872,405,4
875,131,4
58,483,5
303,323,1
174,577,1
634,111,4
655,1161,3
537,739,1
314,173,1
11,733,4
279,321,5
60,173,4
375,356,4
524,175,3
782,358,4
716,200,4
547,302,5
638,195,4
393,771,3
332,354,5
230,633,4
204,336,1
843,590,3
94,206,4
307,209,5
897,443,5
895,988,3
234,1133,3
686,12,5
380,630,2
484,1016,4
207,248,3
145,930,2
303,232,4
919,1315,2
303,1047,2
484,2,4
942,878,4
625,70,3
363,239,3
534,978,4
488,196,3
542,240,3
311,215,4
497,50,5
425,678,1
298,276,2
407,257,4
577,102,4
280,1,4
741,781,4
907,258,4
593,1012,3
450,696,4
110,313,5
556,481,5
437,450,3
283,208,5
212,527,5
64,381,4
487,125,5
102,95,4
896,28,2
521,69,3
7,62,3
693,162,3
151,514,4
469,705,5
593,282,5
887,183,1
900,280,2
468,56,5
293,162,3
159,930,4
314,1016,4
557,322,3
87,163,4
724,332,4
896,132,3
21,321,3
901,89,3
452,27,5
301,97,4
256,11,5
863,903,3
121,509,5
141,151,2
545,423,4
94,53,4
214,608,4
148,495,4
293,121,3
263,511,5
561,484,4
399,233,3
394,715,4
862,597,3
354,25,2
455,11,3
392,294,4
65,255,3
705,228,3
207,180,3
84,4,3
846,633,3
94,49,4
58,9,4
871,1388,4
686,97,2
156,318,4
883,740,4
23,919,5
751,1078,3
716,392,2
433,268,3
740,294,4
527,427,4
79,311,4
815,258,4
62,69,4
655,823,2
13,565,1
935,1016,4
373,487,4
851,531,3
749,194,5
721,135,3
423,1134,4
487,45,5
89,237,4
637,275,3
236,135,2
397,423,5
405,426,1
585,20,4
328,984,3
650,521,3
247,251,4
363,270,2
889,7,3
448,316,1
868,405,1
405,1260,1
189,59,3
504,215,4
250,418,5
752,321,3
318,566,4
118,800,4
123,132,3
276,429,5
606,12,2
323,873,3
844,12,5
94,665,3
804,647,5
451,690,4
175,9,4
532,840,4
401,724,4
889,273,4
623,70,4
664,169,5
477,553,5
498,607,3
749,616,3
454,275,2
334,326,1
603,157,1
299,303,3
459,685,3
151,603,5
429,211,5
655,1166,3
768,284,1
913,657,5
361,55,2
234,432,4
627,157,4
256,291,5
399,419,3
664,326,2
846,570,4
660,120,1
157,313,5
189,1021,5
308,686,4
452,514,3
146,313,4
118,176,5
472,431,5
122,212,5
58,124,5
48,56,3
796,180,2
682,386,2
42,118,4
276,364,3
7,594,3
829,129,4
495,732,4
405,1182,1
743,222,4
697,25,3
728,117,4
773,27,1
421,187,4
463,100,4
155,332,2
62,466,3
731,69,5
704,481,5
248,196,2
426,332,4
290,423,5
313,514,4
620,859,4
5,100,5
499,87,4
76,1159,3
655,690,2
571,47,3
163,28,3
530,214,2
230,402,5
95,101,1
284,748,3
57,249,5
894,249,3
506,328,4
339,167,4
407,204,3
548,595,4
458,709,4
378,318,5
314,627,4
385,305,4
582,257,3
118,132,4
244,234,3
151,652,5
207,357,5
450,73,3
802,194,4
882,416,4
692,249,3
388,266,5
833,108,2
845,896,3
343,663,5
932,1305,2
473,813,3
660,559,2
323,289,2
254,1133,3
429,499,4
215,222,4
309,334,4
437,181,4
299,150,5
738,71,3
639,371,1
625,654,3
151,707,4
388,294,4
57,111,4
796,367,5
332,550,5
95,209,4
795,72,3
749,812,3
774,673,2
483,676,4
36,882,5
274,243,2
397,261,1
854,324,3
363,100,5
553,474,5
152,49,5
642,97,4
738,4,4
747,634,5
437,473,5
235,318,5
760,195,4
655,1248,3
87,393,4
425,12,5
883,58,3
532,750,5
268,229,2
318,25,5
275,501,3
397,435,4
437,1148,4
483,480,3
938,240,2
595,222,3
122,382,3
455,126,5
10,617,5
786,703,3
253,192,1
933,97,2
234,277,3
551,448,4
648,674,3
758,173,5
459,357,4
537,1245,3
776,436,4
427,319,3
751,756,2
709,295,3
94,616,4
249,2,3
653,307,4
907,284,5
731,136,4
660,117,3
889,684,2
727,384,2
128,140,4
887,257,5
650,231,2
299,483,5
178,193,4
937,847,4
479,197,4
843,473,2
536,740,4
37,948,4
194,504,2
919,447,4
653,407,1
901,117,4
69,150,5
659,155,3
588,151,4
798,493,3
815,671,4
868,434,3
764,202,4
591,300,3
378,591,4
357,742,4
221,824,3
293,751,3
378,301,3
95,99,4
293,81,4
203,50,5
246,230,3
18,463,4
214,527,4
922,576,4
645,203,4
385,674,3
938,762,4
152,97,5
297,195,1
392,255,3
938,260,4
751,738,4
789,288,3
43,496,5
308,74,4
450,526,4
59,273,2
303,1510,3
537,1010,2
648,188,5
13,268,4
83,409,4
393,237,4
14,596,3
462,322,5
156,192,4
886,159,2
622,294,3
268,655,4
1,217,3
346,204,4
761,1014,1
374,9,1
290,191,3
524,943,3
880,254,2
92,174,5
268,284,3
634,294,4
44,222,4
56,294,4
435,202,4
482,50,4
478,218,3
479,286,1
308,584,4
156,9,4
181,872,1
299,118,2
829,278,1
698,656,1
201,642,4
468,498,5
181,1008,1
106,280,2
331,22,4
497,172,5
747,163,4
181,9,4
335,322,4
641,432,5
927,95,5
478,65,4
94,525,5
389,100,5
864,257,4
99,827,3
87,411,4
276,144,5
256,552,3
623,435,5
815,837,5
409,435,3
502,892,2
815,433,3
391,334,5
657,111,5
416,178,5
430,151,4
453,354,4
592,742,4
865,845,1
145,470,5
622,855,3
394,233,3
7,450,4
437,381,5
445,96,4
561,144,3
883,463,3
234,1463,5
868,739,2
236,64,5
240,748,3
137,690,2
916,1220,3
499,915,4
868,7,5
915,270,3
38,1031,5
179,691,3
508,1,5
177,289,2
206,748,4
293,199,5
342,324,1
919,174,4
343,269,4
823,762,4
423,100,5
493,687,1
749,151,5
525,7,3
862,498,4
869,815,1
83,795,3
427,286,4
84,64,5
397,611,5
402,126,4
886,733,4
416,1262,5
121,546,1
608,193,4
532,520,5
54,127,4
622,161,3
521,147,4
144,180,4
199,269,5
757,771,2
85,281,3
747,603,5
639,511,4
195,386,2
402,124,4
345,215,4
229,269,4
804,529,4
323,199,4
787,310,5
5,388,2
593,73,2
450,372,4
916,425,5
297,25,4
894,336,3
504,676,4
345,980,4
815,629,4
699,597,3
49,420,4
792,1132,3
222,125,5
416,476,5
308,235,3
825,984,5
933,226,2
498,486,2
311,125,4
506,770,3
276,262,4
561,65,3
284,324,3
897,871,3
574,100,5
275,258,3
301,42,4
256,1046,4
59,182,5
405,440,1
405,265,2
231,471,5
464,603,5
87,64,5
396,281,3
442,780,3
56,720,3
659,196,4
790,65,4
846,739,4
342,150,3
42,506,3
688,309,5
857,687,1
31,886,2
60,385,4
315,657,4
41,58,3
707,279,3
893,56,5
294,475,5
659,393,3
393,15,3
6,485,5
389,153,3
932,509,3
761,181,5
265,815,3
463,740,4
627,284,2
373,22,5
38,234,5
432,763,5
851,815,3
491,513,5
497,431,4
174,364,1
514,153,4
661,58,4
798,929,3
389,584,4
659,739,4
204,340,5
567,480,4
537,307,3
360,45,4
504,742,4
672,815,4
342,149,5
301,215,5
773,89,4
373,658,4
72,1051,4
929,134,4
283,204,4
425,252,2
178,744,3
515,690,2
405,652,1
625,640,3
838,385,4
508,91,4
318,182,4
313,480,5
92,225,3
802,134,3
590,284,2
10,33,4
399,161,3
268,558,3
650,671,3
504,200,4
271,660,5
516,474,5
95,241,3
907,740,5
747,461,5
64,172,4
18,604,5
510,330,2
345,737,3
1,85,3
90,863,4
345,1053,3
510,294,3
456,1057,3
223,295,3
532,250,3
334,840,4
833,177,5
334,220,3
217,185,3
400,300,4
919,815,2
435,183,5
898,302,4
526,270,3
279,242,3
345,4,4
488,203,4
94,98,4
3,300,2
711,699,5
322,654,5
87,158,3
614,25,1
559,226,5
123,242,5
53,258,4
363,179,4
628,340,5
144,942,4
181,326,1
883,792,4
634,1142,3
577,100,4
8,518,4
342,223,4
343,324,5
815,659,5
696,9,5
361,498,4
117,174,4
721,28,5
619,182,4
766,487,3
881,561,4
334,239,3
567,187,5
159,871,4
682,164,3
147,750,5
871,896,3
322,313,5
236,699,4
682,427,4
899,751,4
399,90,2
747,519,5
452,663,2
637,118,1
533,265,3
401,528,5
495,214,5
318,24,4
792,476,1
864,693,4
110,41,4
244,1,4
581,269,3
156,178,5
13,635,1
721,879,4
606,172,5
276,1140,2
655,454,3
922,204,3
200,401,2
416,257,3
916,24,2
343,157,4
666,208,3
690,69,5
862,495,4
18,923,5
435,15,3
624,278,4
826,313,5
896,849,2
13,843,5
484,50,5
630,640,1
437,124,5
577,452,3
62,209,4
848,679,3
327,497,4
505,203,4
846,494,5
242,294,4
343,403,4
332,54,4
727,96,4
454,732,4
796,33,3
495,581,5
832,264,3
522,173,4
704,14,3
276,475,5
10,32,4
797,340,2
322,48,4
506,873,4
728,124,3
682,1232,2
193,1406,4
154,174,5
311,417,3
361,319,5
269,1103,5
296,125,5
698,177,1
291,70,4
937,124,4
378,69,3
600,779,2
144,288,2
404,328,4
883,553,4
181,279,1
774,52,3
639,280,3
578,678,3
532,403,4
188,554,2
941,7,4
756,63,3
405,650,1
248,121,2
527,210,4
941,475,4
450,902,4
118,559,4
56,426,4
655,1144,3
81,475,5
178,1119,4
405,170,1
936,1008,5
666,962,3
712,418,3
797,298,3
401,133,4
380,176,3
593,58,4
595,826,1
892,401,3
892,168,4
276,682,3
216,42,5
666,515,5
687,264,3
606,108,1
694,692,4
416,750,5
291,405,4
700,50,5
194,210,3
86,242,4
653,581,1
385,378,1
694,528,3
480,64,3
181,407,2
267,145,4
251,429,4
529,268,5
892,226,3
775,347,3
504,298,4
128,380,4
655,547,4
201,380,1
405,574,1
385,1456,4
74,129,3
392,191,5
506,403,4
659,1021,5
297,128,4
16,180,5
249,357,4
125,300,5
405,62,1
577,117,4
114,357,4
638,510,3
286,212,1
20,568,4
562,229,1
82,455,4
889,150,5
195,1089,4
507,257,5
889,67,2
456,793,3
551,720,2
618,54,3
624,748,3
498,558,4
200,679,4
326,503,3
21,665,3
450,1107,4
749,968,3
786,285,3
7,79,4
510,325,1
303,159,3
650,391,2
269,186,2
788,1518,3
472,756,4
161,133,2
562,323,2
385,1069,4
271,241,3
179,303,1
605,174,3
891,121,4
7,496,5
804,322,5
682,55,4
160,430,5
352,17,2
327,778,3
102,588,4
751,603,4
505,748,1
365,1137,5
59,789,4
58,1012,4
934,196,5
279,227,4
695,260,4
53,228,3
527,652,4
608,92,3
75,117,4
648,33,1
504,1421,4
749,748,3
193,288,1
83,751,3
130,161,4
177,7,4
328,157,5
784,754,3
290,167,2
13,519,5
406,769,1
790,1040,2
938,343,4
136,744,5
249,88,4
679,483,5
177,127,5
734,143,5
59,1116,3
276,1407,1
543,175,3
141,235,1
303,25,4
56,151,4
814,447,3
286,628,4
899,50,5
435,1185,1
917,740,5
176,1097,4
394,763,3
883,902,4
584,423,4
401,1289,2
896,128,4
709,825,2
826,50,5
909,509,5
763,196,4
84,411,2
18,275,5
344,26,3
671,1109,2
378,73,3
261,342,3
423,879,3
538,528,5
176,236,4
617,656,4
664,223,4
577,228,3
308,223,4
408,328,2
747,25,3
880,1446,4
616,355,4
886,237,4
650,601,3
329,100,4
924,429,4
555,147,4
475,354,2
332,252,5
840,750,4
577,121,5
607,511,5
937,297,4
632,282,4
360,735,5
727,783,3
896,143,4
889,194,5
627,188,4
517,748,4
637,1374,1
698,487,2
311,946,4
877,55,4
327,305,5
648,265,4
464,248,5
410,748,2
479,1444,1
776,760,3
454,705,3
568,301,1
151,417,3
10,420,4
228,313,5
295,451,4
618,275,3
10,519,5
840,747,4
654,1283,1
326,659,4
595,294,2
262,417,2
648,780,1
447,233,4
896,211,4
493,693,4
780,660,3
308,191,4
829,189,4
200,451,4
848,427,5
540,126,3
64,157,4
585,652,4
809,322,3
141,815,4
145,1011,5
276,1273,2
745,194,4
667,23,3
287,294,5
551,380,3
416,64,5
437,204,5
391,659,4
577,143,3
159,1258,1
62,216,4
532,679,5
178,147,4
486,264,3
651,301,3
385,367,4
377,443,4
757,265,3
22,1002,1
448,340,4
451,876,4
650,431,3
682,265,3
880,571,2
791,294,3
881,70,2
714,250,5
293,1228,1
884,510,5
666,523,4
937,19,1
621,804,4
495,505,5
82,456,1
279,150,3
125,1272,1
222,48,5
41,194,3
221,272,5
308,204,4
867,79,4
554,756,3
614,458,4
399,826,2
381,378,4
671,203,3
556,1065,4
845,242,4
397,853,4
13,182,5
214,340,3
157,289,4
556,132,5
711,269,5
64,141,4
178,15,5
416,258,5
851,597,4
699,112,3
226,98,5
429,1020,4
896,515,3
287,168,5
451,325,3
329,12,4
796,409,3
886,80,3
135,229,2
56,433,4
615,792,4
665,196,4
922,949,5
720,345,2
694,665,4
312,153,2
741,732,4
497,249,5
474,298,3
436,167,3
109,871,2
234,746,2
931,286,5
261,339,5
892,284,5
485,319,3
721,161,5
487,1446,3
551,979,4
201,518,4
940,855,5
40,259,2
452,121,5
267,515,5
87,27,4
221,204,4
592,129,5
311,739,4
255,322,2
394,928,4
562,114,1
128,1192,2
848,121,4
417,111,3
115,20,3
194,1206,1
207,161,4
497,300,3
889,562,3
643,88,2
201,1010,3
303,160,4
268,719,1
399,98,4
376,288,3
569,19,5
305,268,3
461,748,1
573,50,4
456,550,2
900,237,4
712,946,4
648,183,5
46,286,5
94,188,4
393,4,4
406,480,4
716,650,3
919,151,4
779,879,3
456,3,4
269,756,1
345,385,3
295,228,4
92,121,5
429,479,4
217,56,5
65,356,5
405,174,5
245,133,2
297,272,5
159,1023,2
64,184,4
501,294,3
156,11,2
709,68,5
505,300,4
389,427,5
666,284,3
307,1022,4
100,347,4
13,566,5
7,498,5
203,294,2
161,286,2
774,577,2
697,301,5
244,40,2
552,286,4
606,969,5
489,313,4
87,303,3
44,194,5
339,94,2
454,605,2
308,602,4
157,269,4
551,756,1
564,323,3
509,705,4
72,135,4
59,186,5
727,186,5
256,761,4
125,79,5
323,172,5
16,661,4
271,713,4
279,89,4
798,932,4
637,595,3
312,855,5
622,501,3
804,1074,1
346,54,4
843,452,2
545,751,3
771,588,5
314,65,4
12,328,4
399,1274,1
748,300,4
347,693,5
373,290,5
862,201,3
848,1065,2
185,127,5
343,708,4
286,805,3
717,150,4
224,92,1
409,154,5
776,510,5
800,300,4
551,411,1
839,455,4
600,229,3
26,1012,4
886,5,3
588,625,3
887,385,4
608,606,5
889,755,3
267,210,4
160,161,3
886,95,5
587,895,4
747,133,5
70,83,4
815,944,3
431,328,4
550,301,2
178,255,4
233,499,3
409,461,3
7,448,3
311,58,3
749,845,3
688,749,5
297,174,5
592,408,5
92,28,3
718,240,1
405,522,1
92,685,3
175,111,4
805,196,2
343,371,2
705,233,3
174,215,5
293,414,4
472,29,5
459,989,5
483,900,3
216,357,4
363,230,2
940,683,3
942,79,5
707,778,3
731,603,5
21,800,1
747,88,2
765,127,5
222,1074,3
406,9,5
286,73,5
621,1028,4
886,47,4
749,554,3
422,1,3
379,576,4
650,230,4
607,382,3
847,1204,3
847,732,4
624,288,4
783,872,4
374,872,5
780,318,5
900,834,1
774,88,1
108,405,3
552,619,3
534,717,5
921,720,4
60,205,4
846,542,3
438,286,2
326,511,4
249,168,4
278,301,2
882,95,4
343,473,3
343,429,4
193,73,3
90,905,4
200,228,5
493,1088,2
146,1293,5
786,211,4
91,423,5
27,925,3
164,291,5
858,181,2
222,258,5
870,520,5
551,684,5
328,708,2
486,1094,2
235,1,4
639,863,4
94,1012,4
311,679,4
118,288,5
374,1028,1
856,315,5
691,98,4
130,1215,2
2,50,5
177,243,1
271,224,4
599,872,2
444,300,4
454,1003,2
328,723,3
458,530,4
60,208,5
880,369,1
276,1482,4
70,751,4
280,288,5
324,288,5
280,928,5
160,969,1
393,258,4
378,22,5
814,441,2
833,56,4
567,252,1
919,260,4
212,511,4
7,177,4
804,358,3
805,118,3
659,185,4
848,151,4
868,101,4
62,723,2
653,575,1
674,866,5
893,246,3
880,746,4
84,203,3
934,70,4
511,294,4
893,237,4
393,480,4
521,746,4
250,324,2
880,423,5
223,423,3
260,538,1
293,165,3
309,326,5
64,160,4
158,190,5
872,820,3
764,411,3
820,315,3
542,866,2
911,923,4
717,282,5
107,258,4
766,484,4
937,255,3
401,257,2
682,775,1
908,603,4
883,1171,5
535,614,5
734,210,3
931,50,3
276,240,4
496,419,2
823,274,4
541,259,1
234,234,4
667,283,4
326,282,2
297,204,3
738,550,3
383,513,5
495,575,3
686,28,4
378,1221,3
125,728,3
89,83,4
185,111,4
541,90,4
249,919,5
561,584,3
834,276,5
495,229,3
609,750,4
638,210,4
158,293,4
342,165,3
158,221,2
387,83,4
875,64,5
392,873,3
232,900,5
313,100,5
592,8,5
389,367,4
455,170,3
624,301,3
311,12,4
321,507,3
552,1620,3
291,1303,3
49,640,1
539,202,5
260,350,4
279,382,4
407,402,2
542,367,4
622,553,3
393,1016,5
904,402,4
313,88,2
405,592,1
119,70,3
932,385,2
466,226,4
771,134,4
318,210,4
622,153,4
118,7,5
223,1,4
341,895,4
643,28,4
84,1047,2
346,391,2
437,23,4
271,283,4
324,258,4
764,591,3
59,953,5
11,350,4
889,427,4
476,94,2
246,121,4
312,526,5
868,556,3
806,1071,4
109,121,5
7,53,5
135,475,4
690,585,2
7,23,3
493,410,4
193,368,1
7,573,5
334,505,4
484,24,1
279,265,5
280,313,3
267,647,5
916,978,1
715,82,4
731,1269,3
30,82,4
392,510,4
87,230,5
447,201,2
17,222,3
355,689,4
738,226,3
164,405,5
500,509,4
13,861,3
152,8,5
304,294,4
190,544,4
686,430,4
333,180,1
537,678,1
59,644,4
345,200,4
542,732,3
15,620,4
655,880,2
545,208,3
291,592,3
178,491,4
555,271,3
201,640,4
236,659,3
269,132,5
70,820,1
734,605,4
239,652,5
747,525,5
851,174,5
608,207,5
301,160,2
450,416,5
454,234,3
934,226,4
322,196,4
276,453,1
429,8,3
682,746,3
267,380,2
645,181,4
745,276,1
295,1135,4
270,83,4
916,30,4
705,183,2
123,427,3
59,659,3
618,276,3
271,347,3
665,125,4
311,431,4
3,349,3
887,1028,5
87,1180,3
788,205,4
903,582,3
6,274,4
776,437,1
305,971,4
886,50,5
805,95,3
393,310,4
738,144,5
327,173,4
145,302,4
92,72,3
454,71,3
102,751,3
297,514,3
773,547,4
786,133,5
316,286,5
7,600,4
339,257,4
405,1412,1
561,952,3
119,196,5
254,82,4
570,286,4
254,22,4
682,328,3
194,72,3
708,15,3
753,242,4
190,539,2
44,209,5
184,318,5
488,28,4
389,194,4
887,180,4
197,286,1
749,161,3
573,276,3
659,164,4
301,410,4
716,153,4
46,100,4
621,4,4
659,143,5
855,638,4
488,880,3
716,64,5
234,1460,3
62,273,4
747,390,4
608,144,4
775,245,3
130,542,3
286,1140,3
697,1012,1
640,338,5
334,135,4
393,922,4
748,271,3
58,193,3
181,25,5
870,9,5
497,402,4
747,1021,5
671,17,4
184,950,4
517,333,3
730,327,2
666,195,3
545,117,4
870,1451,3
845,909,4
562,191,5
655,889,3
391,187,4
373,488,3
749,162,3
108,21,3
74,690,4
407,656,4
195,127,5
655,980,2
234,1101,3
344,272,5
745,169,4
933,222,1
835,504,5
372,322,3
851,48,4
527,179,3
379,208,4
500,740,3
374,135,4
729,751,3
491,696,3
149,689,2
683,294,3
128,499,5
718,15,5
307,655,4
263,28,3
268,475,4
932,527,4
854,484,3
919,895,4
682,1089,2
433,474,3
409,498,4
222,939,3
901,204,5
62,144,3
348,240,3
325,474,5
394,508,4
622,199,5
139,296,4
476,792,4
665,471,3
677,1011,3
577,531,4
921,252,4
622,797,2
518,1,4
671,578,3
603,228,3
551,1304,1
449,14,3
194,23,4
376,181,4
263,443,5
154,135,5
492,212,3
654,288,3
790,1282,5
655,1053,1
235,435,5
679,484,4
43,238,2
435,465,2
267,810,3
271,215,4
889,64,5
543,397,3
407,844,2
286,792,3
316,100,4
359,295,3
878,418,3
877,173,4
393,109,3
59,25,4
177,1218,4
743,292,3
863,315,5
633,939,4
6,9,4
336,619,3
471,878,4
89,275,5
880,976,2
721,153,4
374,789,4
642,565,4
292,602,4
268,1222,2
7,27,4
582,477,4
280,670,2
389,583,2
116,301,3
345,639,4
655,543,3
627,576,3
365,948,1
322,33,4
62,135,4
201,144,4
459,286,4
343,1039,5
630,298,5
456,86,2
435,1109,3
234,16,2
549,237,4
62,285,4
188,199,4
753,653,4
263,132,5
222,318,5
922,274,3
662,10,4
600,583,3
176,1012,4
328,185,4
437,702,1
932,436,3
286,1230,1
757,257,4
682,179,4
546,322,4
711,425,4
262,204,3
47,288,2
397,615,5
91,192,4
586,1207,2
299,58,3
592,235,3
825,1163,3
188,717,4
622,229,2
601,864,1
207,986,3
532,1428,4
851,123,4
870,385,3
184,596,4
941,1,5
535,921,4
364,286,5
109,11,4
699,370,3
846,549,4
447,98,4
195,451,5
417,373,3
862,405,2
311,366,5
13,683,1
42,403,3
897,736,3
659,479,5
918,131,3
184,259,3
145,688,4
719,293,3
923,151,4
846,392,2
480,169,5
848,520,5
487,161,5
42,71,4
396,840,3
201,578,2
490,596,1
561,1149,4
682,660,2
514,210,5
886,819,4
533,300,4
402,591,4
436,1263,3
504,183,3
535,186,4
671,864,3
498,693,3
666,236,4
49,312,3
321,134,3
714,100,1
866,313,1
138,435,5
604,5,2
381,403,3
275,946,3
506,693,4
234,602,4
455,402,4
774,401,2
307,22,3
833,218,4
428,286,3
299,129,4
62,232,3
316,716,5
435,943,3
534,455,5
848,65,2
399,591,3
450,228,4
749,802,3
177,693,4
889,180,4
847,176,3
807,252,4
313,79,5
659,636,3
128,742,3
845,308,4
456,135,4
194,8,3
747,196,2
109,265,5
151,164,5
153,174,1
216,204,4
71,6,3
586,411,2
334,955,1
561,518,4
95,448,3
664,663,4
198,403,4
82,216,4
395,338,4
310,274,3
16,294,4
262,22,4
312,713,5
267,168,4
161,435,2
566,508,4
747,997,3
474,178,4
671,1215,3
453,3,4
782,295,2
158,226,3
844,82,3
688,879,5
643,505,4
660,358,2
301,1074,2
638,172,4
588,315,4
251,258,3
293,217,3
800,257,4
113,322,3
194,376,2
897,633,5
919,531,3
385,143,3
413,270,4
307,1,5
22,1003,1
543,550,2
313,1050,4
771,82,2
527,628,3
461,258,4
10,418,4
618,9,3
216,9,4
345,481,3
717,628,5
5,102,3
429,1443,2
184,170,5
457,154,5
804,380,4
871,947,2
918,143,4
393,273,3
453,73,4
251,742,5
307,395,3
227,293,5
6,151,3
825,566,5
627,187,5
465,194,4
145,31,5
342,23,5
69,258,4
821,79,5
329,245,3
378,381,4
174,340,5
551,509,4
437,955,4
601,58,1
643,67,4
13,558,1
561,241,2
766,654,4
864,715,4
168,273,4
883,770,4
405,177,1
60,69,4
638,211,4
62,455,3
7,77,5
721,680,3
642,932,5
633,97,3
429,137,5
645,87,4
913,82,3
215,208,4
733,146,3
110,54,4
864,386,3
593,470,2
484,930,3
588,313,5
311,491,4
528,484,3
429,504,3
825,363,4
886,68,3
188,928,3
846,493,5
7,510,5
795,97,2
181,337,1
31,519,4
662,93,5
553,519,5
194,483,4
764,531,5
890,183,3
666,197,4
466,128,2
489,879,5
95,560,1
833,100,4
455,87,3
735,756,2
379,172,4
268,456,2
864,708,3
389,1444,3
174,381,5
479,509,4
389,847,4
222,527,4
92,501,2
663,597,3
747,653,5
589,690,4
157,405,3
436,1248,3
262,546,2
854,135,4
392,1226,4
651,268,2
253,433,3
164,845,3
766,429,4
198,276,3
505,471,4
413,301,3
85,435,4
13,663,5
561,273,5
151,195,3
268,727,2
827,750,3
663,318,4
727,447,3
716,949,3
382,507,4
119,323,4
532,495,4
916,523,3
501,369,4
95,627,4
622,1079,2
151,529,5
716,423,4
474,56,5
504,67,2
121,411,1
194,657,4
451,1392,1
201,23,4
416,348,3
399,919,2
354,191,4
894,462,4
648,456,2
8,511,5
145,77,3
758,715,4
504,660,4
633,328,4
889,470,4
345,121,3
344,285,5
292,423,5
197,550,3
401,473,1
610,331,3
15,300,4
20,274,4
378,961,3
389,531,4
164,307,5
844,300,3
328,423,4
472,418,3
650,373,1
774,97,2
690,431,2
600,233,2
457,1119,4
566,705,4
710,268,4
868,210,5
387,173,4
610,50,4
757,576,3
429,692,3
758,506,3
661,427,4
916,51,2
588,423,3
881,22,5
709,413,2
100,892,2
468,98,5
370,443,5
70,185,4
707,716,2
609,304,5
943,475,5
850,705,5
299,641,4
790,664,3
709,860,3
548,525,5
244,673,3
603,183,4
798,785,3
796,1228,4
194,4,4
178,55,4
151,393,2
500,100,4
633,405,4
906,124,4
500,827,2
334,74,2
496,652,5
622,845,3
362,1025,2
521,300,3
321,651,3
567,340,3
276,47,4
256,783,4
727,65,2
527,91,2
468,283,4
917,751,2
766,386,3
739,132,4
417,326,4
812,748,5
738,203,3
59,675,5
119,210,5
838,153,4
416,310,5
518,14,3
624,127,4
295,4,4
773,64,4
899,234,4
588,222,3
307,265,3
181,1379,1
383,9,5
13,382,1
484,239,4
586,160,4
832,895,2
495,133,3
467,248,3
506,525,4
378,230,3
850,519,4
99,310,3
561,229,3
868,24,2
94,260,2
764,117,5
840,165,5
272,357,5
184,155,3
690,218,5
346,365,1
158,502,4
876,19,5
653,144,3
786,237,5
537,50,4
495,447,4
339,640,5
22,187,5
336,405,3
42,423,5
109,715,2
86,1176,5
880,348,4
747,168,4
22,117,4
328,333,3
269,423,4
889,603,4
360,64,5
472,400,5
345,87,5
580,250,5
395,313,3
178,746,3
204,315,4
524,705,3
887,455,5
488,223,4
171,304,3
83,576,4
686,205,5
663,235,2
682,274,4
122,197,5
254,102,3
322,303,3
732,937,4
350,187,5
807,79,5
828,70,3
121,197,4
487,196,5
600,554,4
772,332,4
805,678,4
417,123,2
110,947,3
326,176,2
16,178,5
278,294,4
859,1014,4
268,1314,2
343,65,5
374,1215,1
38,383,2
806,258,3
339,639,4
90,8,5
540,1011,4
194,87,4
320,145,4
222,1336,2
447,100,5
872,476,4
26,930,2
94,646,5
654,111,4
614,147,5
189,214,1
453,158,2
305,582,4
692,866,4
791,322,4
308,319,4
497,951,2
5,429,3
399,742,4
201,303,2
659,176,4
250,948,3
655,512,3
325,143,1
450,180,4
771,258,5
618,64,4
796,97,3
188,474,4
138,742,4
558,275,4
223,289,1
181,690,3
68,118,2
222,92,3
416,304,5
731,15,4
854,333,3
724,879,1
416,843,3
606,238,4
508,655,4
586,27,3
303,367,4
10,164,4
10,606,5
630,181,3
6,511,5
401,13,2
340,405,5
699,234,3
673,321,3
579,82,3
746,174,5
597,294,4
900,654,2
867,22,5
942,705,4
864,597,4
566,403,3
279,1028,4
345,14,4
648,527,4
311,15,5
502,258,2
290,118,4
144,284,3
313,125,3
30,531,5
432,315,5
474,431,4
235,82,2
617,1021,4
686,172,4
225,143,2
902,989,2
130,44,4
11,729,4
313,94,3
35,333,4
112,289,5
207,722,3
527,634,5
484,449,4
542,746,4
405,920,1
332,302,5
894,271,2
210,451,3
218,591,3
924,288,3
43,553,4
456,60,4
237,169,5
655,171,2
805,729,3
815,167,2
294,148,3
106,28,4
130,743,2
639,488,4
655,1635,3
16,591,4
853,259,3
474,492,4
472,569,4
87,477,3
863,887,3
405,33,1
622,833,4
846,491,3
883,496,2
405,775,1
167,831,3
130,123,4
899,237,4
476,648,4
644,127,4
387,11,3
472,313,5
844,154,3
820,302,5
821,483,5
1,69,3
8,258,5
255,323,2
398,125,3
936,1097,5
399,1396,4
880,237,4
163,300,3
700,181,5
782,332,4
724,266,1
804,951,3
693,636,1
743,311,5
621,176,3
806,461,4
298,194,5
303,246,5
664,627,1
466,349,2
695,333,2
84,121,4
209,249,2
201,56,5
833,191,4
943,672,5
115,121,3
660,7,3
104,249,3
487,70,3
104,1017,1
208,70,3
655,356,3
312,640,2
456,1134,4
719,300,2
677,988,4
311,234,4
653,423,2
159,358,1
537,485,3
487,257,4
851,248,4
389,732,4
259,475,5
416,29,2
198,214,4
104,333,2
843,402,2
51,50,5
673,258,2
506,175,5
96,525,2
847,609,2
577,732,4
507,754,5
213,475,4
200,934,2
699,1060,3
87,401,2
450,211,5
500,31,4
378,289,5
374,284,1
474,4,5
1,257,4
696,307,5
128,417,4
249,741,4
717,148,3
661,48,4
613,89,5
325,182,3
526,50,5
621,62,4
192,118,2
72,58,4
109,809,4
796,511,4
936,116,4
324,328,4
11,229,4
330,739,5
287,276,4
89,222,5
265,117,5
294,1047,3
615,632,5
449,748,2
922,418,4
476,765,4
823,33,3
634,292,3
82,50,5
727,204,3
394,218,4
70,96,4
381,151,5
816,326,4
198,27,2
374,713,1
109,849,2
889,1072,3
532,1016,4
108,255,2
555,248,4
60,77,4
291,1244,4
608,479,5
892,15,4
334,29,2
435,71,3
790,570,2
429,176,3
690,739,3
293,38,1
592,135,5
505,378,5
844,471,3
899,193,3
833,434,3
137,748,4
318,941,4
894,534,4
222,597,1
882,473,3
200,183,5
38,418,5
788,318,5
601,419,4
717,299,4
130,281,4
903,820,4
92,157,4
676,751,4
405,453,3
664,153,4
193,715,3
193,362,3
199,242,5
932,494,4
653,208,3
815,392,4
887,1051,4
762,815,1
16,237,5
763,11,4
883,785,3
5,431,3
246,232,3
621,748,4
846,50,5
343,930,1
299,588,4
642,420,4
897,455,3
671,54,3
727,635,2
365,895,4
620,596,2
709,155,2
610,508,3
177,260,2
416,930,3
641,285,5
256,185,5
683,269,3
24,1007,5
334,79,4
537,644,5
919,527,4
52,275,4
477,794,4
470,137,3
425,230,4
484,202,5
926,262,3
622,80,3
102,1025,2
399,975,2
104,1010,1
269,268,5
249,273,4
339,11,4
887,931,3
48,172,5
807,1034,5
575,194,4
476,781,4
758,170,5
622,28,3
863,990,1
804,755,3
291,282,4
507,898,5
399,541,3
244,255,2
118,217,3
244,135,4
659,319,3
468,126,3
56,636,4
821,15,5
835,272,4
376,275,5
935,864,5
741,70,4
394,73,3
577,739,3
362,350,5
484,95,4
457,190,5
650,290,2
486,825,2
7,604,3
666,147,3
292,331,5
128,605,3
871,190,2
592,148,2
90,220,4
921,1047,1
429,65,3
179,269,3
600,578,2
276,324,4
884,9,5
457,53,4
6,506,4
542,109,4
508,73,3
256,202,3
305,1512,3
248,294,3
250,181,4
842,268,5
815,660,4
653,357,4
193,347,4
60,660,4
669,324,3
836,165,4
537,519,3
501,150,5
501,840,4
404,739,4
448,304,3
151,966,4
97,28,5
174,98,5
207,875,2
477,20,4
346,358,4
536,498,5
59,227,3
26,129,4
840,737,4
130,1142,4
240,349,1
334,81,4
620,100,1
239,529,5
151,1203,5
21,298,5
773,710,3
59,79,5
663,1161,3
630,929,4
398,162,5
396,282,4
553,1021,2
80,531,4
125,482,1
385,133,1
943,69,5
683,258,3
323,249,3
130,731,3
655,684,3
862,520,4
342,461,3
524,950,4
316,132,4
413,286,5
779,222,4
654,98,5
457,243,2
230,56,3
795,210,4
255,249,5
184,71,4
13,901,1
59,30,5
136,100,5
458,8,4
279,625,3
299,538,3
270,53,4
847,172,4
566,202,4
405,1311,1
458,1335,1
835,135,5
780,275,4
575,182,3
830,925,4
422,551,2
569,121,3
807,271,3
44,153,4
21,408,5
251,64,5
6,463,4
575,294,1
106,285,4
719,79,4
417,50,3
630,975,4
10,694,5
194,651,3
896,576,2
401,632,4
13,222,3
407,715,4
200,673,5
92,673,4
336,117,3
605,180,4
500,559,4
399,582,3
826,779,3
940,751,3
387,193,5
28,479,4
590,221,4
543,71,4
913,151,4
405,730,1
633,159,4
899,403,3
398,72,3
846,133,4
380,12,5
244,111,4
175,136,4
498,483,3
417,181,3
94,180,5
6,464,2
508,79,2
307,50,5
21,975,3
838,87,4
58,240,4
643,194,4
868,367,2
694,617,4
509,343,3
710,179,4
221,288,3
18,427,5
282,271,3
232,515,2
256,100,4
582,932,2
880,95,3
498,337,4
757,229,3
83,477,2
194,470,3
699,456,1
343,496,5
466,27,3
862,521,5
435,412,3
913,318,4
234,428,4
797,948,1
406,148,3
932,162,4
213,194,4
665,239,3
288,632,4
234,653,3
361,739,4
405,785,1
1,221,5
927,121,5
182,596,5
580,252,5
417,404,3
567,511,2
733,676,4
87,4,5
307,164,4
488,724,3
274,405,4
853,292,4
320,184,5
883,238,4
870,988,2
632,201,4
429,640,3
305,431,4
42,131,2
224,191,4
860,339,3
682,358,3
878,640,1
592,1014,4
109,826,3
298,252,4
872,294,3
192,813,4
144,89,3
28,223,5
299,98,4
721,402,4
184,238,4
922,235,2
456,739,3
774,548,1
902,271,2
877,463,4
399,450,2
294,255,3
561,3,3
351,879,5
291,448,5
234,1451,3
337,520,5
291,974,1
224,570,4
880,1224,3
909,14,4
203,458,3
145,106,4
303,705,5
291,1253,3
232,747,3
882,235,3
805,185,5
437,83,4
489,680,5
194,26,3
487,471,3
453,288,4
270,714,4
724,288,4
381,640,5
130,393,5
18,965,4
815,95,3
481,650,3
65,197,5
686,425,5
693,143,4
116,690,3
222,1291,2
207,526,4
843,174,4
447,294,4
749,705,4
305,462,5
201,93,5
496,651,2
311,939,2
224,29,3
708,25,3
458,736,4
712,230,3
642,218,3
445,147,2
435,29,3
548,322,4
834,292,5
314,623,5
852,825,3
923,248,4
783,307,5
312,1124,4
590,19,5
75,473,3
320,147,4
795,405,1
87,201,2
509,271,4
537,417,2
397,474,5
362,288,4
545,732,4
663,919,3
649,1244,3
450,795,3
109,944,3
788,520,4
900,288,2
543,96,4
436,986,3
234,699,3
708,412,1
755,245,4
892,159,4
1,3,4
222,140,1
283,71,4
141,225,3
527,357,5
830,194,4
450,792,4
87,728,4
90,367,4
882,568,5
269,654,4
249,302,4
327,269,3
847,1400,5
880,54,3
615,72,2
524,275,3
572,284,3
739,69,5
763,527,3
276,1145,2
766,662,3
429,1119,3
258,328,3
653,451,2
122,215,4
561,318,3
393,585,2
622,1408,1
796,211,3
663,357,5
43,235,3
597,1,3
802,176,5
786,419,4
938,717,2
416,761,4
395,1060,2
650,661,3
487,746,4
342,160,3
551,62,5
897,238,4
524,478,3
664,1109,4
781,56,3
639,382,2
644,125,4
486,766,4
674,1197,3
331,302,5
184,79,3
339,302,4
491,284,3
554,770,1
13,893,3
801,259,3
894,272,4
831,31,4
313,843,3
889,739,3
401,499,3
336,238,3
682,999,2
756,99,3
499,56,4
13,463,5
342,975,2
601,318,4
628,294,4
177,47,3
345,708,3
927,94,2
757,809,4
369,114,5
181,1084,2
298,652,3
674,292,4
201,773,4
428,300,5
666,213,4
313,232,3
651,292,2
712,210,5
305,216,5
763,87,2
777,286,2
496,17,3
942,234,4
782,315,4
632,91,3
24,173,5
90,652,4
601,163,4
13,145,2
189,639,4
234,125,3
585,212,5
197,566,4
177,470,5
325,432,5
510,322,3
263,125,4
554,866,3
796,608,3
456,273,3
655,831,2
630,742,5
932,1204,5
62,286,3
263,127,4
389,383,2
293,416,4
521,56,4
82,435,5
511,887,5
401,451,2
178,28,5
456,1267,4
460,276,5
151,491,4
674,1,4
939,409,4
806,95,5
577,65,5
787,306,3
233,276,5
875,512,5
136,19,4
144,326,4
130,300,5
886,1048,4
611,340,5
606,88,4
524,1065,1
727,178,4
174,1035,4
746,423,3
655,1466,3
733,922,3
500,640,4
417,692,4
650,1119,3
95,73,4
798,14,2
267,217,4
90,648,4
561,506,3
393,527,3
92,433,5
872,928,2
406,193,4
772,312,4
379,227,4
73,82,2
123,23,4
721,729,3
143,1038,3
712,421,4
826,226,4
504,942,4
774,232,2
85,50,5
54,748,5
716,70,4
533,216,4
659,1267,3
387,1008,4
479,475,1
698,607,2
343,475,5
279,418,3
429,193,4
553,481,3
711,403,4
941,124,5
894,16,3
693,504,5
735,764,3
621,890,1
62,1009,4
83,22,5
543,582,3
607,211,5
795,151,3
370,659,4
24,402,4
504,1037,1
338,189,4
428,343,2
301,380,4
426,429,5
73,183,4
60,423,4
479,752,3
813,243,3
148,7,5
676,993,5
239,340,5
766,99,3
457,775,3
623,523,4
399,1480,3
332,651,5
505,176,4
776,191,5
349,412,1
838,1115,4
518,591,3
195,59,3
301,771,2
268,325,3
532,302,5
894,286,5
328,620,3
848,216,5
868,232,1
405,714,1
454,1299,2
546,219,5
305,317,4
527,28,3
406,196,2
2,300,4
479,498,5
738,91,4
303,615,4
495,181,5
614,235,5
129,307,2
332,742,5
387,1134,1
41,238,5
639,137,3
1,196,5
878,165,4
405,22,5
426,493,4
867,51,3
75,1017,5
383,182,5
437,709,5
360,306,4
271,198,4
934,89,5
932,134,4
265,15,3
370,607,5
533,258,4
94,823,3
624,690,4
28,646,4
416,282,5
764,756,3
943,406,3
450,252,3
397,358,2
733,129,2
389,605,5
119,137,5
26,315,3
51,210,4
61,301,1
151,174,5
354,631,4
454,463,2
130,56,5
903,81,5
871,182,5
560,181,4
835,200,4
445,845,2
866,300,1
151,238,5
59,488,3
54,295,3
267,654,5
919,64,5
543,562,2
176,874,4
184,182,4
451,259,4
287,100,5
152,596,2
221,4,3
907,1221,5
542,401,3
57,222,5
62,1118,3
1,78,1
727,1028,2
878,650,2
552,934,3
707,517,3
456,232,2
484,89,4
7,56,5
393,652,3
49,313,3
654,210,5
659,135,3
540,13,4
868,317,5
790,550,4
299,480,4
291,555,1
716,648,4
712,465,4
63,106,2
177,878,1
804,198,5
116,303,3
405,780,3
482,257,4
387,13,4
385,512,5
279,826,4
224,43,3
916,919,5
114,176,5
942,97,5
538,273,3
618,159,3
181,278,2
388,219,5
135,12,4
149,305,4
933,187,4
186,298,3
943,28,4
457,145,3
851,17,5
91,135,4
749,230,3
165,202,4
880,31,4
437,716,5
269,56,5
177,187,4
49,695,3
399,402,3
847,288,4
110,751,3
167,381,5
878,126,3
506,193,4
761,283,4
591,306,5
301,144,4
372,44,4
864,561,4
449,293,4
879,237,4
826,624,4
932,841,2
844,195,3
653,571,1
89,451,3
643,55,4
123,480,3
639,166,3
14,98,3
145,237,5
704,187,4
717,125,4
305,245,1
496,206,4
301,218,4
751,238,3
527,124,4
26,1011,3
764,252,3
345,143,5
246,441,3
610,95,2
393,778,3
798,949,3
249,135,5
795,167,3
90,59,5
196,238,4
878,530,5
934,474,4
721,324,3
274,200,4
201,366,2
269,180,3
375,44,3
275,95,3
864,95,5
713,690,1
374,423,3
387,414,4
337,127,3
320,172,4
429,177,4
321,221,5
417,62,3
379,575,2
94,1,4
449,286,4
632,276,2
892,87,5
705,862,1
243,285,5
894,639,5
363,164,2
650,200,4
553,190,5
747,1204,4
230,214,4
152,699,5
855,512,4
62,475,4
174,88,5
243,26,3
92,1216,4
542,41,4
106,526,4
265,1,5
650,625,3
787,286,3
831,603,5
839,111,4
483,144,2
280,975,4
471,501,3
533,148,3
854,270,4
848,606,4
796,248,3
62,250,5
749,223,4
132,12,4
255,682,5
798,671,2
297,455,4
25,151,4
505,724,4
194,708,3
911,485,3
452,1410,1
655,117,2
354,480,4
619,328,1
184,515,5
492,153,4
328,657,4
525,293,3
742,222,2
50,508,5
716,505,4
401,342,1
771,88,4
796,769,4
72,553,5
263,163,5
924,273,3
570,324,2
291,366,3
311,526,5
937,293,4
407,50,4
815,136,5
798,768,4
13,655,5
848,566,4
826,566,3
88,321,1
224,69,4
457,58,4
230,69,4
373,480,3
741,313,4
56,1,4
695,286,3
354,607,3
161,898,3
524,559,3
850,96,4
666,216,3
494,322,2
881,136,4
499,514,5
940,204,4
553,506,4
870,42,2
276,383,2
847,496,4
498,269,4
303,1037,3
908,204,4
934,303,4
490,741,4
923,827,3
429,81,3
846,768,4
87,849,5
151,929,3
561,497,4
535,47,5
181,1202,1
23,183,3
476,239,4
933,227,1
13,82,2
486,741,3
44,633,3
853,326,2
504,526,3
592,87,4
602,358,4
10,482,4
401,866,3
263,886,2
533,474,3
797,294,3
210,419,4
505,121,4
838,187,3
897,742,3
504,505,4
102,248,3
349,288,3
450,121,3
765,242,5
178,56,4
295,395,4
566,1193,5
217,68,3
326,944,2
470,273,3
242,111,4
394,172,4
804,1178,3
622,240,3
601,928,1
38,940,1
305,117,2
57,56,3
234,317,2
541,142,5
214,117,4
943,765,3
394,208,5
200,393,4
509,603,4
110,376,2
501,1278,3
154,289,2
790,748,1
663,176,5
669,194,3
344,928,2
616,678,2
417,396,2
795,203,3
104,332,2
315,183,3
601,82,1
287,748,4
561,11,4
593,278,3
313,180,5
301,219,4
214,582,3
885,419,4
42,926,3
497,746,5
125,801,3
53,100,5
646,354,3
394,1033,3
225,1203,5
13,659,3
506,208,4
727,222,3
59,228,4
536,549,3
504,1136,5
707,708,3
291,823,3
168,1012,5
843,71,2
288,289,3
145,728,2
151,488,4
891,118,4
823,134,5
267,3,4
181,870,2
295,1473,4
532,241,5
501,678,3
113,508,4
538,237,4
426,1451,4
859,257,2
87,174,5
151,1017,2
701,292,4
253,685,2
79,313,2
534,274,3
887,56,5
328,559,3
535,277,5
435,1039,4
251,248,4
188,742,5
217,550,1
221,399,3
183,1090,2
131,126,4
507,750,5
200,402,4
406,624,5
497,31,3
788,736,3
586,761,3
913,741,4
308,656,3
788,176,5
942,689,3
541,234,5
48,480,4
654,638,4
601,1615,4
59,193,4
97,89,5
653,83,5
568,530,3
192,284,5
934,675,4
774,1118,3
199,475,5
158,729,3
201,129,4
250,340,4
782,1302,3
94,685,4
848,88,4
766,385,3
26,181,4
314,946,5
248,180,3
500,59,4
469,582,5
922,217,3
405,955,1
429,569,2
758,305,4
248,55,4
712,560,3
496,158,2
405,392,5
790,237,4
848,638,5
263,271,1
759,298,4
250,357,4
346,168,4
473,475,5
533,405,3
896,222,4
593,732,3
71,346,4
235,65,2
881,99,3
394,627,5
745,646,4
679,531,4
665,472,3
807,118,4
554,77,4
861,213,5
28,480,5
347,1011,3
917,473,3
757,168,4
291,82,4
357,10,5
880,172,5
79,285,5
712,172,5
442,859,3
303,124,4
318,265,4
757,38,3
378,367,3
474,1016,3
796,934,3
450,482,5
796,281,4
543,102,4
577,87,5
87,692,5
123,962,3
592,297,5
861,10,3
805,1149,4
429,1010,3
806,475,4
790,584,4
363,312,3
363,161,4
370,322,3
639,651,4
758,195,5
474,213,4
850,71,5
737,180,4
270,265,4
234,484,5
346,541,3
682,708,3
804,1028,3
276,693,4
194,235,2
535,792,4
417,1215,2
472,685,3
95,707,3
141,407,2
860,269,2
417,157,4
648,781,4
721,179,5
238,815,2
222,4,3
47,1022,3
7,620,4
661,222,3
334,708,4
82,1063,3
152,568,5
145,270,5
548,271,3
177,333,4
328,265,5
508,214,3
447,597,3
621,769,3
22,502,4
760,204,4
711,559,3
347,1088,1
597,678,1
276,678,3
846,388,3
15,459,5
846,196,4
739,465,1
279,489,2
617,320,5
716,203,4
423,340,4
99,121,3
313,748,3
363,597,4
18,724,4
533,527,4
504,735,5
749,214,3
497,441,2
59,435,5
276,56,5
661,64,4
560,255,4
689,298,4
121,472,3
434,833,4
654,1035,4
450,1020,4
488,269,3
899,934,3
181,764,1
295,357,4
618,403,4
669,132,4
398,385,3
543,636,3
13,450,3
145,1040,1
429,1222,3
308,109,3
144,14,4
130,330,4
729,294,2
387,12,5
521,28,3
119,717,3
882,290,4
938,151,4
363,9,3
837,222,3
339,157,4
577,941,4
10,175,3
58,123,4
690,284,4
907,483,4
886,127,4
393,696,4
806,181,2
881,204,4
354,57,5
201,150,4
464,258,5
246,932,1
717,25,5
705,403,4
223,819,3
234,686,3
539,531,4
854,522,2
703,118,5
374,544,1
354,70,3
642,779,3
423,329,3
268,391,3
871,662,3
802,286,2
807,132,4
248,589,4
488,56,4
94,1028,2
552,14,4
250,678,2
222,895,4
151,328,3
536,283,3
184,287,4
450,781,4
299,94,1
500,665,3
673,79,5
6,310,2
655,178,4
442,39,3
23,250,4
5,163,5
541,756,4
230,693,2
229,303,1
158,7,5
393,731,3
932,1558,5
650,449,3
386,323,4
878,19,4
560,118,3
144,1065,4
747,509,5
128,245,2
870,1118,3
193,96,1
709,215,3
581,283,2
194,467,5
503,216,5
645,243,1
354,664,5
81,186,5
407,504,3
251,132,5
584,258,4
128,143,5
624,123,3
291,285,4
854,168,4
627,288,3
254,97,5
437,170,5
826,229,4
331,47,5
907,366,5
455,40,3
428,908,4
1,22,4
610,216,4
457,949,3
840,515,5
307,427,3
468,238,3
763,960,4
311,576,3
763,210,3
655,1074,3
562,458,2
545,541,4
505,265,4
125,275,5
840,137,5
374,684,5
3,332,1
171,303,4
21,773,3
675,750,4
843,25,2
727,369,2
213,222,3
48,185,4
804,597,3
655,1395,3
892,143,2
716,197,5
90,421,4
92,228,4
871,1434,3
145,739,2
348,411,4
328,332,3
588,131,5
248,172,4
184,606,5
346,79,5
421,164,4
173,269,4
312,97,5
13,128,1
724,333,4
790,241,5
659,520,3
468,1012,4
437,203,1
497,62,4
664,770,4
465,408,5
271,963,5
828,283,3
932,165,4
755,881,1
201,282,2
840,168,5
72,220,3
385,168,3
661,165,5
639,483,5
420,100,5
798,839,4
472,95,3
345,1017,2
10,510,5
279,399,4
378,803,3
43,5,4
869,127,5
524,174,4
775,331,4
430,98,5
308,461,4
151,436,3
292,248,4
864,31,4
655,789,3
315,340,4
395,210,5
62,170,3
694,499,4
213,56,5
466,176,4
705,173,2
648,1047,2
198,248,3
201,563,1
196,286,5
753,898,4
331,81,5
330,202,5
862,96,4
176,751,1
756,8,4
308,385,4
502,307,4
271,496,5
650,659,3
269,198,4
838,487,4
450,1297,4
529,271,4
508,228,5
327,69,2
642,95,5
761,988,1
546,288,4
188,392,5
692,523,3
256,554,4
185,25,4
736,1388,5
140,303,5
215,271,4
157,298,4
478,122,2
85,163,3
380,180,2
104,130,1
412,175,4
94,1147,4
896,1622,2
378,496,3
344,433,4
846,203,5
363,569,2
764,732,3
588,161,4
222,82,4
804,157,4
746,523,3
759,281,4
679,64,4
178,385,4
2,308,3
450,393,4
699,1284,3
450,865,4
381,307,2
915,328,2
655,181,3
731,140,2
548,9,1
429,1016,4
8,187,4
109,520,5
582,597,3
396,118,4
13,878,1
863,304,3
654,169,5
504,1522,3
1,29,1
654,71,3
487,100,5
465,109,3
650,175,4
654,468,4
14,116,5
151,724,4
345,974,3
552,1047,3
655,1158,3
18,520,4
897,117,3
151,1101,4
405,1586,1
537,275,4
457,105,3
425,89,4
94,367,4
321,87,3
738,659,4
332,562,5
497,826,3
303,549,3
110,340,3
422,447,4
436,340,5
287,257,4
450,178,4
181,1011,1
663,844,2
648,434,5
373,269,5
268,56,4
417,132,4
178,625,3
649,121,2
846,1035,4
603,271,2
757,426,3
87,802,4
189,1098,4
166,258,4
199,948,1
435,1074,2
334,269,3
690,47,1
56,238,5
621,584,5
567,1022,5
727,246,4
895,301,4
190,245,4
276,462,4
374,252,3
741,403,5
719,58,3
6,15,3
639,197,3
296,948,1
296,462,4
399,231,3
708,336,2
94,181,4
429,249,4
17,221,2
487,273,5
342,175,5
212,735,4
886,129,5
591,56,4
87,111,4
804,720,3
693,382,4
757,288,4
823,654,5
256,684,5
116,343,2
815,163,4
705,69,3
457,756,2
537,806,3
102,66,3
22,265,3
380,502,1
741,31,3
748,195,4
486,1302,3
196,111,4
360,520,4
523,114,5
720,1062,5
182,283,2
393,685,3
299,597,3
816,259,2
144,900,4
568,286,3
356,316,4
891,409,4
88,326,5
711,86,5
694,176,5
534,471,5
110,69,4
227,1067,4
843,56,3
327,655,4
354,463,4
354,287,3
308,583,4
417,141,3
311,176,4
917,1,3
592,963,5
373,1078,3
365,741,2
232,425,4
524,1560,4
151,124,5
782,936,3
112,312,5
880,386,3
677,980,2
1,214,4
934,1449,5
329,248,3
25,176,4
455,64,4
684,596,3
379,636,3
655,1252,3
889,192,3
768,966,4
64,258,3
890,340,4
881,208,3
797,257,5
905,273,3
416,685,3
170,299,3
676,318,5
796,134,3
297,201,4
592,1082,3
203,477,4
217,118,4
158,744,4
286,348,4
81,147,4
168,819,4
437,183,3
537,921,3
435,628,5
943,614,5
699,479,3
125,751,5
405,1564,1
868,423,2
378,694,3
805,259,1
472,924,2
700,144,4
49,385,1
210,96,4
405,1484,1
626,948,1
753,357,4
543,15,3
889,627,2
130,1034,2
585,224,2
440,258,4
542,420,3
622,210,3
60,161,4
41,196,3
483,1,4
829,339,2
532,228,5
141,476,3
380,652,3
507,1089,5
632,1183,2
548,164,5
559,195,3
429,693,4
624,993,4
667,124,5
879,181,4
868,201,2
96,87,4
62,514,3
397,641,5
189,24,4
476,579,2
370,523,3
862,64,5
709,176,4
402,95,5
851,129,4
317,354,4
239,753,5
588,739,4
329,272,5
262,781,3
655,792,3
929,480,3
399,318,5
851,406,2
537,79,3
843,23,2
361,170,5
541,1074,1
561,430,3
249,455,4
260,990,5
425,333,3
435,431,3
438,100,4
622,367,4
690,66,3
5,435,4
64,9,4
756,222,2
416,734,3
487,628,4
301,684,3
864,143,4
287,249,5
693,509,3
495,472,5
715,231,3
49,145,1
607,222,3
686,588,4
109,588,4
397,322,1
151,52,5
918,958,3
714,1152,2
671,770,2
595,748,2
881,133,4
121,125,2
894,1560,4
13,444,4
130,326,5
7,387,3
85,921,3
478,153,3
94,692,4
442,227,3
405,964,1
62,147,3
540,293,4
293,302,4
721,527,5
429,288,3
548,532,4
311,196,5
421,915,4
157,118,2
79,301,3
178,823,2
586,72,2
244,554,3
342,846,2
538,28,3
749,48,3
419,494,3
295,412,2
904,181,3
417,65,4
268,761,1
831,331,4
406,601,3
128,591,4
450,660,4
411,527,4
669,340,4
790,1118,3
221,789,4
846,238,5
840,135,5
663,127,5
639,286,4
405,504,2
535,195,4
894,134,4
621,825,3
357,476,3
505,204,3
697,252,1
71,222,3
712,731,5
537,584,2
880,1284,4
6,497,4
588,275,3
503,306,5
201,1008,3
330,763,5
141,276,1
910,257,3
209,242,4
270,596,5
518,129,5
373,527,4
682,39,4
385,191,2
665,274,3
385,12,3
521,1013,1
788,579,3
499,663,5
593,155,5
109,223,4
877,79,4
279,1047,4
506,655,4
416,1337,1
450,1401,4
768,1061,1
14,265,3
707,486,3
627,461,3
445,831,1
30,69,5
49,108,2
392,257,5
363,223,5
346,385,5
465,423,3
234,1330,3
311,72,4
405,959,1
406,431,3
253,56,3
246,24,4
844,778,4
157,1283,2
798,133,3
435,191,4
303,203,5
876,511,5
933,53,1
756,1,4
298,864,3
151,729,4
804,1488,3
855,462,4
99,595,4
334,628,4
56,158,3
301,227,3
243,8,5
607,19,3
899,135,4
877,197,4
660,184,3
267,156,5
347,202,4
41,152,4
838,238,4
786,381,3
178,24,3
545,710,3
653,410,1
659,218,4
788,582,4
303,153,5
312,603,5
276,367,3
23,414,3
151,675,2
58,56,5
184,317,3
828,275,3
360,302,4
425,313,1
601,427,4
823,282,3
254,62,3
684,237,5
70,132,4
59,423,5
326,449,3
458,844,4
276,143,5
326,651,4
716,956,4
61,342,2
627,1044,2
94,1110,4
378,410,3
503,281,3
297,144,3
574,690,3
246,596,3
24,153,4
92,29,3
519,887,5
313,175,4
409,480,5
327,949,4
276,276,4
460,327,4
792,100,4
498,135,5
289,455,4
234,56,3
62,443,3
417,20,2
6,522,5
316,172,1
276,25,4
848,191,5
563,862,1
52,117,4
826,62,4
615,517,5
728,678,4
556,187,5
805,89,4
266,924,2
916,156,5
566,166,4
104,250,3
763,702,3
85,357,4
429,168,5
59,286,3
360,423,4
125,940,2
921,274,4
322,32,5
109,385,4
343,1132,4
18,753,4
313,650,4
534,687,5
921,932,3
588,475,2
144,533,4
642,955,3
655,1174,3
456,616,3
758,13,5
387,268,3
294,269,5
145,460,1
823,176,4
13,776,2
817,455,3
446,340,2
95,204,5
151,49,3
839,326,4
384,272,5
497,386,2
933,50,4
890,237,3
794,257,4
750,749,3
276,290,4
391,491,3
259,1135,5
505,11,4
805,229,2
739,22,5
538,238,5
890,523,4
654,336,3
774,826,2
846,134,4
479,24,3
815,210,2
146,294,1
472,758,1
236,304,4
805,145,2
846,482,5
363,208,4
314,747,1
546,379,4
537,615,3
169,482,3
378,951,3
659,49,3
486,150,3
474,430,3
233,14,4
913,346,3
346,809,3
399,148,4
303,1509,1
160,127,5
881,139,3
328,504,3
790,665,3
167,136,4
886,79,5
927,1047,4
128,111,3
934,516,3
361,286,5
833,204,1
247,1022,4
864,684,4
417,196,5
458,596,4
896,798,2
896,108,3
327,281,3
805,890,3
581,922,5
262,609,3
23,227,3
28,218,3
611,680,4
5,433,5
478,255,4
296,222,5
916,583,4
932,679,2
99,265,3
844,7,3
95,139,4
499,486,3
151,485,5
331,64,4
458,169,5
71,175,4
795,164,3
49,77,1
840,517,4
298,742,3
279,832,3
495,145,4
655,469,3
276,151,5
932,490,4
186,291,4
847,289,5
194,1112,3
810,338,4
81,405,3
458,275,5
7,418,4
682,1090,2
655,1045,3
632,132,5
116,515,4
345,479,4
87,94,4
125,41,2
716,723,4
121,318,5
650,162,3
466,55,4
381,462,4
533,597,3
538,215,5
95,393,5
588,118,3
933,241,2
316,14,4
206,242,3
782,938,3
883,134,5
561,81,2
618,693,3
95,1231,1
72,215,4
389,378,5
852,546,4
299,244,2
84,25,3
495,404,4
392,325,4
347,100,3
519,288,4
903,234,4
197,50,5
929,318,4
102,102,3
145,764,2
246,790,3
533,521,3
358,529,3
704,185,4
433,293,3
401,588,2
278,269,5
867,511,5
57,271,3
721,258,3
836,216,4
435,597,3
261,326,4
936,1226,3
196,428,4
749,143,4
13,823,5
709,427,4
405,557,1
235,192,4
111,333,4
215,288,2
329,297,4
886,232,3
913,144,5
149,874,3
798,432,4
373,31,3
530,582,4
159,117,5
314,322,4
468,4,5
869,50,4
394,418,4
833,589,5
804,932,3
452,491,4
459,235,1
889,408,3
457,584,4
664,433,3
291,1178,4
921,328,5
608,22,4
250,294,1
59,313,5
593,761,2
63,286,4
318,482,5
232,589,3
694,163,4
717,328,4
568,165,4
758,176,5
393,153,3
3,337,1
178,229,4
538,174,4
907,869,5
807,422,4
480,208,2
618,596,4
286,169,3
758,892,2
626,302,4
311,86,5
174,949,5
64,7,4
477,369,4
198,249,2
479,147,3
682,293,4
167,530,5
655,216,4
31,303,3
318,660,3
389,510,3
565,1396,5
851,23,4
543,469,4
723,164,4
776,185,4
561,478,4
659,673,4
93,14,4
436,427,3
788,323,3
186,294,3
207,524,4
412,28,4
936,813,5
780,202,4
239,654,5
731,97,5
532,1046,4
804,40,3
18,1,5
601,842,1
276,469,4
890,69,4
456,172,5
943,566,4
933,177,4
749,1263,2
295,1028,5
271,661,4
674,121,4
267,943,4
593,685,3
12,161,5
327,85,2
234,1205,1
271,392,3
271,130,1
586,17,5
274,476,4
487,136,5
357,866,5
291,1209,1
268,568,3
435,742,4
10,22,5
669,23,4
487,69,4
296,48,5
867,9,5
28,258,5
422,293,3
399,506,3
456,94,3
606,530,4
703,993,4
554,209,4
638,89,4
125,186,3
10,493,4
608,461,4
230,240,1
409,174,4
223,535,3
406,185,5
437,248,2
320,340,2
460,1115,3
64,546,3
405,176,1
933,1188,1
5,423,4
59,216,4
391,772,2
128,179,3
474,124,5
330,255,4
43,237,4
694,157,4
92,1213,2
826,399,4
744,479,5
649,257,5
145,1090,2
223,173,5
91,501,2
160,118,3
303,64,5
194,633,3
466,403,3
627,23,4
913,12,4
468,286,4
862,1109,5
450,1421,4
1,70,3
868,211,3
405,1240,1
332,356,3
102,510,4
125,496,5
286,512,2
896,1028,2
346,12,5
266,286,4
747,40,2
1,203,4
823,153,4
378,582,5
608,690,4
711,241,4
624,237,4
535,693,3
345,333,3
881,225,2
712,996,4
56,871,2
844,184,3
195,1315,4
92,63,3
313,519,5
405,1582,1
651,332,3
896,431,3
72,655,5
233,432,3
864,692,2
63,224,4
279,367,3
771,169,5
160,514,4
66,24,3
101,831,3
693,291,3
267,408,5
655,1265,3
363,189,5
380,751,3
416,546,3
514,293,3
618,135,4
311,849,3
795,1,4
399,366,3
48,1064,4
606,288,4
865,456,1
435,568,2
535,499,4
683,268,4
619,127,4
501,1011,4
104,300,3
62,302,3
60,97,3
636,118,5
722,756,3
160,174,5
879,127,5
528,1254,3
345,325,1
313,655,4
64,101,2
256,9,4
733,10,3
416,297,4
181,1287,1
354,292,4
846,581,4
266,100,5
526,302,5
851,127,5
707,449,2
472,416,3
870,255,2
853,1025,4
643,288,4
185,701,3
286,401,1
506,172,5
828,302,4
707,1628,5
398,202,3
279,1180,2
314,417,4
378,231,3
715,206,4
458,25,1
846,498,4
426,1204,4
222,328,5
627,58,5
526,271,3
493,1016,4
393,1244,3
889,382,2
279,1209,4
941,455,4
154,137,3
787,259,4
532,147,4
270,250,2
130,233,4
443,271,4
488,299,3
780,427,3
648,38,5
99,294,4
707,995,4
459,676,3
731,462,5
930,106,4
436,635,3
269,173,1
334,1404,4
608,423,4
848,238,4
119,982,4
910,98,4
795,222,3
425,1016,3
862,831,3
911,655,5
896,647,3
551,310,4
277,284,4
291,573,4
796,520,3
305,318,3
280,176,3
232,127,3
405,710,4
889,1152,3
171,305,2
788,371,3
881,230,4
907,924,5
427,300,4
350,515,5
506,972,3
508,222,3
758,171,5
85,642,4
851,182,5
13,650,2
7,194,5
608,517,4
60,162,4
490,764,1
938,121,5
534,3,4
710,202,3
130,692,5
227,405,2
312,499,4
16,98,5
405,851,1
586,29,5
370,64,4
65,660,5
788,511,5
268,1091,2
618,1221,2
399,320,3
314,949,4
321,283,3
450,177,4
455,270,4
13,188,4
734,193,4
87,254,4
588,184,4
843,672,3
643,780,4
327,83,2
878,269,4
315,8,3
343,197,4
452,77,3
798,728,4
435,23,4
329,194,3
882,50,5
919,660,4
682,1303,2
377,7,4
474,470,3
107,300,1
480,272,4
329,127,4
534,276,5
15,929,1
13,797,5
536,568,4
624,534,3
494,294,4
601,208,4
606,138,3
629,732,5
389,709,4
770,936,5
773,1036,3
829,190,4
618,955,2
745,28,2
561,201,3
846,802,2
854,705,4
59,151,5
362,683,1
95,416,4
363,169,5
711,713,3
267,127,5
868,162,3
698,480,2
222,449,4
184,487,4
532,510,5
786,849,2
69,886,4
11,180,2
296,23,5
592,192,5
389,661,4
815,386,2
788,380,3
83,186,4
268,1098,3
350,286,5
201,146,1
230,622,3
347,11,5
926,321,3
125,150,1
2,258,3
406,747,2
889,31,3
13,147,3
330,966,5
101,597,3
244,818,2
92,421,4
198,153,4
267,324,3
603,50,5
735,319,4
271,756,2
407,969,4
198,367,3
13,462,5
579,294,4
782,349,3
705,95,4
646,751,2
427,332,5
308,123,3
840,516,5
833,122,2
13,763,1
760,288,4
5,450,1
174,1312,4
292,1,4
617,313,1
164,331,5
521,206,5
843,250,4
707,269,4
933,367,4
314,1210,4
147,690,4
782,298,4
270,200,5
417,758,2
85,423,4
276,769,1
148,194,5
871,56,5
931,333,5
537,193,4
334,8,4
569,475,3
653,152,2
44,412,1
542,346,3
659,357,4
303,1258,2
230,431,3
430,1347,5
899,710,3
395,423,5
178,317,4
57,50,5
262,69,4
504,731,3
211,1025,3
731,482,3
288,651,4
392,250,3
393,415,4
648,443,2
222,326,4
744,188,3
837,717,1
181,270,4
905,326,3
301,123,4
455,553,3
642,722,3
721,457,3
234,86,2
749,250,3
498,1073,3
749,186,4
764,276,3
7,638,4
669,300,4
207,194,4
577,1517,3
6,525,5
416,284,4
18,177,3
514,12,5
360,257,4
133,304,3
194,133,3
790,66,3
290,755,4
44,168,5
573,185,3
806,690,2
552,100,4
18,26,4
303,1188,4
49,154,5
537,1400,2
650,739,2
254,417,3
288,13,5
756,173,3
206,333,4
727,556,2
713,345,3
554,245,3
423,9,5
535,87,5
345,33,4
667,98,4
328,227,3
7,461,4
407,479,4
320,751,4
758,898,3
406,427,4
642,120,3
332,222,4
318,301,4
227,823,2
311,180,4
110,333,4
246,802,1
670,519,5
910,137,3
709,540,3
328,235,3
184,258,3
734,483,4
160,109,2
457,227,4
128,655,3
910,508,4
387,98,4
94,997,4
864,472,4
216,408,3
697,282,4
848,209,5
42,132,5
537,724,3
716,419,5
320,1291,3
308,591,3
757,203,5
25,404,3
459,827,3
536,188,3
363,761,3
462,259,3
120,546,2
290,265,4
284,307,4
642,815,4
99,237,5
453,515,4
602,237,4
104,299,3
921,400,4
655,906,2
316,614,2
925,324,4
56,38,2
308,469,5
883,56,5
786,177,4
280,111,4
148,663,5
18,708,3
705,231,3
122,511,5
540,100,5
334,425,4
399,628,3
602,121,4
592,1315,2
648,203,1
311,444,2
602,748,3
82,81,3
782,1292,3
178,984,2
291,98,5
667,168,3
571,191,4
880,783,1
634,979,3
160,762,3
494,329,3
59,525,3
216,231,2
878,642,3
17,1,4
196,762,3
469,173,4
79,306,5
488,216,2
237,64,5
403,237,5
384,751,4
5,425,2
877,300,3
634,1197,4
711,1160,5
173,874,4
846,61,3
916,959,4
56,25,4
77,483,4
697,328,5
227,1047,2
271,461,5
566,288,3
788,9,4
853,880,5
664,77,3
748,425,4
191,345,4
457,48,5
918,1101,4
486,137,4
599,111,5
454,70,4
330,699,5
156,510,4
268,1095,2
276,88,3
806,182,5
447,176,4
468,12,4
764,56,4
747,162,5
94,684,4
290,685,3
472,576,5
76,100,5
592,323,1
198,480,4
941,763,3
327,56,2
381,459,4
786,465,4
820,751,1
595,290,4
405,188,1
932,562,2
586,452,3
89,707,5
916,150,4
639,582,3
269,1014,3
514,470,3
177,197,4
537,215,3
493,273,4
463,1028,2
659,69,3
354,275,4
912,246,2
489,259,2
246,1028,3
288,1358,5
56,89,4
177,129,3
727,240,3
807,470,5
92,369,3
18,382,3
184,813,4
351,301,3
94,81,4
56,29,3
847,419,3
833,1016,1
189,1065,5
409,684,4
795,1041,3
348,685,4
409,97,5
326,674,3
99,597,4
497,716,4
332,249,3
735,289,1
632,655,3
177,183,4
604,672,1
183,274,5
382,290,4
846,469,2
655,953,3
763,83,3
299,313,3
413,7,3
845,1238,2
463,813,4
279,1336,1
870,12,4
851,680,3
554,284,3
277,181,3
693,508,2
765,522,5
504,142,3
90,509,5
303,541,3
817,876,4
405,947,1
279,250,3
885,245,2
489,316,5
417,94,3
13,180,5
83,748,2
747,625,3
304,742,3
887,28,5
360,237,4
378,222,3
102,121,3
354,59,5
870,134,4
872,347,2
595,109,2
489,989,3
472,951,1
538,208,3
733,250,1
537,660,3
445,1011,1
797,781,5
276,176,5
468,1051,2
59,732,3
868,506,4
343,739,3
325,240,1
467,249,3
290,120,4
95,176,3
201,185,5
299,190,5
405,206,1
682,259,3
592,1022,5
486,9,5
95,95,3
314,411,4
864,465,3
42,1044,4
873,269,2
655,316,4
406,357,4
294,118,3
698,709,4
92,5,4
347,268,4
538,153,4
279,541,3
151,196,4
128,770,3
846,428,3
653,674,3
118,672,4
293,496,5
472,550,5
805,22,1
943,96,4
198,474,5
880,380,3
354,222,3
551,315,5
387,198,4
710,258,2
498,933,3
854,423,4
661,168,5
774,8,1
742,282,3
654,370,2
655,218,3
224,949,3
773,182,4
416,1035,3
746,229,2
620,623,4
42,239,5
275,451,3
474,1063,5
487,932,3
109,395,3
682,222,4
618,148,3
665,369,4
653,670,1
734,82,4
889,1048,3
389,482,5
487,227,3
648,225,1
864,800,1
26,979,3
295,417,5
774,712,1
822,1110,4
495,1091,4
535,469,3
907,686,4
14,9,4
160,832,1
342,475,5
286,181,3
406,737,3
337,151,5
913,132,3
558,116,5
825,50,4
542,315,4
239,318,1
880,147,4
862,866,4
896,88,5
180,1131,5
625,174,4
332,411,4
642,949,1
128,602,4
776,588,4
487,658,4
181,920,1
256,819,4
682,1428,3
115,847,4
551,561,5
312,152,2
894,269,3
459,993,3
795,1101,4
292,9,4
449,100,5
567,507,5
677,243,3
773,792,4
394,181,4
788,554,3
381,1407,3
772,313,5
363,709,4
435,307,5
474,385,4
6,275,4
38,1035,5
883,736,3
107,302,4
64,87,4
886,76,4
407,177,4
234,414,4
102,319,4
357,322,3
640,1067,4
268,1035,2
280,202,3
49,262,5
833,13,2
848,23,2
932,530,4
223,286,1
623,153,3
654,22,5
125,172,5
102,760,1
878,88,4
456,99,3
256,986,5
528,238,3
90,313,5
339,410,2
682,249,3
342,476,4
92,229,3
608,321,2
878,140,2
682,1019,5
8,229,5
474,709,5
606,211,5
325,114,5
919,286,4
551,117,5
638,226,5
348,225,3
82,118,3
216,216,4
62,421,5
587,888,3
256,234,5
608,16,2
883,55,4
495,1,4
494,9,2
253,12,5
121,740,3
393,483,4
444,748,1
417,778,4
537,129,3
479,238,4
805,537,5
312,96,5
381,483,5
135,39,3
349,100,4
605,69,5
268,82,3
720,310,4
42,1042,3
248,484,2
280,228,3
886,9,5
249,748,3
491,12,5
896,616,3
42,546,3
429,378,3
416,918,4
406,1202,3
466,231,1
176,508,3
374,197,5
880,269,4
733,151,4
313,419,3
38,780,4
660,515,2
666,310,5
488,208,4
503,949,3
458,589,4
234,950,2
60,609,3
576,475,1
385,58,4
577,63,4
303,116,5
176,340,5
17,294,4
166,300,5
311,188,4
908,414,3
899,357,4
141,717,4
13,370,1
422,671,4
543,62,3
456,603,5
330,384,2
150,14,4
339,661,5
450,384,3
660,62,2
301,384,5
523,694,5
490,473,2
878,796,2
276,843,4
712,173,5
230,422,3
393,367,3
347,188,5
236,419,5
188,161,3
308,226,3
505,66,4
840,428,4
409,199,4
432,257,5
591,956,4
692,257,4
889,195,4
160,276,5
397,56,5
864,473,4
248,187,3
23,747,3
503,615,5
286,41,2
263,323,1
788,56,3
246,672,4
658,1079,2
13,606,4
568,462,4
831,748,2
233,506,5
260,882,5
456,721,4
271,624,2
234,205,3
389,474,5
694,648,5
823,188,5
749,71,4
605,302,4
293,712,2
109,831,2
389,519,4
188,629,4
526,1007,3
586,586,2
145,327,5
42,161,4
145,222,5
788,85,1
648,523,3
405,377,1
70,183,4
523,954,5
373,694,5
95,1,5
94,928,3
586,176,3
117,931,3
611,336,5
378,1425,2
294,294,4
279,1118,3
807,63,5
524,546,4
758,289,2
347,235,2
393,941,4
591,211,4
694,474,4
807,194,4
562,504,4
77,153,5
638,265,5
468,13,4
791,9,5
653,712,3
60,88,4
582,269,4
270,739,4
8,55,5
870,641,4
843,635,2
896,328,1
939,255,5
179,333,5
524,107,3
341,682,3
499,127,4
526,750,4
338,490,5
12,242,5
650,506,3
823,31,5
588,225,5
450,12,4
708,278,4
312,14,5
659,467,3
221,118,1
655,294,3
757,746,3
561,959,3
943,97,2
3,354,3
429,73,3
363,849,2
269,55,4
270,736,5
97,82,4
401,748,3
858,690,3
530,88,4
437,287,2
326,496,5
773,198,4
286,949,4
719,127,3
472,501,3
645,59,5
314,693,3
70,1035,3
645,239,3
189,512,4
852,826,3
30,28,4
115,596,1
295,217,4
204,216,4
280,145,3
239,46,4
387,233,3
349,125,4
664,649,4
327,811,4
757,825,3
430,514,4
645,434,4
322,150,4
363,461,3
790,282,4
709,227,2
767,1068,4
727,233,4
151,64,5
374,129,5
222,386,2
201,98,4
581,844,5
308,161,3
601,294,1
268,665,2
29,480,4
828,20,2
826,55,5
551,917,3
766,214,2
38,447,5
177,87,4
155,322,2
342,98,3
571,144,2
666,660,4
234,731,2
796,636,2
537,687,1
632,50,5
823,866,2
876,527,5
66,298,4
217,29,2
637,9,1
753,316,4
673,895,3
790,117,5
6,199,4
43,284,5
495,770,3
188,118,3
379,448,4
279,1228,4
286,930,2
682,380,4
519,895,4
234,923,4
654,238,4
709,959,4
264,203,2
296,898,4
130,975,5
504,121,4
308,654,5
233,70,5
417,11,5
330,31,5
159,237,3
815,179,2
864,349,4
712,136,1
257,289,4
600,230,4
295,1170,5
749,173,5
773,948,2
371,64,4
648,748,3
651,116,2
889,1069,1
44,173,5
726,1059,5
416,421,5
918,133,1
804,513,5
506,367,3
627,27,3
387,588,3
664,96,3
891,476,5
128,966,4
188,54,4
493,678,3
497,577,2
527,191,5
375,183,5
435,357,4
527,496,4
24,97,4
655,1211,4
369,900,4
381,49,2
264,559,5
284,539,2
109,79,5
279,1133,2
940,301,3
293,67,3
764,132,5
43,516,5
112,750,4
716,122,2
591,381,4
99,124,2
815,559,3
286,240,3
639,237,1
514,1039,5
595,717,2
436,1135,4
69,508,4
648,878,3
99,238,4
704,347,4
539,59,5
267,155,3
479,692,3
92,1095,2
299,47,4
244,66,4
193,1078,4
578,324,1
894,312,3
693,132,4
551,88,4
280,528,3
472,258,5
426,480,5
13,436,2
303,558,4
208,402,4
633,96,4
406,175,5
177,175,5
220,264,3
524,482,5
429,1118,4
268,231,4
876,435,4
645,959,4
653,213,2
749,969,4
279,741,5
608,294,3
872,273,3
435,76,3
764,527,4
394,123,5
698,654,1
880,110,3
311,132,4
741,785,3
111,302,5
505,245,4
243,632,5
256,975,3
650,2,3
883,550,3
521,402,3
711,905,3
700,318,4
593,157,3
788,302,4
293,843,3
606,248,5
833,182,5
178,180,3
16,302,5
694,511,5
147,345,4
386,833,3
128,614,3
738,385,5
360,297,4
187,135,4
13,491,4
266,313,4
560,515,3
430,42,3
592,147,4
287,426,3
59,102,2
615,708,2
389,209,4
16,182,5
70,527,4
177,919,4
388,678,4
586,651,3
649,1,5
606,435,4
398,1119,4
251,748,2
119,329,3
417,402,4
14,588,4
328,553,3
128,732,4
779,109,3
741,48,4
140,288,3
532,153,4
60,9,5
495,1245,5
389,435,4
932,603,5
732,332,5
457,980,4
640,56,5
10,467,4
452,294,2
781,135,5
387,718,4
653,448,4
254,1,3
262,447,3
393,951,3
495,288,4
697,150,5
671,82,4
775,690,3
450,192,4
374,310,5
586,28,3
97,429,4
128,1048,2
664,1,4
270,558,5
742,294,3
927,380,5
286,431,5
722,118,4
537,730,3
435,685,2
558,847,4
295,204,4
586,281,3
292,300,4
18,514,5
905,319,2
659,1044,4
843,101,3
328,272,5
478,762,4
417,651,4
293,8,3
293,284,2
42,86,3
847,1086,4
559,300,4
730,273,2
151,300,4
263,64,5
758,527,5
188,173,5
43,77,3
72,237,3
463,237,4
538,127,5
207,1378,3
886,230,2
875,480,5
657,475,4
472,79,5
109,164,5
450,842,4
195,982,2
354,213,5
592,170,5
618,566,3
392,134,5
501,181,4
840,7,4
781,286,1
661,144,5
540,471,4
213,1,2
639,509,3
890,443,4
420,493,3
407,879,3
657,1,3
181,302,2
43,892,3
399,72,4
545,258,3
711,762,3
184,153,3
328,521,4
839,1085,5
890,230,3
276,120,2
361,813,4
835,673,4
804,520,4
193,2,3
716,628,3
688,754,5
277,9,4
450,269,5
302,299,2
145,642,3
199,508,4
487,218,2
92,406,2
401,485,4
450,869,4
829,705,4
401,44,4
885,97,5
527,528,3
886,42,5
806,702,3
325,109,2
15,749,1
174,56,5
450,535,3
705,566,4
101,819,1
655,1267,2
452,659,4
338,474,4
615,100,3
881,118,4
286,101,5
526,285,5
611,906,2
738,7,4
629,238,5
201,33,4
537,491,4
730,1,4
689,763,4
186,591,4
732,882,5
295,142,4
486,298,3
749,118,3
923,237,4
424,681,3
941,294,4
790,174,4
456,1220,3
130,41,3
56,118,4
622,154,4
292,855,5
90,494,5
234,1020,4
330,575,4
920,272,3
177,948,2
733,1173,2
697,820,3
54,245,4
894,273,3
349,325,3
617,200,5
532,353,2
200,462,4
924,144,3
493,265,5
592,1023,1
398,79,4
429,96,4
473,327,3
308,505,3
716,215,5
129,311,3
928,333,3
805,393,3
555,748,4
339,131,5
147,292,5
201,157,4
613,12,5
207,143,4
85,27,4
532,399,3
110,212,1
23,153,4
409,168,5
455,288,2
5,375,3
353,332,5
177,302,4
312,114,5
579,1047,3
13,688,1
298,58,4
517,740,4
771,241,1
405,1439,1
6,205,3
15,471,4
828,1466,4
923,222,4
698,330,4
288,268,4
551,177,5
92,841,3
339,1135,2
868,176,4
463,1067,2
545,720,3
13,523,4
767,495,4
839,845,4
7,81,5
588,751,3
746,83,4
405,230,2
207,609,4
878,194,4
10,483,5
655,955,3
417,83,5
249,203,5
642,191,4
785,183,5
303,183,5
452,492,4
301,456,3
268,826,1
574,887,4
439,475,3
706,9,3
416,143,5
710,156,4
314,739,5
670,98,2
13,520,4
168,685,3
389,722,2
452,588,3
311,1119,4
168,1016,5
495,684,5
437,215,3
191,332,2
625,121,3
210,443,4
846,663,4
193,56,1
429,222,4
615,294,3
201,1153,2
573,1012,2
650,209,3
574,1022,2
585,557,4
437,283,1
264,202,5
168,1028,2
705,298,5
159,546,4
105,751,2
818,258,4
868,73,1
503,233,5
13,791,5
343,367,4
877,515,5
152,275,4
291,566,4
527,22,5
343,68,1
558,253,5
14,820,3
622,737,5
262,269,3
301,3,2
318,898,4
13,478,4
332,237,5
774,520,3
690,376,3
251,12,4
664,71,4
843,230,3
600,541,1
933,231,1
552,284,3
450,33,5
78,411,4
391,604,4
763,737,2
13,690,3
227,137,5
938,250,3
318,211,5
305,170,4
450,873,3
407,29,3
311,276,4
484,597,3
70,755,3
533,603,4
918,1639,5
339,67,3
385,4,2
848,403,4
932,204,4
474,1020,3
217,840,1
707,199,2
642,729,3
244,790,4
319,880,4
345,298,5
72,64,5
230,210,5
758,286,5
835,735,5
276,384,3
276,735,4
90,141,5
62,62,3
856,322,4
463,111,2
234,451,3
394,82,4
401,1009,4
47,292,4
634,1162,1
747,949,5
807,511,5
793,150,4
500,964,4
751,204,4
320,231,2
394,449,3
9,340,4
716,142,3
673,311,4
881,530,5
890,489,4
505,98,4
785,294,4
860,381,3
747,169,5
12,170,4
6,527,4
763,972,3
839,1048,1
578,355,1
795,7,5
676,546,3
244,240,3
121,250,2
516,431,3
244,53,3
342,108,4
741,17,2
550,258,5
470,125,4
843,217,4
557,334,4
932,7,4
92,245,4
918,638,4
450,434,3
342,144,5
607,475,4
228,272,5
366,853,5
712,385,5
193,410,3
97,228,5
829,250,3
405,1547,2
500,529,4
881,11,4
498,14,4
734,162,3
449,1318,2
293,31,2
839,127,5
122,792,3
336,732,3
878,172,4
87,1190,4
738,195,4
109,322,2
206,361,1
429,290,3
226,209,3
622,231,4
339,396,4
299,1322,3
474,276,5
425,529,4
130,739,5
405,1475,1
224,469,1
887,228,4
712,404,3
268,120,2
474,55,4
90,1206,2
614,1,5
85,480,4
466,873,2
897,411,5
821,111,4
682,762,3
940,568,3
490,100,3
840,505,5
936,255,5
215,300,3
851,676,3
655,1255,3
213,7,4
10,180,5
592,291,3
33,260,4
10,430,3
214,508,4
398,604,5
537,733,3
533,919,2
219,936,4
896,73,3
843,52,2
283,455,4
835,286,3
270,93,5
272,193,4
373,232,3
919,50,3
80,260,1
99,763,5
64,652,2
291,423,4
264,746,3
608,469,3
661,603,3
195,276,4
387,219,2
533,526,2
311,117,4
435,924,3
653,728,2
320,210,5
412,64,4
440,1038,5
782,752,4
186,332,4
889,174,4
514,429,4
582,547,4
882,203,4
774,82,2
119,924,4
715,265,5
790,928,3
653,428,1
311,56,5
493,925,3
586,254,4
796,709,3
407,222,4
790,470,4
650,404,3
387,206,4
854,58,3
545,88,3
648,180,1
733,286,4
932,222,4
13,204,5
124,50,3
195,496,4
262,660,4
454,1454,2
667,482,4
342,952,3
435,235,4
91,651,5
565,638,4
505,243,2
848,511,4
655,1238,2
385,526,3
330,393,4
453,750,4
102,187,3
409,209,5
870,431,3
650,563,3
452,1403,1
645,191,5
378,123,3
711,181,4
609,1012,1
291,455,5
848,485,5
399,144,3
272,205,5
94,71,4
134,879,4
378,164,4
13,68,3
543,471,3
64,959,4
848,183,3
151,1269,5
504,323,4
236,195,2
558,283,3
314,406,3
90,659,4
117,1059,3
541,678,5
334,310,3
423,620,4
942,484,5
761,9,2
684,371,2
534,591,5
48,294,3
96,100,5
221,1217,4
188,191,3
650,1118,3
326,485,5
581,919,5
829,733,2
657,117,4
861,1148,3
60,507,4
629,300,4
734,165,3
537,654,3
151,185,4
371,194,3
313,474,5
786,281,4
618,144,4
8,403,4
631,288,3
876,878,2
859,282,3
234,1450,3
239,836,5
344,246,4
495,55,2
861,937,4
253,282,4
262,70,4
279,713,3
908,185,4
151,1286,5
588,934,4
312,172,4
397,23,5
321,170,4
867,56,5
301,797,4
660,118,2
899,98,4
456,475,5
109,636,5
85,162,2
913,483,3
234,433,2
133,749,4
630,100,3
249,658,4
455,778,4
379,1219,2
644,328,4
397,210,4
145,380,3
385,606,4
430,297,4
892,230,4
916,42,5
235,648,4
805,343,5
839,950,4
432,294,4
824,286,2
301,420,3
901,1035,4
344,195,5
405,526,1
343,606,5
796,831,2
655,729,2
848,72,5
222,144,5
924,56,3
1,252,2
308,239,3
738,343,3
56,210,5
115,284,2
694,496,4
665,105,2
452,472,5
464,260,2
655,650,3
199,313,4
751,168,5
268,232,3
328,89,5
286,195,4
632,161,3
539,319,5
44,96,4
842,349,3
271,237,4
766,197,3
369,168,3
484,71,2
280,98,5
201,321,3
336,1183,1
653,1042,2
650,66,3
314,215,4
749,576,3
425,188,3
279,105,4
548,147,5
256,406,3
433,95,3
630,864,4
788,241,5
916,1005,4
551,64,5
617,17,1
535,1170,3
417,367,2
230,71,5
119,825,3
224,223,3
536,427,5
320,4,3
676,912,3
407,635,3
299,93,2
235,86,4
90,272,5
892,195,5
454,479,4
57,225,3
134,328,4
330,1044,5
245,596,4
64,241,3
67,123,4
314,105,4
339,521,4
840,884,5
374,558,1
640,42,5
618,506,4
336,94,3
215,450,2
480,863,4
406,505,4
92,100,5
532,763,5
751,202,4
588,367,5
625,602,3
932,709,4
843,831,4
338,79,4
520,100,4
786,275,4
758,62,2
774,741,1
311,385,5
239,671,5
56,399,4
413,9,4
900,121,2
749,429,4
931,255,4
517,229,3
442,12,4
346,226,3
429,97,4
902,302,3
174,597,3
102,363,2
478,50,3
417,210,3
577,1209,4
416,652,4
264,478,5
339,737,3
665,483,4
823,111,4
562,144,5
194,792,4
198,198,4
926,237,3
393,392,4
796,231,3
94,425,5
347,55,5
677,288,5
201,241,2
722,866,4
889,127,4
886,233,3
222,117,5
268,141,3
198,1117,3
741,673,4
916,286,4
235,419,5
391,774,2
196,340,3
484,699,4
504,448,5
870,203,4
727,403,4
417,13,2
931,298,4
846,727,4
451,873,5
627,435,5
887,1413,4
174,12,5
876,178,4
116,333,2
621,270,4
505,172,3
833,134,5
106,216,5
11,312,4
308,417,3
412,651,4
653,708,2
288,511,4
38,838,2
389,142,3
399,215,2
13,294,2
360,56,4
90,836,5
366,675,4
697,876,3
184,15,3
18,964,3
184,174,3
493,763,4
551,1044,3
318,508,4
541,239,4
327,336,2
393,17,1
311,654,3
804,434,4
763,955,2
279,166,4
447,144,5
889,98,4
160,169,4
37,172,4
851,1314,1
450,385,4
450,118,3
276,591,3
110,67,3
144,466,2
416,302,5
735,258,4
327,1131,4
62,71,4
1,182,4
104,327,2
907,275,5
649,252,4
426,527,3
450,673,3
114,175,5
399,22,3
786,684,4
693,79,4
749,635,1
398,491,5
654,15,3
914,736,3
593,140,4
474,382,3
722,151,5
312,638,5
848,512,5
766,497,3
343,26,3
393,1419,3
861,382,5
523,934,4
527,69,4
819,862,2
82,241,3
721,1065,5
38,252,5
262,294,2
835,294,3
184,478,4
934,135,4
421,79,4
214,175,5
846,11,5
39,315,4
371,435,3
453,196,4
497,79,4
659,419,5
279,1048,1
538,381,3
116,519,5
393,934,3
313,493,3
158,742,4
248,79,3
64,527,4
391,661,5
7,501,5
357,508,5
255,200,3
302,333,3
342,724,1
119,272,5
586,233,4
795,636,3
328,689,5
883,213,2
884,165,3
737,427,3
239,632,5
719,620,4
477,255,5
222,278,2
275,186,3
912,357,5
180,729,5
815,190,5
309,989,3
788,271,3
450,207,4
313,523,5
42,595,1
612,243,2
361,121,2
354,956,4
788,443,4
328,1106,2
159,591,4
48,656,4
66,9,4
255,443,1
833,98,3
312,382,4
540,340,4
540,343,4
371,204,5
262,7,4
472,265,4
271,56,3
846,1050,4
435,239,4
911,622,3
472,554,5
543,218,3
301,17,4
62,191,5
65,63,2
601,325,4
374,741,3
780,496,4
83,732,4
608,93,4
497,552,3
484,423,5
892,542,1
345,301,4
351,341,4
763,1065,5
715,182,5
13,501,5
328,216,3
606,709,5
381,705,5
450,631,4
419,257,4
215,191,4
450,606,5
23,177,4
200,549,4
679,357,5
913,432,3
813,266,2
10,199,4
552,829,3
145,88,5
665,154,3
600,530,4
279,201,5
778,180,4
939,508,5
749,809,3
922,62,3
6,304,4
374,220,2
280,112,3
896,24,4
330,28,5
227,121,2
897,393,4
664,12,5
409,466,4
889,87,4
738,951,2
334,387,4
686,806,5
380,204,2
69,475,3
373,842,3
936,274,3
937,222,3
897,404,4
347,260,1
100,313,5
634,125,4
606,127,4
633,566,3
514,682,4
189,499,4
303,201,5
217,562,3
398,607,3
42,603,4
694,153,4
663,294,3
940,56,5
773,14,5
536,511,5
556,507,5
617,671,4
361,66,4
269,679,1
49,161,1
249,568,4
27,742,3
644,330,4
373,603,4
417,963,4
102,38,2
648,56,1
327,237,4
125,1093,1
896,662,3
889,544,3
889,171,4
865,418,1
440,1194,5
83,609,4
198,660,4
453,24,4
455,58,3
405,1227,3
23,100,5
244,456,3
655,800,2
653,211,1
15,307,1
826,96,5
119,298,4
587,289,3
429,194,4
177,327,3
376,762,4
749,866,3
844,125,3
267,229,4
883,269,3
781,523,5
1,97,3
197,272,4
456,506,4
7,447,5
790,248,4
538,195,4
608,1009,4
655,1284,2
416,1053,4
508,511,4
513,763,3
840,519,5
577,1,5
328,161,4
541,1185,2
172,430,3
293,248,3
265,409,3
269,597,1
189,173,5
85,732,3
109,409,2
151,497,5
463,1009,3
446,321,4
374,948,2
617,134,3
486,276,4
390,304,5
484,274,4
442,64,5
181,1317,1
706,181,4
687,269,4
699,475,4
291,1305,3
1,98,4
854,106,3
11,123,3
85,69,4
774,117,2
648,25,2
774,418,2
657,294,5
435,1204,3
181,410,1
601,238,2
308,172,4
733,298,2
851,153,3
545,181,5
406,131,2
394,164,4
96,234,4
64,240,1
263,690,5
592,631,3
305,188,2
222,229,3
838,405,4
417,56,5
99,331,3
618,419,4
347,176,3
405,1109,1
758,1090,1
454,498,3
398,100,3
608,262,3
737,160,4
919,282,4
717,287,5
37,825,2
29,312,4
916,678,2
577,176,5
450,511,5
217,541,3
286,137,4
45,109,5
536,136,4
281,301,3
294,7,4
476,401,3
905,313,4
264,606,5
405,1042,1
38,70,5
194,546,3
299,847,4
768,282,4
826,195,5
416,746,5
399,508,3
592,22,5
644,597,4
315,305,5
11,726,3
527,201,3
830,225,3
693,191,2
243,69,3
889,2,3
62,710,3
840,708,4
894,245,4
18,692,3
343,275,5
160,412,3
105,270,5
877,83,3
401,508,3
629,277,5
7,615,4
863,301,4
301,568,4
622,586,3
653,381,2
181,224,1
840,300,3
929,127,5
151,210,4
305,143,3
12,300,4
537,10,4
653,1136,2
233,423,4
578,272,2
429,403,4
409,1194,5
378,255,4
884,475,4
552,932,3
90,611,5
406,662,3
444,269,4
351,322,5
411,28,4
796,284,3
206,1176,1
478,288,5
329,124,5
644,326,5
419,1451,4
727,491,4
695,305,3
457,631,4
297,527,5
497,1046,3
218,175,3
549,472,3
716,228,4
190,823,2
174,384,1
22,172,4
249,83,5
246,231,1
269,209,4
305,527,5
532,315,3
294,109,4
639,87,3
230,378,5
243,511,5
283,186,5
222,642,3
82,11,4
151,654,4
466,568,3
847,369,1
222,15,3
303,596,4
328,561,3
711,763,1
294,1089,2
30,50,3
788,194,4
243,286,4
200,29,4
621,676,3
442,695,5
569,287,4
402,455,3
241,689,3
279,184,5
234,259,2
551,292,3
405,784,1
843,690,5
345,294,3
44,204,4
301,550,3
178,268,4
604,413,3
655,250,3
244,20,4
648,167,4
198,181,4
836,89,4
280,204,3
790,80,2
148,209,5
362,333,5
168,1,5
745,8,4
588,283,4
345,1247,2
795,184,4
84,742,3
854,512,3
407,476,2
503,54,2
807,720,4
541,676,3
318,708,4
603,11,5
459,7,5
437,794,4
658,8,5
405,951,1
757,260,3
332,227,5
102,393,3
62,157,3
833,943,4
116,993,2
426,404,3
500,639,4
737,89,4
334,142,3
690,80,3
862,467,4
586,33,5
712,625,3
537,676,4
195,779,2
344,1142,5
267,980,3
130,477,4
293,275,3
416,684,5
880,1184,3
938,255,1
586,257,3
626,268,4
222,423,4
643,183,5
368,551,4
405,1306,1
650,219,3
393,926,4
448,902,4
334,1226,4
405,586,4
653,154,3
655,1632,3
532,87,5
901,275,3
429,277,4
378,792,4
569,25,4
452,521,3
276,226,4
417,1550,3
195,591,4
433,323,1
374,98,5
474,504,5
200,560,4
883,216,4
59,3,4
533,1142,4
426,418,3
459,932,4
848,154,5
841,316,4
606,1039,4
916,317,4
5,233,4
508,568,4
668,554,3
279,12,2
630,288,4
504,154,4
201,455,3
148,89,5
505,183,3
11,11,2
257,224,4
297,443,2
387,367,3
311,465,4
303,542,2
551,616,5
90,474,5
263,197,4
763,258,3
95,63,3
306,289,3
452,945,4
363,568,2
59,430,5
733,290,4
492,83,4
216,475,5
495,402,3
904,739,4
560,24,2
388,313,5
383,14,5
76,264,3
934,705,4
435,616,2
269,445,3
639,155,3
523,652,2
128,174,3
864,209,3
697,295,3
751,310,3
537,653,4
851,303,4
405,1570,1
58,283,1
776,607,4
894,300,4
7,259,3
331,306,5
101,122,1
399,28,2
246,413,4
23,203,4
533,1,4
935,815,4
659,659,3
584,450,2
303,1118,3
435,890,1
712,63,4
541,560,3
504,719,3
566,462,4
734,275,4
669,515,5
622,809,2
517,538,4
615,28,4
201,508,4
234,785,3
378,179,2
406,605,5
450,383,2
202,516,4
896,562,2
449,640,5
643,443,4
343,63,4
561,233,1
191,315,5
506,484,4
85,241,3
21,406,1
840,199,4
84,546,3
897,50,5
606,841,3
886,941,2
279,81,4
682,12,5
234,656,4
214,334,3
885,568,4
336,780,3
268,374,2
896,709,3
250,12,5
222,436,4
336,1012,5
698,307,4
456,95,4
512,325,2
451,1393,2
804,413,4
279,203,2
399,824,2
331,160,5
486,304,3
886,53,1
207,211,5
102,271,2
381,134,5
688,329,5
796,724,2
14,923,5
639,88,3
707,1211,4
141,825,4
75,114,4
486,1142,5
145,42,5
495,228,5
837,20,4
43,3,2
18,143,4
607,137,4
831,64,5
879,15,4
311,692,4
827,272,4
211,257,5
463,271,1
787,331,3
269,825,1
880,930,2
532,526,5
619,363,2
749,1188,3
716,340,3
363,151,4
271,1091,4
290,28,5
916,582,4
682,250,4
665,181,4
150,181,5
14,408,5
207,65,3
903,179,5
244,154,5
537,633,3
1,77,4
230,7,3
896,575,2
57,117,4
478,150,4
655,269,3
279,740,3
758,764,1
837,1049,1
682,273,4
912,482,5
846,615,5
747,485,5
468,71,5
219,879,4
145,1023,1
307,269,4
267,774,3
276,215,4
887,222,3
929,205,4
68,245,3
807,1084,4
62,1133,4
671,233,4
145,120,2
768,14,5
738,367,3
843,434,4
613,530,5
709,318,5
642,1473,4
450,685,4
14,276,4
62,249,2
815,202,4
252,277,4
666,507,3
325,179,5
466,898,1
343,712,4
651,306,5
518,25,5
327,475,4
929,435,3
889,290,2
71,64,4
417,669,2
402,275,5
173,1265,3
873,259,1
313,820,2
500,159,2
269,729,2
412,211,4
455,252,3
276,431,3
448,1062,5
314,1518,4
763,483,4
452,661,4
759,117,5
536,28,5
252,129,4
605,597,3
384,300,4
214,408,4
95,133,3
627,69,3
7,238,5
416,686,5
633,654,3
338,478,3
378,527,4
102,50,4
503,529,2
354,382,5
648,66,5
194,79,3
664,89,5
498,11,3
177,153,4
573,519,4
5,421,1
130,1095,3
682,729,3
416,312,3
871,335,3
91,264,4
1,249,4
425,540,2
28,222,5
600,511,5
298,311,3
435,930,3
417,748,4
663,948,4
145,754,3
305,631,3
536,640,4
184,514,5
405,1230,1
763,224,5
213,121,5
189,10,5
771,28,5
239,499,5
757,89,4
84,100,4
867,207,5
374,69,5
910,12,4
393,1469,3
543,528,4
53,96,4
82,274,3
551,82,5
589,336,1
746,121,3
627,184,4
383,528,4
435,961,1
262,122,2
181,260,1
807,161,4
151,448,2
334,506,3
286,155,4
635,877,3
5,404,2
727,1088,2
919,372,3
179,305,4
425,672,2
877,228,4
508,1067,4
659,144,4
497,127,5
908,156,3
754,237,3
416,164,5
710,1,4
790,196,3
916,1098,4
775,345,5
864,1446,3
610,705,3
244,100,4
486,25,4
215,552,3
513,181,5
345,42,2
715,196,4
344,459,4
878,151,1
16,418,5
551,763,5
349,1117,3
87,648,5
42,732,5
834,323,2
899,414,2
26,815,2
450,455,4
59,64,5
833,1017,4
406,95,4
407,186,4
64,655,4
838,127,5
476,80,3
755,879,4
652,275,4
749,31,5
607,529,4
535,71,4
332,327,5
259,762,2
840,213,4
166,687,1
870,513,4
804,194,4
409,156,2
328,956,4
429,820,3
299,95,3
253,333,2
815,204,4
747,73,4
221,469,3
20,357,1
727,187,5
886,939,4
417,203,4
318,134,5
381,742,4
43,550,3
92,148,2
270,5,5
618,421,3
385,653,4
121,12,5
102,79,2
46,181,4
938,358,4
862,406,4
365,109,2
394,282,3
733,296,2
758,105,2
850,56,1
560,12,5
235,191,4
448,360,4
405,68,1
387,248,4
458,696,3
416,81,5
327,245,1
502,687,4
293,65,3
782,887,4
280,1478,4
846,528,5
691,735,5
896,79,5
419,89,3
469,483,5
145,454,1
194,478,3
292,199,5
221,69,4
254,498,4
144,182,3
353,245,4
435,144,4
643,172,5
316,707,4
59,699,4
194,89,3
893,294,3
387,399,3
514,747,4
42,781,4
14,750,3
262,86,3
253,81,4
727,79,4
92,1037,2
727,199,4
548,264,4
625,961,4
507,352,1
381,694,4
149,338,2
694,483,5
576,210,4
514,403,3
449,639,5
224,221,2
389,603,5
749,549,3
934,648,3
890,667,2
559,55,4
466,117,5
858,331,3
269,1110,2
495,478,4
419,1,4
449,171,4
5,204,4
176,13,4
621,91,3
580,348,3
214,313,4
407,195,4
666,432,3
305,735,4
511,895,4
214,134,4
627,300,4
466,326,3
417,485,3
268,470,3
847,240,1
426,633,4
648,161,3
322,23,5
295,1188,3
426,968,3
327,527,4
181,1288,1
43,684,4
504,506,4
84,148,4
318,138,4
248,69,1
277,257,3
256,794,4
25,742,4
889,1267,3
280,1466,5
401,553,5
57,288,4
571,1039,3
870,22,4
804,768,3
399,436,2
138,487,3
49,1072,1
342,286,4
896,327,5
190,148,4
401,371,3
571,181,4
698,199,2
119,879,5
919,217,4
484,431,4
537,896,3
774,649,3
625,4,4
680,117,4
705,8,3
537,212,3
288,742,3
394,222,4
747,792,5
896,398,2
514,272,4
227,276,4
771,1,5
733,294,2
653,930,4
279,823,3
748,79,4
518,829,3
774,568,2
544,312,2
112,327,1
42,1047,4
851,112,1
890,324,4
280,172,3
286,315,5
82,211,4
663,1048,4
255,743,1
708,887,2
655,417,2
650,665,2
442,79,3
840,443,5
636,25,5
409,172,5
376,100,4
606,157,4
152,966,5
184,485,4
174,100,5
380,179,3
402,255,4
57,321,4
13,92,3
408,324,5
401,357,4
256,276,3
760,365,5
833,1214,4
760,66,2
506,147,3
473,547,3
416,564,4
851,410,4
533,50,5
910,25,3
545,62,5
773,174,3
487,143,3
833,980,3
445,1051,1
399,655,3
569,118,4
144,215,4
870,171,4
766,530,4
374,930,2
919,100,5
472,141,4
779,252,3
500,699,3
255,859,3
269,525,4
334,936,3
591,508,4
47,268,4
532,1300,3
72,117,4
263,496,5
870,772,4
276,458,4
625,652,4
600,759,2
496,268,4
618,195,3
738,408,5
751,100,4
425,590,3
503,280,1
497,403,3
787,351,3
622,403,4
322,216,3
655,534,2
758,1143,5
506,88,4
297,603,5
628,332,5
145,250,5
92,715,4
299,484,4
280,86,4
13,174,4
87,186,5
883,1012,5
85,231,2
429,430,4
340,497,5
201,99,3
243,582,5
68,117,4
699,458,4
320,123,4
860,286,4
92,92,4
47,340,5
227,322,3
711,214,4
237,238,4
601,287,1
479,405,4
60,515,5
188,692,5
200,33,4
277,278,1
351,754,5
736,1089,1
736,324,3
798,1049,3
707,476,3
305,200,3
612,480,4
13,319,4
293,89,5
689,109,5
865,121,1
125,211,3
399,67,3
352,182,5
758,546,3
393,31,4
213,294,3
169,498,3
435,155,3
630,12,4
523,412,3
684,83,5
883,222,3
96,176,4
226,408,5
321,1126,3
881,187,4
326,447,4
181,1094,1
490,333,3
545,692,3
495,616,4
622,226,4
453,258,4
872,974,4
385,855,5
308,1019,4
342,727,3
749,95,3
234,873,3
268,1002,1
758,650,5
415,136,5
919,326,3
618,925,2
654,739,4
95,180,3
456,1168,4
919,1173,3
697,284,5
194,580,4
254,596,4
233,57,5
639,716,1
652,259,2
102,515,1
497,232,3
103,294,4
435,384,3
849,15,5
299,73,2
655,744,2
709,849,4
622,808,3
565,730,5
303,121,3
877,949,3
709,231,3
645,656,4
164,685,5
355,242,4
407,169,5
524,451,3
357,222,5
429,188,4
786,188,5
551,696,2
595,763,3
388,682,4
666,91,3
161,14,4
416,1286,5
881,195,4
864,194,4
617,606,3
674,257,4
1,142,2
145,286,3
293,303,4
562,204,1
725,328,4
932,229,4
551,458,2
395,273,2
723,28,3
387,39,3
868,449,3
457,819,2
190,269,4
201,286,2
396,106,4
38,588,5
896,665,1
627,123,3
148,173,5
864,578,3
639,61,3
504,973,4
339,631,5
894,511,4
312,493,5
82,546,3
187,116,5
666,301,4
130,219,5
330,174,5
576,9,3
42,98,4
932,528,5
417,238,4
632,1028,2
136,525,5
506,402,4
711,949,4
655,176,2
286,1113,3
919,937,4
474,284,4
144,475,1
255,294,2
348,974,4
903,157,4
301,145,3
790,931,2
234,611,5
70,746,3
553,485,3
640,1010,3
425,11,3
387,42,4
548,13,1
870,194,3
590,476,3
488,153,2
665,186,4
554,735,3
308,238,5
276,977,2
790,1185,2
561,644,3
874,20,3
897,228,4
271,311,3
151,191,3
403,257,2
823,66,4
299,198,4
851,979,3
405,540,1
583,12,5
399,379,3
892,705,4
151,835,5
59,972,4
684,225,3
33,872,3
474,614,4
939,424,3
158,1047,4
887,90,5
294,1079,2
447,11,4
634,50,4
860,26,3
130,1046,4
490,109,5
805,21,2
617,637,3
537,207,4
276,206,5
198,820,1
387,203,4
561,160,3
399,552,1
566,56,4
840,196,4
773,1367,5
374,572,2
665,685,2
338,52,5
264,516,5
788,445,4
73,474,5
372,262,4
487,549,4
405,579,1
378,1284,2
159,255,3
276,96,5
257,137,4
541,399,3
862,132,5
7,8,5
7,497,4
277,285,4
851,204,4
524,199,4
442,55,3
141,1047,4
682,181,5
326,732,5
104,411,1
311,510,4
55,22,5
444,286,2
883,856,5
270,794,4
92,252,4
269,77,1
632,1,3
405,725,1
56,219,5
796,783,4
13,841,1
119,597,4
666,116,4
298,679,3
387,528,4
303,283,3
488,659,3
882,15,5
299,514,5
299,1020,4
64,463,4
429,655,3
15,286,2
622,101,5
409,657,3
924,1400,4
862,205,4
561,64,3
459,336,2
796,197,3
120,117,3
271,328,2
269,183,3
82,99,4
58,98,4
13,551,1
918,656,4
191,896,3
234,845,3
788,51,4
178,210,5
59,684,3
593,546,3
610,489,4
327,381,4
450,1221,5
716,478,4
334,855,3
727,636,3
679,95,3
562,286,4
583,209,4
881,1217,5
299,1005,5
761,243,3
43,291,3
782,340,3
623,15,4
830,134,3
788,566,4
661,515,5
23,652,4
62,174,4
893,240,4
385,745,4
883,204,4
643,218,3
721,325,3
773,6,3
224,687,2
911,514,3
386,546,2
401,520,3
94,125,1
375,443,4
344,713,3
151,775,2
262,509,3
116,127,5
896,458,1
704,488,5
186,281,4
250,844,4
406,53,4
473,276,4
854,283,3
18,83,5
1,117,3
628,288,5
474,265,5
279,44,1
452,502,2
378,684,3
716,86,5
405,1540,2
627,651,4
504,418,3
674,539,1
13,895,1
119,1259,3
94,1118,4
903,664,4
428,754,4
119,154,5
450,272,5
373,173,5
745,20,1
279,1162,3
28,95,3
472,90,5
208,781,3
293,419,3
569,111,3
918,498,4
815,252,2
688,1234,5
777,153,1
493,196,4
336,451,2
22,238,5
606,209,4
13,877,2
429,371,2
577,194,4
437,292,5
854,287,3
58,645,5
572,924,1
521,172,3
380,527,4
770,477,4
543,56,5
942,479,4
806,56,5
629,153,5
655,702,2
94,101,2
429,559,3
344,896,4
97,175,5
389,118,2
836,210,4
7,125,4
181,685,2
297,160,1
314,268,5
339,650,4
95,199,5
656,875,2
308,513,3
695,288,4
299,811,4
374,1248,3
290,1285,3
404,348,3
561,1024,3
277,273,5
649,323,3
731,95,3
835,215,4
256,846,4
707,865,5
453,591,3
551,578,5
198,73,3
1,153,3
161,309,2
110,82,4
276,523,4
181,18,1
11,734,3
158,29,3
916,60,4
650,502,3
474,507,4
448,286,2
574,302,4
253,655,4
347,692,4
83,543,2
235,898,3
474,323,2
276,158,3
115,187,5
83,323,4
175,88,4
712,812,4
738,79,3
181,13,2
655,959,3
419,488,5
585,1475,3
896,696,1
329,8,2
466,1607,5
262,631,4
398,498,5
267,203,5
21,7,5
546,928,4
222,282,4
798,378,4
87,546,3
293,425,4
280,1051,4
331,958,5
234,485,3
867,11,3
682,379,4
500,172,2
15,14,4
385,194,3
741,1016,3
436,157,5
883,1591,3
195,1013,3
158,70,4
222,202,4
256,443,3
419,615,5
535,1045,4
712,67,3
314,405,4
669,355,2
592,895,3
627,83,3
73,56,4
276,200,5
151,88,5
467,93,4
466,268,2
843,501,2
83,4,2
450,1425,4
864,102,4
833,233,2
568,474,5
727,88,5
149,286,5
861,949,4
122,239,4
296,815,3
435,175,4
279,1182,3
456,922,4
653,748,5
184,1,4
389,179,4
130,68,5
587,264,4
897,649,3
347,435,5
123,504,5
715,205,5
250,1014,4
123,286,5
95,96,4
642,56,4
807,99,5
634,288,3
691,631,4
82,109,1
649,147,4
741,399,2
725,1197,3
59,7,4
297,245,3
84,222,4
814,184,3
823,739,4
922,227,4
543,157,3
488,258,4
407,97,4
109,1161,3
622,90,4
466,24,4
334,537,4
385,24,3
60,673,4
387,737,3
517,50,5
497,100,4
755,271,1
514,792,4
608,487,4
782,1382,3
417,268,4
648,281,3
758,320,5
20,144,2
37,55,3
543,110,2
593,393,4
886,194,3
271,111,4
714,121,4
25,968,4
627,125,2
201,326,2
886,549,3
59,519,4
777,56,5
782,293,2
183,229,3
200,743,3
378,693,4
380,182,3
629,699,3
308,183,4
234,963,3
639,519,4
807,503,3
373,165,5
863,271,4
655,1044,3
796,659,3
773,37,3
926,315,4
700,48,4
931,304,4
142,288,3
889,1134,4
312,663,5
693,581,3
276,188,4
301,685,3
418,1313,2
680,20,4
727,1244,3
298,8,5
49,715,3
486,874,3
788,153,3
455,1136,3
600,11,5
937,285,4
438,121,5
363,386,1
119,328,4
527,213,4
44,258,4
385,59,2
608,187,4
508,514,5
800,125,3
11,185,4
766,294,2
227,25,4
457,452,3
758,175,4
540,20,4
327,300,2
299,89,5
868,1285,2
442,979,3
670,168,3
18,762,3
178,1033,2
661,145,1
286,535,5
886,196,3
345,226,3
756,1060,4
798,254,5
94,624,2
268,574,2
636,222,5
896,258,5
43,950,3
262,15,3
364,875,3
682,7,4
592,253,1
97,1,4
249,53,4
807,1274,3
235,701,4
665,313,4
234,202,3
151,684,3
632,144,4
650,217,3
18,524,4
450,546,4
291,234,4
403,127,4
800,276,3
450,647,4
299,26,4
500,282,4
481,659,5
658,100,4
766,396,2
119,1137,5
292,150,4
197,56,1
94,943,3
597,990,2
20,148,5
276,291,3
889,513,4
387,172,4
287,218,5
373,89,5
49,546,1
318,326,4
506,181,5
748,588,4
642,585,5
671,327,1
152,632,4
13,752,1
885,655,3
311,94,3
269,135,4
174,458,4
344,716,3
622,86,4
56,239,4
328,192,4
493,238,3
406,414,2
295,743,4
312,156,3
194,144,4
148,190,2
158,123,3
244,180,4
406,519,4
389,618,4
43,580,3
403,147,5
587,351,2
435,127,4
303,552,2
405,347,4
903,443,5
788,10,4
568,855,1
125,659,4
798,1469,3
859,955,5
695,882,4
394,358,3
373,181,5
829,410,3
394,101,4
627,205,5
389,955,4
361,156,4
405,1030,1
279,40,4
242,275,5
788,448,2
835,354,3
7,570,3
43,546,4
645,367,3
405,842,5
178,238,4
327,228,4
130,4,2
334,52,4
301,143,4
583,524,5
896,809,2
731,283,4
548,281,4
487,794,5
90,60,4
303,404,4
467,109,5
244,756,2
598,243,2
144,518,3
406,219,3
94,732,3
517,283,4
632,633,4
152,716,5
718,255,4
321,56,4
254,435,3
829,640,3
10,274,4
456,202,3
83,127,4
272,514,5
443,948,1
26,1016,3
295,423,4
204,874,3
843,77,2
887,427,5
393,1409,4
790,941,3
244,747,4
49,287,4
515,294,3
545,568,3
336,1017,5
519,348,5
728,322,4
239,134,5
648,507,1
56,216,4
899,186,4
201,273,2
363,234,3
470,305,4
712,1036,5
243,83,4
707,186,3
339,678,2
940,259,4
830,211,4
200,443,5
192,235,3
913,156,3
693,130,1
837,277,2
846,192,5
454,114,3
655,175,3
833,430,4
629,172,5
117,257,5
149,1295,3
361,340,3
537,1166,2
653,185,2
235,480,4
495,559,4
606,15,5
875,652,5
453,496,4
642,470,4
144,845,4
298,435,5
360,955,5
880,1134,5
479,211,4
1,190,5
90,31,4
5,145,1
329,81,2
13,654,5
867,191,5
90,22,4
293,479,4
253,83,4
521,176,4
536,195,4
95,588,3
598,312,5
817,147,3
782,1417,2
524,603,3
479,252,2
360,181,4
505,187,1
268,181,4
435,250,4
497,202,4
846,193,5
184,25,4
393,1043,3
289,24,4
925,567,3
538,12,4
401,273,2
300,257,4
637,289,2
943,526,4
484,732,5
90,690,4
784,344,4
828,190,3
721,70,3
256,1061,4
141,535,5
823,97,5
896,471,3
336,1059,3
7,455,4
329,250,3
293,467,4
303,416,3
500,386,3
61,331,2
387,581,4
97,32,5
36,682,1
235,303,4
495,201,2
774,178,4
451,335,4
493,323,4
805,175,5
907,287,4
168,121,4
806,100,4
429,257,4
430,137,3
911,432,3
121,458,1
648,304,5
79,906,5
201,184,3
342,928,3
916,163,3
119,172,4
380,121,3
7,419,3
280,367,5
326,613,5
249,469,4
304,328,3
313,502,3
43,751,2
425,233,2
194,520,5
197,748,3
918,855,5
610,195,3
194,443,3
487,823,1
719,427,4
894,933,3
389,80,3
314,873,4
746,64,4
757,198,4
751,88,4
378,404,4
59,710,3
667,318,5
771,97,1
475,259,5
87,128,3
293,265,3
479,235,3
13,175,4
123,22,4
406,130,3
474,221,4
845,1022,2
360,137,5
276,202,4
886,7,5
285,222,4
407,4,4
327,550,2
330,864,4
875,772,5
49,358,1
901,211,4
167,1309,1
128,223,5
271,302,5
285,313,5
500,164,4
624,678,3
405,60,1
698,968,1
770,919,5
200,692,3
880,310,3
615,22,4
803,305,5
629,268,5
197,302,3
505,31,4
133,306,4
398,610,4
502,890,2
280,486,5
56,862,3
7,226,5
85,345,4
666,79,3
498,171,3
597,825,5
239,133,3
4,324,5
58,1103,5
627,423,3
766,419,3
644,289,1
559,511,2
92,823,4
848,474,5
342,137,2
185,9,4
703,50,5
782,895,4
585,1623,4
475,327,4
116,270,3
83,411,2
268,926,2
286,473,3
343,7,5
881,483,4
497,239,4
798,832,4
303,293,4
586,436,2
790,73,4
201,454,2
682,748,3
503,83,5
854,652,3
758,231,3
328,742,4
347,99,3
1,141,3
848,265,4
176,305,5
566,230,2
537,1129,1
308,432,4
94,786,3
907,19,5
7,551,1
864,755,4
663,748,2
249,472,3
484,186,4
610,427,5
616,288,4
200,177,4
781,195,4
209,1086,4
620,758,2
545,399,4
823,50,5
795,58,4
890,23,5
630,282,3
539,610,4
59,321,4
330,195,3
11,730,3
42,658,2
742,508,4
336,275,4
487,64,5
262,955,2
158,694,5
271,193,5
271,735,4
405,1566,1
825,258,4
267,88,4
334,896,5
92,620,3
288,357,5
221,633,3
31,1019,5
311,77,5
343,546,1
276,24,4
756,118,2
374,475,1
624,272,5
65,956,4
874,150,4
795,747,3
481,596,4
288,177,3
6,237,2
207,182,3
794,1,4
293,1132,3
562,485,5
327,24,2
660,313,4
405,1110,1
235,170,4
661,135,5
774,44,1
315,56,5
130,627,5
339,404,4
795,118,2
606,760,3
230,196,5
600,184,3
21,262,4
859,1315,4
761,235,3
117,1165,3
804,176,4
150,151,4
378,402,4
370,923,4
846,1148,3
747,282,2
361,197,5
503,10,5
158,686,5
121,736,5
334,187,4
76,89,4
13,801,3
178,510,4
130,407,2
94,932,2
586,276,3
634,281,4
630,216,5
843,392,2
489,351,5
682,1217,3
299,228,3
13,452,3
723,289,2
694,663,4
597,688,4
666,23,4
904,732,3
84,300,4
97,173,3
448,1022,5
269,940,1
655,676,2
561,549,2
883,224,4
212,317,5
194,183,3
923,325,4
514,419,4
339,144,3
455,662,4
7,401,4
320,678,3
230,203,2
429,786,2
141,591,4
62,281,3
378,722,3
423,977,1
416,13,5
938,841,3
59,45,5
558,508,5
729,322,4
344,955,4
524,855,4
490,1386,4
863,1431,4
413,328,3
60,528,4
145,117,5
42,48,5
827,288,3
862,147,5
580,25,3
486,1017,3
465,275,4
606,198,4
943,401,1
713,269,4
308,309,1
910,125,3
308,1047,3
901,28,5
186,820,2
701,333,3
489,321,3
707,582,5
168,458,1
406,1203,2
246,404,3
75,129,3
897,951,3
823,222,3
591,435,4
939,717,4
405,1487,1
618,239,3
441,117,4
230,186,4
99,181,5
476,715,4
57,932,3
796,144,5
588,1078,4
852,840,3
651,322,3
248,22,2
642,41,3
256,265,4
904,535,3
195,582,4
401,174,4
759,258,4
637,471,2
330,423,5
263,495,5
457,210,5
807,597,4
639,356,2
376,289,3
627,39,4
647,73,5
887,443,4
308,178,4
526,301,2
773,455,4
472,1228,4
102,565,2
568,661,4
387,58,4
308,609,4
350,265,2
405,431,3
916,210,4
177,216,4
525,596,4
804,447,3
779,111,4
312,486,5
450,302,5
271,127,5
561,616,3
541,15,3
343,703,4
561,203,4
455,100,4
551,202,4
572,319,4
328,187,4
668,29,3
297,211,4
286,394,5
64,96,4
727,80,4
552,926,2
345,285,5
871,690,3
848,650,4
279,530,3
770,294,3
95,82,3
881,197,3
264,186,5
234,489,3
659,528,4
29,661,5
251,476,2
85,135,5
312,185,5
328,1313,4
52,22,5
705,578,3
151,73,4
633,385,4
532,282,5
848,318,5
592,1143,5
787,751,4
650,849,2
936,275,4
577,588,4
234,472,2
290,98,4
416,387,3
738,969,4
223,257,4
758,1135,2
933,1246,1
770,334,5
347,1016,3
916,356,3
804,200,3
864,394,3
35,937,4
442,209,4
236,705,4
306,1251,5
749,444,2
773,98,4
627,1194,4
453,508,4
896,284,4
551,2,2
87,367,4
244,200,5
58,156,5
634,919,2
592,1067,5
209,766,4
380,498,4
7,47,5
145,515,5
546,118,5
716,740,4
73,357,5
758,716,2
864,1016,4
286,216,4
262,1013,2
406,7,4
924,121,4
90,491,4
272,772,2
64,93,2
174,11,5
625,484,4
394,195,5
90,479,5
130,316,4
345,111,4
896,435,4
927,928,4
350,132,5
763,198,5
621,364,3
246,369,3
125,401,4
640,195,4
864,91,5
114,195,4
549,118,4
851,338,3
696,124,5
235,196,3
630,535,4
104,271,1
83,1,4
734,283,5
454,136,3
347,357,5
214,209,5
643,72,4
18,480,4
601,196,3
654,143,5
639,662,2
490,847,3
342,193,5
862,260,5
234,192,3
299,1379,3
130,550,5
401,684,4
85,655,3
741,478,5
92,58,4
216,200,5
703,294,2
922,95,3
635,13,2
890,205,5
882,4,4
537,183,3
18,6,5
710,874,3
145,552,5
422,181,4
378,559,4
308,675,4
276,150,4
3,335,1
435,573,1
276,101,4
95,117,4
425,447,3
935,1048,3
209,906,2
756,423,3
933,384,1
453,578,3
645,22,4
308,634,4
447,55,4
307,172,5
233,647,5
498,464,4
661,762,2
60,699,4
244,238,5
222,145,2
223,546,5
145,652,5
294,829,3
743,321,2
450,49,5
683,305,4
528,202,5
332,370,2
539,372,2
314,9,4
269,441,1
374,637,4
280,294,2
269,508,4
709,129,2
181,264,2
92,370,1
871,50,5
532,864,4
201,919,3
406,240,4
94,58,5
553,434,3
379,137,5
249,1012,3
633,172,3
747,705,5
703,235,1
37,50,5
690,1041,3
453,272,5
389,81,3
592,466,5
843,183,5
727,5,3
59,633,3
18,962,4
843,208,3
547,258,4
7,73,3
59,11,5
269,771,1
479,144,4
87,628,4
311,194,4
256,403,4
248,179,3
43,173,5
417,135,3
199,100,3
107,327,3
274,234,5
631,310,4
328,56,4
551,159,4
393,1044,4
790,738,3
887,98,3
3,288,2
854,282,2
749,633,4
37,174,5
524,173,4
56,1035,4
160,157,5
298,588,4
423,300,3
158,797,3
793,117,4
835,194,4
345,246,4
548,678,4
685,882,3
373,645,5
671,686,3
892,588,5
896,384,2
695,289,2
364,268,3
145,44,5
82,103,2
396,405,3
664,222,3
83,301,2
456,1,2
198,234,3
737,175,5
798,63,5
388,569,5
298,208,5
793,237,3
660,82,2
643,68,3
805,595,3
176,237,3
308,597,3
654,385,4
21,244,4
805,568,3
881,96,3
505,604,5
885,660,5
904,451,4
416,277,5
201,240,3
870,763,4
528,427,4
411,238,3
231,405,4
276,375,1
389,176,4
481,8,3
374,172,3
216,569,3
308,64,4
151,490,5
168,126,5
307,101,3
504,1135,4
22,50,5
11,526,3
286,251,5
371,97,5
579,216,5
7,393,4
401,535,2
205,748,4
943,12,5
200,582,4
886,265,4
122,11,1
113,595,5
276,640,4
101,742,4
523,1069,5
125,238,3
234,694,3
447,1016,3
871,161,5
405,1031,1
525,291,2
699,14,3
923,411,4
774,778,5
518,471,3
537,385,2
711,137,5
101,111,2
557,12,5
901,393,5
524,302,5
936,9,4
262,727,3
303,763,4
181,122,2
90,17,4
339,514,3
264,153,5
727,507,2
524,403,4
193,174,4
294,300,4
421,185,4
840,647,5
405,582,3
378,13,3
805,91,5
209,276,2
801,307,4
64,1,4
493,180,4
806,29,4
782,1389,3
352,55,1
601,1039,4
327,455,2
665,1061,4
279,1219,3
643,12,5
615,83,4
276,12,5
89,151,5
342,129,5
345,125,3
795,546,3
454,293,4
34,288,2
870,1042,2
7,529,2
729,313,3
307,100,3
933,186,4
863,1395,4
311,127,4
586,85,3
472,780,4
864,108,3
911,1060,4
406,151,2
916,476,2
500,1385,4
385,111,2
563,172,5
747,951,2
85,705,5
267,665,4
80,194,3
190,272,5
109,69,4
901,447,3
158,709,5
933,410,3
59,473,3
378,1037,2
658,50,4
379,644,5
500,412,1
59,288,5
14,100,5
200,241,4
416,869,3
399,264,3
880,568,5
886,364,3
152,785,5
826,92,4
125,98,5
660,8,2
551,356,4
314,501,4
312,154,4
933,282,3
216,182,4
710,134,5
126,333,2
430,56,4
116,260,2
158,176,4
600,720,3
41,100,4
198,241,3
271,428,4
629,729,4
916,206,3
119,486,4
507,315,5
930,153,2
902,191,5
615,289,2
181,280,4
263,483,5
740,873,2
600,510,5
344,295,3
644,308,4
866,302,2
373,259,5
682,1079,3
437,721,2
899,597,2
299,710,4
378,386,3
545,94,3
548,1073,4
374,186,5
721,303,3
406,474,5
37,233,4
681,1176,4
110,732,3
663,307,4
174,147,4
455,237,3
84,597,3
881,291,3
409,162,4
194,284,3
416,937,2
846,780,4
663,134,5
936,129,4
455,465,3
118,919,5
293,166,3
406,154,5
104,1028,2
782,1620,3
314,216,3
346,173,3
723,988,1
391,56,5
455,318,3
622,227,3
814,559,3
405,387,1
664,478,5
354,168,5
126,313,5
592,751,3
279,1435,3
648,676,2
360,174,3
878,1149,4
435,211,4
478,381,5
381,1401,4
292,24,4
716,190,5
435,1061,3
168,300,5
641,23,5
210,523,4
256,225,4
255,335,4
880,64,5
819,321,4
74,124,3
633,148,1
546,271,5
440,350,5
381,995,4
325,195,2
68,1028,4
97,174,4
34,294,1
184,411,3
250,338,4
283,676,3
200,373,4
125,451,4
216,147,4
606,117,4
263,86,4
704,193,5
417,484,4
846,367,4
290,742,2
326,318,5
456,71,3
769,1011,3
693,88,3
207,15,4
390,328,4
100,289,3
859,25,4
606,951,2
854,696,2
298,527,5
927,742,5
13,423,5
617,345,1
352,657,4
782,1191,3
61,1127,4
130,267,5
90,739,5
297,196,4
430,7,3
465,475,3
497,250,3
429,1218,3
276,588,4
565,190,5
184,582,4
456,211,4
246,99,3
442,482,3
628,242,5
701,313,4
854,511,4
429,86,5
151,496,4
715,24,3
97,428,4
7,590,2
92,636,3
385,151,2
90,97,5
151,610,5
458,152,5
892,1124,4
223,749,4
393,939,4
786,240,1
455,20,3
745,215,3
534,243,3
452,475,2
58,475,5
454,568,4
447,24,3
588,231,4
82,125,3
493,11,3
749,178,4
70,50,4
709,182,4
795,217,1
16,12,5
181,1327,1
263,357,5
643,356,4
716,729,2
724,1591,1
363,531,4
280,781,4
862,485,5
655,219,2
478,1048,4
94,133,4
361,657,5
453,357,5
42,219,1
663,108,2
254,1444,3
11,107,4
907,283,4
894,129,4
495,184,5
234,781,2
898,271,3
881,276,5
429,356,3
513,323,5
393,1179,4
280,103,3
411,38,4
847,185,2
645,357,5
268,998,1
836,238,4
291,237,4
709,816,2
532,373,3
137,261,5
537,210,3
85,150,3
313,97,4
138,496,4
145,294,4
712,420,3
573,492,4
5,416,1
474,642,4
58,216,3
740,340,4
405,736,5
921,284,4
927,56,4
203,332,5
130,779,4
328,569,4
387,518,4
359,455,4
889,718,4
157,127,5
373,68,5
195,1052,1
561,611,5
116,1244,2
222,1220,4
239,433,5
514,26,3
217,27,1
620,112,4
373,435,4
399,1137,4
873,292,5
565,1018,5
932,70,4
130,134,5
655,578,2
500,252,2
889,135,2
833,32,5
515,682,4
474,966,4
15,936,5
99,544,4
374,527,4
908,144,4
889,268,4
286,56,2
254,142,3
556,48,5
174,143,5
109,1035,2
76,172,5
445,1187,3
339,504,5
270,582,3
528,678,3
458,1261,4
886,1217,4
268,453,1
585,634,4
431,322,4
476,451,3
198,131,3
724,1176,1
104,181,5
514,64,4
152,871,3
311,428,4
642,407,5
213,174,5
864,1101,4
639,1065,1
194,51,4
385,1070,5
561,1039,3
307,114,5
185,239,3
537,648,4
796,566,4
515,259,3
748,7,4
749,22,5
915,333,3
788,98,5
676,326,2
90,644,5
827,316,3
334,7,5
405,1195,1
572,222,2
381,20,5
378,245,3
750,328,4
13,588,4
303,1160,2
405,647,1
57,42,5
89,880,5
198,298,1
833,1019,5
346,144,4
487,291,3
731,215,5
207,508,4
577,234,3
532,916,3
758,342,4
911,87,5
936,1079,1
130,413,3
495,11,5
56,450,3
705,568,5
360,521,5
157,410,4
378,663,3
669,151,5
379,684,4
325,835,5
457,673,4
351,307,4
148,238,4
387,432,4
42,655,3
934,902,4
294,295,4
655,515,4
308,205,3
453,652,3
882,526,4
829,281,3
152,775,4
38,573,1
416,12,5
457,529,4
82,495,3
201,89,3
486,1086,3
722,412,2
537,405,2
865,919,5
380,427,4
76,182,4
480,98,4
749,258,4
894,702,4
65,87,5
246,410,1
181,109,1
298,842,4
297,215,2
896,343,1
648,1029,2
477,731,4
896,101,3
224,323,3
378,47,4
727,549,3
15,244,2
545,97,3
682,540,2
20,288,1
843,550,3
896,392,3
130,243,2
549,127,5
295,137,4
460,137,5
64,56,5
771,172,4
154,806,4
831,56,5
42,413,1
62,47,4
94,28,4
504,386,3
618,731,2
207,192,3
130,67,4
323,292,4
425,452,2
504,834,2
405,810,1
774,448,2
263,196,4
911,548,3
860,303,3
870,253,4
4,11,4
537,1009,2
405,1208,1
851,68,3
95,228,4
939,546,4
830,197,4
892,157,5
63,546,2
305,282,3
690,642,3
630,31,2
577,410,3
521,22,4
605,325,2
406,164,5
709,559,3
105,271,2
857,20,3
345,51,5
246,447,3
74,354,3
795,831,2
279,190,3
715,176,5
409,382,4
704,210,4
92,291,4
130,678,4
851,974,2
851,159,3
7,515,3
279,122,1
7,201,2
844,179,3
588,111,1
363,940,2
405,1027,1
793,148,4
417,242,3
91,182,4
291,1083,3
685,325,3
840,580,3
389,969,4
314,418,5
72,118,3
173,995,5
623,183,3
758,431,3
232,651,3
582,475,5
181,683,1
595,15,4
15,249,1
269,658,2
539,258,4
798,116,3
496,509,3
830,100,5
823,237,4
95,720,2
881,671,3
18,418,3
883,603,4
747,1028,1
892,222,4
416,742,4
10,371,4
940,176,4
432,628,5
303,741,4
857,19,4
314,158,3
792,1011,3
262,40,4
601,127,4
332,97,5
577,742,4
337,257,3
532,448,4
179,340,4
916,652,4
875,8,3
747,403,5
314,144,3
806,496,5
833,508,5
275,969,2
591,127,4
412,172,5
296,950,4
158,186,3
270,554,1
406,181,5
466,187,3
294,151,5
174,953,5
664,162,4
374,756,3
872,892,3
399,475,5
342,196,3
539,301,5
327,28,3
201,57,4
484,554,4
600,576,3
894,960,5
484,28,5
379,357,5
704,170,3
62,188,3
543,187,4
882,151,5
342,1011,3
805,519,4
727,257,2
894,347,4
846,191,5
486,950,4
554,31,4
714,237,3
318,357,4
249,471,4
437,1007,5
504,514,4
591,382,4
427,328,4
405,1200,1
919,183,3
474,1113,3
907,225,5
297,269,4
893,476,3
450,823,3
655,483,4
125,1074,3
855,59,3
257,181,5
497,559,4
554,66,3
490,9,4
20,22,5
499,191,5
320,117,4
378,313,5
564,258,4
537,3,2
344,19,4
758,81,5
30,539,3
552,411,3
539,185,4
504,56,3
887,423,2
84,748,4
401,609,3
588,99,5
919,193,2
268,790,2
13,23,5
624,328,4
375,185,5
554,87,4
577,427,4
634,126,3
672,864,3
239,89,4
585,713,4
159,1012,5
429,231,2
776,217,4
160,234,5
486,544,4
592,189,5
142,322,2
349,284,5
567,132,3
406,942,4
796,94,3
279,181,3
363,435,3
56,578,3
223,111,4
773,408,5
109,572,3
640,373,3
787,1433,3
618,1058,3
720,906,4
453,452,2
189,281,2
429,939,4
85,108,2
936,251,4
496,7,4
825,326,4
435,176,5
43,815,4
551,508,4
526,300,2
801,299,2
886,761,4
290,89,3
429,1228,3
601,131,4
339,190,4
450,728,3
686,542,1
371,180,4
18,178,3
619,56,3
774,189,2
21,635,4
689,597,4
328,28,5
928,276,5
378,1230,2
394,797,3
201,1136,1
385,719,2
224,162,4
846,967,3
634,7,4
291,1188,4
194,566,4
249,249,4
290,252,3
303,413,2
279,532,1
682,581,2
370,302,5
854,87,4
179,302,4
435,713,5
835,127,4
620,94,5
334,91,4
454,58,4
381,1115,4
456,214,4
308,48,4
932,611,5
660,96,3
328,447,2
23,710,4
104,272,4
894,676,3
843,222,3
713,342,3
788,76,3
255,343,2
479,915,4
184,82,3
885,420,4
137,300,5
330,318,5
405,110,1
413,303,5
535,529,3
622,404,3
133,243,3
916,249,3
98,428,5
922,1157,2
270,928,4
7,191,5
21,320,3
776,551,3
417,658,2
796,48,3
21,245,1
593,417,5
940,171,2
452,513,4
442,68,3
637,408,5
271,202,4
20,498,3
298,546,3
674,282,5
104,984,1
927,63,4
453,172,5
23,588,4
449,475,5
8,510,4
447,153,4
760,723,2
503,313,5
931,302,4
746,79,5
380,229,3
662,319,3
885,195,4
887,181,5
440,271,5
155,321,4
818,316,4
705,28,4
515,307,4
264,721,5
880,50,5
7,563,2
561,49,2
303,411,4
92,237,4
796,43,4
74,301,3
749,179,4
940,508,5
151,356,2
379,153,4
733,302,4
406,575,1
267,81,4
761,289,2
186,595,3
749,195,5
630,237,5
87,195,5
915,750,4
889,217,4
210,1028,3
733,283,3
598,347,3
627,52,3
648,176,4
94,1199,3
311,527,4
437,1075,4
194,154,3
83,106,4
854,1016,2
274,873,3
458,199,4
562,230,1
222,1438,4
374,17,2
756,245,3
293,463,4
773,212,2
319,346,3
256,781,5
21,977,2
411,89,3
724,328,4
521,288,3
7,543,3
602,261,3
149,326,3
297,223,5
821,742,4
854,799,3
130,751,5
7,627,3
311,178,5
703,1047,3
102,596,2
848,661,3
822,169,4
429,404,4
268,762,2
793,276,3
13,662,5
488,11,1
838,121,2
795,10,4
171,344,3
700,96,4
406,194,5
125,163,5
499,887,5
398,111,3
283,1009,3
664,792,4
733,248,3
707,1141,3
860,732,4
275,96,3
249,628,3
620,98,4
311,71,4
437,65,4
758,751,4
467,1,4
892,98,5
91,313,4
92,926,3
327,1056,2
469,484,5
487,501,4
643,436,4
868,179,4
57,833,4
454,202,3
768,1016,2
374,466,5
262,402,4
234,143,3
22,181,5
165,187,3
393,85,3
82,212,4
934,660,5
532,515,5
368,50,4
226,174,4
144,262,3
733,1067,5
796,45,3
934,1203,5
87,118,4
624,980,4
939,756,5
532,107,5
405,808,1
63,1137,5
237,153,3
390,319,5
569,117,3
314,117,4
705,191,1
294,1134,3
452,201,1
66,117,3
271,2,1
551,118,5
267,172,5
22,1001,1
716,836,4
276,1073,3
530,1136,4
551,232,5
104,471,3
637,127,2
861,170,5
655,319,3
618,185,5
472,151,3
940,258,5
798,1283,4
210,28,4
416,347,4
13,116,5
826,403,4
695,887,3
503,823,2
688,338,5
493,168,5
437,705,4
754,286,3
70,419,5
75,427,4
527,647,5
796,194,4
136,127,5
399,204,3
449,15,4
940,313,5
377,173,5
805,8,3
481,430,4
357,1,5
59,181,5
727,434,5
585,463,5
776,276,4
116,1013,3
409,518,1
94,469,4
509,301,2
160,474,4
304,274,4
508,210,4
128,458,4
711,222,3
460,13,3
727,392,4
363,55,5
615,178,5
115,279,3
585,1485,3
92,619,4
527,214,4
64,746,5
882,412,1
23,59,4
11,28,5
36,885,5
64,187,5
200,63,4
486,151,2
358,65,4
57,926,3
269,482,3
919,382,5
752,322,1
348,409,4
639,512,2
276,186,5
187,86,4
655,167,4
506,261,3
896,129,4
174,415,3
49,774,2
303,423,4
893,77,4
655,26,3
774,228,4
308,45,4
437,156,2
742,1012,4
665,538,4
184,1014,2
132,151,3
624,248,4
332,815,4
618,151,3
584,449,2
846,622,4
551,15,5
276,685,4
833,159,2
94,201,4
745,302,4
399,225,3
535,60,5
178,531,4
331,514,3
881,849,2
649,181,4
436,381,4
518,595,3
385,661,4
323,9,4
243,223,4
203,24,4
235,327,3
721,292,3
498,59,4
489,347,5
643,132,5
406,421,4
648,291,3
907,696,5
299,59,5
554,50,4
922,68,4
12,88,5
200,276,5
167,513,4
619,685,3
916,423,3
847,204,4
144,9,5
56,298,4
472,1058,4
618,2,2
768,301,5
257,198,3
643,656,4
775,312,3
870,570,2
425,898,3
765,283,4
151,602,4
301,455,5
715,405,3
197,82,5
18,8,5
540,249,3
7,92,5
430,222,4
672,109,4
346,1110,1
311,213,4
497,38,3
884,921,5
268,823,2
648,826,3
503,489,4
442,181,4
871,566,3
561,657,4
504,216,4
363,549,4
768,597,2
318,187,4
271,539,1
279,24,5
656,270,3
771,86,5
939,1054,4
525,100,4
615,423,5
378,298,3
796,1217,3
542,411,4
887,926,5
921,133,5
542,509,4
735,690,4
293,572,2
92,94,3
194,1220,3
334,236,4
25,141,4
407,68,4
405,139,3
374,168,1
654,1016,4
554,576,4
314,743,1
83,71,3
393,845,4
95,198,5
551,96,5
152,412,2
151,965,5
551,431,4
318,70,5
489,332,5
817,24,4
524,47,2
663,676,3
29,326,2
714,276,2
897,926,4
344,1082,2
495,391,3
878,265,3
867,1039,5
48,423,4
325,403,2
236,370,3
561,617,4
497,584,4
472,2,5
383,345,2
524,615,2
365,289,3
299,640,3
95,462,4
329,286,4
106,435,3
303,709,5
806,96,5
658,42,4
821,180,5
299,1039,4
495,135,3
598,748,4
910,293,4
178,520,5
39,313,4
399,431,2
311,655,4
452,516,3
922,756,2
15,928,1
271,703,3
393,552,2
537,314,1
10,697,3
611,353,3
399,633,3
279,732,3
405,941,1
334,283,4
655,257,3
896,164,4
255,271,4
795,658,2
291,48,5
537,1139,2
86,270,5
339,736,3
207,471,3
64,748,1
573,178,4
378,727,4
378,932,2
26,410,2
627,76,3
421,127,4
863,270,3
276,98,5
189,513,4
790,376,2
70,417,3
394,96,5
407,201,4
682,167,2
586,403,4
180,173,5
373,209,4
151,523,5
181,1054,2
870,265,4
220,343,3
64,239,3
466,679,3
790,1014,2
525,250,3
864,173,5
275,121,3
303,1110,1
95,431,3
248,100,4
774,218,1
189,124,5
483,107,3
452,825,5
255,895,2
864,99,3
379,563,2
177,181,4
758,310,3
184,736,3
711,1221,4
339,248,4
699,1336,3
494,238,5
417,928,3
21,358,3
303,1046,3
655,712,3
189,8,5
275,624,3
457,125,4
896,588,5
807,473,3
659,86,5
450,216,5
758,414,4
246,236,4
933,193,4
373,180,3
249,467,4
366,854,5
239,634,4
750,301,4
201,567,3
325,511,4
6,499,4
393,81,2
846,98,4
778,712,3
291,168,5
770,301,4
761,326,1
537,641,4
727,474,3
498,134,3
848,451,4
823,209,4
294,752,3
305,792,4
535,507,5
614,121,4
532,482,5
303,7,4
595,824,3
606,1149,4
502,266,3
332,552,3
766,234,4
896,802,2
109,546,3
870,258,4
87,239,4
484,419,4
815,418,4
363,153,3
709,451,1
62,117,4
794,14,5
279,137,4
6,317,3
268,234,4
682,1046,3
486,919,3
933,173,3
735,293,3
665,1028,4
197,321,3
778,238,3
454,875,1
588,832,1
660,797,2
363,1214,1
916,470,3
655,576,2
474,475,4
747,7,4
642,63,3
795,472,3
442,569,2
924,283,4
506,478,4
429,230,2
370,222,3
716,601,4
16,240,4
606,942,4
495,140,5
479,228,4
798,281,4
556,134,5
797,50,5
486,299,1
456,194,3
64,186,4
164,125,5
719,137,1
844,216,5
881,473,2
825,12,5
568,185,4
846,566,5
295,213,5
305,529,5
815,639,2
537,216,3
38,406,2
867,328,5
85,209,4
1,170,5
435,895,3
280,742,4
669,475,3
655,209,3
838,72,4
357,1028,5
589,538,5
524,117,3
114,640,2
750,288,4
308,116,4
734,172,4
848,504,3
617,569,1
123,487,3
769,118,4
363,665,2
339,673,5
872,628,4
168,151,5
298,402,3
373,189,5
584,227,4
846,463,5
198,1142,5
303,1014,3
506,1014,3
551,710,5
804,1291,3
308,153,5
756,91,3
456,181,3
592,331,3
429,756,2
232,638,5
436,1053,4
407,25,3
916,549,3
916,528,3
308,419,4
642,64,5
894,531,3
159,323,4
790,1188,3
49,301,3
243,1115,3
13,99,4
60,135,5
877,164,5
876,174,4
731,14,3
342,496,4
184,742,3
505,195,3
326,229,3
591,1017,3
128,432,2
354,1085,3
409,1020,5
453,781,3
43,49,4
1,73,3
296,211,4
197,665,4
758,153,5
299,752,3
769,748,2
316,168,3
806,172,3
545,168,4
332,978,4
453,1157,2
399,15,5
880,794,4
406,284,1
416,738,2
217,373,2
358,132,5
552,301,4
2,274,3
346,3,3
459,16,2
901,477,3
479,216,3
584,181,4
236,100,3
368,218,2
145,181,5
452,180,4
354,19,5
43,290,4
291,97,4
615,638,5
827,326,3
862,505,4
916,12,4
7,386,4
83,181,4
385,129,3
498,302,3
847,117,2
738,152,4
561,537,4
711,196,5
693,230,2
699,285,4
492,137,4
495,240,4
279,380,4
936,246,4
246,451,2
320,66,4
527,4,2
450,196,5
708,405,4
275,252,2
524,402,2
447,498,4
930,1,3
95,196,4
343,100,5
291,824,4
637,245,3
374,97,5
802,304,3
265,300,5
505,385,4
468,44,4
193,554,3
130,117,5
305,428,3
573,205,3
400,343,4
5,379,3
561,173,4
254,378,3
647,748,4
18,28,3
796,432,2
618,95,3
368,573,3
113,237,3
190,121,3
721,518,2
201,729,2
892,613,5
58,13,3
661,28,5
656,300,2
130,313,5
460,321,3
659,494,4
152,944,4
321,659,4
455,217,4
13,497,5
130,566,4
476,393,4
183,230,5
862,45,4
708,1117,4
344,79,4
69,300,3
110,451,4
401,199,3
472,96,5
653,684,5
503,747,3
795,434,3
109,245,3
452,496,5
568,1286,4
895,283,4
380,270,3
296,284,4
318,393,5
880,655,4
24,109,3
655,381,3
145,636,4
804,685,4
303,1048,4
286,749,3
799,1545,4
280,729,2
214,168,3
276,1208,3
276,53,4
495,79,5
299,134,4
354,702,3
638,128,3
514,137,3
726,1038,2
384,333,4
542,196,4
394,780,2
71,98,4
716,620,3
385,479,5
130,742,5
158,241,4
630,295,4
308,59,4
489,1238,4
689,125,3
543,578,3
29,259,4
537,197,4
850,69,5
407,134,5
530,275,5
303,155,3
329,855,4
840,414,4
846,289,4
498,212,3
416,509,5
201,10,3
524,499,4
757,328,3
643,430,5
894,331,4
279,679,4
158,510,3
407,659,5
109,29,3
471,393,5
543,443,4
32,591,3
436,50,4
82,411,3
200,95,5
630,294,4
910,751,3
913,19,5
181,1322,1
361,1119,3
47,305,5
796,496,5
416,53,2
868,382,4
90,821,3
207,150,3
660,435,4
239,269,5
937,295,4
13,862,3
796,815,4
592,890,1
552,756,2
618,100,4
647,357,5
483,270,3
862,657,5
716,69,5
144,1226,4
666,661,4
411,195,3
611,347,4
846,731,3
567,1298,5
559,550,4
712,755,4
601,100,4
13,224,4
799,258,5
804,678,4
267,157,5
457,507,4
497,1052,2
711,99,3
78,257,4
102,930,2
409,479,5
554,696,3
248,194,4
543,521,4
112,690,4
23,269,5
203,148,3
347,689,4
506,186,4
426,1079,3
643,496,4
805,88,2
450,131,4
905,124,4
639,191,3
311,1042,3
711,423,3
889,33,5
49,213,3
655,129,3
650,380,2
126,258,4
49,946,2
916,109,3
200,243,3
878,82,3
691,318,5
85,316,3
799,307,3
416,182,4
503,496,5
55,181,4
843,179,4
629,202,4
757,22,4
728,116,4
291,375,1
191,269,3
561,239,3
834,346,3
746,184,4
102,554,2
740,302,5
567,612,4
412,7,5
174,178,5
184,143,3
848,200,2
587,892,3
303,484,5
622,722,3
82,511,3
779,1028,4
299,318,4
305,961,3
677,222,4
591,787,3
357,121,5
768,278,2
751,101,4
42,136,4
57,105,3
927,755,5
417,67,4
346,133,5
777,523,4
222,735,5
711,729,3
682,578,3
788,639,3
157,340,5
232,1149,5
380,213,2
6,306,4
393,1435,3
303,1228,2
521,651,3
527,9,5
246,431,3
883,234,4
662,291,2
648,559,2
537,602,3
297,154,5
551,455,1
527,1101,4
717,307,5
35,261,3
416,151,3
269,171,5
175,566,3
299,276,4
606,546,4
932,64,2
293,160,4
677,687,4
215,50,5
868,854,4
378,125,2
421,172,5
886,518,4
826,373,3
457,248,4
487,1044,3
5,398,2
117,282,5
464,1598,3
802,135,4
465,143,4
268,73,3
911,374,1
566,207,5
463,269,5
354,464,4
380,512,3
435,109,4
776,241,1
857,24,1
774,403,2
932,427,4
269,1133,1
532,230,5
472,760,5
655,1085,2
84,225,4
293,739,2
897,699,4
305,486,5
116,1214,3
659,82,4
301,447,4
435,405,4
536,139,4
295,631,5
892,2,4
270,26,5
22,526,4
712,462,3
597,118,3
279,969,3
95,660,5
100,1234,1
440,886,5
379,195,3
664,529,4
880,684,4
343,38,3
13,285,5
506,194,5
413,332,3
751,487,5
713,272,4
802,447,2
189,532,4
7,671,5
608,199,1
381,99,5
214,482,4
709,939,4
809,313,4
90,79,4
757,97,4
240,288,5
406,526,5
892,515,5
256,232,3
405,674,1
918,174,3
413,300,4
435,22,4
746,172,5
293,632,3
284,259,2
532,938,3
783,887,5
314,1297,4
500,216,4
378,1,4
700,79,3
500,358,4
686,89,4
283,83,4
796,1297,2
429,26,3
167,949,1
286,151,5
897,127,5
59,149,4
389,1147,4
818,271,4
268,713,4
827,289,3
60,429,5
485,307,3
557,887,3
697,1089,3
145,1009,2
653,202,3
54,475,5
814,288,4
405,78,2
349,823,4
450,771,3
708,690,4
286,53,2
524,290,2
342,189,5
299,239,3
630,250,1
276,201,5
495,109,5
710,197,4
193,121,3
493,262,3
926,269,5
158,56,5
916,211,4
574,910,1
269,185,5
453,959,4
643,568,4
903,509,4
378,1145,3
561,1229,1
766,606,3
499,516,4
286,367,5
807,554,4
531,245,4
816,678,4
576,70,5
11,40,3
110,161,5
903,175,4
925,219,3
650,181,4
158,580,4
621,401,1
268,421,3
865,597,1
49,590,1
885,213,3
574,305,3
479,204,4
242,475,3
216,228,3
81,824,3
612,147,4
621,568,5
274,411,3
184,511,4
457,234,5
46,7,4
214,302,4
913,238,3
624,815,3
537,58,4
224,387,4
561,603,4
606,260,3
758,300,2
416,795,2
426,608,4
603,294,4
504,102,3
665,183,4
262,596,4
152,1014,2
605,98,5
367,876,3
201,164,3
373,94,2
847,39,2
407,432,4
919,878,2
85,282,3
243,423,3
711,1053,4
244,1225,2
618,427,5
603,450,3
13,262,4
790,226,3
29,189,4
447,70,3
916,28,4
151,136,4
640,64,5
458,969,4
734,121,4
188,187,3
677,117,4
796,623,3
904,275,5
932,778,4
436,628,5
186,159,5
363,737,1
116,328,3
130,215,5
751,316,4
193,294,1
65,655,4
882,8,5
921,202,4
59,48,5
206,315,5
23,694,4
381,501,4
474,646,4
348,121,5
839,292,3
479,255,2
891,126,5
244,707,4
524,222,2
475,381,4
342,699,4
237,178,4
621,410,4
46,333,5
109,183,5
747,1660,2
97,432,4
77,31,3
579,83,5
61,751,3
907,288,5
191,300,4
541,225,4
814,358,2
846,489,4
722,13,2
817,273,5
24,191,5
59,185,5
308,515,3
426,663,4
190,291,3
864,227,4
880,678,3
222,569,2
13,890,1
648,546,4
663,286,3
363,707,3
624,262,4
658,117,4
843,152,2
682,834,3
578,1016,4
526,288,4
659,505,4
13,505,3
591,110,2
279,789,4
488,358,3
421,124,4
244,193,4
815,472,1
618,1163,2
425,207,2
907,697,5
83,631,2
38,225,5
906,276,5
319,301,4
373,20,2
609,15,5
188,684,3
370,603,5
406,198,2
690,94,4
366,445,5
440,323,1
843,154,3
280,156,4
598,349,4
825,118,4
313,131,4
663,833,4
222,762,3
450,650,4
82,1078,3
753,750,2
615,428,5
442,176,5
935,685,4
192,476,2
749,254,2
567,135,3
642,609,3
251,472,3
807,1444,3
109,1135,4
72,50,2
436,470,4
411,172,5
268,60,5
648,1060,2
514,183,3
222,537,4
788,64,5
223,1009,1
256,866,4
709,578,4
505,164,4
582,288,3
417,164,3
417,380,3
779,21,5
919,475,3
102,578,2
276,57,3
347,455,2
862,982,4
437,79,4
222,577,1
535,7,5
58,501,2
257,50,5
541,204,4
580,148,4
870,1,5
551,307,4
76,806,4
705,932,5
7,679,5
536,746,5
212,191,3
18,949,3
690,72,2
417,411,2
481,181,5
693,685,4
294,876,3
435,225,3
77,1028,1
262,974,3
872,310,4
326,563,3
318,866,4
268,728,2
405,212,1
533,489,4
435,288,4
746,176,5
455,123,3
94,196,4
870,170,5
399,622,4
655,207,3
798,72,3
874,124,4
913,269,5
269,167,1
806,45,4
868,89,4
660,95,2
712,768,5
18,57,4
504,294,2
472,373,4
500,125,3
397,327,2
181,881,1
924,100,4
437,497,5
52,25,5
660,472,2
83,728,4
655,582,2
282,258,5
129,327,3
711,704,4
7,44,5
779,95,5
343,4,5
380,474,4
271,137,4
851,327,4
334,521,4
795,2,3
76,358,2
178,1011,3
52,250,3
453,12,5
844,431,4
464,50,4
655,1642,4
13,177,5
60,654,4
642,771,3
904,603,4
324,846,5
881,443,5
524,79,4
144,1013,1
243,191,5
221,721,5
643,49,3
727,849,2
486,129,4
889,943,3
747,13,3
458,1011,3
870,218,4
190,9,1
881,54,4
875,806,4
851,841,3
119,986,3
398,85,4
169,133,4
338,613,3
509,345,1
328,1401,2
741,1029,1
634,272,5
363,28,4
870,13,4
619,258,5
18,60,4
815,114,5
934,132,4
292,525,5
579,49,3
766,521,4
527,582,2
889,276,4
749,200,4
883,69,2
940,153,2
749,142,4
506,746,5
876,22,4
567,1131,4
343,215,5
617,175,4
498,515,4
158,745,4
834,284,4
882,181,5
506,198,2
716,387,4
201,1137,4
425,97,2
586,679,3
491,684,5
380,152,2
721,1,5
279,147,4
487,713,4
803,286,5
833,642,3
864,483,5
679,748,4
916,1074,3
727,176,4
226,527,4
802,98,4
653,1012,4
634,282,4
379,527,3
710,418,3
393,123,4
358,469,4
279,1493,1
121,118,2
704,209,3
344,472,3
246,559,3
405,47,5
735,1012,2
705,241,4
378,665,2
393,136,5
475,286,2
177,307,4
406,520,4
262,172,2
784,334,3
573,661,4
710,303,4
116,582,3
594,276,3
248,11,5
299,207,3
234,208,4
320,385,4
224,277,3
846,44,1
457,265,5
295,404,4
728,25,4
796,39,3
486,319,3
899,318,4
230,141,4
829,855,4
347,137,2
420,14,5
881,582,1
624,508,4
378,441,3
541,660,5
666,960,4
42,103,3
15,333,1
405,381,1
70,161,3
293,955,2
270,569,4
337,371,4
405,186,5
393,805,2
763,12,5
798,1164,3
405,1219,1
521,184,4
422,682,2
254,313,5
276,355,3
883,511,4
788,180,4
701,124,5
790,1446,4
433,286,5
541,542,1
42,215,5
922,596,4
869,181,3
864,781,3
704,208,3
551,331,5
889,89,4
387,121,2
601,195,3
526,886,3
622,721,4
682,431,4
500,383,3
14,56,5
193,879,3
210,392,3
474,508,3
488,132,3
779,225,4
533,226,4
828,960,5
620,237,4
457,368,1
181,1049,1
102,88,3
450,741,3
514,174,5
196,382,4
284,286,4
644,258,4
682,22,5
592,568,5
82,640,3
591,740,4
459,98,5
758,38,3
679,42,4
450,316,4
90,713,4
236,237,4
376,514,4
694,187,4
592,527,5
807,472,4
62,845,3
320,1081,4
262,288,3
381,225,3
346,55,5
659,519,4
690,121,3
796,429,4
268,369,1
776,1172,2
864,8,5
581,253,5
250,44,4
126,327,3
181,952,1
624,273,4
436,550,4
445,405,4
293,12,4
407,869,3
486,302,5
582,181,4
666,176,4
279,843,4
279,172,2
869,126,2
535,162,3
923,926,4
222,829,3
797,990,2
399,542,3
174,221,4
875,187,4
20,405,3
578,258,1
249,478,4
653,797,2
838,748,3
427,258,4
592,169,5
639,648,3
186,226,5
840,143,4
307,402,2
160,462,4
650,141,4
516,660,5
682,742,3
537,1070,3
301,514,3
444,678,3
615,238,3
254,269,2
298,203,3
881,323,2
864,232,4
417,946,4
653,87,4
423,286,4
94,366,3
542,214,3
429,1076,2
618,939,2
865,831,1
221,250,5
450,468,4
286,1118,1
437,642,1
768,310,4
838,289,5
92,655,4
151,286,5
815,182,3
38,162,5
614,286,2
487,53,2
738,298,3
279,130,1
59,650,5
655,1233,3
514,11,4
244,54,2
43,501,4
924,705,5
276,410,4
468,372,2
629,984,3
5,66,1
279,70,1
632,55,2
322,192,5
308,582,3
7,637,4
500,258,4
848,584,3
332,1047,3
6,502,4
284,304,4
470,458,4
686,23,5
931,476,3
625,655,3
301,181,5
804,168,5
774,654,2
406,47,4
654,660,5
854,174,3
64,568,4
145,405,3
14,514,4
848,421,5
144,193,4
665,172,4
877,744,5
878,512,5
181,93,1
62,204,3
537,1048,2
609,901,1
151,197,5
40,337,4
391,678,2
742,24,3
332,273,5
76,772,3
871,121,4
359,286,5
85,845,3
741,234,4
654,294,3
525,685,4
421,213,3
833,597,1
709,697,5
606,483,5
436,423,4
794,285,5
766,229,3
642,233,4
276,8,4
891,717,4
535,133,5
351,751,4
795,191,4
830,202,5
299,259,3
666,1071,3
854,823,2
798,577,2
827,302,4
158,985,4
126,337,5
399,343,2
30,319,4
822,926,2
782,247,1
653,234,3
393,96,4
407,176,4
391,421,2
345,762,5
655,1245,3
215,421,4
889,493,3
770,295,4
307,949,4
59,14,5
151,709,5
833,1335,2
273,268,5
394,385,5
12,276,4
6,79,3
934,483,3
402,476,3
347,97,4
655,449,3
711,154,4
343,252,4
172,772,1
87,22,4
737,169,4
31,490,4
864,163,4
295,513,4
425,669,3
916,123,3
389,662,3
733,933,1
296,24,2
201,69,2
398,235,2
506,177,5
583,483,5
554,423,4
774,64,3
938,405,3
234,163,3
85,588,3
737,127,5
433,457,1
806,628,3
23,504,4
35,243,2
309,324,3
303,24,3
671,748,3
712,395,4
829,116,4
345,126,5
461,321,3
606,763,5
451,988,1
877,60,5
655,915,4
896,33,2
373,102,5
938,281,2
665,417,3
85,531,4
373,625,4
826,391,4
747,659,4
524,490,3
200,139,3
453,188,4
592,127,5
700,98,3
201,302,4
280,235,5
569,298,3
232,8,2
886,176,4
385,603,5
870,474,4
642,386,5
450,389,4
457,164,4
868,214,3
447,288,4
552,288,2
378,550,2
896,710,4
655,781,1
122,423,4
450,1226,4
848,89,5
527,177,5
699,221,4
495,174,5
258,313,5
333,269,2
151,614,4
572,813,4
745,183,3
655,762,2
665,200,4
624,326,3
294,902,4
600,373,3
570,258,3
313,526,4
3,271,3
330,91,4
592,242,5
903,1381,4
621,38,3
30,252,3
87,204,5
561,928,2
378,181,4
916,5,3
885,383,2
504,151,4
399,774,3
109,204,4
276,496,4
377,271,4
181,1115,1
738,196,4
398,700,2
188,180,5
434,628,1
557,337,5
655,79,5
848,501,3
119,147,4
299,285,5
435,151,3
73,187,5
145,554,3
864,356,4
114,179,5
290,523,3
296,292,5
42,203,4
41,173,4
276,258,5
806,875,3
601,123,1
146,340,4
276,544,3
270,97,4
864,24,5
151,451,5
262,393,2
474,92,4
642,90,4
590,1331,4
94,765,3
6,474,5
279,544,1
707,172,2
313,604,4
682,732,3
102,403,3
200,94,4
236,328,5
624,312,4
233,313,5
16,684,5
328,7,4
15,823,2
280,54,2
305,204,2
64,588,4
193,465,3
889,469,4
60,592,4
405,1036,1
664,57,4
363,102,4
194,736,2
383,641,4
262,778,4
57,181,5
620,172,4
69,268,5
655,44,2
470,360,2
416,43,1
451,879,4
490,246,2
465,199,3
452,153,4
426,836,3
416,475,2
503,382,4
147,305,4
544,259,1
666,129,4
286,97,4
10,16,4
551,125,4
653,1087,2
807,820,3
499,521,4
936,124,4
313,205,5
851,355,4
587,350,3
336,1047,4
90,654,5
142,346,5
194,770,4
85,152,5
293,290,2
13,201,1
381,313,2
276,108,3
711,169,5
186,887,4
790,209,1
930,113,5
324,259,5
405,954,4
195,877,3
758,79,4
72,2,3
741,1090,1
339,735,4
632,651,5
44,82,4
417,185,3
364,948,4
545,231,4
727,538,3
585,165,4
667,79,3
405,1563,1
25,50,5
126,315,4
585,509,4
13,132,4
198,727,4
535,511,3
293,820,2
861,463,3
276,203,4
75,597,3
579,186,3
503,778,5
187,175,2
254,384,1
274,300,5
747,189,4
456,479,5
330,376,4
200,509,4
630,222,4
94,942,4
137,55,5
646,349,2
168,15,5
497,1047,3
524,95,3
276,433,4
123,288,3
937,268,1
686,451,4
788,1277,3
82,235,1
65,98,4
486,1016,2
624,979,4
331,59,5
450,202,4
334,248,4
826,431,5
100,898,4
1,180,3
293,158,2
109,332,3
42,735,4
122,513,4
815,435,4
919,302,4
158,648,5
623,275,5
77,238,5
6,468,3
28,529,4
503,318,5
58,153,5
707,732,4
58,189,3
101,237,5
697,323,4
425,853,4
474,527,5
137,260,3
733,282,3
193,682,1
911,727,2
586,1273,4
92,191,4
684,1028,4
130,250,3
553,514,3
472,132,5
655,315,4
145,173,5
539,19,5
308,611,4
233,521,5
194,95,3
236,97,5
402,9,4
650,196,4
234,601,3
14,845,3
406,13,2
790,228,3
330,185,4
194,86,3
917,150,5
246,721,4
840,656,4
15,243,1
683,270,3
618,111,3
655,224,3
593,1221,3
880,527,4
592,174,5
303,1217,1
666,1110,3
757,433,4
591,367,3
622,165,5
268,178,4
268,544,3
58,144,4
286,819,3
451,300,4
518,820,2
95,3,1
561,380,2
568,1125,4
431,327,3
405,81,3
406,158,2
689,358,4
823,474,5
543,23,4
733,1380,2
327,196,4
710,627,4
671,12,5
504,517,4
62,227,1
206,903,2
883,1009,4
162,147,4
114,269,4
314,276,1
893,771,3
198,197,4
210,403,4
16,761,2
315,327,4
588,380,3
305,83,3
507,50,5
417,550,3
804,84,3
548,504,5
312,606,5
908,322,2
788,185,4
804,1060,3
326,98,5
313,245,3
311,63,3
410,538,3
545,139,3
347,172,5
6,491,4
630,25,2
825,423,5
494,323,3
312,1039,5
293,94,2
523,727,4
738,528,4
719,98,5
474,116,5
425,171,3
321,175,3
94,655,4
212,515,4
710,330,3
943,204,3
321,430,3
537,539,1
194,83,3
747,524,5
747,463,3
374,192,5
514,87,5
343,76,4
347,25,2
18,236,3
791,332,5
700,168,3
378,482,4
630,111,5
846,185,5
256,187,3
336,585,3
533,792,3
804,526,4
293,132,4
125,430,4
49,117,1
598,300,4
320,22,5
727,250,5
924,202,4
665,527,3
864,28,5
769,597,2
805,271,3
303,398,1
796,1090,4
693,403,2
94,381,4
168,325,1
221,42,5
387,204,2
877,748,4
387,246,3
535,1039,4
871,92,3
82,529,4
269,195,3
481,427,4
892,216,5
782,872,2
116,340,3
450,135,3
389,616,4
535,318,4
550,300,4
239,1056,5
181,619,3
42,54,4
224,569,3
853,330,1
660,1074,1
463,319,1
508,238,4
378,508,4
497,228,3
496,746,3
378,65,3
492,1147,1
477,732,4
592,215,5
123,432,5
264,436,3
42,174,5
233,196,5
458,69,2
643,674,3
697,1022,1
342,433,5
332,288,5
116,297,3
379,285,5
161,486,1
493,338,4
303,597,1
226,92,2
450,417,4
929,479,4
450,232,4
916,9,5
487,11,5
326,1126,2
317,323,2
496,97,1
60,207,3
618,416,4
517,755,3
551,660,3
430,221,5
233,257,4
932,226,3
222,38,2
313,566,4
104,1226,3
655,531,4
279,1413,5
5,412,3
633,318,4
805,550,3
322,656,5
195,313,5
943,576,4
81,1059,3
690,239,2
621,790,4
605,294,4
237,211,4
286,90,4
52,288,3
234,673,4
334,56,4
891,107,5
210,114,4
632,168,4
363,631,1
187,209,4
536,94,4
771,652,4
679,154,4
867,498,4
537,323,1
424,50,3
711,381,5
648,90,3
311,716,4
533,627,2
286,280,4
882,470,4
771,873,3
268,205,5
276,340,5
450,713,3
592,289,4
748,527,5
719,237,2
694,71,4
773,343,1
676,345,2
521,405,2
790,83,3
575,176,4
804,692,5
213,197,5
401,507,4
286,50,4
747,429,4
846,1045,3
304,893,3
447,158,3
152,167,5
63,116,5
883,22,3
783,345,4
715,276,3
763,73,3
309,1393,2
398,435,5
850,300,5
426,1064,4
843,1480,2
92,12,5
373,748,4
421,498,4
181,681,1
798,181,5
145,447,5
505,419,3
43,323,3
213,64,5
536,190,5
526,936,5
781,179,5
798,21,5
846,560,1
648,250,4
396,930,3
41,265,3
233,64,5
115,673,3
42,521,2
748,118,2
59,71,3
535,188,3
643,89,3
99,354,2
543,190,5
424,258,2
72,509,4
782,1609,1
689,117,4
119,168,5
561,675,3
619,323,3
425,751,2
7,443,5
354,429,3
650,629,3
611,306,5
268,588,3
863,359,3
484,211,4
880,1095,3
374,463,1
721,749,3
638,127,2
901,756,4
305,210,3
770,302,2
154,258,3
514,380,4
903,1073,3
738,181,4
429,440,1
758,91,4
298,625,4
214,319,3
806,1048,3
102,732,3
230,95,5
454,566,4
234,945,3
577,660,3
889,91,4
782,335,2
262,443,3
708,508,4
506,878,3
90,302,5
280,1035,4
647,173,5
405,1535,1
514,435,3
41,516,5
455,462,3
181,1362,1
790,22,5
943,196,5
611,752,5
27,298,4
533,443,3
459,815,4
916,239,3
308,709,3
251,147,3
620,8,3
892,238,4
314,781,3
389,182,5
918,86,4
334,337,4
605,405,3
327,183,3
812,682,4
792,121,4
407,235,4
181,1380,1
311,96,5
416,245,2
253,566,4
184,780,4
916,702,3
479,202,4
95,483,3
894,754,4
271,168,2
459,255,4
256,118,5
599,274,5
569,225,3
183,228,4
896,191,4
106,956,3
864,127,4
504,417,3
883,227,3
26,283,3
5,79,3
646,304,3
840,419,5
724,1432,1
312,968,5
606,591,3
621,692,4
358,357,4
604,234,5
342,240,3
284,877,2
886,63,3
320,235,3
709,808,4
201,684,3
307,196,3
22,393,4
342,381,5
840,208,4
312,483,5
346,1258,4
389,479,4
23,479,5
519,1280,5
694,161,4
267,684,4
130,449,4
267,77,3
13,205,2
361,727,3
405,956,2
62,171,4
394,56,5
334,190,4
642,734,3
437,129,1
389,410,3
324,597,4
373,401,4
677,307,5
409,485,2
682,92,5
627,100,5
192,302,5
60,151,5
806,230,4
747,604,5
603,988,4
130,42,4
279,1181,4
318,403,2
594,744,3
455,550,4
622,117,4
128,1,4
262,386,3
751,484,3
774,203,2
144,124,4
711,921,5
339,1301,3
458,823,3
65,210,4
537,187,4
655,273,4
514,732,5
41,191,4
655,187,5
90,709,5
695,242,5
234,481,5
322,1019,4
862,222,5
213,685,3
447,85,4
329,181,4
541,877,1
381,724,3
234,292,4
896,196,3
104,257,4
890,501,4
184,1010,4
422,248,3
170,259,3
454,531,2
943,231,2
16,66,4
453,164,3
867,295,4
201,1056,2
599,763,5
393,66,3
823,55,4
116,539,2
224,723,2
556,321,4
301,281,4
796,500,4
176,151,4
702,350,1
6,493,5
62,739,2
705,684,3
650,423,3
606,756,3
889,24,4
386,24,4
398,152,4
326,196,4
500,237,3
537,60,3
885,174,5
907,5,5
214,1017,4
178,187,4
128,265,5
312,265,1
326,186,4
289,21,1
503,1194,5
360,197,5
417,230,3
44,55,4
406,281,3
399,763,2
468,69,4
62,875,4
13,33,5
666,525,4
313,132,5
582,411,1
429,685,3
724,938,3
15,926,1
450,900,5
399,41,2
141,255,4
666,7,4
622,111,4
25,228,4
843,708,2
422,590,2
501,411,4
406,756,3
373,162,3
385,56,5
833,429,3
318,1204,2
224,731,4
189,792,5
929,521,5
380,414,2
663,13,3
13,820,4
917,237,5
72,181,1
887,932,2
308,569,3
943,609,2
555,1054,3
588,272,5
427,245,5
267,233,4
57,744,5
409,1070,4
293,371,2
728,304,4
40,346,2
624,316,4
487,333,3
361,949,4
373,1133,3
177,299,4
543,66,3
327,856,4
823,157,5
201,213,4
569,252,3
932,486,5
76,64,5
592,223,5
682,4,3
268,164,2
303,184,5
630,257,3
159,948,2
464,709,5
60,751,2
588,393,4
399,768,3
890,136,5
290,1060,3
883,1115,4
325,174,2
312,835,5
843,135,5
457,469,4
82,1126,4
807,630,4
538,204,3
60,405,4
654,13,1
141,471,4
58,340,4
374,216,5
174,546,3
943,808,4
480,504,4
907,591,5
291,933,4
878,416,5
344,486,4
90,234,4
375,218,3
318,248,3
579,4,2
536,736,5
406,71,3
195,1407,2
118,603,4
383,223,3
234,942,3
867,28,5
339,1526,4
666,121,3
796,796,4
66,284,3
464,176,4
29,332,4
550,538,5
299,166,4
398,86,3
747,1225,3
463,7,4
128,180,5
332,284,5
545,447,3
880,123,4
439,13,3
305,160,4
83,161,4
385,423,2
870,54,2
863,340,3
416,469,4
161,127,3
818,303,5
727,167,2
26,284,3
752,310,1
916,1070,4
452,530,3
902,79,5
407,382,3
77,132,3
83,66,4
716,823,3
277,255,4
637,685,3
653,229,3
888,644,4
381,607,4
494,289,1
429,165,5
504,631,4
693,697,4
897,546,4
450,183,4
788,755,3
804,445,4
328,433,2
339,327,4
45,278,3
264,1070,4
567,1019,5
7,404,5
592,64,5
208,56,2
287,252,1
604,164,4
897,89,4
398,991,2
758,391,3
892,192,5
588,385,3
100,880,1
599,319,2
367,200,4
642,554,4
174,934,4
89,107,5
780,510,4
22,688,1
877,737,1
356,313,5
642,252,5
617,607,4
696,523,5
897,265,3
681,894,1
393,2,4
622,222,5
788,645,3
693,471,3
643,240,5
788,1042,3
53,1087,4
699,23,4
328,82,4
552,717,3
782,1096,2
846,1540,3
181,595,2
363,473,4
606,68,5
308,166,3
229,316,1
685,289,2
393,82,4
128,117,5
23,90,2
311,135,4
320,742,4
870,313,4
743,268,4
916,509,4
271,48,4
506,29,2
417,810,3
682,1074,4
542,12,4
891,595,3
776,50,5
354,509,5
128,462,4
235,96,4
224,15,4
198,203,3
233,47,5
535,604,4
916,96,3
926,294,3
463,285,4
401,604,4
828,59,5
673,328,4
532,754,4
787,877,2
787,324,2
747,91,5
299,70,3
821,28,5
890,589,5
379,381,5
221,273,5
738,176,5
588,724,2
819,319,4
532,404,5
633,177,3
784,898,4
158,1067,4
407,249,2
725,358,3
676,50,5
622,1078,3
253,96,5
459,230,4
619,562,3
429,583,3
2,314,1
13,317,5
38,1030,5
313,673,4
872,815,4
826,385,5
533,295,4
771,242,4
586,676,3
805,417,2
503,241,5
429,629,3
123,657,4
567,604,4
500,45,4
341,358,1
663,876,3
328,153,2
726,845,3
102,684,2
435,720,2
363,316,3
290,357,3
363,919,5
169,181,5
201,233,4
472,215,4
676,303,4
716,514,5
430,523,4
548,291,5
561,526,3
201,686,2
13,327,3
457,209,5
226,250,4
276,419,5
343,98,5
610,751,4
913,260,1
796,222,5
707,492,2
664,479,5
508,239,2
165,169,5
178,124,4
675,1255,1
747,865,5
162,1047,5
294,307,3
589,688,4
422,515,4
293,705,5
180,1046,2
94,744,4
527,956,4
711,566,2
453,298,4
119,471,4
250,258,4
320,1041,3
543,202,4
13,675,5
468,173,5
655,974,2
721,755,4
312,197,4
490,284,3
708,845,5
59,170,4
11,433,4
805,525,4
383,188,5
865,744,4
728,471,4
32,1023,3
877,274,4
840,96,2
457,57,4
728,742,4
615,527,4
659,387,4
178,202,5
137,172,5
655,1140,3
280,483,4
374,153,5
316,988,1
404,270,4
535,1063,4
763,151,4
450,553,2
314,796,2
938,105,1
264,1103,5
483,582,3
795,120,3
505,207,3
198,501,4
498,754,2
640,170,5
786,286,4
894,307,3
367,7,5
758,88,4
326,33,2
276,547,4
537,515,4
77,42,5
521,343,3
620,706,3
284,906,3
630,472,3
936,13,4
561,504,3
279,386,3
406,588,4
660,301,3
531,300,4
634,410,4
454,1269,3
445,844,2
650,210,3
480,527,4
5,17,4
836,180,5
393,189,4
358,1396,4
690,746,2
212,645,3
833,347,3
57,125,3
56,28,5
655,312,2
897,369,4
848,357,5
440,340,2
699,291,3
144,303,4
113,326,5
468,222,4
639,116,3
23,109,3
796,483,5
602,181,5
210,692,4
308,404,3
535,172,3
184,187,4
296,237,5
18,496,5
615,387,3
45,1061,2
715,1217,2
522,179,5
234,524,3
421,129,5
61,243,2
393,294,4
405,35,2
537,270,3
326,670,3
653,1444,3
588,783,4
407,565,3
7,599,1
474,237,4
796,210,3
699,16,3
524,739,2
181,1373,1
599,260,1
174,202,5
606,928,4
804,662,4
417,80,4
311,751,3
796,705,4
659,187,5
833,576,3
416,72,2
694,230,4
625,405,3
13,670,3
833,824,1
268,479,4
292,209,5
923,322,4
747,558,4
592,193,5
416,1,5
435,298,4
519,909,5
655,1602,3
511,292,5
450,702,4
588,318,4
160,844,3
416,93,4
271,518,4
591,88,3
394,577,2
458,694,4
698,662,2
266,14,4
303,450,3
617,427,4
537,1008,2
551,1207,1
339,69,4
913,604,2
592,747,4
380,515,4
5,219,3
622,577,2
916,727,4
430,165,4
416,378,5
305,423,4
504,210,4
52,864,3
379,4,5
296,923,5
197,1419,2
760,183,2
577,673,3
336,216,5
468,1070,5
734,699,4
372,273,5
533,595,2
741,66,3
363,625,4
884,509,4
544,346,4
417,358,2
479,463,4
251,202,4
303,46,3
407,179,3
642,731,5
374,566,3
934,581,2
201,230,3
312,8,5
371,357,5
438,269,4
442,441,3
21,741,3
201,467,2
10,610,4
538,385,3
941,117,5
535,435,5
387,144,3
85,57,5
393,924,4
389,1036,2
599,1014,4
542,175,3
712,376,3
916,405,2
326,4,1
299,522,3
407,796,2
655,972,3
419,306,5
592,589,5
639,174,4
30,538,4
627,511,4
372,148,5
373,96,4
31,875,4
927,385,4
648,193,4
755,875,1
347,276,3
437,432,3
406,507,4
243,461,3
785,137,2
919,285,5
532,197,5
187,1065,4
457,476,2
505,307,4
881,385,4
902,172,4
699,471,3
811,315,4
321,432,5
933,62,1
921,1028,4
517,1047,2
802,440,3
738,732,3
70,208,4
747,497,5
653,411,2
130,63,4
713,1176,3
642,368,4
158,217,5
85,56,4
13,739,4
130,185,5
164,298,3
393,363,3
621,542,2
321,116,3
299,692,4
524,584,1
544,301,2
619,22,5
7,502,5
345,48,5
416,153,4
880,556,3
227,748,1
936,866,2
389,411,4
11,238,3
864,123,4
512,56,5
789,93,4
197,307,3
74,326,4
804,401,2
354,305,4
495,504,4
321,484,5
711,463,5
719,97,3
323,772,3
144,4,4
758,810,3
749,133,4
804,582,3
452,52,3
318,216,4
363,235,5
241,270,3
653,222,3
387,650,2
254,188,3
620,1091,4
181,460,1
496,443,2
24,358,3
458,469,4
110,578,3
291,924,4
545,426,3
472,185,5
529,319,4
499,328,5
663,326,4
128,58,3
4,288,4
892,568,4
582,117,3
932,1149,4
830,96,3
405,182,1
312,1172,5
363,96,5
320,1011,3
699,106,3
620,676,3
361,100,5
334,1074,2
343,189,4
435,188,4
422,926,2
889,430,4
758,517,3
305,196,4
222,869,3
802,413,4
664,642,4
734,742,4
424,304,4
95,69,5
627,655,4
889,269,4
883,66,3
454,310,4
788,1303,3
538,294,3
407,239,4
674,245,4
227,117,2
786,132,5
940,200,3
346,642,3
99,107,3
232,269,3
21,989,3
88,300,3
541,71,5
766,451,2
354,433,3
707,1257,2
881,1028,3
529,984,4
757,4,5
387,531,3
244,156,4
374,685,4
818,269,3
504,132,5
655,942,4
585,529,3
489,327,5
796,692,5
291,38,3
923,713,5
880,1225,2
405,1055,3
690,649,4
298,356,3
760,300,1
741,215,4
487,81,3
896,260,2
116,895,2
843,234,4
490,293,2
682,351,4
487,470,5
633,110,3
386,50,4
693,121,2
6,536,4
417,206,2
470,874,3
795,386,3
406,216,3
489,353,4
586,121,5
865,588,2
722,628,4
113,328,5
833,211,3
870,583,2
864,1109,4
483,249,2
29,264,3
119,1264,3
14,762,3
177,292,3
185,258,4
184,664,3
14,50,5
305,239,3
327,628,2
378,451,4
293,509,3
538,82,4
162,122,2
510,292,4
277,124,3
498,203,5
919,1137,4
221,56,5
104,926,1
209,50,5
514,898,2
49,54,2
541,83,5
796,491,4
697,181,4
387,446,2
474,238,4
35,328,3
389,480,5
115,181,4
56,73,4
313,499,3
286,345,4
92,383,1
181,1117,2
312,134,5
668,896,4
60,59,5
370,98,4
450,969,4
545,196,4
297,176,4
37,22,5
70,210,4
881,127,4
90,762,3
684,111,4
813,358,3
200,193,4
322,346,3
524,898,4
619,331,4
372,23,5
539,197,5
42,1048,1
52,237,4
374,70,4
195,99,3
594,50,3
109,405,5
1,112,1
655,1560,2
142,259,3
447,282,4
524,71,3
321,474,4
374,406,3
622,66,3
334,340,3
77,183,5
346,1210,3
85,170,4
222,81,1
655,1388,3
537,928,1
234,1298,3
650,755,3
758,597,2
42,451,2
150,319,4
664,509,4
870,179,4
221,1010,3
315,654,5
215,82,3
348,276,3
128,204,4
536,501,3
658,195,3
474,609,4
634,137,3
3,333,2
179,916,5
92,1014,3
311,195,4
229,875,1
311,944,4
59,448,4
145,200,4
276,803,2
450,1282,3
387,357,5
592,480,4
10,705,4
561,31,2
921,410,2
130,684,5
303,168,5
615,735,3
129,303,3
85,528,4
66,475,2
924,286,3
568,606,5
683,513,5
83,1035,4
881,393,4
882,471,4
617,1316,1
602,50,5
87,535,4
280,448,3
264,283,5
187,186,4
592,939,3
26,455,3
622,95,4
385,285,5
833,384,3
749,180,4
342,410,3
233,215,5
94,652,4
233,511,5
201,86,4
883,796,3
321,19,4
624,1059,1
314,791,4
766,133,3
200,286,4
565,212,5
453,204,4
773,264,2
143,272,4
327,218,3
796,450,3
387,71,2
293,780,3
307,210,2
526,269,5
85,190,4
774,1218,3
392,258,2
551,26,4
406,826,3
116,344,5
160,202,4
711,248,5
790,708,3
870,124,4
429,673,3
695,264,1
716,705,5
430,50,4
796,66,5
333,520,4
201,29,3
303,997,2
805,241,2
774,452,1
907,724,5
600,1407,2
615,192,5
537,478,4
465,100,3
234,526,3
804,11,4
587,876,2
215,11,2
648,472,3
314,742,4
474,244,4
256,989,5
58,1097,5
773,100,4
671,5,2
244,527,5
181,220,4
621,208,4
553,199,4
385,253,3
854,945,3
500,1163,1
6,95,2
479,748,3
213,288,4
332,770,3
283,393,4
527,855,2
501,293,4
642,1,5
747,959,5
524,289,4
683,248,4
698,613,5
95,294,2
908,494,3
682,716,2
370,14,3
33,879,3
881,43,3
294,105,3
117,168,5
937,874,3
189,100,4
567,174,1
795,96,2
660,1135,2
448,900,3
330,94,4
153,22,2
144,73,3
303,1073,4
538,168,3
650,23,3
823,218,4
256,1028,4
269,518,4
301,273,1
747,99,5
886,472,3
333,739,5
658,844,3
255,100,3
592,4,4
234,22,4
737,501,1
593,97,4
345,1101,4
207,98,4
747,945,4
179,301,4
622,1203,3
1,245,2
601,482,4
38,211,1
699,989,4
537,948,1
934,461,4
929,197,3
886,657,5
271,31,4
893,286,4
711,739,3
536,614,4
522,12,5
523,257,5
592,682,4
257,121,3
198,428,4
56,87,4
864,70,4
774,4,2
668,752,4
551,1220,5
405,1408,1
707,603,3
232,215,3
22,996,1
344,479,4
171,288,2
919,1114,3
858,289,3
845,269,4
41,276,2
527,429,5
156,806,3
824,322,4
748,234,4
92,463,4
60,684,4
900,129,4
298,820,4
459,328,3
254,624,2
618,724,3
102,338,2
733,1011,4
58,497,2
838,169,4
833,192,5
399,531,3
533,47,1
253,1016,3
767,657,4
311,498,4
270,1210,5
916,125,3
334,1073,4
256,785,4
291,558,4
25,498,4
666,302,5
889,86,4
128,387,2
312,618,5
451,1265,4
665,195,3
911,209,5
617,859,3
524,72,4
790,70,3
846,414,4
239,1204,4
64,214,3
735,327,3
642,826,5
195,636,2
764,866,4
588,1428,5
420,190,5
450,284,4
379,391,4
666,963,3
381,303,3
693,99,3
648,412,1
187,191,5
130,236,5
90,57,5
685,991,1
774,29,1
380,631,4
897,523,5
334,436,3
82,1001,1
87,685,3
459,1190,4
754,937,4
72,402,4
747,462,5
45,934,2
501,307,4
618,97,5
87,472,4
74,288,3
751,1035,2
187,651,5
845,690,5
344,95,4
846,194,4
497,455,4
756,141,3
867,168,4
201,537,3
880,381,4
105,268,4
1,71,3
262,238,4
705,97,3
880,28,5
280,241,2
211,215,5
90,478,5
593,71,4
271,823,3
639,202,2
107,268,4
357,841,3
187,275,5
276,193,4
280,699,4
367,164,4
592,752,4
97,202,5
835,97,5
144,1101,4
452,498,4
55,174,4
398,1020,3
69,240,3
398,485,5
719,673,3
850,28,5
286,704,2
648,144,4
790,184,3
844,919,3
293,313,4
405,737,1
538,318,5
99,288,4
1,54,3
234,511,5
851,10,3
27,118,3
450,265,5
222,228,5
805,475,5
174,582,4
618,770,2
46,538,3
13,261,1
313,71,4
624,845,3
314,220,4
798,862,3
409,338,3
624,687,2
707,387,4
188,1263,3
506,554,3
921,1034,3
393,333,4
682,168,5
497,42,4
104,407,2
425,231,3
194,465,3
932,805,4
16,99,5
87,1079,2
449,1006,4
227,756,3
497,82,4
515,748,2
376,14,4
916,1079,2
236,265,2
813,988,3
535,1,3
429,12,5
280,942,5
880,158,2
14,663,5
91,331,5
674,763,5
639,709,3
85,923,4
92,294,3
339,403,3
659,610,3
896,179,2
297,102,1
469,127,4
768,354,3
184,629,3
181,225,3
287,710,4
838,174,4
882,99,5
334,197,4
42,367,2
550,323,5
52,742,4
838,271,4
405,673,5
293,815,2
701,304,4
59,211,5
838,96,4
748,326,3
79,116,5
844,109,2
747,500,4
154,874,3
544,304,3
551,280,3
102,201,2
751,237,2
149,313,5
860,514,5
577,226,4
379,385,2
747,416,5
417,625,4
782,1477,3
470,248,3
7,635,3
484,117,4
546,816,3
899,499,3
846,92,4
195,1014,4
711,660,5
717,7,4
565,515,5
504,729,5
174,742,4
118,551,5
207,1023,3
94,696,4
727,188,3
198,939,3
577,407,4
274,1051,4
486,975,3
760,819,1
318,768,2
538,213,3
521,31,3
773,90,4
474,185,5
767,22,4
656,346,3
354,602,3
877,1402,4
297,17,3
916,1401,3
339,47,4
425,597,1
653,1,4
839,825,4
655,511,3
866,269,3
567,136,5
339,240,4
650,576,1
85,512,3
295,71,5
450,1140,2
145,260,4
660,1178,1
895,1014,3
308,298,5
256,21,4
109,449,5
315,185,4
221,173,4
85,496,4
181,370,2
869,116,4
201,28,3
3,352,2
198,174,5
741,172,5
339,153,4
324,340,5
5,430,5
589,294,5
299,171,4
92,961,4
897,660,4
641,434,4
276,69,4
518,118,5
913,174,5
829,213,4
565,855,5
608,509,1
655,1322,2
624,898,1
472,367,5
151,423,4
279,1376,4
193,161,3
847,96,4
626,748,2
778,174,4
585,1344,3
362,313,4
233,654,4
709,65,2
109,1228,3
486,282,2
790,364,2
83,862,4
331,7,4
476,732,3
648,477,3
194,282,3
586,358,4
22,53,3
300,288,4
626,264,1
299,86,4
881,1133,2
201,211,3
586,31,4
881,755,4
823,503,5
872,268,1
899,154,5
1,121,4
272,174,5
850,494,3
924,13,3
927,410,1
276,1046,3
269,217,2
49,931,2
862,432,5
894,278,4
253,82,3
727,405,3
757,153,3
324,282,5
245,597,4
694,654,4
655,87,3
783,299,5
603,174,3
387,199,4
504,257,5
447,68,5
222,750,5
653,328,4
360,116,3
548,282,4
551,66,2
524,614,5
94,39,3
699,109,3
854,382,4
187,134,3
840,216,4
301,176,4
320,95,3
425,70,3
12,480,4
604,200,1
671,554,4
865,95,1
869,13,3
629,269,3
222,210,4
334,631,4
577,313,4
1,161,4
892,1219,2
602,125,4
378,1092,3
178,326,4
829,1121,4
268,209,4
771,98,1
5,414,3
692,1023,2
279,517,4
474,1050,4
763,464,3
254,415,3
331,178,3
128,404,3
291,128,4
881,289,1
216,628,4
505,174,4
586,68,4
889,664,2
131,293,3
757,164,3
402,15,5
684,100,4
299,67,2
49,396,4
303,200,4
544,328,3
907,50,4
586,79,4
116,294,2
942,282,5
436,215,4
18,190,4
106,739,3
454,89,1
123,483,4
684,402,3
94,22,4
429,481,3
805,56,4
854,274,3
568,512,1
218,56,3
478,739,4
7,576,5
363,351,2
330,1016,3
417,15,5
244,232,4
159,220,5
136,117,4
489,1280,3
886,1303,1
404,332,4
274,1,4
825,282,4
873,294,4
470,7,3
932,566,4
75,546,3
837,151,5
425,322,3
82,56,3
655,174,3
913,747,3
271,614,4
267,575,3
618,12,4
23,483,4
665,378,3
457,1168,5
589,324,1
721,1295,3
592,1264,4
450,620,4
619,245,4
941,15,4
638,511,3
23,961,5
388,302,5
141,1280,1
344,372,4
859,3,5
534,149,2
62,541,3
760,258,5
741,393,2
642,258,3
606,228,5
342,13,3
663,985,3
346,395,1
201,531,2
790,250,5
101,7,3
703,293,4
894,221,4
683,306,3
26,597,2
13,89,4
397,58,5
943,274,3
707,155,3
207,203,3
746,183,4
354,699,3
520,898,5
198,581,3
679,520,4
332,323,5
643,117,3
455,405,3
782,1538,3
42,83,4
846,83,4
622,402,3
715,144,5
225,510,5
894,978,3
295,226,4
593,172,4
13,915,5
545,648,3
665,660,4
312,1299,4
770,929,4
615,683,1
55,254,2
709,118,5
514,114,5
460,285,4
426,490,4
913,200,5
280,58,4
671,222,1
102,195,4
868,1031,1
264,813,4
248,234,4
15,938,3
514,95,4
899,204,4
416,307,1
305,238,3
833,1210,1
207,864,3
537,175,4
283,709,5
110,22,4
347,227,4
307,450,2
916,655,3
391,58,4
7,485,5
654,128,5
655,100,3
487,2,3
583,663,4
6,486,4
577,1042,4
89,737,1
642,151,3
44,21,2
70,655,4
870,642,4
416,554,3
13,58,4
868,122,3
94,501,4
276,85,3
649,15,4
782,310,4
100,269,4
499,213,3
486,696,3
244,265,4
504,133,5
634,1067,4
854,264,1
828,269,4
841,315,4
807,393,4
880,29,2
18,704,3
588,210,4
145,825,4
95,127,4
316,97,5
487,28,4
273,303,4
767,172,5
328,443,4
115,431,4
910,50,5
280,231,3
840,172,3
728,147,4
300,328,3
561,98,4
940,213,4
339,433,4
621,419,4
368,777,2
486,846,2
394,979,5
346,211,4
758,68,3
907,821,5
846,719,2
503,121,3
456,91,2
151,469,1
178,218,3
363,88,2
682,50,5
577,200,3
380,132,4
215,227,5
587,292,3
172,488,3
796,230,5
399,179,3
503,603,3
323,258,4
495,230,5
250,56,4
154,182,5
268,95,4
405,90,4
892,56,4
663,351,2
880,1001,2
51,182,3
426,174,3
834,246,4
837,934,2
719,532,3
756,251,4
889,137,4
612,926,2
239,165,5
595,129,3
927,1229,3
737,11,3
115,772,4
92,227,1
393,761,4
891,286,5
509,288,5
906,15,3
724,751,2
373,25,4
268,228,4
532,480,5
467,340,3
559,508,3
459,148,5
438,280,5
320,763,4
486,273,3
447,629,3
560,240,3
268,402,1
295,722,4
821,1197,5
56,655,4
389,15,2
532,38,3
554,82,4
214,427,5
87,252,3
927,819,3
144,170,4
826,95,5
247,7,4
853,877,2
886,826,1
151,486,5
871,876,3
144,160,2
892,659,4
308,853,5
897,1219,4
628,984,5
817,840,2
161,654,3
540,1,3
684,88,4
922,294,4
321,133,5
293,531,4
707,15,4
417,25,2
116,326,2
452,61,1
85,222,2
932,480,5
805,143,3
527,169,4
840,478,3
305,708,3
715,233,3
345,269,5
325,181,4
751,90,3
291,28,4
716,404,4
181,981,1
503,1009,2
350,168,5
144,127,4
28,282,4
323,181,5
234,236,3
288,269,5
303,993,2
580,343,5
388,326,5
630,988,2
426,208,4
92,456,2
749,94,5
303,390,3
632,12,5
894,236,4
264,179,5
575,111,1
680,137,4
128,965,3
465,283,3
661,255,3
694,614,4
642,485,5
639,958,4
749,181,5
151,152,3
23,154,3
342,1315,1
345,239,4
535,558,5
617,573,4
919,259,4
611,288,3
536,584,5
901,174,5
527,181,4
263,134,5
117,268,5
575,98,4
790,63,2
757,969,3
871,1176,3
64,403,4
919,794,4
331,454,3
913,288,2
393,1185,3
478,866,1
64,969,3
635,742,3
22,222,4
587,260,4
502,895,4
293,742,2
666,1170,4
653,174,5
432,1047,5
749,240,1
443,340,5
503,303,5
532,259,3
334,164,3
896,455,2
823,1118,3
854,250,4
191,301,4
59,73,4
374,24,3
159,260,2
298,213,3
757,743,2
795,28,4
460,151,3
724,272,5
109,88,4
643,58,4
611,350,4
384,878,4
659,4,3
181,1384,1
227,1143,4
145,301,4
378,501,4
280,1049,2
318,712,4
95,58,3
540,820,3
435,317,2
764,98,5
704,316,4
785,1,4
131,813,3
410,311,3
326,200,2
5,189,5
786,143,4
381,479,5
424,690,3
53,7,3
221,1210,3
916,83,4
103,24,4
389,501,5
721,84,3
745,79,3
162,105,2
276,1098,4
500,61,4
295,527,4
274,288,4
388,237,5
104,628,4
13,301,1
125,999,4
807,193,4
561,151,2
130,357,5
267,959,3
85,301,4
549,225,3
690,742,3
788,433,2
768,274,3
301,229,3
263,648,5
269,235,3
548,657,5
151,378,4
843,403,2
896,248,4
457,485,4
904,237,5
593,238,4
871,955,3
42,729,3
280,80,3
622,568,4
714,1014,3
7,285,5
308,739,4
896,187,5
786,871,1
741,783,3
86,338,1
563,401,4
305,628,4
916,715,4
363,32,2
746,196,4
645,4,4
774,174,3
711,203,4
387,663,4
933,765,1
293,76,3
643,161,3
840,432,5
279,659,5
648,290,3
766,187,4
833,168,5
483,473,3
64,732,4
504,356,4
264,683,2
510,243,3
682,24,4
666,137,4
453,369,2
389,526,3
907,1167,5
16,469,3
730,300,3
657,628,3
1,248,4
496,227,1
893,235,3
712,790,4
757,241,3
393,1049,4
269,302,3
908,264,3
405,168,1
608,1221,2
34,310,4
758,258,4
807,62,3
591,1120,4
798,283,5
910,310,3
132,137,4
601,181,5
934,13,5
940,436,4
363,429,5
314,846,3
207,88,2
506,229,4
421,98,5
864,317,4
615,216,4
315,475,4
346,1231,3
7,488,4
178,118,4
256,15,5
90,52,5
590,9,3
550,596,2
141,985,4
268,203,5
566,265,4
234,367,4
489,289,2
363,184,3
464,194,5
276,5,3
417,1014,4
106,313,4
151,1050,4
637,546,1
781,223,4
327,32,4
373,230,4
564,924,3
58,1100,2
280,678,2
308,276,4
901,243,2
416,479,5
650,1126,4
648,500,5
704,461,3
307,189,4
416,807,4
41,435,3
271,52,4
393,622,4
493,754,3
161,508,2
619,332,4
834,275,3
429,80,3
608,1153,3
13,73,3
828,57,3
627,520,5
786,70,4
276,801,3
796,699,4
864,250,3
586,568,3
282,879,2
659,492,3
560,197,4
276,168,5
457,219,4
714,181,5
250,501,5
345,1014,3
653,179,4
870,386,4
943,172,4
868,398,1
19,313,2
520,289,4
103,222,3
916,190,4
774,412,3
650,222,4
141,1028,4
761,546,5
843,482,2
465,300,3
506,393,3
406,205,2
907,393,5
466,79,3
112,903,1
555,87,4
268,302,5
240,879,3
23,228,4
280,584,4
830,222,3
343,410,3
433,325,2
899,470,4
24,357,5
752,900,4
339,511,5
665,699,4
194,208,3
322,318,4
666,385,3
846,496,3
514,746,5
889,156,5
621,554,4
231,127,3
655,921,3
608,9,4
771,173,4
851,924,4
256,161,5
475,303,1
401,365,4
184,724,4
16,195,5
450,778,3
208,211,5
637,244,1
716,159,4
539,131,4
666,154,3
130,94,5
201,59,4
892,133,3
880,398,3
805,42,2
655,1600,3
64,231,3
7,70,1
48,306,4
354,513,5
458,250,1
747,531,4
749,211,5
242,1355,5
606,455,2
617,496,1
234,91,5
892,576,4
712,423,3
174,1221,5
887,368,5
757,71,4
90,1109,3
374,233,3
498,673,3
833,1154,4
664,306,4
579,56,3
682,366,4
589,892,4
551,708,1
843,739,2
122,660,3
764,371,3
777,42,5
378,4,3
533,508,4
690,780,4
416,223,5
758,533,4
901,88,5
901,140,4
548,273,5
343,223,5
843,860,3
95,141,4
705,576,4
181,473,2
738,136,4
796,151,5
144,195,5
589,289,3
781,878,1
454,988,2
250,111,4
514,486,3
49,732,3
718,274,3
588,362,3
889,524,4
588,168,5
473,7,2
469,64,5
880,570,3
881,181,4
606,294,2
293,88,3
13,769,3
59,68,2
867,150,5
434,974,5
348,126,5
889,23,3
846,212,5
664,482,5
592,367,4
289,685,4
455,118,4
656,322,1
844,930,2
156,205,3
361,443,3
776,524,5
389,23,4
704,272,5
405,201,1
62,121,4
416,11,4
73,12,5
60,505,4
592,261,1
334,405,3
189,136,4
460,1171,3
401,99,4
892,487,5
145,869,4
437,77,4
200,665,4
804,504,3
883,396,2
929,135,5
272,469,5
399,1210,2
901,1047,3
405,1177,1
315,156,5
921,1279,2
830,427,5
886,23,4
630,7,4
660,219,1
870,367,4
85,136,4
354,171,4
178,313,5
109,928,3
449,9,4
776,637,3
659,559,1
76,121,2
805,9,3
450,489,4
932,173,3
830,413,1
305,198,4
320,226,4
619,195,5
334,153,4
710,99,4
270,694,5
514,14,3
280,1063,3
833,552,3
87,183,4
595,330,4
90,303,4
201,125,2
7,71,5
521,393,3
392,293,4
419,28,3
462,261,2
826,309,4
263,510,4
456,367,3
648,194,5
633,45,3
309,303,2
919,28,4
487,419,3
627,586,3
606,183,5
668,323,4
533,713,2
864,94,4
780,339,4
237,499,2
276,404,4
922,655,2
887,69,4
757,29,2
770,473,5
749,399,3
458,238,4
82,121,4
190,354,4
825,370,3
650,1419,3
137,892,3
405,513,1
153,216,2
840,215,4
543,531,4
286,228,3
21,396,2
437,478,5
537,12,3
522,192,5
345,303,4
504,322,4
401,302,3
332,1,4
334,160,4
805,433,4
151,462,4
256,665,4
92,22,3
214,462,4
417,559,4
290,235,3
392,589,4
330,989,5
648,47,2
92,246,4
655,887,3
495,195,5
909,326,4
479,408,5
764,25,2
749,423,4
478,393,4
128,633,4
18,639,4
706,288,3
575,79,5
399,117,2
804,133,3
890,663,4
937,237,4
224,1085,1
137,96,5
833,521,4
125,270,4
258,300,5
474,496,4
457,9,5
653,198,4
907,813,5
154,414,4
843,566,3
152,237,5
437,42,3
823,459,4
26,304,4
877,88,4
378,531,4
303,734,1
645,60,5
630,98,5
429,603,4
499,661,3
343,176,5
833,1386,4
898,316,5
216,122,5
751,748,2
313,479,5
486,1014,3
284,750,3
402,471,4
756,919,5
452,135,3
138,147,4
92,771,1
269,1361,4
518,696,5
248,210,3
13,775,4
916,1046,2
199,268,5
197,226,4
905,345,4
343,581,4
13,859,1
676,879,3
651,302,5
804,25,4
137,50,5
727,147,3
901,257,4
312,176,4
851,353,3
597,15,5
59,205,3
417,323,3
200,82,5
738,188,3
95,1188,2
230,447,1
328,628,3
497,629,2
545,232,3
291,1078,4
399,222,3
546,458,1
864,109,5
234,520,4
303,721,4
151,290,1
56,234,4
179,310,4
405,234,5
912,654,3
796,809,4
257,381,5
608,514,5
559,660,1
94,143,4
704,1454,3
527,176,2
665,109,4
515,344,2
880,768,2
932,968,4
466,273,4
189,131,4
823,228,3
283,845,4
10,245,4
313,1066,2
479,266,3
606,501,4
854,173,4
805,274,2
88,315,4
637,690,5
9,242,4
880,1496,4
795,208,4
887,1035,5
455,292,3
276,118,3
346,134,5
378,50,4
846,202,5
548,229,5
234,867,4
479,380,3
398,87,4
43,491,4
110,231,1
320,946,5
169,495,3
181,975,2
758,77,3
7,680,4
405,524,1
276,768,3
393,997,1
94,218,3
92,855,5
291,427,4
805,106,5
587,989,2
474,174,5
385,473,3
456,447,3
642,69,5
181,756,2
382,717,3
85,188,2
790,183,4
896,751,4
633,288,2
56,732,4
214,55,4
18,792,5
717,268,5
878,60,4
23,283,4
296,528,5
896,1423,2
426,23,4
886,174,5
693,192,2
234,401,2
796,570,2
666,172,3
864,15,4
43,1053,3
230,135,2
151,847,5
655,1153,3
611,262,4
465,151,3
226,203,5
894,736,4
417,1135,4
303,156,5
280,3,2
892,418,4
763,55,4
24,763,5
379,54,2
543,1441,3
318,480,4
523,202,4
90,70,5
807,1413,2
245,112,4
174,1053,5
44,31,4
339,186,4
254,357,3
491,475,4
582,988,1
311,210,5
193,237,4
833,324,3
296,55,5
230,1,5
663,56,5
807,495,4
457,218,4
290,393,3
500,304,2
851,866,3
334,99,4
815,584,3
416,431,4
66,282,3
223,298,5
897,188,5
853,328,3
870,793,5
537,1084,3
94,154,5
356,937,2
2,297,4
320,241,4
766,514,4
892,478,5
655,1142,2
214,249,3
222,1179,1
429,229,2
495,705,4
6,125,3
305,81,3
43,879,4
844,625,3
102,665,1
796,316,5
104,825,1
658,1101,4
937,326,1
272,187,5
592,919,5
271,8,4
59,265,4
828,652,5
721,229,5
200,576,4
197,174,5
210,70,4
665,631,2
617,423,1
326,507,2
849,118,5
939,121,5
217,300,4
763,1180,2
705,283,5
658,98,4
697,126,5
771,477,5
648,39,3
357,123,4
758,347,3
379,161,2
168,117,5
715,95,4
435,121,3
455,323,3
707,1281,4
279,151,4
787,352,2
479,118,3
643,794,3
638,4,4
693,77,2
18,223,5
709,379,3
330,21,5
59,402,4
694,196,5
374,363,3
164,748,5
312,692,4
486,595,2
491,45,5
872,871,3
210,73,5
437,707,3
782,1256,2
689,13,1
181,1356,1
795,257,3
396,472,5
181,24,1
165,304,3
10,486,4
181,1348,1
62,660,4
236,692,4
513,257,4
716,241,3
342,547,5
363,572,2
711,316,4
870,135,3
456,720,3
429,167,3
271,124,4
64,451,2
294,324,4
7,415,2
934,99,3
724,361,1
332,210,5
412,526,4
733,458,2
751,7,3
221,76,4
786,28,5
864,951,3
303,230,3
791,289,4
429,69,5
239,137,5
577,819,3
450,731,3
42,282,4
751,11,1
94,34,1
497,144,4
458,98,3
804,367,3
535,210,5
643,249,3
790,52,4
104,748,2
405,666,1
548,925,2
385,1159,4
807,584,4
852,250,4
577,28,5
89,111,4
606,746,5
733,619,3
23,386,4
148,408,5
572,1137,3
387,109,4
264,1474,2
447,716,2
327,246,4
12,28,5
495,167,4
498,1495,3
537,24,1
551,765,1
650,211,4
183,227,4
401,172,3
87,202,5
823,642,4
85,1009,2
489,682,4
152,173,5
184,9,5
117,143,1
782,687,2
868,189,5
682,823,2
270,185,5
661,657,4
862,195,5
436,168,3
429,482,3
510,299,3
418,327,1
152,1035,4
341,948,3
405,684,3
149,269,5
416,520,5
23,1006,3
524,613,4
36,873,3
804,98,5
280,755,2
537,610,4
678,15,3
877,690,4
908,151,3
374,226,5
676,168,5
198,128,3
307,81,5
409,276,4
771,381,3
774,98,4
417,1047,4
118,172,5
892,135,5
683,1483,3
299,645,4
90,896,3
500,298,4
647,257,2
109,50,5
404,289,1
733,405,2
664,47,4
653,550,3
281,310,4
445,23,3
464,515,5
851,192,4
699,886,3
363,523,3
815,233,3
207,291,3
642,570,1
328,636,3
648,275,5
621,423,4
319,268,4
539,204,4
374,385,4
326,56,2
38,105,3
587,914,4
506,641,5
463,25,3
436,73,4
828,512,5
541,459,5
234,488,4
493,751,5
21,981,2
435,68,4
846,211,2
65,135,4
4,356,3
932,487,3
864,1412,1
207,568,4
622,298,4
880,755,3
608,475,3
658,530,4
85,174,4
339,415,3
823,79,4
406,724,3
325,526,3
148,214,5
222,840,3
586,467,4
102,476,3
707,83,3
239,475,5
911,428,4
822,111,4
29,874,4
177,421,3
846,80,4
288,234,4
18,66,3
308,288,4
354,100,5
936,16,4
327,72,2
347,246,4
846,1439,2
291,231,3
373,648,4
201,770,3
297,148,3
295,449,4
611,286,5
104,248,2
60,835,4
429,1048,2
374,546,5
766,664,2
562,566,4
450,661,3
712,722,3
919,300,4
551,17,5
144,707,3
844,684,3
86,683,5
24,98,5
796,200,5
87,182,4
436,219,5
26,313,5
546,236,4
402,127,5
592,1047,1
405,135,5
757,431,4
336,871,2
704,302,4
640,161,4
768,826,1
844,251,4
567,705,5
291,508,5
13,307,2
495,636,3
307,313,5
527,543,4
65,194,4
336,232,3
632,356,4
457,473,4
646,750,3
388,323,4
321,199,4
303,546,2
622,3,1
854,96,3
488,199,4
483,462,3
843,422,2
433,205,3
295,97,5
142,895,4
653,1023,3
577,191,4
881,432,3
673,292,4
434,477,5
889,515,5
224,280,4
92,1157,2
303,318,5
372,288,5
223,237,5
503,116,5
870,792,3
92,552,3
881,21,3
804,988,4
880,356,4
746,431,5
450,136,5
450,642,4
863,350,1
134,339,2
414,258,5
26,475,3
868,100,5
488,87,5
268,135,4
722,471,4
922,476,1
368,448,3
704,432,5
180,961,5
552,274,3
896,54,2
336,998,1
161,213,2
621,197,4
499,208,4
716,430,5
450,225,4
295,222,4
622,742,3
474,15,5
939,818,3
644,988,4
761,1558,1
339,607,5
293,651,3
527,129,2
457,528,5
605,295,4
343,1047,1
126,294,3
13,477,4
38,155,5
391,200,5
939,1190,5
234,193,4
450,866,4
417,713,2
435,1231,2
933,229,1
796,487,5
354,744,4
468,144,5
208,428,4
243,1466,3
943,64,5
286,883,5
151,962,1
487,392,4
832,471,4
254,200,3
885,154,3
774,121,1
781,174,5
693,183,2
220,286,5
593,619,3
276,1044,3
498,179,4
537,960,3
869,25,2
618,762,3
323,127,5
408,310,4
383,478,5
5,365,1
160,508,5
268,70,3
23,185,4
313,840,2
843,21,2
588,294,4
16,504,5
930,411,1
453,144,4
836,174,5
648,229,4
524,423,4
506,663,4
385,502,3
194,941,2
605,601,5
338,517,5
506,686,3
618,24,2
683,911,3
305,173,3
452,520,3
109,732,3
222,41,3
263,661,5
666,222,3
588,165,2
92,81,3
24,699,3
913,173,5
2,25,4
379,185,5
65,294,4
650,517,3
250,742,3
128,161,5
343,435,4
535,170,4
299,347,4
426,525,4
141,756,3
7,69,5
758,209,5
936,1370,4
864,52,4
235,431,2
214,32,4
137,476,1
87,502,5
342,428,5
824,268,4
280,1168,5
588,207,2
711,265,2
181,321,2
296,258,5
432,24,1
244,959,4
905,245,3
408,302,5
255,472,1
298,523,4
782,1138,2
606,749,4
833,11,5
151,826,1
497,465,3
923,975,4
83,739,5
503,293,4
851,685,4
715,685,3
62,1107,1
521,679,3
60,186,4
263,50,5
222,391,3
207,317,4
711,306,5
180,191,4
30,29,3
795,80,3
222,949,3
92,712,3
586,82,2
795,719,2
474,161,4
5,241,1
291,741,5
7,662,3
567,191,3
645,73,3
62,1131,3
291,55,4
210,238,3
826,343,5
450,273,3
383,474,5
406,610,1
664,156,4
244,697,4
387,551,2
497,569,2
51,172,5
178,762,3
97,484,3
18,663,4
343,463,4
457,14,4
470,1,3
174,14,5
279,926,4
756,983,2
746,62,3
654,118,2
752,344,4
223,908,1
514,88,4
798,204,4
683,271,3
935,846,4
70,128,4
789,151,2
201,332,2
437,421,4
537,290,2
807,402,5
749,208,5
634,473,2
231,255,3
555,410,4
406,665,3
121,631,4
798,163,3
535,489,4
911,381,5
487,367,3
186,95,3
943,67,4
256,274,5
788,1183,2
889,1016,3
497,926,2
606,472,4
301,1012,4
279,490,3
907,268,4
606,844,4
456,672,1
854,322,1
787,359,3
903,121,3
593,659,5
210,447,5
313,768,3
490,919,4
328,1041,3
806,856,5
184,235,2
900,130,1
7,435,5
279,124,3
708,347,3
380,506,3
875,651,5
465,513,5
293,591,3
294,331,4
488,429,4
22,174,5
591,712,3
268,715,1
858,286,4
279,425,4
144,274,3
778,738,1
429,961,3
581,100,5
533,687,2
396,1215,2
271,88,4
20,174,4
804,399,4
880,1181,3
731,197,5
885,99,4
793,235,3
786,216,4
437,730,3
937,283,4
666,26,3
847,125,3
902,295,2
389,942,3
454,655,3
714,284,3
537,242,3
497,541,4
399,223,3
355,288,5
763,730,5
311,326,2
207,13,3
423,269,3
777,690,4
650,68,3
456,196,4
393,672,3
325,383,1
559,435,2
671,443,3
804,925,4
450,761,4
61,328,5
407,144,3
476,67,4
489,457,3
179,347,3
929,185,5
269,208,2
291,410,5
938,1014,4
676,172,5
934,1018,4
671,1491,1
405,207,1
131,275,2
207,153,5
450,478,5
102,55,3
94,234,5
244,214,5
838,313,5
65,1044,3
605,333,4
763,16,5
148,521,1
621,231,4
735,283,2
616,346,3
99,203,4
241,286,5
329,276,4
490,286,2
13,241,3
38,161,5
659,210,5
943,541,4
487,710,4
207,42,4
537,443,3
798,659,4
535,25,4
606,208,3
405,658,4
90,10,5
296,11,5
82,414,4
13,903,3
808,288,3
26,9,4
668,367,5
354,753,5
455,147,4
268,7,4
280,8,5
270,241,5
346,743,2
715,90,5
43,403,4
44,123,4
96,56,5
7,416,5
90,607,5
640,663,5
764,633,5
131,536,5
276,710,4
406,237,1
373,705,4
378,295,3
654,313,5
505,125,3
7,562,5
385,127,4
863,339,3
504,371,3
484,181,5
418,895,4
724,326,4
82,310,4
488,222,4
279,269,4
392,495,3
244,410,4
334,255,3
283,209,4
473,10,3
117,338,3
582,121,3
328,515,5
143,690,2
38,384,5
405,1555,1
98,116,5
743,748,4
276,1199,4
382,1142,3
435,27,1
551,827,5
18,953,3
250,313,5
76,547,2
942,95,5
416,315,3
815,215,5
449,212,5
402,480,5
708,255,5
823,204,4
308,663,5
22,780,1
665,762,4
330,277,4
566,684,4
412,4,3
468,65,3
197,751,3
770,1,5
672,237,2
541,993,4
397,484,5
749,739,3
666,238,4
429,293,4
534,824,4
542,58,4
189,21,2
274,472,3
320,472,3
851,291,4
301,871,4
429,136,4
435,403,4
343,56,5
786,195,4
749,930,3
910,282,3
294,1254,3
371,423,5
221,178,4
868,550,4
452,481,5
188,511,2
587,294,3
109,95,4
371,117,3
216,72,2
328,692,4
758,50,4
729,338,1
561,1018,3
864,50,5
20,118,4
467,117,2
798,944,4
782,1663,2
454,191,4
886,214,3
180,213,5
537,301,2
472,386,5
95,71,5
299,1006,4
16,11,5
664,285,5
618,215,4
454,485,4
574,213,4
685,333,1
26,14,3
648,154,5
393,417,3
91,480,4
332,5,5
180,111,5
690,443,3
96,484,5
897,210,5
195,181,5
276,1471,2
508,629,4
682,1047,3
580,281,2
181,1097,1
705,720,5
627,28,3
5,376,2
347,977,5
493,1278,5
63,929,3
890,187,5
434,275,3
920,347,4
500,554,3
592,1184,5
57,1047,4
22,665,1
286,341,5
11,690,4
667,301,1
762,270,4
608,729,4
757,69,3
405,719,1
109,231,3
21,15,4
498,517,4
301,8,4
174,699,5
416,250,4
487,76,4
729,272,4
10,286,4
541,254,3
795,132,3
545,79,4
838,100,4
269,82,2
275,448,3
474,58,4
627,271,5
315,46,4
352,176,5
383,639,4
291,565,2
59,1009,4
246,658,4
881,826,1
192,50,4
391,96,3
373,132,3
690,428,1
332,619,3
701,1,4
882,173,5
894,750,4
592,134,5
18,196,3
841,689,5
314,785,3
886,546,1
762,709,3
138,519,5
910,289,3
63,276,4
618,91,4
405,89,1
75,125,3
865,24,4
647,121,4
372,547,5
897,182,4
90,855,5
297,143,5
642,49,4
311,1046,3
642,400,4
174,648,5
13,163,3
224,591,3
532,305,3
384,258,4
13,409,3
303,577,3
838,83,5
454,164,3
537,513,4
576,324,2
694,178,4
899,216,5
158,302,4
299,305,3
756,89,4
178,763,4
881,1540,1
737,58,4
588,72,4
198,651,4
757,1073,4
312,611,5
244,631,4
625,678,3
470,847,3
899,174,5
70,403,4
267,181,5
497,222,3
416,327,4
297,7,4
846,1178,2
896,141,3
139,744,5
881,200,2
332,1210,3
103,96,4
863,342,1
298,118,4
548,762,4
221,50,4
13,782,3
647,255,4
60,650,4
431,332,3
479,274,4
664,134,5
181,741,1
561,231,2
851,301,3
23,181,4
929,517,5
567,203,4
343,458,5
813,751,5
538,199,5
940,271,2
26,456,1
727,539,2
665,24,3
632,51,4
815,265,5
16,482,5
321,132,5
821,14,4
65,73,4
774,393,1
334,792,4
624,831,3
239,42,5
79,268,5
850,50,5
933,69,4
210,755,3
158,576,4
479,241,3
798,781,2
489,326,4
354,692,2
832,334,2
545,729,3
825,1051,4
246,1218,3
702,313,5
314,588,5
632,2,4
466,294,3
210,25,4
387,1069,2
327,191,4
798,365,3
716,216,5
378,896,4
394,33,4
318,517,3
62,472,2
887,172,5
692,411,4
291,24,5
338,514,5
776,91,4
537,1069,2
804,159,4
223,756,3
781,289,3
468,200,4
365,235,2
286,235,4
83,755,5
429,226,3
94,157,5
586,780,4
880,1197,3
524,23,5
308,89,5
638,679,3
416,248,5
871,177,5
615,197,4
94,423,4
897,208,5
532,781,5
405,655,5
276,249,4
655,1147,3
457,386,3
495,173,5
710,1101,4
311,356,4
213,521,4
629,284,4
664,70,3
382,9,4
838,286,4
916,568,4
218,42,4
235,135,4
262,588,4
885,69,4
464,270,4
537,107,3
500,662,2
124,616,4
92,1040,3
655,927,3
715,595,3
537,640,3
56,144,5
789,591,3
453,254,2
629,207,4
445,1,3
251,55,3
774,91,1
758,24,4
472,426,4
896,161,3
581,9,5
546,294,1
387,790,1
60,617,4
560,257,3
287,117,5
846,575,2
898,1296,4
535,479,4
21,56,5
423,546,2
425,759,2
93,866,2
130,216,4
110,568,3
297,118,3
268,1090,2
486,476,3
2,283,5
709,232,5
532,205,5
186,56,3
176,129,3
567,7,4
446,754,3
665,234,3
85,715,4
181,369,3
495,631,2
190,748,3
918,204,1
634,117,4
505,54,3
543,720,2
561,135,4
158,636,4
49,997,1
62,164,5
166,315,3
308,558,4
109,117,5
936,358,4
90,500,4
620,95,4
42,173,5
724,909,1
666,100,4
322,489,3
367,185,5
301,7,4
472,384,3
276,169,5
815,501,3
756,143,5
417,246,4
497,237,3
1,74,1
279,576,3
222,432,3
1,146,4
552,222,4
452,127,5
773,665,2
91,132,3
370,176,4
840,631,4
303,475,4
207,302,4
812,326,4
54,1016,4
880,1188,2
374,241,5
764,70,4
452,614,3
367,324,5
303,425,4
405,80,1
429,484,5
588,597,4
95,779,3
301,150,4
313,636,4
429,380,3
844,588,4
823,216,5
751,559,4
389,498,5
650,603,4
932,462,4
766,503,3
7,603,4
929,271,2
56,258,4
406,48,5
21,53,4
894,198,4
496,133,5
727,771,3
116,275,2
839,264,3
918,971,4
441,9,4
942,183,3
460,146,4
493,156,1
650,1065,4
658,96,4
782,294,3
196,845,4
579,168,4
346,496,5
655,1221,3
921,147,3
528,174,5
798,560,3
560,358,3
143,288,5
484,97,5
678,7,4
542,775,2
682,226,3
405,603,3
405,1503,1
885,1,5
815,391,2
234,747,3
478,1521,3
296,13,3
409,709,4
144,93,1
479,281,3
181,978,1
94,637,3
846,270,3
592,512,5
62,866,2
878,393,3
588,1098,4
592,322,1
223,1150,2
825,515,4
265,100,5
447,227,2
130,1157,3
409,1328,2
250,235,2
273,338,3
38,188,2
87,384,4
481,435,5
851,95,4
252,149,5
402,515,5
486,1322,3
92,118,2
279,28,2
852,358,3
743,100,5
194,837,4
289,849,4
756,53,3
184,368,1
687,678,4
213,458,4
412,92,3
540,333,4
694,9,5
225,215,5
308,746,4
447,508,3
479,732,4
465,474,3
1,150,5
499,210,3
705,118,4
279,660,4
655,1256,3
416,234,5
623,227,4
804,226,4
130,305,4
380,462,4
354,496,3
328,229,3
866,882,2
503,166,5
62,3,3
618,526,5
805,603,4
403,258,4
830,127,4
334,130,4
65,196,5
525,147,3
429,1139,2
361,527,4
487,191,4
342,89,3
116,124,3
58,311,4
426,99,4
888,180,4
533,168,4
60,810,4
592,292,1
347,748,2
280,1099,5
109,550,5
183,159,4
64,212,3
63,405,4
293,1041,2
63,108,2
374,763,3
788,68,3
906,696,4
95,420,4
373,941,4
498,1007,3
894,223,4
622,780,4
537,628,2
13,13,5
644,1620,4
393,28,4
224,148,3
85,186,3
851,892,2
73,153,3
871,245,3
671,241,5
84,1033,4
463,147,3
312,151,2
234,887,3
89,277,4
207,580,3
457,546,2
664,276,5
921,929,1
429,1110,2
442,550,2
214,166,4
399,403,3
307,145,4
381,487,5
13,799,4
405,38,5
796,387,3
343,143,4
123,319,4
416,168,5
828,531,4
623,185,4
11,121,3
610,153,5
875,42,4
741,480,5
223,313,5
488,15,4
374,223,5
650,559,3
553,605,4
682,325,4
14,124,5
942,323,3
138,13,4
564,827,3
435,218,3
915,301,2
448,750,5
806,187,5
660,38,2
488,511,4
821,118,3
452,71,3
851,754,2
879,117,4
694,174,5
292,193,4
303,69,5
741,435,4
548,898,1
537,511,5
13,674,3
115,172,4
332,405,4
757,156,3
551,1253,2
709,233,3
801,895,5
537,434,3
854,294,2
943,356,4
271,648,4
452,161,5
901,250,3
504,238,3
399,48,3
527,709,5
416,264,3
293,357,4
95,1116,4
452,94,1
650,55,4
118,513,5
342,367,5
237,489,4
567,298,4
378,720,2
666,203,4
862,22,5
416,917,4
870,401,3
788,518,3
7,586,3
663,411,3
94,510,5
834,751,3
406,197,4
693,7,4
504,97,4
391,194,4
343,963,5
83,832,3
532,1228,3
504,846,4
435,72,4
495,590,4
181,989,1
181,149,1
514,750,4
2,10,2
330,8,5
327,772,3
379,211,5
782,343,2
91,322,4
634,9,5
875,501,4
312,945,5
271,43,3
254,662,4
434,287,5
386,455,3
733,149,4
145,183,5
160,460,2
525,405,4
634,237,5
487,1011,3
361,692,4
401,196,5
92,189,4
763,13,3
348,926,3
409,325,4
749,763,1
334,168,5
422,333,4
316,673,2
233,504,5
394,226,2
342,95,4
766,127,5
246,83,4
261,243,5
642,13,4
479,15,3
85,663,5
880,180,5
710,432,5
780,216,4
497,128,4
185,528,4
357,455,5
840,154,3
160,770,4
870,197,5
405,662,1
412,70,4
268,928,1
348,107,4
210,1118,4
201,527,3
883,237,3
269,1267,1
524,319,4
44,480,4
758,216,4
125,455,5
361,28,3
486,270,2
474,181,5
276,317,4
705,815,3
345,732,4
732,873,5
11,751,2
782,877,3
435,190,4
110,2,3
472,931,2
59,969,3
421,100,4
249,69,5
653,756,1
130,1267,4
552,240,2
713,898,3
536,542,1
151,381,5
487,966,5
620,393,5
230,680,4
272,183,4
650,50,5
94,76,4
277,7,2
398,496,5
308,825,4
454,48,4
445,1081,1
190,282,3
805,401,4
405,75,2
144,357,4
306,303,3
625,283,3
851,690,4
927,29,5
907,83,5
328,1217,3
391,471,2
683,332,3
804,163,3
880,578,3
898,242,4
344,478,4
707,191,5
502,350,3
393,391,3
49,594,3
807,431,4
450,1192,5
311,323,3
583,265,4
117,597,4
821,181,4
896,660,5
450,939,4
825,289,1
293,135,5
316,463,5
174,312,5
293,282,2
303,382,3
85,179,4
121,135,5
699,220,2
655,203,3
92,155,2
506,497,5
56,96,5
903,191,5
399,413,2
835,612,4
907,121,4
767,478,4
236,143,4
852,930,3
717,1051,3
233,923,4
338,133,4
152,1300,4
756,155,4
145,346,5
92,385,4
663,978,4
385,504,4
487,160,4
334,1312,4
504,559,5
327,14,4
1,26,3
99,338,4
213,405,3
631,332,3
796,318,4
195,271,4
115,952,5
246,101,2
790,771,4
487,17,3
344,97,3
649,275,2
601,172,4
799,1063,4
387,715,5
806,50,5
91,1192,4
230,294,5
731,213,5
326,386,5
429,1035,3
495,1542,4
504,276,3
74,324,3
599,1278,5
344,39,3
916,541,2
25,134,4
246,541,3
185,216,4
461,285,4
451,885,1
545,254,4
624,455,3
299,418,4
151,606,5
158,144,4
100,678,3
650,151,3
234,550,2
458,515,4
327,328,2
345,13,4
370,31,3
536,631,2
7,434,4
459,1051,3
877,275,4
144,281,3
59,746,5
800,289,4
256,1210,5
417,679,2
586,54,3
281,304,5
281,342,1
875,333,5
551,628,5
399,738,4
207,628,3
932,1454,4
774,53,4
12,381,4
380,479,4
254,1443,4
788,1407,3
417,286,5
846,510,4
552,181,3
450,557,5
715,1016,4
452,171,4
184,651,3
858,100,3
178,280,4
497,418,3
939,266,2
753,134,4
26,458,3
889,428,4
399,99,3
665,687,2
682,219,2
715,106,2
577,403,4
185,160,1
666,248,3
851,1676,2
776,769,3
744,1134,3
268,408,5
880,1291,3
340,526,5
308,588,5
289,109,3
790,233,3
58,1099,2
215,357,4
886,10,3
109,323,3
697,280,3
294,1199,2
387,380,2
846,849,3
857,304,2
213,756,2
655,197,3
251,151,5
716,559,2
495,1118,5
423,678,3
154,462,3
159,877,3
16,404,5
157,117,5
184,272,4
529,690,3
470,124,3
314,257,5
572,124,5
933,585,1
666,211,4
127,230,5
122,570,3
466,172,4
315,25,5
712,378,4
578,300,4
493,98,4
318,275,4
830,228,3
343,196,4
643,69,3
896,549,2
767,177,5
377,164,4
868,199,5
279,709,4
343,58,4
826,258,4
66,15,3
312,588,5
146,245,5
848,214,5
768,16,3
94,144,3
109,576,3
551,423,1
291,236,4
783,269,4
741,496,5
332,235,3
745,181,2
721,304,3
470,824,4
13,144,4
374,122,2
752,355,2
221,1011,4
537,149,3
424,261,3
621,293,3
666,134,5
19,310,4
833,831,1
642,553,5
92,79,4
18,70,4
875,23,5
201,1424,3
724,331,3
747,79,4
470,293,4
869,1134,1
66,248,4
269,715,4
338,56,3
751,153,4
306,1514,4
435,252,2
228,938,1
265,748,5
10,194,4
886,202,3
151,322,2
653,449,3
18,52,5
487,204,4
870,1020,3
416,395,2
54,121,4
397,1001,1
117,1057,2
188,159,3
642,477,5
592,988,1
296,100,5
432,109,2
747,1497,4
504,162,4
835,423,4
488,527,3
239,194,5
795,79,2
274,117,4
537,426,1
301,393,3
416,392,5
456,410,4
437,214,4
707,242,4
907,235,4
886,799,1
592,877,2
488,234,4
113,333,4
385,47,4
543,694,4
223,591,3
5,62,4
747,663,5
56,50,5
927,255,4
765,25,4
312,488,5
328,916,2
870,523,5
354,134,4
269,528,4
18,969,3
250,475,4
325,530,4
712,140,4
159,1152,4
312,181,4
385,29,1
262,100,3
455,372,4
414,310,4
840,303,5
916,684,3
602,1,4
3,330,2
458,195,4
110,1247,2
158,570,3
345,50,5
257,116,3
268,123,3
808,332,4
643,197,4
291,783,2
429,508,4
334,1014,2
808,750,5
551,1217,1
314,1165,2
161,1266,2
491,900,5
846,69,5
293,403,3
642,395,5
159,286,1
588,365,5
270,282,3
539,956,5
796,649,3
296,9,4
286,988,3
299,354,4
664,268,3
406,1194,4
405,418,5
655,52,3
672,280,2
130,895,5
271,523,4
18,474,4
654,109,3
916,546,2
492,100,4
693,157,4
194,735,4
42,121,4
276,558,4
896,420,4
195,508,3
45,111,4
191,751,3
840,8,5
11,15,5
852,472,3
374,424,1
424,740,5
938,873,3
60,665,4
682,180,3
660,429,4
197,678,2
42,294,4
896,153,4
676,100,5
343,724,4
836,268,3
334,561,2
303,473,4
420,86,5
256,50,4
595,948,3
669,268,3
727,1025,2
181,1357,1
389,301,4
160,79,4
698,513,2
860,890,2
256,381,5
435,358,4
299,229,3
495,186,5
514,239,5
69,748,2
179,272,5
437,946,3
788,1135,2
423,304,4
40,271,2
268,483,5
314,546,4
56,393,4
201,175,2
295,1503,2
805,402,2
313,538,2
622,30,4
274,277,4
162,474,3
354,88,2
754,595,2
787,258,5
843,636,4
44,655,3
145,553,3
312,70,5
310,257,5
629,135,5
724,313,5
528,422,2
104,412,3
752,325,2
222,477,2
655,656,3
271,402,4
561,746,3
211,263,3
416,1428,3
452,186,1
41,97,3
158,128,2
878,57,4
164,515,4
488,294,4
715,778,2
162,254,3
276,727,3
495,226,4
159,9,3
592,823,1
212,382,5
653,216,3
416,357,5
868,447,2
256,413,4
299,652,3
870,381,3
794,137,5
301,67,2
606,250,4
417,895,3
894,302,4
373,496,5
806,511,5
271,81,3
928,135,4
184,11,3
342,1048,1
417,709,3
886,108,5
394,238,5
11,215,3
334,143,2
892,1,5
820,895,2
99,92,4
756,501,3
244,118,2
523,629,5
275,99,3
561,496,3
864,629,3
716,707,4
201,95,3
233,9,5
40,343,1
90,647,5
715,399,2
308,509,4
422,184,4
453,780,3
98,523,5
246,393,3
328,281,4
313,659,4
506,10,2
18,187,5
815,380,3
76,129,3
864,219,4
506,135,5
601,65,4
151,732,4
711,167,2
158,414,4
292,705,4
200,11,5
332,8,5
216,364,2
807,484,4
328,690,3
272,79,5
416,21,3
712,1074,3
286,81,3
200,234,4
199,405,2
139,286,4
194,739,3
936,108,4
303,42,5
290,527,4
85,504,4
566,96,3
239,478,5
758,977,2
189,318,5
647,134,4
542,347,3
276,696,2
268,10,4
445,881,1
796,181,5
592,299,1
640,301,2
682,109,3
503,197,5
642,369,2
174,248,5
32,475,5
709,161,5
23,143,3
385,961,4
551,328,5
807,1091,3
280,100,3
592,305,4
95,395,3
85,58,4
758,580,4
268,145,1
916,72,3
846,770,5
829,286,4
561,234,3
936,127,5
308,88,4
695,324,2
654,4,4
748,647,3
43,70,4
141,472,5
301,157,2
484,651,5
559,167,3
59,505,4
655,803,3
108,718,4
249,242,5
768,744,3
486,255,3
655,396,2
622,176,4
125,290,4
659,131,4
624,475,4
711,716,5
749,291,4
805,473,4
866,303,4
775,286,4
796,301,1
292,234,5
586,219,3
918,1137,5
635,333,5
438,257,4
286,1035,3
854,50,4
339,196,4
36,875,3
94,1135,4
197,228,4
926,322,2
259,748,4
273,900,3
537,652,3
395,64,5
474,356,5
747,63,3
193,928,2
110,96,4
722,7,4
320,1090,3
114,646,4
276,562,3
454,327,3
311,192,3
731,207,4
449,1195,5
374,38,4
451,1395,1
49,698,2
890,176,4
11,455,3
554,1012,3
66,741,4
640,2,4
90,972,4
276,423,5
561,93,4
437,98,5
256,245,4
894,170,4
370,604,4
223,1197,3
120,15,4
833,152,2
896,1042,2
347,416,3
494,15,5
280,977,3
210,216,4
74,300,3
754,255,3
232,196,5
682,655,5
922,22,5
890,234,5
224,582,4
222,204,5
92,518,5
925,185,4
246,1222,3
276,691,4
90,185,5
200,265,5
727,127,4
932,736,3
256,222,4
585,116,3
152,483,5
429,584,4
109,568,5
65,531,4
274,83,5
655,271,3
544,286,4
537,547,1
868,222,3
232,56,5
659,735,3
923,546,4
741,290,3
311,566,4
704,222,3
365,151,4
389,423,5
42,25,3
305,199,4
429,642,4
16,531,5
551,222,5
622,1406,3
256,925,5
399,5,3
130,1246,3
754,922,3
776,443,3
600,176,5
710,50,4
293,518,5
119,546,4
405,1518,2
109,125,5
279,25,5
70,404,4
378,258,4
749,984,3
936,137,4
376,154,4
811,286,5
660,428,4
883,20,4
347,324,1
244,77,4
399,378,3
522,523,5
474,661,4
194,205,3
130,64,5
145,574,2
48,603,4
92,922,1
181,1079,1
442,239,3
929,204,4
398,13,3
535,955,3
72,493,5
697,118,3
59,180,4
638,62,3
721,382,4
867,96,5
246,11,4
505,1285,3
59,496,4
489,873,3
521,210,3
85,924,1
816,322,4
504,82,4
932,676,4
834,347,4
537,262,5
347,181,5
393,29,4
250,23,4
243,215,3
358,268,3
731,1,2
85,1168,3
198,58,3
889,763,4
854,357,4
559,70,3
847,426,2
201,825,1
839,532,3
537,709,4
586,204,3
389,401,3
748,451,1
653,429,3
1,118,3
484,746,4
793,273,3
2,292,4
223,252,1
496,771,2
488,662,4
843,674,2
788,121,4
472,790,3
327,152,3
568,1137,4
851,1016,5
174,1017,2
7,601,5
683,683,3
481,1089,3
68,411,1
894,292,4
194,514,3
620,246,4
655,200,4
477,778,4
201,39,1
347,982,1
705,843,2
635,269,5
454,140,3
907,340,2
200,523,4
393,831,1
592,266,1
313,739,3
357,126,5
405,1019,1
311,723,4
56,153,4
274,756,3
474,483,5
887,1279,3
506,176,5
6,124,5
893,264,3
682,1135,2
601,225,1
655,170,3
305,1101,4
721,263,3
625,1020,3
314,29,5
752,690,4
497,399,4
721,197,4
536,229,4
493,806,3
177,475,4
429,381,3
286,537,4
368,441,3
21,979,2
918,430,1
308,653,5
139,1176,4
38,69,5
545,25,2
246,109,5
588,265,5
346,7,2
738,517,3
682,583,2
92,998,2
833,217,2
626,292,1
201,319,2
391,195,2
282,325,1
109,90,3
42,64,5
658,724,3
725,100,5
119,1086,4
923,591,5
795,201,4
592,845,4
18,403,3
655,6,4
832,286,3
507,333,4
833,401,2
751,305,2
405,1104,1
308,712,4
787,268,4
314,1152,4
592,196,5
95,419,4
421,7,3
407,315,4
158,231,2
454,687,3
216,1161,4
445,55,1
49,62,2
271,697,4
545,67,1
695,323,2
267,33,5
606,1055,4
705,423,2
314,151,4
711,215,3
308,428,5
397,298,4
424,243,4
276,719,3
194,521,4
109,173,5
379,239,4
429,319,3
429,225,2
435,132,3
42,369,4
393,541,3
700,202,3
271,210,4
649,254,4
492,462,3
21,994,2
109,96,5
334,38,2
379,712,3
250,154,4
70,449,2
439,14,5
218,164,3
59,584,4
455,50,5
546,258,4
487,77,3
848,179,5
805,222,4
181,742,4
932,708,4
363,678,1
181,980,1
653,746,5
413,124,5
400,328,3
696,286,5
126,752,3
196,663,5
588,164,5
374,176,4
291,90,5
806,156,4
222,931,1
221,259,4
498,237,2
788,429,3
399,234,3
290,105,2
1,189,3
338,194,3
59,197,5
798,623,3
333,894,3
201,1192,3
353,271,2
539,45,4
847,133,3
372,56,4
809,299,4
642,622,4
65,179,3
288,15,4
119,299,4
49,100,4
104,311,1
128,322,2
711,420,5
5,231,2
358,127,1
673,294,4
194,604,3
250,7,4
158,285,5
328,449,3
890,662,3
145,236,1
274,118,4
509,294,2
43,313,5
109,237,4
127,690,1
825,174,5
737,192,5
715,97,3
463,117,3
457,433,5
747,501,5
357,105,4
763,135,5
457,66,4
246,175,4
551,95,5
255,448,3
469,530,5
604,218,3
677,14,1
588,79,4
486,257,3
361,737,4
275,71,3
321,182,3
839,235,4
72,38,3
59,755,4
313,200,3
145,924,2
795,68,3
466,183,3
771,189,5
543,249,2
548,117,4
367,219,4
60,435,4
493,881,1
504,1415,3
798,419,4
472,12,5
23,195,4
92,418,3
477,25,5
815,191,5
323,7,2
311,173,5
901,181,4
497,724,5
193,722,3
567,293,5
938,273,5
738,174,5
390,690,3
640,204,5
913,180,3
751,497,4
99,413,3
458,1070,4
167,290,3
665,1283,3
155,306,5
642,569,2
11,717,2
932,169,5
817,258,3
292,11,5
554,21,1
104,301,2
128,228,3
889,721,3
92,68,3
878,511,4
749,418,5
197,895,3
741,79,4
452,152,2
13,127,5
592,346,4
344,684,3
598,750,5
533,778,4
213,193,4
308,265,3
104,307,2
487,686,4
405,746,1
774,428,1
648,827,3
773,209,5
452,518,5
887,393,4
406,186,3
320,800,4
262,411,2
420,302,4
200,357,5
299,1507,3
840,463,5
339,81,5
474,7,5
393,411,2
267,679,4
751,849,2
345,473,2
932,550,2
5,222,4
788,227,3
184,559,3
109,823,3
931,685,4
7,480,4
405,1118,1
484,25,3
624,347,4
642,391,4
506,66,4
442,273,4
561,1,2
250,688,2
94,455,3
938,284,2
616,750,5
378,762,3
23,323,2
339,42,4
521,550,3
851,1287,1
919,1134,2
869,125,3
44,660,5
929,433,2
747,483,5
299,264,2
371,79,5
870,219,2
262,293,2
234,478,3
521,154,2
643,928,4
710,187,5
887,378,5
533,282,4
321,215,3
13,793,5
933,89,4
286,738,5
151,487,5
676,316,4
526,283,3
433,174,5
90,1193,4
219,38,1
831,7,5
94,41,3
716,969,4
125,475,1
798,699,3
173,301,5
186,177,4
790,213,3
429,1418,3
193,627,4
421,466,4
359,408,5
282,358,3
318,864,2
654,196,5
490,993,1
826,190,3
896,760,2
375,300,4
361,639,4
880,93,4
766,414,4
389,739,2
181,1390,1
26,116,2
280,245,3
621,404,3
52,13,5
378,1101,3
545,384,3
664,14,4
48,269,1
592,460,3
910,748,3
568,659,3
447,65,3
305,144,2
919,307,4
314,332,5
158,450,3
244,26,5
474,182,5
474,8,5
868,1188,1
894,311,4
268,550,2
823,625,4
399,56,3
323,222,3
825,595,3
23,235,1
442,591,3
890,515,5
137,1,3
748,495,3
161,215,2
307,185,3
416,42,3
299,251,5
528,541,3
782,885,3
94,403,3
121,276,3
591,64,5
670,195,4
5,428,5
422,558,4
95,532,4
235,522,5
24,216,4
1,198,5
755,887,3
864,176,5
330,82,4
190,281,3
593,283,4
152,125,5
851,331,3
773,737,3
463,16,4
652,748,3
773,958,4
758,276,2
642,204,4
293,678,2
504,490,4
942,258,4
537,425,3
782,1383,3
910,288,3
303,276,4
131,744,4
382,56,5
222,724,3
567,489,5
209,129,2
69,100,5
11,741,5
30,678,2
555,7,4
222,159,3
774,373,2
416,568,4
711,238,4
489,988,3
392,538,2
763,588,4
787,326,4
130,24,5
670,949,2
527,659,4
85,175,4
271,582,3
450,43,4
603,173,4
13,515,2
234,1,3
346,932,2
471,1,4
724,323,2
295,157,5
184,410,3
647,1016,4
265,756,4
425,53,4
332,568,4
344,280,3
11,561,2
286,402,3
325,100,4
409,1360,2
262,217,3
290,257,4
704,480,5
71,282,3
773,181,5
618,237,4
360,69,3
95,89,3
311,621,4
859,313,5
178,260,1
885,584,3
170,881,3
94,173,4
352,568,5
840,134,3
216,218,4
301,451,4
214,172,3
313,211,5
606,255,5
264,4,4
310,251,5
298,23,4
94,82,4
288,327,1
773,228,3
758,303,4
788,754,4
254,132,4
694,449,4
334,307,3
621,779,3
303,375,2
360,479,4
378,542,4
393,949,3
450,61,4
16,948,3
53,748,2
445,1067,1
301,12,4
871,1119,3
560,109,3
387,273,4
889,318,4
387,455,4
723,258,4
343,188,4
621,1016,4
121,405,2
435,444,3
15,676,4
727,546,2
705,588,3
450,143,5
826,183,5
334,678,3
749,826,3
784,312,3
292,492,4
399,1540,3
208,186,4
244,1048,4
537,1111,3
642,67,4
423,293,4
62,50,5
567,608,4
49,2,1
465,216,3
893,819,3
49,419,4
713,286,3
18,856,5
694,468,4
806,343,3
881,412,1
318,451,4
870,340,3
938,245,3
234,318,4
207,845,3
342,408,5
870,659,4
271,410,2
404,750,3
378,284,3
889,615,3
933,357,4
85,513,4
399,118,3
577,172,4
711,189,5
699,523,2
660,307,3
434,815,4
267,174,5
648,929,4
528,294,3
583,200,5
456,588,3
633,56,2
314,22,4
858,9,5
101,284,4
52,919,5
846,1411,4
49,70,2
943,24,4
488,485,3
881,435,3
454,614,3
681,270,1
682,68,5
883,461,5
292,20,2
897,497,3
577,218,3
921,313,5
727,692,4
468,137,4
493,95,5
7,307,5
877,402,3
454,602,2
457,38,3
541,38,3
454,1107,4
239,923,5
379,205,5
883,1045,5
852,568,4
804,55,4
882,275,5
554,121,4
837,15,3
56,88,1
436,186,3
918,582,4
619,515,1
70,24,4
720,333,4
684,483,5
734,282,4
181,1349,1
344,281,3
263,87,4
640,693,5
255,827,2
278,315,4
938,1033,2
796,100,3
567,525,5
389,1121,4
868,433,4
456,210,3
465,588,4
881,98,5
227,273,3
52,258,5
497,475,4
694,705,5
773,188,3
796,628,4
548,1013,3
738,449,3
198,462,3
848,134,5
537,964,3
170,323,3
87,72,3
770,7,5
289,473,1
207,286,2
267,47,5
17,100,4
666,291,3
334,82,4
755,689,3
429,431,5
435,369,1
593,274,3
482,313,5
686,22,5
121,156,4
851,109,4
435,762,4
426,510,4
378,281,3
758,135,5
399,578,2
290,732,4
636,760,5
730,298,4
694,143,4
141,1282,3
95,14,5
941,257,4
417,195,5
130,282,5
92,172,4
782,1528,2
823,732,5
532,588,5
203,744,2
903,709,4
207,367,3
42,456,3
63,262,4
73,657,5
596,300,4
758,841,3
648,428,2
706,125,5
234,54,2
823,1067,4
28,436,5
864,210,4
648,561,2
872,1165,2
933,763,3
623,202,1
763,509,5
122,191,5
780,497,2
472,88,2
60,525,5
643,24,4
541,699,4
190,471,5
486,628,3
215,8,2
852,7,3
883,283,4
426,607,4
705,89,2
378,210,4
206,272,5
222,94,3
793,181,4
913,963,4
308,475,4
826,802,4
160,195,4
250,496,4
181,1376,1
235,429,4
537,922,3
269,1427,2
226,28,4
551,640,4
411,1470,3
263,328,4
109,144,4
862,431,5
117,411,3
353,316,5
354,1194,4
727,568,3
59,357,5
847,261,1
908,133,5
461,327,4
526,312,2
303,418,4
660,385,3
506,603,5
537,72,1
354,93,4
346,196,3
623,603,4
805,501,5
130,404,5
766,53,4
823,159,3
302,301,4
109,8,3
882,407,2
748,50,5
326,237,2
488,514,2
935,15,5
650,133,4
399,384,2
889,55,4
655,20,3
774,219,4
400,288,4
185,197,5
728,286,3
263,315,4
833,544,1
373,577,1
385,1411,3
263,168,5
327,568,2
370,52,4
60,209,5
500,971,5
138,514,5
385,172,2
416,283,5
200,720,4
588,1091,4
468,405,2
299,733,3
727,195,4
655,1368,5
125,399,3
254,35,2
201,402,2
910,284,3
655,1041,3
897,389,3
405,621,1
834,127,5
181,1009,1
625,385,4
136,1142,4
249,223,4
332,1157,4
13,344,2
798,486,4
504,723,4
168,619,3
786,66,4
409,213,4
405,1107,1
889,1073,5
277,24,4
436,92,3
775,269,4
188,732,3
735,9,4
92,679,4
214,325,3
87,554,4
712,50,4
222,232,4
758,127,5
456,366,2
823,154,5
642,231,3
806,286,3
455,1,4
620,409,4
450,141,3
496,109,3
7,227,3
854,23,4
920,302,4
592,467,5
280,748,2
836,12,5
328,317,4
269,655,4
836,793,2
943,229,2
916,939,3
533,103,3
279,403,1
806,1018,4
256,1,5
130,99,5
303,3,3
290,205,3
716,79,4
943,50,4
334,265,3
244,22,4
804,379,3
642,926,5
665,456,4
589,272,5
487,1217,3
457,679,4
271,22,5
456,696,3
650,530,4
627,55,4
899,190,4
13,437,1
452,164,4
506,69,5
886,655,4
115,79,4
280,468,4
381,196,5
222,233,2
599,288,4
440,937,5
614,411,3
537,464,4
454,504,2
848,197,5
236,750,5
932,131,4
558,269,4
840,89,5
388,121,4
497,291,3
803,271,2
675,303,5
916,433,3
889,866,4
342,248,3
70,473,3
401,284,3
671,779,3
533,69,4
859,846,5
301,1228,4
865,7,5
217,810,3
303,29,2
130,333,5
280,40,5
299,345,4
780,511,5
780,4,3
834,300,3
622,233,4
724,289,1
892,380,4
894,1462,3
334,223,5
409,303,4
313,504,5
279,945,5
527,175,3
534,24,5
259,750,4
830,432,3
435,546,4
13,615,4
363,366,2
897,222,4
90,317,4
751,174,4
823,191,5
345,38,2
293,206,4
259,173,4
524,488,4
655,516,2
327,792,4
527,507,5
940,161,3
901,465,4
716,318,5
405,1271,2
479,175,4
685,337,2
406,452,2
291,93,4
422,185,4
796,161,5
299,101,2
540,332,4
325,616,4
262,1220,4
389,612,4
55,79,5
848,141,4
315,173,4
842,324,4
890,429,4
378,411,3
510,333,3
622,159,3
44,250,5
605,22,4
682,405,2
426,654,5
69,307,2
643,483,4
13,59,4
234,552,2
428,310,4
10,162,4
405,509,1
923,455,4
562,416,5
872,282,5
466,11,3
707,420,3
835,499,5
347,174,4
566,78,1
380,463,4
475,313,2
886,229,3
474,506,5
406,645,5
660,50,4
577,216,4
793,696,3
405,2,1
85,501,3
778,780,3
302,748,1
305,59,3
95,203,3
768,762,1
141,252,4
655,662,2
102,778,3
922,176,3
880,111,4
551,550,5
45,181,4
592,11,5
216,100,5
694,144,4
352,172,5
469,152,4
311,494,4
589,310,5
359,181,5
297,432,4
878,659,4
747,715,5
293,54,3
280,1207,4
314,395,2
59,845,5
747,205,5
601,8,3
91,750,5
410,323,3
488,321,3
393,1074,3
152,313,4
11,54,3
532,412,2
43,51,1
705,627,3
666,546,4
224,300,4
643,262,3
316,192,1
829,1067,4
385,283,2
13,863,4
151,14,5
60,23,4
501,741,5
615,302,4
94,1220,3
62,86,2
870,396,3
18,25,3
883,312,3
664,22,2
546,53,5
334,83,4
425,912,2
59,523,4
595,100,4
276,474,5
894,1007,3
668,300,4
416,225,1
806,153,4
459,411,2
406,1073,3
271,116,2
406,85,2
789,293,4
716,227,3
18,162,4
622,190,4
698,83,5
897,429,5
478,143,5
251,295,4
504,400,3
463,988,2
468,584,4
379,127,5
752,539,4
595,546,4
18,404,4
343,1067,3
243,13,4
405,768,3
877,738,4
210,65,4
674,405,4
523,163,5
796,1407,3
264,873,3
917,476,5
389,610,5
181,221,1
279,1030,4
92,402,3
843,186,2
824,243,1
716,519,3
53,568,4
489,270,4
308,171,4
483,197,3
191,339,3
913,168,4
653,819,3
694,203,4
224,1442,3
344,1137,3
901,142,4
458,13,4
887,699,1
151,611,4
256,657,5
421,333,4
705,151,3
942,357,4
771,164,2
387,558,4
933,508,3
457,1210,4
18,64,5
476,63,3
530,196,5
497,1042,3
887,118,5
326,399,4
221,23,4
561,1267,3
453,122,3
404,286,1
806,1016,1
13,860,1
429,468,3
650,483,5
733,288,2
535,527,3
393,366,4
485,301,2
650,708,3
409,618,4
684,48,4
776,590,1
616,299,3
385,293,3
821,476,4
744,307,4
797,720,2
561,99,3
472,689,4
435,153,3
343,250,5
286,274,2
229,245,3
174,286,5
661,756,3
328,939,4
682,69,4
942,99,5
112,354,3
653,696,1
73,660,4
18,951,3
772,307,4
385,318,2
551,354,3
96,153,4
804,108,3
109,834,3
455,716,3
104,126,4
399,226,3
151,478,5
339,702,4
721,209,3
222,77,4
655,382,3
556,135,2
189,20,5
707,1018,3
870,45,5
793,122,3
90,497,5
303,687,1
145,329,4
236,225,3
847,151,4
59,101,5
125,88,5
912,192,4
916,69,4
821,56,5
880,403,3
711,83,5
328,38,3
72,241,4
755,300,4
85,161,4
401,137,3
347,686,5
406,239,3
676,294,4
835,179,5
597,300,5
554,69,5
453,117,4
92,95,3
326,443,5
83,580,4
655,92,3
233,203,3
95,510,4
31,498,4
193,487,5
592,187,5
480,479,4
318,63,3
436,287,4
301,959,4
5,383,3
387,133,2
603,419,2
592,1281,3
252,275,5
620,422,1
632,591,4
451,1022,4
222,1206,2
716,97,4
268,780,3
650,135,4
13,439,1
54,340,4
184,972,3
450,403,4
327,1098,4
189,473,5
648,924,1
399,809,3
43,566,3
568,638,3
76,1153,2
216,221,4
160,7,3
746,96,4
181,1284,1
11,286,5
62,89,5
932,755,2
269,276,5
280,420,3
589,338,3
145,38,3
244,1178,3
387,856,5
454,196,2
274,100,5
450,654,4
800,223,5
864,106,3
7,574,5
537,778,3
366,201,5
790,1132,2
846,204,3
472,1014,4
609,475,2
756,1074,4
862,742,5
216,721,4
151,642,3
207,832,3
385,134,5
378,1478,3
173,334,4
697,881,2
643,268,4
618,87,3
269,433,3
210,651,4
429,491,3
308,1021,4
85,1167,3
474,357,5
658,510,3
294,930,3
545,395,4
291,106,4
283,659,5
399,77,2
200,140,4
355,1175,5
489,878,2
21,164,5
113,258,5
504,58,3
296,111,3
217,11,4
314,1289,2
387,408,4
645,340,4
442,56,5
717,147,4
141,284,5
293,264,3
175,629,3
52,280,3
424,151,2
759,294,5
201,750,3
263,180,4
918,645,4
437,378,4
902,754,3
497,55,3
608,126,1
682,31,3
234,322,2
521,1022,4
794,455,4
407,202,4
506,542,3
401,490,3
622,215,3
48,194,4
343,823,3
385,81,3
406,511,5
234,102,2
28,271,4
276,192,5
342,746,4
100,294,4
65,511,4
653,628,4
854,117,3
393,243,4
799,321,4
933,218,3
145,1288,4
749,586,4
670,186,4
445,271,1
272,654,5
107,1243,3
916,271,3
188,50,4
484,415,3
664,192,4
374,581,4
417,202,4
715,755,2
655,276,4
378,1181,2
854,919,4
331,694,4
94,780,3
548,1047,4
449,127,5
524,498,5
921,174,5
798,1539,2
532,216,5
206,904,1
401,88,4
537,76,3
234,515,5
331,242,4
16,56,5
846,540,2
314,772,1
70,596,3
100,881,1
727,227,4
490,1,3
334,224,2
235,85,4
654,282,3
495,233,4
877,70,5
606,125,4
848,845,5
618,52,3
667,660,4
899,238,2
85,1137,4
650,7,4
270,50,5
631,301,4
450,54,4
328,211,4
276,428,4
883,749,3
109,214,1
206,895,5
942,584,4
378,273,4
216,174,5
655,527,3
870,188,5
887,125,5
805,558,5
109,200,2
268,72,3
295,435,5
682,217,4
173,306,5
648,663,1
198,280,3
298,418,4
92,1208,4
823,735,4
642,452,1
417,665,2
880,302,5
758,217,2
503,640,1
627,172,3
815,200,5
433,657,5
488,751,3
551,365,5
178,179,2
707,953,4
870,1006,2
472,232,4
616,303,4
919,16,4
1,62,3
872,274,3
642,699,5
537,581,3
223,22,5
790,1183,2
521,291,1
249,408,5
339,136,5
538,566,3
588,94,2
24,518,4
707,163,2
506,239,3
144,713,4
144,153,5
485,346,4
650,199,4
811,304,5
396,125,3
586,591,3
186,829,4
788,629,1
78,269,3
168,930,3
378,473,3
405,1307,1
527,100,5
692,762,4
345,5,3
313,197,5
919,591,3
601,21,3
346,415,2
262,169,3
271,187,5
332,96,5
392,289,5
483,283,5
862,276,5
142,350,4
224,962,2
601,431,4
864,184,4
62,673,2
50,327,3
876,288,3
276,17,4
378,44,3
12,71,4
733,293,4
363,1007,5
64,97,3
267,393,3
608,694,3
109,31,4
484,252,3
846,208,5
867,423,3
432,276,4
121,126,3
880,579,3
49,1077,4
391,715,2
935,300,4
188,148,4
42,88,5
18,224,5
594,181,3
58,347,3
130,444,4
481,153,5
251,7,3
7,596,5
343,28,5
122,193,4
406,156,5
440,328,3
606,187,4
661,230,4
751,434,4
373,177,3
59,175,4
156,157,4
801,328,5
796,174,5
893,259,3
361,79,4
145,1215,2
705,282,5
576,381,3
561,665,3
813,304,1
671,88,4
334,306,4
56,405,4
293,977,2
474,99,4
407,188,3
232,69,3
218,663,3
398,399,4
782,255,4
7,237,5
880,329,4
622,70,3
851,915,5
208,367,2
54,406,2
483,271,3
680,151,5
112,346,5
896,133,2
311,720,3
621,181,5
201,803,2
881,49,5
221,809,3
862,568,3
417,100,3
659,657,5
44,143,4
189,474,5
250,596,5
216,652,4
383,213,5
184,283,5
684,8,5
201,207,3
707,111,4
579,7,3
251,117,4
843,153,3
313,417,2
25,257,4
144,963,4
688,359,5
350,181,4
314,7,4
184,553,3
405,202,4
347,151,3
251,288,4
264,185,5
158,121,4
938,685,3
246,235,3
665,742,4
690,1028,4
406,924,4
391,133,4
643,181,3
239,530,5
246,568,4
363,172,5
727,168,5
650,15,3
510,681,1
329,322,3
296,187,5
287,237,5
766,526,2
201,209,3
177,318,4
276,78,4
527,431,3
193,871,3
381,100,4
727,72,3
141,281,4
931,137,3
591,47,3
807,8,4
416,713,4
802,294,4
305,550,3
354,603,5
542,230,4
675,1101,4
526,591,4
921,484,3
749,658,4
887,22,5
250,558,4
128,66,3
119,315,5
841,748,4
900,661,4
7,639,5
399,420,3
886,55,4
738,662,4
483,450,4
59,770,4
536,265,5
535,429,3
846,431,5
197,586,3
332,125,5
919,946,4
757,230,4
616,313,5
38,742,5
361,185,5
600,540,3
935,313,5
709,693,4
488,498,3
844,172,4
758,684,4
747,50,5
835,197,5
6,180,4
601,250,4
629,144,5
661,676,4
577,8,4
371,175,1
116,20,3
529,1038,4
228,886,1
735,117,3
715,50,5
399,597,3
677,475,4
495,86,5
763,209,4
89,724,4
172,657,3
504,939,4
6,419,4
653,188,5
361,531,5
417,774,4
761,471,3
545,28,4
354,863,3
697,287,4
763,133,3
642,138,4
488,186,4
398,228,5
505,73,4
712,215,3
293,469,4
394,227,4
828,346,4
263,222,4
378,174,4
109,373,5
70,82,4
238,300,4
521,183,3
642,801,3
151,111,4
41,181,4
474,699,4
382,98,3
774,519,5
308,521,3
829,125,3
586,240,3
308,1252,3
373,161,4
518,919,5
759,328,5
532,1470,5
100,885,2
709,53,3
851,128,4
690,202,2
262,427,4
63,225,2
346,11,4
210,135,5
569,405,3
747,1427,2
765,971,4
125,195,5
323,98,4
63,408,4
493,959,2
94,723,3
379,89,4
151,408,5
224,879,3
682,781,2
115,48,5
825,871,3
293,939,2
254,622,4
91,183,5
702,352,1
828,904,3
21,984,1
655,727,2
387,1538,3
399,722,2
94,23,5
380,856,3
42,380,4
95,1091,3
159,274,3
655,53,2
757,148,4
892,768,4
286,709,4
403,410,2
300,456,4
795,108,3
521,423,3
472,109,4
724,680,1
100,750,4
171,326,2
178,133,4
83,566,4
59,434,4
295,91,5
338,306,4
91,328,4
405,1590,1
640,53,4
446,286,3
682,121,4
109,388,5
263,515,5
345,919,2
60,517,4
150,147,4
63,300,4
374,161,5
805,470,5
117,313,5
661,433,5
548,343,4
828,322,3
766,577,3
771,197,1
406,23,4
457,531,5
326,241,3
624,870,4
392,813,3
194,1,4
621,1,3
409,28,2
535,1149,4
396,322,4
308,194,5
592,547,4
912,661,2
70,95,4
846,516,4
719,281,3
385,455,4
533,20,5
913,302,4
872,334,1
918,1172,3
551,770,2
361,387,3
676,682,1
44,147,4
786,117,4
537,4,2
99,64,5
234,929,1
429,21,2
55,7,3
145,690,4
711,417,4
497,234,2
414,324,4
902,1016,2
474,200,3
472,672,4
870,1412,2
363,1478,1
359,930,4
130,183,5
861,86,5
84,291,3
913,164,2
99,508,4
274,846,2
151,183,3
878,236,2
398,1126,4
626,288,3
654,204,4
535,32,3
113,277,3
683,626,3
314,833,4
496,1401,3
608,611,3
154,152,4
650,565,3
249,930,2
149,333,1
648,220,3
467,1142,5
13,341,2
244,721,5
119,12,3
890,524,4
851,1094,1
389,524,5
393,291,4
119,340,4
313,25,2
367,436,4
307,687,1
320,399,3
239,463,5
277,274,4
62,229,3
924,12,4
916,218,3
647,1047,4
881,100,4
521,216,2
834,744,4
492,492,4
916,257,3
463,475,3
363,1067,3
393,705,4
523,154,4
308,192,5
480,127,3
406,661,5
856,307,4
699,546,3
484,778,5
406,485,3
848,95,5
303,1041,2
854,597,2
235,511,5
856,316,5
676,508,1
506,295,4
697,596,4
299,749,1
92,363,3
537,52,3
281,332,4
655,1141,3
880,762,4
655,89,4
837,289,5
773,675,5
21,760,1
345,237,4
314,1053,5
795,50,3
559,188,5
716,606,5
16,216,5
920,333,4
508,88,3
58,246,5
117,265,4
80,87,4
472,658,5
291,1489,2
887,420,5
345,462,5
881,474,3
546,234,4
886,732,3
458,333,1
503,744,2
393,866,3
234,168,3
916,213,4
173,300,4
104,544,3
275,435,3
363,550,4
497,944,3
92,1090,3
189,174,5
768,121,4
10,462,3
20,186,3
532,496,5
269,410,4
416,531,5
796,393,4
621,722,4
378,275,5
373,427,4
889,207,3
42,625,3
907,1054,3
145,510,4
44,133,4
800,294,3
774,514,2
221,282,4
385,187,4
739,197,1
450,174,5
916,597,2
405,1551,1
279,29,2
863,310,5
417,200,4
406,693,3
387,232,2
437,778,3
903,52,3
249,597,2
537,338,1
354,152,3
847,89,2
378,234,4
291,33,4
279,759,4
650,480,5
94,230,2
70,172,5
18,50,4
798,418,4
222,689,4
84,528,5
497,1,4
870,480,5
243,1197,4
387,175,5
156,480,5
608,174,3
259,235,2
374,591,4
334,47,4
171,906,3
1,25,4
243,367,3
87,496,5
796,164,3
69,7,5
624,3,3
843,440,1
328,29,3
469,474,5
339,188,4
389,109,3
222,941,3
524,212,5
536,596,3
316,265,3
664,197,4
44,433,4
436,182,5
334,127,4
193,689,2
894,1226,4
450,516,5
703,748,3
693,298,3
446,334,3
505,133,5
747,650,4
665,620,3
592,514,5
13,613,4
176,405,2
295,648,4
941,222,2
124,166,5
901,63,5
664,92,4
451,880,1
334,346,5
770,331,3
159,288,3
643,468,4
576,323,3
804,252,4
62,118,2
593,402,4
130,269,4
456,185,4
201,667,2
327,1101,4
815,135,2
82,1163,2
442,164,2
741,7,3
194,182,3
241,335,3
97,192,1
890,655,3
344,88,3
399,229,2
506,1407,2
595,994,4
759,237,3
919,284,3
901,391,5
756,300,4
344,13,3
59,569,4
378,317,5
474,616,4
279,482,4
666,959,4
13,234,5
110,944,3
83,196,5
174,747,5
790,776,3
276,284,4
397,108,4
897,409,4
60,755,4
297,243,1
780,604,3
276,411,4
532,450,2
846,197,4
161,473,1
168,235,2
870,288,4
271,956,4
342,692,1
592,249,4
450,483,3
43,140,4
795,204,3
110,651,4
930,14,4
707,1255,3
118,79,5
279,379,3
538,710,3
682,147,1
734,144,2
262,762,2
699,147,2
279,1121,4
396,300,3
71,134,3
280,576,3
416,231,3
158,168,5
59,318,5
568,735,2
295,794,4
653,286,4
156,528,4
815,523,4
291,747,4
537,770,3
12,127,4
650,238,4
276,237,5
185,178,4
551,655,5
250,748,2
286,455,1
95,415,3
399,794,3
645,208,5
758,312,3
49,143,3
843,504,2
435,52,5
592,312,2
314,255,5
548,347,2
145,678,2
693,186,2
224,193,4
568,486,4
82,582,4
666,204,3
99,628,4
94,174,4
646,748,3
539,1211,3
119,568,4
862,7,5
711,365,3
233,501,3
551,55,5
805,806,4
868,746,2
749,273,4
601,132,5
244,71,4
871,515,4
889,789,2
758,1025,3
897,603,5
387,1011,3
489,308,4
716,662,3
931,116,4
383,531,3
7,654,5
932,430,4
406,701,5
286,554,4
45,225,4
619,350,3
862,357,3
38,673,5
293,871,1
561,544,2
557,307,5
527,11,4
185,321,5
627,281,3
176,876,3
498,1422,3
643,96,5
610,402,5
269,537,5
320,453,3
498,53,4
450,64,4
321,942,3
245,258,4
85,172,4
561,514,4
551,531,5
291,140,4
7,465,4
235,292,3
222,783,2
624,126,4
130,222,4
81,79,5
932,1030,2
911,7,4
406,127,4
632,81,5
607,212,3
630,411,4
729,362,4
397,357,5
216,421,5
484,29,3
701,127,4
500,58,3
709,405,3
151,483,5
378,632,5
6,512,4
759,756,4
844,421,4
345,148,3
226,275,3
449,251,3
561,12,5
201,581,3
862,197,4
681,288,1
472,135,4
303,145,1
136,89,4
806,89,5
749,934,3
782,289,3
937,258,4
69,288,5
682,237,3
291,470,3
7,440,1
484,343,2
606,1151,3
436,127,5
264,150,5
108,124,4
198,959,3
763,607,4
358,258,4
777,1,4
621,241,4
621,233,3
267,230,4
495,179,5
942,496,5
932,144,3
642,1209,3
851,273,5
276,14,4
758,324,5
222,238,5
616,343,4
927,155,4
530,56,3
280,218,4
272,238,5
715,235,2
215,215,3
442,182,4
758,4,4
798,1239,4
496,421,3
279,802,4
275,450,3
697,683,1
692,208,4
642,318,2
436,200,3
590,293,3
743,300,4
437,145,1
617,644,4
409,1159,2
10,707,5
894,1592,4
58,204,4
269,498,4
344,647,4
406,502,1
292,1073,5
59,1048,4
130,268,4
94,735,5
90,154,5
141,409,5
698,220,3
480,294,1
198,318,4
833,923,5
46,748,5
862,491,3
561,608,3
650,202,3
747,175,4
840,1018,3
880,1415,2
269,602,4
452,195,4
932,119,5
378,8,4
815,479,4
354,20,5
942,514,4
323,546,2
451,678,5
537,468,2
897,864,4
896,181,5
828,86,3
207,170,4
680,143,4
177,210,4
551,121,5
913,462,3
405,1274,1
346,546,4
537,521,2
279,1037,1
884,300,1
175,483,5
804,81,4
796,250,5
936,346,4
707,956,5
425,83,2
295,11,4
172,183,5
327,42,3
889,771,2
70,1146,3
757,1014,3
566,384,3
774,708,2
251,1012,4
339,461,5
889,1428,3
854,132,5
878,321,2
22,29,1
45,284,4
430,19,5
864,568,4
552,291,2
147,751,2
464,678,3
178,724,4
660,946,2
7,571,3
295,465,4
201,405,4
11,291,4
829,294,2
846,430,3
455,275,4
232,202,4
198,65,2
243,268,4
160,50,4
699,678,3
363,80,4
64,420,3
424,427,4
666,866,2
266,245,1
605,79,5
125,70,3
804,173,4
59,549,4
586,541,3
634,596,3
471,71,3
188,162,4
276,397,1
283,433,4
468,662,4
90,480,5
152,71,5
563,233,4
640,474,4
374,924,5
227,741,3
58,100,5
537,271,2
933,157,4
889,13,4
57,194,4
450,1269,4
643,5,3
747,12,4
192,1171,2
882,199,5
886,66,3
872,932,4
484,265,5
313,651,3
833,121,1
851,56,5
616,895,3
271,739,4
727,566,3
561,121,3
445,763,2
1,94,2
694,530,5
11,748,1
160,640,3
617,563,1
118,171,5
378,977,3
907,8,3
601,378,2
593,775,3
65,806,4
326,94,4
374,202,3
234,623,2
272,32,4
772,271,4
766,1203,3
22,230,4
54,313,4
442,710,5
911,647,4
828,14,4
24,8,5
847,174,4
625,190,3
130,427,5
758,765,2
262,332,3
677,289,1
164,293,4
354,651,3
102,5,3
588,356,4
592,58,5
757,472,3
163,216,3
524,321,3
707,1068,4
619,1231,2
416,220,4
73,285,4
496,633,3
933,546,2
227,295,5
459,275,4
776,860,3
881,748,3
896,70,4
735,304,4
130,1058,5
95,465,3
273,347,4
340,502,2
339,238,5
666,649,3
837,628,3
95,737,3
500,44,1
416,928,3
294,117,4
230,25,3
443,309,5
650,478,4
308,449,3
406,396,3
537,657,3
128,507,4
561,715,3
672,25,5
303,716,2
787,304,4
436,739,4
215,496,5
790,742,4
648,441,3
110,689,3
104,751,4
487,252,1
423,322,3
457,20,5
159,451,5
896,1112,3
665,1,4
537,689,1
738,127,4
719,742,4
716,160,2
90,958,4
820,328,2
854,191,4
327,921,4
561,193,3
843,357,2
34,312,4
751,25,5
405,8,4
441,751,4
731,945,4
912,520,2
286,655,3
712,40,5
493,201,5
63,841,1
792,1054,1
627,649,4
38,218,3
862,196,5
864,1531,3
319,333,4
848,496,2
307,222,4
459,405,3
201,544,2
469,605,4
416,959,5
905,100,4
87,679,3
387,200,5
768,151,2
897,273,3
852,151,4
379,401,3
897,826,4
663,12,5
410,289,1
447,89,5
244,161,4
927,501,4
92,167,3
354,83,4
896,82,3
416,735,5
318,631,4
407,433,4
49,4,2
445,818,1
234,709,4
387,514,3
293,202,3
924,134,4
73,318,4
804,378,4
694,22,5
257,921,5
175,176,3
428,259,4
151,125,4
807,91,5
234,95,3
1,175,5
160,55,4
864,747,3
164,222,4
514,257,4
456,23,4
552,147,3
216,367,3
57,496,4
254,126,3
37,597,5
690,232,4
506,836,4
934,212,4
450,735,4
92,91,3
886,67,4
854,260,3
291,155,3
83,412,1
201,281,2
402,258,4
437,100,4
391,648,5
727,1076,2
435,752,3
325,510,4
328,155,4
724,351,1
44,214,5
727,380,3
341,1527,4
409,135,5
939,597,4
699,151,3
393,748,3
417,792,4
181,1343,1
158,271,4
710,504,4
56,969,3
87,433,3
527,661,5
880,761,4
134,338,4
15,845,2
454,286,3
325,200,2
551,156,5
498,806,3
874,125,3
916,593,4
639,731,2
677,294,5
594,292,3
479,169,5
11,382,3
102,67,1
26,871,2
2,302,5
194,241,2
658,192,4
195,358,2
26,294,3
504,25,4
878,509,4
87,944,5
498,251,3
163,288,3
28,665,3
385,276,3
650,301,2
584,161,4
758,227,4
457,699,4
877,326,4
693,591,3
479,483,4
4,357,4
409,491,2
792,15,4
294,257,3
536,480,5
715,222,3
503,463,1
902,204,3
90,6,4
367,1012,4
450,966,4
901,82,5
234,874,1
582,405,3
491,129,4
63,6,3
851,22,5
472,496,4
23,172,4
379,83,4
524,230,3
567,1020,3
197,530,3
823,742,4
642,577,4
6,462,5
667,196,5
94,93,4
198,423,3
716,866,3
782,342,2
751,96,4
363,554,1
405,511,2
200,831,4
276,919,4
618,28,4
318,160,3
308,842,3
629,690,2
445,300,1
159,1025,2
128,159,4
788,447,3
301,50,5
102,94,2
115,684,3
373,472,3
42,471,4
883,512,5
195,328,4
452,404,4
403,1047,2
75,1,4
536,214,2
568,430,3
758,302,5
862,257,5
360,357,5
698,181,3
450,7,4
230,1192,4
345,559,1
653,164,3
151,241,3
623,692,3
92,11,4
145,406,3
899,89,4
716,95,4
495,163,5
22,250,5
110,1218,3
299,739,3
818,875,1
826,79,4
928,266,5
70,152,4
295,84,2
478,231,1
846,432,3
249,405,3
115,741,3
773,382,3
659,693,4
416,144,5
176,325,3
671,849,3
505,988,3
154,211,4
249,212,4
59,931,2
547,354,4
727,1119,3
572,1171,3
416,990,2
379,528,5
312,204,4
435,219,5
727,196,4
515,893,1
539,215,4
277,258,4
405,1346,1
618,1225,2
405,4,4
536,432,4
18,198,3
683,609,3
130,53,3
280,1015,3
535,153,4
272,483,5
806,233,2
933,132,3
178,82,5
374,137,2
682,631,3
189,647,4
16,496,5
773,52,3
435,246,5
457,276,4
188,240,1
437,435,3
863,302,4
343,62,2
130,255,4
239,205,3
43,186,3
606,471,4
234,11,2
536,69,5
59,125,3
519,299,5
450,3,4
643,282,3
877,451,4
301,152,3
415,258,4
790,229,3
271,265,5
543,94,3
650,674,4
389,168,5
92,783,3
89,235,5
659,258,4
298,143,5
765,1009,5
19,655,3
542,172,4
94,282,3
158,148,4
796,143,5
363,187,2
885,210,5
270,257,4
449,1367,4
275,98,4
736,255,1
474,212,4
301,100,5
561,199,4
896,58,3
665,147,4
62,151,5
234,928,2
803,289,3
98,321,3
435,171,5
385,23,5
129,748,2
94,673,3
913,518,4
527,56,4
65,178,5
650,21,2
268,480,5
80,582,3
538,4,3
650,233,2
268,946,3
701,257,4
655,962,5
621,72,2
49,320,5
65,7,1
7,200,5
95,275,3
42,491,3
178,71,4
779,181,5
680,121,3
90,137,5
303,746,4
234,1120,3
704,173,4
518,235,4
486,887,5
671,7,5
882,196,4
59,137,5
64,340,4
18,188,3
539,275,4
279,1428,3
587,288,4
464,326,4
679,172,5
414,302,5
21,273,4
826,540,3
615,13,4
352,92,3
22,568,4
62,72,3
416,1041,3
843,419,2
933,117,2
815,615,2
830,2,3
268,810,2
501,118,3
75,271,5
711,272,5
763,518,4
214,13,3
286,330,5
215,474,4
458,762,3
429,772,3
254,186,3
559,519,5
484,318,5
184,1121,4
932,101,3
851,693,5
321,45,4
943,824,4
23,62,3
894,1048,4
77,252,1
942,498,5
587,343,4
445,879,2
328,385,3
907,988,3
898,272,4
84,237,4
299,212,4
543,730,3
68,125,1
91,427,4
935,476,4
901,259,2
501,25,3
532,818,2
291,597,3
650,204,4
798,28,4
437,155,3
865,928,1
527,12,4
677,539,3
711,173,3
399,1090,2
468,64,5
151,609,4
151,686,3
300,872,5
839,319,1
883,1041,3
270,740,5
393,1180,4
478,946,2
189,207,5
670,482,5
810,313,5
882,227,4
495,67,3
790,1044,4
773,53,3
178,845,4
269,318,4
326,705,3
803,307,4
271,630,2
472,940,4
943,717,4
119,1263,3
318,735,5
57,475,2
244,764,5
100,689,3
847,135,4
182,763,3
296,89,5
405,644,3
221,1016,3
844,1474,4
181,137,2
938,823,4
622,98,5
650,214,3
451,877,4
747,268,5
236,549,4
151,1109,4
554,717,3
308,4,5
276,786,3
535,471,4
706,333,1
10,651,4
608,478,3
524,239,2
841,288,3
476,999,2
749,136,5
72,121,3
642,125,4
385,671,3
774,410,1
616,302,5
785,1050,3
301,721,3
152,685,5
699,127,3
305,86,4
366,56,5
268,55,4
388,259,3
308,174,4
146,342,1
109,218,4
201,656,4
892,760,3
43,301,5
518,1047,4
532,759,2
940,527,3
328,204,3
234,393,2
758,567,4
468,428,4
648,191,5
144,307,1
667,651,5
592,243,1
586,423,2
144,280,1
439,285,5
7,607,3
747,1659,1
825,245,5
683,313,2
699,591,2
274,50,5
721,1296,3
790,230,4
573,836,3
184,492,4
758,12,5
867,204,4
733,1375,3
336,716,2
786,471,4
330,969,5
532,879,3
922,127,3
442,635,4
222,770,3
200,56,4
723,89,3
456,197,4
630,9,2
213,690,3
74,137,3
59,190,5
90,425,4
49,101,3
144,403,3
87,188,4
886,410,4
267,824,4
270,387,5
271,499,3
189,815,3
259,781,3
639,786,3
276,228,4
566,121,3
892,403,3
460,311,5
934,514,5
703,222,4
682,218,3
938,225,4
184,642,4
932,174,4
444,906,4
833,72,2
63,1,3
276,1035,3
486,742,2
200,141,4
417,498,4
608,418,1
96,173,3
841,325,3
875,185,4
432,3,3
503,185,5
510,678,4
279,728,4
334,204,4
405,1530,1
496,318,4
911,482,4
751,347,4
508,101,5
528,69,3
627,658,3
382,252,2
184,372,3
660,272,4
592,744,3
295,382,5
222,1,4
43,172,4
497,384,2
334,1016,3
406,404,5
194,971,3
743,744,5
13,271,1
518,847,5
305,664,2
405,1175,1
363,444,4
311,172,5
11,79,4
257,936,4
506,85,3
387,147,2
889,71,3
122,378,4
487,12,5
286,232,4
406,123,4
605,143,1
827,313,3
653,444,1
548,760,3
262,815,2
49,657,5
660,179,4
664,64,4
455,144,3
344,283,4
450,78,2
783,948,3
639,1005,2
835,162,5
64,569,3
592,931,1
231,748,4
274,478,5
123,523,3
139,458,4
523,863,4
194,631,2
727,1250,1
505,132,5
90,11,4
200,584,4
870,48,4
94,1218,4
378,66,3
7,646,5
405,463,1
215,229,3
880,728,4
535,238,4
551,941,4
659,837,3
405,672,1
229,302,5
236,204,3
268,672,2
679,223,5
789,50,5
653,127,5
343,474,5
898,539,3
343,1140,3
868,378,2
486,14,5
474,468,4
437,1006,3
8,210,4
67,1052,3
811,294,4
557,50,4
773,231,2
