Store,Date,Temperature,Fuel_Price,CPI,Unemployment,Year,Month,Week,DayOfYear,Quarter,Month_sin,Month_cos,Week_sin,Week_cos
1,2010-02-05,64.4,3.422,208.898,9.395,2010,2,5,36,1,0.8660254037844386,0.5000000000000001,0.5680647467311558,0.8229838658936564
1,2010-02-12,64.29,3.519,210.561,10.327,2010,2,6,43,1,0.8660254037844386,0.5000000000000001,0.6631226582407952,0.7485107481711011
1,2010-02-19,68.93,4.159,213.468,9.462,2010,2,7,50,1,0.8660254037844386,0.5000000000000001,0.7485107481711011,0.6631226582407953
1,2010-02-26,62.11,3.779,207.817,9.22,2010,2,8,57,1,0.8660254037844386,0.5000000000000001,0.8229838658936564,0.5680647467311559
1,2010-03-05,70.3,3.811,210.917,9.877,2010,3,9,64,1,1.0,6.123233995736766e-17,0.8854560256532099,0.4647231720437686
1,2010-03-12,63.08,3.855,207.874,10.22,2010,3,10,71,1,1.0,6.123233995736766e-17,0.9350162426854148,0.35460488704253557
1,2010-03-19,73.03,3.798,211.42,10.026,2010,3,11,78,1,1.0,6.123233995736766e-17,0.970941817426052,0.23931566428755804
1,2010-03-26,76.57,3.892,216.255,9.719,2010,3,12,85,1,1.0,6.123233995736766e-17,0.992708874098054,0.120536680255323
1,2010-04-02,79.02,4.02,211.549,10.541,2010,4,13,92,2,0.8660254037844387,-0.4999999999999998,1.0,-1.6081226496766366e-16
1,2010-04-09,74.92,3.908,209.338,10.414,2010,4,14,99,2,0.8660254037844387,-0.4999999999999998,0.992708874098054,-0.12053668025532288
1,2010-04-16,79.41,3.914,210.871,9.809,2010,4,15,106,2,0.8660254037844387,-0.4999999999999998,0.9709418174260521,-0.2393156642875575
1,2010-04-23,76.03,3.572,209.062,9.119,2010,4,16,113,2,0.8660254037844387,-0.4999999999999998,0.9350162426854148,-0.35460488704253545
1,2010-04-30,70.94,4.009,208.988,9.083,2010,4,17,120,2,0.8660254037844387,-0.4999999999999998,0.8854560256532099,-0.4647231720437685
1,2010-05-07,64.54,3.987,211.943,9.537,2010,5,18,127,2,0.49999999999999994,-0.8660254037844387,0.8229838658936565,-0.5680647467311557
1,2010-05-14,63.63,3.833,210.584,9.532,2010,5,19,134,2,0.49999999999999994,-0.8660254037844387,0.7485107481711013,-0.663122658240795
1,2010-05-21,54.1,3.435,208.271,10.128,2010,5,20,141,2,0.49999999999999994,-0.8660254037844387,0.6631226582407952,-0.7485107481711012
1,2010-05-28,64.22,3.331,209.561,9.064,2010,5,21,148,2,0.49999999999999994,-0.8660254037844387,0.5680647467311558,-0.8229838658936564
1,2010-06-04,60.85,3.147,213.475,7.914,2010,6,22,155,2,1.2246467991473532e-16,-1.0,0.46472317204376906,-0.8854560256532096
1,2010-06-11,57.01,3.206,210.331,8.816,2010,6,23,162,2,1.2246467991473532e-16,-1.0,0.35460488704253584,-0.9350162426854147
1,2010-06-18,55.6,2.899,211.187,9.48,2010,6,24,169,2,1.2246467991473532e-16,-1.0,0.23931566428755768,-0.970941817426052
1,2010-06-25,57.58,2.94,213.303,8.742,2010,6,25,176,2,1.2246467991473532e-16,-1.0,0.12053668025532308,-0.992708874098054
1,2010-07-02,43.88,2.175,211.492,8.086,2010,7,26,183,3,-0.4999999999999997,-0.8660254037844388,-3.216245299353273e-16,-1.0
1,2010-07-09,40.11,2.147,205.583,7.876,2010,7,27,190,3,-0.4999999999999997,-0.8660254037844388,-0.12053668025532283,-0.992708874098054
1,2010-07-16,40.26,2.069,207.226,7.521,2010,7,28,197,3,-0.4999999999999997,-0.8660254037844388,-0.23931566428755743,-0.9709418174260521
1,2010-07-23,36.03,2.197,210.053,7.011,2010,7,29,204,3,-0.4999999999999997,-0.8660254037844388,-0.3546048870425356,-0.9350162426854148
1,2010-07-30,40.99,1.661,210.366,7.412,2010,7,30,211,3,-0.4999999999999997,-0.8660254037844388,-0.46472317204376806,-0.8854560256532101
1,2010-08-06,27.15,1.584,210.753,6.444,2010,8,31,218,3,-0.8660254037844385,-0.5000000000000004,-0.5680647467311556,-0.8229838658936566
1,2010-08-13,30.21,1.361,209.252,6.372,2010,8,32,225,3,-0.8660254037844385,-0.5000000000000004,-0.663122658240795,-0.7485107481711013
1,2010-08-20,26.96,1.477,212.047,6.614,2010,8,33,232,3,-0.8660254037844385,-0.5000000000000004,-0.7485107481711011,-0.6631226582407952
1,2010-08-27,31.91,1.122,206.88,6.398,2010,8,34,239,3,-0.8660254037844385,-0.5000000000000004,-0.8229838658936564,-0.5680647467311559
1,2010-09-03,22.39,0.982,208.635,6.446,2010,9,35,246,3,-1.0,-1.8369701987210297e-16,-0.8854560256532096,-0.4647231720437691
1,2010-09-10,12.41,0.865,210.354,6.532,2010,9,36,253,3,-1.0,-1.8369701987210297e-16,-0.9350162426854147,-0.3546048870425359
1,2010-09-17,13.38,1.334,211.62,6.102,2010,9,37,260,3,-1.0,-1.8369701987210297e-16,-0.970941817426052,-0.23931566428755774
1,2010-09-24,13.48,0.692,210.261,5.768,2010,9,38,267,3,-1.0,-1.8369701987210297e-16,-0.992708874098054,-0.12053668025532357
1,2010-10-01,10.1,1.321,211.569,6.267,2010,10,39,274,4,-0.8660254037844386,0.5000000000000001,-1.0,-1.8369701987210297e-16
1,2010-10-08,7.36,0.93,210.178,6.354,2010,10,40,281,4,-0.8660254037844386,0.5000000000000001,-0.992708874098054,0.1205366802553232
1,2010-10-15,10.73,1.201,214.906,5.278,2010,10,41,288,4,-0.8660254037844386,0.5000000000000001,-0.9709418174260521,0.23931566428755738
1,2010-10-22,19.78,1.146,212.386,7.001,2010,10,42,295,4,-0.8660254037844386,0.5000000000000001,-0.9350162426854148,0.35460488704253557
1,2010-10-29,19.42,1.306,212.088,6.398,2010,10,43,302,4,-0.8660254037844386,0.5000000000000001,-0.8854560256532101,0.464723172043768
1,2010-11-05,17.61,1.674,210.778,6.981,2010,11,44,309,4,-0.5000000000000004,0.8660254037844384,-0.822983865893657,0.5680647467311548
1,2010-11-12,23.82,1.602,209.204,6.587,2010,11,45,316,4,-0.5000000000000004,0.8660254037844384,-0.7485107481711011,0.6631226582407952
1,2010-11-19,26.77,1.46,211.126,6.596,2010,11,46,323,4,-0.5000000000000004,0.8660254037844384,-0.6631226582407955,0.7485107481711007
1,2010-11-26,26.65,1.669,208.965,7.227,2010,11,47,330,4,-0.5000000000000004,0.8660254037844384,-0.5680647467311559,0.8229838658936564
1,2010-12-03,30.6,1.728,211.735,6.682,2010,12,48,337,4,-2.4492935982947064e-16,1.0,-0.4647231720437684,0.88545602565321
1,2010-12-10,31.36,2.092,208.216,6.938,2010,12,49,344,4,-2.4492935982947064e-16,1.0,-0.35460488704253595,0.9350162426854147
1,2010-12-17,38.91,2.08,211.794,7.781,2010,12,50,351,4,-2.4492935982947064e-16,1.0,-0.2393156642875578,0.970941817426052
1,2010-12-24,42.23,2.414,210.269,7.44,2010,12,51,358,4,-2.4492935982947064e-16,1.0,-0.12053668025532363,0.992708874098054
1,2010-12-31,50.0,2.812,212.359,7.827,2010,12,52,365,4,-2.4492935982947064e-16,1.0,6.432490598706546e-16,1.0
1,2011-01-07,42.23,2.894,212.052,7.99,2011,1,1,7,1,0.49999999999999994,0.8660254037844387,0.12053668025532305,0.992708874098054
1,2011-01-14,60.45,2.507,214.398,8.535,2011,1,2,14,1,0.49999999999999994,0.8660254037844387,0.23931566428755774,0.970941817426052
1,2011-01-21,61.66,3.143,212.985,8.092,2011,1,3,21,1,0.49999999999999994,0.8660254037844387,0.3546048870425356,0.9350162426854148
1,2011-01-28,63.09,3.007,216.177,7.562,2011,1,4,28,1,0.49999999999999994,0.8660254037844387,0.4647231720437685,0.8854560256532099
1,2011-02-04,67.03,3.247,212.345,9.634,2011,2,5,35,1,0.8660254037844386,0.5000000000000001,0.5680647467311558,0.8229838658936564
1,2011-02-11,71.11,3.25,216.614,10.003,2011,2,6,42,1,0.8660254037844386,0.5000000000000001,0.6631226582407952,0.7485107481711011
1,2011-02-18,63.23,3.578,216.011,9.237,2011,2,7,49,1,0.8660254037844386,0.5000000000000001,0.7485107481711011,0.6631226582407953
1,2011-02-25,67.02,3.841,213.301,9.306,2011,2,8,56,1,0.8660254037844386,0.5000000000000001,0.8229838658936564,0.5680647467311559
1,2011-03-04,73.52,3.597,216.413,8.971,2011,3,9,63,1,1.0,6.123233995736766e-17,0.8854560256532099,0.4647231720437686
1,2011-03-11,67.97,3.946,217.894,10.682,2011,3,10,70,1,1.0,6.123233995736766e-17,0.9350162426854148,0.35460488704253557
1,2011-03-18,82.54,4.404,216.487,9.844,2011,3,11,77,1,1.0,6.123233995736766e-17,0.970941817426052,0.23931566428755804
1,2011-03-25,73.73,4.099,214.413,9.824,2011,3,12,84,1,1.0,6.123233995736766e-17,0.992708874098054,0.120536680255323
1,2011-04-01,68.45,4.044,215.471,10.279,2011,4,13,91,2,0.8660254037844387,-0.4999999999999998,1.0,-1.6081226496766366e-16
1,2011-04-08,80.23,4.264,216.781,10.58,2011,4,14,98,2,0.8660254037844387,-0.4999999999999998,0.992708874098054,-0.12053668025532288
1,2011-04-15,74.06,3.723,216.915,9.213,2011,4,15,105,2,0.8660254037844387,-0.4999999999999998,0.9709418174260521,-0.2393156642875575
1,2011-04-22,68.69,3.739,213.401,10.16,2011,4,16,112,2,0.8660254037844387,-0.4999999999999998,0.9350162426854148,-0.35460488704253545
1,2011-04-29,70.79,3.77,215.545,8.924,2011,4,17,119,2,0.8660254037844387,-0.4999999999999998,0.8854560256532099,-0.4647231720437685
1,2011-05-06,72.66,3.936,215.722,9.22,2011,5,18,126,2,0.49999999999999994,-0.8660254037844387,0.8229838658936565,-0.5680647467311557
1,2011-05-13,66.2,3.68,212.803,9.191,2011,5,19,133,2,0.49999999999999994,-0.8660254037844387,0.7485107481711013,-0.663122658240795
1,2011-05-20,65.15,3.119,215.862,8.66,2011,5,20,140,2,0.49999999999999994,-0.8660254037844387,0.6631226582407952,-0.7485107481711012
1,2011-05-27,66.06,3.119,214.743,9.4,2011,5,21,147,2,0.49999999999999994,-0.8660254037844387,0.5680647467311558,-0.8229838658936564
1,2011-06-03,52.01,3.053,216.623,10.043,2011,6,22,154,2,1.2246467991473532e-16,-1.0,0.46472317204376906,-0.8854560256532096
1,2011-06-10,60.36,2.906,212.294,9.474,2011,6,23,161,2,1.2246467991473532e-16,-1.0,0.35460488704253584,-0.9350162426854147
1,2011-06-17,52.49,3.119,217.708,7.92,2011,6,24,168,2,1.2246467991473532e-16,-1.0,0.23931566428755768,-0.970941817426052
1,2011-06-24,43.83,2.647,215.579,7.912,2011,6,25,175,2,1.2246467991473532e-16,-1.0,0.12053668025532308,-0.992708874098054
1,2011-07-01,47.91,2.473,213.879,8.875,2011,7,26,182,3,-0.4999999999999997,-0.8660254037844388,-3.216245299353273e-16,-1.0
1,2011-07-08,37.99,2.396,213.167,8.949,2011,7,27,189,3,-0.4999999999999997,-0.8660254037844388,-0.12053668025532283,-0.992708874098054
1,2011-07-15,33.02,2.133,214.986,7.171,2011,7,28,196,3,-0.4999999999999997,-0.8660254037844388,-0.23931566428755743,-0.9709418174260521
1,2011-07-22,27.74,2.192,213.74,7.545,2011,7,29,203,3,-0.4999999999999997,-0.8660254037844388,-0.3546048870425356,-0.9350162426854148
1,2011-07-29,30.61,1.913,217.392,6.627,2011,7,30,210,3,-0.4999999999999997,-0.8660254037844388,-0.46472317204376806,-0.8854560256532101
1,2011-08-05,28.47,1.76,215.795,7.104,2011,8,31,217,3,-0.8660254037844385,-0.5000000000000004,-0.5680647467311556,-0.8229838658936566
1,2011-08-12,30.93,1.788,216.017,5.471,2011,8,32,224,3,-0.8660254037844385,-0.5000000000000004,-0.663122658240795,-0.7485107481711013
1,2011-08-19,22.16,1.233,213.88,7.045,2011,8,33,231,3,-0.8660254037844385,-0.5000000000000004,-0.7485107481711011,-0.6631226582407952
1,2011-08-26,19.4,1.498,217.066,6.336,2011,8,34,238,3,-0.8660254037844385,-0.5000000000000004,-0.8229838658936564,-0.5680647467311559
1,2011-09-02,22.92,1.069,217.051,6.139,2011,9,35,245,3,-1.0,-1.8369701987210297e-16,-0.8854560256532096,-0.4647231720437691
1,2011-09-09,24.82,1.478,216.049,6.26,2011,9,36,252,3,-1.0,-1.8369701987210297e-16,-0.9350162426854147,-0.3546048870425359
1,2011-09-16,22.15,1.015,213.271,5.861,2011,9,37,259,3,-1.0,-1.8369701987210297e-16,-0.970941817426052,-0.23931566428755774
1,2011-09-23,17.06,1.003,216.634,6.08,2011,9,38,266,3,-1.0,-1.8369701987210297e-16,-0.992708874098054,-0.12053668025532357
1,2011-09-30,19.1,1.061,214.41,5.912,2011,9,39,273,3,-1.0,-1.8369701987210297e-16,-1.0,-1.8369701987210297e-16
1,2011-10-07,17.06,1.031,217.305,7.191,2011,10,40,280,4,-0.8660254037844386,0.5000000000000001,-0.992708874098054,0.1205366802553232
1,2011-10-14,10.89,0.835,213.767,5.459,2011,10,41,287,4,-0.8660254037844386,0.5000000000000001,-0.9709418174260521,0.23931566428755738
1,2011-10-21,14.66,1.197,214.036,6.41,2011,10,42,294,4,-0.8660254037844386,0.5000000000000001,-0.9350162426854148,0.35460488704253557
1,2011-10-28,13.55,0.813,217.865,6.208,2011,10,43,301,4,-0.8660254037844386,0.5000000000000001,-0.8854560256532101,0.464723172043768
1,2011-11-04,29.12,1.498,214.052,6.647,2011,11,44,308,4,-0.5000000000000004,0.8660254037844384,-0.822983865893657,0.5680647467311548
1,2011-11-11,23.92,1.289,215.617,5.944,2011,11,45,315,4,-0.5000000000000004,0.8660254037844384,-0.7485107481711011,0.6631226582407952
1,2011-11-18,28.02,1.18,216.028,6.378,2011,11,46,322,4,-0.5000000000000004,0.8660254037844384,-0.6631226582407955,0.7485107481711007
1,2011-11-25,35.97,1.682,214.069,7.185,2011,11,47,329,4,-0.5000000000000004,0.8660254037844384,-0.5680647467311559,0.8229838658936564
1,2011-12-02,41.52,1.563,212.89,7.6,2011,12,48,336,4,-2.4492935982947064e-16,1.0,-0.4647231720437684,0.88545602565321
1,2011-12-09,33.13,1.752,218.594,7.033,2011,12,49,343,4,-2.4492935982947064e-16,1.0,-0.35460488704253595,0.9350162426854147
1,2011-12-16,39.66,2.018,214.716,7.526,2011,12,50,350,4,-2.4492935982947064e-16,1.0,-0.2393156642875578,0.970941817426052
1,2011-12-23,50.19,2.059,221.44,8.013,2011,12,51,357,4,-2.4492935982947064e-16,1.0,-0.12053668025532363,0.992708874098054
1,2011-12-30,48.31,2.292,214.887,8.338,2011,12,52,364,4,-2.4492935982947064e-16,1.0,6.432490598706546e-16,1.0
1,2012-01-06,51.88,2.565,221.095,8.941,2012,1,1,6,1,0.49999999999999994,0.8660254037844387,0.12053668025532305,0.992708874098054
1,2012-01-13,52.3,3.059,219.655,7.698,2012,1,2,13,1,0.49999999999999994,0.8660254037844387,0.23931566428755774,0.970941817426052
1,2012-01-20,52.24,2.871,221.261,8.74,2012,1,3,20,1,0.49999999999999994,0.8660254037844387,0.3546048870425356,0.9350162426854148
1,2012-01-27,65.89,3.019,219.703,9.319,2012,1,4,27,1,0.49999999999999994,0.8660254037844387,0.4647231720437685,0.8854560256532099
1,2012-02-03,65.99,3.517,219.087,9.182,2012,2,5,34,1,0.8660254037844386,0.5000000000000001,0.5680647467311558,0.8229838658936564
1,2012-02-10,58.7,3.312,222.358,8.991,2012,2,6,41,1,0.8660254037844386,0.5000000000000001,0.6631226582407952,0.7485107481711011
1,2012-02-17,71.89,3.501,220.102,9.026,2012,2,7,48,1,0.8660254037844386,0.5000000000000001,0.7485107481711011,0.6631226582407953
1,2012-02-24,77.8,3.399,215.375,9.677,2012,2,8,55,1,0.8660254037844386,0.5000000000000001,0.8229838658936564,0.5680647467311559
1,2012-03-02,69.02,3.409,214.338,9.047,2012,3,9,62,1,1.0,6.123233995736766e-17,0.8854560256532099,0.4647231720437686
1,2012-03-09,66.97,3.854,220.821,10.643,2012,3,10,69,1,1.0,6.123233995736766e-17,0.9350162426854148,0.35460488704253557
1,2012-03-16,67.73,4.184,221.726,10.099,2012,3,11,76,1,1.0,6.123233995736766e-17,0.970941817426052,0.23931566428755804
1,2012-03-23,80.88,4.468,221.419,11.472,2012,3,12,83,1,1.0,6.123233995736766e-17,0.992708874098054,0.120536680255323
1,2012-03-30,75.22,4.136,218.875,10.211,2012,3,13,90,1,1.0,6.123233995736766e-17,1.0,-1.6081226496766366e-16
1,2012-04-06,74.84,3.666,220.244,10.348,2012,4,14,97,2,0.8660254037844387,-0.4999999999999998,0.992708874098054,-0.12053668025532288
1,2012-04-13,83.67,4.341,219.631,9.871,2012,4,15,104,2,0.8660254037844387,-0.4999999999999998,0.9709418174260521,-0.2393156642875575
1,2012-04-20,77.41,3.945,220.003,10.094,2012,4,16,111,2,0.8660254037844387,-0.4999999999999998,0.9350162426854148,-0.35460488704253545
1,2012-04-27,63.53,3.625,224.732,9.903,2012,4,17,118,2,0.8660254037844387,-0.4999999999999998,0.8854560256532099,-0.4647231720437685
1,2012-05-04,73.71,3.77,216.547,9.479,2012,5,18,125,2,0.49999999999999994,-0.8660254037844387,0.8229838658936565,-0.5680647467311557
1,2012-05-11,57.5,3.622,219.79,9.949,2012,5,19,132,2,0.49999999999999994,-0.8660254037844387,0.7485107481711013,-0.663122658240795
1,2012-05-18,70.38,3.602,216.135,9.355,2012,5,20,139,2,0.49999999999999994,-0.8660254037844387,0.6631226582407952,-0.7485107481711012
1,2012-05-25,47.65,3.452,216.724,8.995,2012,5,21,146,2,0.49999999999999994,-0.8660254037844387,0.5680647467311558,-0.8229838658936564
1,2012-06-01,58.38,3.49,219.495,8.989,2012,6,22,153,2,1.2246467991473532e-16,-1.0,0.46472317204376906,-0.8854560256532096
1,2012-06-08,54.91,2.776,218.383,8.116,2012,6,23,160,2,1.2246467991473532e-16,-1.0,0.35460488704253584,-0.9350162426854147
1,2012-06-15,46.81,3.048,219.741,7.981,2012,6,24,167,2,1.2246467991473532e-16,-1.0,0.23931566428755768,-0.970941817426052
1,2012-06-22,44.11,2.652,222.053,7.952,2012,6,25,174,2,1.2246467991473532e-16,-1.0,0.12053668025532308,-0.992708874098054
1,2012-06-29,40.94,2.172,221.467,8.478,2012,6,26,181,2,1.2246467991473532e-16,-1.0,-3.216245299353273e-16,-1.0
1,2012-07-06,37.62,2.345,218.628,6.9,2012,7,27,188,3,-0.4999999999999997,-0.8660254037844388,-0.12053668025532283,-0.992708874098054
1,2012-07-13,31.44,2.365,217.072,7.739,2012,7,28,195,3,-0.4999999999999997,-0.8660254037844388,-0.23931566428755743,-0.9709418174260521
1,2012-07-20,32.77,1.885,216.159,7.04,2012,7,29,202,3,-0.4999999999999997,-0.8660254037844388,-0.3546048870425356,-0.9350162426854148
1,2012-07-27,29.75,1.782,220.99,7.55,2012,7,30,209,3,-0.4999999999999997,-0.8660254037844388,-0.46472317204376806,-0.8854560256532101
1,2012-08-03,24.03,1.773,219.852,7.64,2012,8,31,216,3,-0.8660254037844385,-0.5000000000000004,-0.5680647467311556,-0.8229838658936566
1,2012-08-10,24.99,1.376,222.43,6.542,2012,8,32,223,3,-0.8660254037844385,-0.5000000000000004,-0.663122658240795,-0.7485107481711013
1,2012-08-17,20.4,1.332,220.853,5.975,2012,8,33,230,3,-0.8660254037844385,-0.5000000000000004,-0.7485107481711011,-0.6631226582407952
1,2012-08-24,17.16,1.348,220.26,5.947,2012,8,34,237,3,-0.8660254037844385,-0.5000000000000004,-0.8229838658936564,-0.5680647467311559
1,2012-08-31,15.34,0.925,219.898,6.341,2012,8,35,244,3,-0.8660254037844385,-0.5000000000000004,-0.8854560256532096,-0.4647231720437691
1,2012-09-07,16.82,1.018,219.919,6.358,2012,9,36,251,3,-1.0,-1.8369701987210297e-16,-0.9350162426854147,-0.3546048870425359
1,2012-09-14,10.46,0.877,217.497,6.45,2012,9,37,258,3,-1.0,-1.8369701987210297e-16,-0.970941817426052,-0.23931566428755774
1,2012-09-21,15.75,0.968,221.25,6.249,2012,9,38,265,3,-1.0,-1.8369701987210297e-16,-0.992708874098054,-0.12053668025532357
1,2012-09-28,14.09,0.877,220.198,5.013,2012,9,39,272,3,-1.0,-1.8369701987210297e-16,-1.0,-1.8369701987210297e-16
1,2012-10-05,11.19,0.929,221.89,6.156,2012,10,40,279,4,-0.8660254037844386,0.5000000000000001,-0.992708874098054,0.1205366802553232
1,2012-10-12,11.61,0.831,221.925,6.287,2012,10,41,286,4,-0.8660254037844386,0.5000000000000001,-0.9709418174260521,0.23931566428755738
1,2012-10-19,19.69,1.182,222.031,5.311,2012,10,42,293,4,-0.8660254037844386,0.5000000000000001,-0.9350162426854148,0.35460488704253557
1,2012-10-26,15.7,1.246,221.481,7.377,2012,10,43,300,4,-0.8660254037844386,0.5000000000000001,-0.8854560256532101,0.464723172043768
2,2010-02-05,68.77,3.203,209.393,8.365,2010,2,5,36,1,0.8660254037844386,0.5000000000000001,0.5680647467311558,0.8229838658936564
2,2010-02-12,59.53,3.675,205.259,8.635,2010,2,6,43,1,0.8660254037844386,0.5000000000000001,0.6631226582407952,0.7485107481711011
2,2010-02-19,64.07,3.481,212.473,9.866,2010,2,7,50,1,0.8660254037844386,0.5000000000000001,0.7485107481711011,0.6631226582407953
2,2010-02-26,61.76,3.758,211.898,9.364,2010,2,8,57,1,0.8660254037844386,0.5000000000000001,0.8229838658936564,0.5680647467311559
2,2010-03-05,72.83,4.324,209.548,10.262,2010,3,9,64,1,1.0,6.123233995736766e-17,0.8854560256532099,0.4647231720437686
2,2010-03-12,63.91,3.809,209.372,10.267,2010,3,10,71,1,1.0,6.123233995736766e-17,0.9350162426854148,0.35460488704253557
2,2010-03-19,79.91,3.733,210.036,10.632,2010,3,11,78,1,1.0,6.123233995736766e-17,0.970941817426052,0.23931566428755804
2,2010-03-26,83.28,4.128,209.559,10.107,2010,3,12,85,1,1.0,6.123233995736766e-17,0.992708874098054,0.120536680255323
2,2010-04-02,68.91,3.694,210.077,9.903,2010,4,13,92,2,0.8660254037844387,-0.4999999999999998,1.0,-1.6081226496766366e-16
2,2010-04-09,72.55,4.12,206.018,10.311,2010,4,14,99,2,0.8660254037844387,-0.4999999999999998,0.992708874098054,-0.12053668025532288
2,2010-04-16,71.82,3.952,207.131,9.82,2010,4,15,106,2,0.8660254037844387,-0.4999999999999998,0.9709418174260521,-0.2393156642875575
2,2010-04-23,64.51,3.768,207.764,10.015,2010,4,16,113,2,0.8660254037844387,-0.4999999999999998,0.9350162426854148,-0.35460488704253545
2,2010-04-30,65.98,3.796,211.69,10.414,2010,4,17,120,2,0.8660254037844387,-0.4999999999999998,0.8854560256532099,-0.4647231720437685
2,2010-05-07,64.36,3.939,210.788,8.538,2010,5,18,127,2,0.49999999999999994,-0.8660254037844387,0.8229838658936565,-0.5680647467311557
2,2010-05-14,72.65,3.529,208.687,9.262,2010,5,19,134,2,0.49999999999999994,-0.8660254037844387,0.7485107481711013,-0.663122658240795
2,2010-05-21,61.83,3.673,213.553,9.927,2010,5,20,141,2,0.49999999999999994,-0.8660254037844387,0.6631226582407952,-0.7485107481711012
2,2010-05-28,64.67,3.476,209.027,9.122,2010,5,21,148,2,0.49999999999999994,-0.8660254037844387,0.5680647467311558,-0.8229838658936564
2,2010-06-04,53.46,3.271,212.431,9.302,2010,6,22,155,2,1.2246467991473532e-16,-1.0,0.46472317204376906,-0.8854560256532096
2,2010-06-11,48.68,3.118,208.753,9.165,2010,6,23,162,2,1.2246467991473532e-16,-1.0,0.35460488704253584,-0.9350162426854147
2,2010-06-18,52.55,2.982,209.794,8.305,2010,6,24,169,2,1.2246467991473532e-16,-1.0,0.23931566428755768,-0.970941817426052
2,2010-06-25,45.86,2.251,208.267,8.232,2010,6,25,176,2,1.2246467991473532e-16,-1.0,0.12053668025532308,-0.992708874098054
2,2010-07-02,46.59,2.592,210.986,8.432,2010,7,26,183,3,-0.4999999999999997,-0.8660254037844388,-3.216245299353273e-16,-1.0
2,2010-07-09,38.07,2.431,210.516,7.417,2010,7,27,190,3,-0.4999999999999997,-0.8660254037844388,-0.12053668025532283,-0.992708874098054
2,2010-07-16,40.81,2.029,209.202,7.979,2010,7,28,197,3,-0.4999999999999997,-0.8660254037844388,-0.23931566428755743,-0.9709418174260521
2,2010-07-23,30.09,1.843,209.213,7.838,2010,7,29,204,3,-0.4999999999999997,-0.8660254037844388,-0.3546048870425356,-0.9350162426854148
2,2010-07-30,29.47,1.824,209.082,6.482,2010,7,30,211,3,-0.4999999999999997,-0.8660254037844388,-0.46472317204376806,-0.8854560256532101
2,2010-08-06,22.24,1.736,209.069,6.652,2010,8,31,218,3,-0.8660254037844385,-0.5000000000000004,-0.5680647467311556,-0.8229838658936566
2,2010-08-13,31.69,1.554,210.231,6.375,2010,8,32,225,3,-0.8660254037844385,-0.5000000000000004,-0.663122658240795,-0.7485107481711013
2,2010-08-20,20.31,1.315,211.122,7.561,2010,8,33,232,3,-0.8660254037844385,-0.5000000000000004,-0.7485107481711011,-0.6631226582407952
2,2010-08-27,22.35,1.397,208.506,8.176,2010,8,34,239,3,-0.8660254037844385,-0.5000000000000004,-0.8229838658936564,-0.5680647467311559
2,2010-09-03,11.65,1.114,207.307,6.656,2010,9,35,246,3,-1.0,-1.8369701987210297e-16,-0.8854560256532096,-0.4647231720437691
2,2010-09-10,13.36,1.001,210.324,5.649,2010,9,36,253,3,-1.0,-1.8369701987210297e-16,-0.9350162426854147,-0.3546048870425359
2,2010-09-17,18.52,1.161,212.113,5.655,2010,9,37,260,3,-1.0,-1.8369701987210297e-16,-0.970941817426052,-0.23931566428755774
2,2010-09-24,3.66,0.966,209.542,5.606,2010,9,38,267,3,-1.0,-1.8369701987210297e-16,-0.992708874098054,-0.12053668025532357
2,2010-10-01,7.18,0.939,209.903,5.852,2010,10,39,274,4,-0.8660254037844386,0.5000000000000001,-1.0,-1.8369701987210297e-16
2,2010-10-08,14.26,1.456,209.598,5.76,2010,10,40,281,4,-0.8660254037844386,0.5000000000000001,-0.992708874098054,0.1205366802553232
2,2010-10-15,9.85,0.94,212.429,6.249,2010,10,41,288,4,-0.8660254037844386,0.5000000000000001,-0.9709418174260521,0.23931566428755738
2,2010-10-22,15.58,1.068,211.341,5.886,2010,10,42,295,4,-0.8660254037844386,0.5000000000000001,-0.9350162426854148,0.35460488704253557
2,2010-10-29,15.5,1.069,212.348,5.301,2010,10,43,302,4,-0.8660254037844386,0.5000000000000001,-0.8854560256532101,0.464723172043768
2,2010-11-05,15.3,1.165,209.787,5.769,2010,11,44,309,4,-0.5000000000000004,0.8660254037844384,-0.822983865893657,0.5680647467311548
2,2010-11-12,27.28,1.361,210.076,6.384,2010,11,45,316,4,-0.5000000000000004,0.8660254037844384,-0.7485107481711011,0.6631226582407952
2,2010-11-19,17.57,1.537,210.174,6.304,2010,11,46,323,4,-0.5000000000000004,0.8660254037844384,-0.6631226582407955,0.7485107481711007
2,2010-11-26,30.31,1.811,209.18,6.579,2010,11,47,330,4,-0.5000000000000004,0.8660254037844384,-0.5680647467311559,0.8229838658936564
2,2010-12-03,41.17,2.219,208.595,7.91,2010,12,48,337,4,-2.4492935982947064e-16,1.0,-0.4647231720437684,0.88545602565321
2,2010-12-10,37.77,1.706,208.601,6.3,2010,12,49,344,4,-2.4492935982947064e-16,1.0,-0.35460488704253595,0.9350162426854147
2,2010-12-17,31.52,2.336,211.89,7.096,2010,12,50,351,4,-2.4492935982947064e-16,1.0,-0.2393156642875578,0.970941817426052
2,2010-12-24,46.66,2.522,211.316,7.872,2010,12,51,358,4,-2.4492935982947064e-16,1.0,-0.12053668025532363,0.992708874098054
2,2010-12-31,47.68,2.179,209.699,8.475,2010,12,52,365,4,-2.4492935982947064e-16,1.0,6.432490598706546e-16,1.0
2,2011-01-07,48.77,2.481,213.203,8.74,2011,1,1,7,1,0.49999999999999994,0.8660254037844387,0.12053668025532305,0.992708874098054
2,2011-01-14,61.55,2.674,212.458,8.49,2011,1,2,14,1,0.49999999999999994,0.8660254037844387,0.23931566428755774,0.970941817426052
2,2011-01-21,56.42,3.37,216.819,8.59,2011,1,3,21,1,0.49999999999999994,0.8660254037844387,0.3546048870425356,0.9350162426854148
2,2011-01-28,61.07,3.506,217.808,8.515,2011,1,4,28,1,0.49999999999999994,0.8660254037844387,0.4647231720437685,0.8854560256532099
2,2011-02-04,56.66,3.146,213.722,9.413,2011,2,5,35,1,0.8660254037844386,0.5000000000000001,0.5680647467311558,0.8229838658936564
2,2011-02-11,56.18,3.359,216.104,9.171,2011,2,6,42,1,0.8660254037844386,0.5000000000000001,0.6631226582407952,0.7485107481711011
2,2011-02-18,71.98,3.795,212.14,10.464,2011,2,7,49,1,0.8660254037844386,0.5000000000000001,0.7485107481711011,0.6631226582407953
2,2011-02-25,69.99,3.763,212.069,9.266,2011,2,8,56,1,0.8660254037844386,0.5000000000000001,0.8229838658936564,0.5680647467311559
2,2011-03-04,77.85,3.773,214.44,9.784,2011,3,9,63,1,1.0,6.123233995736766e-17,0.8854560256532099,0.4647231720437686
2,2011-03-11,82.67,3.824,215.886,9.227,2011,3,10,70,1,1.0,6.123233995736766e-17,0.9350162426854148,0.35460488704253557
2,2011-03-18,82.85,3.605,213.992,9.995,2011,3,11,77,1,1.0,6.123233995736766e-17,0.970941817426052,0.23931566428755804
2,2011-03-25,84.36,4.168,213.716,9.583,2011,3,12,84,1,1.0,6.123233995736766e-17,0.992708874098054,0.120536680255323
2,2011-04-01,79.01,4.075,215.811,8.92,2011,4,13,91,2,0.8660254037844387,-0.4999999999999998,1.0,-1.6081226496766366e-16
2,2011-04-08,71.7,3.881,217.7,10.129,2011,4,14,98,2,0.8660254037844387,-0.4999999999999998,0.992708874098054,-0.12053668025532288
2,2011-04-15,74.25,4.056,211.544,10.764,2011,4,15,105,2,0.8660254037844387,-0.4999999999999998,0.9709418174260521,-0.2393156642875575
2,2011-04-22,74.11,3.794,213.528,9.873,2011,4,16,112,2,0.8660254037844387,-0.4999999999999998,0.9350162426854148,-0.35460488704253545
2,2011-04-29,75.98,3.695,217.076,10.401,2011,4,17,119,2,0.8660254037844387,-0.4999999999999998,0.8854560256532099,-0.4647231720437685
2,2011-05-06,67.19,3.764,214.364,8.753,2011,5,18,126,2,0.49999999999999994,-0.8660254037844387,0.8229838658936565,-0.5680647467311557
2,2011-05-13,66.94,4.036,215.079,10.006,2011,5,19,133,2,0.49999999999999994,-0.8660254037844387,0.7485107481711013,-0.663122658240795
2,2011-05-20,57.02,3.431,214.679,10.741,2011,5,20,140,2,0.49999999999999994,-0.8660254037844387,0.6631226582407952,-0.7485107481711012
2,2011-05-27,60.62,3.95,216.012,9.803,2011,5,21,147,2,0.49999999999999994,-0.8660254037844387,0.5680647467311558,-0.8229838658936564
2,2011-06-03,64.27,3.143,217.775,7.879,2011,6,22,154,2,1.2246467991473532e-16,-1.0,0.46472317204376906,-0.8854560256532096
2,2011-06-10,51.61,2.742,212.417,8.475,2011,6,23,161,2,1.2246467991473532e-16,-1.0,0.35460488704253584,-0.9350162426854147
2,2011-06-17,55.98,2.589,216.571,8.277,2011,6,24,168,2,1.2246467991473532e-16,-1.0,0.23931566428755768,-0.970941817426052
2,2011-06-24,52.64,2.322,214.397,7.668,2011,6,25,175,2,1.2246467991473532e-16,-1.0,0.12053668025532308,-0.992708874098054
2,2011-07-01,47.8,2.356,217.819,7.288,2011,7,26,182,3,-0.4999999999999997,-0.8660254037844388,-3.216245299353273e-16,-1.0
2,2011-07-08,33.68,2.262,211.41,7.756,2011,7,27,189,3,-0.4999999999999997,-0.8660254037844388,-0.12053668025532283,-0.992708874098054
2,2011-07-15,26.96,2.177,213.074,7.981,2011,7,28,196,3,-0.4999999999999997,-0.8660254037844388,-0.23931566428755743,-0.9709418174260521
2,2011-07-22,38.04,1.977,214.864,6.278,2011,7,29,203,3,-0.4999999999999997,-0.8660254037844388,-0.3546048870425356,-0.9350162426854148
2,2011-07-29,27.05,1.691,217.462,7.673,2011,7,30,210,3,-0.4999999999999997,-0.8660254037844388,-0.46472317204376806,-0.8854560256532101
2,2011-08-05,32.56,1.759,211.809,5.962,2011,8,31,217,3,-0.8660254037844385,-0.5000000000000004,-0.5680647467311556,-0.8229838658936566
2,2011-08-12,29.19,1.334,219.316,6.179,2011,8,32,224,3,-0.8660254037844385,-0.5000000000000004,-0.663122658240795,-0.7485107481711013
2,2011-08-19,12.51,1.521,216.131,6.933,2011,8,33,231,3,-0.8660254037844385,-0.5000000000000004,-0.7485107481711011,-0.6631226582407952
2,2011-08-26,26.86,1.623,213.821,7.373,2011,8,34,238,3,-0.8660254037844385,-0.5000000000000004,-0.8229838658936564,-0.5680647467311559
2,2011-09-02,22.36,1.142,212.75,6.236,2011,9,35,245,3,-1.0,-1.8369701987210297e-16,-0.8854560256532096,-0.4647231720437691
2,2011-09-09,18.68,1.323,212.509,6.173,2011,9,36,252,3,-1.0,-1.8369701987210297e-16,-0.9350162426854147,-0.3546048870425359
2,2011-09-16,8.33,1.677,215.097,6.896,2011,9,37,259,3,-1.0,-1.8369701987210297e-16,-0.970941817426052,-0.23931566428755774
2,2011-09-23,12.55,1.049,215.924,5.473,2011,9,38,266,3,-1.0,-1.8369701987210297e-16,-0.992708874098054,-0.12053668025532357
2,2011-09-30,17.2,1.206,214.332,6.277,2011,9,39,273,3,-1.0,-1.8369701987210297e-16,-1.0,-1.8369701987210297e-16
2,2011-10-07,17.83,0.879,214.523,6.48,2011,10,40,280,4,-0.8660254037844386,0.5000000000000001,-0.992708874098054,0.1205366802553232
2,2011-10-14,12.47,0.835,216.558,6.036,2011,10,41,287,4,-0.8660254037844386,0.5000000000000001,-0.9709418174260521,0.23931566428755738
2,2011-10-21,18.37,1.103,215.59,6.636,2011,10,42,294,4,-0.8660254037844386,0.5000000000000001,-0.9350162426854148,0.35460488704253557
2,2011-10-28,17.97,1.307,215.155,4.972,2011,10,43,301,4,-0.8660254037844386,0.5000000000000001,-0.8854560256532101,0.464723172043768
2,2011-11-04,23.67,1.206,216.646,6.471,2011,11,44,308,4,-0.5000000000000004,0.8660254037844384,-0.822983865893657,0.5680647467311548
2,2011-11-11,24.18,1.468,216.978,6.669,2011,11,45,315,4,-0.5000000000000004,0.8660254037844384,-0.7485107481711011,0.6631226582407952
2,2011-11-18,31.1,1.219,219.608,6.588,2011,11,46,322,4,-0.5000000000000004,0.8660254037844384,-0.6631226582407955,0.7485107481711007
2,2011-11-25,32.12,1.45,214.367,7.247,2011,11,47,329,4,-0.5000000000000004,0.8660254037844384,-0.5680647467311559,0.8229838658936564
2,2011-12-02,35.02,1.898,213.591,7.478,2011,12,48,336,4,-2.4492935982947064e-16,1.0,-0.4647231720437684,0.88545602565321
2,2011-12-09,38.4,2.026,216.237,7.374,2011,12,49,343,4,-2.4492935982947064e-16,1.0,-0.35460488704253595,0.9350162426854147
2,2011-12-16,36.07,2.184,213.667,7.896,2011,12,50,350,4,-2.4492935982947064e-16,1.0,-0.2393156642875578,0.970941817426052
2,2011-12-23,39.12,2.203,213.17,7.496,2011,12,51,357,4,-2.4492935982947064e-16,1.0,-0.12053668025532363,0.992708874098054
2,2011-12-30,45.11,2.266,215.229,7.868,2011,12,52,364,4,-2.4492935982947064e-16,1.0,6.432490598706546e-16,1.0
2,2012-01-06,55.15,2.899,221.439,8.485,2012,1,1,6,1,0.49999999999999994,0.8660254037844387,0.12053668025532305,0.992708874098054
2,2012-01-13,51.35,2.552,219.904,8.034,2012,1,2,13,1,0.49999999999999994,0.8660254037844387,0.23931566428755774,0.970941817426052
2,2012-01-20,59.01,3.405,220.031,8.899,2012,1,3,20,1,0.49999999999999994,0.8660254037844387,0.3546048870425356,0.9350162426854148
2,2012-01-27,54.6,2.845,219.36,9.433,2012,1,4,27,1,0.49999999999999994,0.8660254037844387,0.4647231720437685,0.8854560256532099
2,2012-02-03,67.14,3.335,220.64,9.656,2012,2,5,34,1,0.8660254037844386,0.5000000000000001,0.5680647467311558,0.8229838658936564
2,2012-02-10,73.51,3.186,217.369,9.442,2012,2,6,41,1,0.8660254037844386,0.5000000000000001,0.6631226582407952,0.7485107481711011
2,2012-02-17,68.5,3.699,219.188,8.91,2012,2,7,48,1,0.8660254037844386,0.5000000000000001,0.7485107481711011,0.6631226582407953
2,2012-02-24,73.52,3.573,221.761,9.454,2012,2,8,55,1,0.8660254037844386,0.5000000000000001,0.8229838658936564,0.5680647467311559
2,2012-03-02,63.57,3.753,217.91,9.682,2012,3,9,62,1,1.0,6.123233995736766e-17,0.8854560256532099,0.4647231720437686
2,2012-03-09,65.72,3.948,219.324,9.394,2012,3,10,69,1,1.0,6.123233995736766e-17,0.9350162426854148,0.35460488704253557
2,2012-03-16,69.5,3.644,220.864,9.976,2012,3,11,76,1,1.0,6.123233995736766e-17,0.970941817426052,0.23931566428755804
2,2012-03-23,73.82,3.829,222.578,9.605,2012,3,12,83,1,1.0,6.123233995736766e-17,0.992708874098054,0.120536680255323
2,2012-03-30,73.76,3.989,218.666,9.965,2012,3,13,90,1,1.0,6.123233995736766e-17,1.0,-1.6081226496766366e-16
2,2012-04-06,69.49,4.079,218.262,10.598,2012,4,14,97,2,0.8660254037844387,-0.4999999999999998,0.992708874098054,-0.12053668025532288
2,2012-04-13,72.13,3.774,220.364,10.257,2012,4,15,104,2,0.8660254037844387,-0.4999999999999998,0.9709418174260521,-0.2393156642875575
2,2012-04-20,74.89,3.545,220.078,9.636,2012,4,16,111,2,0.8660254037844387,-0.4999999999999998,0.9350162426854148,-0.35460488704253545
2,2012-04-27,71.62,3.608,219.767,9.796,2012,4,17,118,2,0.8660254037844387,-0.4999999999999998,0.8854560256532099,-0.4647231720437685
2,2012-05-04,70.58,3.612,220.009,8.857,2012,5,18,125,2,0.49999999999999994,-0.8660254037844387,0.8229838658936565,-0.5680647467311557
2,2012-05-11,77.05,3.449,221.057,8.813,2012,5,19,132,2,0.49999999999999994,-0.8660254037844387,0.7485107481711013,-0.663122658240795
2,2012-05-18,53.09,3.547,218.835,8.844,2012,5,20,139,2,0.49999999999999994,-0.8660254037844387,0.6631226582407952,-0.7485107481711012
2,2012-05-25,67.91,3.478,218.018,8.109,2012,5,21,146,2,0.49999999999999994,-0.8660254037844387,0.5680647467311558,-0.8229838658936564
2,2012-06-01,64.57,3.052,219.81,8.613,2012,6,22,153,2,1.2246467991473532e-16,-1.0,0.46472317204376906,-0.8854560256532096
2,2012-06-08,65.12,3.034,219.308,9.473,2012,6,23,160,2,1.2246467991473532e-16,-1.0,0.35460488704253584,-0.9350162426854147
2,2012-06-15,49.43,2.983,222.417,7.157,2012,6,24,167,2,1.2246467991473532e-16,-1.0,0.23931566428755768,-0.970941817426052
2,2012-06-22,47.54,2.586,217.769,8.676,2012,6,25,174,2,1.2246467991473532e-16,-1.0,0.12053668025532308,-0.992708874098054
2,2012-06-29,48.65,2.413,218.857,8.37,2012,6,26,181,2,1.2246467991473532e-16,-1.0,-3.216245299353273e-16,-1.0
2,2012-07-06,48.88,2.58,222.381,7.209,2012,7,27,188,3,-0.4999999999999997,-0.8660254037844388,-0.12053668025532283,-0.992708874098054
2,2012-07-13,38.32,1.708,220.299,8.393,2012,7,28,195,3,-0.4999999999999997,-0.8660254037844388,-0.23931566428755743,-0.9709418174260521
2,2012-07-20,26.52,2.186,218.788,5.953,2012,7,29,202,3,-0.4999999999999997,-0.8660254037844388,-0.3546048870425356,-0.9350162426854148
2,2012-07-27,35.08,2.112,223.93,7.194,2012,7,30,209,3,-0.4999999999999997,-0.8660254037844388,-0.46472317204376806,-0.8854560256532101
2,2012-08-03,29.9,1.793,220.899,6.527,2012,8,31,216,3,-0.8660254037844385,-0.5000000000000004,-0.5680647467311556,-0.8229838658936566
2,2012-08-10,28.15,1.533,219.522,6.075,2012,8,32,223,3,-0.8660254037844385,-0.5000000000000004,-0.663122658240795,-0.7485107481711013
2,2012-08-17,24.26,1.672,217.555,6.86,2012,8,33,230,3,-0.8660254037844385,-0.5000000000000004,-0.7485107481711011,-0.6631226582407952
2,2012-08-24,20.69,0.977,217.835,6.057,2012,8,34,237,3,-0.8660254037844385,-0.5000000000000004,-0.8229838658936564,-0.5680647467311559
2,2012-08-31,12.12,1.672,221.103,6.278,2012,8,35,244,3,-0.8660254037844385,-0.5000000000000004,-0.8854560256532096,-0.4647231720437691
2,2012-09-07,12.95,1.294,221.069,6.45,2012,9,36,251,3,-1.0,-1.8369701987210297e-16,-0.9350162426854147,-0.3546048870425359
2,2012-09-14,15.57,1.418,219.384,5.675,2012,9,37,258,3,-1.0,-1.8369701987210297e-16,-0.970941817426052,-0.23931566428755774
2,2012-09-21,21.93,1.012,222.522,6.417,2012,9,38,265,3,-1.0,-1.8369701987210297e-16,-0.992708874098054,-0.12053668025532357
2,2012-09-28,20.26,0.845,217.903,5.424,2012,9,39,272,3,-1.0,-1.8369701987210297e-16,-1.0,-1.8369701987210297e-16
2,2012-10-05,22.3,1.079,219.916,6.227,2012,10,40,279,4,-0.8660254037844386,0.5000000000000001,-0.992708874098054,0.1205366802553232
2,2012-10-12,15.12,0.668,216.576,5.518,2012,10,41,286,4,-0.8660254037844386,0.5000000000000001,-0.9709418174260521,0.23931566428755738
2,2012-10-19,7.11,1.113,217.631,5.443,2012,10,42,293,4,-0.8660254037844386,0.5000000000000001,-0.9350162426854148,0.35460488704253557
2,2012-10-26,15.32,1.247,222.836,5.791,2012,10,43,300,4,-0.8660254037844386,0.5000000000000001,-0.8854560256532101,0.464723172043768
3,2010-02-05,57.46,3.295,209.909,9.156,2010,2,5,36,1,0.8660254037844386,0.5000000000000001,0.5680647467311558,0.8229838658936564
3,2010-02-12,69.42,3.638,208.587,8.576,2010,2,6,43,1,0.8660254037844386,0.5000000000000001,0.6631226582407952,0.7485107481711011
3,2010-02-19,63.14,3.426,209.215,9.236,2010,2,7,50,1,0.8660254037844386,0.5000000000000001,0.7485107481711011,0.6631226582407953
3,2010-02-26,74.56,3.786,211.374,9.76,2010,2,8,57,1,0.8660254037844386,0.5000000000000001,0.8229838658936564,0.5680647467311559
3,2010-03-05,72.97,3.939,209.003,9.323,2010,3,9,64,1,1.0,6.123233995736766e-17,0.8854560256532099,0.4647231720437686
3,2010-03-12,77.08,3.599,210.374,9.83,2010,3,10,71,1,1.0,6.123233995736766e-17,0.9350162426854148,0.35460488704253557
3,2010-03-19,78.32,4.07,211.195,9.698,2010,3,11,78,1,1.0,6.123233995736766e-17,0.970941817426052,0.23931566428755804
3,2010-03-26,69.67,3.894,208.686,10.256,2010,3,12,85,1,1.0,6.123233995736766e-17,0.992708874098054,0.120536680255323
3,2010-04-02,71.9,4.161,212.541,9.867,2010,4,13,92,2,0.8660254037844387,-0.4999999999999998,1.0,-1.6081226496766366e-16
3,2010-04-09,71.33,4.32,205.596,9.887,2010,4,14,99,2,0.8660254037844387,-0.4999999999999998,0.992708874098054,-0.12053668025532288
3,2010-04-16,79.36,4.044,211.183,10.288,2010,4,15,106,2,0.8660254037844387,-0.4999999999999998,0.9709418174260521,-0.2393156642875575
3,2010-04-23,69.57,3.909,208.672,9.834,2010,4,16,113,2,0.8660254037844387,-0.4999999999999998,0.9350162426854148,-0.35460488704253545
3,2010-04-30,70.19,3.773,210.006,9.913,2010,4,17,120,2,0.8660254037844387,-0.4999999999999998,0.8854560256532099,-0.4647231720437685
3,2010-05-07,72.86,3.363,209.425,9.674,2010,5,18,127,2,0.49999999999999994,-0.8660254037844387,0.8229838658936565,-0.5680647467311557
3,2010-05-14,71.52,3.975,210.08,9.433,2010,5,19,134,2,0.49999999999999994,-0.8660254037844387,0.7485107481711013,-0.663122658240795
3,2010-05-21,61.5,3.257,210.415,9.467,2010,5,20,141,2,0.49999999999999994,-0.8660254037844387,0.6631226582407952,-0.7485107481711012
3,2010-05-28,64.33,3.368,209.387,9.474,2010,5,21,148,2,0.49999999999999994,-0.8660254037844387,0.5680647467311558,-0.8229838658936564
3,2010-06-04,61.47,3.06,208.002,9.165,2010,6,22,155,2,1.2246467991473532e-16,-1.0,0.46472317204376906,-0.8854560256532096
3,2010-06-11,53.09,2.937,209.632,8.069,2010,6,23,162,2,1.2246467991473532e-16,-1.0,0.35460488704253584,-0.9350162426854147
3,2010-06-18,41.75,2.857,209.327,8.413,2010,6,24,169,2,1.2246467991473532e-16,-1.0,0.23931566428755768,-0.970941817426052
3,2010-06-25,49.3,2.81,211.958,8.624,2010,6,25,176,2,1.2246467991473532e-16,-1.0,0.12053668025532308,-0.992708874098054
3,2010-07-02,45.59,2.25,206.388,7.797,2010,7,26,183,3,-0.4999999999999997,-0.8660254037844388,-3.216245299353273e-16,-1.0
3,2010-07-09,40.78,2.555,210.103,8.264,2010,7,27,190,3,-0.4999999999999997,-0.8660254037844388,-0.12053668025532283,-0.992708874098054
3,2010-07-16,42.1,1.744,211.731,6.615,2010,7,28,197,3,-0.4999999999999997,-0.8660254037844388,-0.23931566428755743,-0.9709418174260521
3,2010-07-23,33.82,2.134,213.703,7.019,2010,7,29,204,3,-0.4999999999999997,-0.8660254037844388,-0.3546048870425356,-0.9350162426854148
3,2010-07-30,23.13,2.211,209.127,7.042,2010,7,30,211,3,-0.4999999999999997,-0.8660254037844388,-0.46472317204376806,-0.8854560256532101
3,2010-08-06,25.45,1.668,211.542,6.67,2010,8,31,218,3,-0.8660254037844385,-0.5000000000000004,-0.5680647467311556,-0.8229838658936566
3,2010-08-13,19.6,1.431,210.828,6.7,2010,8,32,225,3,-0.8660254037844385,-0.5000000000000004,-0.663122658240795,-0.7485107481711013
3,2010-08-20,23.28,1.029,208.007,7.391,2010,8,33,232,3,-0.8660254037844385,-0.5000000000000004,-0.7485107481711011,-0.6631226582407952
3,2010-08-27,22.74,1.013,209.914,5.673,2010,8,34,239,3,-0.8660254037844385,-0.5000000000000004,-0.8229838658936564,-0.5680647467311559
3,2010-09-03,21.7,1.153,210.941,5.446,2010,9,35,246,3,-1.0,-1.8369701987210297e-16,-0.8854560256532096,-0.4647231720437691
3,2010-09-10,16.11,1.176,209.504,6.972,2010,9,36,253,3,-1.0,-1.8369701987210297e-16,-0.9350162426854147,-0.3546048870425359
3,2010-09-17,5.11,1.256,212.001,5.462,2010,9,37,260,3,-1.0,-1.8369701987210297e-16,-0.970941817426052,-0.23931566428755774
3,2010-09-24,8.99,0.963,212.042,6.029,2010,9,38,267,3,-1.0,-1.8369701987210297e-16,-0.992708874098054,-0.12053668025532357
3,2010-10-01,19.62,0.724,207.397,5.814,2010,10,39,274,4,-0.8660254037844386,0.5000000000000001,-1.0,-1.8369701987210297e-16
3,2010-10-08,9.3,0.989,214.249,6.152,2010,10,40,281,4,-0.8660254037844386,0.5000000000000001,-0.992708874098054,0.1205366802553232
3,2010-10-15,27.88,0.941,208.75,5.883,2010,10,41,288,4,-0.8660254037844386,0.5000000000000001,-0.9709418174260521,0.23931566428755738
3,2010-10-22,13.53,1.223,207.927,6.437,2010,10,42,295,4,-0.8660254037844386,0.5000000000000001,-0.9350162426854148,0.35460488704253557
3,2010-10-29,20.1,1.205,208.64,6.433,2010,10,43,302,4,-0.8660254037844386,0.5000000000000001,-0.8854560256532101,0.464723172043768
3,2010-11-05,24.33,1.243,209.513,6.858,2010,11,44,309,4,-0.5000000000000004,0.8660254037844384,-0.822983865893657,0.5680647467311548
3,2010-11-12,33.29,1.216,212.133,6.282,2010,11,45,316,4,-0.5000000000000004,0.8660254037844384,-0.7485107481711011,0.6631226582407952
3,2010-11-19,26.32,1.637,209.763,6.988,2010,11,46,323,4,-0.5000000000000004,0.8660254037844384,-0.6631226582407955,0.7485107481711007
3,2010-11-26,24.97,1.811,208.767,6.782,2010,11,47,330,4,-0.5000000000000004,0.8660254037844384,-0.5680647467311559,0.8229838658936564
3,2010-12-03,32.29,1.866,206.757,6.506,2010,12,48,337,4,-2.4492935982947064e-16,1.0,-0.4647231720437684,0.88545602565321
3,2010-12-10,38.73,2.206,210.277,6.75,2010,12,49,344,4,-2.4492935982947064e-16,1.0,-0.35460488704253595,0.9350162426854147
3,2010-12-17,36.68,2.333,209.5,7.585,2010,12,50,351,4,-2.4492935982947064e-16,1.0,-0.2393156642875578,0.970941817426052
3,2010-12-24,44.52,2.268,210.774,7.798,2010,12,51,358,4,-2.4492935982947064e-16,1.0,-0.12053668025532363,0.992708874098054
3,2010-12-31,54.97,2.408,208.145,8.338,2010,12,52,365,4,-2.4492935982947064e-16,1.0,6.432490598706546e-16,1.0
3,2011-01-07,58.37,2.79,216.066,9.169,2011,1,1,7,1,0.49999999999999994,0.8660254037844387,0.12053668025532305,0.992708874098054
3,2011-01-14,47.89,2.741,216.411,8.625,2011,1,2,14,1,0.49999999999999994,0.8660254037844387,0.23931566428755774,0.970941817426052
3,2011-01-21,61.56,3.416,215.09,8.205,2011,1,3,21,1,0.49999999999999994,0.8660254037844387,0.3546048870425356,0.9350162426854148
3,2011-01-28,59.64,3.454,213.185,8.521,2011,1,4,28,1,0.49999999999999994,0.8660254037844387,0.4647231720437685,0.8854560256532099
3,2011-02-04,66.2,2.869,217.017,9.131,2011,2,5,35,1,0.8660254037844386,0.5000000000000001,0.5680647467311558,0.8229838658936564
3,2011-02-11,69.95,3.373,213.772,10.915,2011,2,6,42,1,0.8660254037844386,0.5000000000000001,0.6631226582407952,0.7485107481711011
3,2011-02-18,69.85,3.55,217.366,9.817,2011,2,7,49,1,0.8660254037844386,0.5000000000000001,0.7485107481711011,0.6631226582407953
3,2011-02-25,70.73,3.771,216.919,10.223,2011,2,8,56,1,0.8660254037844386,0.5000000000000001,0.8229838658936564,0.5680647467311559
3,2011-03-04,75.8,3.512,216.105,9.474,2011,3,9,63,1,1.0,6.123233995736766e-17,0.8854560256532099,0.4647231720437686
3,2011-03-11,83.28,3.916,217.679,9.364,2011,3,10,70,1,1.0,6.123233995736766e-17,0.9350162426854148,0.35460488704253557
3,2011-03-18,68.55,4.052,213.831,9.304,2011,3,11,77,1,1.0,6.123233995736766e-17,0.970941817426052,0.23931566428755804
3,2011-03-25,77.88,4.134,216.491,8.963,2011,3,12,84,1,1.0,6.123233995736766e-17,0.992708874098054,0.120536680255323
3,2011-04-01,75.45,3.871,213.22,10.757,2011,4,13,91,2,0.8660254037844387,-0.4999999999999998,1.0,-1.6081226496766366e-16
3,2011-04-08,76.38,4.11,216.08,9.574,2011,4,14,98,2,0.8660254037844387,-0.4999999999999998,0.992708874098054,-0.12053668025532288
3,2011-04-15,81.26,4.022,216.855,8.715,2011,4,15,105,2,0.8660254037844387,-0.4999999999999998,0.9709418174260521,-0.2393156642875575
3,2011-04-22,71.79,4.042,214.122,10.412,2011,4,16,112,2,0.8660254037844387,-0.4999999999999998,0.9350162426854148,-0.35460488704253545
3,2011-04-29,74.81,3.612,210.164,9.79,2011,4,17,119,2,0.8660254037844387,-0.4999999999999998,0.8854560256532099,-0.4647231720437685
3,2011-05-06,71.95,3.505,215.186,9.538,2011,5,18,126,2,0.49999999999999994,-0.8660254037844387,0.8229838658936565,-0.5680647467311557
3,2011-05-13,62.09,3.657,214.408,10.175,2011,5,19,133,2,0.49999999999999994,-0.8660254037844387,0.7485107481711013,-0.663122658240795
3,2011-05-20,64.93,3.812,210.167,8.457,2011,5,20,140,2,0.49999999999999994,-0.8660254037844387,0.6631226582407952,-0.7485107481711012
3,2011-05-27,54.82,3.646,216.444,9.376,2011,5,21,147,2,0.49999999999999994,-0.8660254037844387,0.5680647467311558,-0.8229838658936564
3,2011-06-03,56.73,3.451,212.361,8.546,2011,6,22,154,2,1.2246467991473532e-16,-1.0,0.46472317204376906,-0.8854560256532096
3,2011-06-10,57.09,2.958,215.069,8.463,2011,6,23,161,2,1.2246467991473532e-16,-1.0,0.35460488704253584,-0.9350162426854147
3,2011-06-17,55.82,2.682,216.226,8.547,2011,6,24,168,2,1.2246467991473532e-16,-1.0,0.23931566428755768,-0.970941817426052
3,2011-06-24,50.29,2.948,212.304,8.11,2011,6,25,175,2,1.2246467991473532e-16,-1.0,0.12053668025532308,-0.992708874098054
3,2011-07-01,47.54,2.539,214.636,7.418,2011,7,26,182,3,-0.4999999999999997,-0.8660254037844388,-3.216245299353273e-16,-1.0
3,2011-07-08,35.09,2.539,214.751,7.683,2011,7,27,189,3,-0.4999999999999997,-0.8660254037844388,-0.12053668025532283,-0.992708874098054
3,2011-07-15,37.97,1.868,214.859,8.023,2011,7,28,196,3,-0.4999999999999997,-0.8660254037844388,-0.23931566428755743,-0.9709418174260521
3,2011-07-22,37.99,1.97,214.633,7.672,2011,7,29,203,3,-0.4999999999999997,-0.8660254037844388,-0.3546048870425356,-0.9350162426854148
3,2011-07-29,29.19,1.669,215.825,5.866,2011,7,30,210,3,-0.4999999999999997,-0.8660254037844388,-0.46472317204376806,-0.8854560256532101
3,2011-08-05,24.46,1.785,209.907,6.772,2011,8,31,217,3,-0.8660254037844385,-0.5000000000000004,-0.5680647467311556,-0.8229838658936566
3,2011-08-12,28.21,1.637,215.08,6.426,2011,8,32,224,3,-0.8660254037844385,-0.5000000000000004,-0.663122658240795,-0.7485107481711013
3,2011-08-19,18.33,1.536,212.872,6.584,2011,8,33,231,3,-0.8660254037844385,-0.5000000000000004,-0.7485107481711011,-0.6631226582407952
3,2011-08-26,20.07,1.291,217.755,6.71,2011,8,34,238,3,-0.8660254037844385,-0.5000000000000004,-0.8229838658936564,-0.5680647467311559
3,2011-09-02,22.14,1.174,217.139,6.35,2011,9,35,245,3,-1.0,-1.8369701987210297e-16,-0.8854560256532096,-0.4647231720437691
3,2011-09-09,24.82,1.16,216.455,6.215,2011,9,36,252,3,-1.0,-1.8369701987210297e-16,-0.9350162426854147,-0.3546048870425359
3,2011-09-16,21.71,0.936,213.639,5.368,2011,9,37,259,3,-1.0,-1.8369701987210297e-16,-0.970941817426052,-0.23931566428755774
3,2011-09-23,20.56,1.05,216.768,5.826,2011,9,38,266,3,-1.0,-1.8369701987210297e-16,-0.992708874098054,-0.12053668025532357
3,2011-09-30,16.01,0.592,212.581,5.507,2011,9,39,273,3,-1.0,-1.8369701987210297e-16,-1.0,-1.8369701987210297e-16
3,2011-10-07,8.85,0.856,217.775,4.93,2011,10,40,280,4,-0.8660254037844386,0.5000000000000001,-0.992708874098054,0.1205366802553232
3,2011-10-14,14.28,1.269,213.988,5.578,2011,10,41,287,4,-0.8660254037844386,0.5000000000000001,-0.9709418174260521,0.23931566428755738
3,2011-10-21,13.5,1.175,212.84,5.825,2011,10,42,294,4,-0.8660254037844386,0.5000000000000001,-0.9350162426854148,0.35460488704253557
3,2011-10-28,10.19,1.405,214.446,5.471,2011,10,43,301,4,-0.8660254037844386,0.5000000000000001,-0.8854560256532101,0.464723172043768
3,2011-11-04,15.62,1.404,216.394,6.321,2011,11,44,308,4,-0.5000000000000004,0.8660254037844384,-0.822983865893657,0.5680647467311548
3,2011-11-11,29.04,1.852,215.366,5.802,2011,11,45,315,4,-0.5000000000000004,0.8660254037844384,-0.7485107481711011,0.6631226582407952
3,2011-11-18,17.79,1.655,217.047,7.232,2011,11,46,322,4,-0.5000000000000004,0.8660254037844384,-0.6631226582407955,0.7485107481711007
3,2011-11-25,21.86,1.415,215.83,6.483,2011,11,47,329,4,-0.5000000000000004,0.8660254037844384,-0.5680647467311559,0.8229838658936564
3,2011-12-02,31.32,1.595,217.864,7.059,2011,12,48,336,4,-2.4492935982947064e-16,1.0,-0.4647231720437684,0.88545602565321
3,2011-12-09,33.63,2.098,212.232,7.804,2011,12,49,343,4,-2.4492935982947064e-16,1.0,-0.35460488704253595,0.9350162426854147
3,2011-12-16,34.07,2.041,213.534,7.015,2011,12,50,350,4,-2.4492935982947064e-16,1.0,-0.2393156642875578,0.970941817426052
3,2011-12-23,35.77,2.216,213.003,8.204,2011,12,51,357,4,-2.4492935982947064e-16,1.0,-0.12053668025532363,0.992708874098054
3,2011-12-30,44.3,2.733,213.61,8.101,2011,12,52,364,4,-2.4492935982947064e-16,1.0,6.432490598706546e-16,1.0
3,2012-01-06,39.31,2.501,220.405,8.395,2012,1,1,6,1,0.49999999999999994,0.8660254037844387,0.12053668025532305,0.992708874098054
3,2012-01-13,51.41,3.172,220.552,8.62,2012,1,2,13,1,0.49999999999999994,0.8660254037844387,0.23931566428755774,0.970941817426052
3,2012-01-20,49.14,3.294,221.788,8.009,2012,1,3,20,1,0.49999999999999994,0.8660254037844387,0.3546048870425356,0.9350162426854148
3,2012-01-27,53.92,3.144,219.404,8.985,2012,1,4,27,1,0.49999999999999994,0.8660254037844387,0.4647231720437685,0.8854560256532099
3,2012-02-03,61.39,3.252,216.183,8.477,2012,2,5,34,1,0.8660254037844386,0.5000000000000001,0.5680647467311558,0.8229838658936564
3,2012-02-10,60.03,3.56,220.351,8.92,2012,2,6,41,1,0.8660254037844386,0.5000000000000001,0.6631226582407952,0.7485107481711011
3,2012-02-17,72.15,3.524,218.385,9.572,2012,2,7,48,1,0.8660254037844386,0.5000000000000001,0.7485107481711011,0.6631226582407953
3,2012-02-24,66.92,3.796,217.285,9.193,2012,2,8,55,1,0.8660254037844386,0.5000000000000001,0.8229838658936564,0.5680647467311559
3,2012-03-02,68.1,3.833,219.656,9.654,2012,3,9,62,1,1.0,6.123233995736766e-17,0.8854560256532099,0.4647231720437686
3,2012-03-09,82.09,3.786,219.597,9.679,2012,3,10,69,1,1.0,6.123233995736766e-17,0.9350162426854148,0.35460488704253557
3,2012-03-16,71.68,4.086,220.382,9.45,2012,3,11,76,1,1.0,6.123233995736766e-17,0.970941817426052,0.23931566428755804
3,2012-03-23,72.12,3.644,222.847,9.482,2012,3,12,83,1,1.0,6.123233995736766e-17,0.992708874098054,0.120536680255323
3,2012-03-30,79.6,4.039,215.929,9.746,2012,3,13,90,1,1.0,6.123233995736766e-17,1.0,-1.6081226496766366e-16
3,2012-04-06,75.01,3.816,220.267,10.728,2012,4,14,97,2,0.8660254037844387,-0.4999999999999998,0.992708874098054,-0.12053668025532288
3,2012-04-13,72.39,3.954,220.947,10.256,2012,4,15,104,2,0.8660254037844387,-0.4999999999999998,0.9709418174260521,-0.2393156642875575
3,2012-04-20,71.06,4.136,220.451,10.564,2012,4,16,111,2,0.8660254037844387,-0.4999999999999998,0.9350162426854148,-0.35460488704253545
3,2012-04-27,72.68,3.838,219.217,8.954,2012,4,17,118,2,0.8660254037844387,-0.4999999999999998,0.8854560256532099,-0.4647231720437685
3,2012-05-04,72.31,3.604,219.216,9.56,2012,5,18,125,2,0.49999999999999994,-0.8660254037844387,0.8229838658936565,-0.5680647467311557
3,2012-05-11,66.81,3.522,220.448,10.221,2012,5,19,132,2,0.49999999999999994,-0.8660254037844387,0.7485107481711013,-0.663122658240795
3,2012-05-18,71.87,3.767,218.075,8.985,2012,5,20,139,2,0.49999999999999994,-0.8660254037844387,0.6631226582407952,-0.7485107481711012
3,2012-05-25,59.87,3.318,222.419,8.475,2012,5,21,146,2,0.49999999999999994,-0.8660254037844387,0.5680647467311558,-0.8229838658936564
3,2012-06-01,62.33,3.2,219.419,7.687,2012,6,22,153,2,1.2246467991473532e-16,-1.0,0.46472317204376906,-0.8854560256532096
3,2012-06-08,55.79,3.241,221.446,9.056,2012,6,23,160,2,1.2246467991473532e-16,-1.0,0.35460488704253584,-0.9350162426854147
3,2012-06-15,51.56,2.87,218.702,8.315,2012,6,24,167,2,1.2246467991473532e-16,-1.0,0.23931566428755768,-0.970941817426052
3,2012-06-22,46.91,2.691,220.851,8.498,2012,6,25,174,2,1.2246467991473532e-16,-1.0,0.12053668025532308,-0.992708874098054
3,2012-06-29,51.14,2.761,220.401,8.034,2012,6,26,181,2,1.2246467991473532e-16,-1.0,-3.216245299353273e-16,-1.0
3,2012-07-06,37.17,2.115,218.376,7.408,2012,7,27,188,3,-0.4999999999999997,-0.8660254037844388,-0.12053668025532283,-0.992708874098054
3,2012-07-13,38.26,2.672,222.081,8.499,2012,7,28,195,3,-0.4999999999999997,-0.8660254037844388,-0.23931566428755743,-0.9709418174260521
3,2012-07-20,29.38,1.727,224.263,7.236,2012,7,29,202,3,-0.4999999999999997,-0.8660254037844388,-0.3546048870425356,-0.9350162426854148
3,2012-07-27,36.38,1.704,223.729,7.091,2012,7,30,209,3,-0.4999999999999997,-0.8660254037844388,-0.46472317204376806,-0.8854560256532101
3,2012-08-03,32.07,1.424,225.028,7.031,2012,8,31,216,3,-0.8660254037844385,-0.5000000000000004,-0.5680647467311556,-0.8229838658936566
3,2012-08-10,31.0,1.692,222.374,6.174,2012,8,32,223,3,-0.8660254037844385,-0.5000000000000004,-0.663122658240795,-0.7485107481711013
3,2012-08-17,28.25,1.21,219.088,6.278,2012,8,33,230,3,-0.8660254037844385,-0.5000000000000004,-0.7485107481711011,-0.6631226582407952
3,2012-08-24,13.49,1.357,219.389,6.274,2012,8,34,237,3,-0.8660254037844385,-0.5000000000000004,-0.8229838658936564,-0.5680647467311559
3,2012-08-31,19.76,1.381,220.082,5.769,2012,8,35,244,3,-0.8660254037844385,-0.5000000000000004,-0.8854560256532096,-0.4647231720437691
3,2012-09-07,14.89,1.214,220.3,6.903,2012,9,36,251,3,-1.0,-1.8369701987210297e-16,-0.9350162426854147,-0.3546048870425359
3,2012-09-14,16.4,1.137,221.147,6.073,2012,9,37,258,3,-1.0,-1.8369701987210297e-16,-0.970941817426052,-0.23931566428755774
3,2012-09-21,11.78,0.925,217.639,6.367,2012,9,38,265,3,-1.0,-1.8369701987210297e-16,-0.992708874098054,-0.12053668025532357
3,2012-09-28,16.46,0.901,222.34,5.666,2012,9,39,272,3,-1.0,-1.8369701987210297e-16,-1.0,-1.8369701987210297e-16
3,2012-10-05,8.71,1.193,219.562,5.329,2012,10,40,279,4,-0.8660254037844386,0.5000000000000001,-0.992708874098054,0.1205366802553232
3,2012-10-12,13.54,1.266,217.788,5.482,2012,10,41,286,4,-0.8660254037844386,0.5000000000000001,-0.9709418174260521,0.23931566428755738
3,2012-10-19,16.42,1.0,216.515,6.424,2012,10,42,293,4,-0.8660254037844386,0.5000000000000001,-0.9350162426854148,0.35460488704253557
3,2012-10-26,30.9,1.183,218.249,6.339,2012,10,43,300,4,-0.8660254037844386,0.5000000000000001,-0.8854560256532101,0.464723172043768
4,2010-02-05,56.19,3.615,210.562,9.098,2010,2,5,36,1,0.8660254037844386,0.5000000000000001,0.5680647467311558,0.8229838658936564
4,2010-02-12,60.0,3.645,207.568,8.768,2010,2,6,43,1,0.8660254037844386,0.5000000000000001,0.6631226582407952,0.7485107481711011
4,2010-02-19,73.68,3.615,210.416,9.831,2010,2,7,50,1,0.8660254037844386,0.5000000000000001,0.7485107481711011,0.6631226582407953
4,2010-02-26,67.69,3.781,211.918,8.686,2010,2,8,57,1,0.8660254037844386,0.5000000000000001,0.8229838658936564,0.5680647467311559
4,2010-03-05,74.38,3.868,210.765,10.476,2010,3,9,64,1,1.0,6.123233995736766e-17,0.8854560256532099,0.4647231720437686
4,2010-03-12,70.06,3.85,211.086,9.951,2010,3,10,71,1,1.0,6.123233995736766e-17,0.9350162426854148,0.35460488704253557
4,2010-03-19,75.28,3.84,212.045,10.56,2010,3,11,78,1,1.0,6.123233995736766e-17,0.970941817426052,0.23931566428755804
4,2010-03-26,72.33,4.05,209.991,9.986,2010,3,12,85,1,1.0,6.123233995736766e-17,0.992708874098054,0.120536680255323
4,2010-04-02,73.46,3.807,206.458,9.653,2010,4,13,92,2,0.8660254037844387,-0.4999999999999998,1.0,-1.6081226496766366e-16
4,2010-04-09,68.52,3.698,210.698,9.721,2010,4,14,99,2,0.8660254037844387,-0.4999999999999998,0.992708874098054,-0.12053668025532288
4,2010-04-16,71.18,3.979,210.907,9.948,2010,4,15,106,2,0.8660254037844387,-0.4999999999999998,0.9709418174260521,-0.2393156642875575
4,2010-04-23,84.05,3.708,213.97,10.473,2010,4,16,113,2,0.8660254037844387,-0.4999999999999998,0.9350162426854148,-0.35460488704253545
4,2010-04-30,71.4,4.149,211.195,9.99,2010,4,17,120,2,0.8660254037844387,-0.4999999999999998,0.8854560256532099,-0.4647231720437685
4,2010-05-07,73.35,3.541,210.244,9.129,2010,5,18,127,2,0.49999999999999994,-0.8660254037844387,0.8229838658936565,-0.5680647467311557
4,2010-05-14,58.99,3.557,210.637,9.072,2010,5,19,134,2,0.49999999999999994,-0.8660254037844387,0.7485107481711013,-0.663122658240795
4,2010-05-21,58.54,3.863,206.931,8.565,2010,5,20,141,2,0.49999999999999994,-0.8660254037844387,0.6631226582407952,-0.7485107481711012
4,2010-05-28,51.67,3.244,211.23,8.685,2010,5,21,148,2,0.49999999999999994,-0.8660254037844387,0.5680647467311558,-0.8229838658936564
4,2010-06-04,59.3,3.033,210.686,9.897,2010,6,22,155,2,1.2246467991473532e-16,-1.0,0.46472317204376906,-0.8854560256532096
4,2010-06-11,56.78,2.952,210.253,8.509,2010,6,23,162,2,1.2246467991473532e-16,-1.0,0.35460488704253584,-0.9350162426854147
4,2010-06-18,51.37,2.854,208.774,8.092,2010,6,24,169,2,1.2246467991473532e-16,-1.0,0.23931566428755768,-0.970941817426052
4,2010-06-25,49.18,2.415,207.516,8.47,2010,6,25,176,2,1.2246467991473532e-16,-1.0,0.12053668025532308,-0.992708874098054
4,2010-07-02,41.34,2.202,214.718,7.939,2010,7,26,183,3,-0.4999999999999997,-0.8660254037844388,-3.216245299353273e-16,-1.0
4,2010-07-09,38.42,2.414,208.645,7.437,2010,7,27,190,3,-0.4999999999999997,-0.8660254037844388,-0.12053668025532283,-0.992708874098054
4,2010-07-16,45.46,2.075,210.517,6.732,2010,7,28,197,3,-0.4999999999999997,-0.8660254037844388,-0.23931566428755743,-0.9709418174260521
4,2010-07-23,35.61,2.014,208.065,7.615,2010,7,29,204,3,-0.4999999999999997,-0.8660254037844388,-0.3546048870425356,-0.9350162426854148
4,2010-07-30,41.54,2.018,211.457,6.875,2010,7,30,211,3,-0.4999999999999997,-0.8660254037844388,-0.46472317204376806,-0.8854560256532101
4,2010-08-06,24.72,1.805,210.964,7.203,2010,8,31,218,3,-0.8660254037844385,-0.5000000000000004,-0.5680647467311556,-0.8229838658936566
4,2010-08-13,24.2,1.43,211.561,7.441,2010,8,32,225,3,-0.8660254037844385,-0.5000000000000004,-0.663122658240795,-0.7485107481711013
4,2010-08-20,20.86,1.135,210.102,6.455,2010,8,33,232,3,-0.8660254037844385,-0.5000000000000004,-0.7485107481711011,-0.6631226582407952
4,2010-08-27,20.66,1.025,210.564,5.485,2010,8,34,239,3,-0.8660254037844385,-0.5000000000000004,-0.8229838658936564,-0.5680647467311559
4,2010-09-03,21.88,1.036,208.03,5.769,2010,9,35,246,3,-1.0,-1.8369701987210297e-16,-0.8854560256532096,-0.4647231720437691
4,2010-09-10,14.98,0.857,210.399,6.138,2010,9,36,253,3,-1.0,-1.8369701987210297e-16,-0.9350162426854147,-0.3546048870425359
4,2010-09-17,18.48,1.324,206.912,6.248,2010,9,37,260,3,-1.0,-1.8369701987210297e-16,-0.970941817426052,-0.23931566428755774
4,2010-09-24,19.1,1.101,210.47,5.901,2010,9,38,267,3,-1.0,-1.8369701987210297e-16,-0.992708874098054,-0.12053668025532357
4,2010-10-01,14.18,1.201,211.497,5.786,2010,10,39,274,4,-0.8660254037844386,0.5000000000000001,-1.0,-1.8369701987210297e-16
4,2010-10-08,11.25,0.919,210.948,6.856,2010,10,40,281,4,-0.8660254037844386,0.5000000000000001,-0.992708874098054,0.1205366802553232
4,2010-10-15,10.37,0.74,212.225,6.049,2010,10,41,288,4,-0.8660254037844386,0.5000000000000001,-0.9709418174260521,0.23931566428755738
4,2010-10-22,14.52,1.276,208.035,6.649,2010,10,42,295,4,-0.8660254037844386,0.5000000000000001,-0.9350162426854148,0.35460488704253557
4,2010-10-29,22.81,1.231,207.983,5.165,2010,10,43,302,4,-0.8660254037844386,0.5000000000000001,-0.8854560256532101,0.464723172043768
4,2010-11-05,25.74,1.598,207.569,6.449,2010,11,44,309,4,-0.5000000000000004,0.8660254037844384,-0.822983865893657,0.5680647467311548
4,2010-11-12,17.63,1.237,209.573,6.57,2010,11,45,316,4,-0.5000000000000004,0.8660254037844384,-0.7485107481711011,0.6631226582407952
4,2010-11-19,24.12,1.681,212.915,7.046,2010,11,46,323,4,-0.5000000000000004,0.8660254037844384,-0.6631226582407955,0.7485107481711007
4,2010-11-26,23.57,1.311,209.163,7.017,2010,11,47,330,4,-0.5000000000000004,0.8660254037844384,-0.5680647467311559,0.8229838658936564
4,2010-12-03,29.49,1.671,212.287,6.594,2010,12,48,337,4,-2.4492935982947064e-16,1.0,-0.4647231720437684,0.88545602565321
4,2010-12-10,29.98,1.74,210.491,7.769,2010,12,49,344,4,-2.4492935982947064e-16,1.0,-0.35460488704253595,0.9350162426854147
4,2010-12-17,39.05,1.908,210.206,7.189,2010,12,50,351,4,-2.4492935982947064e-16,1.0,-0.2393156642875578,0.970941817426052
4,2010-12-24,37.96,2.389,208.746,7.622,2010,12,51,358,4,-2.4492935982947064e-16,1.0,-0.12053668025532363,0.992708874098054
4,2010-12-31,35.58,2.675,205.848,6.735,2010,12,52,365,4,-2.4492935982947064e-16,1.0,6.432490598706546e-16,1.0
4,2011-01-07,38.68,2.49,215.505,7.835,2011,1,1,7,1,0.49999999999999994,0.8660254037844387,0.12053668025532305,0.992708874098054
4,2011-01-14,52.63,2.894,215.471,8.523,2011,1,2,14,1,0.49999999999999994,0.8660254037844387,0.23931566428755774,0.970941817426052
4,2011-01-21,56.39,2.613,216.175,8.37,2011,1,3,21,1,0.49999999999999994,0.8660254037844387,0.3546048870425356,0.9350162426854148
4,2011-01-28,62.7,3.289,214.153,9.257,2011,1,4,28,1,0.49999999999999994,0.8660254037844387,0.4647231720437685,0.8854560256532099
4,2011-02-04,76.05,3.608,217.346,9.615,2011,2,5,35,1,0.8660254037844386,0.5000000000000001,0.5680647467311558,0.8229838658936564
4,2011-02-11,63.02,3.694,214.577,9.19,2011,2,6,42,1,0.8660254037844386,0.5000000000000001,0.6631226582407952,0.7485107481711011
4,2011-02-18,68.69,3.628,213.153,9.232,2011,2,7,49,1,0.8660254037844386,0.5000000000000001,0.7485107481711011,0.6631226582407953
4,2011-02-25,76.23,3.321,214.881,8.908,2011,2,8,56,1,0.8660254037844386,0.5000000000000001,0.8229838658936564,0.5680647467311559
4,2011-03-04,69.33,3.695,213.488,8.591,2011,3,9,63,1,1.0,6.123233995736766e-17,0.8854560256532099,0.4647231720437686
4,2011-03-11,71.6,4.111,213.537,10.51,2011,3,10,70,1,1.0,6.123233995736766e-17,0.9350162426854148,0.35460488704253557
4,2011-03-18,71.94,4.196,215.244,10.41,2011,3,11,77,1,1.0,6.123233995736766e-17,0.970941817426052,0.23931566428755804
4,2011-03-25,67.62,3.911,215.713,10.874,2011,3,12,84,1,1.0,6.123233995736766e-17,0.992708874098054,0.120536680255323
4,2011-04-01,79.52,3.926,213.447,10.149,2011,4,13,91,2,0.8660254037844387,-0.4999999999999998,1.0,-1.6081226496766366e-16
4,2011-04-08,66.97,3.861,216.916,9.53,2011,4,14,98,2,0.8660254037844387,-0.4999999999999998,0.992708874098054,-0.12053668025532288
4,2011-04-15,73.07,3.966,214.675,9.58,2011,4,15,105,2,0.8660254037844387,-0.4999999999999998,0.9709418174260521,-0.2393156642875575
4,2011-04-22,73.66,4.119,215.409,10.735,2011,4,16,112,2,0.8660254037844387,-0.4999999999999998,0.9350162426854148,-0.35460488704253545
4,2011-04-29,77.13,3.767,214.145,8.767,2011,4,17,119,2,0.8660254037844387,-0.4999999999999998,0.8854560256532099,-0.4647231720437685
4,2011-05-06,72.16,3.692,216.723,9.589,2011,5,18,126,2,0.49999999999999994,-0.8660254037844387,0.8229838658936565,-0.5680647467311557
4,2011-05-13,68.26,3.625,216.367,9.262,2011,5,19,133,2,0.49999999999999994,-0.8660254037844387,0.7485107481711013,-0.663122658240795
4,2011-05-20,62.74,3.567,215.198,8.786,2011,5,20,140,2,0.49999999999999994,-0.8660254037844387,0.6631226582407952,-0.7485107481711012
4,2011-05-27,62.92,3.459,215.615,9.103,2011,5,21,147,2,0.49999999999999994,-0.8660254037844387,0.5680647467311558,-0.8229838658936564
4,2011-06-03,55.21,3.545,213.59,8.642,2011,6,22,154,2,1.2246467991473532e-16,-1.0,0.46472317204376906,-0.8854560256532096
4,2011-06-10,59.8,3.056,215.275,8.832,2011,6,23,161,2,1.2246467991473532e-16,-1.0,0.35460488704253584,-0.9350162426854147
4,2011-06-17,54.59,2.872,217.75,9.208,2011,6,24,168,2,1.2246467991473532e-16,-1.0,0.23931566428755768,-0.970941817426052
4,2011-06-24,47.97,2.913,217.06,8.162,2011,6,25,175,2,1.2246467991473532e-16,-1.0,0.12053668025532308,-0.992708874098054
4,2011-07-01,47.17,2.583,216.0,8.026,2011,7,26,182,3,-0.4999999999999997,-0.8660254037844388,-3.216245299353273e-16,-1.0
4,2011-07-08,42.34,2.239,214.948,8.172,2011,7,27,189,3,-0.4999999999999997,-0.8660254037844388,-0.12053668025532283,-0.992708874098054
4,2011-07-15,33.08,2.295,213.262,7.024,2011,7,28,196,3,-0.4999999999999997,-0.8660254037844388,-0.23931566428755743,-0.9709418174260521
4,2011-07-22,36.65,1.861,216.694,8.282,2011,7,29,203,3,-0.4999999999999997,-0.8660254037844388,-0.3546048870425356,-0.9350162426854148
4,2011-07-29,30.0,1.928,212.941,7.9,2011,7,30,210,3,-0.4999999999999997,-0.8660254037844388,-0.46472317204376806,-0.8854560256532101
4,2011-08-05,28.87,1.528,213.628,6.34,2011,8,31,217,3,-0.8660254037844385,-0.5000000000000004,-0.5680647467311556,-0.8229838658936566
4,2011-08-12,30.51,1.755,214.919,6.653,2011,8,32,224,3,-0.8660254037844385,-0.5000000000000004,-0.663122658240795,-0.7485107481711013
4,2011-08-19,22.17,1.402,211.066,5.427,2011,8,33,231,3,-0.8660254037844385,-0.5000000000000004,-0.7485107481711011,-0.6631226582407952
4,2011-08-26,19.56,1.425,213.367,6.225,2011,8,34,238,3,-0.8660254037844385,-0.5000000000000004,-0.8229838658936564,-0.5680647467311559
4,2011-09-02,17.12,1.075,215.882,6.459,2011,9,35,245,3,-1.0,-1.8369701987210297e-16,-0.8854560256532096,-0.4647231720437691
4,2011-09-09,18.97,0.979,212.914,6.99,2011,9,36,252,3,-1.0,-1.8369701987210297e-16,-0.9350162426854147,-0.3546048870425359
4,2011-09-16,19.72,1.098,214.264,6.343,2011,9,37,259,3,-1.0,-1.8369701987210297e-16,-0.970941817426052,-0.23931566428755774
4,2011-09-23,19.77,0.546,214.912,5.975,2011,9,38,266,3,-1.0,-1.8369701987210297e-16,-0.992708874098054,-0.12053668025532357
4,2011-09-30,14.15,1.168,214.637,6.175,2011,9,39,273,3,-1.0,-1.8369701987210297e-16,-1.0,-1.8369701987210297e-16
4,2011-10-07,20.21,0.806,216.241,6.261,2011,10,40,280,4,-0.8660254037844386,0.5000000000000001,-0.992708874098054,0.1205366802553232
4,2011-10-14,12.79,1.098,212.189,6.364,2011,10,41,287,4,-0.8660254037844386,0.5000000000000001,-0.9709418174260521,0.23931566428755738
4,2011-10-21,10.39,0.796,215.982,6.035,2011,10,42,294,4,-0.8660254037844386,0.5000000000000001,-0.9350162426854148,0.35460488704253557
4,2011-10-28,22.25,0.741,217.448,5.735,2011,10,43,301,4,-0.8660254037844386,0.5000000000000001,-0.8854560256532101,0.464723172043768
4,2011-11-04,31.22,1.395,216.033,6.479,2011,11,44,308,4,-0.5000000000000004,0.8660254037844384,-0.822983865893657,0.5680647467311548
4,2011-11-11,30.28,1.116,212.669,6.332,2011,11,45,315,4,-0.5000000000000004,0.8660254037844384,-0.7485107481711011,0.6631226582407952
4,2011-11-18,25.53,1.537,213.94,5.814,2011,11,46,322,4,-0.5000000000000004,0.8660254037844384,-0.6631226582407955,0.7485107481711007
4,2011-11-25,30.6,1.984,209.99,6.742,2011,11,47,329,4,-0.5000000000000004,0.8660254037844384,-0.5680647467311559,0.8229838658936564
4,2011-12-02,39.94,1.793,213.508,7.775,2011,12,48,336,4,-2.4492935982947064e-16,1.0,-0.4647231720437684,0.88545602565321
4,2011-12-09,38.93,1.721,218.517,7.675,2011,12,49,343,4,-2.4492935982947064e-16,1.0,-0.35460488704253595,0.9350162426854147
4,2011-12-16,36.22,2.228,214.928,8.165,2011,12,50,350,4,-2.4492935982947064e-16,1.0,-0.2393156642875578,0.970941817426052
4,2011-12-23,41.76,2.359,213.423,7.975,2011,12,51,357,4,-2.4492935982947064e-16,1.0,-0.12053668025532363,0.992708874098054
4,2011-12-30,51.6,2.446,214.464,8.151,2011,12,52,364,4,-2.4492935982947064e-16,1.0,6.432490598706546e-16,1.0
4,2012-01-06,46.24,2.458,219.333,7.396,2012,1,1,6,1,0.49999999999999994,0.8660254037844387,0.12053668025532305,0.992708874098054
4,2012-01-13,56.08,2.961,221.804,8.886,2012,1,2,13,1,0.49999999999999994,0.8660254037844387,0.23931566428755774,0.970941817426052
4,2012-01-20,54.6,3.37,218.998,8.732,2012,1,3,20,1,0.49999999999999994,0.8660254037844387,0.3546048870425356,0.9350162426854148
4,2012-01-27,51.7,3.123,219.254,9.388,2012,1,4,27,1,0.49999999999999994,0.8660254037844387,0.4647231720437685,0.8854560256532099
4,2012-02-03,60.34,3.316,217.639,9.547,2012,2,5,34,1,0.8660254037844386,0.5000000000000001,0.5680647467311558,0.8229838658936564
4,2012-02-10,66.8,3.642,221.585,10.162,2012,2,6,41,1,0.8660254037844386,0.5000000000000001,0.6631226582407952,0.7485107481711011
4,2012-02-17,57.09,3.536,219.64,10.098,2012,2,7,48,1,0.8660254037844386,0.5000000000000001,0.7485107481711011,0.6631226582407953
4,2012-02-24,68.07,3.233,219.657,9.313,2012,2,8,55,1,0.8660254037844386,0.5000000000000001,0.8229838658936564,0.5680647467311559
4,2012-03-02,67.3,4.026,220.925,9.76,2012,3,9,62,1,1.0,6.123233995736766e-17,0.8854560256532099,0.4647231720437686
4,2012-03-09,67.77,3.866,223.082,9.299,2012,3,10,69,1,1.0,6.123233995736766e-17,0.9350162426854148,0.35460488704253557
4,2012-03-16,69.83,4.071,215.596,9.578,2012,3,11,76,1,1.0,6.123233995736766e-17,0.970941817426052,0.23931566428755804
4,2012-03-23,71.6,3.974,223.522,9.867,2012,3,12,83,1,1.0,6.123233995736766e-17,0.992708874098054,0.120536680255323
4,2012-03-30,78.28,4.001,219.578,10.846,2012,3,13,90,1,1.0,6.123233995736766e-17,1.0,-1.6081226496766366e-16
4,2012-04-06,76.82,4.426,220.765,10.085,2012,4,14,97,2,0.8660254037844387,-0.4999999999999998,0.992708874098054,-0.12053668025532288
4,2012-04-13,85.19,3.566,220.918,9.905,2012,4,15,104,2,0.8660254037844387,-0.4999999999999998,0.9709418174260521,-0.2393156642875575
4,2012-04-20,77.11,4.26,221.674,10.407,2012,4,16,111,2,0.8660254037844387,-0.4999999999999998,0.9350162426854148,-0.35460488704253545
4,2012-04-27,72.91,3.504,219.501,9.204,2012,4,17,118,2,0.8660254037844387,-0.4999999999999998,0.8854560256532099,-0.4647231720437685
4,2012-05-04,68.96,3.939,220.405,9.607,2012,5,18,125,2,0.49999999999999994,-0.8660254037844387,0.8229838658936565,-0.5680647467311557
4,2012-05-11,65.76,3.212,219.951,9.403,2012,5,19,132,2,0.49999999999999994,-0.8660254037844387,0.7485107481711013,-0.663122658240795
4,2012-05-18,67.34,3.693,218.076,9.331,2012,5,20,139,2,0.49999999999999994,-0.8660254037844387,0.6631226582407952,-0.7485107481711012
4,2012-05-25,64.28,3.218,217.204,8.646,2012,5,21,146,2,0.49999999999999994,-0.8660254037844387,0.5680647467311558,-0.8229838658936564
4,2012-06-01,60.4,3.106,220.225,9.324,2012,6,22,153,2,1.2246467991473532e-16,-1.0,0.46472317204376906,-0.8854560256532096
4,2012-06-08,58.67,3.332,220.293,8.838,2012,6,23,160,2,1.2246467991473532e-16,-1.0,0.35460488704253584,-0.9350162426854147
4,2012-06-15,53.57,2.867,218.268,9.053,2012,6,24,167,2,1.2246467991473532e-16,-1.0,0.23931566428755768,-0.970941817426052
4,2012-06-22,55.5,2.893,222.523,7.834,2012,6,25,174,2,1.2246467991473532e-16,-1.0,0.12053668025532308,-0.992708874098054
4,2012-06-29,50.2,2.564,218.548,7.807,2012,6,26,181,2,1.2246467991473532e-16,-1.0,-3.216245299353273e-16,-1.0
4,2012-07-06,34.41,2.727,217.863,8.612,2012,7,27,188,3,-0.4999999999999997,-0.8660254037844388,-0.12053668025532283,-0.992708874098054
4,2012-07-13,35.01,2.169,216.866,8.164,2012,7,28,195,3,-0.4999999999999997,-0.8660254037844388,-0.23931566428755743,-0.9709418174260521
4,2012-07-20,37.67,1.929,218.549,6.766,2012,7,29,202,3,-0.4999999999999997,-0.8660254037844388,-0.3546048870425356,-0.9350162426854148
4,2012-07-27,35.48,2.025,219.383,6.936,2012,7,30,209,3,-0.4999999999999997,-0.8660254037844388,-0.46472317204376806,-0.8854560256532101
4,2012-08-03,23.16,1.447,216.779,6.626,2012,8,31,216,3,-0.8660254037844385,-0.5000000000000004,-0.5680647467311556,-0.8229838658936566
4,2012-08-10,29.86,1.311,217.303,6.642,2012,8,32,223,3,-0.8660254037844385,-0.5000000000000004,-0.663122658240795,-0.7485107481711013
4,2012-08-17,13.66,0.988,222.762,7.01,2012,8,33,230,3,-0.8660254037844385,-0.5000000000000004,-0.7485107481711011,-0.6631226582407952
4,2012-08-24,24.71,1.143,221.491,4.945,2012,8,34,237,3,-0.8660254037844385,-0.5000000000000004,-0.8229838658936564,-0.5680647467311559
4,2012-08-31,11.54,0.844,219.731,6.157,2012,8,35,244,3,-0.8660254037844385,-0.5000000000000004,-0.8854560256532096,-0.4647231720437691
4,2012-09-07,28.2,0.925,218.57,7.047,2012,9,36,251,3,-1.0,-1.8369701987210297e-16,-0.9350162426854147,-0.3546048870425359
4,2012-09-14,23.21,0.892,222.578,6.694,2012,9,37,258,3,-1.0,-1.8369701987210297e-16,-0.970941817426052,-0.23931566428755774
4,2012-09-21,20.06,0.743,218.921,6.788,2012,9,38,265,3,-1.0,-1.8369701987210297e-16,-0.992708874098054,-0.12053668025532357
4,2012-09-28,17.41,0.662,221.803,6.369,2012,9,39,272,3,-1.0,-1.8369701987210297e-16,-1.0,-1.8369701987210297e-16
4,2012-10-05,15.89,0.929,216.56,5.589,2012,10,40,279,4,-0.8660254037844386,0.5000000000000001,-0.992708874098054,0.1205366802553232
4,2012-10-12,8.31,1.11,218.176,5.468,2012,10,41,286,4,-0.8660254037844386,0.5000000000000001,-0.9709418174260521,0.23931566428755738
4,2012-10-19,16.83,1.066,221.054,6.959,2012,10,42,293,4,-0.8660254037844386,0.5000000000000001,-0.9350162426854148,0.35460488704253557
4,2012-10-26,15.94,1.239,217.361,5.6,2012,10,43,300,4,-0.8660254037844386,0.5000000000000001,-0.8854560256532101,0.464723172043768
5,2010-02-05,59.69,3.222,210.068,8.917,2010,2,5,36,1,0.8660254037844386,0.5000000000000001,0.5680647467311558,0.8229838658936564
5,2010-02-12,62.29,3.886,206.908,8.877,2010,2,6,43,1,0.8660254037844386,0.5000000000000001,0.6631226582407952,0.7485107481711011
5,2010-02-19,57.48,3.588,208.837,10.309,2010,2,7,50,1,0.8660254037844386,0.5000000000000001,0.7485107481711011,0.6631226582407953
5,2010-02-26,71.21,3.574,209.483,10.194,2010,2,8,57,1,0.8660254037844386,0.5000000000000001,0.8229838658936564,0.5680647467311559
5,2010-03-05,68.75,3.905,209.073,8.61,2010,3,9,64,1,1.0,6.123233995736766e-17,0.8854560256532099,0.4647231720437686
5,2010-03-12,74.51,4.016,207.989,10.512,2010,3,10,71,1,1.0,6.123233995736766e-17,0.9350162426854148,0.35460488704253557
5,2010-03-19,75.6,3.88,208.796,8.977,2010,3,11,78,1,1.0,6.123233995736766e-17,0.970941817426052,0.23931566428755804
5,2010-03-26,73.62,3.9,211.855,10.507,2010,3,12,85,1,1.0,6.123233995736766e-17,0.992708874098054,0.120536680255323
5,2010-04-02,78.42,3.99,211.668,10.257,2010,4,13,92,2,0.8660254037844387,-0.4999999999999998,1.0,-1.6081226496766366e-16
5,2010-04-09,72.28,4.17,207.781,9.429,2010,4,14,99,2,0.8660254037844387,-0.4999999999999998,0.992708874098054,-0.12053668025532288
5,2010-04-16,70.71,3.829,212.503,11.045,2010,4,15,106,2,0.8660254037844387,-0.4999999999999998,0.9709418174260521,-0.2393156642875575
5,2010-04-23,67.96,3.789,208.415,9.675,2010,4,16,113,2,0.8660254037844387,-0.4999999999999998,0.9350162426854148,-0.35460488704253545
5,2010-04-30,72.27,3.523,207.781,9.688,2010,4,17,120,2,0.8660254037844387,-0.4999999999999998,0.8854560256532099,-0.4647231720437685
5,2010-05-07,65.84,3.796,207.947,8.139,2010,5,18,127,2,0.49999999999999994,-0.8660254037844387,0.8229838658936565,-0.5680647467311557
5,2010-05-14,62.97,3.637,211.677,9.053,2010,5,19,134,2,0.49999999999999994,-0.8660254037844387,0.7485107481711013,-0.663122658240795
5,2010-05-21,59.06,3.465,209.257,9.449,2010,5,20,141,2,0.49999999999999994,-0.8660254037844387,0.6631226582407952,-0.7485107481711012
5,2010-05-28,62.84,3.276,210.928,8.365,2010,5,21,148,2,0.49999999999999994,-0.8660254037844387,0.5680647467311558,-0.8229838658936564
5,2010-06-04,68.07,3.381,209.837,8.346,2010,6,22,155,2,1.2246467991473532e-16,-1.0,0.46472317204376906,-0.8854560256532096
5,2010-06-11,54.0,3.061,211.251,8.06,2010,6,23,162,2,1.2246467991473532e-16,-1.0,0.35460488704253584,-0.9350162426854147
5,2010-06-18,49.99,3.022,207.692,7.856,2010,6,24,169,2,1.2246467991473532e-16,-1.0,0.23931566428755768,-0.970941817426052
5,2010-06-25,55.78,2.426,207.06,9.238,2010,6,25,176,2,1.2246467991473532e-16,-1.0,0.12053668025532308,-0.992708874098054
5,2010-07-02,41.2,2.095,211.35,8.255,2010,7,26,183,3,-0.4999999999999997,-0.8660254037844388,-3.216245299353273e-16,-1.0
5,2010-07-09,41.05,2.359,208.922,6.973,2010,7,27,190,3,-0.4999999999999997,-0.8660254037844388,-0.12053668025532283,-0.992708874098054
5,2010-07-16,38.52,2.422,212.794,7.877,2010,7,28,197,3,-0.4999999999999997,-0.8660254037844388,-0.23931566428755743,-0.9709418174260521
5,2010-07-23,33.56,1.868,208.142,7.011,2010,7,29,204,3,-0.4999999999999997,-0.8660254037844388,-0.3546048870425356,-0.9350162426854148
5,2010-07-30,34.3,1.551,208.814,6.358,2010,7,30,211,3,-0.4999999999999997,-0.8660254037844388,-0.46472317204376806,-0.8854560256532101
5,2010-08-06,33.18,1.692,211.628,7.058,2010,8,31,218,3,-0.8660254037844385,-0.5000000000000004,-0.5680647467311556,-0.8229838658936566
5,2010-08-13,31.73,1.484,206.593,6.842,2010,8,32,225,3,-0.8660254037844385,-0.5000000000000004,-0.663122658240795,-0.7485107481711013
5,2010-08-20,18.68,1.138,210.353,5.177,2010,8,33,232,3,-0.8660254037844385,-0.5000000000000004,-0.7485107481711011,-0.6631226582407952
5,2010-08-27,13.58,1.273,213.715,5.933,2010,8,34,239,3,-0.8660254037844385,-0.5000000000000004,-0.8229838658936564,-0.5680647467311559
5,2010-09-03,14.23,1.326,208.796,6.1,2010,9,35,246,3,-1.0,-1.8369701987210297e-16,-0.8854560256532096,-0.4647231720437691
5,2010-09-10,16.89,0.958,208.874,7.422,2010,9,36,253,3,-1.0,-1.8369701987210297e-16,-0.9350162426854147,-0.3546048870425359
5,2010-09-17,17.35,1.063,209.362,4.908,2010,9,37,260,3,-1.0,-1.8369701987210297e-16,-0.970941817426052,-0.23931566428755774
5,2010-09-24,10.68,0.939,207.503,5.584,2010,9,38,267,3,-1.0,-1.8369701987210297e-16,-0.992708874098054,-0.12053668025532357
5,2010-10-01,17.58,0.835,209.578,6.659,2010,10,39,274,4,-0.8660254037844386,0.5000000000000001,-1.0,-1.8369701987210297e-16
5,2010-10-08,14.07,0.921,211.875,6.049,2010,10,40,281,4,-0.8660254037844386,0.5000000000000001,-0.992708874098054,0.1205366802553232
5,2010-10-15,18.72,0.879,207.402,6.648,2010,10,41,288,4,-0.8660254037844386,0.5000000000000001,-0.9709418174260521,0.23931566428755738
5,2010-10-22,12.82,1.16,206.983,7.101,2010,10,42,295,4,-0.8660254037844386,0.5000000000000001,-0.9350162426854148,0.35460488704253557
5,2010-10-29,2.83,0.902,210.524,6.199,2010,10,43,302,4,-0.8660254037844386,0.5000000000000001,-0.8854560256532101,0.464723172043768
5,2010-11-05,22.36,1.149,207.794,5.742,2010,11,44,309,4,-0.5000000000000004,0.8660254037844384,-0.822983865893657,0.5680647467311548
5,2010-11-12,17.65,1.326,208.547,6.427,2010,11,45,316,4,-0.5000000000000004,0.8660254037844384,-0.7485107481711011,0.6631226582407952
5,2010-11-19,21.74,1.587,210.975,6.557,2010,11,46,323,4,-0.5000000000000004,0.8660254037844384,-0.6631226582407955,0.7485107481711007
5,2010-11-26,22.23,1.754,212.414,7.289,2010,11,47,330,4,-0.5000000000000004,0.8660254037844384,-0.5680647467311559,0.8229838658936564
5,2010-12-03,36.13,1.921,213.214,7.742,2010,12,48,337,4,-2.4492935982947064e-16,1.0,-0.4647231720437684,0.88545602565321
5,2010-12-10,37.18,2.059,209.886,7.687,2010,12,49,344,4,-2.4492935982947064e-16,1.0,-0.35460488704253595,0.9350162426854147
5,2010-12-17,43.67,2.041,212.1,7.884,2010,12,50,351,4,-2.4492935982947064e-16,1.0,-0.2393156642875578,0.970941817426052
5,2010-12-24,38.8,2.214,212.742,8.052,2010,12,51,358,4,-2.4492935982947064e-16,1.0,-0.12053668025532363,0.992708874098054
5,2010-12-31,46.34,2.407,208.325,8.225,2010,12,52,365,4,-2.4492935982947064e-16,1.0,6.432490598706546e-16,1.0
5,2011-01-07,43.35,2.776,213.597,8.114,2011,1,1,7,1,0.49999999999999994,0.8660254037844387,0.12053668025532305,0.992708874098054
5,2011-01-14,52.28,2.972,216.944,7.824,2011,1,2,14,1,0.49999999999999994,0.8660254037844387,0.23931566428755774,0.970941817426052
5,2011-01-21,57.09,2.808,214.653,9.654,2011,1,3,21,1,0.49999999999999994,0.8660254037844387,0.3546048870425356,0.9350162426854148
5,2011-01-28,64.96,3.024,212.523,8.518,2011,1,4,28,1,0.49999999999999994,0.8660254037844387,0.4647231720437685,0.8854560256532099
5,2011-02-04,55.1,3.344,214.712,8.973,2011,2,5,35,1,0.8660254037844386,0.5000000000000001,0.5680647467311558,0.8229838658936564
5,2011-02-11,58.87,3.67,218.068,8.071,2011,2,6,42,1,0.8660254037844386,0.5000000000000001,0.6631226582407952,0.7485107481711011
5,2011-02-18,69.77,3.832,216.58,10.616,2011,2,7,49,1,0.8660254037844386,0.5000000000000001,0.7485107481711011,0.6631226582407953
5,2011-02-25,73.64,3.574,216.081,10.448,2011,2,8,56,1,0.8660254037844386,0.5000000000000001,0.8229838658936564,0.5680647467311559
5,2011-03-04,67.26,3.772,216.161,9.473,2011,3,9,63,1,1.0,6.123233995736766e-17,0.8854560256532099,0.4647231720437686
5,2011-03-11,72.53,4.031,214.983,9.77,2011,3,10,70,1,1.0,6.123233995736766e-17,0.9350162426854148,0.35460488704253557
5,2011-03-18,71.93,3.918,212.225,9.556,2011,3,11,77,1,1.0,6.123233995736766e-17,0.970941817426052,0.23931566428755804
5,2011-03-25,75.11,4.202,215.412,10.525,2011,3,12,84,1,1.0,6.123233995736766e-17,0.992708874098054,0.120536680255323
5,2011-04-01,73.29,4.299,213.962,9.941,2011,4,13,91,2,0.8660254037844387,-0.4999999999999998,1.0,-1.6081226496766366e-16
5,2011-04-08,68.57,3.854,214.994,9.355,2011,4,14,98,2,0.8660254037844387,-0.4999999999999998,0.992708874098054,-0.12053668025532288
5,2011-04-15,72.07,4.039,216.445,9.869,2011,4,15,105,2,0.8660254037844387,-0.4999999999999998,0.9709418174260521,-0.2393156642875575
5,2011-04-22,72.43,3.905,215.823,9.706,2011,4,16,112,2,0.8660254037844387,-0.4999999999999998,0.9350162426854148,-0.35460488704253545
5,2011-04-29,71.19,3.957,216.163,9.656,2011,4,17,119,2,0.8660254037844387,-0.4999999999999998,0.8854560256532099,-0.4647231720437685
5,2011-05-06,75.5,3.957,215.259,9.64,2011,5,18,126,2,0.49999999999999994,-0.8660254037844387,0.8229838658936565,-0.5680647467311557
5,2011-05-13,61.5,3.876,215.715,9.459,2011,5,19,133,2,0.49999999999999994,-0.8660254037844387,0.7485107481711013,-0.663122658240795
5,2011-05-20,61.06,3.634,215.323,10.221,2011,5,20,140,2,0.49999999999999994,-0.8660254037844387,0.6631226582407952,-0.7485107481711012
5,2011-05-27,57.97,3.04,215.121,9.19,2011,5,21,147,2,0.49999999999999994,-0.8660254037844387,0.5680647467311558,-0.8229838658936564
5,2011-06-03,54.37,2.989,214.894,9.254,2011,6,22,154,2,1.2246467991473532e-16,-1.0,0.46472317204376906,-0.8854560256532096
5,2011-06-10,52.52,2.924,212.973,9.123,2011,6,23,161,2,1.2246467991473532e-16,-1.0,0.35460488704253584,-0.9350162426854147
5,2011-06-17,50.45,3.233,215.806,8.577,2011,6,24,168,2,1.2246467991473532e-16,-1.0,0.23931566428755768,-0.970941817426052
5,2011-06-24,52.67,2.676,214.463,8.838,2011,6,25,175,2,1.2246467991473532e-16,-1.0,0.12053668025532308,-0.992708874098054
5,2011-07-01,43.89,2.505,214.022,7.941,2011,7,26,182,3,-0.4999999999999997,-0.8660254037844388,-3.216245299353273e-16,-1.0
5,2011-07-08,40.83,2.483,214.452,7.681,2011,7,27,189,3,-0.4999999999999997,-0.8660254037844388,-0.12053668025532283,-0.992708874098054
5,2011-07-15,43.08,2.152,212.758,8.072,2011,7,28,196,3,-0.4999999999999997,-0.8660254037844388,-0.23931566428755743,-0.9709418174260521
5,2011-07-22,38.13,1.964,217.64,6.948,2011,7,29,203,3,-0.4999999999999997,-0.8660254037844388,-0.3546048870425356,-0.9350162426854148
5,2011-07-29,35.32,2.033,214.618,7.071,2011,7,30,210,3,-0.4999999999999997,-0.8660254037844388,-0.46472317204376806,-0.8854560256532101
5,2011-08-05,34.99,1.8,212.158,5.785,2011,8,31,217,3,-0.8660254037844385,-0.5000000000000004,-0.5680647467311556,-0.8229838658936566
5,2011-08-12,16.55,1.137,216.344,7.041,2011,8,32,224,3,-0.8660254037844385,-0.5000000000000004,-0.663122658240795,-0.7485107481711013
5,2011-08-19,26.2,1.73,215.691,6.947,2011,8,33,231,3,-0.8660254037844385,-0.5000000000000004,-0.7485107481711011,-0.6631226582407952
5,2011-08-26,13.25,1.576,219.903,6.966,2011,8,34,238,3,-0.8660254037844385,-0.5000000000000004,-0.8229838658936564,-0.5680647467311559
5,2011-09-02,26.06,1.108,216.666,6.319,2011,9,35,245,3,-1.0,-1.8369701987210297e-16,-0.8854560256532096,-0.4647231720437691
5,2011-09-09,6.41,1.148,214.837,6.443,2011,9,36,252,3,-1.0,-1.8369701987210297e-16,-0.9350162426854147,-0.3546048870425359
5,2011-09-16,8.77,0.959,215.948,6.586,2011,9,37,259,3,-1.0,-1.8369701987210297e-16,-0.970941817426052,-0.23931566428755774
5,2011-09-23,14.73,1.103,213.414,6.306,2011,9,38,266,3,-1.0,-1.8369701987210297e-16,-0.992708874098054,-0.12053668025532357
5,2011-09-30,26.03,0.646,213.859,5.086,2011,9,39,273,3,-1.0,-1.8369701987210297e-16,-1.0,-1.8369701987210297e-16
5,2011-10-07,6.96,0.943,215.04,6.042,2011,10,40,280,4,-0.8660254037844386,0.5000000000000001,-0.992708874098054,0.1205366802553232
5,2011-10-14,9.18,1.124,218.057,6.481,2011,10,41,287,4,-0.8660254037844386,0.5000000000000001,-0.9709418174260521,0.23931566428755738
5,2011-10-21,13.71,1.423,216.214,6.436,2011,10,42,294,4,-0.8660254037844386,0.5000000000000001,-0.9350162426854148,0.35460488704253557
5,2011-10-28,17.18,1.383,214.948,5.88,2011,10,43,301,4,-0.8660254037844386,0.5000000000000001,-0.8854560256532101,0.464723172043768
5,2011-11-04,24.87,1.247,213.133,6.052,2011,11,44,308,4,-0.5000000000000004,0.8660254037844384,-0.822983865893657,0.5680647467311548
5,2011-11-11,30.04,1.295,212.761,5.899,2011,11,45,315,4,-0.5000000000000004,0.8660254037844384,-0.7485107481711011,0.6631226582407952
5,2011-11-18,26.19,1.549,215.088,6.281,2011,11,46,322,4,-0.5000000000000004,0.8660254037844384,-0.6631226582407955,0.7485107481711007
5,2011-11-25,17.1,1.82,216.831,6.546,2011,11,47,329,4,-0.5000000000000004,0.8660254037844384,-0.5680647467311559,0.8229838658936564
5,2011-12-02,29.92,1.523,213.999,7.496,2011,12,48,336,4,-2.4492935982947064e-16,1.0,-0.4647231720437684,0.88545602565321
5,2011-12-09,31.93,2.086,214.998,6.919,2011,12,49,343,4,-2.4492935982947064e-16,1.0,-0.35460488704253595,0.9350162426854147
5,2011-12-16,31.0,1.987,212.903,7.44,2011,12,50,350,4,-2.4492935982947064e-16,1.0,-0.2393156642875578,0.970941817426052
5,2011-12-23,44.21,2.545,213.654,7.751,2011,12,51,357,4,-2.4492935982947064e-16,1.0,-0.12053668025532363,0.992708874098054
5,2011-12-30,47.54,2.322,217.196,8.809,2011,12,52,364,4,-2.4492935982947064e-16,1.0,6.432490598706546e-16,1.0
5,2012-01-06,50.25,2.536,219.654,8.149,2012,1,1,6,1,0.49999999999999994,0.8660254037844387,0.12053668025532305,0.992708874098054
5,2012-01-13,55.82,2.721,220.039,8.365,2012,1,2,13,1,0.49999999999999994,0.8660254037844387,0.23931566428755774,0.970941817426052
5,2012-01-20,50.89,3.132,219.021,9.169,2012,1,3,20,1,0.49999999999999994,0.8660254037844387,0.3546048870425356,0.9350162426854148
5,2012-01-27,63.62,2.697,219.644,8.593,2012,1,4,27,1,0.49999999999999994,0.8660254037844387,0.4647231720437685,0.8854560256532099
5,2012-02-03,60.09,3.583,220.346,8.899,2012,2,5,34,1,0.8660254037844386,0.5000000000000001,0.5680647467311558,0.8229838658936564
5,2012-02-10,62.78,3.862,218.126,9.651,2012,2,6,41,1,0.8660254037844386,0.5000000000000001,0.6631226582407952,0.7485107481711011
5,2012-02-17,71.73,3.475,219.902,9.468,2012,2,7,48,1,0.8660254037844386,0.5000000000000001,0.7485107481711011,0.6631226582407953
5,2012-02-24,65.57,3.715,222.44,10.058,2012,2,8,55,1,0.8660254037844386,0.5000000000000001,0.8229838658936564,0.5680647467311559
5,2012-03-02,71.72,3.914,219.827,9.968,2012,3,9,62,1,1.0,6.123233995736766e-17,0.8854560256532099,0.4647231720437686
5,2012-03-09,75.51,3.772,215.998,10.066,2012,3,10,69,1,1.0,6.123233995736766e-17,0.9350162426854148,0.35460488704253557
5,2012-03-16,76.39,3.668,218.899,9.769,2012,3,11,76,1,1.0,6.123233995736766e-17,0.970941817426052,0.23931566428755804
5,2012-03-23,68.15,4.014,220.484,9.387,2012,3,12,83,1,1.0,6.123233995736766e-17,0.992708874098054,0.120536680255323
5,2012-03-30,78.92,3.865,219.897,10.029,2012,3,13,90,1,1.0,6.123233995736766e-17,1.0,-1.6081226496766366e-16
5,2012-04-06,75.33,3.638,220.67,10.183,2012,4,14,97,2,0.8660254037844387,-0.4999999999999998,0.992708874098054,-0.12053668025532288
5,2012-04-13,76.94,4.007,218.181,9.651,2012,4,15,104,2,0.8660254037844387,-0.4999999999999998,0.9709418174260521,-0.2393156642875575
5,2012-04-20,64.74,4.049,220.012,9.433,2012,4,16,111,2,0.8660254037844387,-0.4999999999999998,0.9350162426854148,-0.35460488704253545
5,2012-04-27,80.81,3.812,218.799,9.561,2012,4,17,118,2,0.8660254037844387,-0.4999999999999998,0.8854560256532099,-0.4647231720437685
5,2012-05-04,67.77,3.394,218.286,9.522,2012,5,18,125,2,0.49999999999999994,-0.8660254037844387,0.8229838658936565,-0.5680647467311557
5,2012-05-11,72.1,3.946,221.313,9.7,2012,5,19,132,2,0.49999999999999994,-0.8660254037844387,0.7485107481711013,-0.663122658240795
5,2012-05-18,61.06,3.305,220.336,9.353,2012,5,20,139,2,0.49999999999999994,-0.8660254037844387,0.6631226582407952,-0.7485107481711012
5,2012-05-25,59.18,3.427,221.997,9.608,2012,5,21,146,2,0.49999999999999994,-0.8660254037844387,0.5680647467311558,-0.8229838658936564
5,2012-06-01,55.11,3.261,222.237,8.956,2012,6,22,153,2,1.2246467991473532e-16,-1.0,0.46472317204376906,-0.8854560256532096
5,2012-06-08,51.27,3.024,221.406,9.455,2012,6,23,160,2,1.2246467991473532e-16,-1.0,0.35460488704253584,-0.9350162426854147
5,2012-06-15,55.7,2.634,224.26,9.358,2012,6,24,167,2,1.2246467991473532e-16,-1.0,0.23931566428755768,-0.970941817426052
5,2012-06-22,55.19,2.799,221.2,7.44,2012,6,25,174,2,1.2246467991473532e-16,-1.0,0.12053668025532308,-0.992708874098054
5,2012-06-29,45.79,2.509,225.033,7.911,2012,6,26,181,2,1.2246467991473532e-16,-1.0,-3.216245299353273e-16,-1.0
5,2012-07-06,45.04,2.082,220.229,7.41,2012,7,27,188,3,-0.4999999999999997,-0.8660254037844388,-0.12053668025532283,-0.992708874098054
5,2012-07-13,41.98,1.933,219.251,8.085,2012,7,28,195,3,-0.4999999999999997,-0.8660254037844388,-0.23931566428755743,-0.9709418174260521
5,2012-07-20,29.38,2.269,224.697,6.65,2012,7,29,202,3,-0.4999999999999997,-0.8660254037844388,-0.3546048870425356,-0.9350162426854148
5,2012-07-27,26.62,2.116,221.047,7.918,2012,7,30,209,3,-0.4999999999999997,-0.8660254037844388,-0.46472317204376806,-0.8854560256532101
5,2012-08-03,30.93,1.902,220.332,7.783,2012,8,31,216,3,-0.8660254037844385,-0.5000000000000004,-0.5680647467311556,-0.8229838658936566
5,2012-08-10,17.43,1.114,223.806,7.411,2012,8,32,223,3,-0.8660254037844385,-0.5000000000000004,-0.663122658240795,-0.7485107481711013
5,2012-08-17,27.48,1.409,218.614,7.462,2012,8,33,230,3,-0.8660254037844385,-0.5000000000000004,-0.7485107481711011,-0.6631226582407952
5,2012-08-24,12.47,1.498,221.411,6.755,2012,8,34,237,3,-0.8660254037844385,-0.5000000000000004,-0.8229838658936564,-0.5680647467311559
5,2012-08-31,20.46,1.497,221.479,5.934,2012,8,35,244,3,-0.8660254037844385,-0.5000000000000004,-0.8854560256532096,-0.4647231720437691
5,2012-09-07,17.12,1.138,219.968,7.451,2012,9,36,251,3,-1.0,-1.8369701987210297e-16,-0.9350162426854147,-0.3546048870425359
5,2012-09-14,21.09,0.902,221.083,5.508,2012,9,37,258,3,-1.0,-1.8369701987210297e-16,-0.970941817426052,-0.23931566428755774
5,2012-09-21,9.16,1.235,219.265,6.004,2012,9,38,265,3,-1.0,-1.8369701987210297e-16,-0.992708874098054,-0.12053668025532357
5,2012-09-28,6.13,0.944,218.674,6.057,2012,9,39,272,3,-1.0,-1.8369701987210297e-16,-1.0,-1.8369701987210297e-16
5,2012-10-05,13.78,1.12,223.792,6.416,2012,10,40,279,4,-0.8660254037844386,0.5000000000000001,-0.992708874098054,0.1205366802553232
5,2012-10-12,20.84,1.2,221.935,6.315,2012,10,41,286,4,-0.8660254037844386,0.5000000000000001,-0.9709418174260521,0.23931566428755738
5,2012-10-19,9.75,0.637,220.174,6.475,2012,10,42,293,4,-0.8660254037844386,0.5000000000000001,-0.9350162426854148,0.35460488704253557
5,2012-10-26,21.8,1.041,220.995,6.034,2012,10,43,300,4,-0.8660254037844386,0.5000000000000001,-0.8854560256532101,0.464723172043768
6,2010-02-05,66.96,2.821,210.382,9.849,2010,2,5,36,1,0.8660254037844386,0.5000000000000001,0.5680647467311558,0.8229838658936564
6,2010-02-12,53.99,3.201,207.296,9.487,2010,2,6,43,1,0.8660254037844386,0.5000000000000001,0.6631226582407952,0.7485107481711011
6,2010-02-19,62.97,3.518,209.929,8.607,2010,2,7,50,1,0.8660254037844386,0.5000000000000001,0.7485107481711011,0.6631226582407953
6,2010-02-26,71.52,3.903,211.971,9.774,2010,2,8,57,1,0.8660254037844386,0.5000000000000001,0.8229838658936564,0.5680647467311559
6,2010-03-05,74.86,3.728,213.209,10.625,2010,3,9,64,1,1.0,6.123233995736766e-17,0.8854560256532099,0.4647231720437686
6,2010-03-12,73.8,3.724,214.793,10.262,2010,3,10,71,1,1.0,6.123233995736766e-17,0.9350162426854148,0.35460488704253557
6,2010-03-19,74.92,3.78,207.53,9.68,2010,3,11,78,1,1.0,6.123233995736766e-17,0.970941817426052,0.23931566428755804
6,2010-03-26,81.84,4.134,208.653,8.899,2010,3,12,85,1,1.0,6.123233995736766e-17,0.992708874098054,0.120536680255323
6,2010-04-02,72.67,3.888,210.943,9.612,2010,4,13,92,2,0.8660254037844387,-0.4999999999999998,1.0,-1.6081226496766366e-16
6,2010-04-09,72.32,3.896,207.775,10.523,2010,4,14,99,2,0.8660254037844387,-0.4999999999999998,0.992708874098054,-0.12053668025532288
6,2010-04-16,79.73,3.433,208.929,9.757,2010,4,15,106,2,0.8660254037844387,-0.4999999999999998,0.9709418174260521,-0.2393156642875575
6,2010-04-23,66.64,4.03,211.268,10.022,2010,4,16,113,2,0.8660254037844387,-0.4999999999999998,0.9350162426854148,-0.35460488704253545
6,2010-04-30,76.19,3.866,214.069,10.044,2010,4,17,120,2,0.8660254037844387,-0.4999999999999998,0.8854560256532099,-0.4647231720437685
6,2010-05-07,75.94,3.598,211.301,9.949,2010,5,18,127,2,0.49999999999999994,-0.8660254037844387,0.8229838658936565,-0.5680647467311557
6,2010-05-14,62.93,3.577,211.542,9.524,2010,5,19,134,2,0.49999999999999994,-0.8660254037844387,0.7485107481711013,-0.663122658240795
6,2010-05-21,64.98,3.575,210.698,9.68,2010,5,20,141,2,0.49999999999999994,-0.8660254037844387,0.6631226582407952,-0.7485107481711012
6,2010-05-28,63.97,3.345,209.794,9.443,2010,5,21,148,2,0.49999999999999994,-0.8660254037844387,0.5680647467311558,-0.8229838658936564
6,2010-06-04,63.68,3.108,210.611,8.983,2010,6,22,155,2,1.2246467991473532e-16,-1.0,0.46472317204376906,-0.8854560256532096
6,2010-06-11,53.6,3.071,209.076,9.068,2010,6,23,162,2,1.2246467991473532e-16,-1.0,0.35460488704253584,-0.9350162426854147
6,2010-06-18,44.19,3.048,210.969,8.748,2010,6,24,169,2,1.2246467991473532e-16,-1.0,0.23931566428755768,-0.970941817426052
6,2010-06-25,50.6,2.452,208.641,8.837,2010,6,25,176,2,1.2246467991473532e-16,-1.0,0.12053668025532308,-0.992708874098054
6,2010-07-02,45.08,2.537,209.356,8.14,2010,7,26,183,3,-0.4999999999999997,-0.8660254037844388,-3.216245299353273e-16,-1.0
6,2010-07-09,46.81,2.151,209.388,7.587,2010,7,27,190,3,-0.4999999999999997,-0.8660254037844388,-0.12053668025532283,-0.992708874098054
6,2010-07-16,37.67,1.93,211.116,7.784,2010,7,28,197,3,-0.4999999999999997,-0.8660254037844388,-0.23931566428755743,-0.9709418174260521
6,2010-07-23,36.51,2.256,207.995,7.102,2010,7,29,204,3,-0.4999999999999997,-0.8660254037844388,-0.3546048870425356,-0.9350162426854148
6,2010-07-30,23.44,1.898,208.632,7.486,2010,7,30,211,3,-0.4999999999999997,-0.8660254037844388,-0.46472317204376806,-0.8854560256532101
6,2010-08-06,26.83,2.044,212.198,7.35,2010,8,31,218,3,-0.8660254037844385,-0.5000000000000004,-0.5680647467311556,-0.8229838658936566
6,2010-08-13,19.64,1.713,215.644,6.188,2010,8,32,225,3,-0.8660254037844385,-0.5000000000000004,-0.663122658240795,-0.7485107481711013
6,2010-08-20,20.53,1.113,210.689,5.529,2010,8,33,232,3,-0.8660254037844385,-0.5000000000000004,-0.7485107481711011,-0.6631226582407952
6,2010-08-27,15.67,1.301,210.523,7.133,2010,8,34,239,3,-0.8660254037844385,-0.5000000000000004,-0.8229838658936564,-0.5680647467311559
6,2010-09-03,17.48,1.168,211.81,5.674,2010,9,35,246,3,-1.0,-1.8369701987210297e-16,-0.8854560256532096,-0.4647231720437691
6,2010-09-10,13.32,1.247,213.796,5.464,2010,9,36,253,3,-1.0,-1.8369701987210297e-16,-0.9350162426854147,-0.3546048870425359
6,2010-09-17,14.9,1.041,208.991,6.29,2010,9,37,260,3,-1.0,-1.8369701987210297e-16,-0.970941817426052,-0.23931566428755774
6,2010-09-24,11.87,0.972,209.995,5.896,2010,9,38,267,3,-1.0,-1.8369701987210297e-16,-0.992708874098054,-0.12053668025532357
6,2010-10-01,15.09,0.716,206.674,5.76,2010,10,39,274,4,-0.8660254037844386,0.5000000000000001,-1.0,-1.8369701987210297e-16
6,2010-10-08,23.52,0.593,211.383,6.696,2010,10,40,281,4,-0.8660254037844386,0.5000000000000001,-0.992708874098054,0.1205366802553232
6,2010-10-15,21.1,0.905,212.149,6.099,2010,10,41,288,4,-0.8660254037844386,0.5000000000000001,-0.9709418174260521,0.23931566428755738
6,2010-10-22,6.2,1.085,207.569,6.606,2010,10,42,295,4,-0.8660254037844386,0.5000000000000001,-0.9350162426854148,0.35460488704253557
6,2010-10-29,23.69,1.008,208.354,5.636,2010,10,43,302,4,-0.8660254037844386,0.5000000000000001,-0.8854560256532101,0.464723172043768
6,2010-11-05,28.75,0.924,209.131,6.199,2010,11,44,309,4,-0.5000000000000004,0.8660254037844384,-0.822983865893657,0.5680647467311548
6,2010-11-12,17.64,1.497,211.536,7.012,2010,11,45,316,4,-0.5000000000000004,0.8660254037844384,-0.7485107481711011,0.6631226582407952
6,2010-11-19,24.63,1.299,210.688,7.233,2010,11,46,323,4,-0.5000000000000004,0.8660254037844384,-0.6631226582407955,0.7485107481711007
6,2010-11-26,31.35,1.557,211.6,7.304,2010,11,47,330,4,-0.5000000000000004,0.8660254037844384,-0.5680647467311559,0.8229838658936564
6,2010-12-03,27.73,1.8,204.961,6.591,2010,12,48,337,4,-2.4492935982947064e-16,1.0,-0.4647231720437684,0.88545602565321
6,2010-12-10,32.89,1.75,208.155,7.665,2010,12,49,344,4,-2.4492935982947064e-16,1.0,-0.35460488704253595,0.9350162426854147
6,2010-12-17,40.4,2.255,212.07,7.323,2010,12,50,351,4,-2.4492935982947064e-16,1.0,-0.2393156642875578,0.970941817426052
6,2010-12-24,48.01,2.39,212.35,7.935,2010,12,51,358,4,-2.4492935982947064e-16,1.0,-0.12053668025532363,0.992708874098054
6,2010-12-31,39.96,2.515,210.194,6.786,2010,12,52,365,4,-2.4492935982947064e-16,1.0,6.432490598706546e-16,1.0
6,2011-01-07,53.08,2.659,218.3,8.828,2011,1,1,7,1,0.49999999999999994,0.8660254037844387,0.12053668025532305,0.992708874098054
6,2011-01-14,54.04,2.534,213.225,8.007,2011,1,2,14,1,0.49999999999999994,0.8660254037844387,0.23931566428755774,0.970941817426052
6,2011-01-21,50.7,2.924,215.741,9.274,2011,1,3,21,1,0.49999999999999994,0.8660254037844387,0.3546048870425356,0.9350162426854148
6,2011-01-28,60.11,3.582,213.205,8.698,2011,1,4,28,1,0.49999999999999994,0.8660254037844387,0.4647231720437685,0.8854560256532099
6,2011-02-04,64.47,3.239,214.077,9.585,2011,2,5,35,1,0.8660254037844386,0.5000000000000001,0.5680647467311558,0.8229838658936564
6,2011-02-11,63.51,3.425,214.072,9.127,2011,2,6,42,1,0.8660254037844386,0.5000000000000001,0.6631226582407952,0.7485107481711011
6,2011-02-18,67.88,3.81,213.026,9.779,2011,2,7,49,1,0.8660254037844386,0.5000000000000001,0.7485107481711011,0.6631226582407953
6,2011-02-25,72.73,4.383,216.458,10.164,2011,2,8,56,1,0.8660254037844386,0.5000000000000001,0.8229838658936564,0.5680647467311559
6,2011-03-04,64.85,3.89,213.666,9.829,2011,3,9,63,1,1.0,6.123233995736766e-17,0.8854560256532099,0.4647231720437686
6,2011-03-11,82.74,3.936,216.438,10.083,2011,3,10,70,1,1.0,6.123233995736766e-17,0.9350162426854148,0.35460488704253557
6,2011-03-18,71.09,3.918,213.073,10.068,2011,3,11,77,1,1.0,6.123233995736766e-17,0.970941817426052,0.23931566428755804
6,2011-03-25,70.17,3.64,214.089,9.485,2011,3,12,84,1,1.0,6.123233995736766e-17,0.992708874098054,0.120536680255323
6,2011-04-01,73.49,3.945,216.071,9.689,2011,4,13,91,2,0.8660254037844387,-0.4999999999999998,1.0,-1.6081226496766366e-16
6,2011-04-08,75.03,3.838,217.577,9.337,2011,4,14,98,2,0.8660254037844387,-0.4999999999999998,0.992708874098054,-0.12053668025532288
6,2011-04-15,69.94,4.087,217.93,10.083,2011,4,15,105,2,0.8660254037844387,-0.4999999999999998,0.9709418174260521,-0.2393156642875575
6,2011-04-22,67.25,3.909,217.251,10.238,2011,4,16,112,2,0.8660254037844387,-0.4999999999999998,0.9350162426854148,-0.35460488704253545
6,2011-04-29,76.82,3.756,211.877,10.15,2011,4,17,119,2,0.8660254037844387,-0.4999999999999998,0.8854560256532099,-0.4647231720437685
6,2011-05-06,65.81,3.779,212.09,8.674,2011,5,18,126,2,0.49999999999999994,-0.8660254037844387,0.8229838658936565,-0.5680647467311557
6,2011-05-13,66.46,3.978,213.165,9.768,2011,5,19,133,2,0.49999999999999994,-0.8660254037844387,0.7485107481711013,-0.663122658240795
6,2011-05-20,60.23,3.52,210.462,9.671,2011,5,20,140,2,0.49999999999999994,-0.8660254037844387,0.6631226582407952,-0.7485107481711012
6,2011-05-27,60.38,3.556,216.747,8.986,2011,5,21,147,2,0.49999999999999994,-0.8660254037844387,0.5680647467311558,-0.8229838658936564
6,2011-06-03,66.07,3.104,211.423,9.72,2011,6,22,154,2,1.2246467991473532e-16,-1.0,0.46472317204376906,-0.8854560256532096
6,2011-06-10,54.02,3.22,214.092,8.781,2011,6,23,161,2,1.2246467991473532e-16,-1.0,0.35460488704253584,-0.9350162426854147
6,2011-06-17,57.64,3.158,213.906,9.024,2011,6,24,168,2,1.2246467991473532e-16,-1.0,0.23931566428755768,-0.970941817426052
6,2011-06-24,39.6,2.556,216.619,9.426,2011,6,25,175,2,1.2246467991473532e-16,-1.0,0.12053668025532308,-0.992708874098054
6,2011-07-01,51.34,2.567,218.467,7.466,2011,7,26,182,3,-0.4999999999999997,-0.8660254037844388,-3.216245299353273e-16,-1.0
6,2011-07-08,41.77,2.047,217.815,6.638,2011,7,27,189,3,-0.4999999999999997,-0.8660254037844388,-0.12053668025532283,-0.992708874098054
6,2011-07-15,38.45,2.152,212.665,7.434,2011,7,28,196,3,-0.4999999999999997,-0.8660254037844388,-0.23931566428755743,-0.9709418174260521
6,2011-07-22,30.12,2.173,211.984,7.607,2011,7,29,203,3,-0.4999999999999997,-0.8660254037844388,-0.3546048870425356,-0.9350162426854148
6,2011-07-29,24.99,1.734,215.179,6.802,2011,7,30,210,3,-0.4999999999999997,-0.8660254037844388,-0.46472317204376806,-0.8854560256532101
6,2011-08-05,32.0,1.36,214.265,7.067,2011,8,31,217,3,-0.8660254037844385,-0.5000000000000004,-0.5680647467311556,-0.8229838658936566
6,2011-08-12,19.93,1.757,215.003,6.996,2011,8,32,224,3,-0.8660254037844385,-0.5000000000000004,-0.663122658240795,-0.7485107481711013
6,2011-08-19,21.83,1.624,219.07,7.129,2011,8,33,231,3,-0.8660254037844385,-0.5000000000000004,-0.7485107481711011,-0.6631226582407952
6,2011-08-26,20.73,1.155,215.89,6.761,2011,8,34,238,3,-0.8660254037844385,-0.5000000000000004,-0.8229838658936564,-0.5680647467311559
6,2011-09-02,18.1,1.602,213.093,6.52,2011,9,35,245,3,-1.0,-1.8369701987210297e-16,-0.8854560256532096,-0.4647231720437691
6,2011-09-09,14.02,1.163,213.745,6.009,2011,9,36,252,3,-1.0,-1.8369701987210297e-16,-0.9350162426854147,-0.3546048870425359
6,2011-09-16,17.99,1.088,216.652,6.527,2011,9,37,259,3,-1.0,-1.8369701987210297e-16,-0.970941817426052,-0.23931566428755774
6,2011-09-23,18.53,0.634,213.805,5.655,2011,9,38,266,3,-1.0,-1.8369701987210297e-16,-0.992708874098054,-0.12053668025532357
6,2011-09-30,18.19,1.157,212.083,5.56,2011,9,39,273,3,-1.0,-1.8369701987210297e-16,-1.0,-1.8369701987210297e-16
6,2011-10-07,15.58,1.149,217.545,5.476,2011,10,40,280,4,-0.8660254037844386,0.5000000000000001,-0.992708874098054,0.1205366802553232
6,2011-10-14,8.9,0.795,215.861,5.907,2011,10,41,287,4,-0.8660254037844386,0.5000000000000001,-0.9709418174260521,0.23931566428755738
6,2011-10-21,24.72,1.361,216.424,6.532,2011,10,42,294,4,-0.8660254037844386,0.5000000000000001,-0.9350162426854148,0.35460488704253557
6,2011-10-28,21.42,1.134,214.614,5.825,2011,10,43,301,4,-0.8660254037844386,0.5000000000000001,-0.8854560256532101,0.464723172043768
6,2011-11-04,11.83,1.244,217.485,7.383,2011,11,44,308,4,-0.5000000000000004,0.8660254037844384,-0.822983865893657,0.5680647467311548
6,2011-11-11,19.77,1.077,217.681,7.081,2011,11,45,315,4,-0.5000000000000004,0.8660254037844384,-0.7485107481711011,0.6631226582407952
6,2011-11-18,21.52,1.612,216.762,6.595,2011,11,46,322,4,-0.5000000000000004,0.8660254037844384,-0.6631226582407955,0.7485107481711007
6,2011-11-25,28.66,1.728,212.258,7.831,2011,11,47,329,4,-0.5000000000000004,0.8660254037844384,-0.5680647467311559,0.8229838658936564
6,2011-12-02,24.24,1.655,213.097,7.09,2011,12,48,336,4,-2.4492935982947064e-16,1.0,-0.4647231720437684,0.88545602565321
6,2011-12-09,33.0,2.121,215.012,8.184,2011,12,49,343,4,-2.4492935982947064e-16,1.0,-0.35460488704253595,0.9350162426854147
6,2011-12-16,36.85,2.165,216.63,7.653,2011,12,50,350,4,-2.4492935982947064e-16,1.0,-0.2393156642875578,0.970941817426052
6,2011-12-23,39.29,2.403,216.228,8.062,2011,12,51,357,4,-2.4492935982947064e-16,1.0,-0.12053668025532363,0.992708874098054
6,2011-12-30,54.86,2.482,217.171,7.981,2011,12,52,364,4,-2.4492935982947064e-16,1.0,6.432490598706546e-16,1.0
6,2012-01-06,46.02,2.521,214.785,8.163,2012,1,1,6,1,0.49999999999999994,0.8660254037844387,0.12053668025532305,0.992708874098054
6,2012-01-13,56.02,2.982,218.684,8.477,2012,1,2,13,1,0.49999999999999994,0.8660254037844387,0.23931566428755774,0.970941817426052
6,2012-01-20,65.73,2.976,222.411,8.565,2012,1,3,20,1,0.49999999999999994,0.8660254037844387,0.3546048870425356,0.9350162426854148
6,2012-01-27,53.88,2.991,216.263,8.566,2012,1,4,27,1,0.49999999999999994,0.8660254037844387,0.4647231720437685,0.8854560256532099
6,2012-02-03,64.54,2.951,219.938,8.47,2012,2,5,34,1,0.8660254037844386,0.5000000000000001,0.5680647467311558,0.8229838658936564
6,2012-02-10,63.05,3.428,220.934,9.833,2012,2,6,41,1,0.8660254037844386,0.5000000000000001,0.6631226582407952,0.7485107481711011
6,2012-02-17,63.9,3.273,218.696,10.133,2012,2,7,48,1,0.8660254037844386,0.5000000000000001,0.7485107481711011,0.6631226582407953
6,2012-02-24,76.48,3.77,220.328,9.13,2012,2,8,55,1,0.8660254037844386,0.5000000000000001,0.8229838658936564,0.5680647467311559
6,2012-03-02,69.61,3.542,220.596,9.827,2012,3,9,62,1,1.0,6.123233995736766e-17,0.8854560256532099,0.4647231720437686
6,2012-03-09,80.15,3.582,218.623,10.104,2012,3,10,69,1,1.0,6.123233995736766e-17,0.9350162426854148,0.35460488704253557
6,2012-03-16,75.66,3.9,222.972,9.818,2012,3,11,76,1,1.0,6.123233995736766e-17,0.970941817426052,0.23931566428755804
6,2012-03-23,66.55,3.788,219.858,10.66,2012,3,12,83,1,1.0,6.123233995736766e-17,0.992708874098054,0.120536680255323
6,2012-03-30,63.49,4.07,220.836,9.849,2012,3,13,90,1,1.0,6.123233995736766e-17,1.0,-1.6081226496766366e-16
6,2012-04-06,76.7,4.174,221.142,9.961,2012,4,14,97,2,0.8660254037844387,-0.4999999999999998,0.992708874098054,-0.12053668025532288
6,2012-04-13,80.4,3.879,222.213,10.276,2012,4,15,104,2,0.8660254037844387,-0.4999999999999998,0.9709418174260521,-0.2393156642875575
6,2012-04-20,71.06,4.035,220.208,9.309,2012,4,16,111,2,0.8660254037844387,-0.4999999999999998,0.9350162426854148,-0.35460488704253545
6,2012-04-27,82.35,3.862,221.321,8.996,2012,4,17,118,2,0.8660254037844387,-0.4999999999999998,0.8854560256532099,-0.4647231720437685
6,2012-05-04,75.58,3.484,222.053,9.219,2012,5,18,125,2,0.49999999999999994,-0.8660254037844387,0.8229838658936565,-0.5680647467311557
6,2012-05-11,60.75,3.795,223.432,9.76,2012,5,19,132,2,0.49999999999999994,-0.8660254037844387,0.7485107481711013,-0.663122658240795
6,2012-05-18,59.16,3.472,215.707,9.392,2012,5,20,139,2,0.49999999999999994,-0.8660254037844387,0.6631226582407952,-0.7485107481711012
6,2012-05-25,60.61,3.366,218.124,8.945,2012,5,21,146,2,0.49999999999999994,-0.8660254037844387,0.5680647467311558,-0.8229838658936564
6,2012-06-01,58.32,3.492,221.41,8.318,2012,6,22,153,2,1.2246467991473532e-16,-1.0,0.46472317204376906,-0.8854560256532096
6,2012-06-08,53.83,2.998,218.083,8.704,2012,6,23,160,2,1.2246467991473532e-16,-1.0,0.35460488704253584,-0.9350162426854147
6,2012-06-15,52.39,2.783,218.669,8.71,2012,6,24,167,2,1.2246467991473532e-16,-1.0,0.23931566428755768,-0.970941817426052
6,2012-06-22,52.32,2.759,221.71,7.723,2012,6,25,174,2,1.2246467991473532e-16,-1.0,0.12053668025532308,-0.992708874098054
6,2012-06-29,59.2,2.369,217.757,7.792,2012,6,26,181,2,1.2246467991473532e-16,-1.0,-3.216245299353273e-16,-1.0
6,2012-07-06,39.47,2.8,221.601,8.124,2012,7,27,188,3,-0.4999999999999997,-0.8660254037844388,-0.12053668025532283,-0.992708874098054
6,2012-07-13,43.05,1.911,220.727,7.428,2012,7,28,195,3,-0.4999999999999997,-0.8660254037844388,-0.23931566428755743,-0.9709418174260521
6,2012-07-20,35.47,2.057,219.369,7.14,2012,7,29,202,3,-0.4999999999999997,-0.8660254037844388,-0.3546048870425356,-0.9350162426854148
6,2012-07-27,40.79,1.705,217.336,7.015,2012,7,30,209,3,-0.4999999999999997,-0.8660254037844388,-0.46472317204376806,-0.8854560256532101
6,2012-08-03,33.59,1.667,219.756,7.081,2012,8,31,216,3,-0.8660254037844385,-0.5000000000000004,-0.5680647467311556,-0.8229838658936566
6,2012-08-10,27.04,1.418,221.798,6.327,2012,8,32,223,3,-0.8660254037844385,-0.5000000000000004,-0.663122658240795,-0.7485107481711013
6,2012-08-17,25.67,1.304,223.206,7.089,2012,8,33,230,3,-0.8660254037844385,-0.5000000000000004,-0.7485107481711011,-0.6631226582407952
6,2012-08-24,25.1,1.43,217.134,6.544,2012,8,34,237,3,-0.8660254037844385,-0.5000000000000004,-0.8229838658936564,-0.5680647467311559
6,2012-08-31,23.21,1.094,223.613,5.681,2012,8,35,244,3,-0.8660254037844385,-0.5000000000000004,-0.8854560256532096,-0.4647231720437691
6,2012-09-07,10.87,0.978,220.571,5.967,2012,9,36,251,3,-1.0,-1.8369701987210297e-16,-0.9350162426854147,-0.3546048870425359
6,2012-09-14,15.36,0.5,222.465,5.361,2012,9,37,258,3,-1.0,-1.8369701987210297e-16,-0.970941817426052,-0.23931566428755774
6,2012-09-21,14.62,0.717,218.894,6.147,2012,9,38,265,3,-1.0,-1.8369701987210297e-16,-0.992708874098054,-0.12053668025532357
6,2012-09-28,20.78,0.688,219.484,7.244,2012,9,39,272,3,-1.0,-1.8369701987210297e-16,-1.0,-1.8369701987210297e-16
6,2012-10-05,18.3,0.881,220.689,4.909,2012,10,40,279,4,-0.8660254037844386,0.5000000000000001,-0.992708874098054,0.1205366802553232
6,2012-10-12,28.45,1.229,220.911,6.536,2012,10,41,286,4,-0.8660254037844386,0.5000000000000001,-0.9709418174260521,0.23931566428755738
6,2012-10-19,27.56,0.823,218.88,6.323,2012,10,42,293,4,-0.8660254037844386,0.5000000000000001,-0.9350162426854148,0.35460488704253557
6,2012-10-26,14.92,1.283,220.05,6.992,2012,10,43,300,4,-0.8660254037844386,0.5000000000000001,-0.8854560256532101,0.464723172043768
7,2010-02-05,67.18,3.334,208.433,9.511,2010,2,5,36,1,0.8660254037844386,0.5000000000000001,0.5680647467311558,0.8229838658936564
7,2010-02-12,73.25,3.451,208.808,10.281,2010,2,6,43,1,0.8660254037844386,0.5000000000000001,0.6631226582407952,0.7485107481711011
7,2010-02-19,73.65,3.786,210.191,8.421,2010,2,7,50,1,0.8660254037844386,0.5000000000000001,0.7485107481711011,0.6631226582407953
7,2010-02-26,62.18,3.6,212.369,9.819,2010,2,8,57,1,0.8660254037844386,0.5000000000000001,0.8229838658936564,0.5680647467311559
7,2010-03-05,68.47,4.233,209.382,9.709,2010,3,9,64,1,1.0,6.123233995736766e-17,0.8854560256532099,0.4647231720437686
7,2010-03-12,73.35,3.861,214.193,9.796,2010,3,10,71,1,1.0,6.123233995736766e-17,0.9350162426854148,0.35460488704253557
7,2010-03-19,70.1,3.501,211.322,9.708,2010,3,11,78,1,1.0,6.123233995736766e-17,0.970941817426052,0.23931566428755804
7,2010-03-26,67.89,3.681,210.571,10.263,2010,3,12,85,1,1.0,6.123233995736766e-17,0.992708874098054,0.120536680255323
7,2010-04-02,69.45,4.321,211.995,10.334,2010,4,13,92,2,0.8660254037844387,-0.4999999999999998,1.0,-1.6081226496766366e-16
7,2010-04-09,68.79,3.919,212.745,9.972,2010,4,14,99,2,0.8660254037844387,-0.4999999999999998,0.992708874098054,-0.12053668025532288
7,2010-04-16,73.27,4.182,209.16,9.542,2010,4,15,106,2,0.8660254037844387,-0.4999999999999998,0.9709418174260521,-0.2393156642875575
7,2010-04-23,67.36,3.994,211.704,9.532,2010,4,16,113,2,0.8660254037844387,-0.4999999999999998,0.9350162426854148,-0.35460488704253545
7,2010-04-30,71.87,3.687,208.313,9.968,2010,4,17,120,2,0.8660254037844387,-0.4999999999999998,0.8854560256532099,-0.4647231720437685
7,2010-05-07,72.41,3.823,209.432,10.289,2010,5,18,127,2,0.49999999999999994,-0.8660254037844387,0.8229838658936565,-0.5680647467311557
7,2010-05-14,69.52,3.346,210.341,9.434,2010,5,19,134,2,0.49999999999999994,-0.8660254037844387,0.7485107481711013,-0.663122658240795
7,2010-05-21,66.55,3.548,210.314,9.295,2010,5,20,141,2,0.49999999999999994,-0.8660254037844387,0.6631226582407952,-0.7485107481711012
7,2010-05-28,60.6,3.891,206.472,8.169,2010,5,21,148,2,0.49999999999999994,-0.8660254037844387,0.5680647467311558,-0.8229838658936564
7,2010-06-04,51.27,3.133,209.108,9.183,2010,6,22,155,2,1.2246467991473532e-16,-1.0,0.46472317204376906,-0.8854560256532096
7,2010-06-11,62.31,2.691,208.678,8.992,2010,6,23,162,2,1.2246467991473532e-16,-1.0,0.35460488704253584,-0.9350162426854147
7,2010-06-18,57.27,2.76,211.447,8.367,2010,6,24,169,2,1.2246467991473532e-16,-1.0,0.23931566428755768,-0.970941817426052
7,2010-06-25,45.3,2.467,212.975,9.121,2010,6,25,176,2,1.2246467991473532e-16,-1.0,0.12053668025532308,-0.992708874098054
7,2010-07-02,40.13,2.148,210.312,7.407,2010,7,26,183,3,-0.4999999999999997,-0.8660254037844388,-3.216245299353273e-16,-1.0
7,2010-07-09,41.84,2.298,210.459,8.164,2010,7,27,190,3,-0.4999999999999997,-0.8660254037844388,-0.12053668025532283,-0.992708874098054
7,2010-07-16,43.97,2.267,214.276,7.458,2010,7,28,197,3,-0.4999999999999997,-0.8660254037844388,-0.23931566428755743,-0.9709418174260521
7,2010-07-23,29.09,2.162,209.949,6.939,2010,7,29,204,3,-0.4999999999999997,-0.8660254037844388,-0.3546048870425356,-0.9350162426854148
7,2010-07-30,29.8,1.93,207.032,6.822,2010,7,30,211,3,-0.4999999999999997,-0.8660254037844388,-0.46472317204376806,-0.8854560256532101
7,2010-08-06,30.26,1.573,205.907,7.634,2010,8,31,218,3,-0.8660254037844385,-0.5000000000000004,-0.5680647467311556,-0.8229838658936566
7,2010-08-13,23.71,1.472,210.382,6.826,2010,8,32,225,3,-0.8660254037844385,-0.5000000000000004,-0.663122658240795,-0.7485107481711013
7,2010-08-20,9.62,1.455,209.091,5.241,2010,8,33,232,3,-0.8660254037844385,-0.5000000000000004,-0.7485107481711011,-0.6631226582407952
7,2010-08-27,18.29,1.289,213.236,6.028,2010,8,34,239,3,-0.8660254037844385,-0.5000000000000004,-0.8229838658936564,-0.5680647467311559
7,2010-09-03,23.39,1.382,211.762,7.181,2010,9,35,246,3,-1.0,-1.8369701987210297e-16,-0.8854560256532096,-0.4647231720437691
7,2010-09-10,11.88,0.949,207.386,6.066,2010,9,36,253,3,-1.0,-1.8369701987210297e-16,-0.9350162426854147,-0.3546048870425359
7,2010-09-17,14.22,1.122,211.83,6.063,2010,9,37,260,3,-1.0,-1.8369701987210297e-16,-0.970941817426052,-0.23931566428755774
7,2010-09-24,11.88,1.101,205.298,6.062,2010,9,38,267,3,-1.0,-1.8369701987210297e-16,-0.992708874098054,-0.12053668025532357
7,2010-10-01,26.99,1.333,208.805,6.287,2010,10,39,274,4,-0.8660254037844386,0.5000000000000001,-1.0,-1.8369701987210297e-16
7,2010-10-08,9.42,0.991,210.389,6.627,2010,10,40,281,4,-0.8660254037844386,0.5000000000000001,-0.992708874098054,0.1205366802553232
7,2010-10-15,11.33,0.716,213.524,5.726,2010,10,41,288,4,-0.8660254037844386,0.5000000000000001,-0.9709418174260521,0.23931566428755738
7,2010-10-22,16.9,0.784,209.142,6.714,2010,10,42,295,4,-0.8660254037844386,0.5000000000000001,-0.9350162426854148,0.35460488704253557
7,2010-10-29,22.72,1.09,210.933,6.634,2010,10,43,302,4,-0.8660254037844386,0.5000000000000001,-0.8854560256532101,0.464723172043768
7,2010-11-05,12.21,1.086,210.582,6.791,2010,11,44,309,4,-0.5000000000000004,0.8660254037844384,-0.822983865893657,0.5680647467311548
7,2010-11-12,24.04,1.456,209.225,7.663,2010,11,45,316,4,-0.5000000000000004,0.8660254037844384,-0.7485107481711011,0.6631226582407952
7,2010-11-19,23.29,1.288,209.464,6.797,2010,11,46,323,4,-0.5000000000000004,0.8660254037844384,-0.6631226582407955,0.7485107481711007
7,2010-11-26,33.37,1.718,208.804,7.1,2010,11,47,330,4,-0.5000000000000004,0.8660254037844384,-0.5680647467311559,0.8229838658936564
7,2010-12-03,34.63,1.775,210.463,7.068,2010,12,48,337,4,-2.4492935982947064e-16,1.0,-0.4647231720437684,0.88545602565321
7,2010-12-10,30.25,2.25,212.341,7.469,2010,12,49,344,4,-2.4492935982947064e-16,1.0,-0.35460488704253595,0.9350162426854147
7,2010-12-17,35.49,2.217,208.101,7.673,2010,12,50,351,4,-2.4492935982947064e-16,1.0,-0.2393156642875578,0.970941817426052
7,2010-12-24,43.48,2.403,210.388,7.715,2010,12,51,358,4,-2.4492935982947064e-16,1.0,-0.12053668025532363,0.992708874098054
7,2010-12-31,48.84,2.295,209.988,7.753,2010,12,52,365,4,-2.4492935982947064e-16,1.0,6.432490598706546e-16,1.0
7,2011-01-07,38.65,2.915,213.054,8.718,2011,1,1,7,1,0.49999999999999994,0.8660254037844387,0.12053668025532305,0.992708874098054
7,2011-01-14,50.17,2.888,209.678,8.756,2011,1,2,14,1,0.49999999999999994,0.8660254037844387,0.23931566428755774,0.970941817426052
7,2011-01-21,52.51,2.92,215.121,8.397,2011,1,3,21,1,0.49999999999999994,0.8660254037844387,0.3546048870425356,0.9350162426854148
7,2011-01-28,55.76,3.432,215.223,8.775,2011,1,4,28,1,0.49999999999999994,0.8660254037844387,0.4647231720437685,0.8854560256532099
7,2011-02-04,58.3,3.264,215.591,9.157,2011,2,5,35,1,0.8660254037844386,0.5000000000000001,0.5680647467311558,0.8229838658936564
7,2011-02-11,68.17,3.218,215.635,9.03,2011,2,6,42,1,0.8660254037844386,0.5000000000000001,0.6631226582407952,0.7485107481711011
7,2011-02-18,69.28,3.573,210.267,9.392,2011,2,7,49,1,0.8660254037844386,0.5000000000000001,0.7485107481711011,0.6631226582407953
7,2011-02-25,74.52,3.714,215.911,9.215,2011,2,8,56,1,0.8660254037844386,0.5000000000000001,0.8229838658936564,0.5680647467311559
7,2011-03-04,70.87,3.604,215.342,9.92,2011,3,9,63,1,1.0,6.123233995736766e-17,0.8854560256532099,0.4647231720437686
7,2011-03-11,73.54,4.018,214.696,10.739,2011,3,10,70,1,1.0,6.123233995736766e-17,0.9350162426854148,0.35460488704253557
7,2011-03-18,72.42,3.814,215.312,8.501,2011,3,11,77,1,1.0,6.123233995736766e-17,0.970941817426052,0.23931566428755804
7,2011-03-25,78.77,3.886,217.932,9.614,2011,3,12,84,1,1.0,6.123233995736766e-17,0.992708874098054,0.120536680255323
7,2011-04-01,78.85,4.107,216.154,8.734,2011,4,13,91,2,0.8660254037844387,-0.4999999999999998,1.0,-1.6081226496766366e-16
7,2011-04-08,67.96,4.002,216.432,10.144,2011,4,14,98,2,0.8660254037844387,-0.4999999999999998,0.992708874098054,-0.12053668025532288
7,2011-04-15,67.36,3.848,215.096,9.795,2011,4,15,105,2,0.8660254037844387,-0.4999999999999998,0.9709418174260521,-0.2393156642875575
7,2011-04-22,74.35,3.511,217.071,10.221,2011,4,16,112,2,0.8660254037844387,-0.4999999999999998,0.9350162426854148,-0.35460488704253545
7,2011-04-29,74.7,3.862,213.993,9.71,2011,4,17,119,2,0.8660254037844387,-0.4999999999999998,0.8854560256532099,-0.4647231720437685
7,2011-05-06,69.84,3.284,210.256,10.001,2011,5,18,126,2,0.49999999999999994,-0.8660254037844387,0.8229838658936565,-0.5680647467311557
7,2011-05-13,61.41,3.518,211.613,8.854,2011,5,19,133,2,0.49999999999999994,-0.8660254037844387,0.7485107481711013,-0.663122658240795
7,2011-05-20,63.24,3.742,213.69,9.67,2011,5,20,140,2,0.49999999999999994,-0.8660254037844387,0.6631226582407952,-0.7485107481711012
7,2011-05-27,65.79,3.22,217.658,9.641,2011,5,21,147,2,0.49999999999999994,-0.8660254037844387,0.5680647467311558,-0.8229838658936564
7,2011-06-03,58.25,3.284,213.977,9.123,2011,6,22,154,2,1.2246467991473532e-16,-1.0,0.46472317204376906,-0.8854560256532096
7,2011-06-10,58.68,3.271,214.118,9.255,2011,6,23,161,2,1.2246467991473532e-16,-1.0,0.35460488704253584,-0.9350162426854147
7,2011-06-17,50.54,2.889,216.76,8.069,2011,6,24,168,2,1.2246467991473532e-16,-1.0,0.23931566428755768,-0.970941817426052
7,2011-06-24,46.46,2.902,216.466,7.9,2011,6,25,175,2,1.2246467991473532e-16,-1.0,0.12053668025532308,-0.992708874098054
7,2011-07-01,47.34,2.526,214.103,7.624,2011,7,26,182,3,-0.4999999999999997,-0.8660254037844388,-3.216245299353273e-16,-1.0
7,2011-07-08,35.82,2.345,216.356,6.662,2011,7,27,189,3,-0.4999999999999997,-0.8660254037844388,-0.12053668025532283,-0.992708874098054
7,2011-07-15,41.66,2.439,214.799,6.73,2011,7,28,196,3,-0.4999999999999997,-0.8660254037844388,-0.23931566428755743,-0.9709418174260521
7,2011-07-22,37.96,1.916,214.624,8.22,2011,7,29,203,3,-0.4999999999999997,-0.8660254037844388,-0.3546048870425356,-0.9350162426854148
7,2011-07-29,22.58,1.918,216.17,6.875,2011,7,30,210,3,-0.4999999999999997,-0.8660254037844388,-0.46472317204376806,-0.8854560256532101
7,2011-08-05,37.03,1.558,216.816,6.369,2011,8,31,217,3,-0.8660254037844385,-0.5000000000000004,-0.5680647467311556,-0.8229838658936566
7,2011-08-12,26.91,1.492,215.769,6.942,2011,8,32,224,3,-0.8660254037844385,-0.5000000000000004,-0.663122658240795,-0.7485107481711013
7,2011-08-19,20.05,1.335,214.708,6.066,2011,8,33,231,3,-0.8660254037844385,-0.5000000000000004,-0.7485107481711011,-0.6631226582407952
7,2011-08-26,29.48,1.457,212.642,6.529,2011,8,34,238,3,-0.8660254037844385,-0.5000000000000004,-0.8229838658936564,-0.5680647467311559
7,2011-09-02,22.43,1.06,211.748,5.892,2011,9,35,245,3,-1.0,-1.8369701987210297e-16,-0.8854560256532096,-0.4647231720437691
7,2011-09-09,17.7,1.262,215.247,5.675,2011,9,36,252,3,-1.0,-1.8369701987210297e-16,-0.9350162426854147,-0.3546048870425359
7,2011-09-16,20.1,1.096,215.017,6.696,2011,9,37,259,3,-1.0,-1.8369701987210297e-16,-0.970941817426052,-0.23931566428755774
7,2011-09-23,20.86,0.883,216.789,6.791,2011,9,38,266,3,-1.0,-1.8369701987210297e-16,-0.992708874098054,-0.12053668025532357
7,2011-09-30,10.95,1.158,214.163,5.412,2011,9,39,273,3,-1.0,-1.8369701987210297e-16,-1.0,-1.8369701987210297e-16
7,2011-10-07,19.62,0.965,216.615,5.866,2011,10,40,280,4,-0.8660254037844386,0.5000000000000001,-0.992708874098054,0.1205366802553232
7,2011-10-14,15.72,0.932,213.276,6.144,2011,10,41,287,4,-0.8660254037844386,0.5000000000000001,-0.9709418174260521,0.23931566428755738
7,2011-10-21,22.21,1.354,215.88,5.367,2011,10,42,294,4,-0.8660254037844386,0.5000000000000001,-0.9350162426854148,0.35460488704253557
7,2011-10-28,13.34,1.278,217.078,6.419,2011,10,43,301,4,-0.8660254037844386,0.5000000000000001,-0.8854560256532101,0.464723172043768
7,2011-11-04,23.01,1.365,216.714,6.621,2011,11,44,308,4,-0.5000000000000004,0.8660254037844384,-0.822983865893657,0.5680647467311548
7,2011-11-11,18.83,1.673,213.46,6.459,2011,11,45,315,4,-0.5000000000000004,0.8660254037844384,-0.7485107481711011,0.6631226582407952
7,2011-11-18,27.96,1.39,218.488,6.86,2011,11,46,322,4,-0.5000000000000004,0.8660254037844384,-0.6631226582407955,0.7485107481711007
7,2011-11-25,26.81,1.615,214.069,7.191,2011,11,47,329,4,-0.5000000000000004,0.8660254037844384,-0.5680647467311559,0.8229838658936564
7,2011-12-02,33.96,1.439,211.317,7.412,2011,12,48,336,4,-2.4492935982947064e-16,1.0,-0.4647231720437684,0.88545602565321
7,2011-12-09,28.63,1.676,220.029,7.088,2011,12,49,343,4,-2.4492935982947064e-16,1.0,-0.35460488704253595,0.9350162426854147
7,2011-12-16,40.91,1.756,210.755,6.897,2011,12,50,350,4,-2.4492935982947064e-16,1.0,-0.2393156642875578,0.970941817426052
7,2011-12-23,45.03,2.201,213.581,7.907,2011,12,51,357,4,-2.4492935982947064e-16,1.0,-0.12053668025532363,0.992708874098054
7,2011-12-30,50.35,2.385,214.312,7.584,2011,12,52,364,4,-2.4492935982947064e-16,1.0,6.432490598706546e-16,1.0
7,2012-01-06,49.68,2.676,220.946,8.545,2012,1,1,6,1,0.49999999999999994,0.8660254037844387,0.12053668025532305,0.992708874098054
7,2012-01-13,49.92,2.822,220.325,9.032,2012,1,2,13,1,0.49999999999999994,0.8660254037844387,0.23931566428755774,0.970941817426052
7,2012-01-20,50.66,2.954,220.085,8.266,2012,1,3,20,1,0.49999999999999994,0.8660254037844387,0.3546048870425356,0.9350162426854148
7,2012-01-27,56.75,2.957,220.516,8.419,2012,1,4,27,1,0.49999999999999994,0.8660254037844387,0.4647231720437685,0.8854560256532099
7,2012-02-03,59.26,3.368,218.458,7.843,2012,2,5,34,1,0.8660254037844386,0.5000000000000001,0.5680647467311558,0.8229838658936564
7,2012-02-10,66.58,3.444,222.207,9.064,2012,2,6,41,1,0.8660254037844386,0.5000000000000001,0.6631226582407952,0.7485107481711011
7,2012-02-17,69.38,3.682,219.201,8.912,2012,2,7,48,1,0.8660254037844386,0.5000000000000001,0.7485107481711011,0.6631226582407953
7,2012-02-24,68.25,3.913,220.707,9.594,2012,2,8,55,1,0.8660254037844386,0.5000000000000001,0.8229838658936564,0.5680647467311559
7,2012-03-02,79.99,3.516,220.017,9.442,2012,3,9,62,1,1.0,6.123233995736766e-17,0.8854560256532099,0.4647231720437686
7,2012-03-09,66.66,3.945,218.711,9.259,2012,3,10,69,1,1.0,6.123233995736766e-17,0.9350162426854148,0.35460488704253557
7,2012-03-16,68.93,3.803,219.026,9.895,2012,3,11,76,1,1.0,6.123233995736766e-17,0.970941817426052,0.23931566428755804
7,2012-03-23,83.99,3.881,216.262,9.897,2012,3,12,83,1,1.0,6.123233995736766e-17,0.992708874098054,0.120536680255323
7,2012-03-30,76.58,3.65,220.127,9.296,2012,3,13,90,1,1.0,6.123233995736766e-17,1.0,-1.6081226496766366e-16
7,2012-04-06,80.84,4.029,216.442,9.534,2012,4,14,97,2,0.8660254037844387,-0.4999999999999998,0.992708874098054,-0.12053668025532288
7,2012-04-13,70.61,3.891,220.959,10.544,2012,4,15,104,2,0.8660254037844387,-0.4999999999999998,0.9709418174260521,-0.2393156642875575
7,2012-04-20,78.76,3.67,219.166,9.838,2012,4,16,111,2,0.8660254037844387,-0.4999999999999998,0.9350162426854148,-0.35460488704253545
7,2012-04-27,69.79,3.74,218.516,10.307,2012,4,17,118,2,0.8660254037844387,-0.4999999999999998,0.8854560256532099,-0.4647231720437685
7,2012-05-04,67.83,4.039,219.718,9.765,2012,5,18,125,2,0.49999999999999994,-0.8660254037844387,0.8229838658936565,-0.5680647467311557
7,2012-05-11,69.82,3.512,221.423,9.617,2012,5,19,132,2,0.49999999999999994,-0.8660254037844387,0.7485107481711013,-0.663122658240795
7,2012-05-18,68.43,3.704,219.004,9.768,2012,5,20,139,2,0.49999999999999994,-0.8660254037844387,0.6631226582407952,-0.7485107481711012
7,2012-05-25,53.7,3.353,216.805,9.757,2012,5,21,146,2,0.49999999999999994,-0.8660254037844387,0.5680647467311558,-0.8229838658936564
7,2012-06-01,53.1,3.599,224.351,8.206,2012,6,22,153,2,1.2246467991473532e-16,-1.0,0.46472317204376906,-0.8854560256532096
7,2012-06-08,59.9,3.426,219.799,8.681,2012,6,23,160,2,1.2246467991473532e-16,-1.0,0.35460488704253584,-0.9350162426854147
7,2012-06-15,53.96,2.936,221.325,8.086,2012,6,24,167,2,1.2246467991473532e-16,-1.0,0.23931566428755768,-0.970941817426052
7,2012-06-22,51.89,2.642,222.361,8.566,2012,6,25,174,2,1.2246467991473532e-16,-1.0,0.12053668025532308,-0.992708874098054
7,2012-06-29,46.98,2.547,218.531,7.356,2012,6,26,181,2,1.2246467991473532e-16,-1.0,-3.216245299353273e-16,-1.0
7,2012-07-06,34.4,2.471,219.751,8.473,2012,7,27,188,3,-0.4999999999999997,-0.8660254037844388,-0.12053668025532283,-0.992708874098054
7,2012-07-13,39.52,2.065,221.245,8.181,2012,7,28,195,3,-0.4999999999999997,-0.8660254037844388,-0.23931566428755743,-0.9709418174260521
7,2012-07-20,25.81,2.399,217.313,6.302,2012,7,29,202,3,-0.4999999999999997,-0.8660254037844388,-0.3546048870425356,-0.9350162426854148
7,2012-07-27,26.21,1.795,219.616,6.362,2012,7,30,209,3,-0.4999999999999997,-0.8660254037844388,-0.46472317204376806,-0.8854560256532101
7,2012-08-03,21.35,1.325,220.436,6.949,2012,8,31,216,3,-0.8660254037844385,-0.5000000000000004,-0.5680647467311556,-0.8229838658936566
7,2012-08-10,28.32,1.653,220.352,6.959,2012,8,32,223,3,-0.8660254037844385,-0.5000000000000004,-0.663122658240795,-0.7485107481711013
7,2012-08-17,16.93,1.33,220.302,6.833,2012,8,33,230,3,-0.8660254037844385,-0.5000000000000004,-0.7485107481711011,-0.6631226582407952
7,2012-08-24,18.1,1.382,221.425,7.277,2012,8,34,237,3,-0.8660254037844385,-0.5000000000000004,-0.8229838658936564,-0.5680647467311559
7,2012-08-31,14.36,1.208,218.33,6.293,2012,8,35,244,3,-0.8660254037844385,-0.5000000000000004,-0.8854560256532096,-0.4647231720437691
7,2012-09-07,15.38,1.016,221.149,5.682,2012,9,36,251,3,-1.0,-1.8369701987210297e-16,-0.9350162426854147,-0.3546048870425359
7,2012-09-14,17.23,0.788,223.104,5.604,2012,9,37,258,3,-1.0,-1.8369701987210297e-16,-0.970941817426052,-0.23931566428755774
7,2012-09-21,22.83,1.465,219.933,6.442,2012,9,38,265,3,-1.0,-1.8369701987210297e-16,-0.992708874098054,-0.12053668025532357
7,2012-09-28,23.62,1.495,219.308,5.94,2012,9,39,272,3,-1.0,-1.8369701987210297e-16,-1.0,-1.8369701987210297e-16
7,2012-10-05,18.01,1.186,221.576,6.092,2012,10,40,279,4,-0.8660254037844386,0.5000000000000001,-0.992708874098054,0.1205366802553232
7,2012-10-12,11.87,0.658,220.249,6.121,2012,10,41,286,4,-0.8660254037844386,0.5000000000000001,-0.9709418174260521,0.23931566428755738
7,2012-10-19,10.66,0.826,218.437,6.848,2012,10,42,293,4,-0.8660254037844386,0.5000000000000001,-0.9350162426854148,0.35460488704253557
7,2012-10-26,16.97,1.146,217.218,6.327,2012,10,43,300,4,-0.8660254037844386,0.5000000000000001,-0.8854560256532101,0.464723172043768
8,2010-02-05,55.21,3.218,210.012,9.122,2010,2,5,36,1,0.8660254037844386,0.5000000000000001,0.5680647467311558,0.8229838658936564
8,2010-02-12,59.41,3.424,210.164,9.268,2010,2,6,43,1,0.8660254037844386,0.5000000000000001,0.6631226582407952,0.7485107481711011
8,2010-02-19,61.14,3.851,208.661,9.994,2010,2,7,50,1,0.8660254037844386,0.5000000000000001,0.7485107481711011,0.6631226582407953
8,2010-02-26,69.92,3.379,211.093,10.096,2010,2,8,57,1,0.8660254037844386,0.5000000000000001,0.8229838658936564,0.5680647467311559
8,2010-03-05,76.85,3.758,211.22,9.483,2010,3,9,64,1,1.0,6.123233995736766e-17,0.8854560256532099,0.4647231720437686
8,2010-03-12,74.54,4.371,209.572,10.091,2010,3,10,71,1,1.0,6.123233995736766e-17,0.9350162426854148,0.35460488704253557
8,2010-03-19,71.57,4.112,209.972,10.887,2010,3,11,78,1,1.0,6.123233995736766e-17,0.970941817426052,0.23931566428755804
8,2010-03-26,72.09,3.527,208.569,9.738,2010,3,12,85,1,1.0,6.123233995736766e-17,0.992708874098054,0.120536680255323
8,2010-04-02,76.86,4.064,207.125,10.159,2010,4,13,92,2,0.8660254037844387,-0.4999999999999998,1.0,-1.6081226496766366e-16
8,2010-04-09,76.16,3.943,208.798,10.036,2010,4,14,99,2,0.8660254037844387,-0.4999999999999998,0.992708874098054,-0.12053668025532288
8,2010-04-16,67.04,3.88,212.743,9.991,2010,4,15,106,2,0.8660254037844387,-0.4999999999999998,0.9709418174260521,-0.2393156642875575
8,2010-04-23,74.24,4.18,208.055,10.121,2010,4,16,113,2,0.8660254037844387,-0.4999999999999998,0.9350162426854148,-0.35460488704253545
8,2010-04-30,63.79,3.665,209.062,10.151,2010,4,17,120,2,0.8660254037844387,-0.4999999999999998,0.8854560256532099,-0.4647231720437685
8,2010-05-07,68.97,3.749,208.878,9.337,2010,5,18,127,2,0.49999999999999994,-0.8660254037844387,0.8229838658936565,-0.5680647467311557
8,2010-05-14,59.38,3.479,211.626,9.058,2010,5,19,134,2,0.49999999999999994,-0.8660254037844387,0.7485107481711013,-0.663122658240795
8,2010-05-21,66.61,3.529,208.673,10.03,2010,5,20,141,2,0.49999999999999994,-0.8660254037844387,0.6631226582407952,-0.7485107481711012
8,2010-05-28,59.71,3.277,210.523,8.495,2010,5,21,148,2,0.49999999999999994,-0.8660254037844387,0.5680647467311558,-0.8229838658936564
8,2010-06-04,55.41,3.179,213.175,9.352,2010,6,22,155,2,1.2246467991473532e-16,-1.0,0.46472317204376906,-0.8854560256532096
8,2010-06-11,52.88,3.005,208.301,7.591,2010,6,23,162,2,1.2246467991473532e-16,-1.0,0.35460488704253584,-0.9350162426854147
8,2010-06-18,50.9,2.514,213.906,8.222,2010,6,24,169,2,1.2246467991473532e-16,-1.0,0.23931566428755768,-0.970941817426052
8,2010-06-25,54.01,2.563,208.801,8.747,2010,6,25,176,2,1.2246467991473532e-16,-1.0,0.12053668025532308,-0.992708874098054
8,2010-07-02,51.42,2.286,211.7,7.475,2010,7,26,183,3,-0.4999999999999997,-0.8660254037844388,-3.216245299353273e-16,-1.0
8,2010-07-09,31.78,2.433,209.404,8.167,2010,7,27,190,3,-0.4999999999999997,-0.8660254037844388,-0.12053668025532283,-0.992708874098054
8,2010-07-16,31.2,2.293,209.535,7.882,2010,7,28,197,3,-0.4999999999999997,-0.8660254037844388,-0.23931566428755743,-0.9709418174260521
8,2010-07-23,38.45,1.676,209.934,6.846,2010,7,29,204,3,-0.4999999999999997,-0.8660254037844388,-0.3546048870425356,-0.9350162426854148
8,2010-07-30,33.47,1.96,212.479,6.834,2010,7,30,211,3,-0.4999999999999997,-0.8660254037844388,-0.46472317204376806,-0.8854560256532101
8,2010-08-06,25.72,1.911,208.374,6.539,2010,8,31,218,3,-0.8660254037844385,-0.5000000000000004,-0.5680647467311556,-0.8229838658936566
8,2010-08-13,24.29,1.268,207.178,6.182,2010,8,32,225,3,-0.8660254037844385,-0.5000000000000004,-0.663122658240795,-0.7485107481711013
8,2010-08-20,21.9,1.404,211.424,6.159,2010,8,33,232,3,-0.8660254037844385,-0.5000000000000004,-0.7485107481711011,-0.6631226582407952
8,2010-08-27,22.95,1.098,208.953,6.332,2010,8,34,239,3,-0.8660254037844385,-0.5000000000000004,-0.8229838658936564,-0.5680647467311559
8,2010-09-03,13.05,1.511,210.807,6.294,2010,9,35,246,3,-1.0,-1.8369701987210297e-16,-0.8854560256532096,-0.4647231720437691
8,2010-09-10,17.12,1.115,209.718,6.387,2010,9,36,253,3,-1.0,-1.8369701987210297e-16,-0.9350162426854147,-0.3546048870425359
8,2010-09-17,14.64,0.705,210.992,5.674,2010,9,37,260,3,-1.0,-1.8369701987210297e-16,-0.970941817426052,-0.23931566428755774
8,2010-09-24,18.98,0.836,210.011,6.749,2010,9,38,267,3,-1.0,-1.8369701987210297e-16,-0.992708874098054,-0.12053668025532357
8,2010-10-01,10.26,1.104,210.1,5.526,2010,10,39,274,4,-0.8660254037844386,0.5000000000000001,-1.0,-1.8369701987210297e-16
8,2010-10-08,8.31,0.978,213.985,6.09,2010,10,40,281,4,-0.8660254037844386,0.5000000000000001,-0.992708874098054,0.1205366802553232
8,2010-10-15,12.59,0.997,212.739,5.184,2010,10,41,288,4,-0.8660254037844386,0.5000000000000001,-0.9709418174260521,0.23931566428755738
8,2010-10-22,16.91,1.09,209.258,5.055,2010,10,42,295,4,-0.8660254037844386,0.5000000000000001,-0.9350162426854148,0.35460488704253557
8,2010-10-29,17.46,1.132,208.761,6.66,2010,10,43,302,4,-0.8660254037844386,0.5000000000000001,-0.8854560256532101,0.464723172043768
8,2010-11-05,21.86,1.199,210.262,6.192,2010,11,44,309,4,-0.5000000000000004,0.8660254037844384,-0.822983865893657,0.5680647467311548
8,2010-11-12,24.08,1.334,212.661,6.165,2010,11,45,316,4,-0.5000000000000004,0.8660254037844384,-0.7485107481711011,0.6631226582407952
8,2010-11-19,23.1,1.303,208.357,6.795,2010,11,46,323,4,-0.5000000000000004,0.8660254037844384,-0.6631226582407955,0.7485107481711007
8,2010-11-26,28.72,1.778,211.661,7.604,2010,11,47,330,4,-0.5000000000000004,0.8660254037844384,-0.5680647467311559,0.8229838658936564
8,2010-12-03,37.93,1.77,213.223,7.254,2010,12,48,337,4,-2.4492935982947064e-16,1.0,-0.4647231720437684,0.88545602565321
8,2010-12-10,32.03,2.193,209.831,7.765,2010,12,49,344,4,-2.4492935982947064e-16,1.0,-0.35460488704253595,0.9350162426854147
8,2010-12-17,34.2,2.25,210.482,6.88,2010,12,50,351,4,-2.4492935982947064e-16,1.0,-0.2393156642875578,0.970941817426052
8,2010-12-24,48.93,1.991,208.509,7.422,2010,12,51,358,4,-2.4492935982947064e-16,1.0,-0.12053668025532363,0.992708874098054
8,2010-12-31,47.61,2.385,212.876,7.928,2010,12,52,365,4,-2.4492935982947064e-16,1.0,6.432490598706546e-16,1.0
8,2011-01-07,54.78,2.801,218.384,7.294,2011,1,1,7,1,0.49999999999999994,0.8660254037844387,0.12053668025532305,0.992708874098054
8,2011-01-14,66.69,2.736,215.769,8.69,2011,1,2,14,1,0.49999999999999994,0.8660254037844387,0.23931566428755774,0.970941817426052
8,2011-01-21,55.81,2.632,217.646,8.608,2011,1,3,21,1,0.49999999999999994,0.8660254037844387,0.3546048870425356,0.9350162426854148
8,2011-01-28,55.4,3.24,214.261,9.169,2011,1,4,28,1,0.49999999999999994,0.8660254037844387,0.4647231720437685,0.8854560256532099
8,2011-02-04,55.95,3.239,213.815,9.429,2011,2,5,35,1,0.8660254037844386,0.5000000000000001,0.5680647467311558,0.8229838658936564
8,2011-02-11,66.71,3.453,213.388,9.837,2011,2,6,42,1,0.8660254037844386,0.5000000000000001,0.6631226582407952,0.7485107481711011
8,2011-02-18,64.09,3.871,215.34,9.623,2011,2,7,49,1,0.8660254037844386,0.5000000000000001,0.7485107481711011,0.6631226582407953
8,2011-02-25,71.48,4.031,214.657,9.619,2011,2,8,56,1,0.8660254037844386,0.5000000000000001,0.8229838658936564,0.5680647467311559
8,2011-03-04,71.49,3.549,215.641,8.853,2011,3,9,63,1,1.0,6.123233995736766e-17,0.8854560256532099,0.4647231720437686
8,2011-03-11,71.15,4.293,216.455,9.739,2011,3,10,70,1,1.0,6.123233995736766e-17,0.9350162426854148,0.35460488704253557
8,2011-03-18,67.54,3.734,214.415,9.817,2011,3,11,77,1,1.0,6.123233995736766e-17,0.970941817426052,0.23931566428755804
8,2011-03-25,69.86,3.968,213.791,10.093,2011,3,12,84,1,1.0,6.123233995736766e-17,0.992708874098054,0.120536680255323
8,2011-04-01,76.29,4.356,215.237,11.069,2011,4,13,91,2,0.8660254037844387,-0.4999999999999998,1.0,-1.6081226496766366e-16
8,2011-04-08,65.78,3.965,211.909,10.529,2011,4,14,98,2,0.8660254037844387,-0.4999999999999998,0.992708874098054,-0.12053668025532288
8,2011-04-15,82.33,4.612,215.078,9.678,2011,4,15,105,2,0.8660254037844387,-0.4999999999999998,0.9709418174260521,-0.2393156642875575
8,2011-04-22,75.0,3.889,214.491,9.877,2011,4,16,112,2,0.8660254037844387,-0.4999999999999998,0.9350162426854148,-0.35460488704253545
8,2011-04-29,73.78,3.529,215.928,9.342,2011,4,17,119,2,0.8660254037844387,-0.4999999999999998,0.8854560256532099,-0.4647231720437685
8,2011-05-06,63.75,3.949,214.092,8.976,2011,5,18,126,2,0.49999999999999994,-0.8660254037844387,0.8229838658936565,-0.5680647467311557
8,2011-05-13,70.27,3.683,213.084,10.37,2011,5,19,133,2,0.49999999999999994,-0.8660254037844387,0.7485107481711013,-0.663122658240795
8,2011-05-20,63.11,3.61,214.858,8.984,2011,5,20,140,2,0.49999999999999994,-0.8660254037844387,0.6631226582407952,-0.7485107481711012
8,2011-05-27,58.93,3.248,214.465,8.751,2011,5,21,147,2,0.49999999999999994,-0.8660254037844387,0.5680647467311558,-0.8229838658936564
8,2011-06-03,57.86,3.244,212.843,9.241,2011,6,22,154,2,1.2246467991473532e-16,-1.0,0.46472317204376906,-0.8854560256532096
8,2011-06-10,56.39,2.807,217.467,8.934,2011,6,23,161,2,1.2246467991473532e-16,-1.0,0.35460488704253584,-0.9350162426854147
8,2011-06-17,52.93,2.693,216.444,7.989,2011,6,24,168,2,1.2246467991473532e-16,-1.0,0.23931566428755768,-0.970941817426052
8,2011-06-24,57.32,2.574,214.939,9.149,2011,6,25,175,2,1.2246467991473532e-16,-1.0,0.12053668025532308,-0.992708874098054
8,2011-07-01,34.25,2.407,214.461,8.74,2011,7,26,182,3,-0.4999999999999997,-0.8660254037844388,-3.216245299353273e-16,-1.0
8,2011-07-08,38.47,2.282,211.344,8.486,2011,7,27,189,3,-0.4999999999999997,-0.8660254037844388,-0.12053668025532283,-0.992708874098054
8,2011-07-15,38.11,2.282,215.289,6.701,2011,7,28,196,3,-0.4999999999999997,-0.8660254037844388,-0.23931566428755743,-0.9709418174260521
8,2011-07-22,37.06,1.649,216.06,6.808,2011,7,29,203,3,-0.4999999999999997,-0.8660254037844388,-0.3546048870425356,-0.9350162426854148
8,2011-07-29,28.97,1.842,216.551,7.145,2011,7,30,210,3,-0.4999999999999997,-0.8660254037844388,-0.46472317204376806,-0.8854560256532101
8,2011-08-05,20.77,1.699,216.298,6.282,2011,8,31,217,3,-0.8660254037844385,-0.5000000000000004,-0.5680647467311556,-0.8229838658936566
8,2011-08-12,18.0,1.197,216.898,6.692,2011,8,32,224,3,-0.8660254037844385,-0.5000000000000004,-0.663122658240795,-0.7485107481711013
8,2011-08-19,21.18,1.391,212.743,6.253,2011,8,33,231,3,-0.8660254037844385,-0.5000000000000004,-0.7485107481711011,-0.6631226582407952
8,2011-08-26,25.61,1.19,213.199,6.965,2011,8,34,238,3,-0.8660254037844385,-0.5000000000000004,-0.8229838658936564,-0.5680647467311559
8,2011-09-02,8.49,0.941,217.234,6.361,2011,9,35,245,3,-1.0,-1.8369701987210297e-16,-0.8854560256532096,-0.4647231720437691
8,2011-09-09,18.78,0.982,217.998,5.806,2011,9,36,252,3,-1.0,-1.8369701987210297e-16,-0.9350162426854147,-0.3546048870425359
8,2011-09-16,16.04,1.0,214.492,6.005,2011,9,37,259,3,-1.0,-1.8369701987210297e-16,-0.970941817426052,-0.23931566428755774
8,2011-09-23,24.4,1.02,213.794,5.191,2011,9,38,266,3,-1.0,-1.8369701987210297e-16,-0.992708874098054,-0.12053668025532357
8,2011-09-30,10.39,1.183,216.231,5.729,2011,9,39,273,3,-1.0,-1.8369701987210297e-16,-1.0,-1.8369701987210297e-16
8,2011-10-07,15.33,0.876,215.604,5.709,2011,10,40,280,4,-0.8660254037844386,0.5000000000000001,-0.992708874098054,0.1205366802553232
8,2011-10-14,14.13,0.993,211.439,6.445,2011,10,41,287,4,-0.8660254037844386,0.5000000000000001,-0.9709418174260521,0.23931566428755738
8,2011-10-21,21.38,1.295,214.71,6.291,2011,10,42,294,4,-0.8660254037844386,0.5000000000000001,-0.9350162426854148,0.35460488704253557
8,2011-10-28,19.56,1.429,214.066,6.205,2011,10,43,301,4,-0.8660254037844386,0.5000000000000001,-0.8854560256532101,0.464723172043768
8,2011-11-04,19.89,1.426,214.451,6.186,2011,11,44,308,4,-0.5000000000000004,0.8660254037844384,-0.822983865893657,0.5680647467311548
8,2011-11-11,18.33,1.579,210.971,5.753,2011,11,45,315,4,-0.5000000000000004,0.8660254037844384,-0.7485107481711011,0.6631226582407952
8,2011-11-18,23.92,1.454,217.001,6.074,2011,11,46,322,4,-0.5000000000000004,0.8660254037844384,-0.6631226582407955,0.7485107481711007
8,2011-11-25,24.85,1.691,213.59,6.154,2011,11,47,329,4,-0.5000000000000004,0.8660254037844384,-0.5680647467311559,0.8229838658936564
8,2011-12-02,29.58,1.843,213.477,7.135,2011,12,48,336,4,-2.4492935982947064e-16,1.0,-0.4647231720437684,0.88545602565321
8,2011-12-09,35.52,2.161,214.865,7.145,2011,12,49,343,4,-2.4492935982947064e-16,1.0,-0.35460488704253595,0.9350162426854147
8,2011-12-16,31.15,2.249,214.504,8.195,2011,12,50,350,4,-2.4492935982947064e-16,1.0,-0.2393156642875578,0.970941817426052
8,2011-12-23,46.17,2.326,213.464,7.138,2011,12,51,357,4,-2.4492935982947064e-16,1.0,-0.12053668025532363,0.992708874098054
8,2011-12-30,38.86,2.606,217.592,8.43,2011,12,52,364,4,-2.4492935982947064e-16,1.0,6.432490598706546e-16,1.0
8,2012-01-06,48.1,2.857,221.082,8.346,2012,1,1,6,1,0.49999999999999994,0.8660254037844387,0.12053668025532305,0.992708874098054
8,2012-01-13,49.63,2.973,219.286,8.85,2012,1,2,13,1,0.49999999999999994,0.8660254037844387,0.23931566428755774,0.970941817426052
8,2012-01-20,58.78,2.926,223.233,9.225,2012,1,3,20,1,0.49999999999999994,0.8660254037844387,0.3546048870425356,0.9350162426854148
8,2012-01-27,59.42,3.355,220.496,9.566,2012,1,4,27,1,0.49999999999999994,0.8660254037844387,0.4647231720437685,0.8854560256532099
8,2012-02-03,61.77,3.424,221.348,8.948,2012,2,5,34,1,0.8660254037844386,0.5000000000000001,0.5680647467311558,0.8229838658936564
8,2012-02-10,69.9,3.505,220.511,9.275,2012,2,6,41,1,0.8660254037844386,0.5000000000000001,0.6631226582407952,0.7485107481711011
8,2012-02-17,61.77,3.435,219.695,9.904,2012,2,7,48,1,0.8660254037844386,0.5000000000000001,0.7485107481711011,0.6631226582407953
8,2012-02-24,64.95,3.842,220.938,10.02,2012,2,8,55,1,0.8660254037844386,0.5000000000000001,0.8229838658936564,0.5680647467311559
8,2012-03-02,63.7,3.973,217.771,10.56,2012,3,9,62,1,1.0,6.123233995736766e-17,0.8854560256532099,0.4647231720437686
8,2012-03-09,71.55,3.835,223.229,10.121,2012,3,10,69,1,1.0,6.123233995736766e-17,0.9350162426854148,0.35460488704253557
8,2012-03-16,80.0,4.063,217.922,9.589,2012,3,11,76,1,1.0,6.123233995736766e-17,0.970941817426052,0.23931566428755804
8,2012-03-23,73.44,4.048,217.592,10.175,2012,3,12,83,1,1.0,6.123233995736766e-17,0.992708874098054,0.120536680255323
8,2012-03-30,71.56,3.971,220.628,10.007,2012,3,13,90,1,1.0,6.123233995736766e-17,1.0,-1.6081226496766366e-16
8,2012-04-06,71.91,3.887,221.031,10.009,2012,4,14,97,2,0.8660254037844387,-0.4999999999999998,0.992708874098054,-0.12053668025532288
8,2012-04-13,77.55,3.838,219.383,9.899,2012,4,15,104,2,0.8660254037844387,-0.4999999999999998,0.9709418174260521,-0.2393156642875575
8,2012-04-20,76.46,4.058,217.101,9.346,2012,4,16,111,2,0.8660254037844387,-0.4999999999999998,0.9350162426854148,-0.35460488704253545
8,2012-04-27,69.4,3.891,219.428,10.381,2012,4,17,118,2,0.8660254037844387,-0.4999999999999998,0.8854560256532099,-0.4647231720437685
8,2012-05-04,66.56,3.531,220.078,9.44,2012,5,18,125,2,0.49999999999999994,-0.8660254037844387,0.8229838658936565,-0.5680647467311557
8,2012-05-11,70.81,3.859,219.35,10.171,2012,5,19,132,2,0.49999999999999994,-0.8660254037844387,0.7485107481711013,-0.663122658240795
8,2012-05-18,59.86,3.447,219.645,9.072,2012,5,20,139,2,0.49999999999999994,-0.8660254037844387,0.6631226582407952,-0.7485107481711012
8,2012-05-25,62.2,3.713,217.888,9.538,2012,5,21,146,2,0.49999999999999994,-0.8660254037844387,0.5680647467311558,-0.8229838658936564
8,2012-06-01,54.28,3.365,220.236,9.103,2012,6,22,153,2,1.2246467991473532e-16,-1.0,0.46472317204376906,-0.8854560256532096
8,2012-06-08,58.25,3.062,218.765,9.248,2012,6,23,160,2,1.2246467991473532e-16,-1.0,0.35460488704253584,-0.9350162426854147
8,2012-06-15,53.05,2.963,219.195,8.647,2012,6,24,167,2,1.2246467991473532e-16,-1.0,0.23931566428755768,-0.970941817426052
8,2012-06-22,57.04,2.645,220.41,7.976,2012,6,25,174,2,1.2246467991473532e-16,-1.0,0.12053668025532308,-0.992708874098054
8,2012-06-29,36.91,2.651,221.724,7.608,2012,6,26,181,2,1.2246467991473532e-16,-1.0,-3.216245299353273e-16,-1.0
8,2012-07-06,43.63,2.034,219.315,8.58,2012,7,27,188,3,-0.4999999999999997,-0.8660254037844388,-0.12053668025532283,-0.992708874098054
8,2012-07-13,37.67,2.158,217.969,8.363,2012,7,28,195,3,-0.4999999999999997,-0.8660254037844388,-0.23931566428755743,-0.9709418174260521
8,2012-07-20,35.42,1.886,218.487,8.129,2012,7,29,202,3,-0.4999999999999997,-0.8660254037844388,-0.3546048870425356,-0.9350162426854148
8,2012-07-27,31.12,2.068,218.453,7.118,2012,7,30,209,3,-0.4999999999999997,-0.8660254037844388,-0.46472317204376806,-0.8854560256532101
8,2012-08-03,20.45,1.815,221.13,8.226,2012,8,31,216,3,-0.8660254037844385,-0.5000000000000004,-0.5680647467311556,-0.8229838658936566
8,2012-08-10,32.98,1.605,221.694,7.278,2012,8,32,223,3,-0.8660254037844385,-0.5000000000000004,-0.663122658240795,-0.7485107481711013
8,2012-08-17,33.86,0.945,221.9,6.769,2012,8,33,230,3,-0.8660254037844385,-0.5000000000000004,-0.7485107481711011,-0.6631226582407952
8,2012-08-24,20.41,1.01,219.704,6.431,2012,8,34,237,3,-0.8660254037844385,-0.5000000000000004,-0.8229838658936564,-0.5680647467311559
8,2012-08-31,19.23,1.019,219.428,5.977,2012,8,35,244,3,-0.8660254037844385,-0.5000000000000004,-0.8854560256532096,-0.4647231720437691
8,2012-09-07,21.13,0.838,219.811,6.736,2012,9,36,251,3,-1.0,-1.8369701987210297e-16,-0.9350162426854147,-0.3546048870425359
8,2012-09-14,16.26,0.994,219.738,5.727,2012,9,37,258,3,-1.0,-1.8369701987210297e-16,-0.970941817426052,-0.23931566428755774
8,2012-09-21,15.21,1.201,220.056,6.565,2012,9,38,265,3,-1.0,-1.8369701987210297e-16,-0.992708874098054,-0.12053668025532357
8,2012-09-28,6.75,0.838,223.122,6.572,2012,9,39,272,3,-1.0,-1.8369701987210297e-16,-1.0,-1.8369701987210297e-16
8,2012-10-05,10.6,0.585,218.396,5.565,2012,10,40,279,4,-0.8660254037844386,0.5000000000000001,-0.992708874098054,0.1205366802553232
8,2012-10-12,16.11,1.196,217.822,5.972,2012,10,41,286,4,-0.8660254037844386,0.5000000000000001,-0.9709418174260521,0.23931566428755738
8,2012-10-19,10.4,1.193,221.352,6.29,2012,10,42,293,4,-0.8660254037844386,0.5000000000000001,-0.9350162426854148,0.35460488704253557
8,2012-10-26,17.94,0.856,215.724,5.758,2012,10,43,300,4,-0.8660254037844386,0.5000000000000001,-0.8854560256532101,0.464723172043768
9,2010-02-05,62.05,3.628,210.829,9.253,2010,2,5,36,1,0.8660254037844386,0.5000000000000001,0.5680647467311558,0.8229838658936564
9,2010-02-12,60.83,3.596,213.581,9.204,2010,2,6,43,1,0.8660254037844386,0.5000000000000001,0.6631226582407952,0.7485107481711011
9,2010-02-19,60.77,3.954,209.571,9.821,2010,2,7,50,1,0.8660254037844386,0.5000000000000001,0.7485107481711011,0.6631226582407953
9,2010-02-26,79.43,3.505,211.608,9.535,2010,2,8,57,1,0.8660254037844386,0.5000000000000001,0.8229838658936564,0.5680647467311559
9,2010-03-05,67.19,3.901,210.174,9.647,2010,3,9,64,1,1.0,6.123233995736766e-17,0.8854560256532099,0.4647231720437686
9,2010-03-12,82.12,3.804,207.037,10.036,2010,3,10,71,1,1.0,6.123233995736766e-17,0.9350162426854148,0.35460488704253557
9,2010-03-19,71.88,4.118,211.429,9.995,2010,3,11,78,1,1.0,6.123233995736766e-17,0.970941817426052,0.23931566428755804
9,2010-03-26,75.97,3.853,208.68,10.074,2010,3,12,85,1,1.0,6.123233995736766e-17,0.992708874098054,0.120536680255323
9,2010-04-02,73.06,3.611,208.146,9.403,2010,4,13,92,2,0.8660254037844387,-0.4999999999999998,1.0,-1.6081226496766366e-16
9,2010-04-09,80.14,4.206,207.454,10.605,2010,4,14,99,2,0.8660254037844387,-0.4999999999999998,0.992708874098054,-0.12053668025532288
9,2010-04-16,69.77,4.029,209.665,10.274,2010,4,15,106,2,0.8660254037844387,-0.4999999999999998,0.9709418174260521,-0.2393156642875575
9,2010-04-23,76.45,4.084,207.49,9.915,2010,4,16,113,2,0.8660254037844387,-0.4999999999999998,0.9350162426854148,-0.35460488704253545
9,2010-04-30,77.2,3.639,207.53,9.954,2010,4,17,120,2,0.8660254037844387,-0.4999999999999998,0.8854560256532099,-0.4647231720437685
9,2010-05-07,72.31,3.7,209.054,10.386,2010,5,18,127,2,0.49999999999999994,-0.8660254037844387,0.8229838658936565,-0.5680647467311557
9,2010-05-14,69.74,3.462,209.981,9.838,2010,5,19,134,2,0.49999999999999994,-0.8660254037844387,0.7485107481711013,-0.663122658240795
9,2010-05-21,67.51,3.667,205.816,9.9,2010,5,20,141,2,0.49999999999999994,-0.8660254037844387,0.6631226582407952,-0.7485107481711012
9,2010-05-28,62.55,3.476,210.334,9.668,2010,5,21,148,2,0.49999999999999994,-0.8660254037844387,0.5680647467311558,-0.8229838658936564
9,2010-06-04,59.22,3.096,207.261,9.112,2010,6,22,155,2,1.2246467991473532e-16,-1.0,0.46472317204376906,-0.8854560256532096
9,2010-06-11,54.91,2.956,210.96,9.101,2010,6,23,162,2,1.2246467991473532e-16,-1.0,0.35460488704253584,-0.9350162426854147
9,2010-06-18,60.13,2.602,210.067,7.748,2010,6,24,169,2,1.2246467991473532e-16,-1.0,0.23931566428755768,-0.970941817426052
9,2010-06-25,49.6,2.743,211.311,7.97,2010,6,25,176,2,1.2246467991473532e-16,-1.0,0.12053668025532308,-0.992708874098054
9,2010-07-02,40.62,2.237,209.309,8.097,2010,7,26,183,3,-0.4999999999999997,-0.8660254037844388,-3.216245299353273e-16,-1.0
9,2010-07-09,40.78,2.597,207.32,7.281,2010,7,27,190,3,-0.4999999999999997,-0.8660254037844388,-0.12053668025532283,-0.992708874098054
9,2010-07-16,32.55,2.247,213.183,7.487,2010,7,28,197,3,-0.4999999999999997,-0.8660254037844388,-0.23931566428755743,-0.9709418174260521
9,2010-07-23,29.15,2.133,209.747,7.621,2010,7,29,204,3,-0.4999999999999997,-0.8660254037844388,-0.3546048870425356,-0.9350162426854148
9,2010-07-30,29.21,2.134,209.365,5.8,2010,7,30,211,3,-0.4999999999999997,-0.8660254037844388,-0.46472317204376806,-0.8854560256532101
9,2010-08-06,30.41,1.281,210.685,6.795,2010,8,31,218,3,-0.8660254037844385,-0.5000000000000004,-0.5680647467311556,-0.8229838658936566
9,2010-08-13,28.64,1.562,209.766,7.744,2010,8,32,225,3,-0.8660254037844385,-0.5000000000000004,-0.663122658240795,-0.7485107481711013
9,2010-08-20,26.45,1.33,206.316,7.203,2010,8,33,232,3,-0.8660254037844385,-0.5000000000000004,-0.7485107481711011,-0.6631226582407952
9,2010-08-27,19.69,1.484,209.997,6.933,2010,8,34,239,3,-0.8660254037844385,-0.5000000000000004,-0.8229838658936564,-0.5680647467311559
9,2010-09-03,5.93,0.975,207.1,6.072,2010,9,35,246,3,-1.0,-1.8369701987210297e-16,-0.8854560256532096,-0.4647231720437691
9,2010-09-10,16.58,1.084,210.788,5.853,2010,9,36,253,3,-1.0,-1.8369701987210297e-16,-0.9350162426854147,-0.3546048870425359
9,2010-09-17,18.88,1.371,210.059,6.022,2010,9,37,260,3,-1.0,-1.8369701987210297e-16,-0.970941817426052,-0.23931566428755774
9,2010-09-24,20.81,1.113,213.571,6.194,2010,9,38,267,3,-1.0,-1.8369701987210297e-16,-0.992708874098054,-0.12053668025532357
9,2010-10-01,10.87,1.089,212.691,6.537,2010,10,39,274,4,-0.8660254037844386,0.5000000000000001,-1.0,-1.8369701987210297e-16
9,2010-10-08,9.43,0.681,209.623,5.86,2010,10,40,281,4,-0.8660254037844386,0.5000000000000001,-0.992708874098054,0.1205366802553232
9,2010-10-15,21.63,1.143,213.994,6.562,2010,10,41,288,4,-0.8660254037844386,0.5000000000000001,-0.9709418174260521,0.23931566428755738
9,2010-10-22,18.63,1.228,209.211,5.757,2010,10,42,295,4,-0.8660254037844386,0.5000000000000001,-0.9350162426854148,0.35460488704253557
9,2010-10-29,14.54,1.125,208.121,6.218,2010,10,43,302,4,-0.8660254037844386,0.5000000000000001,-0.8854560256532101,0.464723172043768
9,2010-11-05,13.58,1.392,211.184,5.755,2010,11,44,309,4,-0.5000000000000004,0.8660254037844384,-0.822983865893657,0.5680647467311548
9,2010-11-12,29.95,1.415,210.734,6.795,2010,11,45,316,4,-0.5000000000000004,0.8660254037844384,-0.7485107481711011,0.6631226582407952
9,2010-11-19,32.7,1.452,212.929,6.675,2010,11,46,323,4,-0.5000000000000004,0.8660254037844384,-0.6631226582407955,0.7485107481711007
9,2010-11-26,31.09,1.3,208.561,6.396,2010,11,47,330,4,-0.5000000000000004,0.8660254037844384,-0.5680647467311559,0.8229838658936564
9,2010-12-03,27.01,1.68,212.063,6.592,2010,12,48,337,4,-2.4492935982947064e-16,1.0,-0.4647231720437684,0.88545602565321
9,2010-12-10,39.65,1.716,211.934,6.89,2010,12,49,344,4,-2.4492935982947064e-16,1.0,-0.35460488704253595,0.9350162426854147
9,2010-12-17,33.54,2.389,212.074,8.725,2010,12,50,351,4,-2.4492935982947064e-16,1.0,-0.2393156642875578,0.970941817426052
9,2010-12-24,35.66,2.55,212.896,7.537,2010,12,51,358,4,-2.4492935982947064e-16,1.0,-0.12053668025532363,0.992708874098054
9,2010-12-31,42.53,2.535,208.419,7.337,2010,12,52,365,4,-2.4492935982947064e-16,1.0,6.432490598706546e-16,1.0
9,2011-01-07,58.71,2.943,216.436,7.405,2011,1,1,7,1,0.49999999999999994,0.8660254037844387,0.12053668025532305,0.992708874098054
9,2011-01-14,50.92,2.691,213.968,8.903,2011,1,2,14,1,0.49999999999999994,0.8660254037844387,0.23931566428755774,0.970941817426052
9,2011-01-21,49.71,3.493,211.32,9.748,2011,1,3,21,1,0.49999999999999994,0.8660254037844387,0.3546048870425356,0.9350162426854148
9,2011-01-28,59.13,3.008,213.872,9.708,2011,1,4,28,1,0.49999999999999994,0.8660254037844387,0.4647231720437685,0.8854560256532099
9,2011-02-04,56.95,3.563,215.309,9.834,2011,2,5,35,1,0.8660254037844386,0.5000000000000001,0.5680647467311558,0.8229838658936564
9,2011-02-11,58.06,3.801,212.701,9.376,2011,2,6,42,1,0.8660254037844386,0.5000000000000001,0.6631226582407952,0.7485107481711011
9,2011-02-18,72.41,3.493,213.215,9.577,2011,2,7,49,1,0.8660254037844386,0.5000000000000001,0.7485107481711011,0.6631226582407953
9,2011-02-25,59.21,3.858,210.776,9.406,2011,2,8,56,1,0.8660254037844386,0.5000000000000001,0.8229838658936564,0.5680647467311559
9,2011-03-04,69.08,3.905,217.099,9.858,2011,3,9,63,1,1.0,6.123233995736766e-17,0.8854560256532099,0.4647231720437686
9,2011-03-11,72.43,3.877,219.804,9.484,2011,3,10,70,1,1.0,6.123233995736766e-17,0.9350162426854148,0.35460488704253557
9,2011-03-18,71.61,4.125,215.798,10.388,2011,3,11,77,1,1.0,6.123233995736766e-17,0.970941817426052,0.23931566428755804
9,2011-03-25,74.1,4.061,216.723,10.957,2011,3,12,84,1,1.0,6.123233995736766e-17,0.992708874098054,0.120536680255323
9,2011-04-01,79.21,3.982,215.438,10.07,2011,4,13,91,2,0.8660254037844387,-0.4999999999999998,1.0,-1.6081226496766366e-16
9,2011-04-08,74.31,3.863,213.009,10.619,2011,4,14,98,2,0.8660254037844387,-0.4999999999999998,0.992708874098054,-0.12053668025532288
9,2011-04-15,71.46,3.675,212.562,10.547,2011,4,15,105,2,0.8660254037844387,-0.4999999999999998,0.9709418174260521,-0.2393156642875575
9,2011-04-22,68.91,3.645,216.617,9.539,2011,4,16,112,2,0.8660254037844387,-0.4999999999999998,0.9350162426854148,-0.35460488704253545
9,2011-04-29,75.28,3.472,214.458,9.969,2011,4,17,119,2,0.8660254037844387,-0.4999999999999998,0.8854560256532099,-0.4647231720437685
9,2011-05-06,74.82,3.855,215.281,10.523,2011,5,18,126,2,0.49999999999999994,-0.8660254037844387,0.8229838658936565,-0.5680647467311557
9,2011-05-13,69.54,3.731,216.377,9.039,2011,5,19,133,2,0.49999999999999994,-0.8660254037844387,0.7485107481711013,-0.663122658240795
9,2011-05-20,62.99,3.273,217.85,9.717,2011,5,20,140,2,0.49999999999999994,-0.8660254037844387,0.6631226582407952,-0.7485107481711012
9,2011-05-27,60.29,3.416,214.719,9.033,2011,5,21,147,2,0.49999999999999994,-0.8660254037844387,0.5680647467311558,-0.8229838658936564
9,2011-06-03,71.76,2.849,217.576,8.924,2011,6,22,154,2,1.2246467991473532e-16,-1.0,0.46472317204376906,-0.8854560256532096
9,2011-06-10,55.26,3.692,214.972,8.697,2011,6,23,161,2,1.2246467991473532e-16,-1.0,0.35460488704253584,-0.9350162426854147
9,2011-06-17,55.84,2.947,215.987,8.176,2011,6,24,168,2,1.2246467991473532e-16,-1.0,0.23931566428755768,-0.970941817426052
9,2011-06-24,55.47,2.483,213.631,8.488,2011,6,25,175,2,1.2246467991473532e-16,-1.0,0.12053668025532308,-0.992708874098054
9,2011-07-01,38.82,2.933,217.341,8.584,2011,7,26,182,3,-0.4999999999999997,-0.8660254037844388,-3.216245299353273e-16,-1.0
9,2011-07-08,39.21,2.331,215.283,7.101,2011,7,27,189,3,-0.4999999999999997,-0.8660254037844388,-0.12053668025532283,-0.992708874098054
9,2011-07-15,42.13,2.398,215.953,7.671,2011,7,28,196,3,-0.4999999999999997,-0.8660254037844388,-0.23931566428755743,-0.9709418174260521
9,2011-07-22,21.93,1.918,217.644,8.462,2011,7,29,203,3,-0.4999999999999997,-0.8660254037844388,-0.3546048870425356,-0.9350162426854148
9,2011-07-29,29.48,1.628,213.543,7.378,2011,7,30,210,3,-0.4999999999999997,-0.8660254037844388,-0.46472317204376806,-0.8854560256532101
9,2011-08-05,30.2,1.521,213.637,6.958,2011,8,31,217,3,-0.8660254037844385,-0.5000000000000004,-0.5680647467311556,-0.8229838658936566
9,2011-08-12,20.72,1.746,215.509,6.712,2011,8,32,224,3,-0.8660254037844385,-0.5000000000000004,-0.663122658240795,-0.7485107481711013
9,2011-08-19,11.21,1.144,218.215,6.26,2011,8,33,231,3,-0.8660254037844385,-0.5000000000000004,-0.7485107481711011,-0.6631226582407952
9,2011-08-26,13.83,0.808,212.635,6.158,2011,8,34,238,3,-0.8660254037844385,-0.5000000000000004,-0.8229838658936564,-0.5680647467311559
9,2011-09-02,14.8,0.904,212.481,6.609,2011,9,35,245,3,-1.0,-1.8369701987210297e-16,-0.8854560256532096,-0.4647231720437691
9,2011-09-09,15.21,0.904,215.748,5.808,2011,9,36,252,3,-1.0,-1.8369701987210297e-16,-0.9350162426854147,-0.3546048870425359
9,2011-09-16,22.08,1.337,212.744,5.906,2011,9,37,259,3,-1.0,-1.8369701987210297e-16,-0.970941817426052,-0.23931566428755774
9,2011-09-23,13.34,1.331,215.812,6.344,2011,9,38,266,3,-1.0,-1.8369701987210297e-16,-0.992708874098054,-0.12053668025532357
9,2011-09-30,12.23,1.075,219.159,6.194,2011,9,39,273,3,-1.0,-1.8369701987210297e-16,-1.0,-1.8369701987210297e-16
9,2011-10-07,8.7,1.1,216.502,6.04,2011,10,40,280,4,-0.8660254037844386,0.5000000000000001,-0.992708874098054,0.1205366802553232
9,2011-10-14,11.08,1.024,211.674,5.165,2011,10,41,287,4,-0.8660254037844386,0.5000000000000001,-0.9709418174260521,0.23931566428755738
9,2011-10-21,14.82,1.225,214.082,5.983,2011,10,42,294,4,-0.8660254037844386,0.5000000000000001,-0.9350162426854148,0.35460488704253557
9,2011-10-28,18.0,1.432,216.019,5.544,2011,10,43,301,4,-0.8660254037844386,0.5000000000000001,-0.8854560256532101,0.464723172043768
9,2011-11-04,19.46,1.227,212.853,6.584,2011,11,44,308,4,-0.5000000000000004,0.8660254037844384,-0.822983865893657,0.5680647467311548
9,2011-11-11,26.22,1.187,214.761,6.773,2011,11,45,315,4,-0.5000000000000004,0.8660254037844384,-0.7485107481711011,0.6631226582407952
9,2011-11-18,23.25,1.548,215.693,7.638,2011,11,46,322,4,-0.5000000000000004,0.8660254037844384,-0.6631226582407955,0.7485107481711007
9,2011-11-25,19.66,1.252,216.0,6.888,2011,11,47,329,4,-0.5000000000000004,0.8660254037844384,-0.5680647467311559,0.8229838658936564
9,2011-12-02,33.71,1.404,212.051,6.963,2011,12,48,336,4,-2.4492935982947064e-16,1.0,-0.4647231720437684,0.88545602565321
9,2011-12-09,36.47,2.038,217.974,7.204,2011,12,49,343,4,-2.4492935982947064e-16,1.0,-0.35460488704253595,0.9350162426854147
9,2011-12-16,44.27,2.222,214.173,6.863,2011,12,50,350,4,-2.4492935982947064e-16,1.0,-0.2393156642875578,0.970941817426052
9,2011-12-23,41.25,2.068,215.08,7.323,2011,12,51,357,4,-2.4492935982947064e-16,1.0,-0.12053668025532363,0.992708874098054
9,2011-12-30,42.82,2.457,215.859,7.606,2011,12,52,364,4,-2.4492935982947064e-16,1.0,6.432490598706546e-16,1.0
9,2012-01-06,44.29,3.182,215.822,8.458,2012,1,1,6,1,0.49999999999999994,0.8660254037844387,0.12053668025532305,0.992708874098054
9,2012-01-13,56.15,2.857,218.778,8.702,2012,1,2,13,1,0.49999999999999994,0.8660254037844387,0.23931566428755774,0.970941817426052
9,2012-01-20,49.88,3.136,217.49,8.729,2012,1,3,20,1,0.49999999999999994,0.8660254037844387,0.3546048870425356,0.9350162426854148
9,2012-01-27,61.58,3.005,223.537,8.838,2012,1,4,27,1,0.49999999999999994,0.8660254037844387,0.4647231720437685,0.8854560256532099
9,2012-02-03,75.18,3.097,219.445,9.3,2012,2,5,34,1,0.8660254037844386,0.5000000000000001,0.5680647467311558,0.8229838658936564
9,2012-02-10,74.59,3.299,223.542,9.482,2012,2,6,41,1,0.8660254037844386,0.5000000000000001,0.6631226582407952,0.7485107481711011
9,2012-02-17,66.67,3.754,219.931,9.368,2012,2,7,48,1,0.8660254037844386,0.5000000000000001,0.7485107481711011,0.6631226582407953
9,2012-02-24,76.04,3.499,219.532,10.048,2012,2,8,55,1,0.8660254037844386,0.5000000000000001,0.8229838658936564,0.5680647467311559
9,2012-03-02,76.02,4.096,220.677,9.443,2012,3,9,62,1,1.0,6.123233995736766e-17,0.8854560256532099,0.4647231720437686
9,2012-03-09,84.2,3.636,220.86,9.376,2012,3,10,69,1,1.0,6.123233995736766e-17,0.9350162426854148,0.35460488704253557
9,2012-03-16,76.94,3.833,219.993,10.112,2012,3,11,76,1,1.0,6.123233995736766e-17,0.970941817426052,0.23931566428755804
9,2012-03-23,67.79,3.833,220.748,10.701,2012,3,12,83,1,1.0,6.123233995736766e-17,0.992708874098054,0.120536680255323
9,2012-03-30,80.37,3.586,221.533,9.835,2012,3,13,90,1,1.0,6.123233995736766e-17,1.0,-1.6081226496766366e-16
9,2012-04-06,73.56,4.218,221.107,10.779,2012,4,14,97,2,0.8660254037844387,-0.4999999999999998,0.992708874098054,-0.12053668025532288
9,2012-04-13,74.66,3.756,219.958,9.908,2012,4,15,104,2,0.8660254037844387,-0.4999999999999998,0.9709418174260521,-0.2393156642875575
9,2012-04-20,74.81,4.125,223.251,9.931,2012,4,16,111,2,0.8660254037844387,-0.4999999999999998,0.9350162426854148,-0.35460488704253545
9,2012-04-27,58.42,3.995,216.854,9.719,2012,4,17,118,2,0.8660254037844387,-0.4999999999999998,0.8854560256532099,-0.4647231720437685
9,2012-05-04,78.15,4.303,218.55,9.805,2012,5,18,125,2,0.49999999999999994,-0.8660254037844387,0.8229838658936565,-0.5680647467311557
9,2012-05-11,82.7,3.426,219.309,9.629,2012,5,19,132,2,0.49999999999999994,-0.8660254037844387,0.7485107481711013,-0.663122658240795
9,2012-05-18,68.96,3.541,221.715,10.297,2012,5,20,139,2,0.49999999999999994,-0.8660254037844387,0.6631226582407952,-0.7485107481711012
9,2012-05-25,64.74,3.332,219.647,8.767,2012,5,21,146,2,0.49999999999999994,-0.8660254037844387,0.5680647467311558,-0.8229838658936564
9,2012-06-01,58.24,3.282,221.68,8.882,2012,6,22,153,2,1.2246467991473532e-16,-1.0,0.46472317204376906,-0.8854560256532096
9,2012-06-08,54.66,3.173,220.554,9.141,2012,6,23,160,2,1.2246467991473532e-16,-1.0,0.35460488704253584,-0.9350162426854147
9,2012-06-15,54.95,3.043,219.35,8.823,2012,6,24,167,2,1.2246467991473532e-16,-1.0,0.23931566428755768,-0.970941817426052
9,2012-06-22,41.22,2.847,218.89,8.025,2012,6,25,174,2,1.2246467991473532e-16,-1.0,0.12053668025532308,-0.992708874098054
9,2012-06-29,47.3,2.701,220.071,8.67,2012,6,26,181,2,1.2246467991473532e-16,-1.0,-3.216245299353273e-16,-1.0
9,2012-07-06,43.37,2.453,220.589,8.661,2012,7,27,188,3,-0.4999999999999997,-0.8660254037844388,-0.12053668025532283,-0.992708874098054
9,2012-07-13,53.14,2.591,218.941,7.14,2012,7,28,195,3,-0.4999999999999997,-0.8660254037844388,-0.23931566428755743,-0.9709418174260521
9,2012-07-20,31.05,2.038,219.544,6.749,2012,7,29,202,3,-0.4999999999999997,-0.8660254037844388,-0.3546048870425356,-0.9350162426854148
9,2012-07-27,40.03,1.857,216.857,7.299,2012,7,30,209,3,-0.4999999999999997,-0.8660254037844388,-0.46472317204376806,-0.8854560256532101
9,2012-08-03,29.49,1.705,222.892,5.875,2012,8,31,216,3,-0.8660254037844385,-0.5000000000000004,-0.5680647467311556,-0.8229838658936566
9,2012-08-10,21.46,1.389,219.469,6.749,2012,8,32,223,3,-0.8660254037844385,-0.5000000000000004,-0.663122658240795,-0.7485107481711013
9,2012-08-17,27.49,1.412,220.216,6.016,2012,8,33,230,3,-0.8660254037844385,-0.5000000000000004,-0.7485107481711011,-0.6631226582407952
9,2012-08-24,19.59,1.2,222.063,5.635,2012,8,34,237,3,-0.8660254037844385,-0.5000000000000004,-0.8229838658936564,-0.5680647467311559
9,2012-08-31,13.83,1.087,221.522,6.272,2012,8,35,244,3,-0.8660254037844385,-0.5000000000000004,-0.8854560256532096,-0.4647231720437691
9,2012-09-07,21.29,1.246,223.076,6.036,2012,9,36,251,3,-1.0,-1.8369701987210297e-16,-0.9350162426854147,-0.3546048870425359
9,2012-09-14,9.23,0.865,221.332,5.528,2012,9,37,258,3,-1.0,-1.8369701987210297e-16,-0.970941817426052,-0.23931566428755774
9,2012-09-21,22.91,1.041,218.964,5.215,2012,9,38,265,3,-1.0,-1.8369701987210297e-16,-0.992708874098054,-0.12053668025532357
9,2012-09-28,13.05,1.098,219.154,6.139,2012,9,39,272,3,-1.0,-1.8369701987210297e-16,-1.0,-1.8369701987210297e-16
9,2012-10-05,20.49,0.775,220.01,6.247,2012,10,40,279,4,-0.8660254037844386,0.5000000000000001,-0.992708874098054,0.1205366802553232
9,2012-10-12,8.16,0.738,218.91,6.271,2012,10,41,286,4,-0.8660254037844386,0.5000000000000001,-0.9709418174260521,0.23931566428755738
9,2012-10-19,21.29,0.935,224.088,6.564,2012,10,42,293,4,-0.8660254037844386,0.5000000000000001,-0.9350162426854148,0.35460488704253557
9,2012-10-26,18.15,1.266,220.718,5.356,2012,10,43,300,4,-0.8660254037844386,0.5000000000000001,-0.8854560256532101,0.464723172043768
10,2010-02-05,59.28,3.445,209.641,9.579,2010,2,5,36,1,0.8660254037844386,0.5000000000000001,0.5680647467311558,0.8229838658936564
10,2010-02-12,67.46,3.373,209.233,9.509,2010,2,6,43,1,0.8660254037844386,0.5000000000000001,0.6631226582407952,0.7485107481711011
10,2010-02-19,70.23,3.592,210.075,9.155,2010,2,7,50,1,0.8660254037844386,0.5000000000000001,0.7485107481711011,0.6631226582407953
10,2010-02-26,73.5,3.775,211.478,10.332,2010,2,8,57,1,0.8660254037844386,0.5000000000000001,0.8229838658936564,0.5680647467311559
10,2010-03-05,68.9,3.933,207.734,9.516,2010,3,9,64,1,1.0,6.123233995736766e-17,0.8854560256532099,0.4647231720437686
10,2010-03-12,85.09,3.716,207.984,9.749,2010,3,10,71,1,1.0,6.123233995736766e-17,0.9350162426854148,0.35460488704253557
10,2010-03-19,70.4,4.062,212.217,10.026,2010,3,11,78,1,1.0,6.123233995736766e-17,0.970941817426052,0.23931566428755804
10,2010-03-26,72.75,3.743,210.465,10.587,2010,3,12,85,1,1.0,6.123233995736766e-17,0.992708874098054,0.120536680255323
10,2010-04-02,70.99,4.293,213.401,10.032,2010,4,13,92,2,0.8660254037844387,-0.4999999999999998,1.0,-1.6081226496766366e-16
10,2010-04-09,75.18,4.124,207.957,9.608,2010,4,14,99,2,0.8660254037844387,-0.4999999999999998,0.992708874098054,-0.12053668025532288
10,2010-04-16,84.04,3.97,209.205,9.789,2010,4,15,106,2,0.8660254037844387,-0.4999999999999998,0.9709418174260521,-0.2393156642875575
10,2010-04-23,60.02,3.706,207.917,9.733,2010,4,16,113,2,0.8660254037844387,-0.4999999999999998,0.9350162426854148,-0.35460488704253545
10,2010-04-30,73.83,4.221,209.285,10.166,2010,4,17,120,2,0.8660254037844387,-0.4999999999999998,0.8854560256532099,-0.4647231720437685
10,2010-05-07,74.75,3.522,210.322,9.729,2010,5,18,127,2,0.49999999999999994,-0.8660254037844387,0.8229838658936565,-0.5680647467311557
10,2010-05-14,71.2,3.767,211.518,9.781,2010,5,19,134,2,0.49999999999999994,-0.8660254037844387,0.7485107481711013,-0.663122658240795
10,2010-05-21,69.89,3.446,212.598,9.553,2010,5,20,141,2,0.49999999999999994,-0.8660254037844387,0.6631226582407952,-0.7485107481711012
10,2010-05-28,59.88,3.538,207.754,9.574,2010,5,21,148,2,0.49999999999999994,-0.8660254037844387,0.5680647467311558,-0.8229838658936564
10,2010-06-04,57.04,3.395,207.967,8.235,2010,6,22,155,2,1.2246467991473532e-16,-1.0,0.46472317204376906,-0.8854560256532096
10,2010-06-11,59.83,2.954,212.968,8.167,2010,6,23,162,2,1.2246467991473532e-16,-1.0,0.35460488704253584,-0.9350162426854147
10,2010-06-18,56.05,2.79,210.708,8.588,2010,6,24,169,2,1.2246467991473532e-16,-1.0,0.23931566428755768,-0.970941817426052
10,2010-06-25,50.14,2.186,208.549,8.808,2010,6,25,176,2,1.2246467991473532e-16,-1.0,0.12053668025532308,-0.992708874098054
10,2010-07-02,40.27,2.422,206.777,7.758,2010,7,26,183,3,-0.4999999999999997,-0.8660254037844388,-3.216245299353273e-16,-1.0
10,2010-07-09,44.17,2.111,208.921,7.189,2010,7,27,190,3,-0.4999999999999997,-0.8660254037844388,-0.12053668025532283,-0.992708874098054
10,2010-07-16,36.0,2.183,210.954,7.665,2010,7,28,197,3,-0.4999999999999997,-0.8660254037844388,-0.23931566428755743,-0.9709418174260521
10,2010-07-23,39.69,2.01,207.857,7.585,2010,7,29,204,3,-0.4999999999999997,-0.8660254037844388,-0.3546048870425356,-0.9350162426854148
10,2010-07-30,28.02,1.549,207.069,6.375,2010,7,30,211,3,-0.4999999999999997,-0.8660254037844388,-0.46472317204376806,-0.8854560256532101
10,2010-08-06,29.65,1.628,211.702,7.128,2010,8,31,218,3,-0.8660254037844385,-0.5000000000000004,-0.5680647467311556,-0.8229838658936566
10,2010-08-13,27.82,1.373,211.293,6.44,2010,8,32,225,3,-0.8660254037844385,-0.5000000000000004,-0.663122658240795,-0.7485107481711013
10,2010-08-20,22.1,1.718,213.666,6.34,2010,8,33,232,3,-0.8660254037844385,-0.5000000000000004,-0.7485107481711011,-0.6631226582407952
10,2010-08-27,22.95,1.051,211.045,5.952,2010,8,34,239,3,-0.8660254037844385,-0.5000000000000004,-0.8229838658936564,-0.5680647467311559
10,2010-09-03,22.78,1.099,212.444,5.176,2010,9,35,246,3,-1.0,-1.8369701987210297e-16,-0.8854560256532096,-0.4647231720437691
10,2010-09-10,18.96,0.831,213.808,7.202,2010,9,36,253,3,-1.0,-1.8369701987210297e-16,-0.9350162426854147,-0.3546048870425359
10,2010-09-17,17.58,0.66,208.259,5.571,2010,9,37,260,3,-1.0,-1.8369701987210297e-16,-0.970941817426052,-0.23931566428755774
10,2010-09-24,15.48,0.854,211.218,5.856,2010,9,38,267,3,-1.0,-1.8369701987210297e-16,-0.992708874098054,-0.12053668025532357
10,2010-10-01,25.43,1.306,213.84,5.702,2010,10,39,274,4,-0.8660254037844386,0.5000000000000001,-1.0,-1.8369701987210297e-16
10,2010-10-08,15.2,1.141,211.614,6.368,2010,10,40,281,4,-0.8660254037844386,0.5000000000000001,-0.992708874098054,0.1205366802553232
10,2010-10-15,17.38,0.851,211.722,6.646,2010,10,41,288,4,-0.8660254037844386,0.5000000000000001,-0.9709418174260521,0.23931566428755738
10,2010-10-22,13.3,1.062,210.551,6.367,2010,10,42,295,4,-0.8660254037844386,0.5000000000000001,-0.9350162426854148,0.35460488704253557
10,2010-10-29,13.64,1.401,211.547,6.377,2010,10,43,302,4,-0.8660254037844386,0.5000000000000001,-0.8854560256532101,0.464723172043768
10,2010-11-05,24.7,1.478,211.819,5.67,2010,11,44,309,4,-0.5000000000000004,0.8660254037844384,-0.822983865893657,0.5680647467311548
10,2010-11-12,28.17,1.14,213.49,5.996,2010,11,45,316,4,-0.5000000000000004,0.8660254037844384,-0.7485107481711011,0.6631226582407952
10,2010-11-19,25.78,1.765,211.928,6.571,2010,11,46,323,4,-0.5000000000000004,0.8660254037844384,-0.6631226582407955,0.7485107481711007
10,2010-11-26,31.57,1.98,207.856,6.8,2010,11,47,330,4,-0.5000000000000004,0.8660254037844384,-0.5680647467311559,0.8229838658936564
10,2010-12-03,29.14,1.49,207.366,7.652,2010,12,48,337,4,-2.4492935982947064e-16,1.0,-0.4647231720437684,0.88545602565321
10,2010-12-10,36.66,2.066,210.79,7.571,2010,12,49,344,4,-2.4492935982947064e-16,1.0,-0.35460488704253595,0.9350162426854147
10,2010-12-17,38.63,2.03,206.895,7.653,2010,12,50,351,4,-2.4492935982947064e-16,1.0,-0.2393156642875578,0.970941817426052
10,2010-12-24,35.62,2.222,208.057,7.547,2010,12,51,358,4,-2.4492935982947064e-16,1.0,-0.12053668025532363,0.992708874098054
10,2010-12-31,41.59,2.398,213.151,7.456,2010,12,52,365,4,-2.4492935982947064e-16,1.0,6.432490598706546e-16,1.0
10,2011-01-07,55.9,2.841,213.557,8.47,2011,1,1,7,1,0.49999999999999994,0.8660254037844387,0.12053668025532305,0.992708874098054
10,2011-01-14,60.43,2.823,212.134,9.509,2011,1,2,14,1,0.49999999999999994,0.8660254037844387,0.23931566428755774,0.970941817426052
10,2011-01-21,56.67,2.964,217.038,8.693,2011,1,3,21,1,0.49999999999999994,0.8660254037844387,0.3546048870425356,0.9350162426854148
10,2011-01-28,56.97,3.214,211.78,9.073,2011,1,4,28,1,0.49999999999999994,0.8660254037844387,0.4647231720437685,0.8854560256532099
10,2011-02-04,60.38,3.145,214.907,8.349,2011,2,5,35,1,0.8660254037844386,0.5000000000000001,0.5680647467311558,0.8229838658936564
10,2011-02-11,60.8,3.886,216.462,8.806,2011,2,6,42,1,0.8660254037844386,0.5000000000000001,0.6631226582407952,0.7485107481711011
10,2011-02-18,69.66,3.518,216.209,9.358,2011,2,7,49,1,0.8660254037844386,0.5000000000000001,0.7485107481711011,0.6631226582407953
10,2011-02-25,61.06,3.798,214.699,9.968,2011,2,8,56,1,0.8660254037844386,0.5000000000000001,0.8229838658936564,0.5680647467311559
10,2011-03-04,73.78,3.791,213.422,10.435,2011,3,9,63,1,1.0,6.123233995736766e-17,0.8854560256532099,0.4647231720437686
10,2011-03-11,71.79,3.949,217.226,10.347,2011,3,10,70,1,1.0,6.123233995736766e-17,0.9350162426854148,0.35460488704253557
10,2011-03-18,72.65,3.875,211.017,8.998,2011,3,11,77,1,1.0,6.123233995736766e-17,0.970941817426052,0.23931566428755804
10,2011-03-25,70.25,4.505,213.573,10.148,2011,3,12,84,1,1.0,6.123233995736766e-17,0.992708874098054,0.120536680255323
10,2011-04-01,79.03,4.086,215.879,9.073,2011,4,13,91,2,0.8660254037844387,-0.4999999999999998,1.0,-1.6081226496766366e-16
10,2011-04-08,73.18,4.073,216.392,8.503,2011,4,14,98,2,0.8660254037844387,-0.4999999999999998,0.992708874098054,-0.12053668025532288
10,2011-04-15,70.77,3.975,217.835,9.608,2011,4,15,105,2,0.8660254037844387,-0.4999999999999998,0.9709418174260521,-0.2393156642875575
10,2011-04-22,74.72,3.503,216.706,10.042,2011,4,16,112,2,0.8660254037844387,-0.4999999999999998,0.9350162426854148,-0.35460488704253545
10,2011-04-29,63.71,3.723,215.586,10.414,2011,4,17,119,2,0.8660254037844387,-0.4999999999999998,0.8854560256532099,-0.4647231720437685
10,2011-05-06,68.43,3.785,215.065,9.639,2011,5,18,126,2,0.49999999999999994,-0.8660254037844387,0.8229838658936565,-0.5680647467311557
10,2011-05-13,65.17,3.695,215.467,9.533,2011,5,19,133,2,0.49999999999999994,-0.8660254037844387,0.7485107481711013,-0.663122658240795
10,2011-05-20,71.8,3.512,213.877,8.569,2011,5,20,140,2,0.49999999999999994,-0.8660254037844387,0.6631226582407952,-0.7485107481711012
10,2011-05-27,58.62,3.774,215.164,9.701,2011,5,21,147,2,0.49999999999999994,-0.8660254037844387,0.5680647467311558,-0.8229838658936564
10,2011-06-03,59.6,3.436,217.733,9.084,2011,6,22,154,2,1.2246467991473532e-16,-1.0,0.46472317204376906,-0.8854560256532096
10,2011-06-10,61.36,2.914,214.056,9.562,2011,6,23,161,2,1.2246467991473532e-16,-1.0,0.35460488704253584,-0.9350162426854147
10,2011-06-17,45.03,2.75,213.439,8.815,2011,6,24,168,2,1.2246467991473532e-16,-1.0,0.23931566428755768,-0.970941817426052
10,2011-06-24,51.61,2.841,216.963,8.73,2011,6,25,175,2,1.2246467991473532e-16,-1.0,0.12053668025532308,-0.992708874098054
10,2011-07-01,47.11,2.646,214.168,7.798,2011,7,26,182,3,-0.4999999999999997,-0.8660254037844388,-3.216245299353273e-16,-1.0
10,2011-07-08,45.61,2.531,217.037,7.391,2011,7,27,189,3,-0.4999999999999997,-0.8660254037844388,-0.12053668025532283,-0.992708874098054
10,2011-07-15,42.43,2.233,217.212,6.989,2011,7,28,196,3,-0.4999999999999997,-0.8660254037844388,-0.23931566428755743,-0.9709418174260521
10,2011-07-22,34.94,2.058,216.717,7.449,2011,7,29,203,3,-0.4999999999999997,-0.8660254037844388,-0.3546048870425356,-0.9350162426854148
10,2011-07-29,30.69,1.802,211.537,7.101,2011,7,30,210,3,-0.4999999999999997,-0.8660254037844388,-0.46472317204376806,-0.8854560256532101
10,2011-08-05,30.75,1.832,216.549,7.115,2011,8,31,217,3,-0.8660254037844385,-0.5000000000000004,-0.5680647467311556,-0.8229838658936566
10,2011-08-12,20.73,1.89,214.628,6.939,2011,8,32,224,3,-0.8660254037844385,-0.5000000000000004,-0.663122658240795,-0.7485107481711013
10,2011-08-19,21.07,1.643,215.978,6.39,2011,8,33,231,3,-0.8660254037844385,-0.5000000000000004,-0.7485107481711011,-0.6631226582407952
10,2011-08-26,14.53,1.172,217.78,5.636,2011,8,34,238,3,-0.8660254037844385,-0.5000000000000004,-0.8229838658936564,-0.5680647467311559
10,2011-09-02,22.34,1.418,215.442,7.437,2011,9,35,245,3,-1.0,-1.8369701987210297e-16,-0.8854560256532096,-0.4647231720437691
10,2011-09-09,17.83,1.331,213.484,7.478,2011,9,36,252,3,-1.0,-1.8369701987210297e-16,-0.9350162426854147,-0.3546048870425359
10,2011-09-16,22.18,1.224,217.298,6.637,2011,9,37,259,3,-1.0,-1.8369701987210297e-16,-0.970941817426052,-0.23931566428755774
10,2011-09-23,8.33,0.617,214.443,6.447,2011,9,38,266,3,-1.0,-1.8369701987210297e-16,-0.992708874098054,-0.12053668025532357
10,2011-09-30,16.51,1.09,218.212,6.734,2011,9,39,273,3,-1.0,-1.8369701987210297e-16,-1.0,-1.8369701987210297e-16
10,2011-10-07,22.2,1.322,214.969,5.426,2011,10,40,280,4,-0.8660254037844386,0.5000000000000001,-0.992708874098054,0.1205366802553232
10,2011-10-14,14.69,1.136,215.606,6.946,2011,10,41,287,4,-0.8660254037844386,0.5000000000000001,-0.9709418174260521,0.23931566428755738
10,2011-10-21,16.07,1.485,214.168,6.181,2011,10,42,294,4,-0.8660254037844386,0.5000000000000001,-0.9350162426854148,0.35460488704253557
10,2011-10-28,17.5,1.07,212.722,6.444,2011,10,43,301,4,-0.8660254037844386,0.5000000000000001,-0.8854560256532101,0.464723172043768
10,2011-11-04,20.71,1.407,213.89,6.76,2011,11,44,308,4,-0.5000000000000004,0.8660254037844384,-0.822983865893657,0.5680647467311548
10,2011-11-11,31.49,1.476,214.49,6.344,2011,11,45,315,4,-0.5000000000000004,0.8660254037844384,-0.7485107481711011,0.6631226582407952
10,2011-11-18,28.06,1.441,216.25,6.513,2011,11,46,322,4,-0.5000000000000004,0.8660254037844384,-0.6631226582407955,0.7485107481711007
10,2011-11-25,25.83,1.808,214.518,7.241,2011,11,47,329,4,-0.5000000000000004,0.8660254037844384,-0.5680647467311559,0.8229838658936564
10,2011-12-02,31.32,2.125,213.221,7.664,2011,12,48,336,4,-2.4492935982947064e-16,1.0,-0.4647231720437684,0.88545602565321
10,2011-12-09,28.04,1.663,220.154,6.527,2011,12,49,343,4,-2.4492935982947064e-16,1.0,-0.35460488704253595,0.9350162426854147
10,2011-12-16,47.08,2.215,215.826,7.255,2011,12,50,350,4,-2.4492935982947064e-16,1.0,-0.2393156642875578,0.970941817426052
10,2011-12-23,39.36,2.084,213.643,6.992,2011,12,51,357,4,-2.4492935982947064e-16,1.0,-0.12053668025532363,0.992708874098054
10,2011-12-30,52.57,2.482,215.088,9.235,2011,12,52,364,4,-2.4492935982947064e-16,1.0,6.432490598706546e-16,1.0
10,2012-01-06,43.6,2.356,221.913,8.782,2012,1,1,6,1,0.49999999999999994,0.8660254037844387,0.12053668025532305,0.992708874098054
10,2012-01-13,57.3,3.028,222.707,8.45,2012,1,2,13,1,0.49999999999999994,0.8660254037844387,0.23931566428755774,0.970941817426052
10,2012-01-20,54.51,2.8,220.341,8.559,2012,1,3,20,1,0.49999999999999994,0.8660254037844387,0.3546048870425356,0.9350162426854148
10,2012-01-27,56.75,2.888,219.488,9.013,2012,1,4,27,1,0.49999999999999994,0.8660254037844387,0.4647231720437685,0.8854560256532099
10,2012-02-03,60.05,3.158,222.528,9.651,2012,2,5,34,1,0.8660254037844386,0.5000000000000001,0.5680647467311558,0.8229838658936564
10,2012-02-10,62.66,3.527,221.399,9.99,2012,2,6,41,1,0.8660254037844386,0.5000000000000001,0.6631226582407952,0.7485107481711011
10,2012-02-17,67.25,3.435,219.115,9.545,2012,2,7,48,1,0.8660254037844386,0.5000000000000001,0.7485107481711011,0.6631226582407953
10,2012-02-24,76.77,3.653,219.219,10.141,2012,2,8,55,1,0.8660254037844386,0.5000000000000001,0.8229838658936564,0.5680647467311559
10,2012-03-02,65.57,4.099,216.695,9.246,2012,3,9,62,1,1.0,6.123233995736766e-17,0.8854560256532099,0.4647231720437686
10,2012-03-09,75.96,4.325,221.765,10.27,2012,3,10,69,1,1.0,6.123233995736766e-17,0.9350162426854148,0.35460488704253557
10,2012-03-16,72.99,3.93,218.163,10.358,2012,3,11,76,1,1.0,6.123233995736766e-17,0.970941817426052,0.23931566428755804
10,2012-03-23,75.99,4.109,221.182,9.81,2012,3,12,83,1,1.0,6.123233995736766e-17,0.992708874098054,0.120536680255323
10,2012-03-30,81.83,4.085,221.039,10.3,2012,3,13,90,1,1.0,6.123233995736766e-17,1.0,-1.6081226496766366e-16
10,2012-04-06,78.96,3.935,219.316,9.953,2012,4,14,97,2,0.8660254037844387,-0.4999999999999998,0.992708874098054,-0.12053668025532288
10,2012-04-13,67.52,4.105,219.378,10.382,2012,4,15,104,2,0.8660254037844387,-0.4999999999999998,0.9709418174260521,-0.2393156642875575
10,2012-04-20,78.1,4.004,218.06,9.9,2012,4,16,111,2,0.8660254037844387,-0.4999999999999998,0.9350162426854148,-0.35460488704253545
10,2012-04-27,66.67,3.725,221.667,9.526,2012,4,17,118,2,0.8660254037844387,-0.4999999999999998,0.8854560256532099,-0.4647231720437685
10,2012-05-04,74.79,3.601,219.803,9.114,2012,5,18,125,2,0.49999999999999994,-0.8660254037844387,0.8229838658936565,-0.5680647467311557
10,2012-05-11,66.16,3.465,222.032,9.19,2012,5,19,132,2,0.49999999999999994,-0.8660254037844387,0.7485107481711013,-0.663122658240795
10,2012-05-18,69.31,3.898,223.657,9.343,2012,5,20,139,2,0.49999999999999994,-0.8660254037844387,0.6631226582407952,-0.7485107481711012
10,2012-05-25,62.74,3.483,221.265,8.57,2012,5,21,146,2,0.49999999999999994,-0.8660254037844387,0.5680647467311558,-0.8229838658936564
10,2012-06-01,53.02,3.27,218.547,8.272,2012,6,22,153,2,1.2246467991473532e-16,-1.0,0.46472317204376906,-0.8854560256532096
10,2012-06-08,57.22,3.179,221.136,9.102,2012,6,23,160,2,1.2246467991473532e-16,-1.0,0.35460488704253584,-0.9350162426854147
10,2012-06-15,55.54,2.932,223.92,8.869,2012,6,24,167,2,1.2246467991473532e-16,-1.0,0.23931566428755768,-0.970941817426052
10,2012-06-22,55.48,2.8,219.279,9.244,2012,6,25,174,2,1.2246467991473532e-16,-1.0,0.12053668025532308,-0.992708874098054
10,2012-06-29,50.44,2.559,219.935,7.306,2012,6,26,181,2,1.2246467991473532e-16,-1.0,-3.216245299353273e-16,-1.0
10,2012-07-06,45.82,2.454,218.935,8.59,2012,7,27,188,3,-0.4999999999999997,-0.8660254037844388,-0.12053668025532283,-0.992708874098054
10,2012-07-13,24.28,2.628,220.769,7.519,2012,7,28,195,3,-0.4999999999999997,-0.8660254037844388,-0.23931566428755743,-0.9709418174260521
10,2012-07-20,45.8,2.108,217.428,7.551,2012,7,29,202,3,-0.4999999999999997,-0.8660254037844388,-0.3546048870425356,-0.9350162426854148
10,2012-07-27,26.05,1.651,218.667,7.231,2012,7,30,209,3,-0.4999999999999997,-0.8660254037844388,-0.46472317204376806,-0.8854560256532101
10,2012-08-03,27.15,1.768,219.487,7.45,2012,8,31,216,3,-0.8660254037844385,-0.5000000000000004,-0.5680647467311556,-0.8229838658936566
10,2012-08-10,15.69,1.497,220.593,7.208,2012,8,32,223,3,-0.8660254037844385,-0.5000000000000004,-0.663122658240795,-0.7485107481711013
10,2012-08-17,16.53,0.93,222.715,6.022,2012,8,33,230,3,-0.8660254037844385,-0.5000000000000004,-0.7485107481711011,-0.6631226582407952
10,2012-08-24,22.24,1.114,218.807,6.004,2012,8,34,237,3,-0.8660254037844385,-0.5000000000000004,-0.8229838658936564,-0.5680647467311559
10,2012-08-31,25.57,1.498,223.277,5.71,2012,8,35,244,3,-0.8660254037844385,-0.5000000000000004,-0.8854560256532096,-0.4647231720437691
10,2012-09-07,20.59,1.674,218.197,6.98,2012,9,36,251,3,-1.0,-1.8369701987210297e-16,-0.9350162426854147,-0.3546048870425359
10,2012-09-14,7.37,1.023,219.444,5.926,2012,9,37,258,3,-1.0,-1.8369701987210297e-16,-0.970941817426052,-0.23931566428755774
10,2012-09-21,16.72,0.823,221.758,6.22,2012,9,38,265,3,-1.0,-1.8369701987210297e-16,-0.992708874098054,-0.12053668025532357
10,2012-09-28,13.9,1.242,216.956,6.761,2012,9,39,272,3,-1.0,-1.8369701987210297e-16,-1.0,-1.8369701987210297e-16
10,2012-10-05,11.75,1.094,224.278,6.328,2012,10,40,279,4,-0.8660254037844386,0.5000000000000001,-0.992708874098054,0.1205366802553232
10,2012-10-12,16.78,1.395,219.62,6.208,2012,10,41,286,4,-0.8660254037844386,0.5000000000000001,-0.9709418174260521,0.23931566428755738
10,2012-10-19,10.27,1.09,221.0,5.684,2012,10,42,293,4,-0.8660254037844386,0.5000000000000001,-0.9350162426854148,0.35460488704253557
10,2012-10-26,23.13,1.303,219.939,5.546,2012,10,43,300,4,-0.8660254037844386,0.5000000000000001,-0.8854560256532101,0.464723172043768
11,2010-02-05,64.05,3.485,208.007,9.616,2010,2,5,36,1,0.8660254037844386,0.5000000000000001,0.5680647467311558,0.8229838658936564
11,2010-02-12,65.62,3.668,211.189,8.925,2010,2,6,43,1,0.8660254037844386,0.5000000000000001,0.6631226582407952,0.7485107481711011
11,2010-02-19,61.72,3.802,206.292,9.84,2010,2,7,50,1,0.8660254037844386,0.5000000000000001,0.7485107481711011,0.6631226582407953
11,2010-02-26,71.05,3.446,208.615,8.967,2010,2,8,57,1,0.8660254037844386,0.5000000000000001,0.8229838658936564,0.5680647467311559
11,2010-03-05,72.61,3.808,210.511,10.43,2010,3,9,64,1,1.0,6.123233995736766e-17,0.8854560256532099,0.4647231720437686
11,2010-03-12,75.79,3.908,209.741,9.862,2010,3,10,71,1,1.0,6.123233995736766e-17,0.9350162426854148,0.35460488704253557
11,2010-03-19,75.52,3.917,208.571,9.949,2010,3,11,78,1,1.0,6.123233995736766e-17,0.970941817426052,0.23931566428755804
11,2010-03-26,66.7,4.053,211.088,10.461,2010,3,12,85,1,1.0,6.123233995736766e-17,0.992708874098054,0.120536680255323
11,2010-04-02,79.3,4.156,210.717,10.167,2010,4,13,92,2,0.8660254037844387,-0.4999999999999998,1.0,-1.6081226496766366e-16
11,2010-04-09,83.62,4.16,208.986,10.531,2010,4,14,99,2,0.8660254037844387,-0.4999999999999998,0.992708874098054,-0.12053668025532288
11,2010-04-16,78.73,3.622,208.441,10.76,2010,4,15,106,2,0.8660254037844387,-0.4999999999999998,0.9709418174260521,-0.2393156642875575
11,2010-04-23,77.69,4.023,206.334,9.553,2010,4,16,113,2,0.8660254037844387,-0.4999999999999998,0.9350162426854148,-0.35460488704253545
11,2010-04-30,77.27,3.814,210.785,9.225,2010,4,17,120,2,0.8660254037844387,-0.4999999999999998,0.8854560256532099,-0.4647231720437685
11,2010-05-07,69.94,3.586,213.016,9.259,2010,5,18,127,2,0.49999999999999994,-0.8660254037844387,0.8229838658936565,-0.5680647467311557
11,2010-05-14,71.88,3.827,209.046,9.404,2010,5,19,134,2,0.49999999999999994,-0.8660254037844387,0.7485107481711013,-0.663122658240795
11,2010-05-21,61.15,3.057,208.181,8.154,2010,5,20,141,2,0.49999999999999994,-0.8660254037844387,0.6631226582407952,-0.7485107481711012
11,2010-05-28,68.06,3.471,208.421,8.936,2010,5,21,148,2,0.49999999999999994,-0.8660254037844387,0.5680647467311558,-0.8229838658936564
11,2010-06-04,55.59,3.267,210.954,9.897,2010,6,22,155,2,1.2246467991473532e-16,-1.0,0.46472317204376906,-0.8854560256532096
11,2010-06-11,56.12,3.02,213.095,9.223,2010,6,23,162,2,1.2246467991473532e-16,-1.0,0.35460488704253584,-0.9350162426854147
11,2010-06-18,48.04,3.002,209.079,8.933,2010,6,24,169,2,1.2246467991473532e-16,-1.0,0.23931566428755768,-0.970941817426052
11,2010-06-25,50.43,2.85,211.666,8.416,2010,6,25,176,2,1.2246467991473532e-16,-1.0,0.12053668025532308,-0.992708874098054
11,2010-07-02,45.41,2.506,206.349,7.716,2010,7,26,183,3,-0.4999999999999997,-0.8660254037844388,-3.216245299353273e-16,-1.0
11,2010-07-09,42.15,2.34,207.398,8.333,2010,7,27,190,3,-0.4999999999999997,-0.8660254037844388,-0.12053668025532283,-0.992708874098054
11,2010-07-16,38.29,2.354,209.913,7.123,2010,7,28,197,3,-0.4999999999999997,-0.8660254037844388,-0.23931566428755743,-0.9709418174260521
11,2010-07-23,29.64,1.933,208.555,7.686,2010,7,29,204,3,-0.4999999999999997,-0.8660254037844388,-0.3546048870425356,-0.9350162426854148
11,2010-07-30,38.65,1.587,212.001,7.687,2010,7,30,211,3,-0.4999999999999997,-0.8660254037844388,-0.46472317204376806,-0.8854560256532101
11,2010-08-06,25.56,1.578,207.925,5.959,2010,8,31,218,3,-0.8660254037844385,-0.5000000000000004,-0.5680647467311556,-0.8229838658936566
11,2010-08-13,24.6,1.63,210.641,5.955,2010,8,32,225,3,-0.8660254037844385,-0.5000000000000004,-0.663122658240795,-0.7485107481711013
11,2010-08-20,23.78,1.204,206.867,7.264,2010,8,33,232,3,-0.8660254037844385,-0.5000000000000004,-0.7485107481711011,-0.6631226582407952
11,2010-08-27,17.71,1.274,210.937,6.339,2010,8,34,239,3,-0.8660254037844385,-0.5000000000000004,-0.8229838658936564,-0.5680647467311559
11,2010-09-03,22.19,0.763,212.585,5.866,2010,9,35,246,3,-1.0,-1.8369701987210297e-16,-0.8854560256532096,-0.4647231720437691
11,2010-09-10,13.73,1.029,212.203,5.135,2010,9,36,253,3,-1.0,-1.8369701987210297e-16,-0.9350162426854147,-0.3546048870425359
11,2010-09-17,21.07,0.966,210.817,6.465,2010,9,37,260,3,-1.0,-1.8369701987210297e-16,-0.970941817426052,-0.23931566428755774
11,2010-09-24,20.85,1.469,208.974,6.153,2010,9,38,267,3,-1.0,-1.8369701987210297e-16,-0.992708874098054,-0.12053668025532357
11,2010-10-01,8.51,0.832,210.857,5.504,2010,10,39,274,4,-0.8660254037844386,0.5000000000000001,-1.0,-1.8369701987210297e-16
11,2010-10-08,14.58,1.264,212.548,5.775,2010,10,40,281,4,-0.8660254037844386,0.5000000000000001,-0.992708874098054,0.1205366802553232
11,2010-10-15,15.56,0.971,210.721,6.214,2010,10,41,288,4,-0.8660254037844386,0.5000000000000001,-0.9709418174260521,0.23931566428755738
11,2010-10-22,29.97,0.745,206.943,6.149,2010,10,42,295,4,-0.8660254037844386,0.5000000000000001,-0.9350162426854148,0.35460488704253557
11,2010-10-29,12.84,1.215,212.449,6.224,2010,10,43,302,4,-0.8660254037844386,0.5000000000000001,-0.8854560256532101,0.464723172043768
11,2010-11-05,24.01,1.516,208.658,6.606,2010,11,44,309,4,-0.5000000000000004,0.8660254037844384,-0.822983865893657,0.5680647467311548
11,2010-11-12,7.66,1.417,211.033,7.062,2010,11,45,316,4,-0.5000000000000004,0.8660254037844384,-0.7485107481711011,0.6631226582407952
11,2010-11-19,16.17,1.41,209.122,5.439,2010,11,46,323,4,-0.5000000000000004,0.8660254037844384,-0.6631226582407955,0.7485107481711007
11,2010-11-26,30.62,1.631,205.777,6.637,2010,11,47,330,4,-0.5000000000000004,0.8660254037844384,-0.5680647467311559,0.8229838658936564
11,2010-12-03,37.0,1.836,210.29,6.584,2010,12,48,337,4,-2.4492935982947064e-16,1.0,-0.4647231720437684,0.88545602565321
11,2010-12-10,25.31,2.173,213.925,7.082,2010,12,49,344,4,-2.4492935982947064e-16,1.0,-0.35460488704253595,0.9350162426854147
11,2010-12-17,37.25,1.932,211.679,7.78,2010,12,50,351,4,-2.4492935982947064e-16,1.0,-0.2393156642875578,0.970941817426052
11,2010-12-24,39.55,2.452,211.287,8.33,2010,12,51,358,4,-2.4492935982947064e-16,1.0,-0.12053668025532363,0.992708874098054
11,2010-12-31,43.8,2.586,211.362,7.689,2010,12,52,365,4,-2.4492935982947064e-16,1.0,6.432490598706546e-16,1.0
11,2011-01-07,53.46,2.714,212.622,7.794,2011,1,1,7,1,0.49999999999999994,0.8660254037844387,0.12053668025532305,0.992708874098054
11,2011-01-14,52.46,3.218,216.961,8.613,2011,1,2,14,1,0.49999999999999994,0.8660254037844387,0.23931566428755774,0.970941817426052
11,2011-01-21,59.68,3.097,215.907,8.685,2011,1,3,21,1,0.49999999999999994,0.8660254037844387,0.3546048870425356,0.9350162426854148
11,2011-01-28,61.61,3.396,213.81,9.512,2011,1,4,28,1,0.49999999999999994,0.8660254037844387,0.4647231720437685,0.8854560256532099
11,2011-02-04,61.93,3.908,212.555,9.193,2011,2,5,35,1,0.8660254037844386,0.5000000000000001,0.5680647467311558,0.8229838658936564
11,2011-02-11,66.68,3.383,215.574,9.721,2011,2,6,42,1,0.8660254037844386,0.5000000000000001,0.6631226582407952,0.7485107481711011
11,2011-02-18,61.89,3.656,216.027,9.205,2011,2,7,49,1,0.8660254037844386,0.5000000000000001,0.7485107481711011,0.6631226582407953
11,2011-02-25,74.04,3.66,217.923,9.542,2011,2,8,56,1,0.8660254037844386,0.5000000000000001,0.8229838658936564,0.5680647467311559
11,2011-03-04,59.23,3.596,216.424,9.856,2011,3,9,63,1,1.0,6.123233995736766e-17,0.8854560256532099,0.4647231720437686
11,2011-03-11,69.72,3.883,213.929,10.228,2011,3,10,70,1,1.0,6.123233995736766e-17,0.9350162426854148,0.35460488704253557
11,2011-03-18,76.54,4.092,214.093,10.294,2011,3,11,77,1,1.0,6.123233995736766e-17,0.970941817426052,0.23931566428755804
11,2011-03-25,80.25,4.215,217.455,9.911,2011,3,12,84,1,1.0,6.123233995736766e-17,0.992708874098054,0.120536680255323
11,2011-04-01,72.75,3.863,211.954,9.726,2011,4,13,91,2,0.8660254037844387,-0.4999999999999998,1.0,-1.6081226496766366e-16
11,2011-04-08,69.91,3.921,215.667,9.781,2011,4,14,98,2,0.8660254037844387,-0.4999999999999998,0.992708874098054,-0.12053668025532288
11,2011-04-15,60.54,3.939,215.975,9.27,2011,4,15,105,2,0.8660254037844387,-0.4999999999999998,0.9709418174260521,-0.2393156642875575
11,2011-04-22,75.34,3.563,215.233,10.817,2011,4,16,112,2,0.8660254037844387,-0.4999999999999998,0.9350162426854148,-0.35460488704253545
11,2011-04-29,80.19,4.067,215.781,9.316,2011,4,17,119,2,0.8660254037844387,-0.4999999999999998,0.8854560256532099,-0.4647231720437685
11,2011-05-06,74.1,3.958,210.47,9.384,2011,5,18,126,2,0.49999999999999994,-0.8660254037844387,0.8229838658936565,-0.5680647467311557
11,2011-05-13,79.31,3.16,212.305,9.99,2011,5,19,133,2,0.49999999999999994,-0.8660254037844387,0.7485107481711013,-0.663122658240795
11,2011-05-20,65.85,3.232,214.009,9.3,2011,5,20,140,2,0.49999999999999994,-0.8660254037844387,0.6631226582407952,-0.7485107481711012
11,2011-05-27,62.08,3.53,215.677,9.162,2011,5,21,147,2,0.49999999999999994,-0.8660254037844387,0.5680647467311558,-0.8229838658936564
11,2011-06-03,55.35,3.476,215.405,9.26,2011,6,22,154,2,1.2246467991473532e-16,-1.0,0.46472317204376906,-0.8854560256532096
11,2011-06-10,48.3,2.946,213.157,8.694,2011,6,23,161,2,1.2246467991473532e-16,-1.0,0.35460488704253584,-0.9350162426854147
11,2011-06-17,53.33,3.17,211.348,8.903,2011,6,24,168,2,1.2246467991473532e-16,-1.0,0.23931566428755768,-0.970941817426052
11,2011-06-24,56.23,3.057,218.186,8.322,2011,6,25,175,2,1.2246467991473532e-16,-1.0,0.12053668025532308,-0.992708874098054
11,2011-07-01,49.14,2.539,218.451,8.389,2011,7,26,182,3,-0.4999999999999997,-0.8660254037844388,-3.216245299353273e-16,-1.0
11,2011-07-08,36.93,2.552,215.74,8.2,2011,7,27,189,3,-0.4999999999999997,-0.8660254037844388,-0.12053668025532283,-0.992708874098054
11,2011-07-15,30.56,2.291,211.94,7.59,2011,7,28,196,3,-0.4999999999999997,-0.8660254037844388,-0.23931566428755743,-0.9709418174260521
11,2011-07-22,43.45,1.836,217.281,7.354,2011,7,29,203,3,-0.4999999999999997,-0.8660254037844388,-0.3546048870425356,-0.9350162426854148
11,2011-07-29,19.77,1.741,215.084,7.139,2011,7,30,210,3,-0.4999999999999997,-0.8660254037844388,-0.46472317204376806,-0.8854560256532101
11,2011-08-05,29.46,1.934,212.356,7.111,2011,8,31,217,3,-0.8660254037844385,-0.5000000000000004,-0.5680647467311556,-0.8229838658936566
11,2011-08-12,34.73,1.718,217.466,6.781,2011,8,32,224,3,-0.8660254037844385,-0.5000000000000004,-0.663122658240795,-0.7485107481711013
11,2011-08-19,19.54,1.536,216.089,6.219,2011,8,33,231,3,-0.8660254037844385,-0.5000000000000004,-0.7485107481711011,-0.6631226582407952
11,2011-08-26,26.67,0.895,215.818,6.716,2011,8,34,238,3,-0.8660254037844385,-0.5000000000000004,-0.8229838658936564,-0.5680647467311559
11,2011-09-02,16.69,1.173,215.318,6.076,2011,9,35,245,3,-1.0,-1.8369701987210297e-16,-0.8854560256532096,-0.4647231720437691
11,2011-09-09,16.56,1.089,214.381,5.659,2011,9,36,252,3,-1.0,-1.8369701987210297e-16,-0.9350162426854147,-0.3546048870425359
11,2011-09-16,14.23,1.064,218.846,6.386,2011,9,37,259,3,-1.0,-1.8369701987210297e-16,-0.970941817426052,-0.23931566428755774
11,2011-09-23,20.36,0.847,217.982,5.531,2011,9,38,266,3,-1.0,-1.8369701987210297e-16,-0.992708874098054,-0.12053668025532357
11,2011-09-30,15.2,1.18,216.535,5.48,2011,9,39,273,3,-1.0,-1.8369701987210297e-16,-1.0,-1.8369701987210297e-16
11,2011-10-07,19.91,1.315,216.796,6.017,2011,10,40,280,4,-0.8660254037844386,0.5000000000000001,-0.992708874098054,0.1205366802553232
11,2011-10-14,15.06,1.25,211.46,5.782,2011,10,41,287,4,-0.8660254037844386,0.5000000000000001,-0.9709418174260521,0.23931566428755738
11,2011-10-21,16.99,1.043,213.387,5.83,2011,10,42,294,4,-0.8660254037844386,0.5000000000000001,-0.9350162426854148,0.35460488704253557
11,2011-10-28,23.09,1.276,215.484,5.882,2011,10,43,301,4,-0.8660254037844386,0.5000000000000001,-0.8854560256532101,0.464723172043768
11,2011-11-04,15.41,1.231,214.587,6.83,2011,11,44,308,4,-0.5000000000000004,0.8660254037844384,-0.822983865893657,0.5680647467311548
11,2011-11-11,16.98,1.061,216.624,5.941,2011,11,45,315,4,-0.5000000000000004,0.8660254037844384,-0.7485107481711011,0.6631226582407952
11,2011-11-18,23.95,1.59,215.864,6.903,2011,11,46,322,4,-0.5000000000000004,0.8660254037844384,-0.6631226582407955,0.7485107481711007
11,2011-11-25,23.21,1.937,214.034,5.979,2011,11,47,329,4,-0.5000000000000004,0.8660254037844384,-0.5680647467311559,0.8229838658936564
11,2011-12-02,37.2,1.913,216.971,7.588,2011,12,48,336,4,-2.4492935982947064e-16,1.0,-0.4647231720437684,0.88545602565321
11,2011-12-09,35.41,2.098,214.625,7.285,2011,12,49,343,4,-2.4492935982947064e-16,1.0,-0.35460488704253595,0.9350162426854147
11,2011-12-16,46.42,2.35,212.56,7.163,2011,12,50,350,4,-2.4492935982947064e-16,1.0,-0.2393156642875578,0.970941817426052
11,2011-12-23,46.31,2.109,215.091,7.308,2011,12,51,357,4,-2.4492935982947064e-16,1.0,-0.12053668025532363,0.992708874098054
11,2011-12-30,44.0,2.232,213.245,7.913,2011,12,52,364,4,-2.4492935982947064e-16,1.0,6.432490598706546e-16,1.0
11,2012-01-06,38.83,3.075,220.994,7.378,2012,1,1,6,1,0.49999999999999994,0.8660254037844387,0.12053668025532305,0.992708874098054
11,2012-01-13,60.92,2.724,220.213,8.054,2012,1,2,13,1,0.49999999999999994,0.8660254037844387,0.23931566428755774,0.970941817426052
11,2012-01-20,59.3,3.17,220.339,8.89,2012,1,3,20,1,0.49999999999999994,0.8660254037844387,0.3546048870425356,0.9350162426854148
11,2012-01-27,60.77,3.195,221.187,7.792,2012,1,4,27,1,0.49999999999999994,0.8660254037844387,0.4647231720437685,0.8854560256532099
11,2012-02-03,63.9,3.801,219.565,9.469,2012,2,5,34,1,0.8660254037844386,0.5000000000000001,0.5680647467311558,0.8229838658936564
11,2012-02-10,67.1,3.374,222.296,9.606,2012,2,6,41,1,0.8660254037844386,0.5000000000000001,0.6631226582407952,0.7485107481711011
11,2012-02-17,66.01,3.481,220.863,8.542,2012,2,7,48,1,0.8660254037844386,0.5000000000000001,0.7485107481711011,0.6631226582407953
11,2012-02-24,67.5,3.243,220.18,9.677,2012,2,8,55,1,0.8660254037844386,0.5000000000000001,0.8229838658936564,0.5680647467311559
11,2012-03-02,70.75,3.759,220.298,10.302,2012,3,9,62,1,1.0,6.123233995736766e-17,0.8854560256532099,0.4647231720437686
11,2012-03-09,77.67,3.317,220.155,10.199,2012,3,10,69,1,1.0,6.123233995736766e-17,0.9350162426854148,0.35460488704253557
11,2012-03-16,76.17,3.929,220.242,9.633,2012,3,11,76,1,1.0,6.123233995736766e-17,0.970941817426052,0.23931566428755804
11,2012-03-23,65.9,4.129,220.053,9.532,2012,3,12,83,1,1.0,6.123233995736766e-17,0.992708874098054,0.120536680255323
11,2012-03-30,75.19,3.936,221.444,10.051,2012,3,13,90,1,1.0,6.123233995736766e-17,1.0,-1.6081226496766366e-16
11,2012-04-06,77.0,3.749,216.025,9.978,2012,4,14,97,2,0.8660254037844387,-0.4999999999999998,0.992708874098054,-0.12053668025532288
11,2012-04-13,73.97,4.218,221.32,10.312,2012,4,15,104,2,0.8660254037844387,-0.4999999999999998,0.9709418174260521,-0.2393156642875575
11,2012-04-20,67.52,3.741,220.978,10.592,2012,4,16,111,2,0.8660254037844387,-0.4999999999999998,0.9350162426854148,-0.35460488704253545
11,2012-04-27,73.19,4.0,219.847,10.328,2012,4,17,118,2,0.8660254037844387,-0.4999999999999998,0.8854560256532099,-0.4647231720437685
11,2012-05-04,61.08,3.682,219.547,8.757,2012,5,18,125,2,0.49999999999999994,-0.8660254037844387,0.8229838658936565,-0.5680647467311557
11,2012-05-11,64.91,3.587,218.749,9.349,2012,5,19,132,2,0.49999999999999994,-0.8660254037844387,0.7485107481711013,-0.663122658240795
11,2012-05-18,60.36,3.725,222.704,9.602,2012,5,20,139,2,0.49999999999999994,-0.8660254037844387,0.6631226582407952,-0.7485107481711012
11,2012-05-25,63.04,3.341,217.614,10.423,2012,5,21,146,2,0.49999999999999994,-0.8660254037844387,0.5680647467311558,-0.8229838658936564
11,2012-06-01,58.93,3.436,219.127,9.071,2012,6,22,153,2,1.2246467991473532e-16,-1.0,0.46472317204376906,-0.8854560256532096
11,2012-06-08,60.09,3.503,219.838,8.689,2012,6,23,160,2,1.2246467991473532e-16,-1.0,0.35460488704253584,-0.9350162426854147
11,2012-06-15,50.5,2.735,221.595,8.204,2012,6,24,167,2,1.2246467991473532e-16,-1.0,0.23931566428755768,-0.970941817426052
11,2012-06-22,46.93,3.024,219.266,7.342,2012,6,25,174,2,1.2246467991473532e-16,-1.0,0.12053668025532308,-0.992708874098054
11,2012-06-29,50.98,2.905,219.862,8.627,2012,6,26,181,2,1.2246467991473532e-16,-1.0,-3.216245299353273e-16,-1.0
11,2012-07-06,52.23,2.265,216.978,8.226,2012,7,27,188,3,-0.4999999999999997,-0.8660254037844388,-0.12053668025532283,-0.992708874098054
11,2012-07-13,31.17,2.461,220.393,6.933,2012,7,28,195,3,-0.4999999999999997,-0.8660254037844388,-0.23931566428755743,-0.9709418174260521
11,2012-07-20,34.4,2.28,220.022,7.565,2012,7,29,202,3,-0.4999999999999997,-0.8660254037844388,-0.3546048870425356,-0.9350162426854148
11,2012-07-27,37.97,1.814,221.483,5.861,2012,7,30,209,3,-0.4999999999999997,-0.8660254037844388,-0.46472317204376806,-0.8854560256532101
11,2012-08-03,30.77,1.628,217.732,7.437,2012,8,31,216,3,-0.8660254037844385,-0.5000000000000004,-0.5680647467311556,-0.8229838658936566
11,2012-08-10,30.39,1.932,221.064,5.875,2012,8,32,223,3,-0.8660254037844385,-0.5000000000000004,-0.663122658240795,-0.7485107481711013
11,2012-08-17,22.7,1.634,215.855,6.576,2012,8,33,230,3,-0.8660254037844385,-0.5000000000000004,-0.7485107481711011,-0.6631226582407952
11,2012-08-24,25.49,1.454,221.981,5.607,2012,8,34,237,3,-0.8660254037844385,-0.5000000000000004,-0.8229838658936564,-0.5680647467311559
11,2012-08-31,15.21,1.416,222.565,6.939,2012,8,35,244,3,-0.8660254037844385,-0.5000000000000004,-0.8854560256532096,-0.4647231720437691
11,2012-09-07,21.58,1.468,218.033,6.953,2012,9,36,251,3,-1.0,-1.8369701987210297e-16,-0.9350162426854147,-0.3546048870425359
11,2012-09-14,17.38,1.032,219.649,6.606,2012,9,37,258,3,-1.0,-1.8369701987210297e-16,-0.970941817426052,-0.23931566428755774
11,2012-09-21,13.28,1.235,222.105,5.426,2012,9,38,265,3,-1.0,-1.8369701987210297e-16,-0.992708874098054,-0.12053668025532357
11,2012-09-28,20.55,0.959,218.344,6.152,2012,9,39,272,3,-1.0,-1.8369701987210297e-16,-1.0,-1.8369701987210297e-16
11,2012-10-05,14.23,0.694,223.317,5.424,2012,10,40,279,4,-0.8660254037844386,0.5000000000000001,-0.992708874098054,0.1205366802553232
11,2012-10-12,15.94,0.516,217.887,6.478,2012,10,41,286,4,-0.8660254037844386,0.5000000000000001,-0.9709418174260521,0.23931566428755738
11,2012-10-19,28.49,0.781,218.588,6.117,2012,10,42,293,4,-0.8660254037844386,0.5000000000000001,-0.9350162426854148,0.35460488704253557
11,2012-10-26,15.16,1.274,221.102,5.819,2012,10,43,300,4,-0.8660254037844386,0.5000000000000001,-0.8854560256532101,0.464723172043768
12,2010-02-05,65.89,3.327,208.161,8.689,2010,2,5,36,1,0.8660254037844386,0.5000000000000001,0.5680647467311558,0.8229838658936564
12,2010-02-12,59.8,3.333,209.934,8.93,2010,2,6,43,1,0.8660254037844386,0.5000000000000001,0.6631226582407952,0.7485107481711011
12,2010-02-19,84.53,3.604,207.35,9.667,2010,2,7,50,1,0.8660254037844386,0.5000000000000001,0.7485107481711011,0.6631226582407953
12,2010-02-26,73.75,3.597,210.77,9.226,2010,2,8,57,1,0.8660254037844386,0.5000000000000001,0.8229838658936564,0.5680647467311559
12,2010-03-05,73.64,4.028,208.903,10.206,2010,3,9,64,1,1.0,6.123233995736766e-17,0.8854560256532099,0.4647231720437686
12,2010-03-12,74.26,4.316,209.463,10.477,2010,3,10,71,1,1.0,6.123233995736766e-17,0.9350162426854148,0.35460488704253557
12,2010-03-19,78.87,3.885,208.717,9.944,2010,3,11,78,1,1.0,6.123233995736766e-17,0.970941817426052,0.23931566428755804
12,2010-03-26,71.54,4.042,209.963,9.93,2010,3,12,85,1,1.0,6.123233995736766e-17,0.992708874098054,0.120536680255323
12,2010-04-02,83.52,4.059,206.588,9.731,2010,4,13,92,2,0.8660254037844387,-0.4999999999999998,1.0,-1.6081226496766366e-16
12,2010-04-09,85.95,3.775,211.242,9.383,2010,4,14,99,2,0.8660254037844387,-0.4999999999999998,0.992708874098054,-0.12053668025532288
12,2010-04-16,74.91,4.01,209.594,9.788,2010,4,15,106,2,0.8660254037844387,-0.4999999999999998,0.9709418174260521,-0.2393156642875575
12,2010-04-23,78.36,4.271,209.69,10.237,2010,4,16,113,2,0.8660254037844387,-0.4999999999999998,0.9350162426854148,-0.35460488704253545
12,2010-04-30,76.73,3.589,210.509,9.648,2010,4,17,120,2,0.8660254037844387,-0.4999999999999998,0.8854560256532099,-0.4647231720437685
12,2010-05-07,75.8,3.816,207.487,10.72,2010,5,18,127,2,0.49999999999999994,-0.8660254037844387,0.8229838658936565,-0.5680647467311557
12,2010-05-14,63.99,3.485,207.131,8.957,2010,5,19,134,2,0.49999999999999994,-0.8660254037844387,0.7485107481711013,-0.663122658240795
12,2010-05-21,63.83,3.183,211.878,8.703,2010,5,20,141,2,0.49999999999999994,-0.8660254037844387,0.6631226582407952,-0.7485107481711012
12,2010-05-28,68.97,3.734,209.951,9.391,2010,5,21,148,2,0.49999999999999994,-0.8660254037844387,0.5680647467311558,-0.8229838658936564
12,2010-06-04,68.03,3.244,208.2,8.795,2010,6,22,155,2,1.2246467991473532e-16,-1.0,0.46472317204376906,-0.8854560256532096
12,2010-06-11,53.51,3.069,206.948,9.975,2010,6,23,162,2,1.2246467991473532e-16,-1.0,0.35460488704253584,-0.9350162426854147
12,2010-06-18,50.66,2.987,211.157,8.26,2010,6,24,169,2,1.2246467991473532e-16,-1.0,0.23931566428755768,-0.970941817426052
12,2010-06-25,48.94,2.976,207.426,7.83,2010,6,25,176,2,1.2246467991473532e-16,-1.0,0.12053668025532308,-0.992708874098054
12,2010-07-02,50.6,2.301,208.109,7.904,2010,7,26,183,3,-0.4999999999999997,-0.8660254037844388,-3.216245299353273e-16,-1.0
12,2010-07-09,41.21,2.219,212.257,8.315,2010,7,27,190,3,-0.4999999999999997,-0.8660254037844388,-0.12053668025532283,-0.992708874098054
12,2010-07-16,30.09,2.701,210.233,7.471,2010,7,28,197,3,-0.4999999999999997,-0.8660254037844388,-0.23931566428755743,-0.9709418174260521
12,2010-07-23,31.31,2.103,207.912,7.232,2010,7,29,204,3,-0.4999999999999997,-0.8660254037844388,-0.3546048870425356,-0.9350162426854148
12,2010-07-30,35.14,1.553,207.866,6.319,2010,7,30,211,3,-0.4999999999999997,-0.8660254037844388,-0.46472317204376806,-0.8854560256532101
12,2010-08-06,24.03,1.697,208.672,6.874,2010,8,31,218,3,-0.8660254037844385,-0.5000000000000004,-0.5680647467311556,-0.8229838658936566
12,2010-08-13,22.18,1.361,213.883,6.384,2010,8,32,225,3,-0.8660254037844385,-0.5000000000000004,-0.663122658240795,-0.7485107481711013
12,2010-08-20,18.93,1.469,211.432,6.865,2010,8,33,232,3,-0.8660254037844385,-0.5000000000000004,-0.7485107481711011,-0.6631226582407952
12,2010-08-27,16.16,1.134,209.904,6.147,2010,8,34,239,3,-0.8660254037844385,-0.5000000000000004,-0.8229838658936564,-0.5680647467311559
12,2010-09-03,14.29,1.298,213.508,6.662,2010,9,35,246,3,-1.0,-1.8369701987210297e-16,-0.8854560256532096,-0.4647231720437691
12,2010-09-10,5.02,1.51,205.912,6.606,2010,9,36,253,3,-1.0,-1.8369701987210297e-16,-0.9350162426854147,-0.3546048870425359
12,2010-09-17,21.41,1.226,213.505,6.608,2010,9,37,260,3,-1.0,-1.8369701987210297e-16,-0.970941817426052,-0.23931566428755774
12,2010-09-24,9.61,1.096,208.517,6.471,2010,9,38,267,3,-1.0,-1.8369701987210297e-16,-0.992708874098054,-0.12053668025532357
12,2010-10-01,19.11,1.195,211.441,5.659,2010,10,39,274,4,-0.8660254037844386,0.5000000000000001,-1.0,-1.8369701987210297e-16
12,2010-10-08,22.27,0.933,209.916,6.086,2010,10,40,281,4,-0.8660254037844386,0.5000000000000001,-0.992708874098054,0.1205366802553232
12,2010-10-15,18.06,1.165,211.972,5.808,2010,10,41,288,4,-0.8660254037844386,0.5000000000000001,-0.9709418174260521,0.23931566428755738
12,2010-10-22,12.54,1.117,208.153,5.264,2010,10,42,295,4,-0.8660254037844386,0.5000000000000001,-0.9350162426854148,0.35460488704253557
12,2010-10-29,23.41,0.989,209.388,6.098,2010,10,43,302,4,-0.8660254037844386,0.5000000000000001,-0.8854560256532101,0.464723172043768
12,2010-11-05,17.69,1.87,206.05,6.5,2010,11,44,309,4,-0.5000000000000004,0.8660254037844384,-0.822983865893657,0.5680647467311548
12,2010-11-12,22.56,1.582,208.691,6.946,2010,11,45,316,4,-0.5000000000000004,0.8660254037844384,-0.7485107481711011,0.6631226582407952
12,2010-11-19,23.88,1.747,209.761,6.234,2010,11,46,323,4,-0.5000000000000004,0.8660254037844384,-0.6631226582407955,0.7485107481711007
12,2010-11-26,26.31,1.585,207.422,6.157,2010,11,47,330,4,-0.5000000000000004,0.8660254037844384,-0.5680647467311559,0.8229838658936564
12,2010-12-03,30.74,2.106,209.524,6.185,2010,12,48,337,4,-2.4492935982947064e-16,1.0,-0.4647231720437684,0.88545602565321
12,2010-12-10,33.83,1.859,213.3,7.822,2010,12,49,344,4,-2.4492935982947064e-16,1.0,-0.35460488704253595,0.9350162426854147
12,2010-12-17,41.81,2.164,211.417,7.263,2010,12,50,351,4,-2.4492935982947064e-16,1.0,-0.2393156642875578,0.970941817426052
12,2010-12-24,48.6,2.119,208.66,8.26,2010,12,51,358,4,-2.4492935982947064e-16,1.0,-0.12053668025532363,0.992708874098054
12,2010-12-31,48.34,2.916,207.079,7.782,2010,12,52,365,4,-2.4492935982947064e-16,1.0,6.432490598706546e-16,1.0
12,2011-01-07,58.58,2.876,215.367,7.619,2011,1,1,7,1,0.49999999999999994,0.8660254037844387,0.12053668025532305,0.992708874098054
12,2011-01-14,58.06,2.981,217.205,8.217,2011,1,2,14,1,0.49999999999999994,0.8660254037844387,0.23931566428755774,0.970941817426052
12,2011-01-21,51.12,3.284,213.565,8.313,2011,1,3,21,1,0.49999999999999994,0.8660254037844387,0.3546048870425356,0.9350162426854148
12,2011-01-28,47.57,3.348,212.724,8.751,2011,1,4,28,1,0.49999999999999994,0.8660254037844387,0.4647231720437685,0.8854560256532099
12,2011-02-04,49.75,3.326,213.733,9.037,2011,2,5,35,1,0.8660254037844386,0.5000000000000001,0.5680647467311558,0.8229838658936564
12,2011-02-11,75.34,3.459,215.783,8.621,2011,2,6,42,1,0.8660254037844386,0.5000000000000001,0.6631226582407952,0.7485107481711011
12,2011-02-18,67.84,3.688,213.04,10.16,2011,2,7,49,1,0.8660254037844386,0.5000000000000001,0.7485107481711011,0.6631226582407953
12,2011-02-25,68.79,3.13,212.209,9.771,2011,2,8,56,1,0.8660254037844386,0.5000000000000001,0.8229838658936564,0.5680647467311559
12,2011-03-04,70.76,3.844,214.373,9.672,2011,3,9,63,1,1.0,6.123233995736766e-17,0.8854560256532099,0.4647231720437686
12,2011-03-11,81.08,4.26,212.121,10.297,2011,3,10,70,1,1.0,6.123233995736766e-17,0.9350162426854148,0.35460488704253557
12,2011-03-18,81.18,4.088,215.777,10.234,2011,3,11,77,1,1.0,6.123233995736766e-17,0.970941817426052,0.23931566428755804
12,2011-03-25,77.92,3.621,216.452,10.313,2011,3,12,84,1,1.0,6.123233995736766e-17,0.992708874098054,0.120536680255323
12,2011-04-01,77.76,3.76,211.157,9.975,2011,4,13,91,2,0.8660254037844387,-0.4999999999999998,1.0,-1.6081226496766366e-16
12,2011-04-08,80.61,4.214,214.216,10.092,2011,4,14,98,2,0.8660254037844387,-0.4999999999999998,0.992708874098054,-0.12053668025532288
12,2011-04-15,72.2,4.173,216.238,9.714,2011,4,15,105,2,0.8660254037844387,-0.4999999999999998,0.9709418174260521,-0.2393156642875575
12,2011-04-22,72.93,4.137,215.895,10.423,2011,4,16,112,2,0.8660254037844387,-0.4999999999999998,0.9350162426854148,-0.35460488704253545
12,2011-04-29,72.28,4.108,216.184,9.332,2011,4,17,119,2,0.8660254037844387,-0.4999999999999998,0.8854560256532099,-0.4647231720437685
12,2011-05-06,69.28,3.762,212.798,8.737,2011,5,18,126,2,0.49999999999999994,-0.8660254037844387,0.8229838658936565,-0.5680647467311557
12,2011-05-13,61.84,3.544,218.941,9.255,2011,5,19,133,2,0.49999999999999994,-0.8660254037844387,0.7485107481711013,-0.663122658240795
12,2011-05-20,70.18,3.39,214.729,9.522,2011,5,20,140,2,0.49999999999999994,-0.8660254037844387,0.6631226582407952,-0.7485107481711012
12,2011-05-27,65.73,3.446,213.876,10.052,2011,5,21,147,2,0.49999999999999994,-0.8660254037844387,0.5680647467311558,-0.8229838658936564
12,2011-06-03,64.11,3.203,212.175,9.354,2011,6,22,154,2,1.2246467991473532e-16,-1.0,0.46472317204376906,-0.8854560256532096
12,2011-06-10,46.16,2.584,220.03,10.25,2011,6,23,161,2,1.2246467991473532e-16,-1.0,0.35460488704253584,-0.9350162426854147
12,2011-06-17,52.72,3.055,216.57,7.865,2011,6,24,168,2,1.2246467991473532e-16,-1.0,0.23931566428755768,-0.970941817426052
12,2011-06-24,48.81,2.861,214.695,8.102,2011,6,25,175,2,1.2246467991473532e-16,-1.0,0.12053668025532308,-0.992708874098054
12,2011-07-01,47.69,2.321,216.547,9.664,2011,7,26,182,3,-0.4999999999999997,-0.8660254037844388,-3.216245299353273e-16,-1.0
12,2011-07-08,49.54,2.355,217.418,7.829,2011,7,27,189,3,-0.4999999999999997,-0.8660254037844388,-0.12053668025532283,-0.992708874098054
12,2011-07-15,38.98,2.401,217.8,7.153,2011,7,28,196,3,-0.4999999999999997,-0.8660254037844388,-0.23931566428755743,-0.9709418174260521
12,2011-07-22,32.92,1.724,217.221,6.222,2011,7,29,203,3,-0.4999999999999997,-0.8660254037844388,-0.3546048870425356,-0.9350162426854148
12,2011-07-29,28.24,2.073,217.206,6.92,2011,7,30,210,3,-0.4999999999999997,-0.8660254037844388,-0.46472317204376806,-0.8854560256532101
12,2011-08-05,25.82,1.653,217.958,6.84,2011,8,31,217,3,-0.8660254037844385,-0.5000000000000004,-0.5680647467311556,-0.8229838658936566
12,2011-08-12,32.85,1.355,220.122,5.608,2011,8,32,224,3,-0.8660254037844385,-0.5000000000000004,-0.663122658240795,-0.7485107481711013
12,2011-08-19,31.28,1.456,212.437,6.598,2011,8,33,231,3,-0.8660254037844385,-0.5000000000000004,-0.7485107481711011,-0.6631226582407952
12,2011-08-26,19.4,1.484,215.299,6.456,2011,8,34,238,3,-0.8660254037844385,-0.5000000000000004,-0.8229838658936564,-0.5680647467311559
12,2011-09-02,18.08,1.331,214.405,6.245,2011,9,35,245,3,-1.0,-1.8369701987210297e-16,-0.8854560256532096,-0.4647231720437691
12,2011-09-09,15.95,0.897,213.258,5.44,2011,9,36,252,3,-1.0,-1.8369701987210297e-16,-0.9350162426854147,-0.3546048870425359
12,2011-09-16,20.27,0.765,216.72,6.809,2011,9,37,259,3,-1.0,-1.8369701987210297e-16,-0.970941817426052,-0.23931566428755774
12,2011-09-23,2.72,0.71,214.965,5.624,2011,9,38,266,3,-1.0,-1.8369701987210297e-16,-0.992708874098054,-0.12053668025532357
12,2011-09-30,13.75,0.838,216.254,6.163,2011,9,39,273,3,-1.0,-1.8369701987210297e-16,-1.0,-1.8369701987210297e-16
12,2011-10-07,14.79,1.022,214.337,6.262,2011,10,40,280,4,-0.8660254037844386,0.5000000000000001,-0.992708874098054,0.1205366802553232
12,2011-10-14,8.73,1.141,214.582,5.331,2011,10,41,287,4,-0.8660254037844386,0.5000000000000001,-0.9709418174260521,0.23931566428755738
12,2011-10-21,17.82,0.8,214.589,5.585,2011,10,42,294,4,-0.8660254037844386,0.5000000000000001,-0.9350162426854148,0.35460488704253557
12,2011-10-28,17.51,1.279,213.686,6.993,2011,10,43,301,4,-0.8660254037844386,0.5000000000000001,-0.8854560256532101,0.464723172043768
12,2011-11-04,18.52,0.939,214.727,5.619,2011,11,44,308,4,-0.5000000000000004,0.8660254037844384,-0.822983865893657,0.5680647467311548
12,2011-11-11,22.43,1.799,215.152,6.574,2011,11,45,315,4,-0.5000000000000004,0.8660254037844384,-0.7485107481711011,0.6631226582407952
12,2011-11-18,19.43,1.795,213.208,6.844,2011,11,46,322,4,-0.5000000000000004,0.8660254037844384,-0.6631226582407955,0.7485107481711007
12,2011-11-25,22.34,1.489,214.644,6.889,2011,11,47,329,4,-0.5000000000000004,0.8660254037844384,-0.5680647467311559,0.8229838658936564
12,2011-12-02,27.76,1.471,214.196,6.932,2011,12,48,336,4,-2.4492935982947064e-16,1.0,-0.4647231720437684,0.88545602565321
12,2011-12-09,26.03,2.232,213.853,7.642,2011,12,49,343,4,-2.4492935982947064e-16,1.0,-0.35460488704253595,0.9350162426854147
12,2011-12-16,44.42,2.306,216.895,7.684,2011,12,50,350,4,-2.4492935982947064e-16,1.0,-0.2393156642875578,0.970941817426052
12,2011-12-23,39.02,1.935,212.433,7.253,2011,12,51,357,4,-2.4492935982947064e-16,1.0,-0.12053668025532363,0.992708874098054
12,2011-12-30,41.5,2.496,215.118,8.328,2011,12,52,364,4,-2.4492935982947064e-16,1.0,6.432490598706546e-16,1.0
12,2012-01-06,41.63,2.55,219.471,8.247,2012,1,1,6,1,0.49999999999999994,0.8660254037844387,0.12053668025532305,0.992708874098054
12,2012-01-13,56.61,2.9,218.734,8.92,2012,1,2,13,1,0.49999999999999994,0.8660254037844387,0.23931566428755774,0.970941817426052
12,2012-01-20,55.09,2.892,220.214,8.465,2012,1,3,20,1,0.49999999999999994,0.8660254037844387,0.3546048870425356,0.9350162426854148
12,2012-01-27,55.57,3.085,220.14,8.556,2012,1,4,27,1,0.49999999999999994,0.8660254037844387,0.4647231720437685,0.8854560256532099
12,2012-02-03,67.82,3.307,222.499,8.479,2012,2,5,34,1,0.8660254037844386,0.5000000000000001,0.5680647467311558,0.8229838658936564
12,2012-02-10,62.76,3.391,217.511,9.201,2012,2,6,41,1,0.8660254037844386,0.5000000000000001,0.6631226582407952,0.7485107481711011
12,2012-02-17,62.4,3.879,221.634,9.997,2012,2,7,48,1,0.8660254037844386,0.5000000000000001,0.7485107481711011,0.6631226582407953
12,2012-02-24,65.72,3.819,215.678,9.39,2012,2,8,55,1,0.8660254037844386,0.5000000000000001,0.8229838658936564,0.5680647467311559
12,2012-03-02,71.02,3.642,220.572,9.253,2012,3,9,62,1,1.0,6.123233995736766e-17,0.8854560256532099,0.4647231720437686
12,2012-03-09,77.84,4.002,220.439,9.385,2012,3,10,69,1,1.0,6.123233995736766e-17,0.9350162426854148,0.35460488704253557
12,2012-03-16,72.2,4.171,217.261,10.047,2012,3,11,76,1,1.0,6.123233995736766e-17,0.970941817426052,0.23931566428755804
12,2012-03-23,76.22,3.829,216.611,9.547,2012,3,12,83,1,1.0,6.123233995736766e-17,0.992708874098054,0.120536680255323
12,2012-03-30,79.13,3.537,216.666,10.09,2012,3,13,90,1,1.0,6.123233995736766e-17,1.0,-1.6081226496766366e-16
12,2012-04-06,75.94,4.052,222.706,10.286,2012,4,14,97,2,0.8660254037844387,-0.4999999999999998,0.992708874098054,-0.12053668025532288
12,2012-04-13,70.31,4.078,215.868,9.188,2012,4,15,104,2,0.8660254037844387,-0.4999999999999998,0.9709418174260521,-0.2393156642875575
12,2012-04-20,75.89,4.039,216.555,10.544,2012,4,16,111,2,0.8660254037844387,-0.4999999999999998,0.9350162426854148,-0.35460488704253545
12,2012-04-27,76.79,4.121,221.826,9.508,2012,4,17,118,2,0.8660254037844387,-0.4999999999999998,0.8854560256532099,-0.4647231720437685
12,2012-05-04,72.31,3.639,216.423,9.056,2012,5,18,125,2,0.49999999999999994,-0.8660254037844387,0.8229838658936565,-0.5680647467311557
12,2012-05-11,65.37,4.09,222.603,9.456,2012,5,19,132,2,0.49999999999999994,-0.8660254037844387,0.7485107481711013,-0.663122658240795
12,2012-05-18,68.51,3.691,221.529,8.92,2012,5,20,139,2,0.49999999999999994,-0.8660254037844387,0.6631226582407952,-0.7485107481711012
12,2012-05-25,63.8,3.219,219.128,10.418,2012,5,21,146,2,0.49999999999999994,-0.8660254037844387,0.5680647467311558,-0.8229838658936564
12,2012-06-01,58.05,3.175,218.817,7.987,2012,6,22,153,2,1.2246467991473532e-16,-1.0,0.46472317204376906,-0.8854560256532096
12,2012-06-08,56.13,2.83,218.452,9.167,2012,6,23,160,2,1.2246467991473532e-16,-1.0,0.35460488704253584,-0.9350162426854147
12,2012-06-15,46.21,3.229,221.024,7.967,2012,6,24,167,2,1.2246467991473532e-16,-1.0,0.23931566428755768,-0.970941817426052
12,2012-06-22,57.64,2.692,222.133,8.506,2012,6,25,174,2,1.2246467991473532e-16,-1.0,0.12053668025532308,-0.992708874098054
12,2012-06-29,53.7,2.705,218.13,7.616,2012,6,26,181,2,1.2246467991473532e-16,-1.0,-3.216245299353273e-16,-1.0
12,2012-07-06,36.26,2.315,223.117,7.317,2012,7,27,188,3,-0.4999999999999997,-0.8660254037844388,-0.12053668025532283,-0.992708874098054
12,2012-07-13,37.88,1.965,217.844,8.535,2012,7,28,195,3,-0.4999999999999997,-0.8660254037844388,-0.23931566428755743,-0.9709418174260521
12,2012-07-20,45.24,1.673,218.801,7.477,2012,7,29,202,3,-0.4999999999999997,-0.8660254037844388,-0.3546048870425356,-0.9350162426854148
12,2012-07-27,24.95,1.978,222.126,6.972,2012,7,30,209,3,-0.4999999999999997,-0.8660254037844388,-0.46472317204376806,-0.8854560256532101
12,2012-08-03,30.16,1.884,219.44,7.898,2012,8,31,216,3,-0.8660254037844385,-0.5000000000000004,-0.5680647467311556,-0.8229838658936566
12,2012-08-10,25.28,1.536,226.361,6.209,2012,8,32,223,3,-0.8660254037844385,-0.5000000000000004,-0.663122658240795,-0.7485107481711013
12,2012-08-17,24.68,1.312,219.538,5.909,2012,8,33,230,3,-0.8660254037844385,-0.5000000000000004,-0.7485107481711011,-0.6631226582407952
12,2012-08-24,10.36,1.425,221.653,5.822,2012,8,34,237,3,-0.8660254037844385,-0.5000000000000004,-0.8229838658936564,-0.5680647467311559
12,2012-08-31,23.85,1.376,223.006,6.83,2012,8,35,244,3,-0.8660254037844385,-0.5000000000000004,-0.8854560256532096,-0.4647231720437691
12,2012-09-07,13.47,1.142,217.244,6.893,2012,9,36,251,3,-1.0,-1.8369701987210297e-16,-0.9350162426854147,-0.3546048870425359
12,2012-09-14,15.7,0.79,221.252,5.279,2012,9,37,258,3,-1.0,-1.8369701987210297e-16,-0.970941817426052,-0.23931566428755774
12,2012-09-21,18.23,1.15,222.34,6.47,2012,9,38,265,3,-1.0,-1.8369701987210297e-16,-0.992708874098054,-0.12053668025532357
12,2012-09-28,9.08,1.062,217.718,5.672,2012,9,39,272,3,-1.0,-1.8369701987210297e-16,-1.0,-1.8369701987210297e-16
12,2012-10-05,17.24,0.956,221.514,6.193,2012,10,40,279,4,-0.8660254037844386,0.5000000000000001,-0.992708874098054,0.1205366802553232
12,2012-10-12,16.94,0.742,221.087,5.809,2012,10,41,286,4,-0.8660254037844386,0.5000000000000001,-0.9709418174260521,0.23931566428755738
12,2012-10-19,13.95,1.051,218.667,5.528,2012,10,42,293,4,-0.8660254037844386,0.5000000000000001,-0.9350162426854148,0.35460488704253557
12,2012-10-26,20.76,1.37,216.773,5.44,2012,10,43,300,4,-0.8660254037844386,0.5000000000000001,-0.8854560256532101,0.464723172043768
13,2010-02-05,67.6,3.583,212.314,8.806,2010,2,5,36,1,0.8660254037844386,0.5000000000000001,0.5680647467311558,0.8229838658936564
13,2010-02-12,62.48,3.505,209.829,9.193,2010,2,6,43,1,0.8660254037844386,0.5000000000000001,0.6631226582407952,0.7485107481711011
13,2010-02-19,58.34,3.443,213.922,9.226,2010,2,7,50,1,0.8660254037844386,0.5000000000000001,0.7485107481711011,0.6631226582407953
13,2010-02-26,65.34,3.866,209.977,9.629,2010,2,8,57,1,0.8660254037844386,0.5000000000000001,0.8229838658936564,0.5680647467311559
13,2010-03-05,76.17,4.014,208.94,10.34,2010,3,9,64,1,1.0,6.123233995736766e-17,0.8854560256532099,0.4647231720437686
13,2010-03-12,70.7,3.677,211.491,9.411,2010,3,10,71,1,1.0,6.123233995736766e-17,0.9350162426854148,0.35460488704253557
13,2010-03-19,72.24,4.212,208.582,10.183,2010,3,11,78,1,1.0,6.123233995736766e-17,0.970941817426052,0.23931566428755804
13,2010-03-26,75.11,3.916,212.016,10.224,2010,3,12,85,1,1.0,6.123233995736766e-17,0.992708874098054,0.120536680255323
13,2010-04-02,77.13,3.842,208.69,9.59,2010,4,13,92,2,0.8660254037844387,-0.4999999999999998,1.0,-1.6081226496766366e-16
13,2010-04-09,73.73,3.894,210.52,10.155,2010,4,14,99,2,0.8660254037844387,-0.4999999999999998,0.992708874098054,-0.12053668025532288
13,2010-04-16,76.9,3.954,208.392,9.971,2010,4,15,106,2,0.8660254037844387,-0.4999999999999998,0.9709418174260521,-0.2393156642875575
13,2010-04-23,72.96,3.61,206.644,10.099,2010,4,16,113,2,0.8660254037844387,-0.4999999999999998,0.9350162426854148,-0.35460488704253545
13,2010-04-30,69.85,3.749,210.401,9.242,2010,4,17,120,2,0.8660254037844387,-0.4999999999999998,0.8854560256532099,-0.4647231720437685
13,2010-05-07,73.59,3.769,211.779,11.039,2010,5,18,127,2,0.49999999999999994,-0.8660254037844387,0.8229838658936565,-0.5680647467311557
13,2010-05-14,64.4,3.465,211.686,9.572,2010,5,19,134,2,0.49999999999999994,-0.8660254037844387,0.7485107481711013,-0.663122658240795
13,2010-05-21,65.63,3.874,210.163,9.119,2010,5,20,141,2,0.49999999999999994,-0.8660254037844387,0.6631226582407952,-0.7485107481711012
13,2010-05-28,59.59,3.259,210.834,9.286,2010,5,21,148,2,0.49999999999999994,-0.8660254037844387,0.5680647467311558,-0.8229838658936564
13,2010-06-04,50.91,3.201,207.896,9.214,2010,6,22,155,2,1.2246467991473532e-16,-1.0,0.46472317204376906,-0.8854560256532096
13,2010-06-11,54.52,3.044,212.815,8.26,2010,6,23,162,2,1.2246467991473532e-16,-1.0,0.35460488704253584,-0.9350162426854147
13,2010-06-18,50.02,2.873,210.777,9.33,2010,6,24,169,2,1.2246467991473532e-16,-1.0,0.23931566428755768,-0.970941817426052
13,2010-06-25,53.66,2.767,211.036,7.535,2010,6,25,176,2,1.2246467991473532e-16,-1.0,0.12053668025532308,-0.992708874098054
13,2010-07-02,45.11,2.365,207.697,8.613,2010,7,26,183,3,-0.4999999999999997,-0.8660254037844388,-3.216245299353273e-16,-1.0
13,2010-07-09,46.82,2.481,211.804,7.771,2010,7,27,190,3,-0.4999999999999997,-0.8660254037844388,-0.12053668025532283,-0.992708874098054
13,2010-07-16,34.96,1.961,208.939,7.812,2010,7,28,197,3,-0.4999999999999997,-0.8660254037844388,-0.23931566428755743,-0.9709418174260521
13,2010-07-23,35.93,2.103,207.82,7.046,2010,7,29,204,3,-0.4999999999999997,-0.8660254037844388,-0.3546048870425356,-0.9350162426854148
13,2010-07-30,40.43,1.714,208.666,6.478,2010,7,30,211,3,-0.4999999999999997,-0.8660254037844388,-0.46472317204376806,-0.8854560256532101
13,2010-08-06,29.33,1.773,208.449,7.256,2010,8,31,218,3,-0.8660254037844385,-0.5000000000000004,-0.5680647467311556,-0.8229838658936566
13,2010-08-13,26.77,1.648,206.28,7.04,2010,8,32,225,3,-0.8660254037844385,-0.5000000000000004,-0.663122658240795,-0.7485107481711013
13,2010-08-20,24.12,1.197,209.965,7.149,2010,8,33,232,3,-0.8660254037844385,-0.5000000000000004,-0.7485107481711011,-0.6631226582407952
13,2010-08-27,29.47,1.469,209.3,5.615,2010,8,34,239,3,-0.8660254037844385,-0.5000000000000004,-0.8229838658936564,-0.5680647467311559
13,2010-09-03,32.28,1.558,209.598,7.149,2010,9,35,246,3,-1.0,-1.8369701987210297e-16,-0.8854560256532096,-0.4647231720437691
13,2010-09-10,16.19,1.161,204.466,5.956,2010,9,36,253,3,-1.0,-1.8369701987210297e-16,-0.9350162426854147,-0.3546048870425359
13,2010-09-17,18.35,1.173,205.582,6.189,2010,9,37,260,3,-1.0,-1.8369701987210297e-16,-0.970941817426052,-0.23931566428755774
13,2010-09-24,16.75,0.956,208.126,5.893,2010,9,38,267,3,-1.0,-1.8369701987210297e-16,-0.992708874098054,-0.12053668025532357
13,2010-10-01,17.26,1.168,212.709,6.851,2010,10,39,274,4,-0.8660254037844386,0.5000000000000001,-1.0,-1.8369701987210297e-16
13,2010-10-08,17.44,0.727,209.416,6.384,2010,10,40,281,4,-0.8660254037844386,0.5000000000000001,-0.992708874098054,0.1205366802553232
13,2010-10-15,25.99,0.976,207.083,5.996,2010,10,41,288,4,-0.8660254037844386,0.5000000000000001,-0.9709418174260521,0.23931566428755738
13,2010-10-22,29.83,1.26,209.844,6.213,2010,10,42,295,4,-0.8660254037844386,0.5000000000000001,-0.9350162426854148,0.35460488704253557
13,2010-10-29,12.99,1.271,209.116,6.583,2010,10,43,302,4,-0.8660254037844386,0.5000000000000001,-0.8854560256532101,0.464723172043768
13,2010-11-05,28.06,1.401,207.921,6.252,2010,11,44,309,4,-0.5000000000000004,0.8660254037844384,-0.822983865893657,0.5680647467311548
13,2010-11-12,23.16,1.424,209.975,6.506,2010,11,45,316,4,-0.5000000000000004,0.8660254037844384,-0.7485107481711011,0.6631226582407952
13,2010-11-19,23.93,1.037,209.478,6.191,2010,11,46,323,4,-0.5000000000000004,0.8660254037844384,-0.6631226582407955,0.7485107481711007
13,2010-11-26,29.31,1.765,207.553,6.191,2010,11,47,330,4,-0.5000000000000004,0.8660254037844384,-0.5680647467311559,0.8229838658936564
13,2010-12-03,23.76,1.721,207.838,6.717,2010,12,48,337,4,-2.4492935982947064e-16,1.0,-0.4647231720437684,0.88545602565321
13,2010-12-10,34.39,2.061,210.71,7.342,2010,12,49,344,4,-2.4492935982947064e-16,1.0,-0.35460488704253595,0.9350162426854147
13,2010-12-17,37.16,2.021,210.255,7.035,2010,12,50,351,4,-2.4492935982947064e-16,1.0,-0.2393156642875578,0.970941817426052
13,2010-12-24,45.17,2.139,209.601,7.466,2010,12,51,358,4,-2.4492935982947064e-16,1.0,-0.12053668025532363,0.992708874098054
13,2010-12-31,45.94,2.199,210.084,8.233,2010,12,52,365,4,-2.4492935982947064e-16,1.0,6.432490598706546e-16,1.0
13,2011-01-07,50.2,2.861,216.67,8.151,2011,1,1,7,1,0.49999999999999994,0.8660254037844387,0.12053668025532305,0.992708874098054
13,2011-01-14,56.82,2.798,216.659,8.465,2011,1,2,14,1,0.49999999999999994,0.8660254037844387,0.23931566428755774,0.970941817426052
13,2011-01-21,60.64,3.05,217.35,8.04,2011,1,3,21,1,0.49999999999999994,0.8660254037844387,0.3546048870425356,0.9350162426854148
13,2011-01-28,63.59,2.96,214.741,8.781,2011,1,4,28,1,0.49999999999999994,0.8660254037844387,0.4647231720437685,0.8854560256532099
13,2011-02-04,59.37,3.709,214.792,9.589,2011,2,5,35,1,0.8660254037844386,0.5000000000000001,0.5680647467311558,0.8229838658936564
13,2011-02-11,56.81,3.254,214.267,9.588,2011,2,6,42,1,0.8660254037844386,0.5000000000000001,0.6631226582407952,0.7485107481711011
13,2011-02-18,69.14,3.874,214.915,9.859,2011,2,7,49,1,0.8660254037844386,0.5000000000000001,0.7485107481711011,0.6631226582407953
13,2011-02-25,64.32,3.79,216.137,9.805,2011,2,8,56,1,0.8660254037844386,0.5000000000000001,0.8229838658936564,0.5680647467311559
13,2011-03-04,77.93,3.612,214.019,9.839,2011,3,9,63,1,1.0,6.123233995736766e-17,0.8854560256532099,0.4647231720437686
13,2011-03-11,73.33,3.93,215.487,9.956,2011,3,10,70,1,1.0,6.123233995736766e-17,0.9350162426854148,0.35460488704253557
13,2011-03-18,74.68,3.991,212.067,8.828,2011,3,11,77,1,1.0,6.123233995736766e-17,0.970941817426052,0.23931566428755804
13,2011-03-25,75.79,3.992,215.143,9.728,2011,3,12,84,1,1.0,6.123233995736766e-17,0.992708874098054,0.120536680255323
13,2011-04-01,79.66,4.051,214.742,10.421,2011,4,13,91,2,0.8660254037844387,-0.4999999999999998,1.0,-1.6081226496766366e-16
13,2011-04-08,78.92,3.747,213.482,10.916,2011,4,14,98,2,0.8660254037844387,-0.4999999999999998,0.992708874098054,-0.12053668025532288
13,2011-04-15,63.28,3.932,215.067,9.905,2011,4,15,105,2,0.8660254037844387,-0.4999999999999998,0.9709418174260521,-0.2393156642875575
13,2011-04-22,64.6,3.949,216.38,9.625,2011,4,16,112,2,0.8660254037844387,-0.4999999999999998,0.9350162426854148,-0.35460488704253545
13,2011-04-29,67.23,3.693,214.338,9.074,2011,4,17,119,2,0.8660254037844387,-0.4999999999999998,0.8854560256532099,-0.4647231720437685
13,2011-05-06,70.79,3.657,214.634,9.081,2011,5,18,126,2,0.49999999999999994,-0.8660254037844387,0.8229838658936565,-0.5680647467311557
13,2011-05-13,71.02,3.912,216.437,9.333,2011,5,19,133,2,0.49999999999999994,-0.8660254037844387,0.7485107481711013,-0.663122658240795
13,2011-05-20,63.94,3.555,214.766,9.789,2011,5,20,140,2,0.49999999999999994,-0.8660254037844387,0.6631226582407952,-0.7485107481711012
13,2011-05-27,65.6,3.337,213.24,9.758,2011,5,21,147,2,0.49999999999999994,-0.8660254037844387,0.5680647467311558,-0.8229838658936564
13,2011-06-03,59.46,3.246,213.05,8.95,2011,6,22,154,2,1.2246467991473532e-16,-1.0,0.46472317204376906,-0.8854560256532096
13,2011-06-10,55.92,3.157,215.448,8.557,2011,6,23,161,2,1.2246467991473532e-16,-1.0,0.35460488704253584,-0.9350162426854147
13,2011-06-17,55.09,2.897,214.8,7.706,2011,6,24,168,2,1.2246467991473532e-16,-1.0,0.23931566428755768,-0.970941817426052
13,2011-06-24,47.36,2.92,217.37,7.879,2011,6,25,175,2,1.2246467991473532e-16,-1.0,0.12053668025532308,-0.992708874098054
13,2011-07-01,40.24,2.739,216.475,8.058,2011,7,26,182,3,-0.4999999999999997,-0.8660254037844388,-3.216245299353273e-16,-1.0
13,2011-07-08,32.41,2.055,216.3,7.813,2011,7,27,189,3,-0.4999999999999997,-0.8660254037844388,-0.12053668025532283,-0.992708874098054
13,2011-07-15,41.57,2.185,213.013,7.913,2011,7,28,196,3,-0.4999999999999997,-0.8660254037844388,-0.23931566428755743,-0.9709418174260521
13,2011-07-22,34.21,2.046,214.374,6.325,2011,7,29,203,3,-0.4999999999999997,-0.8660254037844388,-0.3546048870425356,-0.9350162426854148
13,2011-07-29,36.75,1.752,215.931,6.509,2011,7,30,210,3,-0.4999999999999997,-0.8660254037844388,-0.46472317204376806,-0.8854560256532101
13,2011-08-05,24.0,1.523,213.061,7.07,2011,8,31,217,3,-0.8660254037844385,-0.5000000000000004,-0.5680647467311556,-0.8229838658936566
13,2011-08-12,26.38,1.375,213.866,6.222,2011,8,32,224,3,-0.8660254037844385,-0.5000000000000004,-0.663122658240795,-0.7485107481711013
13,2011-08-19,25.17,1.356,217.144,6.337,2011,8,33,231,3,-0.8660254037844385,-0.5000000000000004,-0.7485107481711011,-0.6631226582407952
13,2011-08-26,30.35,1.467,214.863,6.207,2011,8,34,238,3,-0.8660254037844385,-0.5000000000000004,-0.8229838658936564,-0.5680647467311559
13,2011-09-02,16.33,1.068,216.932,6.472,2011,9,35,245,3,-1.0,-1.8369701987210297e-16,-0.8854560256532096,-0.4647231720437691
13,2011-09-09,24.16,1.445,218.612,6.149,2011,9,36,252,3,-1.0,-1.8369701987210297e-16,-0.9350162426854147,-0.3546048870425359
13,2011-09-16,16.83,0.942,215.183,6.891,2011,9,37,259,3,-1.0,-1.8369701987210297e-16,-0.970941817426052,-0.23931566428755774
13,2011-09-23,15.59,1.356,215.394,5.442,2011,9,38,266,3,-1.0,-1.8369701987210297e-16,-0.992708874098054,-0.12053668025532357
13,2011-09-30,9.65,1.149,215.931,6.328,2011,9,39,273,3,-1.0,-1.8369701987210297e-16,-1.0,-1.8369701987210297e-16
13,2011-10-07,18.87,0.622,214.018,6.018,2011,10,40,280,4,-0.8660254037844386,0.5000000000000001,-0.992708874098054,0.1205366802553232
13,2011-10-14,24.76,0.905,211.198,6.011,2011,10,41,287,4,-0.8660254037844386,0.5000000000000001,-0.9709418174260521,0.23931566428755738
13,2011-10-21,12.96,1.099,213.62,6.661,2011,10,42,294,4,-0.8660254037844386,0.5000000000000001,-0.9350162426854148,0.35460488704253557
13,2011-10-28,21.71,1.212,211.89,5.741,2011,10,43,301,4,-0.8660254037844386,0.5000000000000001,-0.8854560256532101,0.464723172043768
13,2011-11-04,17.97,1.344,213.32,6.721,2011,11,44,308,4,-0.5000000000000004,0.8660254037844384,-0.822983865893657,0.5680647467311548
13,2011-11-11,17.5,1.335,216.345,5.957,2011,11,45,315,4,-0.5000000000000004,0.8660254037844384,-0.7485107481711011,0.6631226582407952
13,2011-11-18,21.22,1.563,215.712,6.814,2011,11,46,322,4,-0.5000000000000004,0.8660254037844384,-0.6631226582407955,0.7485107481711007
13,2011-11-25,26.18,1.706,214.693,6.196,2011,11,47,329,4,-0.5000000000000004,0.8660254037844384,-0.5680647467311559,0.8229838658936564
13,2011-12-02,30.72,1.695,215.476,6.863,2011,12,48,336,4,-2.4492935982947064e-16,1.0,-0.4647231720437684,0.88545602565321
13,2011-12-09,28.84,2.075,215.24,7.466,2011,12,49,343,4,-2.4492935982947064e-16,1.0,-0.35460488704253595,0.9350162426854147
13,2011-12-16,30.24,2.039,215.342,7.32,2011,12,50,350,4,-2.4492935982947064e-16,1.0,-0.2393156642875578,0.970941817426052
13,2011-12-23,44.08,2.47,215.461,7.683,2011,12,51,357,4,-2.4492935982947064e-16,1.0,-0.12053668025532363,0.992708874098054
13,2011-12-30,42.76,2.868,216.961,7.745,2011,12,52,364,4,-2.4492935982947064e-16,1.0,6.432490598706546e-16,1.0
13,2012-01-06,49.13,2.381,218.003,8.254,2012,1,1,6,1,0.49999999999999994,0.8660254037844387,0.12053668025532305,0.992708874098054
13,2012-01-13,47.05,2.536,218.505,8.38,2012,1,2,13,1,0.49999999999999994,0.8660254037844387,0.23931566428755774,0.970941817426052
13,2012-01-20,50.27,3.046,220.277,8.625,2012,1,3,20,1,0.49999999999999994,0.8660254037844387,0.3546048870425356,0.9350162426854148
13,2012-01-27,58.2,3.119,219.124,9.145,2012,1,4,27,1,0.49999999999999994,0.8660254037844387,0.4647231720437685,0.8854560256532099
13,2012-02-03,64.34,3.468,219.706,8.932,2012,2,5,34,1,0.8660254037844386,0.5000000000000001,0.5680647467311558,0.8229838658936564
13,2012-02-10,66.53,3.439,220.003,9.278,2012,2,6,41,1,0.8660254037844386,0.5000000000000001,0.6631226582407952,0.7485107481711011
13,2012-02-17,69.74,3.861,219.901,8.973,2012,2,7,48,1,0.8660254037844386,0.5000000000000001,0.7485107481711011,0.6631226582407953
13,2012-02-24,59.94,3.642,223.006,9.054,2012,2,8,55,1,0.8660254037844386,0.5000000000000001,0.8229838658936564,0.5680647467311559
13,2012-03-02,71.34,3.873,218.272,9.611,2012,3,9,62,1,1.0,6.123233995736766e-17,0.8854560256532099,0.4647231720437686
13,2012-03-09,71.83,3.859,220.61,9.718,2012,3,10,69,1,1.0,6.123233995736766e-17,0.9350162426854148,0.35460488704253557
13,2012-03-16,68.88,4.183,218.281,9.282,2012,3,11,76,1,1.0,6.123233995736766e-17,0.970941817426052,0.23931566428755804
13,2012-03-23,75.83,4.177,221.639,10.361,2012,3,12,83,1,1.0,6.123233995736766e-17,0.992708874098054,0.120536680255323
13,2012-03-30,77.27,3.741,220.826,10.54,2012,3,13,90,1,1.0,6.123233995736766e-17,1.0,-1.6081226496766366e-16
13,2012-04-06,74.8,4.176,217.453,10.344,2012,4,14,97,2,0.8660254037844387,-0.4999999999999998,0.992708874098054,-0.12053668025532288
13,2012-04-13,66.97,4.369,218.432,10.197,2012,4,15,104,2,0.8660254037844387,-0.4999999999999998,0.9709418174260521,-0.2393156642875575
13,2012-04-20,70.26,3.677,219.904,9.912,2012,4,16,111,2,0.8660254037844387,-0.4999999999999998,0.9350162426854148,-0.35460488704253545
13,2012-04-27,70.23,3.969,216.083,8.447,2012,4,17,118,2,0.8660254037844387,-0.4999999999999998,0.8854560256532099,-0.4647231720437685
13,2012-05-04,71.61,3.862,216.896,9.546,2012,5,18,125,2,0.49999999999999994,-0.8660254037844387,0.8229838658936565,-0.5680647467311557
13,2012-05-11,59.42,3.749,219.627,8.255,2012,5,19,132,2,0.49999999999999994,-0.8660254037844387,0.7485107481711013,-0.663122658240795
13,2012-05-18,74.43,3.584,220.624,10.398,2012,5,20,139,2,0.49999999999999994,-0.8660254037844387,0.6631226582407952,-0.7485107481711012
13,2012-05-25,65.71,3.343,222.833,9.603,2012,5,21,146,2,0.49999999999999994,-0.8660254037844387,0.5680647467311558,-0.8229838658936564
13,2012-06-01,53.04,3.132,221.399,9.308,2012,6,22,153,2,1.2246467991473532e-16,-1.0,0.46472317204376906,-0.8854560256532096
13,2012-06-08,54.28,3.136,220.958,7.715,2012,6,23,160,2,1.2246467991473532e-16,-1.0,0.35460488704253584,-0.9350162426854147
13,2012-06-15,47.58,3.202,218.782,8.811,2012,6,24,167,2,1.2246467991473532e-16,-1.0,0.23931566428755768,-0.970941817426052
13,2012-06-22,45.88,2.873,220.055,7.927,2012,6,25,174,2,1.2246467991473532e-16,-1.0,0.12053668025532308,-0.992708874098054
13,2012-06-29,43.88,2.67,220.981,7.323,2012,6,26,181,2,1.2246467991473532e-16,-1.0,-3.216245299353273e-16,-1.0
13,2012-07-06,32.44,2.482,220.472,7.463,2012,7,27,188,3,-0.4999999999999997,-0.8660254037844388,-0.12053668025532283,-0.992708874098054
13,2012-07-13,41.54,2.053,221.818,6.557,2012,7,28,195,3,-0.4999999999999997,-0.8660254037844388,-0.23931566428755743,-0.9709418174260521
13,2012-07-20,29.63,2.066,217.65,7.488,2012,7,29,202,3,-0.4999999999999997,-0.8660254037844388,-0.3546048870425356,-0.9350162426854148
13,2012-07-27,39.09,1.982,217.634,7.493,2012,7,30,209,3,-0.4999999999999997,-0.8660254037844388,-0.46472317204376806,-0.8854560256532101
13,2012-08-03,22.81,1.825,218.11,6.975,2012,8,31,216,3,-0.8660254037844385,-0.5000000000000004,-0.5680647467311556,-0.8229838658936566
13,2012-08-10,22.95,1.916,219.944,6.713,2012,8,32,223,3,-0.8660254037844385,-0.5000000000000004,-0.663122658240795,-0.7485107481711013
13,2012-08-17,30.52,1.706,220.89,6.663,2012,8,33,230,3,-0.8660254037844385,-0.5000000000000004,-0.7485107481711011,-0.6631226582407952
13,2012-08-24,17.42,1.289,219.495,6.617,2012,8,34,237,3,-0.8660254037844385,-0.5000000000000004,-0.8229838658936564,-0.5680647467311559
13,2012-08-31,17.34,1.258,222.292,6.112,2012,8,35,244,3,-0.8660254037844385,-0.5000000000000004,-0.8854560256532096,-0.4647231720437691
13,2012-09-07,8.1,1.171,219.821,6.332,2012,9,36,251,3,-1.0,-1.8369701987210297e-16,-0.9350162426854147,-0.3546048870425359
13,2012-09-14,18.95,0.96,217.534,5.992,2012,9,37,258,3,-1.0,-1.8369701987210297e-16,-0.970941817426052,-0.23931566428755774
13,2012-09-21,18.1,0.858,217.839,7.05,2012,9,38,265,3,-1.0,-1.8369701987210297e-16,-0.992708874098054,-0.12053668025532357
13,2012-09-28,17.4,1.166,221.163,6.192,2012,9,39,272,3,-1.0,-1.8369701987210297e-16,-1.0,-1.8369701987210297e-16
13,2012-10-05,18.02,0.978,219.716,6.403,2012,10,40,279,4,-0.8660254037844386,0.5000000000000001,-0.992708874098054,0.1205366802553232
13,2012-10-12,13.41,1.048,221.28,6.135,2012,10,41,286,4,-0.8660254037844386,0.5000000000000001,-0.9709418174260521,0.23931566428755738
13,2012-10-19,18.74,1.313,218.936,5.906,2012,10,42,293,4,-0.8660254037844386,0.5000000000000001,-0.9350162426854148,0.35460488704253557
13,2012-10-26,18.74,1.207,220.254,6.757,2012,10,43,300,4,-0.8660254037844386,0.5000000000000001,-0.8854560256532101,0.464723172043768
14,2010-02-05,56.2,3.066,208.99,8.495,2010,2,5,36,1,0.8660254037844386,0.5000000000000001,0.5680647467311558,0.8229838658936564
14,2010-02-12,70.59,3.589,212.276,8.643,2010,2,6,43,1,0.8660254037844386,0.5000000000000001,0.6631226582407952,0.7485107481711011
14,2010-02-19,73.04,3.38,210.272,8.917,2010,2,7,50,1,0.8660254037844386,0.5000000000000001,0.7485107481711011,0.6631226582407953
14,2010-02-26,67.49,3.765,210.815,10.531,2010,2,8,57,1,0.8660254037844386,0.5000000000000001,0.8229838658936564,0.5680647467311559
14,2010-03-05,78.76,4.259,211.572,10.307,2010,3,9,64,1,1.0,6.123233995736766e-17,0.8854560256532099,0.4647231720437686
14,2010-03-12,78.64,4.252,211.841,10.044,2010,3,10,71,1,1.0,6.123233995736766e-17,0.9350162426854148,0.35460488704253557
14,2010-03-19,82.33,4.172,208.135,10.343,2010,3,11,78,1,1.0,6.123233995736766e-17,0.970941817426052,0.23931566428755804
14,2010-03-26,77.32,4.11,211.615,9.293,2010,3,12,85,1,1.0,6.123233995736766e-17,0.992708874098054,0.120536680255323
14,2010-04-02,71.21,4.314,207.218,9.115,2010,4,13,92,2,0.8660254037844387,-0.4999999999999998,1.0,-1.6081226496766366e-16
14,2010-04-09,71.55,3.857,212.19,10.562,2010,4,14,99,2,0.8660254037844387,-0.4999999999999998,0.992708874098054,-0.12053668025532288
14,2010-04-16,71.26,4.088,209.042,9.882,2010,4,15,106,2,0.8660254037844387,-0.4999999999999998,0.9709418174260521,-0.2393156642875575
14,2010-04-23,81.19,3.828,208.432,10.454,2010,4,16,113,2,0.8660254037844387,-0.4999999999999998,0.9350162426854148,-0.35460488704253545
14,2010-04-30,76.99,3.432,206.865,10.059,2010,4,17,120,2,0.8660254037844387,-0.4999999999999998,0.8854560256532099,-0.4647231720437685
14,2010-05-07,71.17,3.678,212.449,9.24,2010,5,18,127,2,0.49999999999999994,-0.8660254037844387,0.8229838658936565,-0.5680647467311557
14,2010-05-14,68.69,3.734,214.046,8.93,2010,5,19,134,2,0.49999999999999994,-0.8660254037844387,0.7485107481711013,-0.663122658240795
14,2010-05-21,64.89,3.49,208.835,9.259,2010,5,20,141,2,0.49999999999999994,-0.8660254037844387,0.6631226582407952,-0.7485107481711012
14,2010-05-28,66.23,3.155,214.998,9.002,2010,5,21,148,2,0.49999999999999994,-0.8660254037844387,0.5680647467311558,-0.8229838658936564
14,2010-06-04,64.73,3.005,212.754,9.286,2010,6,22,155,2,1.2246467991473532e-16,-1.0,0.46472317204376906,-0.8854560256532096
14,2010-06-11,58.1,3.189,210.586,9.222,2010,6,23,162,2,1.2246467991473532e-16,-1.0,0.35460488704253584,-0.9350162426854147
14,2010-06-18,57.17,2.742,211.27,8.946,2010,6,24,169,2,1.2246467991473532e-16,-1.0,0.23931566428755768,-0.970941817426052
14,2010-06-25,50.35,2.824,206.369,8.661,2010,6,25,176,2,1.2246467991473532e-16,-1.0,0.12053668025532308,-0.992708874098054
14,2010-07-02,36.21,2.195,211.791,8.08,2010,7,26,183,3,-0.4999999999999997,-0.8660254037844388,-3.216245299353273e-16,-1.0
14,2010-07-09,40.7,2.314,209.927,7.757,2010,7,27,190,3,-0.4999999999999997,-0.8660254037844388,-0.12053668025532283,-0.992708874098054
14,2010-07-16,40.35,2.127,212.32,7.503,2010,7,28,197,3,-0.4999999999999997,-0.8660254037844388,-0.23931566428755743,-0.9709418174260521
14,2010-07-23,40.5,1.803,209.464,7.191,2010,7,29,204,3,-0.4999999999999997,-0.8660254037844388,-0.3546048870425356,-0.9350162426854148
14,2010-07-30,29.19,1.828,213.119,7.152,2010,7,30,211,3,-0.4999999999999997,-0.8660254037844388,-0.46472317204376806,-0.8854560256532101
14,2010-08-06,30.36,1.926,208.431,6.483,2010,8,31,218,3,-0.8660254037844385,-0.5000000000000004,-0.5680647467311556,-0.8229838658936566
14,2010-08-13,21.17,1.641,207.519,7.001,2010,8,32,225,3,-0.8660254037844385,-0.5000000000000004,-0.663122658240795,-0.7485107481711013
14,2010-08-20,30.45,1.46,205.834,6.882,2010,8,33,232,3,-0.8660254037844385,-0.5000000000000004,-0.7485107481711011,-0.6631226582407952
14,2010-08-27,26.26,1.509,207.39,5.563,2010,8,34,239,3,-0.8660254037844385,-0.5000000000000004,-0.8229838658936564,-0.5680647467311559
14,2010-09-03,11.6,1.347,209.855,6.409,2010,9,35,246,3,-1.0,-1.8369701987210297e-16,-0.8854560256532096,-0.4647231720437691
14,2010-09-10,18.57,0.935,208.778,5.998,2010,9,36,253,3,-1.0,-1.8369701987210297e-16,-0.9350162426854147,-0.3546048870425359
14,2010-09-17,24.8,0.825,209.134,6.501,2010,9,37,260,3,-1.0,-1.8369701987210297e-16,-0.970941817426052,-0.23931566428755774
14,2010-09-24,23.46,0.805,212.687,5.058,2010,9,38,267,3,-1.0,-1.8369701987210297e-16,-0.992708874098054,-0.12053668025532357
14,2010-10-01,13.4,1.071,213.24,6.248,2010,10,39,274,4,-0.8660254037844386,0.5000000000000001,-1.0,-1.8369701987210297e-16
14,2010-10-08,20.14,1.348,210.086,5.479,2010,10,40,281,4,-0.8660254037844386,0.5000000000000001,-0.992708874098054,0.1205366802553232
14,2010-10-15,20.28,1.174,207.832,5.88,2010,10,41,288,4,-0.8660254037844386,0.5000000000000001,-0.9709418174260521,0.23931566428755738
14,2010-10-22,13.3,1.097,208.22,6.235,2010,10,42,295,4,-0.8660254037844386,0.5000000000000001,-0.9350162426854148,0.35460488704253557
14,2010-10-29,10.33,1.015,208.566,6.589,2010,10,43,302,4,-0.8660254037844386,0.5000000000000001,-0.8854560256532101,0.464723172043768
14,2010-11-05,20.4,1.302,207.309,6.297,2010,11,44,309,4,-0.5000000000000004,0.8660254037844384,-0.822983865893657,0.5680647467311548
14,2010-11-12,21.08,1.582,210.706,6.8,2010,11,45,316,4,-0.5000000000000004,0.8660254037844384,-0.7485107481711011,0.6631226582407952
14,2010-11-19,20.8,1.437,207.573,6.779,2010,11,46,323,4,-0.5000000000000004,0.8660254037844384,-0.6631226582407955,0.7485107481711007
14,2010-11-26,29.19,1.606,212.329,7.334,2010,11,47,330,4,-0.5000000000000004,0.8660254037844384,-0.5680647467311559,0.8229838658936564
14,2010-12-03,32.45,1.755,210.471,7.149,2010,12,48,337,4,-2.4492935982947064e-16,1.0,-0.4647231720437684,0.88545602565321
14,2010-12-10,33.33,2.084,211.757,7.594,2010,12,49,344,4,-2.4492935982947064e-16,1.0,-0.35460488704253595,0.9350162426854147
14,2010-12-17,35.84,2.151,210.836,7.866,2010,12,50,351,4,-2.4492935982947064e-16,1.0,-0.2393156642875578,0.970941817426052
14,2010-12-24,31.89,2.053,210.731,7.665,2010,12,51,358,4,-2.4492935982947064e-16,1.0,-0.12053668025532363,0.992708874098054
14,2010-12-31,49.64,2.598,210.062,8.82,2010,12,52,365,4,-2.4492935982947064e-16,1.0,6.432490598706546e-16,1.0
14,2011-01-07,49.04,3.29,210.123,8.243,2011,1,1,7,1,0.49999999999999994,0.8660254037844387,0.12053668025532305,0.992708874098054
14,2011-01-14,50.86,2.986,213.397,9.019,2011,1,2,14,1,0.49999999999999994,0.8660254037844387,0.23931566428755774,0.970941817426052
14,2011-01-21,47.62,2.716,215.004,8.83,2011,1,3,21,1,0.49999999999999994,0.8660254037844387,0.3546048870425356,0.9350162426854148
14,2011-01-28,58.77,3.314,215.198,8.219,2011,1,4,28,1,0.49999999999999994,0.8660254037844387,0.4647231720437685,0.8854560256532099
14,2011-02-04,60.21,3.597,210.341,9.35,2011,2,5,35,1,0.8660254037844386,0.5000000000000001,0.5680647467311558,0.8229838658936564
14,2011-02-11,70.05,3.71,215.733,8.71,2011,2,6,42,1,0.8660254037844386,0.5000000000000001,0.6631226582407952,0.7485107481711011
14,2011-02-18,63.28,3.884,214.146,9.874,2011,2,7,49,1,0.8660254037844386,0.5000000000000001,0.7485107481711011,0.6631226582407953
14,2011-02-25,73.03,3.475,213.202,9.681,2011,2,8,56,1,0.8660254037844386,0.5000000000000001,0.8229838658936564,0.5680647467311559
14,2011-03-04,70.22,3.76,218.661,9.587,2011,3,9,63,1,1.0,6.123233995736766e-17,0.8854560256532099,0.4647231720437686
14,2011-03-11,76.13,3.977,216.491,9.339,2011,3,10,70,1,1.0,6.123233995736766e-17,0.9350162426854148,0.35460488704253557
14,2011-03-18,80.68,3.967,210.821,10.353,2011,3,11,77,1,1.0,6.123233995736766e-17,0.970941817426052,0.23931566428755804
14,2011-03-25,76.41,4.179,218.354,10.263,2011,3,12,84,1,1.0,6.123233995736766e-17,0.992708874098054,0.120536680255323
14,2011-04-01,76.28,3.952,216.527,9.569,2011,4,13,91,2,0.8660254037844387,-0.4999999999999998,1.0,-1.6081226496766366e-16
14,2011-04-08,80.35,3.869,212.61,10.489,2011,4,14,98,2,0.8660254037844387,-0.4999999999999998,0.992708874098054,-0.12053668025532288
14,2011-04-15,74.56,4.086,212.852,9.887,2011,4,15,105,2,0.8660254037844387,-0.4999999999999998,0.9709418174260521,-0.2393156642875575
14,2011-04-22,77.23,3.497,216.576,9.69,2011,4,16,112,2,0.8660254037844387,-0.4999999999999998,0.9350162426854148,-0.35460488704253545
14,2011-04-29,76.2,3.592,216.879,9.106,2011,4,17,119,2,0.8660254037844387,-0.4999999999999998,0.8854560256532099,-0.4647231720437685
14,2011-05-06,65.31,3.633,215.129,9.508,2011,5,18,126,2,0.49999999999999994,-0.8660254037844387,0.8229838658936565,-0.5680647467311557
14,2011-05-13,66.49,3.955,216.909,9.51,2011,5,19,133,2,0.49999999999999994,-0.8660254037844387,0.7485107481711013,-0.663122658240795
14,2011-05-20,67.28,3.534,213.685,9.097,2011,5,20,140,2,0.49999999999999994,-0.8660254037844387,0.6631226582407952,-0.7485107481711012
14,2011-05-27,58.8,3.492,211.667,9.687,2011,5,21,147,2,0.49999999999999994,-0.8660254037844387,0.5680647467311558,-0.8229838658936564
14,2011-06-03,58.43,3.728,212.604,9.57,2011,6,22,154,2,1.2246467991473532e-16,-1.0,0.46472317204376906,-0.8854560256532096
14,2011-06-10,57.46,3.289,217.441,8.647,2011,6,23,161,2,1.2246467991473532e-16,-1.0,0.35460488704253584,-0.9350162426854147
14,2011-06-17,52.52,3.104,217.938,8.488,2011,6,24,168,2,1.2246467991473532e-16,-1.0,0.23931566428755768,-0.970941817426052
14,2011-06-24,40.02,2.885,217.026,8.757,2011,6,25,175,2,1.2246467991473532e-16,-1.0,0.12053668025532308,-0.992708874098054
14,2011-07-01,45.34,2.408,215.652,7.964,2011,7,26,182,3,-0.4999999999999997,-0.8660254037844388,-3.216245299353273e-16,-1.0
14,2011-07-08,40.28,2.45,212.942,7.224,2011,7,27,189,3,-0.4999999999999997,-0.8660254037844388,-0.12053668025532283,-0.992708874098054
14,2011-07-15,39.78,2.089,214.986,7.093,2011,7,28,196,3,-0.4999999999999997,-0.8660254037844388,-0.23931566428755743,-0.9709418174260521
14,2011-07-22,27.53,2.195,217.401,6.521,2011,7,29,203,3,-0.4999999999999997,-0.8660254037844388,-0.3546048870425356,-0.9350162426854148
14,2011-07-29,26.11,2.218,214.645,7.083,2011,7,30,210,3,-0.4999999999999997,-0.8660254037844388,-0.46472317204376806,-0.8854560256532101
14,2011-08-05,29.08,1.791,213.903,6.982,2011,8,31,217,3,-0.8660254037844385,-0.5000000000000004,-0.5680647467311556,-0.8229838658936566
14,2011-08-12,20.46,1.286,215.435,5.611,2011,8,32,224,3,-0.8660254037844385,-0.5000000000000004,-0.663122658240795,-0.7485107481711013
14,2011-08-19,21.95,1.688,213.155,5.541,2011,8,33,231,3,-0.8660254037844385,-0.5000000000000004,-0.7485107481711011,-0.6631226582407952
14,2011-08-26,25.45,1.301,217.214,5.863,2011,8,34,238,3,-0.8660254037844385,-0.5000000000000004,-0.8229838658936564,-0.5680647467311559
14,2011-09-02,25.01,1.324,214.55,6.34,2011,9,35,245,3,-1.0,-1.8369701987210297e-16,-0.8854560256532096,-0.4647231720437691
14,2011-09-09,1.83,1.396,213.274,6.457,2011,9,36,252,3,-1.0,-1.8369701987210297e-16,-0.9350162426854147,-0.3546048870425359
14,2011-09-16,20.21,1.012,215.411,6.694,2011,9,37,259,3,-1.0,-1.8369701987210297e-16,-0.970941817426052,-0.23931566428755774
14,2011-09-23,17.94,0.926,216.321,5.757,2011,9,38,266,3,-1.0,-1.8369701987210297e-16,-0.992708874098054,-0.12053668025532357
14,2011-09-30,18.03,1.022,213.874,6.191,2011,9,39,273,3,-1.0,-1.8369701987210297e-16,-1.0,-1.8369701987210297e-16
14,2011-10-07,16.78,0.71,215.285,5.272,2011,10,40,280,4,-0.8660254037844386,0.5000000000000001,-0.992708874098054,0.1205366802553232
14,2011-10-14,19.68,1.009,217.027,7.013,2011,10,41,287,4,-0.8660254037844386,0.5000000000000001,-0.9709418174260521,0.23931566428755738
14,2011-10-21,22.03,1.228,215.648,5.699,2011,10,42,294,4,-0.8660254037844386,0.5000000000000001,-0.9350162426854148,0.35460488704253557
14,2011-10-28,8.0,0.978,216.983,5.871,2011,10,43,301,4,-0.8660254037844386,0.5000000000000001,-0.8854560256532101,0.464723172043768
14,2011-11-04,20.23,1.36,216.081,6.646,2011,11,44,308,4,-0.5000000000000004,0.8660254037844384,-0.822983865893657,0.5680647467311548
14,2011-11-11,20.93,1.15,214.667,6.192,2011,11,45,315,4,-0.5000000000000004,0.8660254037844384,-0.7485107481711011,0.6631226582407952
14,2011-11-18,28.19,1.812,214.595,6.888,2011,11,46,322,4,-0.5000000000000004,0.8660254037844384,-0.6631226582407955,0.7485107481711007
14,2011-11-25,31.87,1.488,215.233,6.57,2011,11,47,329,4,-0.5000000000000004,0.8660254037844384,-0.5680647467311559,0.8229838658936564
14,2011-12-02,32.07,1.666,211.295,7.168,2011,12,48,336,4,-2.4492935982947064e-16,1.0,-0.4647231720437684,0.88545602565321
14,2011-12-09,35.85,2.058,211.521,7.196,2011,12,49,343,4,-2.4492935982947064e-16,1.0,-0.35460488704253595,0.9350162426854147
14,2011-12-16,48.76,1.956,210.288,7.234,2011,12,50,350,4,-2.4492935982947064e-16,1.0,-0.2393156642875578,0.970941817426052
14,2011-12-23,41.27,2.731,215.391,7.481,2011,12,51,357,4,-2.4492935982947064e-16,1.0,-0.12053668025532363,0.992708874098054
14,2011-12-30,41.74,2.451,213.869,7.797,2011,12,52,364,4,-2.4492935982947064e-16,1.0,6.432490598706546e-16,1.0
14,2012-01-06,47.63,2.802,224.266,8.603,2012,1,1,6,1,0.49999999999999994,0.8660254037844387,0.12053668025532305,0.992708874098054
14,2012-01-13,51.74,3.049,217.037,8.381,2012,1,2,13,1,0.49999999999999994,0.8660254037844387,0.23931566428755774,0.970941817426052
14,2012-01-20,51.46,2.839,219.138,8.294,2012,1,3,20,1,0.49999999999999994,0.8660254037844387,0.3546048870425356,0.9350162426854148
14,2012-01-27,65.43,3.068,218.685,9.508,2012,1,4,27,1,0.49999999999999994,0.8660254037844387,0.4647231720437685,0.8854560256532099
14,2012-02-03,59.59,3.137,216.038,9.251,2012,2,5,34,1,0.8660254037844386,0.5000000000000001,0.5680647467311558,0.8229838658936564
14,2012-02-10,68.76,3.597,220.709,9.902,2012,2,6,41,1,0.8660254037844386,0.5000000000000001,0.6631226582407952,0.7485107481711011
14,2012-02-17,60.62,3.62,219.903,9.202,2012,2,7,48,1,0.8660254037844386,0.5000000000000001,0.7485107481711011,0.6631226582407953
14,2012-02-24,74.13,3.674,220.411,9.685,2012,2,8,55,1,0.8660254037844386,0.5000000000000001,0.8229838658936564,0.5680647467311559
14,2012-03-02,72.59,3.619,218.053,9.472,2012,3,9,62,1,1.0,6.123233995736766e-17,0.8854560256532099,0.4647231720437686
14,2012-03-09,79.59,3.855,218.563,9.327,2012,3,10,69,1,1.0,6.123233995736766e-17,0.9350162426854148,0.35460488704253557
14,2012-03-16,73.52,3.983,218.689,9.874,2012,3,11,76,1,1.0,6.123233995736766e-17,0.970941817426052,0.23931566428755804
14,2012-03-23,80.99,4.239,219.541,10.214,2012,3,12,83,1,1.0,6.123233995736766e-17,0.992708874098054,0.120536680255323
14,2012-03-30,74.39,3.9,219.308,10.658,2012,3,13,90,1,1.0,6.123233995736766e-17,1.0,-1.6081226496766366e-16
14,2012-04-06,72.71,4.3,220.101,10.436,2012,4,14,97,2,0.8660254037844387,-0.4999999999999998,0.992708874098054,-0.12053668025532288
14,2012-04-13,79.67,4.036,217.546,9.878,2012,4,15,104,2,0.8660254037844387,-0.4999999999999998,0.9709418174260521,-0.2393156642875575
14,2012-04-20,76.51,3.879,220.222,10.062,2012,4,16,111,2,0.8660254037844387,-0.4999999999999998,0.9350162426854148,-0.35460488704253545
14,2012-04-27,77.36,3.45,218.165,9.771,2012,4,17,118,2,0.8660254037844387,-0.4999999999999998,0.8854560256532099,-0.4647231720437685
14,2012-05-04,60.25,3.986,221.029,9.882,2012,5,18,125,2,0.49999999999999994,-0.8660254037844387,0.8229838658936565,-0.5680647467311557
14,2012-05-11,59.25,3.649,222.0,9.996,2012,5,19,132,2,0.49999999999999994,-0.8660254037844387,0.7485107481711013,-0.663122658240795
14,2012-05-18,68.95,3.428,217.452,9.757,2012,5,20,139,2,0.49999999999999994,-0.8660254037844387,0.6631226582407952,-0.7485107481711012
14,2012-05-25,67.96,3.781,221.91,9.895,2012,5,21,146,2,0.49999999999999994,-0.8660254037844387,0.5680647467311558,-0.8229838658936564
14,2012-06-01,64.23,3.298,216.617,9.279,2012,6,22,153,2,1.2246467991473532e-16,-1.0,0.46472317204376906,-0.8854560256532096
14,2012-06-08,52.64,3.172,219.244,8.558,2012,6,23,160,2,1.2246467991473532e-16,-1.0,0.35460488704253584,-0.9350162426854147
14,2012-06-15,50.28,2.749,220.386,8.168,2012,6,24,167,2,1.2246467991473532e-16,-1.0,0.23931566428755768,-0.970941817426052
14,2012-06-22,53.33,3.136,217.221,8.621,2012,6,25,174,2,1.2246467991473532e-16,-1.0,0.12053668025532308,-0.992708874098054
14,2012-06-29,37.65,3.072,220.46,8.434,2012,6,26,181,2,1.2246467991473532e-16,-1.0,-3.216245299353273e-16,-1.0
14,2012-07-06,51.23,2.415,222.796,7.449,2012,7,27,188,3,-0.4999999999999997,-0.8660254037844388,-0.12053668025532283,-0.992708874098054
14,2012-07-13,51.42,2.203,220.303,7.621,2012,7,28,195,3,-0.4999999999999997,-0.8660254037844388,-0.23931566428755743,-0.9709418174260521
14,2012-07-20,27.8,2.24,219.226,6.699,2012,7,29,202,3,-0.4999999999999997,-0.8660254037844388,-0.3546048870425356,-0.9350162426854148
14,2012-07-27,29.27,2.148,222.539,6.419,2012,7,30,209,3,-0.4999999999999997,-0.8660254037844388,-0.46472317204376806,-0.8854560256532101
14,2012-08-03,26.92,1.637,220.917,6.489,2012,8,31,216,3,-0.8660254037844385,-0.5000000000000004,-0.5680647467311556,-0.8229838658936566
14,2012-08-10,32.53,1.958,222.434,6.931,2012,8,32,223,3,-0.8660254037844385,-0.5000000000000004,-0.663122658240795,-0.7485107481711013
14,2012-08-17,33.91,1.404,221.132,7.46,2012,8,33,230,3,-0.8660254037844385,-0.5000000000000004,-0.7485107481711011,-0.6631226582407952
14,2012-08-24,20.36,1.326,220.165,6.293,2012,8,34,237,3,-0.8660254037844385,-0.5000000000000004,-0.8229838658936564,-0.5680647467311559
14,2012-08-31,18.12,1.049,224.278,6.367,2012,8,35,244,3,-0.8660254037844385,-0.5000000000000004,-0.8854560256532096,-0.4647231720437691
14,2012-09-07,17.5,0.942,221.536,6.278,2012,9,36,251,3,-1.0,-1.8369701987210297e-16,-0.9350162426854147,-0.3546048870425359
14,2012-09-14,14.71,1.117,218.678,5.523,2012,9,37,258,3,-1.0,-1.8369701987210297e-16,-0.970941817426052,-0.23931566428755774
14,2012-09-21,13.99,1.342,219.917,5.496,2012,9,38,265,3,-1.0,-1.8369701987210297e-16,-0.992708874098054,-0.12053668025532357
14,2012-09-28,17.64,0.641,217.579,5.682,2012,9,39,272,3,-1.0,-1.8369701987210297e-16,-1.0,-1.8369701987210297e-16
14,2012-10-05,18.0,0.634,220.543,6.156,2012,10,40,279,4,-0.8660254037844386,0.5000000000000001,-0.992708874098054,0.1205366802553232
14,2012-10-12,19.34,0.78,219.788,5.691,2012,10,41,286,4,-0.8660254037844386,0.5000000000000001,-0.9709418174260521,0.23931566428755738
14,2012-10-19,15.82,0.838,223.487,5.911,2012,10,42,293,4,-0.8660254037844386,0.5000000000000001,-0.9350162426854148,0.35460488704253557
14,2012-10-26,20.82,1.377,218.804,6.366,2012,10,43,300,4,-0.8660254037844386,0.5000000000000001,-0.8854560256532101,0.464723172043768
15,2010-02-05,53.48,3.491,208.207,9.424,2010,2,5,36,1,0.8660254037844386,0.5000000000000001,0.5680647467311558,0.8229838658936564
15,2010-02-12,56.43,3.831,212.087,9.251,2010,2,6,43,1,0.8660254037844386,0.5000000000000001,0.6631226582407952,0.7485107481711011
15,2010-02-19,69.34,3.849,212.888,9.445,2010,2,7,50,1,0.8660254037844386,0.5000000000000001,0.7485107481711011,0.6631226582407953
15,2010-02-26,65.13,3.744,206.62,10.154,2010,2,8,57,1,0.8660254037844386,0.5000000000000001,0.8229838658936564,0.5680647467311559
15,2010-03-05,79.31,3.436,211.789,10.836,2010,3,9,64,1,1.0,6.123233995736766e-17,0.8854560256532099,0.4647231720437686
15,2010-03-12,66.4,3.713,212.835,9.404,2010,3,10,71,1,1.0,6.123233995736766e-17,0.9350162426854148,0.35460488704253557
15,2010-03-19,66.86,3.892,213.396,9.946,2010,3,11,78,1,1.0,6.123233995736766e-17,0.970941817426052,0.23931566428755804
15,2010-03-26,77.35,4.359,208.717,10.519,2010,3,12,85,1,1.0,6.123233995736766e-17,0.992708874098054,0.120536680255323
15,2010-04-02,74.86,4.038,208.882,9.506,2010,4,13,92,2,0.8660254037844387,-0.4999999999999998,1.0,-1.6081226496766366e-16
15,2010-04-09,79.16,3.886,213.927,8.693,2010,4,14,99,2,0.8660254037844387,-0.4999999999999998,0.992708874098054,-0.12053668025532288
15,2010-04-16,74.76,3.896,207.122,9.407,2010,4,15,106,2,0.8660254037844387,-0.4999999999999998,0.9709418174260521,-0.2393156642875575
15,2010-04-23,74.6,4.173,210.762,9.64,2010,4,16,113,2,0.8660254037844387,-0.4999999999999998,0.9350162426854148,-0.35460488704253545
15,2010-04-30,75.43,3.812,211.07,9.798,2010,4,17,120,2,0.8660254037844387,-0.4999999999999998,0.8854560256532099,-0.4647231720437685
15,2010-05-07,68.94,3.559,209.151,10.038,2010,5,18,127,2,0.49999999999999994,-0.8660254037844387,0.8229838658936565,-0.5680647467311557
15,2010-05-14,64.35,3.56,211.097,10.064,2010,5,19,134,2,0.49999999999999994,-0.8660254037844387,0.7485107481711013,-0.663122658240795
15,2010-05-21,60.99,3.706,211.493,8.82,2010,5,20,141,2,0.49999999999999994,-0.8660254037844387,0.6631226582407952,-0.7485107481711012
15,2010-05-28,60.0,3.422,209.057,9.12,2010,5,21,148,2,0.49999999999999994,-0.8660254037844387,0.5680647467311558,-0.8229838658936564
15,2010-06-04,61.86,3.08,210.487,8.371,2010,6,22,155,2,1.2246467991473532e-16,-1.0,0.46472317204376906,-0.8854560256532096
15,2010-06-11,56.74,3.077,209.166,8.5,2010,6,23,162,2,1.2246467991473532e-16,-1.0,0.35460488704253584,-0.9350162426854147
15,2010-06-18,50.16,3.098,209.768,8.384,2010,6,24,169,2,1.2246467991473532e-16,-1.0,0.23931566428755768,-0.970941817426052
15,2010-06-25,45.26,2.781,209.672,8.168,2010,6,25,176,2,1.2246467991473532e-16,-1.0,0.12053668025532308,-0.992708874098054
15,2010-07-02,55.65,2.144,211.183,8.475,2010,7,26,183,3,-0.4999999999999997,-0.8660254037844388,-3.216245299353273e-16,-1.0
15,2010-07-09,34.84,2.167,210.664,7.575,2010,7,27,190,3,-0.4999999999999997,-0.8660254037844388,-0.12053668025532283,-0.992708874098054
15,2010-07-16,34.3,1.862,207.856,7.913,2010,7,28,197,3,-0.4999999999999997,-0.8660254037844388,-0.23931566428755743,-0.9709418174260521
15,2010-07-23,29.64,1.999,210.935,6.979,2010,7,29,204,3,-0.4999999999999997,-0.8660254037844388,-0.3546048870425356,-0.9350162426854148
15,2010-07-30,25.97,1.738,212.686,6.421,2010,7,30,211,3,-0.4999999999999997,-0.8660254037844388,-0.46472317204376806,-0.8854560256532101
15,2010-08-06,36.42,1.722,210.381,7.023,2010,8,31,218,3,-0.8660254037844385,-0.5000000000000004,-0.5680647467311556,-0.8229838658936566
15,2010-08-13,19.28,1.392,206.737,6.932,2010,8,32,225,3,-0.8660254037844385,-0.5000000000000004,-0.663122658240795,-0.7485107481711013
15,2010-08-20,23.05,1.434,207.83,6.219,2010,8,33,232,3,-0.8660254037844385,-0.5000000000000004,-0.7485107481711011,-0.6631226582407952
15,2010-08-27,7.55,1.165,210.261,6.462,2010,8,34,239,3,-0.8660254037844385,-0.5000000000000004,-0.8229838658936564,-0.5680647467311559
15,2010-09-03,25.86,1.257,211.586,5.838,2010,9,35,246,3,-1.0,-1.8369701987210297e-16,-0.8854560256532096,-0.4647231720437691
15,2010-09-10,21.94,1.012,206.323,6.416,2010,9,36,253,3,-1.0,-1.8369701987210297e-16,-0.9350162426854147,-0.3546048870425359
15,2010-09-17,12.26,0.829,208.866,5.353,2010,9,37,260,3,-1.0,-1.8369701987210297e-16,-0.970941817426052,-0.23931566428755774
15,2010-09-24,20.26,1.12,210.135,5.761,2010,9,38,267,3,-1.0,-1.8369701987210297e-16,-0.992708874098054,-0.12053668025532357
15,2010-10-01,13.65,0.87,207.957,6.123,2010,10,39,274,4,-0.8660254037844386,0.5000000000000001,-1.0,-1.8369701987210297e-16
15,2010-10-08,29.86,0.893,211.435,7.479,2010,10,40,281,4,-0.8660254037844386,0.5000000000000001,-0.992708874098054,0.1205366802553232
15,2010-10-15,21.12,1.065,211.89,6.561,2010,10,41,288,4,-0.8660254037844386,0.5000000000000001,-0.9709418174260521,0.23931566428755738
15,2010-10-22,15.79,1.224,211.863,6.399,2010,10,42,295,4,-0.8660254037844386,0.5000000000000001,-0.9350162426854148,0.35460488704253557
15,2010-10-29,22.53,1.224,206.754,5.962,2010,10,43,302,4,-0.8660254037844386,0.5000000000000001,-0.8854560256532101,0.464723172043768
15,2010-11-05,16.42,1.418,209.871,5.737,2010,11,44,309,4,-0.5000000000000004,0.8660254037844384,-0.822983865893657,0.5680647467311548
15,2010-11-12,22.88,1.283,210.319,6.485,2010,11,45,316,4,-0.5000000000000004,0.8660254037844384,-0.7485107481711011,0.6631226582407952
15,2010-11-19,29.32,1.384,212.159,6.918,2010,11,46,323,4,-0.5000000000000004,0.8660254037844384,-0.6631226582407955,0.7485107481711007
15,2010-11-26,27.42,1.493,210.836,7.496,2010,11,47,330,4,-0.5000000000000004,0.8660254037844384,-0.5680647467311559,0.8229838658936564
15,2010-12-03,14.1,1.601,209.464,7.042,2010,12,48,337,4,-2.4492935982947064e-16,1.0,-0.4647231720437684,0.88545602565321
15,2010-12-10,32.56,1.847,208.04,7.388,2010,12,49,344,4,-2.4492935982947064e-16,1.0,-0.35460488704253595,0.9350162426854147
15,2010-12-17,49.33,2.027,209.512,7.068,2010,12,50,351,4,-2.4492935982947064e-16,1.0,-0.2393156642875578,0.970941817426052
15,2010-12-24,42.33,2.231,207.604,8.481,2010,12,51,358,4,-2.4492935982947064e-16,1.0,-0.12053668025532363,0.992708874098054
15,2010-12-31,37.95,2.038,212.407,8.184,2010,12,52,365,4,-2.4492935982947064e-16,1.0,6.432490598706546e-16,1.0
15,2011-01-07,48.63,2.888,214.158,8.466,2011,1,1,7,1,0.49999999999999994,0.8660254037844387,0.12053668025532305,0.992708874098054
15,2011-01-14,52.39,3.256,212.766,8.791,2011,1,2,14,1,0.49999999999999994,0.8660254037844387,0.23931566428755774,0.970941817426052
15,2011-01-21,55.44,3.141,217.637,9.693,2011,1,3,21,1,0.49999999999999994,0.8660254037844387,0.3546048870425356,0.9350162426854148
15,2011-01-28,56.4,3.057,213.953,9.229,2011,1,4,28,1,0.49999999999999994,0.8660254037844387,0.4647231720437685,0.8854560256532099
15,2011-02-04,64.53,3.437,214.584,10.229,2011,2,5,35,1,0.8660254037844386,0.5000000000000001,0.5680647467311558,0.8229838658936564
15,2011-02-11,63.78,3.42,215.726,9.095,2011,2,6,42,1,0.8660254037844386,0.5000000000000001,0.6631226582407952,0.7485107481711011
15,2011-02-18,64.47,3.314,213.987,9.055,2011,2,7,49,1,0.8660254037844386,0.5000000000000001,0.7485107481711011,0.6631226582407953
15,2011-02-25,67.94,3.723,214.485,9.205,2011,2,8,56,1,0.8660254037844386,0.5000000000000001,0.8229838658936564,0.5680647467311559
15,2011-03-04,72.8,4.056,213.736,9.346,2011,3,9,63,1,1.0,6.123233995736766e-17,0.8854560256532099,0.4647231720437686
15,2011-03-11,69.2,4.026,218.957,9.376,2011,3,10,70,1,1.0,6.123233995736766e-17,0.9350162426854148,0.35460488704253557
15,2011-03-18,72.04,4.047,213.134,10.269,2011,3,11,77,1,1.0,6.123233995736766e-17,0.970941817426052,0.23931566428755804
15,2011-03-25,73.11,3.919,217.019,10.158,2011,3,12,84,1,1.0,6.123233995736766e-17,0.992708874098054,0.120536680255323
15,2011-04-01,74.99,3.383,213.873,9.077,2011,4,13,91,2,0.8660254037844387,-0.4999999999999998,1.0,-1.6081226496766366e-16
15,2011-04-08,79.51,3.858,217.359,10.231,2011,4,14,98,2,0.8660254037844387,-0.4999999999999998,0.992708874098054,-0.12053668025532288
15,2011-04-15,65.81,3.647,214.28,9.758,2011,4,15,105,2,0.8660254037844387,-0.4999999999999998,0.9709418174260521,-0.2393156642875575
15,2011-04-22,71.14,3.903,211.657,9.75,2011,4,16,112,2,0.8660254037844387,-0.4999999999999998,0.9350162426854148,-0.35460488704253545
15,2011-04-29,74.5,4.152,215.232,9.642,2011,4,17,119,2,0.8660254037844387,-0.4999999999999998,0.8854560256532099,-0.4647231720437685
15,2011-05-06,73.08,3.391,212.03,9.1,2011,5,18,126,2,0.49999999999999994,-0.8660254037844387,0.8229838658936565,-0.5680647467311557
15,2011-05-13,66.33,3.749,214.469,9.951,2011,5,19,133,2,0.49999999999999994,-0.8660254037844387,0.7485107481711013,-0.663122658240795
15,2011-05-20,67.37,3.603,212.329,9.582,2011,5,20,140,2,0.49999999999999994,-0.8660254037844387,0.6631226582407952,-0.7485107481711012
15,2011-05-27,60.04,3.511,217.709,9.526,2011,5,21,147,2,0.49999999999999994,-0.8660254037844387,0.5680647467311558,-0.8229838658936564
15,2011-06-03,54.37,3.64,218.039,9.254,2011,6,22,154,2,1.2246467991473532e-16,-1.0,0.46472317204376906,-0.8854560256532096
15,2011-06-10,54.89,2.81,217.388,9.219,2011,6,23,161,2,1.2246467991473532e-16,-1.0,0.35460488704253584,-0.9350162426854147
15,2011-06-17,49.01,2.816,218.653,8.454,2011,6,24,168,2,1.2246467991473532e-16,-1.0,0.23931566428755768,-0.970941817426052
15,2011-06-24,52.88,2.519,216.421,8.474,2011,6,25,175,2,1.2246467991473532e-16,-1.0,0.12053668025532308,-0.992708874098054
15,2011-07-01,43.71,2.457,214.848,7.589,2011,7,26,182,3,-0.4999999999999997,-0.8660254037844388,-3.216245299353273e-16,-1.0
15,2011-07-08,37.83,2.095,216.606,8.15,2011,7,27,189,3,-0.4999999999999997,-0.8660254037844388,-0.12053668025532283,-0.992708874098054
15,2011-07-15,38.3,2.051,211.502,6.851,2011,7,28,196,3,-0.4999999999999997,-0.8660254037844388,-0.23931566428755743,-0.9709418174260521
15,2011-07-22,35.58,1.855,213.309,7.74,2011,7,29,203,3,-0.4999999999999997,-0.8660254037844388,-0.3546048870425356,-0.9350162426854148
15,2011-07-29,26.08,1.415,213.843,6.517,2011,7,30,210,3,-0.4999999999999997,-0.8660254037844388,-0.46472317204376806,-0.8854560256532101
15,2011-08-05,25.42,1.997,214.798,6.109,2011,8,31,217,3,-0.8660254037844385,-0.5000000000000004,-0.5680647467311556,-0.8229838658936566
15,2011-08-12,13.02,1.573,216.851,6.551,2011,8,32,224,3,-0.8660254037844385,-0.5000000000000004,-0.663122658240795,-0.7485107481711013
15,2011-08-19,19.0,1.462,214.116,6.024,2011,8,33,231,3,-0.8660254037844385,-0.5000000000000004,-0.7485107481711011,-0.6631226582407952
15,2011-08-26,21.21,1.297,216.277,6.843,2011,8,34,238,3,-0.8660254037844385,-0.5000000000000004,-0.8229838658936564,-0.5680647467311559
15,2011-09-02,28.03,0.852,211.694,6.908,2011,9,35,245,3,-1.0,-1.8369701987210297e-16,-0.8854560256532096,-0.4647231720437691
15,2011-09-09,18.76,1.085,215.052,6.045,2011,9,36,252,3,-1.0,-1.8369701987210297e-16,-0.9350162426854147,-0.3546048870425359
15,2011-09-16,22.81,1.292,215.153,6.268,2011,9,37,259,3,-1.0,-1.8369701987210297e-16,-0.970941817426052,-0.23931566428755774
15,2011-09-23,10.85,0.745,215.24,5.751,2011,9,38,266,3,-1.0,-1.8369701987210297e-16,-0.992708874098054,-0.12053668025532357
15,2011-09-30,14.49,0.962,215.184,5.778,2011,9,39,273,3,-1.0,-1.8369701987210297e-16,-1.0,-1.8369701987210297e-16
15,2011-10-07,17.26,1.117,213.958,5.49,2011,10,40,280,4,-0.8660254037844386,0.5000000000000001,-0.992708874098054,0.1205366802553232
15,2011-10-14,21.02,1.144,217.41,6.684,2011,10,41,287,4,-0.8660254037844386,0.5000000000000001,-0.9709418174260521,0.23931566428755738
15,2011-10-21,16.41,1.32,216.441,6.473,2011,10,42,294,4,-0.8660254037844386,0.5000000000000001,-0.9350162426854148,0.35460488704253557
15,2011-10-28,17.75,0.884,216.025,6.115,2011,10,43,301,4,-0.8660254037844386,0.5000000000000001,-0.8854560256532101,0.464723172043768
15,2011-11-04,12.42,1.716,210.517,7.022,2011,11,44,308,4,-0.5000000000000004,0.8660254037844384,-0.822983865893657,0.5680647467311548
15,2011-11-11,15.07,1.71,212.956,6.181,2011,11,45,315,4,-0.5000000000000004,0.8660254037844384,-0.7485107481711011,0.6631226582407952
15,2011-11-18,19.85,1.449,215.135,6.827,2011,11,46,322,4,-0.5000000000000004,0.8660254037844384,-0.6631226582407955,0.7485107481711007
15,2011-11-25,26.3,1.757,215.295,6.298,2011,11,47,329,4,-0.5000000000000004,0.8660254037844384,-0.5680647467311559,0.8229838658936564
15,2011-12-02,37.59,2.003,215.977,7.256,2011,12,48,336,4,-2.4492935982947064e-16,1.0,-0.4647231720437684,0.88545602565321
15,2011-12-09,24.9,2.165,214.68,8.201,2011,12,49,343,4,-2.4492935982947064e-16,1.0,-0.35460488704253595,0.9350162426854147
15,2011-12-16,43.77,2.088,213.234,7.924,2011,12,50,350,4,-2.4492935982947064e-16,1.0,-0.2393156642875578,0.970941817426052
15,2011-12-23,45.72,2.657,217.105,7.876,2011,12,51,357,4,-2.4492935982947064e-16,1.0,-0.12053668025532363,0.992708874098054
15,2011-12-30,40.72,2.433,217.323,8.131,2011,12,52,364,4,-2.4492935982947064e-16,1.0,6.432490598706546e-16,1.0
15,2012-01-06,48.19,2.801,221.112,7.761,2012,1,1,6,1,0.49999999999999994,0.8660254037844387,0.12053668025532305,0.992708874098054
15,2012-01-13,55.8,3.14,224.028,8.477,2012,1,2,13,1,0.49999999999999994,0.8660254037844387,0.23931566428755774,0.970941817426052
15,2012-01-20,58.45,3.29,216.16,8.006,2012,1,3,20,1,0.49999999999999994,0.8660254037844387,0.3546048870425356,0.9350162426854148
15,2012-01-27,64.89,3.163,219.652,9.605,2012,1,4,27,1,0.49999999999999994,0.8660254037844387,0.4647231720437685,0.8854560256532099
15,2012-02-03,66.23,3.482,216.573,8.6,2012,2,5,34,1,0.8660254037844386,0.5000000000000001,0.5680647467311558,0.8229838658936564
15,2012-02-10,70.76,3.52,219.39,10.583,2012,2,6,41,1,0.8660254037844386,0.5000000000000001,0.6631226582407952,0.7485107481711011
15,2012-02-17,73.31,3.553,219.117,8.82,2012,2,7,48,1,0.8660254037844386,0.5000000000000001,0.7485107481711011,0.6631226582407953
15,2012-02-24,75.86,4.065,220.924,9.155,2012,2,8,55,1,0.8660254037844386,0.5000000000000001,0.8229838658936564,0.5680647467311559
15,2012-03-02,78.08,4.048,219.152,9.332,2012,3,9,62,1,1.0,6.123233995736766e-17,0.8854560256532099,0.4647231720437686
15,2012-03-09,71.65,3.797,222.575,9.681,2012,3,10,69,1,1.0,6.123233995736766e-17,0.9350162426854148,0.35460488704253557
15,2012-03-16,72.58,4.072,218.055,10.057,2012,3,11,76,1,1.0,6.123233995736766e-17,0.970941817426052,0.23931566428755804
15,2012-03-23,76.53,4.065,220.0,10.412,2012,3,12,83,1,1.0,6.123233995736766e-17,0.992708874098054,0.120536680255323
15,2012-03-30,76.99,3.956,220.36,10.832,2012,3,13,90,1,1.0,6.123233995736766e-17,1.0,-1.6081226496766366e-16
15,2012-04-06,76.59,4.076,219.174,10.398,2012,4,14,97,2,0.8660254037844387,-0.4999999999999998,0.992708874098054,-0.12053668025532288
15,2012-04-13,78.16,3.933,220.094,10.201,2012,4,15,104,2,0.8660254037844387,-0.4999999999999998,0.9709418174260521,-0.2393156642875575
15,2012-04-20,70.2,4.202,220.415,10.106,2012,4,16,111,2,0.8660254037844387,-0.4999999999999998,0.9350162426854148,-0.35460488704253545
15,2012-04-27,70.52,3.659,219.865,10.738,2012,4,17,118,2,0.8660254037844387,-0.4999999999999998,0.8854560256532099,-0.4647231720437685
15,2012-05-04,66.48,3.926,216.69,8.188,2012,5,18,125,2,0.49999999999999994,-0.8660254037844387,0.8229838658936565,-0.5680647467311557
15,2012-05-11,69.86,3.465,220.886,9.665,2012,5,19,132,2,0.49999999999999994,-0.8660254037844387,0.7485107481711013,-0.663122658240795
15,2012-05-18,66.74,3.587,218.863,9.618,2012,5,20,139,2,0.49999999999999994,-0.8660254037844387,0.6631226582407952,-0.7485107481711012
15,2012-05-25,65.63,3.329,222.99,9.244,2012,5,21,146,2,0.49999999999999994,-0.8660254037844387,0.5680647467311558,-0.8229838658936564
15,2012-06-01,61.74,3.534,221.984,8.592,2012,6,22,153,2,1.2246467991473532e-16,-1.0,0.46472317204376906,-0.8854560256532096
15,2012-06-08,68.86,2.807,222.096,9.101,2012,6,23,160,2,1.2246467991473532e-16,-1.0,0.35460488704253584,-0.9350162426854147
15,2012-06-15,48.95,2.976,219.725,8.813,2012,6,24,167,2,1.2246467991473532e-16,-1.0,0.23931566428755768,-0.970941817426052
15,2012-06-22,47.94,2.779,218.329,7.72,2012,6,25,174,2,1.2246467991473532e-16,-1.0,0.12053668025532308,-0.992708874098054
15,2012-06-29,47.32,2.438,223.08,7.312,2012,6,26,181,2,1.2246467991473532e-16,-1.0,-3.216245299353273e-16,-1.0
15,2012-07-06,40.55,2.418,220.593,8.258,2012,7,27,188,3,-0.4999999999999997,-0.8660254037844388,-0.12053668025532283,-0.992708874098054
15,2012-07-13,36.33,2.255,215.743,7.518,2012,7,28,195,3,-0.4999999999999997,-0.8660254037844388,-0.23931566428755743,-0.9709418174260521
15,2012-07-20,29.32,2.114,219.725,8.079,2012,7,29,202,3,-0.4999999999999997,-0.8660254037844388,-0.3546048870425356,-0.9350162426854148
15,2012-07-27,32.62,1.778,219.906,8.14,2012,7,30,209,3,-0.4999999999999997,-0.8660254037844388,-0.46472317204376806,-0.8854560256532101
15,2012-08-03,33.29,1.801,218.924,7.407,2012,8,31,216,3,-0.8660254037844385,-0.5000000000000004,-0.5680647467311556,-0.8229838658936566
15,2012-08-10,31.0,1.402,220.96,6.945,2012,8,32,223,3,-0.8660254037844385,-0.5000000000000004,-0.663122658240795,-0.7485107481711013
15,2012-08-17,17.42,1.649,219.461,5.959,2012,8,33,230,3,-0.8660254037844385,-0.5000000000000004,-0.7485107481711011,-0.6631226582407952
15,2012-08-24,22.81,1.145,219.069,6.321,2012,8,34,237,3,-0.8660254037844385,-0.5000000000000004,-0.8229838658936564,-0.5680647467311559
15,2012-08-31,19.39,1.041,219.831,6.116,2012,8,35,244,3,-0.8660254037844385,-0.5000000000000004,-0.8854560256532096,-0.4647231720437691
15,2012-09-07,15.23,1.359,220.205,6.078,2012,9,36,251,3,-1.0,-1.8369701987210297e-16,-0.9350162426854147,-0.3546048870425359
15,2012-09-14,14.24,1.289,217.16,5.847,2012,9,37,258,3,-1.0,-1.8369701987210297e-16,-0.970941817426052,-0.23931566428755774
15,2012-09-21,21.88,1.109,217.503,5.467,2012,9,38,265,3,-1.0,-1.8369701987210297e-16,-0.992708874098054,-0.12053668025532357
15,2012-09-28,18.57,0.921,221.305,5.705,2012,9,39,272,3,-1.0,-1.8369701987210297e-16,-1.0,-1.8369701987210297e-16
15,2012-10-05,13.71,0.9,217.293,5.473,2012,10,40,279,4,-0.8660254037844386,0.5000000000000001,-0.992708874098054,0.1205366802553232
15,2012-10-12,13.65,0.763,222.833,6.439,2012,10,41,286,4,-0.8660254037844386,0.5000000000000001,-0.9709418174260521,0.23931566428755738
15,2012-10-19,12.74,1.273,220.296,6.087,2012,10,42,293,4,-0.8660254037844386,0.5000000000000001,-0.9350162426854148,0.35460488704253557
15,2012-10-26,21.06,0.877,221.382,6.283,2012,10,43,300,4,-0.8660254037844386,0.5000000000000001,-0.8854560256532101,0.464723172043768
16,2010-02-05,63.95,3.471,209.718,8.609,2010,2,5,36,1,0.8660254037844386,0.5000000000000001,0.5680647467311558,0.8229838658936564
16,2010-02-12,69.4,3.419,210.498,9.665,2010,2,6,43,1,0.8660254037844386,0.5000000000000001,0.6631226582407952,0.7485107481711011
16,2010-02-19,69.73,3.194,207.828,9.213,2010,2,7,50,1,0.8660254037844386,0.5000000000000001,0.7485107481711011,0.6631226582407953
16,2010-02-26,71.07,3.374,209.532,8.982,2010,2,8,57,1,0.8660254037844386,0.5000000000000001,0.8229838658936564,0.5680647467311559
16,2010-03-05,64.28,3.812,209.517,9.495,2010,3,9,64,1,1.0,6.123233995736766e-17,0.8854560256532099,0.4647231720437686
16,2010-03-12,74.09,3.943,209.113,9.686,2010,3,10,71,1,1.0,6.123233995736766e-17,0.9350162426854148,0.35460488704253557
16,2010-03-19,84.98,3.956,209.108,10.017,2010,3,11,78,1,1.0,6.123233995736766e-17,0.970941817426052,0.23931566428755804
16,2010-03-26,76.62,4.142,206.273,10.569,2010,3,12,85,1,1.0,6.123233995736766e-17,0.992708874098054,0.120536680255323
16,2010-04-02,71.75,4.023,208.927,9.684,2010,4,13,92,2,0.8660254037844387,-0.4999999999999998,1.0,-1.6081226496766366e-16
16,2010-04-09,86.16,3.75,207.457,10.529,2010,4,14,99,2,0.8660254037844387,-0.4999999999999998,0.992708874098054,-0.12053668025532288
16,2010-04-16,75.29,4.119,210.378,9.06,2010,4,15,106,2,0.8660254037844387,-0.4999999999999998,0.9709418174260521,-0.2393156642875575
16,2010-04-23,67.03,3.862,213.346,10.461,2010,4,16,113,2,0.8660254037844387,-0.4999999999999998,0.9350162426854148,-0.35460488704253545
16,2010-04-30,79.69,3.625,208.686,9.857,2010,4,17,120,2,0.8660254037844387,-0.4999999999999998,0.8854560256532099,-0.4647231720437685
16,2010-05-07,67.12,3.586,206.295,9.863,2010,5,18,127,2,0.49999999999999994,-0.8660254037844387,0.8229838658936565,-0.5680647467311557
16,2010-05-14,62.9,3.884,210.24,10.078,2010,5,19,134,2,0.49999999999999994,-0.8660254037844387,0.7485107481711013,-0.663122658240795
16,2010-05-21,69.19,3.779,210.391,9.467,2010,5,20,141,2,0.49999999999999994,-0.8660254037844387,0.6631226582407952,-0.7485107481711012
16,2010-05-28,70.93,2.67,210.846,9.358,2010,5,21,148,2,0.49999999999999994,-0.8660254037844387,0.5680647467311558,-0.8229838658936564
16,2010-06-04,57.02,3.232,209.608,8.676,2010,6,22,155,2,1.2246467991473532e-16,-1.0,0.46472317204376906,-0.8854560256532096
16,2010-06-11,63.99,2.984,211.617,8.851,2010,6,23,162,2,1.2246467991473532e-16,-1.0,0.35460488704253584,-0.9350162426854147
16,2010-06-18,55.01,3.208,207.798,8.113,2010,6,24,169,2,1.2246467991473532e-16,-1.0,0.23931566428755768,-0.970941817426052
16,2010-06-25,50.05,2.491,212.007,7.851,2010,6,25,176,2,1.2246467991473532e-16,-1.0,0.12053668025532308,-0.992708874098054
16,2010-07-02,45.78,2.501,212.762,7.514,2010,7,26,183,3,-0.4999999999999997,-0.8660254037844388,-3.216245299353273e-16,-1.0
16,2010-07-09,45.71,1.88,205.781,8.259,2010,7,27,190,3,-0.4999999999999997,-0.8660254037844388,-0.12053668025532283,-0.992708874098054
16,2010-07-16,41.04,1.953,209.928,8.464,2010,7,28,197,3,-0.4999999999999997,-0.8660254037844388,-0.23931566428755743,-0.9709418174260521
16,2010-07-23,32.91,1.705,210.73,6.166,2010,7,29,204,3,-0.4999999999999997,-0.8660254037844388,-0.3546048870425356,-0.9350162426854148
16,2010-07-30,32.76,1.96,210.182,6.66,2010,7,30,211,3,-0.4999999999999997,-0.8660254037844388,-0.46472317204376806,-0.8854560256532101
16,2010-08-06,27.61,1.53,208.958,7.161,2010,8,31,218,3,-0.8660254037844385,-0.5000000000000004,-0.5680647467311556,-0.8229838658936566
16,2010-08-13,20.85,1.435,212.562,5.727,2010,8,32,225,3,-0.8660254037844385,-0.5000000000000004,-0.663122658240795,-0.7485107481711013
16,2010-08-20,22.24,1.461,212.289,6.557,2010,8,33,232,3,-0.8660254037844385,-0.5000000000000004,-0.7485107481711011,-0.6631226582407952
16,2010-08-27,18.27,1.393,208.121,6.168,2010,8,34,239,3,-0.8660254037844385,-0.5000000000000004,-0.8229838658936564,-0.5680647467311559
16,2010-09-03,12.59,1.451,212.382,6.602,2010,9,35,246,3,-1.0,-1.8369701987210297e-16,-0.8854560256532096,-0.4647231720437691
16,2010-09-10,11.36,1.289,213.285,5.858,2010,9,36,253,3,-1.0,-1.8369701987210297e-16,-0.9350162426854147,-0.3546048870425359
16,2010-09-17,25.49,0.969,208.68,6.793,2010,9,37,260,3,-1.0,-1.8369701987210297e-16,-0.970941817426052,-0.23931566428755774
16,2010-09-24,9.92,1.119,208.52,5.897,2010,9,38,267,3,-1.0,-1.8369701987210297e-16,-0.992708874098054,-0.12053668025532357
16,2010-10-01,7.08,1.246,207.369,5.641,2010,10,39,274,4,-0.8660254037844386,0.5000000000000001,-1.0,-1.8369701987210297e-16
16,2010-10-08,15.92,1.089,208.972,5.692,2010,10,40,281,4,-0.8660254037844386,0.5000000000000001,-0.992708874098054,0.1205366802553232
16,2010-10-15,17.06,0.907,208.386,5.179,2010,10,41,288,4,-0.8660254037844386,0.5000000000000001,-0.9709418174260521,0.23931566428755738
16,2010-10-22,18.54,1.234,211.871,6.35,2010,10,42,295,4,-0.8660254037844386,0.5000000000000001,-0.9350162426854148,0.35460488704253557
16,2010-10-29,8.22,1.018,211.566,6.451,2010,10,43,302,4,-0.8660254037844386,0.5000000000000001,-0.8854560256532101,0.464723172043768
16,2010-11-05,18.99,1.448,207.728,5.652,2010,11,44,309,4,-0.5000000000000004,0.8660254037844384,-0.822983865893657,0.5680647467311548
16,2010-11-12,25.02,1.087,213.069,7.36,2010,11,45,316,4,-0.5000000000000004,0.8660254037844384,-0.7485107481711011,0.6631226582407952
16,2010-11-19,27.11,1.798,208.42,6.343,2010,11,46,323,4,-0.5000000000000004,0.8660254037844384,-0.6631226582407955,0.7485107481711007
16,2010-11-26,23.76,1.821,207.548,7.09,2010,11,47,330,4,-0.5000000000000004,0.8660254037844384,-0.5680647467311559,0.8229838658936564
16,2010-12-03,26.89,1.819,211.959,7.505,2010,12,48,337,4,-2.4492935982947064e-16,1.0,-0.4647231720437684,0.88545602565321
16,2010-12-10,30.97,2.065,209.715,7.386,2010,12,49,344,4,-2.4492935982947064e-16,1.0,-0.35460488704253595,0.9350162426854147
16,2010-12-17,40.74,1.995,212.122,7.836,2010,12,50,351,4,-2.4492935982947064e-16,1.0,-0.2393156642875578,0.970941817426052
16,2010-12-24,41.99,2.199,212.662,6.633,2010,12,51,358,4,-2.4492935982947064e-16,1.0,-0.12053668025532363,0.992708874098054
16,2010-12-31,52.09,2.785,207.309,7.835,2010,12,52,365,4,-2.4492935982947064e-16,1.0,6.432490598706546e-16,1.0
16,2011-01-07,50.14,2.58,214.337,7.061,2011,1,1,7,1,0.49999999999999994,0.8660254037844387,0.12053668025532305,0.992708874098054
16,2011-01-14,42.53,2.644,217.512,8.259,2011,1,2,14,1,0.49999999999999994,0.8660254037844387,0.23931566428755774,0.970941817426052
16,2011-01-21,54.52,2.985,216.636,9.297,2011,1,3,21,1,0.49999999999999994,0.8660254037844387,0.3546048870425356,0.9350162426854148
16,2011-01-28,65.21,3.544,212.386,8.286,2011,1,4,28,1,0.49999999999999994,0.8660254037844387,0.4647231720437685,0.8854560256532099
16,2011-02-04,63.9,3.349,212.194,9.164,2011,2,5,35,1,0.8660254037844386,0.5000000000000001,0.5680647467311558,0.8229838658936564
16,2011-02-11,68.14,3.446,215.603,10.067,2011,2,6,42,1,0.8660254037844386,0.5000000000000001,0.6631226582407952,0.7485107481711011
16,2011-02-18,71.62,3.361,219.028,9.246,2011,2,7,49,1,0.8660254037844386,0.5000000000000001,0.7485107481711011,0.6631226582407953
16,2011-02-25,59.56,3.753,212.752,9.293,2011,2,8,56,1,0.8660254037844386,0.5000000000000001,0.8229838658936564,0.5680647467311559
16,2011-03-04,74.2,3.849,212.903,11.043,2011,3,9,63,1,1.0,6.123233995736766e-17,0.8854560256532099,0.4647231720437686
16,2011-03-11,75.88,3.805,211.949,10.118,2011,3,10,70,1,1.0,6.123233995736766e-17,0.9350162426854148,0.35460488704253557
16,2011-03-18,71.11,4.135,216.968,10.769,2011,3,11,77,1,1.0,6.123233995736766e-17,0.970941817426052,0.23931566428755804
16,2011-03-25,73.85,3.757,219.2,10.246,2011,3,12,84,1,1.0,6.123233995736766e-17,0.992708874098054,0.120536680255323
16,2011-04-01,73.72,4.139,214.546,9.555,2011,4,13,91,2,0.8660254037844387,-0.4999999999999998,1.0,-1.6081226496766366e-16
16,2011-04-08,76.19,4.365,214.72,10.897,2011,4,14,98,2,0.8660254037844387,-0.4999999999999998,0.992708874098054,-0.12053668025532288
16,2011-04-15,79.33,3.634,213.61,9.561,2011,4,15,105,2,0.8660254037844387,-0.4999999999999998,0.9709418174260521,-0.2393156642875575
16,2011-04-22,69.82,3.841,215.291,10.179,2011,4,16,112,2,0.8660254037844387,-0.4999999999999998,0.9350162426854148,-0.35460488704253545
16,2011-04-29,66.93,4.129,212.899,10.368,2011,4,17,119,2,0.8660254037844387,-0.4999999999999998,0.8854560256532099,-0.4647231720437685
16,2011-05-06,67.8,3.617,214.43,10.281,2011,5,18,126,2,0.49999999999999994,-0.8660254037844387,0.8229838658936565,-0.5680647467311557
16,2011-05-13,73.5,3.489,215.65,9.09,2011,5,19,133,2,0.49999999999999994,-0.8660254037844387,0.7485107481711013,-0.663122658240795
16,2011-05-20,61.8,3.377,216.201,9.441,2011,5,20,140,2,0.49999999999999994,-0.8660254037844387,0.6631226582407952,-0.7485107481711012
16,2011-05-27,67.19,3.637,213.142,9.209,2011,5,21,147,2,0.49999999999999994,-0.8660254037844387,0.5680647467311558,-0.8229838658936564
16,2011-06-03,59.92,3.183,216.007,9.284,2011,6,22,154,2,1.2246467991473532e-16,-1.0,0.46472317204376906,-0.8854560256532096
16,2011-06-10,63.81,3.312,213.935,8.819,2011,6,23,161,2,1.2246467991473532e-16,-1.0,0.35460488704253584,-0.9350162426854147
16,2011-06-17,45.75,2.895,215.687,8.308,2011,6,24,168,2,1.2246467991473532e-16,-1.0,0.23931566428755768,-0.970941817426052
16,2011-06-24,48.2,2.714,215.104,7.952,2011,6,25,175,2,1.2246467991473532e-16,-1.0,0.12053668025532308,-0.992708874098054
16,2011-07-01,49.25,2.392,213.561,7.986,2011,7,26,182,3,-0.4999999999999997,-0.8660254037844388,-3.216245299353273e-16,-1.0
16,2011-07-08,50.7,2.556,219.7,8.707,2011,7,27,189,3,-0.4999999999999997,-0.8660254037844388,-0.12053668025532283,-0.992708874098054
16,2011-07-15,43.68,1.971,213.374,7.88,2011,7,28,196,3,-0.4999999999999997,-0.8660254037844388,-0.23931566428755743,-0.9709418174260521
16,2011-07-22,34.47,2.077,214.995,7.41,2011,7,29,203,3,-0.4999999999999997,-0.8660254037844388,-0.3546048870425356,-0.9350162426854148
16,2011-07-29,31.73,1.961,218.429,7.418,2011,7,30,210,3,-0.4999999999999997,-0.8660254037844388,-0.46472317204376806,-0.8854560256532101
16,2011-08-05,36.13,1.812,214.793,6.683,2011,8,31,217,3,-0.8660254037844385,-0.5000000000000004,-0.5680647467311556,-0.8229838658936566
16,2011-08-12,21.41,1.242,214.812,5.844,2011,8,32,224,3,-0.8660254037844385,-0.5000000000000004,-0.663122658240795,-0.7485107481711013
16,2011-08-19,21.44,1.427,214.106,6.428,2011,8,33,231,3,-0.8660254037844385,-0.5000000000000004,-0.7485107481711011,-0.6631226582407952
16,2011-08-26,21.97,1.036,216.457,6.607,2011,8,34,238,3,-0.8660254037844385,-0.5000000000000004,-0.8229838658936564,-0.5680647467311559
16,2011-09-02,31.06,1.218,216.338,6.696,2011,9,35,245,3,-1.0,-1.8369701987210297e-16,-0.8854560256532096,-0.4647231720437691
16,2011-09-09,9.88,0.92,213.34,5.863,2011,9,36,252,3,-1.0,-1.8369701987210297e-16,-0.9350162426854147,-0.3546048870425359
16,2011-09-16,20.2,1.136,215.134,6.779,2011,9,37,259,3,-1.0,-1.8369701987210297e-16,-0.970941817426052,-0.23931566428755774
16,2011-09-23,6.49,1.089,215.781,5.718,2011,9,38,266,3,-1.0,-1.8369701987210297e-16,-0.992708874098054,-0.12053668025532357
16,2011-09-30,17.6,0.964,216.007,6.371,2011,9,39,273,3,-1.0,-1.8369701987210297e-16,-1.0,-1.8369701987210297e-16
16,2011-10-07,13.1,0.752,211.746,5.759,2011,10,40,280,4,-0.8660254037844386,0.5000000000000001,-0.992708874098054,0.1205366802553232
16,2011-10-14,18.86,1.113,215.287,5.235,2011,10,41,287,4,-0.8660254037844386,0.5000000000000001,-0.9709418174260521,0.23931566428755738
16,2011-10-21,13.43,0.767,215.388,6.398,2011,10,42,294,4,-0.8660254037844386,0.5000000000000001,-0.9350162426854148,0.35460488704253557
16,2011-10-28,19.06,1.078,215.862,5.463,2011,10,43,301,4,-0.8660254037844386,0.5000000000000001,-0.8854560256532101,0.464723172043768
16,2011-11-04,28.55,0.768,217.976,6.342,2011,11,44,308,4,-0.5000000000000004,0.8660254037844384,-0.822983865893657,0.5680647467311548
16,2011-11-11,21.51,1.042,213.631,6.851,2011,11,45,315,4,-0.5000000000000004,0.8660254037844384,-0.7485107481711011,0.6631226582407952
16,2011-11-18,26.69,1.101,215.887,6.963,2011,11,46,322,4,-0.5000000000000004,0.8660254037844384,-0.6631226582407955,0.7485107481711007
16,2011-11-25,23.31,1.644,209.981,5.922,2011,11,47,329,4,-0.5000000000000004,0.8660254037844384,-0.5680647467311559,0.8229838658936564
16,2011-12-02,34.87,1.516,212.589,7.344,2011,12,48,336,4,-2.4492935982947064e-16,1.0,-0.4647231720437684,0.88545602565321
16,2011-12-09,32.86,2.195,213.438,7.081,2011,12,49,343,4,-2.4492935982947064e-16,1.0,-0.35460488704253595,0.9350162426854147
16,2011-12-16,38.74,2.284,218.437,7.23,2011,12,50,350,4,-2.4492935982947064e-16,1.0,-0.2393156642875578,0.970941817426052
16,2011-12-23,41.93,2.19,216.187,7.245,2011,12,51,357,4,-2.4492935982947064e-16,1.0,-0.12053668025532363,0.992708874098054
16,2011-12-30,39.51,2.306,213.93,8.444,2011,12,52,364,4,-2.4492935982947064e-16,1.0,6.432490598706546e-16,1.0
16,2012-01-06,46.86,2.363,218.032,7.987,2012,1,1,6,1,0.49999999999999994,0.8660254037844387,0.12053668025532305,0.992708874098054
16,2012-01-13,51.94,2.659,221.516,9.026,2012,1,2,13,1,0.49999999999999994,0.8660254037844387,0.23931566428755774,0.970941817426052
16,2012-01-20,58.82,3.232,220.303,9.255,2012,1,3,20,1,0.49999999999999994,0.8660254037844387,0.3546048870425356,0.9350162426854148
16,2012-01-27,71.23,3.209,221.889,7.702,2012,1,4,27,1,0.49999999999999994,0.8660254037844387,0.4647231720437685,0.8854560256532099
16,2012-02-03,64.42,3.052,220.692,8.515,2012,2,5,34,1,0.8660254037844386,0.5000000000000001,0.5680647467311558,0.8229838658936564
16,2012-02-10,67.82,3.752,219.261,9.093,2012,2,6,41,1,0.8660254037844386,0.5000000000000001,0.6631226582407952,0.7485107481711011
16,2012-02-17,60.22,3.697,217.667,9.354,2012,2,7,48,1,0.8660254037844386,0.5000000000000001,0.7485107481711011,0.6631226582407953
16,2012-02-24,69.75,3.51,218.691,10.328,2012,2,8,55,1,0.8660254037844386,0.5000000000000001,0.8229838658936564,0.5680647467311559
16,2012-03-02,78.31,3.772,218.687,9.393,2012,3,9,62,1,1.0,6.123233995736766e-17,0.8854560256532099,0.4647231720437686
16,2012-03-09,71.62,3.93,218.7,10.074,2012,3,10,69,1,1.0,6.123233995736766e-17,0.9350162426854148,0.35460488704253557
16,2012-03-16,73.58,4.31,220.592,9.258,2012,3,11,76,1,1.0,6.123233995736766e-17,0.970941817426052,0.23931566428755804
16,2012-03-23,68.95,4.169,219.213,10.079,2012,3,12,83,1,1.0,6.123233995736766e-17,0.992708874098054,0.120536680255323
16,2012-03-30,75.73,4.094,219.769,9.109,2012,3,13,90,1,1.0,6.123233995736766e-17,1.0,-1.6081226496766366e-16
16,2012-04-06,77.27,3.793,217.739,10.396,2012,4,14,97,2,0.8660254037844387,-0.4999999999999998,0.992708874098054,-0.12053668025532288
16,2012-04-13,71.11,4.133,221.608,10.213,2012,4,15,104,2,0.8660254037844387,-0.4999999999999998,0.9709418174260521,-0.2393156642875575
16,2012-04-20,80.79,3.828,219.024,10.571,2012,4,16,111,2,0.8660254037844387,-0.4999999999999998,0.9350162426854148,-0.35460488704253545
16,2012-04-27,63.72,3.74,220.754,9.834,2012,4,17,118,2,0.8660254037844387,-0.4999999999999998,0.8854560256532099,-0.4647231720437685
16,2012-05-04,58.55,4.023,220.275,9.277,2012,5,18,125,2,0.49999999999999994,-0.8660254037844387,0.8229838658936565,-0.5680647467311557
16,2012-05-11,69.78,3.25,219.327,9.989,2012,5,19,132,2,0.49999999999999994,-0.8660254037844387,0.7485107481711013,-0.663122658240795
16,2012-05-18,69.59,3.71,225.163,9.557,2012,5,20,139,2,0.49999999999999994,-0.8660254037844387,0.6631226582407952,-0.7485107481711012
16,2012-05-25,57.9,3.367,221.645,8.724,2012,5,21,146,2,0.49999999999999994,-0.8660254037844387,0.5680647467311558,-0.8229838658936564
16,2012-06-01,55.94,3.495,220.025,8.197,2012,6,22,153,2,1.2246467991473532e-16,-1.0,0.46472317204376906,-0.8854560256532096
16,2012-06-08,57.2,2.917,220.355,8.566,2012,6,23,160,2,1.2246467991473532e-16,-1.0,0.35460488704253584,-0.9350162426854147
16,2012-06-15,52.46,2.836,219.158,8.247,2012,6,24,167,2,1.2246467991473532e-16,-1.0,0.23931566428755768,-0.970941817426052
16,2012-06-22,47.09,2.403,219.04,8.844,2012,6,25,174,2,1.2246467991473532e-16,-1.0,0.12053668025532308,-0.992708874098054
16,2012-06-29,50.27,2.705,219.936,8.901,2012,6,26,181,2,1.2246467991473532e-16,-1.0,-3.216245299353273e-16,-1.0
16,2012-07-06,36.32,2.696,221.386,7.411,2012,7,27,188,3,-0.4999999999999997,-0.8660254037844388,-0.12053668025532283,-0.992708874098054
16,2012-07-13,39.88,2.164,217.323,6.996,2012,7,28,195,3,-0.4999999999999997,-0.8660254037844388,-0.23931566428755743,-0.9709418174260521
16,2012-07-20,33.66,1.88,220.033,7.522,2012,7,29,202,3,-0.4999999999999997,-0.8660254037844388,-0.3546048870425356,-0.9350162426854148
16,2012-07-27,34.66,1.773,221.233,7.759,2012,7,30,209,3,-0.4999999999999997,-0.8660254037844388,-0.46472317204376806,-0.8854560256532101
16,2012-08-03,30.68,1.824,224.801,6.378,2012,8,31,216,3,-0.8660254037844385,-0.5000000000000004,-0.5680647467311556,-0.8229838658936566
16,2012-08-10,21.19,1.735,215.824,6.23,2012,8,32,223,3,-0.8660254037844385,-0.5000000000000004,-0.663122658240795,-0.7485107481711013
16,2012-08-17,23.17,1.45,219.061,5.801,2012,8,33,230,3,-0.8660254037844385,-0.5000000000000004,-0.7485107481711011,-0.6631226582407952
16,2012-08-24,16.36,1.489,223.151,5.668,2012,8,34,237,3,-0.8660254037844385,-0.5000000000000004,-0.8229838658936564,-0.5680647467311559
16,2012-08-31,20.27,1.184,224.866,5.548,2012,8,35,244,3,-0.8660254037844385,-0.5000000000000004,-0.8854560256532096,-0.4647231720437691
16,2012-09-07,25.65,0.887,219.372,6.165,2012,9,36,251,3,-1.0,-1.8369701987210297e-16,-0.9350162426854147,-0.3546048870425359
16,2012-09-14,15.15,0.871,219.131,5.812,2012,9,37,258,3,-1.0,-1.8369701987210297e-16,-0.970941817426052,-0.23931566428755774
16,2012-09-21,25.97,0.864,220.251,6.565,2012,9,38,265,3,-1.0,-1.8369701987210297e-16,-0.992708874098054,-0.12053668025532357
16,2012-09-28,15.49,0.987,220.549,5.884,2012,9,39,272,3,-1.0,-1.8369701987210297e-16,-1.0,-1.8369701987210297e-16
16,2012-10-05,21.2,1.311,217.899,6.577,2012,10,40,279,4,-0.8660254037844386,0.5000000000000001,-0.992708874098054,0.1205366802553232
16,2012-10-12,7.74,0.911,217.875,5.601,2012,10,41,286,4,-0.8660254037844386,0.5000000000000001,-0.9709418174260521,0.23931566428755738
16,2012-10-19,12.96,0.988,221.339,5.808,2012,10,42,293,4,-0.8660254037844386,0.5000000000000001,-0.9350162426854148,0.35460488704253557
16,2012-10-26,21.43,1.27,222.006,5.554,2012,10,43,300,4,-0.8660254037844386,0.5000000000000001,-0.8854560256532101,0.464723172043768
17,2010-02-05,61.45,3.382,211.06,9.443,2010,2,5,36,1,0.8660254037844386,0.5000000000000001,0.5680647467311558,0.8229838658936564
17,2010-02-12,59.26,3.282,208.885,8.441,2010,2,6,43,1,0.8660254037844386,0.5000000000000001,0.6631226582407952,0.7485107481711011
17,2010-02-19,65.69,3.654,212.534,9.556,2010,2,7,50,1,0.8660254037844386,0.5000000000000001,0.7485107481711011,0.6631226582407953
17,2010-02-26,65.76,3.975,212.239,9.444,2010,2,8,57,1,0.8660254037844386,0.5000000000000001,0.8229838658936564,0.5680647467311559
17,2010-03-05,70.94,3.727,212.158,9.359,2010,3,9,64,1,1.0,6.123233995736766e-17,0.8854560256532099,0.4647231720437686
17,2010-03-12,70.45,3.988,210.292,10.57,2010,3,10,71,1,1.0,6.123233995736766e-17,0.9350162426854148,0.35460488704253557
17,2010-03-19,70.73,4.217,210.166,9.68,2010,3,11,78,1,1.0,6.123233995736766e-17,0.970941817426052,0.23931566428755804
17,2010-03-26,76.02,4.21,215.38,10.367,2010,3,12,85,1,1.0,6.123233995736766e-17,0.992708874098054,0.120536680255323
17,2010-04-02,74.4,3.708,209.864,9.987,2010,4,13,92,2,0.8660254037844387,-0.4999999999999998,1.0,-1.6081226496766366e-16
17,2010-04-09,75.83,3.982,207.26,9.949,2010,4,14,99,2,0.8660254037844387,-0.4999999999999998,0.992708874098054,-0.12053668025532288
17,2010-04-16,78.39,3.923,210.003,9.619,2010,4,15,106,2,0.8660254037844387,-0.4999999999999998,0.9709418174260521,-0.2393156642875575
17,2010-04-23,78.61,3.499,211.274,11.275,2010,4,16,113,2,0.8660254037844387,-0.4999999999999998,0.9350162426854148,-0.35460488704253545
17,2010-04-30,75.18,4.278,208.51,9.592,2010,4,17,120,2,0.8660254037844387,-0.4999999999999998,0.8854560256532099,-0.4647231720437685
17,2010-05-07,59.94,3.486,209.63,9.054,2010,5,18,127,2,0.49999999999999994,-0.8660254037844387,0.8229838658936565,-0.5680647467311557
17,2010-05-14,63.3,3.469,211.294,9.886,2010,5,19,134,2,0.49999999999999994,-0.8660254037844387,0.7485107481711013,-0.663122658240795
17,2010-05-21,64.18,3.718,212.301,8.734,2010,5,20,141,2,0.49999999999999994,-0.8660254037844387,0.6631226582407952,-0.7485107481711012
17,2010-05-28,67.97,3.433,210.596,9.477,2010,5,21,148,2,0.49999999999999994,-0.8660254037844387,0.5680647467311558,-0.8229838658936564
17,2010-06-04,51.79,3.47,208.13,8.94,2010,6,22,155,2,1.2246467991473532e-16,-1.0,0.46472317204376906,-0.8854560256532096
17,2010-06-11,52.89,3.113,210.977,9.1,2010,6,23,162,2,1.2246467991473532e-16,-1.0,0.35460488704253584,-0.9350162426854147
17,2010-06-18,44.22,2.631,209.44,8.293,2010,6,24,169,2,1.2246467991473532e-16,-1.0,0.23931566428755768,-0.970941817426052
17,2010-06-25,48.79,2.515,211.346,7.966,2010,6,25,176,2,1.2246467991473532e-16,-1.0,0.12053668025532308,-0.992708874098054
17,2010-07-02,41.98,2.54,207.107,7.448,2010,7,26,183,3,-0.4999999999999997,-0.8660254037844388,-3.216245299353273e-16,-1.0
17,2010-07-09,46.05,2.401,210.165,7.751,2010,7,27,190,3,-0.4999999999999997,-0.8660254037844388,-0.12053668025532283,-0.992708874098054
17,2010-07-16,46.67,2.422,211.451,7.866,2010,7,28,197,3,-0.4999999999999997,-0.8660254037844388,-0.23931566428755743,-0.9709418174260521
17,2010-07-23,36.84,1.652,208.34,7.633,2010,7,29,204,3,-0.4999999999999997,-0.8660254037844388,-0.3546048870425356,-0.9350162426854148
17,2010-07-30,26.35,1.471,209.698,7.882,2010,7,30,211,3,-0.4999999999999997,-0.8660254037844388,-0.46472317204376806,-0.8854560256532101
17,2010-08-06,28.96,1.354,214.345,7.297,2010,8,31,218,3,-0.8660254037844385,-0.5000000000000004,-0.5680647467311556,-0.8229838658936566
17,2010-08-13,27.25,1.235,209.404,6.83,2010,8,32,225,3,-0.8660254037844385,-0.5000000000000004,-0.663122658240795,-0.7485107481711013
17,2010-08-20,22.46,1.227,210.768,6.578,2010,8,33,232,3,-0.8660254037844385,-0.5000000000000004,-0.7485107481711011,-0.6631226582407952
17,2010-08-27,13.85,1.232,204.221,6.439,2010,8,34,239,3,-0.8660254037844385,-0.5000000000000004,-0.8229838658936564,-0.5680647467311559
17,2010-09-03,16.27,1.538,209.286,6.665,2010,9,35,246,3,-1.0,-1.8369701987210297e-16,-0.8854560256532096,-0.4647231720437691
17,2010-09-10,17.17,0.742,209.028,6.374,2010,9,36,253,3,-1.0,-1.8369701987210297e-16,-0.9350162426854147,-0.3546048870425359
17,2010-09-17,13.57,1.224,205.99,6.062,2010,9,37,260,3,-1.0,-1.8369701987210297e-16,-0.970941817426052,-0.23931566428755774
17,2010-09-24,15.25,1.216,210.259,6.205,2010,9,38,267,3,-1.0,-1.8369701987210297e-16,-0.992708874098054,-0.12053668025532357
17,2010-10-01,15.18,0.677,210.62,6.47,2010,10,39,274,4,-0.8660254037844386,0.5000000000000001,-1.0,-1.8369701987210297e-16
17,2010-10-08,11.19,0.919,211.903,6.407,2010,10,40,281,4,-0.8660254037844386,0.5000000000000001,-0.992708874098054,0.1205366802553232
17,2010-10-15,22.67,1.09,213.167,5.657,2010,10,41,288,4,-0.8660254037844386,0.5000000000000001,-0.9709418174260521,0.23931566428755738
17,2010-10-22,21.69,0.853,206.552,6.548,2010,10,42,295,4,-0.8660254037844386,0.5000000000000001,-0.9350162426854148,0.35460488704253557
17,2010-10-29,16.15,1.492,213.985,5.759,2010,10,43,302,4,-0.8660254037844386,0.5000000000000001,-0.8854560256532101,0.464723172043768
17,2010-11-05,24.29,1.456,208.806,7.197,2010,11,44,309,4,-0.5000000000000004,0.8660254037844384,-0.822983865893657,0.5680647467311548
17,2010-11-12,20.95,1.323,210.032,5.941,2010,11,45,316,4,-0.5000000000000004,0.8660254037844384,-0.7485107481711011,0.6631226582407952
17,2010-11-19,21.78,1.438,208.675,6.315,2010,11,46,323,4,-0.5000000000000004,0.8660254037844384,-0.6631226582407955,0.7485107481711007
17,2010-11-26,19.0,1.603,211.686,6.982,2010,11,47,330,4,-0.5000000000000004,0.8660254037844384,-0.5680647467311559,0.8229838658936564
17,2010-12-03,39.99,1.603,209.948,7.326,2010,12,48,337,4,-2.4492935982947064e-16,1.0,-0.4647231720437684,0.88545602565321
17,2010-12-10,38.93,1.974,207.449,7.631,2010,12,49,344,4,-2.4492935982947064e-16,1.0,-0.35460488704253595,0.9350162426854147
17,2010-12-17,38.04,2.324,206.028,6.834,2010,12,50,351,4,-2.4492935982947064e-16,1.0,-0.2393156642875578,0.970941817426052
17,2010-12-24,45.03,2.25,212.391,7.621,2010,12,51,358,4,-2.4492935982947064e-16,1.0,-0.12053668025532363,0.992708874098054
17,2010-12-31,46.39,2.463,212.609,8.026,2010,12,52,365,4,-2.4492935982947064e-16,1.0,6.432490598706546e-16,1.0
17,2011-01-07,46.35,3.007,216.726,7.836,2011,1,1,7,1,0.49999999999999994,0.8660254037844387,0.12053668025532305,0.992708874098054
17,2011-01-14,49.63,2.647,215.584,8.898,2011,1,2,14,1,0.49999999999999994,0.8660254037844387,0.23931566428755774,0.970941817426052
17,2011-01-21,60.79,3.306,210.861,8.936,2011,1,3,21,1,0.49999999999999994,0.8660254037844387,0.3546048870425356,0.9350162426854148
17,2011-01-28,59.55,3.34,214.196,9.413,2011,1,4,28,1,0.49999999999999994,0.8660254037844387,0.4647231720437685,0.8854560256532099
17,2011-02-04,64.71,3.78,214.929,10.037,2011,2,5,35,1,0.8660254037844386,0.5000000000000001,0.5680647467311558,0.8229838658936564
17,2011-02-11,66.77,3.628,215.251,10.004,2011,2,6,42,1,0.8660254037844386,0.5000000000000001,0.6631226582407952,0.7485107481711011
17,2011-02-18,75.51,3.634,218.345,10.227,2011,2,7,49,1,0.8660254037844386,0.5000000000000001,0.7485107481711011,0.6631226582407953
17,2011-02-25,67.69,3.785,212.138,9.22,2011,2,8,56,1,0.8660254037844386,0.5000000000000001,0.8229838658936564,0.5680647467311559
17,2011-03-04,71.67,4.01,213.574,9.54,2011,3,9,63,1,1.0,6.123233995736766e-17,0.8854560256532099,0.4647231720437686
17,2011-03-11,70.69,3.665,213.924,10.499,2011,3,10,70,1,1.0,6.123233995736766e-17,0.9350162426854148,0.35460488704253557
17,2011-03-18,70.21,4.076,211.787,11.127,2011,3,11,77,1,1.0,6.123233995736766e-17,0.970941817426052,0.23931566428755804
17,2011-03-25,82.15,3.98,216.808,9.61,2011,3,12,84,1,1.0,6.123233995736766e-17,0.992708874098054,0.120536680255323
17,2011-04-01,70.84,3.968,212.358,9.768,2011,4,13,91,2,0.8660254037844387,-0.4999999999999998,1.0,-1.6081226496766366e-16
17,2011-04-08,83.12,4.275,215.777,10.229,2011,4,14,98,2,0.8660254037844387,-0.4999999999999998,0.992708874098054,-0.12053668025532288
17,2011-04-15,80.82,3.84,217.079,10.924,2011,4,15,105,2,0.8660254037844387,-0.4999999999999998,0.9709418174260521,-0.2393156642875575
17,2011-04-22,75.82,3.97,214.097,9.051,2011,4,16,112,2,0.8660254037844387,-0.4999999999999998,0.9350162426854148,-0.35460488704253545
17,2011-04-29,62.05,3.751,213.939,9.948,2011,4,17,119,2,0.8660254037844387,-0.4999999999999998,0.8854560256532099,-0.4647231720437685
17,2011-05-06,56.06,3.96,214.056,10.346,2011,5,18,126,2,0.49999999999999994,-0.8660254037844387,0.8229838658936565,-0.5680647467311557
17,2011-05-13,70.26,4.01,216.409,9.469,2011,5,19,133,2,0.49999999999999994,-0.8660254037844387,0.7485107481711013,-0.663122658240795
17,2011-05-20,62.67,3.351,214.636,9.875,2011,5,20,140,2,0.49999999999999994,-0.8660254037844387,0.6631226582407952,-0.7485107481711012
17,2011-05-27,63.11,3.569,219.037,8.067,2011,5,21,147,2,0.49999999999999994,-0.8660254037844387,0.5680647467311558,-0.8229838658936564
17,2011-06-03,54.58,3.075,215.98,9.157,2011,6,22,154,2,1.2246467991473532e-16,-1.0,0.46472317204376906,-0.8854560256532096
17,2011-06-10,60.33,2.978,219.138,9.093,2011,6,23,161,2,1.2246467991473532e-16,-1.0,0.35460488704253584,-0.9350162426854147
17,2011-06-17,59.07,2.861,218.454,8.1,2011,6,24,168,2,1.2246467991473532e-16,-1.0,0.23931566428755768,-0.970941817426052
17,2011-06-24,44.23,2.342,218.255,7.715,2011,6,25,175,2,1.2246467991473532e-16,-1.0,0.12053668025532308,-0.992708874098054
17,2011-07-01,38.17,2.469,214.757,7.892,2011,7,26,182,3,-0.4999999999999997,-0.8660254037844388,-3.216245299353273e-16,-1.0
17,2011-07-08,44.88,2.411,215.609,7.312,2011,7,27,189,3,-0.4999999999999997,-0.8660254037844388,-0.12053668025532283,-0.992708874098054
17,2011-07-15,39.6,2.132,212.833,7.98,2011,7,28,196,3,-0.4999999999999997,-0.8660254037844388,-0.23931566428755743,-0.9709418174260521
17,2011-07-22,32.01,2.281,216.439,8.318,2011,7,29,203,3,-0.4999999999999997,-0.8660254037844388,-0.3546048870425356,-0.9350162426854148
17,2011-07-29,33.98,1.665,216.728,6.141,2011,7,30,210,3,-0.4999999999999997,-0.8660254037844388,-0.46472317204376806,-0.8854560256532101
17,2011-08-05,24.84,1.567,217.237,7.225,2011,8,31,217,3,-0.8660254037844385,-0.5000000000000004,-0.5680647467311556,-0.8229838658936566
17,2011-08-12,29.35,1.526,215.057,6.568,2011,8,32,224,3,-0.8660254037844385,-0.5000000000000004,-0.663122658240795,-0.7485107481711013
17,2011-08-19,17.72,1.451,215.89,5.714,2011,8,33,231,3,-0.8660254037844385,-0.5000000000000004,-0.7485107481711011,-0.6631226582407952
17,2011-08-26,15.68,1.102,216.997,6.365,2011,8,34,238,3,-0.8660254037844385,-0.5000000000000004,-0.8229838658936564,-0.5680647467311559
17,2011-09-02,23.79,1.163,213.25,6.94,2011,9,35,245,3,-1.0,-1.8369701987210297e-16,-0.8854560256532096,-0.4647231720437691
17,2011-09-09,21.32,1.289,213.051,6.233,2011,9,36,252,3,-1.0,-1.8369701987210297e-16,-0.9350162426854147,-0.3546048870425359
17,2011-09-16,14.24,1.261,213.881,5.763,2011,9,37,259,3,-1.0,-1.8369701987210297e-16,-0.970941817426052,-0.23931566428755774
17,2011-09-23,25.58,1.284,211.475,6.634,2011,9,38,266,3,-1.0,-1.8369701987210297e-16,-0.992708874098054,-0.12053668025532357
17,2011-09-30,22.42,1.201,211.972,6.08,2011,9,39,273,3,-1.0,-1.8369701987210297e-16,-1.0,-1.8369701987210297e-16
17,2011-10-07,17.19,0.488,214.387,5.252,2011,10,40,280,4,-0.8660254037844386,0.5000000000000001,-0.992708874098054,0.1205366802553232
17,2011-10-14,12.27,0.791,214.183,7.256,2011,10,41,287,4,-0.8660254037844386,0.5000000000000001,-0.9709418174260521,0.23931566428755738
17,2011-10-21,22.69,1.295,213.949,6.801,2011,10,42,294,4,-0.8660254037844386,0.5000000000000001,-0.9350162426854148,0.35460488704253557
17,2011-10-28,24.35,1.215,214.105,7.232,2011,10,43,301,4,-0.8660254037844386,0.5000000000000001,-0.8854560256532101,0.464723172043768
17,2011-11-04,24.28,1.306,214.144,7.019,2011,11,44,308,4,-0.5000000000000004,0.8660254037844384,-0.822983865893657,0.5680647467311548
17,2011-11-11,25.96,1.134,217.442,6.31,2011,11,45,315,4,-0.5000000000000004,0.8660254037844384,-0.7485107481711011,0.6631226582407952
17,2011-11-18,23.57,1.443,217.23,6.815,2011,11,46,322,4,-0.5000000000000004,0.8660254037844384,-0.6631226582407955,0.7485107481711007
17,2011-11-25,25.95,1.847,212.459,7.398,2011,11,47,329,4,-0.5000000000000004,0.8660254037844384,-0.5680647467311559,0.8229838658936564
17,2011-12-02,31.17,1.665,217.878,7.155,2011,12,48,336,4,-2.4492935982947064e-16,1.0,-0.4647231720437684,0.88545602565321
17,2011-12-09,32.08,1.398,211.502,6.758,2011,12,49,343,4,-2.4492935982947064e-16,1.0,-0.35460488704253595,0.9350162426854147
17,2011-12-16,39.18,1.557,213.521,6.711,2011,12,50,350,4,-2.4492935982947064e-16,1.0,-0.2393156642875578,0.970941817426052
17,2011-12-23,46.28,2.513,215.806,7.255,2011,12,51,357,4,-2.4492935982947064e-16,1.0,-0.12053668025532363,0.992708874098054
17,2011-12-30,43.2,2.541,217.536,7.652,2011,12,52,364,4,-2.4492935982947064e-16,1.0,6.432490598706546e-16,1.0
17,2012-01-06,42.01,2.726,217.574,7.559,2012,1,1,6,1,0.49999999999999994,0.8660254037844387,0.12053668025532305,0.992708874098054
17,2012-01-13,51.27,2.729,218.71,8.418,2012,1,2,13,1,0.49999999999999994,0.8660254037844387,0.23931566428755774,0.970941817426052
17,2012-01-20,57.03,3.114,220.074,8.749,2012,1,3,20,1,0.49999999999999994,0.8660254037844387,0.3546048870425356,0.9350162426854148
17,2012-01-27,57.97,3.216,219.733,9.049,2012,1,4,27,1,0.49999999999999994,0.8660254037844387,0.4647231720437685,0.8854560256532099
17,2012-02-03,55.08,3.24,219.145,9.646,2012,2,5,34,1,0.8660254037844386,0.5000000000000001,0.5680647467311558,0.8229838658936564
17,2012-02-10,74.1,3.751,216.694,9.091,2012,2,6,41,1,0.8660254037844386,0.5000000000000001,0.6631226582407952,0.7485107481711011
17,2012-02-17,69.57,3.561,219.756,8.764,2012,2,7,48,1,0.8660254037844386,0.5000000000000001,0.7485107481711011,0.6631226582407953
17,2012-02-24,77.3,4.046,218.932,8.275,2012,2,8,55,1,0.8660254037844386,0.5000000000000001,0.8229838658936564,0.5680647467311559
17,2012-03-02,70.44,3.156,221.232,9.542,2012,3,9,62,1,1.0,6.123233995736766e-17,0.8854560256532099,0.4647231720437686
17,2012-03-09,78.55,4.32,216.615,9.875,2012,3,10,69,1,1.0,6.123233995736766e-17,0.9350162426854148,0.35460488704253557
17,2012-03-16,71.86,4.146,218.33,10.512,2012,3,11,76,1,1.0,6.123233995736766e-17,0.970941817426052,0.23931566428755804
17,2012-03-23,71.2,4.181,222.102,10.292,2012,3,12,83,1,1.0,6.123233995736766e-17,0.992708874098054,0.120536680255323
17,2012-03-30,81.78,4.132,220.989,9.989,2012,3,13,90,1,1.0,6.123233995736766e-17,1.0,-1.6081226496766366e-16
17,2012-04-06,71.8,3.835,218.817,10.629,2012,4,14,97,2,0.8660254037844387,-0.4999999999999998,0.992708874098054,-0.12053668025532288
17,2012-04-13,75.46,4.09,217.321,9.8,2012,4,15,104,2,0.8660254037844387,-0.4999999999999998,0.9709418174260521,-0.2393156642875575
17,2012-04-20,78.65,3.997,221.817,9.898,2012,4,16,111,2,0.8660254037844387,-0.4999999999999998,0.9350162426854148,-0.35460488704253545
17,2012-04-27,71.73,3.672,220.339,9.866,2012,4,17,118,2,0.8660254037844387,-0.4999999999999998,0.8854560256532099,-0.4647231720437685
17,2012-05-04,63.27,3.807,222.891,8.914,2012,5,18,125,2,0.49999999999999994,-0.8660254037844387,0.8229838658936565,-0.5680647467311557
17,2012-05-11,73.51,3.321,219.204,9.437,2012,5,19,132,2,0.49999999999999994,-0.8660254037844387,0.7485107481711013,-0.663122658240795
17,2012-05-18,69.0,3.373,219.286,10.373,2012,5,20,139,2,0.49999999999999994,-0.8660254037844387,0.6631226582407952,-0.7485107481711012
17,2012-05-25,56.02,3.756,221.786,9.25,2012,5,21,146,2,0.49999999999999994,-0.8660254037844387,0.5680647467311558,-0.8229838658936564
17,2012-06-01,67.26,3.656,220.728,8.974,2012,6,22,153,2,1.2246467991473532e-16,-1.0,0.46472317204376906,-0.8854560256532096
17,2012-06-08,43.59,2.937,220.663,8.789,2012,6,23,160,2,1.2246467991473532e-16,-1.0,0.35460488704253584,-0.9350162426854147
17,2012-06-15,50.42,2.993,219.171,8.367,2012,6,24,167,2,1.2246467991473532e-16,-1.0,0.23931566428755768,-0.970941817426052
17,2012-06-22,58.77,2.575,219.354,8.694,2012,6,25,174,2,1.2246467991473532e-16,-1.0,0.12053668025532308,-0.992708874098054
17,2012-06-29,50.68,2.79,217.869,8.184,2012,6,26,181,2,1.2246467991473532e-16,-1.0,-3.216245299353273e-16,-1.0
17,2012-07-06,31.78,2.485,221.093,8.205,2012,7,27,188,3,-0.4999999999999997,-0.8660254037844388,-0.12053668025532283,-0.992708874098054
17,2012-07-13,30.63,2.457,218.039,8.665,2012,7,28,195,3,-0.4999999999999997,-0.8660254037844388,-0.23931566428755743,-0.9709418174260521
17,2012-07-20,29.66,2.307,219.823,6.638,2012,7,29,202,3,-0.4999999999999997,-0.8660254037844388,-0.3546048870425356,-0.9350162426854148
17,2012-07-27,33.36,2.07,218.406,7.629,2012,7,30,209,3,-0.4999999999999997,-0.8660254037844388,-0.46472317204376806,-0.8854560256532101
17,2012-08-03,29.76,1.614,218.767,5.893,2012,8,31,216,3,-0.8660254037844385,-0.5000000000000004,-0.5680647467311556,-0.8229838658936566
17,2012-08-10,26.03,1.331,222.573,6.19,2012,8,32,223,3,-0.8660254037844385,-0.5000000000000004,-0.663122658240795,-0.7485107481711013
17,2012-08-17,26.38,1.323,217.482,6.4,2012,8,33,230,3,-0.8660254037844385,-0.5000000000000004,-0.7485107481711011,-0.6631226582407952
17,2012-08-24,17.32,1.208,223.057,6.976,2012,8,34,237,3,-0.8660254037844385,-0.5000000000000004,-0.8229838658936564,-0.5680647467311559
17,2012-08-31,6.83,1.3,220.603,6.328,2012,8,35,244,3,-0.8660254037844385,-0.5000000000000004,-0.8854560256532096,-0.4647231720437691
17,2012-09-07,6.62,1.095,220.536,6.29,2012,9,36,251,3,-1.0,-1.8369701987210297e-16,-0.9350162426854147,-0.3546048870425359
17,2012-09-14,20.66,1.234,217.313,5.858,2012,9,37,258,3,-1.0,-1.8369701987210297e-16,-0.970941817426052,-0.23931566428755774
17,2012-09-21,19.45,1.456,219.468,5.833,2012,9,38,265,3,-1.0,-1.8369701987210297e-16,-0.992708874098054,-0.12053668025532357
17,2012-09-28,11.9,1.032,217.179,6.921,2012,9,39,272,3,-1.0,-1.8369701987210297e-16,-1.0,-1.8369701987210297e-16
17,2012-10-05,16.49,1.079,220.086,6.065,2012,10,40,279,4,-0.8660254037844386,0.5000000000000001,-0.992708874098054,0.1205366802553232
17,2012-10-12,18.34,0.966,216.525,5.759,2012,10,41,286,4,-0.8660254037844386,0.5000000000000001,-0.9709418174260521,0.23931566428755738
17,2012-10-19,14.28,1.207,216.904,5.956,2012,10,42,293,4,-0.8660254037844386,0.5000000000000001,-0.9350162426854148,0.35460488704253557
17,2012-10-26,27.7,1.034,224.972,6.624,2012,10,43,300,4,-0.8660254037844386,0.5000000000000001,-0.8854560256532101,0.464723172043768
18,2010-02-05,66.12,3.445,210.694,9.186,2010,2,5,36,1,0.8660254037844386,0.5000000000000001,0.5680647467311558,0.8229838658936564
18,2010-02-12,63.05,3.847,212.832,9.806,2010,2,6,43,1,0.8660254037844386,0.5000000000000001,0.6631226582407952,0.7485107481711011
18,2010-02-19,67.29,3.859,211.218,9.769,2010,2,7,50,1,0.8660254037844386,0.5000000000000001,0.7485107481711011,0.6631226582407953
18,2010-02-26,69.97,3.898,209.432,9.358,2010,2,8,57,1,0.8660254037844386,0.5000000000000001,0.8229838658936564,0.5680647467311559
18,2010-03-05,76.59,3.807,211.194,10.336,2010,3,9,64,1,1.0,6.123233995736766e-17,0.8854560256532099,0.4647231720437686
18,2010-03-12,65.16,3.5,210.685,9.565,2010,3,10,71,1,1.0,6.123233995736766e-17,0.9350162426854148,0.35460488704253557
18,2010-03-19,80.8,3.827,208.958,9.576,2010,3,11,78,1,1.0,6.123233995736766e-17,0.970941817426052,0.23931566428755804
18,2010-03-26,81.75,4.078,209.488,9.496,2010,3,12,85,1,1.0,6.123233995736766e-17,0.992708874098054,0.120536680255323
18,2010-04-02,75.95,3.929,209.081,10.376,2010,4,13,92,2,0.8660254037844387,-0.4999999999999998,1.0,-1.6081226496766366e-16
18,2010-04-09,77.6,3.983,211.339,9.939,2010,4,14,99,2,0.8660254037844387,-0.4999999999999998,0.992708874098054,-0.12053668025532288
18,2010-04-16,69.47,4.112,213.379,9.616,2010,4,15,106,2,0.8660254037844387,-0.4999999999999998,0.9709418174260521,-0.2393156642875575
18,2010-04-23,70.52,3.748,210.017,9.782,2010,4,16,113,2,0.8660254037844387,-0.4999999999999998,0.9350162426854148,-0.35460488704253545
18,2010-04-30,59.69,4.156,209.693,10.185,2010,4,17,120,2,0.8660254037844387,-0.4999999999999998,0.8854560256532099,-0.4647231720437685
18,2010-05-07,66.03,3.731,209.142,9.863,2010,5,18,127,2,0.49999999999999994,-0.8660254037844387,0.8229838658936565,-0.5680647467311557
18,2010-05-14,64.66,3.733,206.423,9.973,2010,5,19,134,2,0.49999999999999994,-0.8660254037844387,0.7485107481711013,-0.663122658240795
18,2010-05-21,64.43,3.25,208.882,9.072,2010,5,20,141,2,0.49999999999999994,-0.8660254037844387,0.6631226582407952,-0.7485107481711012
18,2010-05-28,60.73,3.506,213.39,8.87,2010,5,21,148,2,0.49999999999999994,-0.8660254037844387,0.5680647467311558,-0.8229838658936564
18,2010-06-04,62.73,3.293,208.929,9.515,2010,6,22,155,2,1.2246467991473532e-16,-1.0,0.46472317204376906,-0.8854560256532096
18,2010-06-11,54.83,3.036,209.467,9.154,2010,6,23,162,2,1.2246467991473532e-16,-1.0,0.35460488704253584,-0.9350162426854147
18,2010-06-18,43.25,2.876,207.225,8.439,2010,6,24,169,2,1.2246467991473532e-16,-1.0,0.23931566428755768,-0.970941817426052
18,2010-06-25,52.12,2.492,211.419,8.713,2010,6,25,176,2,1.2246467991473532e-16,-1.0,0.12053668025532308,-0.992708874098054
18,2010-07-02,41.91,2.378,209.846,7.52,2010,7,26,183,3,-0.4999999999999997,-0.8660254037844388,-3.216245299353273e-16,-1.0
18,2010-07-09,34.03,2.218,210.298,7.533,2010,7,27,190,3,-0.4999999999999997,-0.8660254037844388,-0.12053668025532283,-0.992708874098054
18,2010-07-16,46.02,2.413,211.647,7.661,2010,7,28,197,3,-0.4999999999999997,-0.8660254037844388,-0.23931566428755743,-0.9709418174260521
18,2010-07-23,34.35,2.206,212.056,7.323,2010,7,29,204,3,-0.4999999999999997,-0.8660254037844388,-0.3546048870425356,-0.9350162426854148
18,2010-07-30,32.13,1.923,206.181,7.904,2010,7,30,211,3,-0.4999999999999997,-0.8660254037844388,-0.46472317204376806,-0.8854560256532101
18,2010-08-06,34.85,1.803,207.044,6.775,2010,8,31,218,3,-0.8660254037844385,-0.5000000000000004,-0.5680647467311556,-0.8229838658936566
18,2010-08-13,27.19,1.53,208.847,6.592,2010,8,32,225,3,-0.8660254037844385,-0.5000000000000004,-0.663122658240795,-0.7485107481711013
18,2010-08-20,29.51,1.366,212.508,6.426,2010,8,33,232,3,-0.8660254037844385,-0.5000000000000004,-0.7485107481711011,-0.6631226582407952
18,2010-08-27,22.78,1.312,214.042,5.509,2010,8,34,239,3,-0.8660254037844385,-0.5000000000000004,-0.8229838658936564,-0.5680647467311559
18,2010-09-03,19.54,1.423,208.64,6.889,2010,9,35,246,3,-1.0,-1.8369701987210297e-16,-0.8854560256532096,-0.4647231720437691
18,2010-09-10,12.98,0.974,208.318,6.579,2010,9,36,253,3,-1.0,-1.8369701987210297e-16,-0.9350162426854147,-0.3546048870425359
18,2010-09-17,16.52,1.142,213.931,5.751,2010,9,37,260,3,-1.0,-1.8369701987210297e-16,-0.970941817426052,-0.23931566428755774
18,2010-09-24,18.5,0.912,212.321,6.024,2010,9,38,267,3,-1.0,-1.8369701987210297e-16,-0.992708874098054,-0.12053668025532357
18,2010-10-01,9.01,1.034,210.668,6.004,2010,10,39,274,4,-0.8660254037844386,0.5000000000000001,-1.0,-1.8369701987210297e-16
18,2010-10-08,18.03,0.822,211.686,5.309,2010,10,40,281,4,-0.8660254037844386,0.5000000000000001,-0.992708874098054,0.1205366802553232
18,2010-10-15,18.3,1.17,211.912,5.616,2010,10,41,288,4,-0.8660254037844386,0.5000000000000001,-0.9709418174260521,0.23931566428755738
18,2010-10-22,15.83,0.848,209.456,5.188,2010,10,42,295,4,-0.8660254037844386,0.5000000000000001,-0.9350162426854148,0.35460488704253557
18,2010-10-29,21.87,0.865,208.351,6.025,2010,10,43,302,4,-0.8660254037844386,0.5000000000000001,-0.8854560256532101,0.464723172043768
18,2010-11-05,17.56,1.321,211.411,5.664,2010,11,44,309,4,-0.5000000000000004,0.8660254037844384,-0.822983865893657,0.5680647467311548
18,2010-11-12,26.06,1.718,207.792,7.041,2010,11,45,316,4,-0.5000000000000004,0.8660254037844384,-0.7485107481711011,0.6631226582407952
18,2010-11-19,25.35,1.682,212.399,6.746,2010,11,46,323,4,-0.5000000000000004,0.8660254037844384,-0.6631226582407955,0.7485107481711007
18,2010-11-26,21.36,1.7,211.127,6.389,2010,11,47,330,4,-0.5000000000000004,0.8660254037844384,-0.5680647467311559,0.8229838658936564
18,2010-12-03,37.9,1.875,209.479,7.13,2010,12,48,337,4,-2.4492935982947064e-16,1.0,-0.4647231720437684,0.88545602565321
18,2010-12-10,45.25,1.918,210.484,6.805,2010,12,49,344,4,-2.4492935982947064e-16,1.0,-0.35460488704253595,0.9350162426854147
18,2010-12-17,37.56,1.825,209.157,6.384,2010,12,50,351,4,-2.4492935982947064e-16,1.0,-0.2393156642875578,0.970941817426052
18,2010-12-24,40.27,2.377,209.921,7.595,2010,12,51,358,4,-2.4492935982947064e-16,1.0,-0.12053668025532363,0.992708874098054
18,2010-12-31,49.41,3.022,205.694,9.109,2010,12,52,365,4,-2.4492935982947064e-16,1.0,6.432490598706546e-16,1.0
18,2011-01-07,44.43,2.526,217.665,7.538,2011,1,1,7,1,0.49999999999999994,0.8660254037844387,0.12053668025532305,0.992708874098054
18,2011-01-14,44.45,2.817,214.495,8.234,2011,1,2,14,1,0.49999999999999994,0.8660254037844387,0.23931566428755774,0.970941817426052
18,2011-01-21,53.61,2.903,215.161,8.914,2011,1,3,21,1,0.49999999999999994,0.8660254037844387,0.3546048870425356,0.9350162426854148
18,2011-01-28,57.71,2.991,216.0,9.693,2011,1,4,28,1,0.49999999999999994,0.8660254037844387,0.4647231720437685,0.8854560256532099
18,2011-02-04,60.89,3.49,211.433,8.276,2011,2,5,35,1,0.8660254037844386,0.5000000000000001,0.5680647467311558,0.8229838658936564
18,2011-02-11,55.2,3.41,214.68,8.701,2011,2,6,42,1,0.8660254037844386,0.5000000000000001,0.6631226582407952,0.7485107481711011
18,2011-02-18,66.99,3.66,213.883,8.443,2011,2,7,49,1,0.8660254037844386,0.5000000000000001,0.7485107481711011,0.6631226582407953
18,2011-02-25,67.82,3.488,217.063,10.147,2011,2,8,56,1,0.8660254037844386,0.5000000000000001,0.8229838658936564,0.5680647467311559
18,2011-03-04,84.85,3.995,214.275,9.421,2011,3,9,63,1,1.0,6.123233995736766e-17,0.8854560256532099,0.4647231720437686
18,2011-03-11,76.32,3.556,214.857,10.843,2011,3,10,70,1,1.0,6.123233995736766e-17,0.9350162426854148,0.35460488704253557
18,2011-03-18,69.58,4.303,213.005,9.96,2011,3,11,77,1,1.0,6.123233995736766e-17,0.970941817426052,0.23931566428755804
18,2011-03-25,77.15,3.881,216.314,10.297,2011,3,12,84,1,1.0,6.123233995736766e-17,0.992708874098054,0.120536680255323
18,2011-04-01,74.96,4.149,214.376,9.822,2011,4,13,91,2,0.8660254037844387,-0.4999999999999998,1.0,-1.6081226496766366e-16
18,2011-04-08,61.27,4.218,216.179,9.955,2011,4,14,98,2,0.8660254037844387,-0.4999999999999998,0.992708874098054,-0.12053668025532288
18,2011-04-15,75.83,3.931,215.975,10.586,2011,4,15,105,2,0.8660254037844387,-0.4999999999999998,0.9709418174260521,-0.2393156642875575
18,2011-04-22,70.56,4.05,216.52,10.598,2011,4,16,112,2,0.8660254037844387,-0.4999999999999998,0.9350162426854148,-0.35460488704253545
18,2011-04-29,69.51,3.674,213.708,10.62,2011,4,17,119,2,0.8660254037844387,-0.4999999999999998,0.8854560256532099,-0.4647231720437685
18,2011-05-06,71.5,4.023,217.652,10.321,2011,5,18,126,2,0.49999999999999994,-0.8660254037844387,0.8229838658936565,-0.5680647467311557
18,2011-05-13,60.69,3.42,216.418,9.021,2011,5,19,133,2,0.49999999999999994,-0.8660254037844387,0.7485107481711013,-0.663122658240795
18,2011-05-20,57.12,3.615,215.418,8.377,2011,5,20,140,2,0.49999999999999994,-0.8660254037844387,0.6631226582407952,-0.7485107481711012
18,2011-05-27,56.05,3.273,212.086,9.517,2011,5,21,147,2,0.49999999999999994,-0.8660254037844387,0.5680647467311558,-0.8229838658936564
18,2011-06-03,63.9,2.794,212.713,7.934,2011,6,22,154,2,1.2246467991473532e-16,-1.0,0.46472317204376906,-0.8854560256532096
18,2011-06-10,60.41,2.915,216.932,8.52,2011,6,23,161,2,1.2246467991473532e-16,-1.0,0.35460488704253584,-0.9350162426854147
18,2011-06-17,55.45,2.915,216.313,8.744,2011,6,24,168,2,1.2246467991473532e-16,-1.0,0.23931566428755768,-0.970941817426052
18,2011-06-24,56.49,2.756,214.231,8.357,2011,6,25,175,2,1.2246467991473532e-16,-1.0,0.12053668025532308,-0.992708874098054
18,2011-07-01,37.91,2.518,215.048,7.536,2011,7,26,182,3,-0.4999999999999997,-0.8660254037844388,-3.216245299353273e-16,-1.0
18,2011-07-08,48.37,2.214,214.399,7.613,2011,7,27,189,3,-0.4999999999999997,-0.8660254037844388,-0.12053668025532283,-0.992708874098054
18,2011-07-15,40.71,2.554,219.477,9.026,2011,7,28,196,3,-0.4999999999999997,-0.8660254037844388,-0.23931566428755743,-0.9709418174260521
18,2011-07-22,38.18,1.836,214.2,6.188,2011,7,29,203,3,-0.4999999999999997,-0.8660254037844388,-0.3546048870425356,-0.9350162426854148
18,2011-07-29,36.99,1.801,217.046,7.528,2011,7,30,210,3,-0.4999999999999997,-0.8660254037844388,-0.46472317204376806,-0.8854560256532101
18,2011-08-05,24.33,1.413,215.593,7.129,2011,8,31,217,3,-0.8660254037844385,-0.5000000000000004,-0.5680647467311556,-0.8229838658936566
18,2011-08-12,27.28,1.138,214.059,6.945,2011,8,32,224,3,-0.8660254037844385,-0.5000000000000004,-0.663122658240795,-0.7485107481711013
18,2011-08-19,15.83,1.418,212.703,6.087,2011,8,33,231,3,-0.8660254037844385,-0.5000000000000004,-0.7485107481711011,-0.6631226582407952
18,2011-08-26,22.25,1.141,212.737,6.994,2011,8,34,238,3,-0.8660254037844385,-0.5000000000000004,-0.8229838658936564,-0.5680647467311559
18,2011-09-02,26.12,1.423,215.927,6.866,2011,9,35,245,3,-1.0,-1.8369701987210297e-16,-0.8854560256532096,-0.4647231720437691
18,2011-09-09,16.85,0.905,212.731,5.265,2011,9,36,252,3,-1.0,-1.8369701987210297e-16,-0.9350162426854147,-0.3546048870425359
18,2011-09-16,9.41,1.182,214.943,5.782,2011,9,37,259,3,-1.0,-1.8369701987210297e-16,-0.970941817426052,-0.23931566428755774
18,2011-09-23,3.93,1.15,215.473,5.591,2011,9,38,266,3,-1.0,-1.8369701987210297e-16,-0.992708874098054,-0.12053668025532357
18,2011-09-30,17.67,1.049,213.966,6.941,2011,9,39,273,3,-1.0,-1.8369701987210297e-16,-1.0,-1.8369701987210297e-16
18,2011-10-07,22.37,1.015,215.503,5.48,2011,10,40,280,4,-0.8660254037844386,0.5000000000000001,-0.992708874098054,0.1205366802553232
18,2011-10-14,19.49,0.957,214.324,6.651,2011,10,41,287,4,-0.8660254037844386,0.5000000000000001,-0.9709418174260521,0.23931566428755738
18,2011-10-21,13.11,1.185,212.818,6.148,2011,10,42,294,4,-0.8660254037844386,0.5000000000000001,-0.9350162426854148,0.35460488704253557
18,2011-10-28,12.2,1.392,212.307,5.943,2011,10,43,301,4,-0.8660254037844386,0.5000000000000001,-0.8854560256532101,0.464723172043768
18,2011-11-04,18.17,1.015,214.613,6.293,2011,11,44,308,4,-0.5000000000000004,0.8660254037844384,-0.822983865893657,0.5680647467311548
18,2011-11-11,20.49,1.306,216.79,6.805,2011,11,45,315,4,-0.5000000000000004,0.8660254037844384,-0.7485107481711011,0.6631226582407952
18,2011-11-18,26.56,1.484,215.393,7.387,2011,11,46,322,4,-0.5000000000000004,0.8660254037844384,-0.6631226582407955,0.7485107481711007
18,2011-11-25,25.33,1.715,214.782,7.679,2011,11,47,329,4,-0.5000000000000004,0.8660254037844384,-0.5680647467311559,0.8229838658936564
18,2011-12-02,32.54,1.948,215.616,7.869,2011,12,48,336,4,-2.4492935982947064e-16,1.0,-0.4647231720437684,0.88545602565321
18,2011-12-09,36.56,1.987,216.896,7.584,2011,12,49,343,4,-2.4492935982947064e-16,1.0,-0.35460488704253595,0.9350162426854147
18,2011-12-16,35.7,1.985,211.381,7.262,2011,12,50,350,4,-2.4492935982947064e-16,1.0,-0.2393156642875578,0.970941817426052
18,2011-12-23,38.1,2.194,216.784,7.795,2011,12,51,357,4,-2.4492935982947064e-16,1.0,-0.12053668025532363,0.992708874098054
18,2011-12-30,47.33,2.592,212.595,7.623,2011,12,52,364,4,-2.4492935982947064e-16,1.0,6.432490598706546e-16,1.0
18,2012-01-06,48.67,2.712,218.091,8.405,2012,1,1,6,1,0.49999999999999994,0.8660254037844387,0.12053668025532305,0.992708874098054
18,2012-01-13,56.05,2.598,219.406,7.906,2012,1,2,13,1,0.49999999999999994,0.8660254037844387,0.23931566428755774,0.970941817426052
18,2012-01-20,55.59,3.316,221.881,9.178,2012,1,3,20,1,0.49999999999999994,0.8660254037844387,0.3546048870425356,0.9350162426854148
18,2012-01-27,58.36,2.933,218.306,8.826,2012,1,4,27,1,0.49999999999999994,0.8660254037844387,0.4647231720437685,0.8854560256532099
18,2012-02-03,66.11,3.591,218.304,9.404,2012,2,5,34,1,0.8660254037844386,0.5000000000000001,0.5680647467311558,0.8229838658936564
18,2012-02-10,64.75,3.483,220.265,9.09,2012,2,6,41,1,0.8660254037844386,0.5000000000000001,0.6631226582407952,0.7485107481711011
18,2012-02-17,60.53,3.733,219.155,9.342,2012,2,7,48,1,0.8660254037844386,0.5000000000000001,0.7485107481711011,0.6631226582407953
18,2012-02-24,80.22,3.531,224.197,10.224,2012,2,8,55,1,0.8660254037844386,0.5000000000000001,0.8229838658936564,0.5680647467311559
18,2012-03-02,74.29,3.636,217.171,10.017,2012,3,9,62,1,1.0,6.123233995736766e-17,0.8854560256532099,0.4647231720437686
18,2012-03-09,67.39,3.64,227.166,9.883,2012,3,10,69,1,1.0,6.123233995736766e-17,0.9350162426854148,0.35460488704253557
18,2012-03-16,71.76,3.545,217.816,9.492,2012,3,11,76,1,1.0,6.123233995736766e-17,0.970941817426052,0.23931566428755804
18,2012-03-23,73.14,4.137,219.024,9.635,2012,3,12,83,1,1.0,6.123233995736766e-17,0.992708874098054,0.120536680255323
18,2012-03-30,77.65,4.079,219.27,10.673,2012,3,13,90,1,1.0,6.123233995736766e-17,1.0,-1.6081226496766366e-16
18,2012-04-06,74.98,3.994,218.349,9.693,2012,4,14,97,2,0.8660254037844387,-0.4999999999999998,0.992708874098054,-0.12053668025532288
18,2012-04-13,83.54,3.837,222.166,10.594,2012,4,15,104,2,0.8660254037844387,-0.4999999999999998,0.9709418174260521,-0.2393156642875575
18,2012-04-20,75.53,3.938,217.075,10.33,2012,4,16,111,2,0.8660254037844387,-0.4999999999999998,0.9350162426854148,-0.35460488704253545
18,2012-04-27,78.61,4.222,219.746,10.106,2012,4,17,118,2,0.8660254037844387,-0.4999999999999998,0.8854560256532099,-0.4647231720437685
18,2012-05-04,65.38,3.607,216.035,9.853,2012,5,18,125,2,0.49999999999999994,-0.8660254037844387,0.8229838658936565,-0.5680647467311557
18,2012-05-11,66.4,3.635,218.379,9.347,2012,5,19,132,2,0.49999999999999994,-0.8660254037844387,0.7485107481711013,-0.663122658240795
18,2012-05-18,55.98,3.657,221.353,9.711,2012,5,20,139,2,0.49999999999999994,-0.8660254037844387,0.6631226582407952,-0.7485107481711012
18,2012-05-25,57.7,3.522,221.914,9.447,2012,5,21,146,2,0.49999999999999994,-0.8660254037844387,0.5680647467311558,-0.8229838658936564
18,2012-06-01,51.24,3.395,220.973,8.915,2012,6,22,153,2,1.2246467991473532e-16,-1.0,0.46472317204376906,-0.8854560256532096
18,2012-06-08,58.57,2.936,218.397,8.837,2012,6,23,160,2,1.2246467991473532e-16,-1.0,0.35460488704253584,-0.9350162426854147
18,2012-06-15,57.9,2.949,216.142,9.01,2012,6,24,167,2,1.2246467991473532e-16,-1.0,0.23931566428755768,-0.970941817426052
18,2012-06-22,51.62,2.873,222.192,8.182,2012,6,25,174,2,1.2246467991473532e-16,-1.0,0.12053668025532308,-0.992708874098054
18,2012-06-29,43.96,2.707,222.703,8.293,2012,6,26,181,2,1.2246467991473532e-16,-1.0,-3.216245299353273e-16,-1.0
18,2012-07-06,38.42,2.575,218.222,8.048,2012,7,27,188,3,-0.4999999999999997,-0.8660254037844388,-0.12053668025532283,-0.992708874098054
18,2012-07-13,36.15,2.097,219.143,8.186,2012,7,28,195,3,-0.4999999999999997,-0.8660254037844388,-0.23931566428755743,-0.9709418174260521
18,2012-07-20,38.57,1.934,219.059,6.899,2012,7,29,202,3,-0.4999999999999997,-0.8660254037844388,-0.3546048870425356,-0.9350162426854148
18,2012-07-27,35.58,2.101,220.14,7.508,2012,7,30,209,3,-0.4999999999999997,-0.8660254037844388,-0.46472317204376806,-0.8854560256532101
18,2012-08-03,24.9,1.555,223.666,7.534,2012,8,31,216,3,-0.8660254037844385,-0.5000000000000004,-0.5680647467311556,-0.8229838658936566
18,2012-08-10,27.03,1.471,220.203,6.504,2012,8,32,223,3,-0.8660254037844385,-0.5000000000000004,-0.663122658240795,-0.7485107481711013
18,2012-08-17,33.66,1.408,220.705,7.043,2012,8,33,230,3,-0.8660254037844385,-0.5000000000000004,-0.7485107481711011,-0.6631226582407952
18,2012-08-24,13.97,1.282,218.703,6.367,2012,8,34,237,3,-0.8660254037844385,-0.5000000000000004,-0.8229838658936564,-0.5680647467311559
18,2012-08-31,24.88,1.236,221.378,6.806,2012,8,35,244,3,-0.8660254037844385,-0.5000000000000004,-0.8854560256532096,-0.4647231720437691
18,2012-09-07,9.23,1.222,220.146,6.537,2012,9,36,251,3,-1.0,-1.8369701987210297e-16,-0.9350162426854147,-0.3546048870425359
18,2012-09-14,16.86,0.759,222.061,6.041,2012,9,37,258,3,-1.0,-1.8369701987210297e-16,-0.970941817426052,-0.23931566428755774
18,2012-09-21,13.1,1.046,216.164,5.832,2012,9,38,265,3,-1.0,-1.8369701987210297e-16,-0.992708874098054,-0.12053668025532357
18,2012-09-28,11.68,0.57,222.92,5.882,2012,9,39,272,3,-1.0,-1.8369701987210297e-16,-1.0,-1.8369701987210297e-16
18,2012-10-05,19.16,1.115,217.717,5.91,2012,10,40,279,4,-0.8660254037844386,0.5000000000000001,-0.992708874098054,0.1205366802553232
18,2012-10-12,19.8,1.138,219.09,6.773,2012,10,41,286,4,-0.8660254037844386,0.5000000000000001,-0.9709418174260521,0.23931566428755738
18,2012-10-19,11.27,1.079,221.689,6.384,2012,10,42,293,4,-0.8660254037844386,0.5000000000000001,-0.9350162426854148,0.35460488704253557
18,2012-10-26,18.46,0.996,218.823,6.436,2012,10,43,300,4,-0.8660254037844386,0.5000000000000001,-0.8854560256532101,0.464723172043768
19,2010-02-05,58.5,3.234,209.611,8.53,2010,2,5,36,1,0.8660254037844386,0.5000000000000001,0.5680647467311558,0.8229838658936564
19,2010-02-12,63.29,3.539,213.998,9.056,2010,2,6,43,1,0.8660254037844386,0.5000000000000001,0.6631226582407952,0.7485107481711011
19,2010-02-19,63.45,4.012,212.007,9.254,2010,2,7,50,1,0.8660254037844386,0.5000000000000001,0.7485107481711011,0.6631226582407953
19,2010-02-26,67.56,3.603,210.938,9.961,2010,2,8,57,1,0.8660254037844386,0.5000000000000001,0.8229838658936564,0.5680647467311559
19,2010-03-05,74.91,3.81,215.005,10.235,2010,3,9,64,1,1.0,6.123233995736766e-17,0.8854560256532099,0.4647231720437686
19,2010-03-12,66.24,4.003,212.928,10.574,2010,3,10,71,1,1.0,6.123233995736766e-17,0.9350162426854148,0.35460488704253557
19,2010-03-19,70.22,3.722,211.017,10.149,2010,3,11,78,1,1.0,6.123233995736766e-17,0.970941817426052,0.23931566428755804
19,2010-03-26,76.56,4.33,210.212,10.719,2010,3,12,85,1,1.0,6.123233995736766e-17,0.992708874098054,0.120536680255323
19,2010-04-02,82.02,3.93,213.316,9.481,2010,4,13,92,2,0.8660254037844387,-0.4999999999999998,1.0,-1.6081226496766366e-16
19,2010-04-09,72.7,3.772,210.611,9.97,2010,4,14,99,2,0.8660254037844387,-0.4999999999999998,0.992708874098054,-0.12053668025532288
19,2010-04-16,74.41,3.654,209.903,9.198,2010,4,15,106,2,0.8660254037844387,-0.4999999999999998,0.9709418174260521,-0.2393156642875575
19,2010-04-23,75.76,4.248,208.261,10.199,2010,4,16,113,2,0.8660254037844387,-0.4999999999999998,0.9350162426854148,-0.35460488704253545
19,2010-04-30,75.29,3.696,207.75,9.703,2010,4,17,120,2,0.8660254037844387,-0.4999999999999998,0.8854560256532099,-0.4647231720437685
19,2010-05-07,62.52,3.565,208.118,9.255,2010,5,18,127,2,0.49999999999999994,-0.8660254037844387,0.8229838658936565,-0.5680647467311557
19,2010-05-14,58.7,3.505,211.282,10.119,2010,5,19,134,2,0.49999999999999994,-0.8660254037844387,0.7485107481711013,-0.663122658240795
19,2010-05-21,64.05,3.846,209.165,9.132,2010,5,20,141,2,0.49999999999999994,-0.8660254037844387,0.6631226582407952,-0.7485107481711012
19,2010-05-28,62.46,3.265,211.061,9.542,2010,5,21,148,2,0.49999999999999994,-0.8660254037844387,0.5680647467311558,-0.8229838658936564
19,2010-06-04,55.15,3.322,208.735,9.184,2010,6,22,155,2,1.2246467991473532e-16,-1.0,0.46472317204376906,-0.8854560256532096
19,2010-06-11,48.8,2.926,208.268,8.687,2010,6,23,162,2,1.2246467991473532e-16,-1.0,0.35460488704253584,-0.9350162426854147
19,2010-06-18,57.14,2.832,213.508,7.735,2010,6,24,169,2,1.2246467991473532e-16,-1.0,0.23931566428755768,-0.970941817426052
19,2010-06-25,49.04,2.842,211.139,8.108,2010,6,25,176,2,1.2246467991473532e-16,-1.0,0.12053668025532308,-0.992708874098054
19,2010-07-02,41.51,2.356,211.115,8.071,2010,7,26,183,3,-0.4999999999999997,-0.8660254037844388,-3.216245299353273e-16,-1.0
19,2010-07-09,49.99,2.189,209.969,8.169,2010,7,27,190,3,-0.4999999999999997,-0.8660254037844388,-0.12053668025532283,-0.992708874098054
19,2010-07-16,44.82,2.318,209.739,8.079,2010,7,28,197,3,-0.4999999999999997,-0.8660254037844388,-0.23931566428755743,-0.9709418174260521
19,2010-07-23,30.79,2.208,206.679,6.852,2010,7,29,204,3,-0.4999999999999997,-0.8660254037844388,-0.3546048870425356,-0.9350162426854148
19,2010-07-30,29.39,1.921,208.569,6.208,2010,7,30,211,3,-0.4999999999999997,-0.8660254037844388,-0.46472317204376806,-0.8854560256532101
19,2010-08-06,29.6,1.597,208.946,6.883,2010,8,31,218,3,-0.8660254037844385,-0.5000000000000004,-0.5680647467311556,-0.8229838658936566
19,2010-08-13,26.28,1.307,211.001,6.65,2010,8,32,225,3,-0.8660254037844385,-0.5000000000000004,-0.663122658240795,-0.7485107481711013
19,2010-08-20,27.23,1.004,210.135,6.687,2010,8,33,232,3,-0.8660254037844385,-0.5000000000000004,-0.7485107481711011,-0.6631226582407952
19,2010-08-27,35.71,1.165,208.568,6.794,2010,8,34,239,3,-0.8660254037844385,-0.5000000000000004,-0.8229838658936564,-0.5680647467311559
19,2010-09-03,10.13,1.104,206.775,6.635,2010,9,35,246,3,-1.0,-1.8369701987210297e-16,-0.8854560256532096,-0.4647231720437691
19,2010-09-10,11.52,1.063,211.22,7.565,2010,9,36,253,3,-1.0,-1.8369701987210297e-16,-0.9350162426854147,-0.3546048870425359
19,2010-09-17,13.72,1.239,207.384,6.527,2010,9,37,260,3,-1.0,-1.8369701987210297e-16,-0.970941817426052,-0.23931566428755774
19,2010-09-24,16.22,1.01,207.223,6.463,2010,9,38,267,3,-1.0,-1.8369701987210297e-16,-0.992708874098054,-0.12053668025532357
19,2010-10-01,11.11,1.092,209.225,5.568,2010,10,39,274,4,-0.8660254037844386,0.5000000000000001,-1.0,-1.8369701987210297e-16
19,2010-10-08,4.66,1.102,211.019,5.209,2010,10,40,281,4,-0.8660254037844386,0.5000000000000001,-0.992708874098054,0.1205366802553232
19,2010-10-15,18.24,0.752,210.423,5.613,2010,10,41,288,4,-0.8660254037844386,0.5000000000000001,-0.9709418174260521,0.23931566428755738
19,2010-10-22,15.28,1.153,212.598,6.495,2010,10,42,295,4,-0.8660254037844386,0.5000000000000001,-0.9350162426854148,0.35460488704253557
19,2010-10-29,14.94,0.978,210.775,5.573,2010,10,43,302,4,-0.8660254037844386,0.5000000000000001,-0.8854560256532101,0.464723172043768
19,2010-11-05,15.89,1.147,210.249,6.713,2010,11,44,309,4,-0.5000000000000004,0.8660254037844384,-0.822983865893657,0.5680647467311548
19,2010-11-12,25.51,1.504,214.963,6.195,2010,11,45,316,4,-0.5000000000000004,0.8660254037844384,-0.7485107481711011,0.6631226582407952
19,2010-11-19,23.71,1.542,210.545,6.622,2010,11,46,323,4,-0.5000000000000004,0.8660254037844384,-0.6631226582407955,0.7485107481711007
19,2010-11-26,23.58,1.589,210.184,7.412,2010,11,47,330,4,-0.5000000000000004,0.8660254037844384,-0.5680647467311559,0.8229838658936564
19,2010-12-03,42.94,1.689,210.669,7.031,2010,12,48,337,4,-2.4492935982947064e-16,1.0,-0.4647231720437684,0.88545602565321
19,2010-12-10,29.32,1.664,210.359,6.967,2010,12,49,344,4,-2.4492935982947064e-16,1.0,-0.35460488704253595,0.9350162426854147
19,2010-12-17,31.05,2.051,208.121,7.092,2010,12,50,351,4,-2.4492935982947064e-16,1.0,-0.2393156642875578,0.970941817426052
19,2010-12-24,36.16,2.382,209.249,7.045,2010,12,51,358,4,-2.4492935982947064e-16,1.0,-0.12053668025532363,0.992708874098054
19,2010-12-31,43.35,2.675,210.607,8.777,2010,12,52,365,4,-2.4492935982947064e-16,1.0,6.432490598706546e-16,1.0
19,2011-01-07,42.34,2.874,216.912,7.37,2011,1,1,7,1,0.49999999999999994,0.8660254037844387,0.12053668025532305,0.992708874098054
19,2011-01-14,51.79,2.88,215.822,9.068,2011,1,2,14,1,0.49999999999999994,0.8660254037844387,0.23931566428755774,0.970941817426052
19,2011-01-21,55.91,3.224,215.2,8.593,2011,1,3,21,1,0.49999999999999994,0.8660254037844387,0.3546048870425356,0.9350162426854148
19,2011-01-28,59.22,3.311,216.394,8.548,2011,1,4,28,1,0.49999999999999994,0.8660254037844387,0.4647231720437685,0.8854560256532099
19,2011-02-04,66.94,3.198,214.451,9.417,2011,2,5,35,1,0.8660254037844386,0.5000000000000001,0.5680647467311558,0.8229838658936564
19,2011-02-11,61.2,3.505,216.11,8.557,2011,2,6,42,1,0.8660254037844386,0.5000000000000001,0.6631226582407952,0.7485107481711011
19,2011-02-18,59.87,3.758,214.09,9.472,2011,2,7,49,1,0.8660254037844386,0.5000000000000001,0.7485107481711011,0.6631226582407953
19,2011-02-25,71.77,3.83,217.519,9.323,2011,2,8,56,1,0.8660254037844386,0.5000000000000001,0.8229838658936564,0.5680647467311559
19,2011-03-04,71.33,4.074,213.548,10.265,2011,3,9,63,1,1.0,6.123233995736766e-17,0.8854560256532099,0.4647231720437686
19,2011-03-11,74.77,3.764,213.038,9.483,2011,3,10,70,1,1.0,6.123233995736766e-17,0.9350162426854148,0.35460488704253557
19,2011-03-18,75.48,3.896,217.948,9.822,2011,3,11,77,1,1.0,6.123233995736766e-17,0.970941817426052,0.23931566428755804
19,2011-03-25,84.59,4.3,215.116,8.56,2011,3,12,84,1,1.0,6.123233995736766e-17,0.992708874098054,0.120536680255323
19,2011-04-01,64.66,3.784,214.911,10.103,2011,4,13,91,2,0.8660254037844387,-0.4999999999999998,1.0,-1.6081226496766366e-16
19,2011-04-08,78.65,4.112,215.535,10.194,2011,4,14,98,2,0.8660254037844387,-0.4999999999999998,0.992708874098054,-0.12053668025532288
19,2011-04-15,73.88,4.266,212.693,10.937,2011,4,15,105,2,0.8660254037844387,-0.4999999999999998,0.9709418174260521,-0.2393156642875575
19,2011-04-22,73.41,4.039,216.965,9.831,2011,4,16,112,2,0.8660254037844387,-0.4999999999999998,0.9350162426854148,-0.35460488704253545
19,2011-04-29,63.49,3.925,215.336,9.414,2011,4,17,119,2,0.8660254037844387,-0.4999999999999998,0.8854560256532099,-0.4647231720437685
19,2011-05-06,69.96,3.624,217.376,9.381,2011,5,18,126,2,0.49999999999999994,-0.8660254037844387,0.8229838658936565,-0.5680647467311557
19,2011-05-13,65.47,3.467,211.654,9.323,2011,5,19,133,2,0.49999999999999994,-0.8660254037844387,0.7485107481711013,-0.663122658240795
19,2011-05-20,67.58,3.638,215.684,9.033,2011,5,20,140,2,0.49999999999999994,-0.8660254037844387,0.6631226582407952,-0.7485107481711012
19,2011-05-27,67.99,3.439,217.247,10.292,2011,5,21,147,2,0.49999999999999994,-0.8660254037844387,0.5680647467311558,-0.8229838658936564
19,2011-06-03,59.86,3.167,216.712,8.742,2011,6,22,154,2,1.2246467991473532e-16,-1.0,0.46472317204376906,-0.8854560256532096
19,2011-06-10,57.04,2.65,212.457,8.461,2011,6,23,161,2,1.2246467991473532e-16,-1.0,0.35460488704253584,-0.9350162426854147
19,2011-06-17,55.05,2.786,217.822,8.358,2011,6,24,168,2,1.2246467991473532e-16,-1.0,0.23931566428755768,-0.970941817426052
19,2011-06-24,46.37,2.242,218.505,9.118,2011,6,25,175,2,1.2246467991473532e-16,-1.0,0.12053668025532308,-0.992708874098054
19,2011-07-01,42.0,2.589,215.783,8.675,2011,7,26,182,3,-0.4999999999999997,-0.8660254037844388,-3.216245299353273e-16,-1.0
19,2011-07-08,37.63,2.46,210.372,8.008,2011,7,27,189,3,-0.4999999999999997,-0.8660254037844388,-0.12053668025532283,-0.992708874098054
19,2011-07-15,26.81,1.991,214.945,7.459,2011,7,28,196,3,-0.4999999999999997,-0.8660254037844388,-0.23931566428755743,-0.9709418174260521
19,2011-07-22,35.5,1.909,215.992,7.391,2011,7,29,203,3,-0.4999999999999997,-0.8660254037844388,-0.3546048870425356,-0.9350162426854148
19,2011-07-29,25.0,1.929,214.592,6.706,2011,7,30,210,3,-0.4999999999999997,-0.8660254037844388,-0.46472317204376806,-0.8854560256532101
19,2011-08-05,34.73,1.802,213.652,7.05,2011,8,31,217,3,-0.8660254037844385,-0.5000000000000004,-0.5680647467311556,-0.8229838658936566
19,2011-08-12,25.08,1.598,217.118,6.685,2011,8,32,224,3,-0.8660254037844385,-0.5000000000000004,-0.663122658240795,-0.7485107481711013
19,2011-08-19,29.99,1.537,216.314,6.828,2011,8,33,231,3,-0.8660254037844385,-0.5000000000000004,-0.7485107481711011,-0.6631226582407952
19,2011-08-26,24.75,1.117,214.765,5.451,2011,8,34,238,3,-0.8660254037844385,-0.5000000000000004,-0.8229838658936564,-0.5680647467311559
19,2011-09-02,19.42,1.377,216.866,6.586,2011,9,35,245,3,-1.0,-1.8369701987210297e-16,-0.8854560256532096,-0.4647231720437691
19,2011-09-09,10.09,1.125,213.756,7.27,2011,9,36,252,3,-1.0,-1.8369701987210297e-16,-0.9350162426854147,-0.3546048870425359
19,2011-09-16,23.19,1.226,211.165,7.132,2011,9,37,259,3,-1.0,-1.8369701987210297e-16,-0.970941817426052,-0.23931566428755774
19,2011-09-23,16.46,0.765,214.611,6.146,2011,9,38,266,3,-1.0,-1.8369701987210297e-16,-0.992708874098054,-0.12053668025532357
19,2011-09-30,20.22,0.798,220.227,5.789,2011,9,39,273,3,-1.0,-1.8369701987210297e-16,-1.0,-1.8369701987210297e-16
19,2011-10-07,20.56,1.024,214.68,6.206,2011,10,40,280,4,-0.8660254037844386,0.5000000000000001,-0.992708874098054,0.1205366802553232
19,2011-10-14,7.34,0.797,215.136,5.947,2011,10,41,287,4,-0.8660254037844386,0.5000000000000001,-0.9709418174260521,0.23931566428755738
19,2011-10-21,17.37,0.935,214.761,6.673,2011,10,42,294,4,-0.8660254037844386,0.5000000000000001,-0.9350162426854148,0.35460488704253557
19,2011-10-28,23.45,1.531,215.9,6.85,2011,10,43,301,4,-0.8660254037844386,0.5000000000000001,-0.8854560256532101,0.464723172043768
19,2011-11-04,28.28,1.401,216.216,6.461,2011,11,44,308,4,-0.5000000000000004,0.8660254037844384,-0.822983865893657,0.5680647467311548
19,2011-11-11,17.44,1.556,215.785,6.76,2011,11,45,315,4,-0.5000000000000004,0.8660254037844384,-0.7485107481711011,0.6631226582407952
19,2011-11-18,21.65,1.283,215.85,5.798,2011,11,46,322,4,-0.5000000000000004,0.8660254037844384,-0.6631226582407955,0.7485107481711007
19,2011-11-25,24.02,1.232,211.608,6.854,2011,11,47,329,4,-0.5000000000000004,0.8660254037844384,-0.5680647467311559,0.8229838658936564
19,2011-12-02,30.69,1.36,215.996,6.76,2011,12,48,336,4,-2.4492935982947064e-16,1.0,-0.4647231720437684,0.88545602565321
19,2011-12-09,34.45,1.965,218.509,6.404,2011,12,49,343,4,-2.4492935982947064e-16,1.0,-0.35460488704253595,0.9350162426854147
19,2011-12-16,32.47,2.238,210.279,7.105,2011,12,50,350,4,-2.4492935982947064e-16,1.0,-0.2393156642875578,0.970941817426052
19,2011-12-23,38.29,2.54,213.63,7.284,2011,12,51,357,4,-2.4492935982947064e-16,1.0,-0.12053668025532363,0.992708874098054
19,2011-12-30,38.8,2.32,215.879,8.165,2011,12,52,364,4,-2.4492935982947064e-16,1.0,6.432490598706546e-16,1.0
19,2012-01-06,47.38,2.666,220.445,8.316,2012,1,1,6,1,0.49999999999999994,0.8660254037844387,0.12053668025532305,0.992708874098054
19,2012-01-13,58.94,3.044,219.672,9.161,2012,1,2,13,1,0.49999999999999994,0.8660254037844387,0.23931566428755774,0.970941817426052
19,2012-01-20,49.96,2.894,221.601,8.797,2012,1,3,20,1,0.49999999999999994,0.8660254037844387,0.3546048870425356,0.9350162426854148
19,2012-01-27,53.18,3.242,222.423,9.293,2012,1,4,27,1,0.49999999999999994,0.8660254037844387,0.4647231720437685,0.8854560256532099
19,2012-02-03,63.11,3.612,222.322,9.698,2012,2,5,34,1,0.8660254037844386,0.5000000000000001,0.5680647467311558,0.8229838658936564
19,2012-02-10,67.64,3.424,220.821,8.5,2012,2,6,41,1,0.8660254037844386,0.5000000000000001,0.6631226582407952,0.7485107481711011
19,2012-02-17,69.38,3.43,221.328,10.351,2012,2,7,48,1,0.8660254037844386,0.5000000000000001,0.7485107481711011,0.6631226582407953
19,2012-02-24,69.84,3.332,220.533,9.303,2012,2,8,55,1,0.8660254037844386,0.5000000000000001,0.8229838658936564,0.5680647467311559
19,2012-03-02,69.08,4.064,219.857,8.969,2012,3,9,62,1,1.0,6.123233995736766e-17,0.8854560256532099,0.4647231720437686
19,2012-03-09,70.13,4.136,220.54,9.141,2012,3,10,69,1,1.0,6.123233995736766e-17,0.9350162426854148,0.35460488704253557
19,2012-03-16,79.38,4.061,220.228,9.49,2012,3,11,76,1,1.0,6.123233995736766e-17,0.970941817426052,0.23931566428755804
19,2012-03-23,74.35,4.145,221.392,9.989,2012,3,12,83,1,1.0,6.123233995736766e-17,0.992708874098054,0.120536680255323
19,2012-03-30,78.46,3.849,220.057,10.029,2012,3,13,90,1,1.0,6.123233995736766e-17,1.0,-1.6081226496766366e-16
19,2012-04-06,83.23,3.978,220.67,9.788,2012,4,14,97,2,0.8660254037844387,-0.4999999999999998,0.992708874098054,-0.12053668025532288
19,2012-04-13,82.74,3.9,217.467,10.329,2012,4,15,104,2,0.8660254037844387,-0.4999999999999998,0.9709418174260521,-0.2393156642875575
19,2012-04-20,75.09,3.525,218.111,9.752,2012,4,16,111,2,0.8660254037844387,-0.4999999999999998,0.9350162426854148,-0.35460488704253545
19,2012-04-27,74.66,4.191,218.979,10.146,2012,4,17,118,2,0.8660254037844387,-0.4999999999999998,0.8854560256532099,-0.4647231720437685
19,2012-05-04,73.55,3.796,219.524,9.382,2012,5,18,125,2,0.49999999999999994,-0.8660254037844387,0.8229838658936565,-0.5680647467311557
19,2012-05-11,67.81,3.477,219.898,10.038,2012,5,19,132,2,0.49999999999999994,-0.8660254037844387,0.7485107481711013,-0.663122658240795
19,2012-05-18,66.79,3.7,221.563,9.549,2012,5,20,139,2,0.49999999999999994,-0.8660254037844387,0.6631226582407952,-0.7485107481711012
19,2012-05-25,57.97,3.412,222.246,9.838,2012,5,21,146,2,0.49999999999999994,-0.8660254037844387,0.5680647467311558,-0.8229838658936564
19,2012-06-01,62.59,3.437,222.123,9.448,2012,6,22,153,2,1.2246467991473532e-16,-1.0,0.46472317204376906,-0.8854560256532096
19,2012-06-08,50.67,3.107,219.549,9.064,2012,6,23,160,2,1.2246467991473532e-16,-1.0,0.35460488704253584,-0.9350162426854147
19,2012-06-15,55.93,2.862,219.128,9.132,2012,6,24,167,2,1.2246467991473532e-16,-1.0,0.23931566428755768,-0.970941817426052
19,2012-06-22,49.01,3.017,218.445,8.135,2012,6,25,174,2,1.2246467991473532e-16,-1.0,0.12053668025532308,-0.992708874098054
19,2012-06-29,48.11,2.506,216.8,7.569,2012,6,26,181,2,1.2246467991473532e-16,-1.0,-3.216245299353273e-16,-1.0
19,2012-07-06,34.36,2.504,218.211,7.266,2012,7,27,188,3,-0.4999999999999997,-0.8660254037844388,-0.12053668025532283,-0.992708874098054
19,2012-07-13,43.11,2.28,219.957,7.878,2012,7,28,195,3,-0.4999999999999997,-0.8660254037844388,-0.23931566428755743,-0.9709418174260521
19,2012-07-20,37.51,1.516,221.0,7.176,2012,7,29,202,3,-0.4999999999999997,-0.8660254037844388,-0.3546048870425356,-0.9350162426854148
19,2012-07-27,31.12,1.877,217.978,6.779,2012,7,30,209,3,-0.4999999999999997,-0.8660254037844388,-0.46472317204376806,-0.8854560256532101
19,2012-08-03,30.33,1.853,218.038,6.732,2012,8,31,216,3,-0.8660254037844385,-0.5000000000000004,-0.5680647467311556,-0.8229838658936566
19,2012-08-10,23.26,1.97,219.432,7.053,2012,8,32,223,3,-0.8660254037844385,-0.5000000000000004,-0.663122658240795,-0.7485107481711013
19,2012-08-17,22.25,1.104,219.511,6.391,2012,8,33,230,3,-0.8660254037844385,-0.5000000000000004,-0.7485107481711011,-0.6631226582407952
19,2012-08-24,11.96,1.271,221.969,6.884,2012,8,34,237,3,-0.8660254037844385,-0.5000000000000004,-0.8229838658936564,-0.5680647467311559
19,2012-08-31,15.92,1.362,215.719,5.639,2012,8,35,244,3,-0.8660254037844385,-0.5000000000000004,-0.8854560256532096,-0.4647231720437691
19,2012-09-07,15.91,1.169,216.52,6.37,2012,9,36,251,3,-1.0,-1.8369701987210297e-16,-0.9350162426854147,-0.3546048870425359
19,2012-09-14,20.41,1.105,217.998,6.261,2012,9,37,258,3,-1.0,-1.8369701987210297e-16,-0.970941817426052,-0.23931566428755774
19,2012-09-21,16.19,1.018,217.166,6.314,2012,9,38,265,3,-1.0,-1.8369701987210297e-16,-0.992708874098054,-0.12053668025532357
19,2012-09-28,13.3,0.811,220.258,5.991,2012,9,39,272,3,-1.0,-1.8369701987210297e-16,-1.0,-1.8369701987210297e-16
19,2012-10-05,9.43,1.373,215.43,6.245,2012,10,40,279,4,-0.8660254037844386,0.5000000000000001,-0.992708874098054,0.1205366802553232
19,2012-10-12,18.57,1.207,221.831,5.957,2012,10,41,286,4,-0.8660254037844386,0.5000000000000001,-0.9709418174260521,0.23931566428755738
19,2012-10-19,16.87,0.911,219.588,5.635,2012,10,42,293,4,-0.8660254037844386,0.5000000000000001,-0.9350162426854148,0.35460488704253557
19,2012-10-26,24.72,1.399,218.109,5.778,2012,10,43,300,4,-0.8660254037844386,0.5000000000000001,-0.8854560256532101,0.464723172043768
20,2010-02-05,58.98,3.564,207.206,8.802,2010,2,5,36,1,0.8660254037844386,0.5000000000000001,0.5680647467311558,0.8229838658936564
20,2010-02-12,64.74,3.614,209.755,8.923,2010,2,6,43,1,0.8660254037844386,0.5000000000000001,0.6631226582407952,0.7485107481711011
20,2010-02-19,72.9,3.989,208.146,10.69,2010,2,7,50,1,0.8660254037844386,0.5000000000000001,0.7485107481711011,0.6631226582407953
20,2010-02-26,75.64,3.91,211.969,9.959,2010,2,8,57,1,0.8660254037844386,0.5000000000000001,0.8229838658936564,0.5680647467311559
20,2010-03-05,68.77,3.745,209.742,9.761,2010,3,9,64,1,1.0,6.123233995736766e-17,0.8854560256532099,0.4647231720437686
20,2010-03-12,80.37,4.068,212.3,9.577,2010,3,10,71,1,1.0,6.123233995736766e-17,0.9350162426854148,0.35460488704253557
20,2010-03-19,69.92,3.835,208.269,9.914,2010,3,11,78,1,1.0,6.123233995736766e-17,0.970941817426052,0.23931566428755804
20,2010-03-26,76.69,3.742,211.089,9.912,2010,3,12,85,1,1.0,6.123233995736766e-17,0.992708874098054,0.120536680255323
20,2010-04-02,68.06,3.971,208.774,10.184,2010,4,13,92,2,0.8660254037844387,-0.4999999999999998,1.0,-1.6081226496766366e-16
20,2010-04-09,80.43,4.351,210.799,10.065,2010,4,14,99,2,0.8660254037844387,-0.4999999999999998,0.992708874098054,-0.12053668025532288
20,2010-04-16,74.05,4.084,209.362,9.71,2010,4,15,106,2,0.8660254037844387,-0.4999999999999998,0.9709418174260521,-0.2393156642875575
20,2010-04-23,68.84,3.925,212.086,10.017,2010,4,16,113,2,0.8660254037844387,-0.4999999999999998,0.9350162426854148,-0.35460488704253545
20,2010-04-30,68.69,3.804,208.272,10.197,2010,4,17,120,2,0.8660254037844387,-0.4999999999999998,0.8854560256532099,-0.4647231720437685
20,2010-05-07,66.61,3.734,208.935,9.017,2010,5,18,127,2,0.49999999999999994,-0.8660254037844387,0.8229838658936565,-0.5680647467311557
20,2010-05-14,64.78,3.606,208.4,9.556,2010,5,19,134,2,0.49999999999999994,-0.8660254037844387,0.7485107481711013,-0.663122658240795
20,2010-05-21,64.87,3.435,207.56,8.602,2010,5,20,141,2,0.49999999999999994,-0.8660254037844387,0.6631226582407952,-0.7485107481711012
20,2010-05-28,59.53,3.0,210.173,8.587,2010,5,21,148,2,0.49999999999999994,-0.8660254037844387,0.5680647467311558,-0.8229838658936564
20,2010-06-04,56.05,3.342,209.771,9.648,2010,6,22,155,2,1.2246467991473532e-16,-1.0,0.46472317204376906,-0.8854560256532096
20,2010-06-11,55.65,2.907,212.783,9.158,2010,6,23,162,2,1.2246467991473532e-16,-1.0,0.35460488704253584,-0.9350162426854147
20,2010-06-18,44.95,2.727,210.833,9.069,2010,6,24,169,2,1.2246467991473532e-16,-1.0,0.23931566428755768,-0.970941817426052
20,2010-06-25,48.09,2.775,209.33,7.811,2010,6,25,176,2,1.2246467991473532e-16,-1.0,0.12053668025532308,-0.992708874098054
20,2010-07-02,44.86,2.741,211.08,8.032,2010,7,26,183,3,-0.4999999999999997,-0.8660254037844388,-3.216245299353273e-16,-1.0
20,2010-07-09,37.96,2.264,212.047,8.072,2010,7,27,190,3,-0.4999999999999997,-0.8660254037844388,-0.12053668025532283,-0.992708874098054
20,2010-07-16,39.72,2.099,209.966,7.08,2010,7,28,197,3,-0.4999999999999997,-0.8660254037844388,-0.23931566428755743,-0.9709418174260521
20,2010-07-23,29.22,2.1,209.814,7.802,2010,7,29,204,3,-0.4999999999999997,-0.8660254037844388,-0.3546048870425356,-0.9350162426854148
20,2010-07-30,31.99,1.702,209.267,7.225,2010,7,30,211,3,-0.4999999999999997,-0.8660254037844388,-0.46472317204376806,-0.8854560256532101
20,2010-08-06,28.37,1.533,209.097,6.641,2010,8,31,218,3,-0.8660254037844385,-0.5000000000000004,-0.5680647467311556,-0.8229838658936566
20,2010-08-13,26.7,1.674,210.989,6.127,2010,8,32,225,3,-0.8660254037844385,-0.5000000000000004,-0.663122658240795,-0.7485107481711013
20,2010-08-20,16.75,1.395,211.325,6.196,2010,8,33,232,3,-0.8660254037844385,-0.5000000000000004,-0.7485107481711011,-0.6631226582407952
20,2010-08-27,6.11,1.435,212.912,6.552,2010,8,34,239,3,-0.8660254037844385,-0.5000000000000004,-0.8229838658936564,-0.5680647467311559
20,2010-09-03,13.23,0.989,210.511,6.252,2010,9,35,246,3,-1.0,-1.8369701987210297e-16,-0.8854560256532096,-0.4647231720437691
20,2010-09-10,12.45,1.148,206.482,7.478,2010,9,36,253,3,-1.0,-1.8369701987210297e-16,-0.9350162426854147,-0.3546048870425359
20,2010-09-17,19.09,0.971,207.605,5.955,2010,9,37,260,3,-1.0,-1.8369701987210297e-16,-0.970941817426052,-0.23931566428755774
20,2010-09-24,25.33,0.729,210.561,6.18,2010,9,38,267,3,-1.0,-1.8369701987210297e-16,-0.992708874098054,-0.12053668025532357
20,2010-10-01,20.63,0.958,207.878,5.771,2010,10,39,274,4,-0.8660254037844386,0.5000000000000001,-1.0,-1.8369701987210297e-16
20,2010-10-08,14.17,1.266,209.01,6.213,2010,10,40,281,4,-0.8660254037844386,0.5000000000000001,-0.992708874098054,0.1205366802553232
20,2010-10-15,10.82,1.259,212.316,6.122,2010,10,41,288,4,-0.8660254037844386,0.5000000000000001,-0.9709418174260521,0.23931566428755738
20,2010-10-22,29.98,0.902,212.38,5.809,2010,10,42,295,4,-0.8660254037844386,0.5000000000000001,-0.9350162426854148,0.35460488704253557
20,2010-10-29,20.78,1.042,210.44,6.814,2010,10,43,302,4,-0.8660254037844386,0.5000000000000001,-0.8854560256532101,0.464723172043768
20,2010-11-05,23.62,1.284,210.788,6.255,2010,11,44,309,4,-0.5000000000000004,0.8660254037844384,-0.822983865893657,0.5680647467311548
20,2010-11-12,23.51,1.184,211.469,6.915,2010,11,45,316,4,-0.5000000000000004,0.8660254037844384,-0.7485107481711011,0.6631226582407952
20,2010-11-19,28.82,1.282,213.144,6.949,2010,11,46,323,4,-0.5000000000000004,0.8660254037844384,-0.6631226582407955,0.7485107481711007
20,2010-11-26,30.62,1.882,211.337,7.255,2010,11,47,330,4,-0.5000000000000004,0.8660254037844384,-0.5680647467311559,0.8229838658936564
20,2010-12-03,31.35,2.093,213.411,6.82,2010,12,48,337,4,-2.4492935982947064e-16,1.0,-0.4647231720437684,0.88545602565321
20,2010-12-10,25.7,2.209,207.697,6.547,2010,12,49,344,4,-2.4492935982947064e-16,1.0,-0.35460488704253595,0.9350162426854147
20,2010-12-17,39.12,2.507,209.765,7.659,2010,12,50,351,4,-2.4492935982947064e-16,1.0,-0.2393156642875578,0.970941817426052
20,2010-12-24,37.03,2.251,209.999,8.232,2010,12,51,358,4,-2.4492935982947064e-16,1.0,-0.12053668025532363,0.992708874098054
20,2010-12-31,44.94,2.296,211.214,7.807,2010,12,52,365,4,-2.4492935982947064e-16,1.0,6.432490598706546e-16,1.0
20,2011-01-07,47.95,2.541,214.785,9.002,2011,1,1,7,1,0.49999999999999994,0.8660254037844387,0.12053668025532305,0.992708874098054
20,2011-01-14,51.4,2.632,212.701,9.076,2011,1,2,14,1,0.49999999999999994,0.8660254037844387,0.23931566428755774,0.970941817426052
20,2011-01-21,61.03,3.009,212.047,8.784,2011,1,3,21,1,0.49999999999999994,0.8660254037844387,0.3546048870425356,0.9350162426854148
20,2011-01-28,61.16,2.722,214.434,9.205,2011,1,4,28,1,0.49999999999999994,0.8660254037844387,0.4647231720437685,0.8854560256532099
20,2011-02-04,57.33,3.337,215.727,9.059,2011,2,5,35,1,0.8660254037844386,0.5000000000000001,0.5680647467311558,0.8229838658936564
20,2011-02-11,57.47,3.461,215.043,9.15,2011,2,6,42,1,0.8660254037844386,0.5000000000000001,0.6631226582407952,0.7485107481711011
20,2011-02-18,58.64,3.579,214.197,9.286,2011,2,7,49,1,0.8660254037844386,0.5000000000000001,0.7485107481711011,0.6631226582407953
20,2011-02-25,71.16,3.186,213.674,10.783,2011,2,8,56,1,0.8660254037844386,0.5000000000000001,0.8229838658936564,0.5680647467311559
20,2011-03-04,72.02,4.435,212.303,9.014,2011,3,9,63,1,1.0,6.123233995736766e-17,0.8854560256532099,0.4647231720437686
20,2011-03-11,64.98,3.582,213.736,9.937,2011,3,10,70,1,1.0,6.123233995736766e-17,0.9350162426854148,0.35460488704253557
20,2011-03-18,72.3,3.959,211.824,9.897,2011,3,11,77,1,1.0,6.123233995736766e-17,0.970941817426052,0.23931566428755804
20,2011-03-25,76.25,4.088,212.995,10.974,2011,3,12,84,1,1.0,6.123233995736766e-17,0.992708874098054,0.120536680255323
20,2011-04-01,68.82,4.05,212.807,9.394,2011,4,13,91,2,0.8660254037844387,-0.4999999999999998,1.0,-1.6081226496766366e-16
20,2011-04-08,75.32,4.101,216.109,9.638,2011,4,14,98,2,0.8660254037844387,-0.4999999999999998,0.992708874098054,-0.12053668025532288
20,2011-04-15,87.12,3.623,214.378,9.512,2011,4,15,105,2,0.8660254037844387,-0.4999999999999998,0.9709418174260521,-0.2393156642875575
20,2011-04-22,76.9,3.819,217.877,10.521,2011,4,16,112,2,0.8660254037844387,-0.4999999999999998,0.9350162426854148,-0.35460488704253545
20,2011-04-29,73.96,3.667,213.227,10.129,2011,4,17,119,2,0.8660254037844387,-0.4999999999999998,0.8854560256532099,-0.4647231720437685
20,2011-05-06,74.43,3.422,215.032,9.823,2011,5,18,126,2,0.49999999999999994,-0.8660254037844387,0.8229838658936565,-0.5680647467311557
20,2011-05-13,69.48,3.677,211.499,9.398,2011,5,19,133,2,0.49999999999999994,-0.8660254037844387,0.7485107481711013,-0.663122658240795
20,2011-05-20,60.05,3.628,215.187,9.594,2011,5,20,140,2,0.49999999999999994,-0.8660254037844387,0.6631226582407952,-0.7485107481711012
20,2011-05-27,65.26,3.231,213.617,9.408,2011,5,21,147,2,0.49999999999999994,-0.8660254037844387,0.5680647467311558,-0.8229838658936564
20,2011-06-03,62.1,3.201,214.294,9.056,2011,6,22,154,2,1.2246467991473532e-16,-1.0,0.46472317204376906,-0.8854560256532096
20,2011-06-10,57.63,3.024,215.721,8.643,2011,6,23,161,2,1.2246467991473532e-16,-1.0,0.35460488704253584,-0.9350162426854147
20,2011-06-17,53.7,3.15,218.824,8.1,2011,6,24,168,2,1.2246467991473532e-16,-1.0,0.23931566428755768,-0.970941817426052
20,2011-06-24,50.13,2.544,215.699,8.816,2011,6,25,175,2,1.2246467991473532e-16,-1.0,0.12053668025532308,-0.992708874098054
20,2011-07-01,45.9,2.734,216.245,7.471,2011,7,26,182,3,-0.4999999999999997,-0.8660254037844388,-3.216245299353273e-16,-1.0
20,2011-07-08,41.8,2.261,211.025,8.344,2011,7,27,189,3,-0.4999999999999997,-0.8660254037844388,-0.12053668025532283,-0.992708874098054
20,2011-07-15,42.14,2.016,220.851,7.089,2011,7,28,196,3,-0.4999999999999997,-0.8660254037844388,-0.23931566428755743,-0.9709418174260521
20,2011-07-22,32.69,1.967,213.401,6.899,2011,7,29,203,3,-0.4999999999999997,-0.8660254037844388,-0.3546048870425356,-0.9350162426854148
20,2011-07-29,28.16,1.546,217.804,6.555,2011,7,30,210,3,-0.4999999999999997,-0.8660254037844388,-0.46472317204376806,-0.8854560256532101
20,2011-08-05,37.53,1.646,216.097,6.788,2011,8,31,217,3,-0.8660254037844385,-0.5000000000000004,-0.5680647467311556,-0.8229838658936566
20,2011-08-12,20.85,1.386,213.537,6.497,2011,8,32,224,3,-0.8660254037844385,-0.5000000000000004,-0.663122658240795,-0.7485107481711013
20,2011-08-19,28.29,1.066,216.444,6.517,2011,8,33,231,3,-0.8660254037844385,-0.5000000000000004,-0.7485107481711011,-0.6631226582407952
20,2011-08-26,17.06,1.227,214.362,5.526,2011,8,34,238,3,-0.8660254037844385,-0.5000000000000004,-0.8229838658936564,-0.5680647467311559
20,2011-09-02,13.54,1.127,216.727,5.589,2011,9,35,245,3,-1.0,-1.8369701987210297e-16,-0.8854560256532096,-0.4647231720437691
20,2011-09-09,6.29,1.335,217.256,5.899,2011,9,36,252,3,-1.0,-1.8369701987210297e-16,-0.9350162426854147,-0.3546048870425359
20,2011-09-16,25.17,0.497,215.884,6.158,2011,9,37,259,3,-1.0,-1.8369701987210297e-16,-0.970941817426052,-0.23931566428755774
20,2011-09-23,10.78,1.039,213.45,6.311,2011,9,38,266,3,-1.0,-1.8369701987210297e-16,-0.992708874098054,-0.12053668025532357
20,2011-09-30,16.77,0.897,214.3,5.297,2011,9,39,273,3,-1.0,-1.8369701987210297e-16,-1.0,-1.8369701987210297e-16
20,2011-10-07,14.8,0.862,215.249,5.849,2011,10,40,280,4,-0.8660254037844386,0.5000000000000001,-0.992708874098054,0.1205366802553232
20,2011-10-14,16.4,1.017,215.726,5.643,2011,10,41,287,4,-0.8660254037844386,0.5000000000000001,-0.9709418174260521,0.23931566428755738
20,2011-10-21,15.99,0.804,215.788,6.463,2011,10,42,294,4,-0.8660254037844386,0.5000000000000001,-0.9350162426854148,0.35460488704253557
20,2011-10-28,14.22,1.169,214.565,5.916,2011,10,43,301,4,-0.8660254037844386,0.5000000000000001,-0.8854560256532101,0.464723172043768
20,2011-11-04,14.2,0.81,216.731,6.914,2011,11,44,308,4,-0.5000000000000004,0.8660254037844384,-0.822983865893657,0.5680647467311548
20,2011-11-11,19.43,1.372,215.47,6.01,2011,11,45,315,4,-0.5000000000000004,0.8660254037844384,-0.7485107481711011,0.6631226582407952
20,2011-11-18,26.52,1.13,211.75,7.321,2011,11,46,322,4,-0.5000000000000004,0.8660254037844384,-0.6631226582407955,0.7485107481711007
20,2011-11-25,13.87,1.713,216.309,6.743,2011,11,47,329,4,-0.5000000000000004,0.8660254037844384,-0.5680647467311559,0.8229838658936564
20,2011-12-02,24.07,1.816,215.661,7.368,2011,12,48,336,4,-2.4492935982947064e-16,1.0,-0.4647231720437684,0.88545602565321
20,2011-12-09,28.47,1.977,211.628,6.06,2011,12,49,343,4,-2.4492935982947064e-16,1.0,-0.35460488704253595,0.9350162426854147
20,2011-12-16,32.83,1.975,215.435,7.883,2011,12,50,350,4,-2.4492935982947064e-16,1.0,-0.2393156642875578,0.970941817426052
20,2011-12-23,42.34,2.229,218.673,7.12,2011,12,51,357,4,-2.4492935982947064e-16,1.0,-0.12053668025532363,0.992708874098054
20,2011-12-30,48.06,2.845,216.265,8.015,2011,12,52,364,4,-2.4492935982947064e-16,1.0,6.432490598706546e-16,1.0
20,2012-01-06,49.42,2.607,223.921,7.495,2012,1,1,6,1,0.49999999999999994,0.8660254037844387,0.12053668025532305,0.992708874098054
20,2012-01-13,58.51,3.019,221.764,8.55,2012,1,2,13,1,0.49999999999999994,0.8660254037844387,0.23931566428755774,0.970941817426052
20,2012-01-20,51.44,3.229,220.537,8.129,2012,1,3,20,1,0.49999999999999994,0.8660254037844387,0.3546048870425356,0.9350162426854148
20,2012-01-27,59.8,2.968,219.041,8.899,2012,1,4,27,1,0.49999999999999994,0.8660254037844387,0.4647231720437685,0.8854560256532099
20,2012-02-03,51.98,3.416,222.285,9.066,2012,2,5,34,1,0.8660254037844386,0.5000000000000001,0.5680647467311558,0.8229838658936564
20,2012-02-10,54.35,3.376,220.073,9.416,2012,2,6,41,1,0.8660254037844386,0.5000000000000001,0.6631226582407952,0.7485107481711011
20,2012-02-17,70.0,3.473,217.193,9.245,2012,2,7,48,1,0.8660254037844386,0.5000000000000001,0.7485107481711011,0.6631226582407953
20,2012-02-24,67.12,3.596,218.377,10.291,2012,2,8,55,1,0.8660254037844386,0.5000000000000001,0.8229838658936564,0.5680647467311559
20,2012-03-02,70.6,3.864,221.868,9.39,2012,3,9,62,1,1.0,6.123233995736766e-17,0.8854560256532099,0.4647231720437686
20,2012-03-09,78.81,4.061,215.817,9.437,2012,3,10,69,1,1.0,6.123233995736766e-17,0.9350162426854148,0.35460488704253557
20,2012-03-16,68.12,4.213,221.941,9.42,2012,3,11,76,1,1.0,6.123233995736766e-17,0.970941817426052,0.23931566428755804
20,2012-03-23,81.91,4.272,218.662,9.824,2012,3,12,83,1,1.0,6.123233995736766e-17,0.992708874098054,0.120536680255323
20,2012-03-30,77.67,4.095,221.132,9.752,2012,3,13,90,1,1.0,6.123233995736766e-17,1.0,-1.6081226496766366e-16
20,2012-04-06,67.77,4.261,218.547,10.098,2012,4,14,97,2,0.8660254037844387,-0.4999999999999998,0.992708874098054,-0.12053668025532288
20,2012-04-13,77.53,4.06,219.439,9.833,2012,4,15,104,2,0.8660254037844387,-0.4999999999999998,0.9709418174260521,-0.2393156642875575
20,2012-04-20,69.5,3.861,222.126,9.551,2012,4,16,111,2,0.8660254037844387,-0.4999999999999998,0.9350162426854148,-0.35460488704253545
20,2012-04-27,74.15,3.844,221.571,9.637,2012,4,17,118,2,0.8660254037844387,-0.4999999999999998,0.8854560256532099,-0.4647231720437685
20,2012-05-04,71.31,3.779,222.038,9.467,2012,5,18,125,2,0.49999999999999994,-0.8660254037844387,0.8229838658936565,-0.5680647467311557
20,2012-05-11,70.86,3.647,223.178,9.531,2012,5,19,132,2,0.49999999999999994,-0.8660254037844387,0.7485107481711013,-0.663122658240795
20,2012-05-18,68.59,3.456,222.093,8.974,2012,5,20,139,2,0.49999999999999994,-0.8660254037844387,0.6631226582407952,-0.7485107481711012
20,2012-05-25,49.33,3.428,219.636,9.551,2012,5,21,146,2,0.49999999999999994,-0.8660254037844387,0.5680647467311558,-0.8229838658936564
20,2012-06-01,57.16,3.48,220.115,8.771,2012,6,22,153,2,1.2246467991473532e-16,-1.0,0.46472317204376906,-0.8854560256532096
20,2012-06-08,58.72,2.915,223.052,8.615,2012,6,23,160,2,1.2246467991473532e-16,-1.0,0.35460488704253584,-0.9350162426854147
20,2012-06-15,53.54,2.848,221.364,8.796,2012,6,24,167,2,1.2246467991473532e-16,-1.0,0.23931566428755768,-0.970941817426052
20,2012-06-22,51.15,2.21,219.291,7.949,2012,6,25,174,2,1.2246467991473532e-16,-1.0,0.12053668025532308,-0.992708874098054
20,2012-06-29,49.44,2.735,217.542,8.175,2012,6,26,181,2,1.2246467991473532e-16,-1.0,-3.216245299353273e-16,-1.0
20,2012-07-06,47.3,2.525,217.558,7.417,2012,7,27,188,3,-0.4999999999999997,-0.8660254037844388,-0.12053668025532283,-0.992708874098054
20,2012-07-13,39.46,1.728,223.744,7.154,2012,7,28,195,3,-0.4999999999999997,-0.8660254037844388,-0.23931566428755743,-0.9709418174260521
20,2012-07-20,31.29,1.721,220.695,6.462,2012,7,29,202,3,-0.4999999999999997,-0.8660254037844388,-0.3546048870425356,-0.9350162426854148
20,2012-07-27,31.74,1.257,218.106,7.15,2012,7,30,209,3,-0.4999999999999997,-0.8660254037844388,-0.46472317204376806,-0.8854560256532101
20,2012-08-03,32.2,1.558,219.47,7.048,2012,8,31,216,3,-0.8660254037844385,-0.5000000000000004,-0.5680647467311556,-0.8229838658936566
20,2012-08-10,26.58,1.367,218.012,7.831,2012,8,32,223,3,-0.8660254037844385,-0.5000000000000004,-0.663122658240795,-0.7485107481711013
20,2012-08-17,17.77,1.063,221.58,6.492,2012,8,33,230,3,-0.8660254037844385,-0.5000000000000004,-0.7485107481711011,-0.6631226582407952
20,2012-08-24,15.91,1.286,220.126,6.612,2012,8,34,237,3,-0.8660254037844385,-0.5000000000000004,-0.8229838658936564,-0.5680647467311559
20,2012-08-31,19.11,1.113,220.598,6.465,2012,8,35,244,3,-0.8660254037844385,-0.5000000000000004,-0.8854560256532096,-0.4647231720437691
20,2012-09-07,11.3,1.05,217.928,6.411,2012,9,36,251,3,-1.0,-1.8369701987210297e-16,-0.9350162426854147,-0.3546048870425359
20,2012-09-14,16.34,1.218,219.016,6.155,2012,9,37,258,3,-1.0,-1.8369701987210297e-16,-0.970941817426052,-0.23931566428755774
20,2012-09-21,14.4,1.087,219.347,5.715,2012,9,38,265,3,-1.0,-1.8369701987210297e-16,-0.992708874098054,-0.12053668025532357
20,2012-09-28,11.33,0.864,217.333,5.883,2012,9,39,272,3,-1.0,-1.8369701987210297e-16,-1.0,-1.8369701987210297e-16
20,2012-10-05,19.67,1.321,217.654,6.512,2012,10,40,279,4,-0.8660254037844386,0.5000000000000001,-0.992708874098054,0.1205366802553232
20,2012-10-12,9.41,1.382,222.421,6.396,2012,10,41,286,4,-0.8660254037844386,0.5000000000000001,-0.9709418174260521,0.23931566428755738
20,2012-10-19,11.83,1.149,215.48,5.896,2012,10,42,293,4,-0.8660254037844386,0.5000000000000001,-0.9350162426854148,0.35460488704253557
20,2012-10-26,11.63,1.238,219.731,6.828,2012,10,43,300,4,-0.8660254037844386,0.5000000000000001,-0.8854560256532101,0.464723172043768
21,2010-02-05,63.0,3.721,207.948,9.854,2010,2,5,36,1,0.8660254037844386,0.5000000000000001,0.5680647467311558,0.8229838658936564
21,2010-02-12,69.59,3.457,208.702,9.007,2010,2,6,43,1,0.8660254037844386,0.5000000000000001,0.6631226582407952,0.7485107481711011
21,2010-02-19,62.92,3.511,209.112,9.992,2010,2,7,50,1,0.8660254037844386,0.5000000000000001,0.7485107481711011,0.6631226582407953
21,2010-02-26,70.96,3.657,210.775,9.497,2010,2,8,57,1,0.8660254037844386,0.5000000000000001,0.8229838658936564,0.5680647467311559
21,2010-03-05,72.58,3.996,210.867,10.112,2010,3,9,64,1,1.0,6.123233995736766e-17,0.8854560256532099,0.4647231720437686
21,2010-03-12,71.58,3.938,209.874,10.228,2010,3,10,71,1,1.0,6.123233995736766e-17,0.9350162426854148,0.35460488704253557
21,2010-03-19,82.77,3.916,207.526,9.135,2010,3,11,78,1,1.0,6.123233995736766e-17,0.970941817426052,0.23931566428755804
21,2010-03-26,72.25,4.248,208.742,10.799,2010,3,12,85,1,1.0,6.123233995736766e-17,0.992708874098054,0.120536680255323
21,2010-04-02,61.48,3.79,210.892,9.828,2010,4,13,92,2,0.8660254037844387,-0.4999999999999998,1.0,-1.6081226496766366e-16
21,2010-04-09,79.85,3.89,208.685,10.109,2010,4,14,99,2,0.8660254037844387,-0.4999999999999998,0.992708874098054,-0.12053668025532288
21,2010-04-16,78.24,4.204,210.577,9.331,2010,4,15,106,2,0.8660254037844387,-0.4999999999999998,0.9709418174260521,-0.2393156642875575
21,2010-04-23,73.94,3.983,213.081,9.513,2010,4,16,113,2,0.8660254037844387,-0.4999999999999998,0.9350162426854148,-0.35460488704253545
21,2010-04-30,74.74,3.948,209.454,10.561,2010,4,17,120,2,0.8660254037844387,-0.4999999999999998,0.8854560256532099,-0.4647231720437685
21,2010-05-07,71.8,3.591,208.321,9.197,2010,5,18,127,2,0.49999999999999994,-0.8660254037844387,0.8229838658936565,-0.5680647467311557
21,2010-05-14,65.15,3.588,209.311,9.029,2010,5,19,134,2,0.49999999999999994,-0.8660254037844387,0.7485107481711013,-0.663122658240795
21,2010-05-21,65.11,3.278,210.444,9.13,2010,5,20,141,2,0.49999999999999994,-0.8660254037844387,0.6631226582407952,-0.7485107481711012
21,2010-05-28,53.7,3.611,208.027,8.963,2010,5,21,148,2,0.49999999999999994,-0.8660254037844387,0.5680647467311558,-0.8229838658936564
21,2010-06-04,54.83,3.132,211.313,9.614,2010,6,22,155,2,1.2246467991473532e-16,-1.0,0.46472317204376906,-0.8854560256532096
21,2010-06-11,57.01,2.423,213.121,8.03,2010,6,23,162,2,1.2246467991473532e-16,-1.0,0.35460488704253584,-0.9350162426854147
21,2010-06-18,54.53,2.856,205.419,8.37,2010,6,24,169,2,1.2246467991473532e-16,-1.0,0.23931566428755768,-0.970941817426052
21,2010-06-25,57.32,2.474,210.283,7.828,2010,6,25,176,2,1.2246467991473532e-16,-1.0,0.12053668025532308,-0.992708874098054
21,2010-07-02,55.06,2.825,212.503,9.053,2010,7,26,183,3,-0.4999999999999997,-0.8660254037844388,-3.216245299353273e-16,-1.0
21,2010-07-09,35.77,2.513,209.191,7.633,2010,7,27,190,3,-0.4999999999999997,-0.8660254037844388,-0.12053668025532283,-0.992708874098054
21,2010-07-16,39.79,2.384,210.858,7.687,2010,7,28,197,3,-0.4999999999999997,-0.8660254037844388,-0.23931566428755743,-0.9709418174260521
21,2010-07-23,31.32,2.006,211.685,7.631,2010,7,29,204,3,-0.4999999999999997,-0.8660254037844388,-0.3546048870425356,-0.9350162426854148
21,2010-07-30,20.25,1.554,210.546,7.155,2010,7,30,211,3,-0.4999999999999997,-0.8660254037844388,-0.46472317204376806,-0.8854560256532101
21,2010-08-06,30.26,1.831,209.402,7.346,2010,8,31,218,3,-0.8660254037844385,-0.5000000000000004,-0.5680647467311556,-0.8229838658936566
21,2010-08-13,23.14,1.433,211.334,5.764,2010,8,32,225,3,-0.8660254037844385,-0.5000000000000004,-0.663122658240795,-0.7485107481711013
21,2010-08-20,24.59,1.365,211.239,6.846,2010,8,33,232,3,-0.8660254037844385,-0.5000000000000004,-0.7485107481711011,-0.6631226582407952
21,2010-08-27,14.36,1.084,210.468,5.238,2010,8,34,239,3,-0.8660254037844385,-0.5000000000000004,-0.8229838658936564,-0.5680647467311559
21,2010-09-03,15.73,0.891,210.911,6.169,2010,9,35,246,3,-1.0,-1.8369701987210297e-16,-0.8854560256532096,-0.4647231720437691
21,2010-09-10,8.21,1.042,207.04,5.809,2010,9,36,253,3,-1.0,-1.8369701987210297e-16,-0.9350162426854147,-0.3546048870425359
21,2010-09-17,17.29,0.781,207.39,6.351,2010,9,37,260,3,-1.0,-1.8369701987210297e-16,-0.970941817426052,-0.23931566428755774
21,2010-09-24,10.92,1.236,208.263,6.013,2010,9,38,267,3,-1.0,-1.8369701987210297e-16,-0.992708874098054,-0.12053668025532357
21,2010-10-01,13.95,0.931,209.063,5.324,2010,10,39,274,4,-0.8660254037844386,0.5000000000000001,-1.0,-1.8369701987210297e-16
21,2010-10-08,20.23,1.419,210.393,5.517,2010,10,40,281,4,-0.8660254037844386,0.5000000000000001,-0.992708874098054,0.1205366802553232
21,2010-10-15,23.01,0.996,208.487,6.946,2010,10,41,288,4,-0.8660254037844386,0.5000000000000001,-0.9709418174260521,0.23931566428755738
21,2010-10-22,13.92,1.206,215.46,5.759,2010,10,42,295,4,-0.8660254037844386,0.5000000000000001,-0.9350162426854148,0.35460488704253557
21,2010-10-29,17.66,1.041,211.649,6.79,2010,10,43,302,4,-0.8660254037844386,0.5000000000000001,-0.8854560256532101,0.464723172043768
21,2010-11-05,23.77,1.166,210.929,6.517,2010,11,44,309,4,-0.5000000000000004,0.8660254037844384,-0.822983865893657,0.5680647467311548
21,2010-11-12,24.3,1.638,211.104,7.237,2010,11,45,316,4,-0.5000000000000004,0.8660254037844384,-0.7485107481711011,0.6631226582407952
21,2010-11-19,28.87,1.224,211.283,6.272,2010,11,46,323,4,-0.5000000000000004,0.8660254037844384,-0.6631226582407955,0.7485107481711007
21,2010-11-26,25.36,1.333,208.519,6.397,2010,11,47,330,4,-0.5000000000000004,0.8660254037844384,-0.5680647467311559,0.8229838658936564
21,2010-12-03,28.07,1.616,209.896,7.726,2010,12,48,337,4,-2.4492935982947064e-16,1.0,-0.4647231720437684,0.88545602565321
21,2010-12-10,35.34,2.293,209.901,7.232,2010,12,49,344,4,-2.4492935982947064e-16,1.0,-0.35460488704253595,0.9350162426854147
21,2010-12-17,35.93,2.185,213.417,6.694,2010,12,50,351,4,-2.4492935982947064e-16,1.0,-0.2393156642875578,0.970941817426052
21,2010-12-24,34.43,2.62,214.646,8.053,2010,12,51,358,4,-2.4492935982947064e-16,1.0,-0.12053668025532363,0.992708874098054
21,2010-12-31,48.67,2.449,206.373,6.808,2010,12,52,365,4,-2.4492935982947064e-16,1.0,6.432490598706546e-16,1.0
21,2011-01-07,51.96,2.395,216.683,8.76,2011,1,1,7,1,0.49999999999999994,0.8660254037844387,0.12053668025532305,0.992708874098054
21,2011-01-14,51.87,2.643,213.68,8.563,2011,1,2,14,1,0.49999999999999994,0.8660254037844387,0.23931566428755774,0.970941817426052
21,2011-01-21,52.49,2.948,214.671,8.09,2011,1,3,21,1,0.49999999999999994,0.8660254037844387,0.3546048870425356,0.9350162426854148
21,2011-01-28,58.57,3.372,214.265,8.436,2011,1,4,28,1,0.49999999999999994,0.8660254037844387,0.4647231720437685,0.8854560256532099
21,2011-02-04,62.35,2.901,214.53,9.031,2011,2,5,35,1,0.8660254037844386,0.5000000000000001,0.5680647467311558,0.8229838658936564
21,2011-02-11,61.72,3.551,214.877,8.733,2011,2,6,42,1,0.8660254037844386,0.5000000000000001,0.6631226582407952,0.7485107481711011
21,2011-02-18,63.05,4.222,217.646,9.705,2011,2,7,49,1,0.8660254037844386,0.5000000000000001,0.7485107481711011,0.6631226582407953
21,2011-02-25,71.72,3.955,216.988,9.541,2011,2,8,56,1,0.8660254037844386,0.5000000000000001,0.8229838658936564,0.5680647467311559
21,2011-03-04,76.63,3.55,216.329,9.526,2011,3,9,63,1,1.0,6.123233995736766e-17,0.8854560256532099,0.4647231720437686
21,2011-03-11,83.41,4.149,216.234,9.701,2011,3,10,70,1,1.0,6.123233995736766e-17,0.9350162426854148,0.35460488704253557
21,2011-03-18,81.53,4.272,214.95,9.65,2011,3,11,77,1,1.0,6.123233995736766e-17,0.970941817426052,0.23931566428755804
21,2011-03-25,81.3,3.815,215.984,10.478,2011,3,12,84,1,1.0,6.123233995736766e-17,0.992708874098054,0.120536680255323
21,2011-04-01,74.68,3.757,213.889,10.23,2011,4,13,91,2,0.8660254037844387,-0.4999999999999998,1.0,-1.6081226496766366e-16
21,2011-04-08,74.53,3.923,216.266,9.855,2011,4,14,98,2,0.8660254037844387,-0.4999999999999998,0.992708874098054,-0.12053668025532288
21,2011-04-15,66.56,4.031,216.288,9.261,2011,4,15,105,2,0.8660254037844387,-0.4999999999999998,0.9709418174260521,-0.2393156642875575
21,2011-04-22,74.61,3.757,215.082,10.055,2011,4,16,112,2,0.8660254037844387,-0.4999999999999998,0.9350162426854148,-0.35460488704253545
21,2011-04-29,68.7,3.459,213.922,9.096,2011,4,17,119,2,0.8660254037844387,-0.4999999999999998,0.8854560256532099,-0.4647231720437685
21,2011-05-06,75.08,3.514,215.724,9.433,2011,5,18,126,2,0.49999999999999994,-0.8660254037844387,0.8229838658936565,-0.5680647467311557
21,2011-05-13,74.6,3.822,215.07,9.959,2011,5,19,133,2,0.49999999999999994,-0.8660254037844387,0.7485107481711013,-0.663122658240795
21,2011-05-20,70.65,3.778,218.166,9.754,2011,5,20,140,2,0.49999999999999994,-0.8660254037844387,0.6631226582407952,-0.7485107481711012
21,2011-05-27,64.23,3.184,217.621,9.077,2011,5,21,147,2,0.49999999999999994,-0.8660254037844387,0.5680647467311558,-0.8229838658936564
21,2011-06-03,49.03,2.795,217.632,9.509,2011,6,22,154,2,1.2246467991473532e-16,-1.0,0.46472317204376906,-0.8854560256532096
21,2011-06-10,52.66,2.588,216.237,8.307,2011,6,23,161,2,1.2246467991473532e-16,-1.0,0.35460488704253584,-0.9350162426854147
21,2011-06-17,47.85,2.899,217.659,9.461,2011,6,24,168,2,1.2246467991473532e-16,-1.0,0.23931566428755768,-0.970941817426052
21,2011-06-24,47.73,2.848,216.759,8.805,2011,6,25,175,2,1.2246467991473532e-16,-1.0,0.12053668025532308,-0.992708874098054
21,2011-07-01,49.96,2.684,217.115,8.659,2011,7,26,182,3,-0.4999999999999997,-0.8660254037844388,-3.216245299353273e-16,-1.0
21,2011-07-08,39.4,2.657,211.626,7.58,2011,7,27,189,3,-0.4999999999999997,-0.8660254037844388,-0.12053668025532283,-0.992708874098054
21,2011-07-15,36.95,2.191,214.588,7.933,2011,7,28,196,3,-0.4999999999999997,-0.8660254037844388,-0.23931566428755743,-0.9709418174260521
21,2011-07-22,28.42,1.903,213.309,7.938,2011,7,29,203,3,-0.4999999999999997,-0.8660254037844388,-0.3546048870425356,-0.9350162426854148
21,2011-07-29,22.49,1.38,211.665,6.78,2011,7,30,210,3,-0.4999999999999997,-0.8660254037844388,-0.46472317204376806,-0.8854560256532101
21,2011-08-05,21.67,1.653,215.727,6.895,2011,8,31,217,3,-0.8660254037844385,-0.5000000000000004,-0.5680647467311556,-0.8229838658936566
21,2011-08-12,27.57,1.619,216.466,6.068,2011,8,32,224,3,-0.8660254037844385,-0.5000000000000004,-0.663122658240795,-0.7485107481711013
21,2011-08-19,19.27,1.508,212.809,6.858,2011,8,33,231,3,-0.8660254037844385,-0.5000000000000004,-0.7485107481711011,-0.6631226582407952
21,2011-08-26,20.81,1.045,215.49,5.976,2011,8,34,238,3,-0.8660254037844385,-0.5000000000000004,-0.8229838658936564,-0.5680647467311559
21,2011-09-02,12.01,1.204,215.025,6.116,2011,9,35,245,3,-1.0,-1.8369701987210297e-16,-0.8854560256532096,-0.4647231720437691
21,2011-09-09,20.49,1.45,217.525,6.4,2011,9,36,252,3,-1.0,-1.8369701987210297e-16,-0.9350162426854147,-0.3546048870425359
21,2011-09-16,13.9,1.099,215.56,6.543,2011,9,37,259,3,-1.0,-1.8369701987210297e-16,-0.970941817426052,-0.23931566428755774
21,2011-09-23,14.9,0.859,217.897,6.366,2011,9,38,266,3,-1.0,-1.8369701987210297e-16,-0.992708874098054,-0.12053668025532357
21,2011-09-30,13.75,1.173,218.395,4.845,2011,9,39,273,3,-1.0,-1.8369701987210297e-16,-1.0,-1.8369701987210297e-16
21,2011-10-07,15.58,0.554,215.156,6.128,2011,10,40,280,4,-0.8660254037844386,0.5000000000000001,-0.992708874098054,0.1205366802553232
21,2011-10-14,23.2,1.365,215.271,6.581,2011,10,41,287,4,-0.8660254037844386,0.5000000000000001,-0.9709418174260521,0.23931566428755738
21,2011-10-21,14.83,1.236,213.175,6.027,2011,10,42,294,4,-0.8660254037844386,0.5000000000000001,-0.9350162426854148,0.35460488704253557
21,2011-10-28,15.93,1.187,213.962,5.927,2011,10,43,301,4,-0.8660254037844386,0.5000000000000001,-0.8854560256532101,0.464723172043768
21,2011-11-04,21.63,1.327,212.043,6.729,2011,11,44,308,4,-0.5000000000000004,0.8660254037844384,-0.822983865893657,0.5680647467311548
21,2011-11-11,16.51,1.19,215.492,6.563,2011,11,45,315,4,-0.5000000000000004,0.8660254037844384,-0.7485107481711011,0.6631226582407952
21,2011-11-18,31.29,1.435,217.617,7.429,2011,11,46,322,4,-0.5000000000000004,0.8660254037844384,-0.6631226582407955,0.7485107481711007
21,2011-11-25,22.72,1.702,218.304,6.446,2011,11,47,329,4,-0.5000000000000004,0.8660254037844384,-0.5680647467311559,0.8229838658936564
21,2011-12-02,34.74,1.843,216.837,6.603,2011,12,48,336,4,-2.4492935982947064e-16,1.0,-0.4647231720437684,0.88545602565321
21,2011-12-09,26.45,2.076,213.36,7.988,2011,12,49,343,4,-2.4492935982947064e-16,1.0,-0.35460488704253595,0.9350162426854147
21,2011-12-16,27.91,2.156,215.134,7.111,2011,12,50,350,4,-2.4492935982947064e-16,1.0,-0.2393156642875578,0.970941817426052
21,2011-12-23,41.99,2.073,217.723,7.7,2011,12,51,357,4,-2.4492935982947064e-16,1.0,-0.12053668025532363,0.992708874098054
21,2011-12-30,47.17,2.664,215.665,7.469,2011,12,52,364,4,-2.4492935982947064e-16,1.0,6.432490598706546e-16,1.0
21,2012-01-06,46.37,2.546,221.534,7.117,2012,1,1,6,1,0.49999999999999994,0.8660254037844387,0.12053668025532305,0.992708874098054
21,2012-01-13,43.3,2.916,216.679,8.624,2012,1,2,13,1,0.49999999999999994,0.8660254037844387,0.23931566428755774,0.970941817426052
21,2012-01-20,48.24,3.26,217.372,8.187,2012,1,3,20,1,0.49999999999999994,0.8660254037844387,0.3546048870425356,0.9350162426854148
21,2012-01-27,57.48,3.029,217.663,8.314,2012,1,4,27,1,0.49999999999999994,0.8660254037844387,0.4647231720437685,0.8854560256532099
21,2012-02-03,65.14,3.264,218.183,9.827,2012,2,5,34,1,0.8660254037844386,0.5000000000000001,0.5680647467311558,0.8229838658936564
21,2012-02-10,61.86,3.6,220.519,8.872,2012,2,6,41,1,0.8660254037844386,0.5000000000000001,0.6631226582407952,0.7485107481711011
21,2012-02-17,56.22,3.854,219.469,9.97,2012,2,7,48,1,0.8660254037844386,0.5000000000000001,0.7485107481711011,0.6631226582407953
21,2012-02-24,56.69,3.784,216.775,9.56,2012,2,8,55,1,0.8660254037844386,0.5000000000000001,0.8229838658936564,0.5680647467311559
21,2012-03-02,76.29,3.501,220.932,9.448,2012,3,9,62,1,1.0,6.123233995736766e-17,0.8854560256532099,0.4647231720437686
21,2012-03-09,74.58,3.632,222.376,10.044,2012,3,10,69,1,1.0,6.123233995736766e-17,0.9350162426854148,0.35460488704253557
21,2012-03-16,79.86,3.789,222.371,10.279,2012,3,11,76,1,1.0,6.123233995736766e-17,0.970941817426052,0.23931566428755804
21,2012-03-23,71.01,4.028,219.541,9.833,2012,3,12,83,1,1.0,6.123233995736766e-17,0.992708874098054,0.120536680255323
21,2012-03-30,74.17,3.602,221.691,10.363,2012,3,13,90,1,1.0,6.123233995736766e-17,1.0,-1.6081226496766366e-16
21,2012-04-06,81.98,3.99,218.259,10.21,2012,4,14,97,2,0.8660254037844387,-0.4999999999999998,0.992708874098054,-0.12053668025532288
21,2012-04-13,66.97,4.033,219.664,9.248,2012,4,15,104,2,0.8660254037844387,-0.4999999999999998,0.9709418174260521,-0.2393156642875575
21,2012-04-20,63.66,3.989,219.435,9.508,2012,4,16,111,2,0.8660254037844387,-0.4999999999999998,0.9350162426854148,-0.35460488704253545
21,2012-04-27,72.34,4.052,222.269,9.244,2012,4,17,118,2,0.8660254037844387,-0.4999999999999998,0.8854560256532099,-0.4647231720437685
21,2012-05-04,66.83,3.913,222.205,10.052,2012,5,18,125,2,0.49999999999999994,-0.8660254037844387,0.8229838658936565,-0.5680647467311557
21,2012-05-11,68.73,3.962,219.921,9.304,2012,5,19,132,2,0.49999999999999994,-0.8660254037844387,0.7485107481711013,-0.663122658240795
21,2012-05-18,63.97,3.325,220.644,9.044,2012,5,20,139,2,0.49999999999999994,-0.8660254037844387,0.6631226582407952,-0.7485107481711012
21,2012-05-25,68.25,3.555,218.096,8.9,2012,5,21,146,2,0.49999999999999994,-0.8660254037844387,0.5680647467311558,-0.8229838658936564
21,2012-06-01,66.01,2.95,223.548,8.79,2012,6,22,153,2,1.2246467991473532e-16,-1.0,0.46472317204376906,-0.8854560256532096
21,2012-06-08,67.38,3.133,219.844,9.217,2012,6,23,160,2,1.2246467991473532e-16,-1.0,0.35460488704253584,-0.9350162426854147
21,2012-06-15,57.37,3.145,219.947,7.742,2012,6,24,167,2,1.2246467991473532e-16,-1.0,0.23931566428755768,-0.970941817426052
21,2012-06-22,44.63,2.592,222.011,8.28,2012,6,25,174,2,1.2246467991473532e-16,-1.0,0.12053668025532308,-0.992708874098054
21,2012-06-29,43.59,2.606,218.615,7.961,2012,6,26,181,2,1.2246467991473532e-16,-1.0,-3.216245299353273e-16,-1.0
21,2012-07-06,42.57,2.601,218.343,7.352,2012,7,27,188,3,-0.4999999999999997,-0.8660254037844388,-0.12053668025532283,-0.992708874098054
21,2012-07-13,39.73,2.008,221.844,8.078,2012,7,28,195,3,-0.4999999999999997,-0.8660254037844388,-0.23931566428755743,-0.9709418174260521
21,2012-07-20,30.61,2.026,220.964,7.732,2012,7,29,202,3,-0.4999999999999997,-0.8660254037844388,-0.3546048870425356,-0.9350162426854148
21,2012-07-27,36.91,1.549,217.36,6.325,2012,7,30,209,3,-0.4999999999999997,-0.8660254037844388,-0.46472317204376806,-0.8854560256532101
21,2012-08-03,24.51,1.517,218.638,6.332,2012,8,31,216,3,-0.8660254037844385,-0.5000000000000004,-0.5680647467311556,-0.8229838658936566
21,2012-08-10,26.84,1.513,222.093,7.564,2012,8,32,223,3,-0.8660254037844385,-0.5000000000000004,-0.663122658240795,-0.7485107481711013
21,2012-08-17,31.69,1.494,218.311,7.582,2012,8,33,230,3,-0.8660254037844385,-0.5000000000000004,-0.7485107481711011,-0.6631226582407952
21,2012-08-24,24.59,1.478,217.717,6.384,2012,8,34,237,3,-0.8660254037844385,-0.5000000000000004,-0.8229838658936564,-0.5680647467311559
21,2012-08-31,18.77,1.461,221.624,6.273,2012,8,35,244,3,-0.8660254037844385,-0.5000000000000004,-0.8854560256532096,-0.4647231720437691
21,2012-09-07,19.22,1.142,220.417,6.094,2012,9,36,251,3,-1.0,-1.8369701987210297e-16,-0.9350162426854147,-0.3546048870425359
21,2012-09-14,13.97,1.134,218.134,6.101,2012,9,37,258,3,-1.0,-1.8369701987210297e-16,-0.970941817426052,-0.23931566428755774
21,2012-09-21,23.19,0.559,217.131,6.417,2012,9,38,265,3,-1.0,-1.8369701987210297e-16,-0.992708874098054,-0.12053668025532357
21,2012-09-28,10.91,1.141,216.973,6.764,2012,9,39,272,3,-1.0,-1.8369701987210297e-16,-1.0,-1.8369701987210297e-16
21,2012-10-05,19.32,1.065,219.006,6.138,2012,10,40,279,4,-0.8660254037844386,0.5000000000000001,-0.992708874098054,0.1205366802553232
21,2012-10-12,12.46,0.859,220.952,5.692,2012,10,41,286,4,-0.8660254037844386,0.5000000000000001,-0.9709418174260521,0.23931566428755738
21,2012-10-19,14.94,1.075,218.805,6.994,2012,10,42,293,4,-0.8660254037844386,0.5000000000000001,-0.9350162426854148,0.35460488704253557
21,2012-10-26,25.63,1.533,220.822,6.428,2012,10,43,300,4,-0.8660254037844386,0.5000000000000001,-0.8854560256532101,0.464723172043768
22,2010-02-05,53.98,3.45,212.642,9.632,2010,2,5,36,1,0.8660254037844386,0.5000000000000001,0.5680647467311558,0.8229838658936564
22,2010-02-12,59.26,3.87,210.135,9.526,2010,2,6,43,1,0.8660254037844386,0.5000000000000001,0.6631226582407952,0.7485107481711011
22,2010-02-19,69.91,3.382,210.405,10.177,2010,2,7,50,1,0.8660254037844386,0.5000000000000001,0.7485107481711011,0.6631226582407953
22,2010-02-26,74.18,3.873,207.992,9.925,2010,2,8,57,1,0.8660254037844386,0.5000000000000001,0.8229838658936564,0.5680647467311559
22,2010-03-05,62.73,4.005,213.218,9.751,2010,3,9,64,1,1.0,6.123233995736766e-17,0.8854560256532099,0.4647231720437686
22,2010-03-12,68.95,3.869,210.361,10.176,2010,3,10,71,1,1.0,6.123233995736766e-17,0.9350162426854148,0.35460488704253557
22,2010-03-19,90.33,3.751,211.616,8.986,2010,3,11,78,1,1.0,6.123233995736766e-17,0.970941817426052,0.23931566428755804
22,2010-03-26,70.78,4.228,212.514,9.243,2010,3,12,85,1,1.0,6.123233995736766e-17,0.992708874098054,0.120536680255323
22,2010-04-02,71.82,3.953,211.639,9.519,2010,4,13,92,2,0.8660254037844387,-0.4999999999999998,1.0,-1.6081226496766366e-16
22,2010-04-09,65.82,4.114,208.319,10.33,2010,4,14,99,2,0.8660254037844387,-0.4999999999999998,0.992708874098054,-0.12053668025532288
22,2010-04-16,68.67,3.966,213.116,9.085,2010,4,15,106,2,0.8660254037844387,-0.4999999999999998,0.9709418174260521,-0.2393156642875575
22,2010-04-23,66.46,3.674,210.687,11.137,2010,4,16,113,2,0.8660254037844387,-0.4999999999999998,0.9350162426854148,-0.35460488704253545
22,2010-04-30,72.52,4.072,212.393,10.007,2010,4,17,120,2,0.8660254037844387,-0.4999999999999998,0.8854560256532099,-0.4647231720437685
22,2010-05-07,70.74,3.96,209.506,9.954,2010,5,18,127,2,0.49999999999999994,-0.8660254037844387,0.8229838658936565,-0.5680647467311557
22,2010-05-14,69.95,3.889,213.49,8.781,2010,5,19,134,2,0.49999999999999994,-0.8660254037844387,0.7485107481711013,-0.663122658240795
22,2010-05-21,60.09,3.613,213.377,9.61,2010,5,20,141,2,0.49999999999999994,-0.8660254037844387,0.6631226582407952,-0.7485107481711012
22,2010-05-28,63.37,3.03,212.538,9.442,2010,5,21,148,2,0.49999999999999994,-0.8660254037844387,0.5680647467311558,-0.8229838658936564
22,2010-06-04,50.89,2.999,212.039,9.649,2010,6,22,155,2,1.2246467991473532e-16,-1.0,0.46472317204376906,-0.8854560256532096
22,2010-06-11,52.57,2.983,208.908,9.109,2010,6,23,162,2,1.2246467991473532e-16,-1.0,0.35460488704253584,-0.9350162426854147
22,2010-06-18,55.01,3.235,213.727,7.619,2010,6,24,169,2,1.2246467991473532e-16,-1.0,0.23931566428755768,-0.970941817426052
22,2010-06-25,48.1,2.439,210.591,7.306,2010,6,25,176,2,1.2246467991473532e-16,-1.0,0.12053668025532308,-0.992708874098054
22,2010-07-02,37.57,2.367,209.775,7.668,2010,7,26,183,3,-0.4999999999999997,-0.8660254037844388,-3.216245299353273e-16,-1.0
22,2010-07-09,46.13,2.309,207.502,7.212,2010,7,27,190,3,-0.4999999999999997,-0.8660254037844388,-0.12053668025532283,-0.992708874098054
22,2010-07-16,46.97,2.115,209.819,7.126,2010,7,28,197,3,-0.4999999999999997,-0.8660254037844388,-0.23931566428755743,-0.9709418174260521
22,2010-07-23,28.41,2.139,206.343,7.952,2010,7,29,204,3,-0.4999999999999997,-0.8660254037844388,-0.3546048870425356,-0.9350162426854148
22,2010-07-30,25.16,2.0,211.105,6.572,2010,7,30,211,3,-0.4999999999999997,-0.8660254037844388,-0.46472317204376806,-0.8854560256532101
22,2010-08-06,28.14,1.739,210.285,6.824,2010,8,31,218,3,-0.8660254037844385,-0.5000000000000004,-0.5680647467311556,-0.8229838658936566
22,2010-08-13,24.62,1.376,208.775,6.432,2010,8,32,225,3,-0.8660254037844385,-0.5000000000000004,-0.663122658240795,-0.7485107481711013
22,2010-08-20,25.15,1.038,210.816,6.714,2010,8,33,232,3,-0.8660254037844385,-0.5000000000000004,-0.7485107481711011,-0.6631226582407952
22,2010-08-27,14.16,1.139,208.458,5.898,2010,8,34,239,3,-0.8660254037844385,-0.5000000000000004,-0.8229838658936564,-0.5680647467311559
22,2010-09-03,12.38,1.219,208.599,6.832,2010,9,35,246,3,-1.0,-1.8369701987210297e-16,-0.8854560256532096,-0.4647231720437691
22,2010-09-10,25.97,1.291,209.698,5.534,2010,9,36,253,3,-1.0,-1.8369701987210297e-16,-0.9350162426854147,-0.3546048870425359
22,2010-09-17,9.88,0.882,210.568,6.106,2010,9,37,260,3,-1.0,-1.8369701987210297e-16,-0.970941817426052,-0.23931566428755774
22,2010-09-24,22.4,0.927,208.349,6.216,2010,9,38,267,3,-1.0,-1.8369701987210297e-16,-0.992708874098054,-0.12053668025532357
22,2010-10-01,14.53,1.237,210.925,5.481,2010,10,39,274,4,-0.8660254037844386,0.5000000000000001,-1.0,-1.8369701987210297e-16
22,2010-10-08,21.65,1.132,210.296,6.038,2010,10,40,281,4,-0.8660254037844386,0.5000000000000001,-0.992708874098054,0.1205366802553232
22,2010-10-15,14.57,1.143,211.781,5.295,2010,10,41,288,4,-0.8660254037844386,0.5000000000000001,-0.9709418174260521,0.23931566428755738
22,2010-10-22,18.95,1.025,206.627,5.94,2010,10,42,295,4,-0.8660254037844386,0.5000000000000001,-0.9350162426854148,0.35460488704253557
22,2010-10-29,23.16,1.263,210.521,7.142,2010,10,43,302,4,-0.8660254037844386,0.5000000000000001,-0.8854560256532101,0.464723172043768
22,2010-11-05,19.58,1.071,207.899,6.103,2010,11,44,309,4,-0.5000000000000004,0.8660254037844384,-0.822983865893657,0.5680647467311548
22,2010-11-12,23.99,0.989,207.691,6.556,2010,11,45,316,4,-0.5000000000000004,0.8660254037844384,-0.7485107481711011,0.6631226582407952
22,2010-11-19,29.3,1.708,208.465,6.19,2010,11,46,323,4,-0.5000000000000004,0.8660254037844384,-0.6631226582407955,0.7485107481711007
22,2010-11-26,27.87,1.603,214.487,6.564,2010,11,47,330,4,-0.5000000000000004,0.8660254037844384,-0.5680647467311559,0.8229838658936564
22,2010-12-03,28.19,1.753,209.315,6.291,2010,12,48,337,4,-2.4492935982947064e-16,1.0,-0.4647231720437684,0.88545602565321
22,2010-12-10,36.09,1.977,211.33,6.741,2010,12,49,344,4,-2.4492935982947064e-16,1.0,-0.35460488704253595,0.9350162426854147
22,2010-12-17,40.84,2.265,208.207,8.16,2010,12,50,351,4,-2.4492935982947064e-16,1.0,-0.2393156642875578,0.970941817426052
22,2010-12-24,35.83,2.351,209.907,7.446,2010,12,51,358,4,-2.4492935982947064e-16,1.0,-0.12053668025532363,0.992708874098054
22,2010-12-31,48.11,2.848,208.106,8.091,2010,12,52,365,4,-2.4492935982947064e-16,1.0,6.432490598706546e-16,1.0
22,2011-01-07,44.16,2.968,212.759,8.551,2011,1,1,7,1,0.49999999999999994,0.8660254037844387,0.12053668025532305,0.992708874098054
22,2011-01-14,56.66,2.904,213.78,8.13,2011,1,2,14,1,0.49999999999999994,0.8660254037844387,0.23931566428755774,0.970941817426052
22,2011-01-21,52.94,2.8,214.886,8.956,2011,1,3,21,1,0.49999999999999994,0.8660254037844387,0.3546048870425356,0.9350162426854148
22,2011-01-28,69.47,3.043,211.655,9.063,2011,1,4,28,1,0.49999999999999994,0.8660254037844387,0.4647231720437685,0.8854560256532099
22,2011-02-04,60.93,3.276,214.194,9.091,2011,2,5,35,1,0.8660254037844386,0.5000000000000001,0.5680647467311558,0.8229838658936564
22,2011-02-11,61.59,3.324,218.917,8.686,2011,2,6,42,1,0.8660254037844386,0.5000000000000001,0.6631226582407952,0.7485107481711011
22,2011-02-18,76.08,3.917,214.601,8.919,2011,2,7,49,1,0.8660254037844386,0.5000000000000001,0.7485107481711011,0.6631226582407953
22,2011-02-25,61.49,3.915,214.617,9.922,2011,2,8,56,1,0.8660254037844386,0.5000000000000001,0.8229838658936564,0.5680647467311559
22,2011-03-04,72.36,3.765,212.311,9.43,2011,3,9,63,1,1.0,6.123233995736766e-17,0.8854560256532099,0.4647231720437686
22,2011-03-11,78.05,3.594,215.326,9.958,2011,3,10,70,1,1.0,6.123233995736766e-17,0.9350162426854148,0.35460488704253557
22,2011-03-18,68.95,3.55,213.548,10.442,2011,3,11,77,1,1.0,6.123233995736766e-17,0.970941817426052,0.23931566428755804
22,2011-03-25,78.7,4.054,214.605,10.547,2011,3,12,84,1,1.0,6.123233995736766e-17,0.992708874098054,0.120536680255323
22,2011-04-01,70.27,3.704,217.083,9.729,2011,4,13,91,2,0.8660254037844387,-0.4999999999999998,1.0,-1.6081226496766366e-16
22,2011-04-08,80.85,4.114,213.715,10.181,2011,4,14,98,2,0.8660254037844387,-0.4999999999999998,0.992708874098054,-0.12053668025532288
22,2011-04-15,72.65,3.99,215.299,10.254,2011,4,15,105,2,0.8660254037844387,-0.4999999999999998,0.9709418174260521,-0.2393156642875575
22,2011-04-22,71.98,3.845,212.975,9.839,2011,4,16,112,2,0.8660254037844387,-0.4999999999999998,0.9350162426854148,-0.35460488704253545
22,2011-04-29,73.01,3.648,213.852,10.765,2011,4,17,119,2,0.8660254037844387,-0.4999999999999998,0.8854560256532099,-0.4647231720437685
22,2011-05-06,66.78,3.53,213.302,9.75,2011,5,18,126,2,0.49999999999999994,-0.8660254037844387,0.8229838658936565,-0.5680647467311557
22,2011-05-13,68.1,4.011,214.175,10.278,2011,5,19,133,2,0.49999999999999994,-0.8660254037844387,0.7485107481711013,-0.663122658240795
22,2011-05-20,64.51,3.229,214.456,10.293,2011,5,20,140,2,0.49999999999999994,-0.8660254037844387,0.6631226582407952,-0.7485107481711012
22,2011-05-27,58.1,3.723,216.627,9.155,2011,5,21,147,2,0.49999999999999994,-0.8660254037844387,0.5680647467311558,-0.8229838658936564
22,2011-06-03,62.51,3.058,215.835,8.797,2011,6,22,154,2,1.2246467991473532e-16,-1.0,0.46472317204376906,-0.8854560256532096
22,2011-06-10,58.01,3.391,214.359,8.908,2011,6,23,161,2,1.2246467991473532e-16,-1.0,0.35460488704253584,-0.9350162426854147
22,2011-06-17,53.19,2.73,215.612,8.3,2011,6,24,168,2,1.2246467991473532e-16,-1.0,0.23931566428755768,-0.970941817426052
22,2011-06-24,54.71,2.683,215.868,8.585,2011,6,25,175,2,1.2246467991473532e-16,-1.0,0.12053668025532308,-0.992708874098054
22,2011-07-01,50.04,2.767,220.022,7.696,2011,7,26,182,3,-0.4999999999999997,-0.8660254037844388,-3.216245299353273e-16,-1.0
22,2011-07-08,38.86,2.33,215.977,8.458,2011,7,27,189,3,-0.4999999999999997,-0.8660254037844388,-0.12053668025532283,-0.992708874098054
22,2011-07-15,39.1,2.274,219.011,7.479,2011,7,28,196,3,-0.4999999999999997,-0.8660254037844388,-0.23931566428755743,-0.9709418174260521
22,2011-07-22,29.34,1.977,215.003,6.548,2011,7,29,203,3,-0.4999999999999997,-0.8660254037844388,-0.3546048870425356,-0.9350162426854148
22,2011-07-29,29.05,1.904,216.04,6.994,2011,7,30,210,3,-0.4999999999999997,-0.8660254037844388,-0.46472317204376806,-0.8854560256532101
22,2011-08-05,32.25,1.855,215.158,6.787,2011,8,31,217,3,-0.8660254037844385,-0.5000000000000004,-0.5680647467311556,-0.8229838658936566
22,2011-08-12,32.36,1.892,213.193,7.16,2011,8,32,224,3,-0.8660254037844385,-0.5000000000000004,-0.663122658240795,-0.7485107481711013
22,2011-08-19,14.12,1.024,214.145,7.131,2011,8,33,231,3,-0.8660254037844385,-0.5000000000000004,-0.7485107481711011,-0.6631226582407952
22,2011-08-26,25.36,1.097,215.525,7.335,2011,8,34,238,3,-0.8660254037844385,-0.5000000000000004,-0.8229838658936564,-0.5680647467311559
22,2011-09-02,26.19,1.64,211.31,5.896,2011,9,35,245,3,-1.0,-1.8369701987210297e-16,-0.8854560256532096,-0.4647231720437691
22,2011-09-09,22.62,1.169,215.061,5.986,2011,9,36,252,3,-1.0,-1.8369701987210297e-16,-0.9350162426854147,-0.3546048870425359
22,2011-09-16,7.55,0.977,214.994,6.233,2011,9,37,259,3,-1.0,-1.8369701987210297e-16,-0.970941817426052,-0.23931566428755774
22,2011-09-23,19.04,0.934,215.571,5.565,2011,9,38,266,3,-1.0,-1.8369701987210297e-16,-0.992708874098054,-0.12053668025532357
22,2011-09-30,19.56,1.083,214.819,5.815,2011,9,39,273,3,-1.0,-1.8369701987210297e-16,-1.0,-1.8369701987210297e-16
22,2011-10-07,17.33,0.969,216.403,5.422,2011,10,40,280,4,-0.8660254037844386,0.5000000000000001,-0.992708874098054,0.1205366802553232
22,2011-10-14,17.85,0.633,211.01,6.744,2011,10,41,287,4,-0.8660254037844386,0.5000000000000001,-0.9709418174260521,0.23931566428755738
22,2011-10-21,15.54,1.234,217.122,6.107,2011,10,42,294,4,-0.8660254037844386,0.5000000000000001,-0.9350162426854148,0.35460488704253557
22,2011-10-28,14.0,1.354,211.017,6.151,2011,10,43,301,4,-0.8660254037844386,0.5000000000000001,-0.8854560256532101,0.464723172043768
22,2011-11-04,14.93,1.424,210.257,6.365,2011,11,44,308,4,-0.5000000000000004,0.8660254037844384,-0.822983865893657,0.5680647467311548
22,2011-11-11,19.49,1.298,214.704,6.964,2011,11,45,315,4,-0.5000000000000004,0.8660254037844384,-0.7485107481711011,0.6631226582407952
22,2011-11-18,31.28,1.355,214.944,6.503,2011,11,46,322,4,-0.5000000000000004,0.8660254037844384,-0.6631226582407955,0.7485107481711007
22,2011-11-25,28.96,1.809,217.01,6.476,2011,11,47,329,4,-0.5000000000000004,0.8660254037844384,-0.5680647467311559,0.8229838658936564
22,2011-12-02,32.39,1.764,215.198,6.723,2011,12,48,336,4,-2.4492935982947064e-16,1.0,-0.4647231720437684,0.88545602565321
22,2011-12-09,35.43,1.836,214.195,7.544,2011,12,49,343,4,-2.4492935982947064e-16,1.0,-0.35460488704253595,0.9350162426854147
22,2011-12-16,32.06,2.081,213.458,6.912,2011,12,50,350,4,-2.4492935982947064e-16,1.0,-0.2393156642875578,0.970941817426052
22,2011-12-23,35.87,2.382,210.942,7.037,2011,12,51,357,4,-2.4492935982947064e-16,1.0,-0.12053668025532363,0.992708874098054
22,2011-12-30,44.81,2.48,211.495,8.133,2011,12,52,364,4,-2.4492935982947064e-16,1.0,6.432490598706546e-16,1.0
22,2012-01-06,48.81,2.681,222.121,8.084,2012,1,1,6,1,0.49999999999999994,0.8660254037844387,0.12053668025532305,0.992708874098054
22,2012-01-13,39.72,2.874,219.129,8.679,2012,1,2,13,1,0.49999999999999994,0.8660254037844387,0.23931566428755774,0.970941817426052
22,2012-01-20,58.78,2.88,220.504,8.455,2012,1,3,20,1,0.49999999999999994,0.8660254037844387,0.3546048870425356,0.9350162426854148
22,2012-01-27,52.53,3.394,219.855,9.607,2012,1,4,27,1,0.49999999999999994,0.8660254037844387,0.4647231720437685,0.8854560256532099
22,2012-02-03,70.26,3.296,218.981,8.681,2012,2,5,34,1,0.8660254037844386,0.5000000000000001,0.5680647467311558,0.8229838658936564
22,2012-02-10,65.55,3.25,219.847,8.871,2012,2,6,41,1,0.8660254037844386,0.5000000000000001,0.6631226582407952,0.7485107481711011
22,2012-02-17,76.41,3.962,219.407,10.183,2012,2,7,48,1,0.8660254037844386,0.5000000000000001,0.7485107481711011,0.6631226582407953
22,2012-02-24,67.66,3.987,220.465,8.92,2012,2,8,55,1,0.8660254037844386,0.5000000000000001,0.8229838658936564,0.5680647467311559
22,2012-03-02,73.28,3.968,218.687,9.996,2012,3,9,62,1,1.0,6.123233995736766e-17,0.8854560256532099,0.4647231720437686
22,2012-03-09,65.07,3.984,215.401,9.757,2012,3,10,69,1,1.0,6.123233995736766e-17,0.9350162426854148,0.35460488704253557
22,2012-03-16,78.22,3.995,218.974,8.992,2012,3,11,76,1,1.0,6.123233995736766e-17,0.970941817426052,0.23931566428755804
22,2012-03-23,74.67,3.884,220.796,9.674,2012,3,12,83,1,1.0,6.123233995736766e-17,0.992708874098054,0.120536680255323
22,2012-03-30,71.02,3.671,220.199,10.786,2012,3,13,90,1,1.0,6.123233995736766e-17,1.0,-1.6081226496766366e-16
22,2012-04-06,72.79,3.767,218.85,11.237,2012,4,14,97,2,0.8660254037844387,-0.4999999999999998,0.992708874098054,-0.12053668025532288
22,2012-04-13,76.95,4.35,217.521,10.306,2012,4,15,104,2,0.8660254037844387,-0.4999999999999998,0.9709418174260521,-0.2393156642875575
22,2012-04-20,70.12,3.721,215.492,9.208,2012,4,16,111,2,0.8660254037844387,-0.4999999999999998,0.9350162426854148,-0.35460488704253545
22,2012-04-27,74.88,3.652,219.275,9.731,2012,4,17,118,2,0.8660254037844387,-0.4999999999999998,0.8854560256532099,-0.4647231720437685
22,2012-05-04,70.59,3.525,218.754,9.82,2012,5,18,125,2,0.49999999999999994,-0.8660254037844387,0.8229838658936565,-0.5680647467311557
22,2012-05-11,66.46,3.672,218.831,10.473,2012,5,19,132,2,0.49999999999999994,-0.8660254037844387,0.7485107481711013,-0.663122658240795
22,2012-05-18,64.47,3.685,218.019,9.273,2012,5,20,139,2,0.49999999999999994,-0.8660254037844387,0.6631226582407952,-0.7485107481711012
22,2012-05-25,63.15,3.777,217.39,8.851,2012,5,21,146,2,0.49999999999999994,-0.8660254037844387,0.5680647467311558,-0.8229838658936564
22,2012-06-01,64.16,3.572,218.623,9.073,2012,6,22,153,2,1.2246467991473532e-16,-1.0,0.46472317204376906,-0.8854560256532096
22,2012-06-08,64.03,2.907,222.262,9.35,2012,6,23,160,2,1.2246467991473532e-16,-1.0,0.35460488704253584,-0.9350162426854147
22,2012-06-15,54.81,2.666,215.743,8.656,2012,6,24,167,2,1.2246467991473532e-16,-1.0,0.23931566428755768,-0.970941817426052
22,2012-06-22,46.98,2.899,218.558,8.243,2012,6,25,174,2,1.2246467991473532e-16,-1.0,0.12053668025532308,-0.992708874098054
22,2012-06-29,41.96,2.517,222.705,8.145,2012,6,26,181,2,1.2246467991473532e-16,-1.0,-3.216245299353273e-16,-1.0
22,2012-07-06,39.78,2.056,220.308,8.057,2012,7,27,188,3,-0.4999999999999997,-0.8660254037844388,-0.12053668025532283,-0.992708874098054
22,2012-07-13,30.91,2.388,219.713,6.965,2012,7,28,195,3,-0.4999999999999997,-0.8660254037844388,-0.23931566428755743,-0.9709418174260521
22,2012-07-20,35.02,1.871,221.654,7.298,2012,7,29,202,3,-0.4999999999999997,-0.8660254037844388,-0.3546048870425356,-0.9350162426854148
22,2012-07-27,35.06,1.874,215.717,7.079,2012,7,30,209,3,-0.4999999999999997,-0.8660254037844388,-0.46472317204376806,-0.8854560256532101
22,2012-08-03,24.27,1.617,217.291,6.67,2012,8,31,216,3,-0.8660254037844385,-0.5000000000000004,-0.5680647467311556,-0.8229838658936566
22,2012-08-10,31.57,1.374,218.746,6.412,2012,8,32,223,3,-0.8660254037844385,-0.5000000000000004,-0.663122658240795,-0.7485107481711013
22,2012-08-17,31.25,1.638,218.6,5.914,2012,8,33,230,3,-0.8660254037844385,-0.5000000000000004,-0.7485107481711011,-0.6631226582407952
22,2012-08-24,19.46,1.044,220.149,6.399,2012,8,34,237,3,-0.8660254037844385,-0.5000000000000004,-0.8229838658936564,-0.5680647467311559
22,2012-08-31,18.44,1.26,219.903,6.528,2012,8,35,244,3,-0.8660254037844385,-0.5000000000000004,-0.8854560256532096,-0.4647231720437691
22,2012-09-07,16.63,1.166,216.607,5.405,2012,9,36,251,3,-1.0,-1.8369701987210297e-16,-0.9350162426854147,-0.3546048870425359
22,2012-09-14,14.65,0.804,220.736,5.838,2012,9,37,258,3,-1.0,-1.8369701987210297e-16,-0.970941817426052,-0.23931566428755774
22,2012-09-21,17.86,0.918,221.735,5.251,2012,9,38,265,3,-1.0,-1.8369701987210297e-16,-0.992708874098054,-0.12053668025532357
22,2012-09-28,12.02,1.089,219.537,5.632,2012,9,39,272,3,-1.0,-1.8369701987210297e-16,-1.0,-1.8369701987210297e-16
22,2012-10-05,11.2,0.644,218.981,6.062,2012,10,40,279,4,-0.8660254037844386,0.5000000000000001,-0.992708874098054,0.1205366802553232
22,2012-10-12,18.2,0.784,221.875,5.676,2012,10,41,286,4,-0.8660254037844386,0.5000000000000001,-0.9709418174260521,0.23931566428755738
22,2012-10-19,21.89,0.694,220.428,6.735,2012,10,42,293,4,-0.8660254037844386,0.5000000000000001,-0.9350162426854148,0.35460488704253557
22,2012-10-26,13.46,0.749,220.898,6.61,2012,10,43,300,4,-0.8660254037844386,0.5000000000000001,-0.8854560256532101,0.464723172043768
23,2010-02-05,58.69,3.203,210.893,9.473,2010,2,5,36,1,0.8660254037844386,0.5000000000000001,0.5680647467311558,0.8229838658936564
23,2010-02-12,67.51,3.26,210.217,8.791,2010,2,6,43,1,0.8660254037844386,0.5000000000000001,0.6631226582407952,0.7485107481711011
23,2010-02-19,71.17,3.761,212.609,9.823,2010,2,7,50,1,0.8660254037844386,0.5000000000000001,0.7485107481711011,0.6631226582407953
23,2010-02-26,70.51,3.961,209.389,9.821,2010,2,8,57,1,0.8660254037844386,0.5000000000000001,0.8229838658936564,0.5680647467311559
23,2010-03-05,70.6,3.564,208.283,9.06,2010,3,9,64,1,1.0,6.123233995736766e-17,0.8854560256532099,0.4647231720437686
23,2010-03-12,66.46,3.64,209.324,9.871,2010,3,10,71,1,1.0,6.123233995736766e-17,0.9350162426854148,0.35460488704253557
23,2010-03-19,78.08,4.502,205.484,9.937,2010,3,11,78,1,1.0,6.123233995736766e-17,0.970941817426052,0.23931566428755804
23,2010-03-26,76.73,4.466,209.024,10.059,2010,3,12,85,1,1.0,6.123233995736766e-17,0.992708874098054,0.120536680255323
23,2010-04-02,64.96,3.919,206.223,10.054,2010,4,13,92,2,0.8660254037844387,-0.4999999999999998,1.0,-1.6081226496766366e-16
23,2010-04-09,80.83,4.536,212.398,10.302,2010,4,14,99,2,0.8660254037844387,-0.4999999999999998,0.992708874098054,-0.12053668025532288
23,2010-04-16,67.36,3.741,212.137,8.996,2010,4,15,106,2,0.8660254037844387,-0.4999999999999998,0.9709418174260521,-0.2393156642875575
23,2010-04-23,74.48,3.673,209.022,9.172,2010,4,16,113,2,0.8660254037844387,-0.4999999999999998,0.9350162426854148,-0.35460488704253545
23,2010-04-30,71.74,3.676,215.685,9.47,2010,4,17,120,2,0.8660254037844387,-0.4999999999999998,0.8854560256532099,-0.4647231720437685
23,2010-05-07,59.99,3.639,211.326,9.606,2010,5,18,127,2,0.49999999999999994,-0.8660254037844387,0.8229838658936565,-0.5680647467311557
23,2010-05-14,59.64,3.433,209.304,9.67,2010,5,19,134,2,0.49999999999999994,-0.8660254037844387,0.7485107481711013,-0.663122658240795
23,2010-05-21,63.78,3.251,208.879,10.525,2010,5,20,141,2,0.49999999999999994,-0.8660254037844387,0.6631226582407952,-0.7485107481711012
23,2010-05-28,62.67,3.346,207.846,8.878,2010,5,21,148,2,0.49999999999999994,-0.8660254037844387,0.5680647467311558,-0.8229838658936564
23,2010-06-04,60.47,2.899,211.017,9.046,2010,6,22,155,2,1.2246467991473532e-16,-1.0,0.46472317204376906,-0.8854560256532096
23,2010-06-11,54.36,3.021,210.454,8.111,2010,6,23,162,2,1.2246467991473532e-16,-1.0,0.35460488704253584,-0.9350162426854147
23,2010-06-18,56.85,3.059,207.797,8.193,2010,6,24,169,2,1.2246467991473532e-16,-1.0,0.23931566428755768,-0.970941817426052
23,2010-06-25,40.63,2.65,211.446,8.549,2010,6,25,176,2,1.2246467991473532e-16,-1.0,0.12053668025532308,-0.992708874098054
23,2010-07-02,42.46,2.619,209.611,7.291,2010,7,26,183,3,-0.4999999999999997,-0.8660254037844388,-3.216245299353273e-16,-1.0
23,2010-07-09,47.19,2.338,209.23,8.279,2010,7,27,190,3,-0.4999999999999997,-0.8660254037844388,-0.12053668025532283,-0.992708874098054
23,2010-07-16,42.89,2.358,209.018,7.8,2010,7,28,197,3,-0.4999999999999997,-0.8660254037844388,-0.23931566428755743,-0.9709418174260521
23,2010-07-23,33.26,2.023,211.25,7.647,2010,7,29,204,3,-0.4999999999999997,-0.8660254037844388,-0.3546048870425356,-0.9350162426854148
23,2010-07-30,30.1,1.654,207.479,7.899,2010,7,30,211,3,-0.4999999999999997,-0.8660254037844388,-0.46472317204376806,-0.8854560256532101
23,2010-08-06,23.28,1.519,208.168,7.334,2010,8,31,218,3,-0.8660254037844385,-0.5000000000000004,-0.5680647467311556,-0.8229838658936566
23,2010-08-13,30.26,1.742,212.13,6.996,2010,8,32,225,3,-0.8660254037844385,-0.5000000000000004,-0.663122658240795,-0.7485107481711013
23,2010-08-20,29.96,1.44,207.006,6.739,2010,8,33,232,3,-0.8660254037844385,-0.5000000000000004,-0.7485107481711011,-0.6631226582407952
23,2010-08-27,17.68,1.418,208.863,6.694,2010,8,34,239,3,-0.8660254037844385,-0.5000000000000004,-0.8229838658936564,-0.5680647467311559
23,2010-09-03,17.01,1.025,210.96,6.912,2010,9,35,246,3,-1.0,-1.8369701987210297e-16,-0.8854560256532096,-0.4647231720437691
23,2010-09-10,12.54,0.992,209.958,5.385,2010,9,36,253,3,-1.0,-1.8369701987210297e-16,-0.9350162426854147,-0.3546048870425359
23,2010-09-17,20.34,1.173,208.904,6.091,2010,9,37,260,3,-1.0,-1.8369701987210297e-16,-0.970941817426052,-0.23931566428755774
23,2010-09-24,3.99,1.242,210.249,5.93,2010,9,38,267,3,-1.0,-1.8369701987210297e-16,-0.992708874098054,-0.12053668025532357
23,2010-10-01,15.72,1.265,208.06,5.144,2010,10,39,274,4,-0.8660254037844386,0.5000000000000001,-1.0,-1.8369701987210297e-16
23,2010-10-08,14.47,1.032,208.447,5.884,2010,10,40,281,4,-0.8660254037844386,0.5000000000000001,-0.992708874098054,0.1205366802553232
23,2010-10-15,9.36,1.26,207.959,6.326,2010,10,41,288,4,-0.8660254037844386,0.5000000000000001,-0.9709418174260521,0.23931566428755738
23,2010-10-22,20.13,1.285,209.116,6.259,2010,10,42,295,4,-0.8660254037844386,0.5000000000000001,-0.9350162426854148,0.35460488704253557
23,2010-10-29,26.75,1.308,210.093,6.72,2010,10,43,302,4,-0.8660254037844386,0.5000000000000001,-0.8854560256532101,0.464723172043768
23,2010-11-05,18.76,1.028,207.362,6.64,2010,11,44,309,4,-0.5000000000000004,0.8660254037844384,-0.822983865893657,0.5680647467311548
23,2010-11-12,20.94,1.006,215.611,6.429,2010,11,45,316,4,-0.5000000000000004,0.8660254037844384,-0.7485107481711011,0.6631226582407952
23,2010-11-19,17.55,1.662,209.661,7.673,2010,11,46,323,4,-0.5000000000000004,0.8660254037844384,-0.6631226582407955,0.7485107481711007
23,2010-11-26,28.77,1.885,204.963,7.815,2010,11,47,330,4,-0.5000000000000004,0.8660254037844384,-0.5680647467311559,0.8229838658936564
23,2010-12-03,27.26,1.945,209.959,7.012,2010,12,48,337,4,-2.4492935982947064e-16,1.0,-0.4647231720437684,0.88545602565321
23,2010-12-10,41.15,1.8,210.878,7.225,2010,12,49,344,4,-2.4492935982947064e-16,1.0,-0.35460488704253595,0.9350162426854147
23,2010-12-17,32.98,2.064,207.659,7.013,2010,12,50,351,4,-2.4492935982947064e-16,1.0,-0.2393156642875578,0.970941817426052
23,2010-12-24,25.42,2.405,212.415,6.918,2010,12,51,358,4,-2.4492935982947064e-16,1.0,-0.12053668025532363,0.992708874098054
23,2010-12-31,42.81,2.602,207.793,8.598,2010,12,52,365,4,-2.4492935982947064e-16,1.0,6.432490598706546e-16,1.0
23,2011-01-07,41.98,2.708,216.104,7.87,2011,1,1,7,1,0.49999999999999994,0.8660254037844387,0.12053668025532305,0.992708874098054
23,2011-01-14,51.02,2.475,217.417,9.355,2011,1,2,14,1,0.49999999999999994,0.8660254037844387,0.23931566428755774,0.970941817426052
23,2011-01-21,50.28,2.944,213.853,8.622,2011,1,3,21,1,0.49999999999999994,0.8660254037844387,0.3546048870425356,0.9350162426854148
23,2011-01-28,56.36,2.876,218.22,9.204,2011,1,4,28,1,0.49999999999999994,0.8660254037844387,0.4647231720437685,0.8854560256532099
23,2011-02-04,65.68,3.417,215.032,9.047,2011,2,5,35,1,0.8660254037844386,0.5000000000000001,0.5680647467311558,0.8229838658936564
23,2011-02-11,60.88,3.447,216.644,10.397,2011,2,6,42,1,0.8660254037844386,0.5000000000000001,0.6631226582407952,0.7485107481711011
23,2011-02-18,65.63,3.582,215.011,9.82,2011,2,7,49,1,0.8660254037844386,0.5000000000000001,0.7485107481711011,0.6631226582407953
23,2011-02-25,71.42,3.816,213.228,9.96,2011,2,8,56,1,0.8660254037844386,0.5000000000000001,0.8229838658936564,0.5680647467311559
23,2011-03-04,71.95,3.956,212.213,9.874,2011,3,9,63,1,1.0,6.123233995736766e-17,0.8854560256532099,0.4647231720437686
23,2011-03-11,74.21,3.849,214.422,10.682,2011,3,10,70,1,1.0,6.123233995736766e-17,0.9350162426854148,0.35460488704253557
23,2011-03-18,75.64,4.227,213.948,10.19,2011,3,11,77,1,1.0,6.123233995736766e-17,0.970941817426052,0.23931566428755804
23,2011-03-25,59.36,3.823,214.989,10.619,2011,3,12,84,1,1.0,6.123233995736766e-17,0.992708874098054,0.120536680255323
23,2011-04-01,71.33,3.829,213.192,9.871,2011,4,13,91,2,0.8660254037844387,-0.4999999999999998,1.0,-1.6081226496766366e-16
23,2011-04-08,79.52,4.106,212.041,8.853,2011,4,14,98,2,0.8660254037844387,-0.4999999999999998,0.992708874098054,-0.12053668025532288
23,2011-04-15,79.72,4.12,215.619,9.834,2011,4,15,105,2,0.8660254037844387,-0.4999999999999998,0.9709418174260521,-0.2393156642875575
23,2011-04-22,75.85,3.811,219.507,10.429,2011,4,16,112,2,0.8660254037844387,-0.4999999999999998,0.9350162426854148,-0.35460488704253545
23,2011-04-29,75.6,4.074,216.537,9.19,2011,4,17,119,2,0.8660254037844387,-0.4999999999999998,0.8854560256532099,-0.4647231720437685
23,2011-05-06,77.5,3.96,215.178,9.56,2011,5,18,126,2,0.49999999999999994,-0.8660254037844387,0.8229838658936565,-0.5680647467311557
23,2011-05-13,66.33,3.895,215.809,8.337,2011,5,19,133,2,0.49999999999999994,-0.8660254037844387,0.7485107481711013,-0.663122658240795
23,2011-05-20,68.84,4.051,217.744,10.146,2011,5,20,140,2,0.49999999999999994,-0.8660254037844387,0.6631226582407952,-0.7485107481711012
23,2011-05-27,63.17,3.194,215.176,8.939,2011,5,21,147,2,0.49999999999999994,-0.8660254037844387,0.5680647467311558,-0.8229838658936564
23,2011-06-03,59.36,3.236,217.131,8.812,2011,6,22,154,2,1.2246467991473532e-16,-1.0,0.46472317204376906,-0.8854560256532096
23,2011-06-10,52.83,3.139,214.618,7.795,2011,6,23,161,2,1.2246467991473532e-16,-1.0,0.35460488704253584,-0.9350162426854147
23,2011-06-17,50.67,2.788,215.711,8.922,2011,6,24,168,2,1.2246467991473532e-16,-1.0,0.23931566428755768,-0.970941817426052
23,2011-06-24,53.22,2.83,214.685,7.545,2011,6,25,175,2,1.2246467991473532e-16,-1.0,0.12053668025532308,-0.992708874098054
23,2011-07-01,38.04,2.873,214.436,7.068,2011,7,26,182,3,-0.4999999999999997,-0.8660254037844388,-3.216245299353273e-16,-1.0
23,2011-07-08,41.54,2.245,218.208,7.616,2011,7,27,189,3,-0.4999999999999997,-0.8660254037844388,-0.12053668025532283,-0.992708874098054
23,2011-07-15,38.95,1.93,217.385,7.996,2011,7,28,196,3,-0.4999999999999997,-0.8660254037844388,-0.23931566428755743,-0.9709418174260521
23,2011-07-22,34.71,1.932,215.003,6.961,2011,7,29,203,3,-0.4999999999999997,-0.8660254037844388,-0.3546048870425356,-0.9350162426854148
23,2011-07-29,29.64,1.566,213.608,7.454,2011,7,30,210,3,-0.4999999999999997,-0.8660254037844388,-0.46472317204376806,-0.8854560256532101
23,2011-08-05,32.32,1.879,214.919,6.79,2011,8,31,217,3,-0.8660254037844385,-0.5000000000000004,-0.5680647467311556,-0.8229838658936566
23,2011-08-12,25.38,1.645,217.637,7.334,2011,8,32,224,3,-0.8660254037844385,-0.5000000000000004,-0.663122658240795,-0.7485107481711013
23,2011-08-19,22.04,1.536,214.076,7.06,2011,8,33,231,3,-0.8660254037844385,-0.5000000000000004,-0.7485107481711011,-0.6631226582407952
23,2011-08-26,18.97,1.125,213.176,7.451,2011,8,34,238,3,-0.8660254037844385,-0.5000000000000004,-0.8229838658936564,-0.5680647467311559
23,2011-09-02,16.2,1.138,213.578,5.968,2011,9,35,245,3,-1.0,-1.8369701987210297e-16,-0.8854560256532096,-0.4647231720437691
23,2011-09-09,15.36,0.7,212.559,5.615,2011,9,36,252,3,-1.0,-1.8369701987210297e-16,-0.9350162426854147,-0.3546048870425359
23,2011-09-16,10.35,1.04,217.091,5.492,2011,9,37,259,3,-1.0,-1.8369701987210297e-16,-0.970941817426052,-0.23931566428755774
23,2011-09-23,14.42,1.021,213.682,6.075,2011,9,38,266,3,-1.0,-1.8369701987210297e-16,-0.992708874098054,-0.12053668025532357
23,2011-09-30,9.43,1.365,212.714,5.73,2011,9,39,273,3,-1.0,-1.8369701987210297e-16,-1.0,-1.8369701987210297e-16
23,2011-10-07,18.37,0.873,216.79,6.658,2011,10,40,280,4,-0.8660254037844386,0.5000000000000001,-0.992708874098054,0.1205366802553232
23,2011-10-14,22.24,0.879,216.026,5.551,2011,10,41,287,4,-0.8660254037844386,0.5000000000000001,-0.9709418174260521,0.23931566428755738
23,2011-10-21,14.99,0.955,213.985,5.641,2011,10,42,294,4,-0.8660254037844386,0.5000000000000001,-0.9350162426854148,0.35460488704253557
23,2011-10-28,28.81,1.595,213.205,6.511,2011,10,43,301,4,-0.8660254037844386,0.5000000000000001,-0.8854560256532101,0.464723172043768
23,2011-11-04,20.97,1.677,216.788,6.164,2011,11,44,308,4,-0.5000000000000004,0.8660254037844384,-0.822983865893657,0.5680647467311548
23,2011-11-11,16.13,1.144,215.303,6.603,2011,11,45,315,4,-0.5000000000000004,0.8660254037844384,-0.7485107481711011,0.6631226582407952
23,2011-11-18,29.15,1.604,213.754,6.829,2011,11,46,322,4,-0.5000000000000004,0.8660254037844384,-0.6631226582407955,0.7485107481711007
23,2011-11-25,29.87,1.765,215.355,6.394,2011,11,47,329,4,-0.5000000000000004,0.8660254037844384,-0.5680647467311559,0.8229838658936564
23,2011-12-02,29.43,1.787,211.727,7.137,2011,12,48,336,4,-2.4492935982947064e-16,1.0,-0.4647231720437684,0.88545602565321
23,2011-12-09,34.73,1.841,215.343,7.694,2011,12,49,343,4,-2.4492935982947064e-16,1.0,-0.35460488704253595,0.9350162426854147
23,2011-12-16,36.06,2.195,212.363,7.201,2011,12,50,350,4,-2.4492935982947064e-16,1.0,-0.2393156642875578,0.970941817426052
23,2011-12-23,43.7,2.357,211.941,7.638,2011,12,51,357,4,-2.4492935982947064e-16,1.0,-0.12053668025532363,0.992708874098054
23,2011-12-30,38.09,2.639,213.197,7.565,2011,12,52,364,4,-2.4492935982947064e-16,1.0,6.432490598706546e-16,1.0
23,2012-01-06,46.74,3.038,219.437,8.477,2012,1,1,6,1,0.49999999999999994,0.8660254037844387,0.12053668025532305,0.992708874098054
23,2012-01-13,52.93,2.395,219.657,8.092,2012,1,2,13,1,0.49999999999999994,0.8660254037844387,0.23931566428755774,0.970941817426052
23,2012-01-20,62.88,3.268,220.078,8.293,2012,1,3,20,1,0.49999999999999994,0.8660254037844387,0.3546048870425356,0.9350162426854148
23,2012-01-27,59.17,3.26,220.1,9.129,2012,1,4,27,1,0.49999999999999994,0.8660254037844387,0.4647231720437685,0.8854560256532099
23,2012-02-03,60.62,3.472,220.998,8.737,2012,2,5,34,1,0.8660254037844386,0.5000000000000001,0.5680647467311558,0.8229838658936564
23,2012-02-10,59.37,3.619,224.4,9.397,2012,2,6,41,1,0.8660254037844386,0.5000000000000001,0.6631226582407952,0.7485107481711011
23,2012-02-17,68.77,3.873,217.697,8.909,2012,2,7,48,1,0.8660254037844386,0.5000000000000001,0.7485107481711011,0.6631226582407953
23,2012-02-24,71.01,3.529,218.968,10.015,2012,2,8,55,1,0.8660254037844386,0.5000000000000001,0.8229838658936564,0.5680647467311559
23,2012-03-02,69.25,3.844,221.5,9.774,2012,3,9,62,1,1.0,6.123233995736766e-17,0.8854560256532099,0.4647231720437686
23,2012-03-09,76.2,3.793,222.17,9.829,2012,3,10,69,1,1.0,6.123233995736766e-17,0.9350162426854148,0.35460488704253557
23,2012-03-16,64.14,3.684,221.339,10.206,2012,3,11,76,1,1.0,6.123233995736766e-17,0.970941817426052,0.23931566428755804
23,2012-03-23,70.35,4.112,219.504,10.579,2012,3,12,83,1,1.0,6.123233995736766e-17,0.992708874098054,0.120536680255323
23,2012-03-30,79.72,4.075,220.377,9.591,2012,3,13,90,1,1.0,6.123233995736766e-17,1.0,-1.6081226496766366e-16
23,2012-04-06,73.96,3.953,215.877,10.312,2012,4,14,97,2,0.8660254037844387,-0.4999999999999998,0.992708874098054,-0.12053668025532288
23,2012-04-13,84.17,3.898,224.126,10.168,2012,4,15,104,2,0.8660254037844387,-0.4999999999999998,0.9709418174260521,-0.2393156642875575
23,2012-04-20,81.06,3.932,217.911,9.488,2012,4,16,111,2,0.8660254037844387,-0.4999999999999998,0.9350162426854148,-0.35460488704253545
23,2012-04-27,71.22,3.625,215.018,8.746,2012,4,17,118,2,0.8660254037844387,-0.4999999999999998,0.8854560256532099,-0.4647231720437685
23,2012-05-04,79.49,3.895,224.02,10.026,2012,5,18,125,2,0.49999999999999994,-0.8660254037844387,0.8229838658936565,-0.5680647467311557
23,2012-05-11,68.19,3.798,222.792,10.162,2012,5,19,132,2,0.49999999999999994,-0.8660254037844387,0.7485107481711013,-0.663122658240795
23,2012-05-18,71.01,3.619,217.98,9.47,2012,5,20,139,2,0.49999999999999994,-0.8660254037844387,0.6631226582407952,-0.7485107481711012
23,2012-05-25,55.79,3.183,219.435,8.531,2012,5,21,146,2,0.49999999999999994,-0.8660254037844387,0.5680647467311558,-0.8229838658936564
23,2012-06-01,57.26,3.048,217.821,8.851,2012,6,22,153,2,1.2246467991473532e-16,-1.0,0.46472317204376906,-0.8854560256532096
23,2012-06-08,58.79,3.279,220.446,8.908,2012,6,23,160,2,1.2246467991473532e-16,-1.0,0.35460488704253584,-0.9350162426854147
23,2012-06-15,50.55,3.228,222.812,8.44,2012,6,24,167,2,1.2246467991473532e-16,-1.0,0.23931566428755768,-0.970941817426052
23,2012-06-22,44.09,2.677,220.205,8.597,2012,6,25,174,2,1.2246467991473532e-16,-1.0,0.12053668025532308,-0.992708874098054
23,2012-06-29,43.95,2.387,220.147,8.7,2012,6,26,181,2,1.2246467991473532e-16,-1.0,-3.216245299353273e-16,-1.0
23,2012-07-06,34.91,2.3,218.764,7.795,2012,7,27,188,3,-0.4999999999999997,-0.8660254037844388,-0.12053668025532283,-0.992708874098054
23,2012-07-13,43.57,2.131,221.951,7.554,2012,7,28,195,3,-0.4999999999999997,-0.8660254037844388,-0.23931566428755743,-0.9709418174260521
23,2012-07-20,24.6,2.144,220.641,7.562,2012,7,29,202,3,-0.4999999999999997,-0.8660254037844388,-0.3546048870425356,-0.9350162426854148
23,2012-07-27,26.23,1.268,223.345,7.731,2012,7,30,209,3,-0.4999999999999997,-0.8660254037844388,-0.46472317204376806,-0.8854560256532101
23,2012-08-03,28.53,1.652,218.321,6.402,2012,8,31,216,3,-0.8660254037844385,-0.5000000000000004,-0.5680647467311556,-0.8229838658936566
23,2012-08-10,36.57,1.535,218.448,6.997,2012,8,32,223,3,-0.8660254037844385,-0.5000000000000004,-0.663122658240795,-0.7485107481711013
23,2012-08-17,22.74,1.478,226.192,5.835,2012,8,33,230,3,-0.8660254037844385,-0.5000000000000004,-0.7485107481711011,-0.6631226582407952
23,2012-08-24,24.02,1.17,222.084,6.759,2012,8,34,237,3,-0.8660254037844385,-0.5000000000000004,-0.8229838658936564,-0.5680647467311559
23,2012-08-31,24.53,0.978,222.557,5.857,2012,8,35,244,3,-0.8660254037844385,-0.5000000000000004,-0.8854560256532096,-0.4647231720437691
23,2012-09-07,9.01,1.242,221.39,6.208,2012,9,36,251,3,-1.0,-1.8369701987210297e-16,-0.9350162426854147,-0.3546048870425359
23,2012-09-14,15.43,1.064,221.931,5.73,2012,9,37,258,3,-1.0,-1.8369701987210297e-16,-0.970941817426052,-0.23931566428755774
23,2012-09-21,14.86,1.164,218.061,6.243,2012,9,38,265,3,-1.0,-1.8369701987210297e-16,-0.992708874098054,-0.12053668025532357
23,2012-09-28,17.59,1.034,219.737,5.804,2012,9,39,272,3,-1.0,-1.8369701987210297e-16,-1.0,-1.8369701987210297e-16
23,2012-10-05,19.61,0.653,220.058,6.212,2012,10,40,279,4,-0.8660254037844386,0.5000000000000001,-0.992708874098054,0.1205366802553232
23,2012-10-12,14.33,1.273,221.485,6.594,2012,10,41,286,4,-0.8660254037844386,0.5000000000000001,-0.9709418174260521,0.23931566428755738
23,2012-10-19,31.94,1.072,215.706,5.565,2012,10,42,293,4,-0.8660254037844386,0.5000000000000001,-0.9350162426854148,0.35460488704253557
23,2012-10-26,29.26,0.804,217.048,5.943,2012,10,43,300,4,-0.8660254037844386,0.5000000000000001,-0.8854560256532101,0.464723172043768
24,2010-02-05,61.43,3.738,210.667,9.279,2010,2,5,36,1,0.8660254037844386,0.5000000000000001,0.5680647467311558,0.8229838658936564
24,2010-02-12,66.57,3.286,208.066,8.614,2010,2,6,43,1,0.8660254037844386,0.5000000000000001,0.6631226582407952,0.7485107481711011
24,2010-02-19,75.22,3.493,211.314,9.685,2010,2,7,50,1,0.8660254037844386,0.5000000000000001,0.7485107481711011,0.6631226582407953
24,2010-02-26,75.1,3.611,211.636,10.137,2010,2,8,57,1,0.8660254037844386,0.5000000000000001,0.8229838658936564,0.5680647467311559
24,2010-03-05,74.08,3.827,212.744,9.992,2010,3,9,64,1,1.0,6.123233995736766e-17,0.8854560256532099,0.4647231720437686
24,2010-03-12,77.0,3.96,212.56,10.199,2010,3,10,71,1,1.0,6.123233995736766e-17,0.9350162426854148,0.35460488704253557
24,2010-03-19,75.48,4.132,210.987,9.51,2010,3,11,78,1,1.0,6.123233995736766e-17,0.970941817426052,0.23931566428755804
24,2010-03-26,75.11,4.272,209.21,11.427,2010,3,12,85,1,1.0,6.123233995736766e-17,0.992708874098054,0.120536680255323
24,2010-04-02,80.07,4.251,208.39,10.232,2010,4,13,92,2,0.8660254037844387,-0.4999999999999998,1.0,-1.6081226496766366e-16
24,2010-04-09,78.82,4.061,206.88,9.635,2010,4,14,99,2,0.8660254037844387,-0.4999999999999998,0.992708874098054,-0.12053668025532288
24,2010-04-16,75.75,4.471,207.582,9.966,2010,4,15,106,2,0.8660254037844387,-0.4999999999999998,0.9709418174260521,-0.2393156642875575
24,2010-04-23,66.31,3.877,206.626,10.351,2010,4,16,113,2,0.8660254037844387,-0.4999999999999998,0.9350162426854148,-0.35460488704253545
24,2010-04-30,60.89,4.165,209.507,9.489,2010,4,17,120,2,0.8660254037844387,-0.4999999999999998,0.8854560256532099,-0.4647231720437685
24,2010-05-07,68.64,3.945,210.89,9.037,2010,5,18,127,2,0.49999999999999994,-0.8660254037844387,0.8229838658936565,-0.5680647467311557
24,2010-05-14,56.96,3.478,209.403,9.892,2010,5,19,134,2,0.49999999999999994,-0.8660254037844387,0.7485107481711013,-0.663122658240795
24,2010-05-21,73.06,3.382,209.738,9.373,2010,5,20,141,2,0.49999999999999994,-0.8660254037844387,0.6631226582407952,-0.7485107481711012
24,2010-05-28,58.33,3.455,209.083,9.327,2010,5,21,148,2,0.49999999999999994,-0.8660254037844387,0.5680647467311558,-0.8229838658936564
24,2010-06-04,56.87,3.169,209.092,9.564,2010,6,22,155,2,1.2246467991473532e-16,-1.0,0.46472317204376906,-0.8854560256532096
24,2010-06-11,54.86,3.046,209.035,9.002,2010,6,23,162,2,1.2246467991473532e-16,-1.0,0.35460488704253584,-0.9350162426854147
24,2010-06-18,52.38,2.783,211.2,8.182,2010,6,24,169,2,1.2246467991473532e-16,-1.0,0.23931566428755768,-0.970941817426052
24,2010-06-25,44.94,2.835,210.34,8.124,2010,6,25,176,2,1.2246467991473532e-16,-1.0,0.12053668025532308,-0.992708874098054
24,2010-07-02,46.15,2.488,212.973,8.31,2010,7,26,183,3,-0.4999999999999997,-0.8660254037844388,-3.216245299353273e-16,-1.0
24,2010-07-09,42.26,2.574,209.249,7.804,2010,7,27,190,3,-0.4999999999999997,-0.8660254037844388,-0.12053668025532283,-0.992708874098054
24,2010-07-16,42.35,2.315,213.083,7.486,2010,7,28,197,3,-0.4999999999999997,-0.8660254037844388,-0.23931566428755743,-0.9709418174260521
24,2010-07-23,40.19,1.592,211.354,6.966,2010,7,29,204,3,-0.4999999999999997,-0.8660254037844388,-0.3546048870425356,-0.9350162426854148
24,2010-07-30,28.85,1.91,209.305,7.034,2010,7,30,211,3,-0.4999999999999997,-0.8660254037844388,-0.46472317204376806,-0.8854560256532101
24,2010-08-06,22.16,1.607,209.786,7.278,2010,8,31,218,3,-0.8660254037844385,-0.5000000000000004,-0.5680647467311556,-0.8229838658936566
24,2010-08-13,15.78,1.612,209.355,6.352,2010,8,32,225,3,-0.8660254037844385,-0.5000000000000004,-0.663122658240795,-0.7485107481711013
24,2010-08-20,16.42,1.83,209.115,6.722,2010,8,33,232,3,-0.8660254037844385,-0.5000000000000004,-0.7485107481711011,-0.6631226582407952
24,2010-08-27,18.03,1.028,210.078,6.963,2010,8,34,239,3,-0.8660254037844385,-0.5000000000000004,-0.8229838658936564,-0.5680647467311559
24,2010-09-03,22.72,0.924,210.519,6.525,2010,9,35,246,3,-1.0,-1.8369701987210297e-16,-0.8854560256532096,-0.4647231720437691
24,2010-09-10,21.95,1.453,207.026,6.695,2010,9,36,253,3,-1.0,-1.8369701987210297e-16,-0.9350162426854147,-0.3546048870425359
24,2010-09-17,18.68,1.291,209.574,5.619,2010,9,37,260,3,-1.0,-1.8369701987210297e-16,-0.970941817426052,-0.23931566428755774
24,2010-09-24,13.88,0.816,206.299,6.529,2010,9,38,267,3,-1.0,-1.8369701987210297e-16,-0.992708874098054,-0.12053668025532357
24,2010-10-01,18.59,0.868,209.833,5.589,2010,10,39,274,4,-0.8660254037844386,0.5000000000000001,-1.0,-1.8369701987210297e-16
24,2010-10-08,16.16,1.199,209.921,5.883,2010,10,40,281,4,-0.8660254037844386,0.5000000000000001,-0.992708874098054,0.1205366802553232
24,2010-10-15,11.32,1.178,210.688,6.473,2010,10,41,288,4,-0.8660254037844386,0.5000000000000001,-0.9709418174260521,0.23931566428755738
24,2010-10-22,14.41,0.993,209.557,6.258,2010,10,42,295,4,-0.8660254037844386,0.5000000000000001,-0.9350162426854148,0.35460488704253557
24,2010-10-29,18.06,0.666,209.947,5.928,2010,10,43,302,4,-0.8660254037844386,0.5000000000000001,-0.8854560256532101,0.464723172043768
24,2010-11-05,30.19,1.308,208.47,6.139,2010,11,44,309,4,-0.5000000000000004,0.8660254037844384,-0.822983865893657,0.5680647467311548
24,2010-11-12,23.88,0.954,209.124,6.284,2010,11,45,316,4,-0.5000000000000004,0.8660254037844384,-0.7485107481711011,0.6631226582407952
24,2010-11-19,36.92,1.808,212.055,7.268,2010,11,46,323,4,-0.5000000000000004,0.8660254037844384,-0.6631226582407955,0.7485107481711007
24,2010-11-26,25.01,2.03,212.333,6.808,2010,11,47,330,4,-0.5000000000000004,0.8660254037844384,-0.5680647467311559,0.8229838658936564
24,2010-12-03,22.56,1.7,208.251,7.462,2010,12,48,337,4,-2.4492935982947064e-16,1.0,-0.4647231720437684,0.88545602565321
24,2010-12-10,35.27,1.937,210.043,7.732,2010,12,49,344,4,-2.4492935982947064e-16,1.0,-0.35460488704253595,0.9350162426854147
24,2010-12-17,33.76,1.511,208.715,6.848,2010,12,50,351,4,-2.4492935982947064e-16,1.0,-0.2393156642875578,0.970941817426052
24,2010-12-24,40.52,2.293,208.593,7.409,2010,12,51,358,4,-2.4492935982947064e-16,1.0,-0.12053668025532363,0.992708874098054
24,2010-12-31,47.52,2.145,212.162,8.422,2010,12,52,365,4,-2.4492935982947064e-16,1.0,6.432490598706546e-16,1.0
24,2011-01-07,50.55,2.367,216.213,8.891,2011,1,1,7,1,0.49999999999999994,0.8660254037844387,0.12053668025532305,0.992708874098054
24,2011-01-14,30.64,2.858,217.306,9.364,2011,1,2,14,1,0.49999999999999994,0.8660254037844387,0.23931566428755774,0.970941817426052
24,2011-01-21,44.78,3.089,215.184,9.223,2011,1,3,21,1,0.49999999999999994,0.8660254037844387,0.3546048870425356,0.9350162426854148
24,2011-01-28,56.65,3.321,214.506,9.36,2011,1,4,28,1,0.49999999999999994,0.8660254037844387,0.4647231720437685,0.8854560256532099
24,2011-02-04,56.22,3.446,215.114,8.752,2011,2,5,35,1,0.8660254037844386,0.5000000000000001,0.5680647467311558,0.8229838658936564
24,2011-02-11,63.49,3.132,215.309,9.345,2011,2,6,42,1,0.8660254037844386,0.5000000000000001,0.6631226582407952,0.7485107481711011
24,2011-02-18,63.79,3.41,217.777,9.384,2011,2,7,49,1,0.8660254037844386,0.5000000000000001,0.7485107481711011,0.6631226582407953
24,2011-02-25,68.02,3.446,213.019,8.904,2011,2,8,56,1,0.8660254037844386,0.5000000000000001,0.8229838658936564,0.5680647467311559
24,2011-03-04,68.53,3.816,214.995,9.987,2011,3,9,63,1,1.0,6.123233995736766e-17,0.8854560256532099,0.4647231720437686
24,2011-03-11,63.34,3.664,215.509,9.459,2011,3,10,70,1,1.0,6.123233995736766e-17,0.9350162426854148,0.35460488704253557
24,2011-03-18,75.82,3.924,217.477,9.521,2011,3,11,77,1,1.0,6.123233995736766e-17,0.970941817426052,0.23931566428755804
24,2011-03-25,78.75,4.179,217.197,10.428,2011,3,12,84,1,1.0,6.123233995736766e-17,0.992708874098054,0.120536680255323
24,2011-04-01,84.07,3.797,214.228,10.253,2011,4,13,91,2,0.8660254037844387,-0.4999999999999998,1.0,-1.6081226496766366e-16
24,2011-04-08,77.86,4.032,217.361,10.397,2011,4,14,98,2,0.8660254037844387,-0.4999999999999998,0.992708874098054,-0.12053668025532288
24,2011-04-15,69.34,4.058,214.249,9.357,2011,4,15,105,2,0.8660254037844387,-0.4999999999999998,0.9709418174260521,-0.2393156642875575
24,2011-04-22,72.94,3.852,211.604,10.778,2011,4,16,112,2,0.8660254037844387,-0.4999999999999998,0.9350162426854148,-0.35460488704253545
24,2011-04-29,66.98,4.098,212.706,9.623,2011,4,17,119,2,0.8660254037844387,-0.4999999999999998,0.8854560256532099,-0.4647231720437685
24,2011-05-06,78.24,3.968,215.788,9.855,2011,5,18,126,2,0.49999999999999994,-0.8660254037844387,0.8229838658936565,-0.5680647467311557
24,2011-05-13,66.99,3.634,213.092,10.177,2011,5,19,133,2,0.49999999999999994,-0.8660254037844387,0.7485107481711013,-0.663122658240795
24,2011-05-20,60.84,3.427,217.038,9.095,2011,5,20,140,2,0.49999999999999994,-0.8660254037844387,0.6631226582407952,-0.7485107481711012
24,2011-05-27,62.22,3.613,214.608,8.302,2011,5,21,147,2,0.49999999999999994,-0.8660254037844387,0.5680647467311558,-0.8229838658936564
24,2011-06-03,63.3,3.712,214.306,9.941,2011,6,22,154,2,1.2246467991473532e-16,-1.0,0.46472317204376906,-0.8854560256532096
24,2011-06-10,62.54,2.816,215.213,8.723,2011,6,23,161,2,1.2246467991473532e-16,-1.0,0.35460488704253584,-0.9350162426854147
24,2011-06-17,54.48,2.583,213.79,8.223,2011,6,24,168,2,1.2246467991473532e-16,-1.0,0.23931566428755768,-0.970941817426052
24,2011-06-24,47.73,2.702,213.48,8.384,2011,6,25,175,2,1.2246467991473532e-16,-1.0,0.12053668025532308,-0.992708874098054
24,2011-07-01,56.57,2.444,211.537,8.423,2011,7,26,182,3,-0.4999999999999997,-0.8660254037844388,-3.216245299353273e-16,-1.0
24,2011-07-08,44.6,2.331,214.237,8.076,2011,7,27,189,3,-0.4999999999999997,-0.8660254037844388,-0.12053668025532283,-0.992708874098054
24,2011-07-15,33.86,2.181,217.221,7.039,2011,7,28,196,3,-0.4999999999999997,-0.8660254037844388,-0.23931566428755743,-0.9709418174260521
24,2011-07-22,42.84,2.014,214.326,7.289,2011,7,29,203,3,-0.4999999999999997,-0.8660254037844388,-0.3546048870425356,-0.9350162426854148
24,2011-07-29,27.66,1.901,217.377,7.834,2011,7,30,210,3,-0.4999999999999997,-0.8660254037844388,-0.46472317204376806,-0.8854560256532101
24,2011-08-05,31.68,1.737,212.479,7.241,2011,8,31,217,3,-0.8660254037844385,-0.5000000000000004,-0.5680647467311556,-0.8229838658936566
24,2011-08-12,34.92,1.878,211.992,6.387,2011,8,32,224,3,-0.8660254037844385,-0.5000000000000004,-0.663122658240795,-0.7485107481711013
24,2011-08-19,27.7,0.988,214.264,6.29,2011,8,33,231,3,-0.8660254037844385,-0.5000000000000004,-0.7485107481711011,-0.6631226582407952
24,2011-08-26,32.96,1.778,216.309,6.262,2011,8,34,238,3,-0.8660254037844385,-0.5000000000000004,-0.8229838658936564,-0.5680647467311559
24,2011-09-02,23.62,1.248,213.629,6.055,2011,9,35,245,3,-1.0,-1.8369701987210297e-16,-0.8854560256532096,-0.4647231720437691
24,2011-09-09,21.87,1.195,215.436,7.366,2011,9,36,252,3,-1.0,-1.8369701987210297e-16,-0.9350162426854147,-0.3546048870425359
24,2011-09-16,23.06,1.235,212.546,5.375,2011,9,37,259,3,-1.0,-1.8369701987210297e-16,-0.970941817426052,-0.23931566428755774
24,2011-09-23,20.09,1.045,213.752,5.971,2011,9,38,266,3,-1.0,-1.8369701987210297e-16,-0.992708874098054,-0.12053668025532357
24,2011-09-30,11.99,1.027,213.497,6.654,2011,9,39,273,3,-1.0,-1.8369701987210297e-16,-1.0,-1.8369701987210297e-16
24,2011-10-07,23.82,1.133,215.103,6.048,2011,10,40,280,4,-0.8660254037844386,0.5000000000000001,-0.992708874098054,0.1205366802553232
24,2011-10-14,21.96,0.789,214.729,6.167,2011,10,41,287,4,-0.8660254037844386,0.5000000000000001,-0.9709418174260521,0.23931566428755738
24,2011-10-21,12.82,1.4,216.218,6.234,2011,10,42,294,4,-0.8660254037844386,0.5000000000000001,-0.9350162426854148,0.35460488704253557
24,2011-10-28,13.3,1.378,211.737,6.207,2011,10,43,301,4,-0.8660254037844386,0.5000000000000001,-0.8854560256532101,0.464723172043768
24,2011-11-04,21.72,1.19,211.821,6.715,2011,11,44,308,4,-0.5000000000000004,0.8660254037844384,-0.822983865893657,0.5680647467311548
24,2011-11-11,21.88,1.317,216.362,6.755,2011,11,45,315,4,-0.5000000000000004,0.8660254037844384,-0.7485107481711011,0.6631226582407952
24,2011-11-18,17.38,1.52,215.8,6.318,2011,11,46,322,4,-0.5000000000000004,0.8660254037844384,-0.6631226582407955,0.7485107481711007
24,2011-11-25,29.4,1.784,213.128,7.123,2011,11,47,329,4,-0.5000000000000004,0.8660254037844384,-0.5680647467311559,0.8229838658936564
24,2011-12-02,25.45,1.783,211.777,7.392,2011,12,48,336,4,-2.4492935982947064e-16,1.0,-0.4647231720437684,0.88545602565321
24,2011-12-09,31.81,1.978,213.292,7.446,2011,12,49,343,4,-2.4492935982947064e-16,1.0,-0.35460488704253595,0.9350162426854147
24,2011-12-16,28.36,2.162,215.536,7.71,2011,12,50,350,4,-2.4492935982947064e-16,1.0,-0.2393156642875578,0.970941817426052
24,2011-12-23,43.35,2.359,215.45,8.01,2011,12,51,357,4,-2.4492935982947064e-16,1.0,-0.12053668025532363,0.992708874098054
24,2011-12-30,47.99,2.471,211.133,8.342,2011,12,52,364,4,-2.4492935982947064e-16,1.0,6.432490598706546e-16,1.0
24,2012-01-06,55.61,2.862,219.837,8.511,2012,1,1,6,1,0.49999999999999994,0.8660254037844387,0.12053668025532305,0.992708874098054
24,2012-01-13,55.11,2.624,221.489,7.916,2012,1,2,13,1,0.49999999999999994,0.8660254037844387,0.23931566428755774,0.970941817426052
24,2012-01-20,50.89,2.743,220.285,9.047,2012,1,3,20,1,0.49999999999999994,0.8660254037844387,0.3546048870425356,0.9350162426854148
24,2012-01-27,63.09,3.192,223.656,8.919,2012,1,4,27,1,0.49999999999999994,0.8660254037844387,0.4647231720437685,0.8854560256532099
24,2012-02-03,57.89,3.596,217.626,9.461,2012,2,5,34,1,0.8660254037844386,0.5000000000000001,0.5680647467311558,0.8229838658936564
24,2012-02-10,63.81,3.372,220.633,9.439,2012,2,6,41,1,0.8660254037844386,0.5000000000000001,0.6631226582407952,0.7485107481711011
24,2012-02-17,75.49,3.674,220.313,9.702,2012,2,7,48,1,0.8660254037844386,0.5000000000000001,0.7485107481711011,0.6631226582407953
24,2012-02-24,81.42,3.773,220.319,9.73,2012,2,8,55,1,0.8660254037844386,0.5000000000000001,0.8229838658936564,0.5680647467311559
24,2012-03-02,73.95,3.31,216.733,9.023,2012,3,9,62,1,1.0,6.123233995736766e-17,0.8854560256532099,0.4647231720437686
24,2012-03-09,73.82,4.159,214.106,11.048,2012,3,10,69,1,1.0,6.123233995736766e-17,0.9350162426854148,0.35460488704253557
24,2012-03-16,74.86,4.065,221.761,9.541,2012,3,11,76,1,1.0,6.123233995736766e-17,0.970941817426052,0.23931566428755804
24,2012-03-23,71.31,4.278,218.156,9.441,2012,3,12,83,1,1.0,6.123233995736766e-17,0.992708874098054,0.120536680255323
24,2012-03-30,75.4,3.974,219.151,10.119,2012,3,13,90,1,1.0,6.123233995736766e-17,1.0,-1.6081226496766366e-16
24,2012-04-06,83.37,4.131,219.769,9.162,2012,4,14,97,2,0.8660254037844387,-0.4999999999999998,0.992708874098054,-0.12053668025532288
24,2012-04-13,77.91,3.916,219.942,9.57,2012,4,15,104,2,0.8660254037844387,-0.4999999999999998,0.9709418174260521,-0.2393156642875575
24,2012-04-20,76.67,3.749,221.388,10.301,2012,4,16,111,2,0.8660254037844387,-0.4999999999999998,0.9350162426854148,-0.35460488704253545
24,2012-04-27,74.01,3.929,218.001,9.502,2012,4,17,118,2,0.8660254037844387,-0.4999999999999998,0.8854560256532099,-0.4647231720437685
24,2012-05-04,73.75,3.657,221.706,9.947,2012,5,18,125,2,0.49999999999999994,-0.8660254037844387,0.8229838658936565,-0.5680647467311557
24,2012-05-11,68.83,3.607,219.939,10.013,2012,5,19,132,2,0.49999999999999994,-0.8660254037844387,0.7485107481711013,-0.663122658240795
24,2012-05-18,61.43,3.505,219.182,9.554,2012,5,20,139,2,0.49999999999999994,-0.8660254037844387,0.6631226582407952,-0.7485107481711012
24,2012-05-25,67.0,3.218,222.839,8.727,2012,5,21,146,2,0.49999999999999994,-0.8660254037844387,0.5680647467311558,-0.8229838658936564
24,2012-06-01,56.45,3.148,223.224,8.991,2012,6,22,153,2,1.2246467991473532e-16,-1.0,0.46472317204376906,-0.8854560256532096
24,2012-06-08,55.03,3.232,222.064,8.703,2012,6,23,160,2,1.2246467991473532e-16,-1.0,0.35460488704253584,-0.9350162426854147
24,2012-06-15,50.73,2.802,220.467,9.044,2012,6,24,167,2,1.2246467991473532e-16,-1.0,0.23931566428755768,-0.970941817426052
24,2012-06-22,42.89,2.838,222.349,8.282,2012,6,25,174,2,1.2246467991473532e-16,-1.0,0.12053668025532308,-0.992708874098054
24,2012-06-29,43.37,2.243,220.413,7.524,2012,6,26,181,2,1.2246467991473532e-16,-1.0,-3.216245299353273e-16,-1.0
24,2012-07-06,47.62,2.516,218.799,7.685,2012,7,27,188,3,-0.4999999999999997,-0.8660254037844388,-0.12053668025532283,-0.992708874098054
24,2012-07-13,50.15,2.434,221.676,7.075,2012,7,28,195,3,-0.4999999999999997,-0.8660254037844388,-0.23931566428755743,-0.9709418174260521
24,2012-07-20,34.95,2.326,218.169,7.132,2012,7,29,202,3,-0.4999999999999997,-0.8660254037844388,-0.3546048870425356,-0.9350162426854148
24,2012-07-27,46.85,1.952,219.496,6.863,2012,7,30,209,3,-0.4999999999999997,-0.8660254037844388,-0.46472317204376806,-0.8854560256532101
24,2012-08-03,32.74,1.426,219.941,6.982,2012,8,31,216,3,-0.8660254037844385,-0.5000000000000004,-0.5680647467311556,-0.8229838658936566
24,2012-08-10,31.84,1.506,221.265,7.258,2012,8,32,223,3,-0.8660254037844385,-0.5000000000000004,-0.663122658240795,-0.7485107481711013
24,2012-08-17,25.64,1.158,222.54,6.71,2012,8,33,230,3,-0.8660254037844385,-0.5000000000000004,-0.7485107481711011,-0.6631226582407952
24,2012-08-24,28.92,1.101,222.134,6.609,2012,8,34,237,3,-0.8660254037844385,-0.5000000000000004,-0.8229838658936564,-0.5680647467311559
24,2012-08-31,19.97,1.243,219.74,6.476,2012,8,35,244,3,-0.8660254037844385,-0.5000000000000004,-0.8854560256532096,-0.4647231720437691
24,2012-09-07,16.1,1.189,221.87,6.156,2012,9,36,251,3,-1.0,-1.8369701987210297e-16,-0.9350162426854147,-0.3546048870425359
24,2012-09-14,16.78,1.154,220.287,5.296,2012,9,37,258,3,-1.0,-1.8369701987210297e-16,-0.970941817426052,-0.23931566428755774
24,2012-09-21,14.57,0.655,221.223,6.587,2012,9,38,265,3,-1.0,-1.8369701987210297e-16,-0.992708874098054,-0.12053668025532357
24,2012-09-28,19.79,1.074,222.962,5.825,2012,9,39,272,3,-1.0,-1.8369701987210297e-16,-1.0,-1.8369701987210297e-16
24,2012-10-05,23.27,1.378,219.315,6.56,2012,10,40,279,4,-0.8660254037844386,0.5000000000000001,-0.992708874098054,0.1205366802553232
24,2012-10-12,18.62,1.303,219.014,6.452,2012,10,41,286,4,-0.8660254037844386,0.5000000000000001,-0.9709418174260521,0.23931566428755738
24,2012-10-19,13.24,1.36,219.805,6.143,2012,10,42,293,4,-0.8660254037844386,0.5000000000000001,-0.9350162426854148,0.35460488704253557
24,2012-10-26,13.19,1.438,222.08,5.742,2012,10,43,300,4,-0.8660254037844386,0.5000000000000001,-0.8854560256532101,0.464723172043768
25,2010-02-05,56.89,3.189,207.744,8.828,2010,2,5,36,1,0.8660254037844386,0.5000000000000001,0.5680647467311558,0.8229838658936564
25,2010-02-12,68.47,3.517,211.277,9.342,2010,2,6,43,1,0.8660254037844386,0.5000000000000001,0.6631226582407952,0.7485107481711011
25,2010-02-19,70.35,3.88,208.118,10.009,2010,2,7,50,1,0.8660254037844386,0.5000000000000001,0.7485107481711011,0.6631226582407953
25,2010-02-26,63.04,3.696,209.426,9.644,2010,2,8,57,1,0.8660254037844386,0.5000000000000001,0.8229838658936564,0.5680647467311559
25,2010-03-05,72.79,3.841,210.567,10.727,2010,3,9,64,1,1.0,6.123233995736766e-17,0.8854560256532099,0.4647231720437686
25,2010-03-12,73.12,3.971,210.943,9.503,2010,3,10,71,1,1.0,6.123233995736766e-17,0.9350162426854148,0.35460488704253557
25,2010-03-19,76.98,3.821,212.016,9.684,2010,3,11,78,1,1.0,6.123233995736766e-17,0.970941817426052,0.23931566428755804
25,2010-03-26,75.16,4.236,208.094,10.29,2010,3,12,85,1,1.0,6.123233995736766e-17,0.992708874098054,0.120536680255323
25,2010-04-02,70.08,4.195,210.029,10.58,2010,4,13,92,2,0.8660254037844387,-0.4999999999999998,1.0,-1.6081226496766366e-16
25,2010-04-09,75.2,4.286,211.241,9.833,2010,4,14,99,2,0.8660254037844387,-0.4999999999999998,0.992708874098054,-0.12053668025532288
25,2010-04-16,71.41,3.966,210.234,9.89,2010,4,15,106,2,0.8660254037844387,-0.4999999999999998,0.9709418174260521,-0.2393156642875575
25,2010-04-23,84.45,3.94,211.733,9.592,2010,4,16,113,2,0.8660254037844387,-0.4999999999999998,0.9350162426854148,-0.35460488704253545
25,2010-04-30,74.88,3.785,209.695,10.265,2010,4,17,120,2,0.8660254037844387,-0.4999999999999998,0.8854560256532099,-0.4647231720437685
25,2010-05-07,66.37,3.774,211.206,9.947,2010,5,18,127,2,0.49999999999999994,-0.8660254037844387,0.8229838658936565,-0.5680647467311557
25,2010-05-14,64.6,4.022,210.253,9.061,2010,5,19,134,2,0.49999999999999994,-0.8660254037844387,0.7485107481711013,-0.663122658240795
25,2010-05-21,71.17,3.286,211.802,9.799,2010,5,20,141,2,0.49999999999999994,-0.8660254037844387,0.6631226582407952,-0.7485107481711012
25,2010-05-28,52.85,3.382,207.212,8.78,2010,5,21,148,2,0.49999999999999994,-0.8660254037844387,0.5680647467311558,-0.8229838658936564
25,2010-06-04,57.89,3.467,210.356,9.23,2010,6,22,155,2,1.2246467991473532e-16,-1.0,0.46472317204376906,-0.8854560256532096
25,2010-06-11,55.99,3.34,206.781,7.988,2010,6,23,162,2,1.2246467991473532e-16,-1.0,0.35460488704253584,-0.9350162426854147
25,2010-06-18,45.52,2.59,207.418,8.515,2010,6,24,169,2,1.2246467991473532e-16,-1.0,0.23931566428755768,-0.970941817426052
25,2010-06-25,51.19,2.776,207.937,8.818,2010,6,25,176,2,1.2246467991473532e-16,-1.0,0.12053668025532308,-0.992708874098054
25,2010-07-02,38.59,2.68,206.0,7.833,2010,7,26,183,3,-0.4999999999999997,-0.8660254037844388,-3.216245299353273e-16,-1.0
25,2010-07-09,44.85,2.128,206.978,8.069,2010,7,27,190,3,-0.4999999999999997,-0.8660254037844388,-0.12053668025532283,-0.992708874098054
25,2010-07-16,43.95,1.933,210.642,7.239,2010,7,28,197,3,-0.4999999999999997,-0.8660254037844388,-0.23931566428755743,-0.9709418174260521
25,2010-07-23,34.22,1.773,212.479,7.458,2010,7,29,204,3,-0.4999999999999997,-0.8660254037844388,-0.3546048870425356,-0.9350162426854148
25,2010-07-30,16.87,1.575,209.427,6.695,2010,7,30,211,3,-0.4999999999999997,-0.8660254037844388,-0.46472317204376806,-0.8854560256532101
25,2010-08-06,19.82,1.418,210.169,6.509,2010,8,31,218,3,-0.8660254037844385,-0.5000000000000004,-0.5680647467311556,-0.8229838658936566
25,2010-08-13,26.32,1.571,209.301,6.067,2010,8,32,225,3,-0.8660254037844385,-0.5000000000000004,-0.663122658240795,-0.7485107481711013
25,2010-08-20,19.25,1.43,207.159,7.281,2010,8,33,232,3,-0.8660254037844385,-0.5000000000000004,-0.7485107481711011,-0.6631226582407952
25,2010-08-27,18.5,1.294,214.187,6.064,2010,8,34,239,3,-0.8660254037844385,-0.5000000000000004,-0.8229838658936564,-0.5680647467311559
25,2010-09-03,10.65,1.14,208.066,5.695,2010,9,35,246,3,-1.0,-1.8369701987210297e-16,-0.8854560256532096,-0.4647231720437691
25,2010-09-10,16.22,1.09,212.051,6.882,2010,9,36,253,3,-1.0,-1.8369701987210297e-16,-0.9350162426854147,-0.3546048870425359
25,2010-09-17,22.53,1.026,205.61,5.214,2010,9,37,260,3,-1.0,-1.8369701987210297e-16,-0.970941817426052,-0.23931566428755774
25,2010-09-24,12.92,0.834,210.344,6.454,2010,9,38,267,3,-1.0,-1.8369701987210297e-16,-0.992708874098054,-0.12053668025532357
25,2010-10-01,6.58,1.241,208.927,5.502,2010,10,39,274,4,-0.8660254037844386,0.5000000000000001,-1.0,-1.8369701987210297e-16
25,2010-10-08,10.4,1.168,212.534,6.399,2010,10,40,281,4,-0.8660254037844386,0.5000000000000001,-0.992708874098054,0.1205366802553232
25,2010-10-15,19.8,1.413,209.104,6.745,2010,10,41,288,4,-0.8660254037844386,0.5000000000000001,-0.9709418174260521,0.23931566428755738
25,2010-10-22,17.98,0.936,211.288,6.133,2010,10,42,295,4,-0.8660254037844386,0.5000000000000001,-0.9350162426854148,0.35460488704253557
25,2010-10-29,22.7,0.961,208.975,6.419,2010,10,43,302,4,-0.8660254037844386,0.5000000000000001,-0.8854560256532101,0.464723172043768
25,2010-11-05,20.44,1.471,208.99,6.865,2010,11,44,309,4,-0.5000000000000004,0.8660254037844384,-0.822983865893657,0.5680647467311548
25,2010-11-12,30.64,1.562,209.273,7.075,2010,11,45,316,4,-0.5000000000000004,0.8660254037844384,-0.7485107481711011,0.6631226582407952
25,2010-11-19,16.23,1.27,210.545,7.587,2010,11,46,323,4,-0.5000000000000004,0.8660254037844384,-0.6631226582407955,0.7485107481711007
25,2010-11-26,26.08,1.758,208.587,6.05,2010,11,47,330,4,-0.5000000000000004,0.8660254037844384,-0.5680647467311559,0.8229838658936564
25,2010-12-03,31.46,2.01,207.56,6.386,2010,12,48,337,4,-2.4492935982947064e-16,1.0,-0.4647231720437684,0.88545602565321
25,2010-12-10,31.31,2.189,211.234,6.798,2010,12,49,344,4,-2.4492935982947064e-16,1.0,-0.35460488704253595,0.9350162426854147
25,2010-12-17,45.57,2.392,212.294,7.306,2010,12,50,351,4,-2.4492935982947064e-16,1.0,-0.2393156642875578,0.970941817426052
25,2010-12-24,28.9,2.191,209.35,6.665,2010,12,51,358,4,-2.4492935982947064e-16,1.0,-0.12053668025532363,0.992708874098054
25,2010-12-31,53.3,2.035,210.931,8.101,2010,12,52,365,4,-2.4492935982947064e-16,1.0,6.432490598706546e-16,1.0
25,2011-01-07,49.5,2.456,217.679,8.639,2011,1,1,7,1,0.49999999999999994,0.8660254037844387,0.12053668025532305,0.992708874098054
25,2011-01-14,45.47,2.816,213.192,8.564,2011,1,2,14,1,0.49999999999999994,0.8660254037844387,0.23931566428755774,0.970941817426052
25,2011-01-21,53.51,3.182,214.76,8.088,2011,1,3,21,1,0.49999999999999994,0.8660254037844387,0.3546048870425356,0.9350162426854148
25,2011-01-28,61.39,2.96,212.286,9.139,2011,1,4,28,1,0.49999999999999994,0.8660254037844387,0.4647231720437685,0.8854560256532099
25,2011-02-04,58.19,3.472,217.33,8.66,2011,2,5,35,1,0.8660254037844386,0.5000000000000001,0.5680647467311558,0.8229838658936564
25,2011-02-11,67.58,3.32,215.08,9.741,2011,2,6,42,1,0.8660254037844386,0.5000000000000001,0.6631226582407952,0.7485107481711011
25,2011-02-18,71.16,3.499,217.761,8.762,2011,2,7,49,1,0.8660254037844386,0.5000000000000001,0.7485107481711011,0.6631226582407953
25,2011-02-25,63.13,3.943,214.627,9.344,2011,2,8,56,1,0.8660254037844386,0.5000000000000001,0.8229838658936564,0.5680647467311559
25,2011-03-04,76.22,3.838,216.521,9.852,2011,3,9,63,1,1.0,6.123233995736766e-17,0.8854560256532099,0.4647231720437686
25,2011-03-11,68.42,3.911,216.407,10.554,2011,3,10,70,1,1.0,6.123233995736766e-17,0.9350162426854148,0.35460488704253557
25,2011-03-18,74.11,3.847,215.741,9.984,2011,3,11,77,1,1.0,6.123233995736766e-17,0.970941817426052,0.23931566428755804
25,2011-03-25,75.71,4.162,213.171,10.008,2011,3,12,84,1,1.0,6.123233995736766e-17,0.992708874098054,0.120536680255323
25,2011-04-01,65.0,4.172,213.118,10.423,2011,4,13,91,2,0.8660254037844387,-0.4999999999999998,1.0,-1.6081226496766366e-16
25,2011-04-08,77.13,4.038,215.617,9.069,2011,4,14,98,2,0.8660254037844387,-0.4999999999999998,0.992708874098054,-0.12053668025532288
25,2011-04-15,66.83,3.826,214.67,10.74,2011,4,15,105,2,0.8660254037844387,-0.4999999999999998,0.9709418174260521,-0.2393156642875575
25,2011-04-22,69.81,3.83,216.429,9.808,2011,4,16,112,2,0.8660254037844387,-0.4999999999999998,0.9350162426854148,-0.35460488704253545
25,2011-04-29,69.28,3.427,213.24,10.239,2011,4,17,119,2,0.8660254037844387,-0.4999999999999998,0.8854560256532099,-0.4647231720437685
25,2011-05-06,78.03,3.842,214.016,9.368,2011,5,18,126,2,0.49999999999999994,-0.8660254037844387,0.8229838658936565,-0.5680647467311557
25,2011-05-13,67.98,3.572,213.719,8.87,2011,5,19,133,2,0.49999999999999994,-0.8660254037844387,0.7485107481711013,-0.663122658240795
25,2011-05-20,73.58,3.717,212.78,9.426,2011,5,20,140,2,0.49999999999999994,-0.8660254037844387,0.6631226582407952,-0.7485107481711012
25,2011-05-27,64.2,3.112,215.911,7.544,2011,5,21,147,2,0.49999999999999994,-0.8660254037844387,0.5680647467311558,-0.8229838658936564
25,2011-06-03,58.18,3.537,215.607,9.057,2011,6,22,154,2,1.2246467991473532e-16,-1.0,0.46472317204376906,-0.8854560256532096
25,2011-06-10,55.97,3.239,212.938,8.722,2011,6,23,161,2,1.2246467991473532e-16,-1.0,0.35460488704253584,-0.9350162426854147
25,2011-06-17,55.44,3.083,219.706,7.822,2011,6,24,168,2,1.2246467991473532e-16,-1.0,0.23931566428755768,-0.970941817426052
25,2011-06-24,50.09,2.513,212.198,8.627,2011,6,25,175,2,1.2246467991473532e-16,-1.0,0.12053668025532308,-0.992708874098054
25,2011-07-01,44.11,2.27,215.463,7.781,2011,7,26,182,3,-0.4999999999999997,-0.8660254037844388,-3.216245299353273e-16,-1.0
25,2011-07-08,43.82,2.358,209.829,6.234,2011,7,27,189,3,-0.4999999999999997,-0.8660254037844388,-0.12053668025532283,-0.992708874098054
25,2011-07-15,33.42,2.344,215.461,7.858,2011,7,28,196,3,-0.4999999999999997,-0.8660254037844388,-0.23931566428755743,-0.9709418174260521
25,2011-07-22,33.96,2.14,218.318,7.92,2011,7,29,203,3,-0.4999999999999997,-0.8660254037844388,-0.3546048870425356,-0.9350162426854148
25,2011-07-29,28.44,1.858,216.322,7.276,2011,7,30,210,3,-0.4999999999999997,-0.8660254037844388,-0.46472317204376806,-0.8854560256532101
25,2011-08-05,29.92,1.671,214.071,6.895,2011,8,31,217,3,-0.8660254037844385,-0.5000000000000004,-0.5680647467311556,-0.8229838658936566
25,2011-08-12,18.78,1.371,212.876,6.869,2011,8,32,224,3,-0.8660254037844385,-0.5000000000000004,-0.663122658240795,-0.7485107481711013
25,2011-08-19,23.63,1.2,213.247,6.566,2011,8,33,231,3,-0.8660254037844385,-0.5000000000000004,-0.7485107481711011,-0.6631226582407952
25,2011-08-26,29.81,1.533,216.102,6.809,2011,8,34,238,3,-0.8660254037844385,-0.5000000000000004,-0.8229838658936564,-0.5680647467311559
25,2011-09-02,15.7,0.677,210.637,6.765,2011,9,35,245,3,-1.0,-1.8369701987210297e-16,-0.8854560256532096,-0.4647231720437691
25,2011-09-09,13.43,1.603,216.327,5.492,2011,9,36,252,3,-1.0,-1.8369701987210297e-16,-0.9350162426854147,-0.3546048870425359
25,2011-09-16,18.2,1.191,217.7,6.246,2011,9,37,259,3,-1.0,-1.8369701987210297e-16,-0.970941817426052,-0.23931566428755774
25,2011-09-23,12.23,1.212,217.31,5.484,2011,9,38,266,3,-1.0,-1.8369701987210297e-16,-0.992708874098054,-0.12053668025532357
25,2011-09-30,16.07,1.19,216.631,5.729,2011,9,39,273,3,-1.0,-1.8369701987210297e-16,-1.0,-1.8369701987210297e-16
25,2011-10-07,19.99,1.247,214.685,5.761,2011,10,40,280,4,-0.8660254037844386,0.5000000000000001,-0.992708874098054,0.1205366802553232
25,2011-10-14,16.13,1.084,217.072,6.541,2011,10,41,287,4,-0.8660254037844386,0.5000000000000001,-0.9709418174260521,0.23931566428755738
25,2011-10-21,26.71,1.084,215.086,6.062,2011,10,42,294,4,-0.8660254037844386,0.5000000000000001,-0.9350162426854148,0.35460488704253557
25,2011-10-28,22.53,0.764,217.671,6.773,2011,10,43,301,4,-0.8660254037844386,0.5000000000000001,-0.8854560256532101,0.464723172043768
25,2011-11-04,19.93,1.515,214.856,6.958,2011,11,44,308,4,-0.5000000000000004,0.8660254037844384,-0.822983865893657,0.5680647467311548
25,2011-11-11,26.7,1.432,215.934,5.832,2011,11,45,315,4,-0.5000000000000004,0.8660254037844384,-0.7485107481711011,0.6631226582407952
25,2011-11-18,22.57,1.917,213.985,7.025,2011,11,46,322,4,-0.5000000000000004,0.8660254037844384,-0.6631226582407955,0.7485107481711007
25,2011-11-25,29.43,1.21,216.09,7.188,2011,11,47,329,4,-0.5000000000000004,0.8660254037844384,-0.5680647467311559,0.8229838658936564
25,2011-12-02,30.13,1.844,215.478,7.423,2011,12,48,336,4,-2.4492935982947064e-16,1.0,-0.4647231720437684,0.88545602565321
25,2011-12-09,34.45,2.045,218.349,7.35,2011,12,49,343,4,-2.4492935982947064e-16,1.0,-0.35460488704253595,0.9350162426854147
25,2011-12-16,25.92,2.278,212.901,8.14,2011,12,50,350,4,-2.4492935982947064e-16,1.0,-0.2393156642875578,0.970941817426052
25,2011-12-23,38.22,1.929,216.442,8.748,2011,12,51,357,4,-2.4492935982947064e-16,1.0,-0.12053668025532363,0.992708874098054
25,2011-12-30,44.9,2.378,216.678,8.183,2011,12,52,364,4,-2.4492935982947064e-16,1.0,6.432490598706546e-16,1.0
25,2012-01-06,48.68,2.441,222.041,7.4,2012,1,1,6,1,0.49999999999999994,0.8660254037844387,0.12053668025532305,0.992708874098054
25,2012-01-13,55.62,3.238,221.007,8.678,2012,1,2,13,1,0.49999999999999994,0.8660254037844387,0.23931566428755774,0.970941817426052
25,2012-01-20,52.63,2.971,219.745,9.299,2012,1,3,20,1,0.49999999999999994,0.8660254037844387,0.3546048870425356,0.9350162426854148
25,2012-01-27,53.83,3.385,219.64,10.297,2012,1,4,27,1,0.49999999999999994,0.8660254037844387,0.4647231720437685,0.8854560256532099
25,2012-02-03,65.72,3.562,219.807,9.315,2012,2,5,34,1,0.8660254037844386,0.5000000000000001,0.5680647467311558,0.8229838658936564
25,2012-02-10,66.66,3.388,219.875,9.649,2012,2,6,41,1,0.8660254037844386,0.5000000000000001,0.6631226582407952,0.7485107481711011
25,2012-02-17,55.94,3.537,220.535,9.433,2012,2,7,48,1,0.8660254037844386,0.5000000000000001,0.7485107481711011,0.6631226582407953
25,2012-02-24,69.85,3.715,220.437,9.743,2012,2,8,55,1,0.8660254037844386,0.5000000000000001,0.8229838658936564,0.5680647467311559
25,2012-03-02,64.63,3.842,221.304,9.267,2012,3,9,62,1,1.0,6.123233995736766e-17,0.8854560256532099,0.4647231720437686
25,2012-03-09,65.67,4.198,222.659,9.799,2012,3,10,69,1,1.0,6.123233995736766e-17,0.9350162426854148,0.35460488704253557
25,2012-03-16,70.5,4.202,218.776,10.572,2012,3,11,76,1,1.0,6.123233995736766e-17,0.970941817426052,0.23931566428755804
25,2012-03-23,73.46,3.737,225.7,10.399,2012,3,12,83,1,1.0,6.123233995736766e-17,0.992708874098054,0.120536680255323
25,2012-03-30,76.03,4.059,222.289,10.317,2012,3,13,90,1,1.0,6.123233995736766e-17,1.0,-1.6081226496766366e-16
25,2012-04-06,78.5,3.795,222.195,9.558,2012,4,14,97,2,0.8660254037844387,-0.4999999999999998,0.992708874098054,-0.12053668025532288
25,2012-04-13,73.24,3.863,218.429,9.574,2012,4,15,104,2,0.8660254037844387,-0.4999999999999998,0.9709418174260521,-0.2393156642875575
25,2012-04-20,76.11,4.223,218.187,9.03,2012,4,16,111,2,0.8660254037844387,-0.4999999999999998,0.9350162426854148,-0.35460488704253545
25,2012-04-27,73.35,3.829,223.364,10.053,2012,4,17,118,2,0.8660254037844387,-0.4999999999999998,0.8854560256532099,-0.4647231720437685
25,2012-05-04,62.43,3.934,220.659,9.581,2012,5,18,125,2,0.49999999999999994,-0.8660254037844387,0.8229838658936565,-0.5680647467311557
25,2012-05-11,59.74,3.329,222.191,8.557,2012,5,19,132,2,0.49999999999999994,-0.8660254037844387,0.7485107481711013,-0.663122658240795
25,2012-05-18,65.96,3.242,219.864,9.599,2012,5,20,139,2,0.49999999999999994,-0.8660254037844387,0.6631226582407952,-0.7485107481711012
25,2012-05-25,65.91,3.242,219.903,9.655,2012,5,21,146,2,0.49999999999999994,-0.8660254037844387,0.5680647467311558,-0.8229838658936564
25,2012-06-01,59.44,3.319,224.07,9.064,2012,6,22,153,2,1.2246467991473532e-16,-1.0,0.46472317204376906,-0.8854560256532096
25,2012-06-08,60.31,2.968,220.211,8.489,2012,6,23,160,2,1.2246467991473532e-16,-1.0,0.35460488704253584,-0.9350162426854147
25,2012-06-15,50.63,2.634,218.773,7.801,2012,6,24,167,2,1.2246467991473532e-16,-1.0,0.23931566428755768,-0.970941817426052
25,2012-06-22,51.37,3.123,219.432,9.267,2012,6,25,174,2,1.2246467991473532e-16,-1.0,0.12053668025532308,-0.992708874098054
25,2012-06-29,46.36,2.557,218.794,7.773,2012,6,26,181,2,1.2246467991473532e-16,-1.0,-3.216245299353273e-16,-1.0
25,2012-07-06,41.73,2.124,218.228,7.633,2012,7,27,188,3,-0.4999999999999997,-0.8660254037844388,-0.12053668025532283,-0.992708874098054
25,2012-07-13,33.27,2.187,219.646,7.923,2012,7,28,195,3,-0.4999999999999997,-0.8660254037844388,-0.23931566428755743,-0.9709418174260521
25,2012-07-20,33.35,1.918,221.857,7.153,2012,7,29,202,3,-0.4999999999999997,-0.8660254037844388,-0.3546048870425356,-0.9350162426854148
25,2012-07-27,16.0,1.58,218.835,7.43,2012,7,30,209,3,-0.4999999999999997,-0.8660254037844388,-0.46472317204376806,-0.8854560256532101
25,2012-08-03,37.34,1.351,218.331,6.779,2012,8,31,216,3,-0.8660254037844385,-0.5000000000000004,-0.5680647467311556,-0.8229838658936566
25,2012-08-10,22.28,1.379,221.418,5.808,2012,8,32,223,3,-0.8660254037844385,-0.5000000000000004,-0.663122658240795,-0.7485107481711013
25,2012-08-17,22.42,1.622,218.587,7.026,2012,8,33,230,3,-0.8660254037844385,-0.5000000000000004,-0.7485107481711011,-0.6631226582407952
25,2012-08-24,10.96,1.398,219.983,6.292,2012,8,34,237,3,-0.8660254037844385,-0.5000000000000004,-0.8229838658936564,-0.5680647467311559
25,2012-08-31,30.61,1.369,218.816,6.255,2012,8,35,244,3,-0.8660254037844385,-0.5000000000000004,-0.8854560256532096,-0.4647231720437691
25,2012-09-07,29.9,1.303,219.119,6.207,2012,9,36,251,3,-1.0,-1.8369701987210297e-16,-0.9350162426854147,-0.3546048870425359
25,2012-09-14,13.68,1.082,218.867,6.575,2012,9,37,258,3,-1.0,-1.8369701987210297e-16,-0.970941817426052,-0.23931566428755774
25,2012-09-21,12.91,0.65,219.263,6.468,2012,9,38,265,3,-1.0,-1.8369701987210297e-16,-0.992708874098054,-0.12053668025532357
25,2012-09-28,12.4,0.968,221.323,6.298,2012,9,39,272,3,-1.0,-1.8369701987210297e-16,-1.0,-1.8369701987210297e-16
25,2012-10-05,18.69,1.323,221.962,5.687,2012,10,40,279,4,-0.8660254037844386,0.5000000000000001,-0.992708874098054,0.1205366802553232
25,2012-10-12,20.55,0.867,220.312,6.095,2012,10,41,286,4,-0.8660254037844386,0.5000000000000001,-0.9709418174260521,0.23931566428755738
25,2012-10-19,15.79,1.144,217.656,6.714,2012,10,42,293,4,-0.8660254037844386,0.5000000000000001,-0.9350162426854148,0.35460488704253557
25,2012-10-26,9.91,0.697,222.74,6.313,2012,10,43,300,4,-0.8660254037844386,0.5000000000000001,-0.8854560256532101,0.464723172043768
26,2010-02-05,63.97,3.404,208.933,8.545,2010,2,5,36,1,0.8660254037844386,0.5000000000000001,0.5680647467311558,0.8229838658936564
26,2010-02-12,66.97,3.399,210.204,9.545,2010,2,6,43,1,0.8660254037844386,0.5000000000000001,0.6631226582407952,0.7485107481711011
26,2010-02-19,63.67,3.98,207.664,9.523,2010,2,7,50,1,0.8660254037844386,0.5000000000000001,0.7485107481711011,0.6631226582407953
26,2010-02-26,71.43,3.471,210.156,10.159,2010,2,8,57,1,0.8660254037844386,0.5000000000000001,0.8229838658936564,0.5680647467311559
26,2010-03-05,61.55,4.033,212.568,9.872,2010,3,9,64,1,1.0,6.123233995736766e-17,0.8854560256532099,0.4647231720437686
26,2010-03-12,75.66,3.972,209.519,8.965,2010,3,10,71,1,1.0,6.123233995736766e-17,0.9350162426854148,0.35460488704253557
26,2010-03-19,81.14,3.96,209.108,9.993,2010,3,11,78,1,1.0,6.123233995736766e-17,0.970941817426052,0.23931566428755804
26,2010-03-26,72.56,3.846,208.727,9.93,2010,3,12,85,1,1.0,6.123233995736766e-17,0.992708874098054,0.120536680255323
26,2010-04-02,76.41,4.054,212.748,8.937,2010,4,13,92,2,0.8660254037844387,-0.4999999999999998,1.0,-1.6081226496766366e-16
26,2010-04-09,71.45,3.794,212.878,9.843,2010,4,14,99,2,0.8660254037844387,-0.4999999999999998,0.992708874098054,-0.12053668025532288
26,2010-04-16,78.17,3.824,210.262,10.1,2010,4,15,106,2,0.8660254037844387,-0.4999999999999998,0.9709418174260521,-0.2393156642875575
26,2010-04-23,73.78,3.999,211.947,9.615,2010,4,16,113,2,0.8660254037844387,-0.4999999999999998,0.9350162426854148,-0.35460488704253545
26,2010-04-30,68.61,3.879,210.0,9.322,2010,4,17,120,2,0.8660254037844387,-0.4999999999999998,0.8854560256532099,-0.4647231720437685
26,2010-05-07,70.07,3.779,208.613,9.606,2010,5,18,127,2,0.49999999999999994,-0.8660254037844387,0.8229838658936565,-0.5680647467311557
26,2010-05-14,68.77,3.689,207.525,9.093,2010,5,19,134,2,0.49999999999999994,-0.8660254037844387,0.7485107481711013,-0.663122658240795
26,2010-05-21,69.34,3.429,209.756,9.351,2010,5,20,141,2,0.49999999999999994,-0.8660254037844387,0.6631226582407952,-0.7485107481711012
26,2010-05-28,51.41,3.558,209.109,9.02,2010,5,21,148,2,0.49999999999999994,-0.8660254037844387,0.5680647467311558,-0.8229838658936564
26,2010-06-04,57.22,3.461,209.584,8.636,2010,6,22,155,2,1.2246467991473532e-16,-1.0,0.46472317204376906,-0.8854560256532096
26,2010-06-11,56.73,3.242,210.477,8.828,2010,6,23,162,2,1.2246467991473532e-16,-1.0,0.35460488704253584,-0.9350162426854147
26,2010-06-18,47.88,3.095,207.279,8.493,2010,6,24,169,2,1.2246467991473532e-16,-1.0,0.23931566428755768,-0.970941817426052
26,2010-06-25,52.94,2.392,211.86,7.695,2010,6,25,176,2,1.2246467991473532e-16,-1.0,0.12053668025532308,-0.992708874098054
26,2010-07-02,46.74,2.421,208.216,7.931,2010,7,26,183,3,-0.4999999999999997,-0.8660254037844388,-3.216245299353273e-16,-1.0
26,2010-07-09,45.53,2.089,211.719,7.404,2010,7,27,190,3,-0.4999999999999997,-0.8660254037844388,-0.12053668025532283,-0.992708874098054
26,2010-07-16,34.79,2.039,210.513,7.483,2010,7,28,197,3,-0.4999999999999997,-0.8660254037844388,-0.23931566428755743,-0.9709418174260521
26,2010-07-23,33.51,2.048,208.199,8.006,2010,7,29,204,3,-0.4999999999999997,-0.8660254037844388,-0.3546048870425356,-0.9350162426854148
26,2010-07-30,36.94,1.852,211.69,6.514,2010,7,30,211,3,-0.4999999999999997,-0.8660254037844388,-0.46472317204376806,-0.8854560256532101
26,2010-08-06,22.34,1.508,208.22,6.502,2010,8,31,218,3,-0.8660254037844385,-0.5000000000000004,-0.5680647467311556,-0.8229838658936566
26,2010-08-13,26.35,1.311,214.033,6.609,2010,8,32,225,3,-0.8660254037844385,-0.5000000000000004,-0.663122658240795,-0.7485107481711013
26,2010-08-20,15.6,1.235,213.28,7.007,2010,8,33,232,3,-0.8660254037844385,-0.5000000000000004,-0.7485107481711011,-0.6631226582407952
26,2010-08-27,15.4,1.6,209.11,6.245,2010,8,34,239,3,-0.8660254037844385,-0.5000000000000004,-0.8229838658936564,-0.5680647467311559
26,2010-09-03,17.33,1.265,211.211,5.782,2010,9,35,246,3,-1.0,-1.8369701987210297e-16,-0.8854560256532096,-0.4647231720437691
26,2010-09-10,23.02,0.652,207.66,6.743,2010,9,36,253,3,-1.0,-1.8369701987210297e-16,-0.9350162426854147,-0.3546048870425359
26,2010-09-17,12.57,1.229,209.706,5.352,2010,9,37,260,3,-1.0,-1.8369701987210297e-16,-0.970941817426052,-0.23931566428755774
26,2010-09-24,3.84,0.746,209.325,5.664,2010,9,38,267,3,-1.0,-1.8369701987210297e-16,-0.992708874098054,-0.12053668025532357
26,2010-10-01,14.59,0.901,208.522,6.387,2010,10,39,274,4,-0.8660254037844386,0.5000000000000001,-1.0,-1.8369701987210297e-16
26,2010-10-08,10.48,1.117,208.126,5.728,2010,10,40,281,4,-0.8660254037844386,0.5000000000000001,-0.992708874098054,0.1205366802553232
26,2010-10-15,17.95,0.961,208.794,5.872,2010,10,41,288,4,-0.8660254037844386,0.5000000000000001,-0.9709418174260521,0.23931566428755738
26,2010-10-22,10.08,0.769,212.622,6.051,2010,10,42,295,4,-0.8660254037844386,0.5000000000000001,-0.9350162426854148,0.35460488704253557
26,2010-10-29,13.41,1.095,210.41,6.878,2010,10,43,302,4,-0.8660254037844386,0.5000000000000001,-0.8854560256532101,0.464723172043768
26,2010-11-05,23.94,1.2,211.722,6.545,2010,11,44,309,4,-0.5000000000000004,0.8660254037844384,-0.822983865893657,0.5680647467311548
26,2010-11-12,19.7,1.292,212.793,6.832,2010,11,45,316,4,-0.5000000000000004,0.8660254037844384,-0.7485107481711011,0.6631226582407952
26,2010-11-19,28.02,1.099,213.17,7.445,2010,11,46,323,4,-0.5000000000000004,0.8660254037844384,-0.6631226582407955,0.7485107481711007
26,2010-11-26,30.3,1.742,208.416,6.868,2010,11,47,330,4,-0.5000000000000004,0.8660254037844384,-0.5680647467311559,0.8229838658936564
26,2010-12-03,26.78,1.796,210.655,6.648,2010,12,48,337,4,-2.4492935982947064e-16,1.0,-0.4647231720437684,0.88545602565321
26,2010-12-10,26.01,2.257,207.918,7.814,2010,12,49,344,4,-2.4492935982947064e-16,1.0,-0.35460488704253595,0.9350162426854147
26,2010-12-17,32.67,2.062,212.077,8.256,2010,12,50,351,4,-2.4492935982947064e-16,1.0,-0.2393156642875578,0.970941817426052
26,2010-12-24,37.84,2.21,209.65,7.995,2010,12,51,358,4,-2.4492935982947064e-16,1.0,-0.12053668025532363,0.992708874098054
26,2010-12-31,40.99,2.325,206.035,7.605,2010,12,52,365,4,-2.4492935982947064e-16,1.0,6.432490598706546e-16,1.0
26,2011-01-07,56.56,2.727,212.645,8.339,2011,1,1,7,1,0.49999999999999994,0.8660254037844387,0.12053668025532305,0.992708874098054
26,2011-01-14,57.84,2.912,216.849,8.757,2011,1,2,14,1,0.49999999999999994,0.8660254037844387,0.23931566428755774,0.970941817426052
26,2011-01-21,58.14,2.911,216.957,9.002,2011,1,3,21,1,0.49999999999999994,0.8660254037844387,0.3546048870425356,0.9350162426854148
26,2011-01-28,54.81,3.219,214.183,8.824,2011,1,4,28,1,0.49999999999999994,0.8660254037844387,0.4647231720437685,0.8854560256532099
26,2011-02-04,65.56,3.38,211.481,8.453,2011,2,5,35,1,0.8660254037844386,0.5000000000000001,0.5680647467311558,0.8229838658936564
26,2011-02-11,78.36,3.598,215.385,8.86,2011,2,6,42,1,0.8660254037844386,0.5000000000000001,0.6631226582407952,0.7485107481711011
26,2011-02-18,66.42,3.508,217.235,10.197,2011,2,7,49,1,0.8660254037844386,0.5000000000000001,0.7485107481711011,0.6631226582407953
26,2011-02-25,69.52,3.677,218.564,8.999,2011,2,8,56,1,0.8660254037844386,0.5000000000000001,0.8229838658936564,0.5680647467311559
26,2011-03-04,67.25,3.859,218.534,9.989,2011,3,9,63,1,1.0,6.123233995736766e-17,0.8854560256532099,0.4647231720437686
26,2011-03-11,77.7,3.661,213.876,10.622,2011,3,10,70,1,1.0,6.123233995736766e-17,0.9350162426854148,0.35460488704253557
26,2011-03-18,68.13,4.119,215.051,9.903,2011,3,11,77,1,1.0,6.123233995736766e-17,0.970941817426052,0.23931566428755804
26,2011-03-25,75.14,3.84,212.703,9.256,2011,3,12,84,1,1.0,6.123233995736766e-17,0.992708874098054,0.120536680255323
26,2011-04-01,75.63,3.699,216.503,9.501,2011,4,13,91,2,0.8660254037844387,-0.4999999999999998,1.0,-1.6081226496766366e-16
26,2011-04-08,75.74,4.187,214.691,9.367,2011,4,14,98,2,0.8660254037844387,-0.4999999999999998,0.992708874098054,-0.12053668025532288
26,2011-04-15,78.9,4.059,215.724,9.964,2011,4,15,105,2,0.8660254037844387,-0.4999999999999998,0.9709418174260521,-0.2393156642875575
26,2011-04-22,69.86,3.946,216.456,9.668,2011,4,16,112,2,0.8660254037844387,-0.4999999999999998,0.9350162426854148,-0.35460488704253545
26,2011-04-29,80.65,3.863,212.67,10.084,2011,4,17,119,2,0.8660254037844387,-0.4999999999999998,0.8854560256532099,-0.4647231720437685
26,2011-05-06,69.95,3.34,216.071,9.278,2011,5,18,126,2,0.49999999999999994,-0.8660254037844387,0.8229838658936565,-0.5680647467311557
26,2011-05-13,59.87,3.538,213.351,9.674,2011,5,19,133,2,0.49999999999999994,-0.8660254037844387,0.7485107481711013,-0.663122658240795
26,2011-05-20,57.47,3.963,216.145,8.726,2011,5,20,140,2,0.49999999999999994,-0.8660254037844387,0.6631226582407952,-0.7485107481711012
26,2011-05-27,60.32,3.275,211.589,9.262,2011,5,21,147,2,0.49999999999999994,-0.8660254037844387,0.5680647467311558,-0.8229838658936564
26,2011-06-03,54.19,3.14,218.923,8.759,2011,6,22,154,2,1.2246467991473532e-16,-1.0,0.46472317204376906,-0.8854560256532096
26,2011-06-10,52.23,3.055,212.722,8.678,2011,6,23,161,2,1.2246467991473532e-16,-1.0,0.35460488704253584,-0.9350162426854147
26,2011-06-17,57.2,2.73,211.523,8.786,2011,6,24,168,2,1.2246467991473532e-16,-1.0,0.23931566428755768,-0.970941817426052
26,2011-06-24,53.02,2.887,214.391,8.493,2011,6,25,175,2,1.2246467991473532e-16,-1.0,0.12053668025532308,-0.992708874098054
26,2011-07-01,50.98,2.459,213.39,8.188,2011,7,26,182,3,-0.4999999999999997,-0.8660254037844388,-3.216245299353273e-16,-1.0
26,2011-07-08,46.76,2.259,217.893,7.775,2011,7,27,189,3,-0.4999999999999997,-0.8660254037844388,-0.12053668025532283,-0.992708874098054
26,2011-07-15,34.62,1.902,214.275,7.037,2011,7,28,196,3,-0.4999999999999997,-0.8660254037844388,-0.23931566428755743,-0.9709418174260521
26,2011-07-22,47.36,2.205,215.23,6.896,2011,7,29,203,3,-0.4999999999999997,-0.8660254037844388,-0.3546048870425356,-0.9350162426854148
26,2011-07-29,31.83,1.822,215.768,5.809,2011,7,30,210,3,-0.4999999999999997,-0.8660254037844388,-0.46472317204376806,-0.8854560256532101
26,2011-08-05,27.31,1.559,212.88,7.66,2011,8,31,217,3,-0.8660254037844385,-0.5000000000000004,-0.5680647467311556,-0.8229838658936566
26,2011-08-12,25.29,1.359,214.409,6.266,2011,8,32,224,3,-0.8660254037844385,-0.5000000000000004,-0.663122658240795,-0.7485107481711013
26,2011-08-19,23.54,1.73,213.367,6.303,2011,8,33,231,3,-0.8660254037844385,-0.5000000000000004,-0.7485107481711011,-0.6631226582407952
26,2011-08-26,19.33,1.489,213.242,5.932,2011,8,34,238,3,-0.8660254037844385,-0.5000000000000004,-0.8229838658936564,-0.5680647467311559
26,2011-09-02,14.0,1.225,216.412,6.824,2011,9,35,245,3,-1.0,-1.8369701987210297e-16,-0.8854560256532096,-0.4647231720437691
26,2011-09-09,16.14,1.177,219.903,5.318,2011,9,36,252,3,-1.0,-1.8369701987210297e-16,-0.9350162426854147,-0.3546048870425359
26,2011-09-16,17.52,1.341,215.627,6.032,2011,9,37,259,3,-1.0,-1.8369701987210297e-16,-0.970941817426052,-0.23931566428755774
26,2011-09-23,27.62,1.235,214.873,5.612,2011,9,38,266,3,-1.0,-1.8369701987210297e-16,-0.992708874098054,-0.12053668025532357
26,2011-09-30,5.42,1.035,216.248,6.355,2011,9,39,273,3,-1.0,-1.8369701987210297e-16,-1.0,-1.8369701987210297e-16
26,2011-10-07,26.0,1.065,214.34,6.037,2011,10,40,280,4,-0.8660254037844386,0.5000000000000001,-0.992708874098054,0.1205366802553232
26,2011-10-14,13.02,1.283,214.588,5.572,2011,10,41,287,4,-0.8660254037844386,0.5000000000000001,-0.9709418174260521,0.23931566428755738
26,2011-10-21,13.54,1.146,215.875,6.293,2011,10,42,294,4,-0.8660254037844386,0.5000000000000001,-0.9350162426854148,0.35460488704253557
26,2011-10-28,24.39,1.07,218.135,5.938,2011,10,43,301,4,-0.8660254037844386,0.5000000000000001,-0.8854560256532101,0.464723172043768
26,2011-11-04,10.05,1.242,216.504,6.271,2011,11,44,308,4,-0.5000000000000004,0.8660254037844384,-0.822983865893657,0.5680647467311548
26,2011-11-11,19.75,1.008,213.419,5.816,2011,11,45,315,4,-0.5000000000000004,0.8660254037844384,-0.7485107481711011,0.6631226582407952
26,2011-11-18,20.3,1.967,214.148,6.86,2011,11,46,322,4,-0.5000000000000004,0.8660254037844384,-0.6631226582407955,0.7485107481711007
26,2011-11-25,23.99,1.637,213.895,5.544,2011,11,47,329,4,-0.5000000000000004,0.8660254037844384,-0.5680647467311559,0.8229838658936564
26,2011-12-02,30.06,1.815,218.118,8.423,2011,12,48,336,4,-2.4492935982947064e-16,1.0,-0.4647231720437684,0.88545602565321
26,2011-12-09,37.25,1.713,217.158,7.492,2011,12,49,343,4,-2.4492935982947064e-16,1.0,-0.35460488704253595,0.9350162426854147
26,2011-12-16,31.72,1.953,216.434,6.54,2011,12,50,350,4,-2.4492935982947064e-16,1.0,-0.2393156642875578,0.970941817426052
26,2011-12-23,40.09,2.422,213.277,7.908,2011,12,51,357,4,-2.4492935982947064e-16,1.0,-0.12053668025532363,0.992708874098054
26,2011-12-30,49.79,2.512,218.372,7.955,2011,12,52,364,4,-2.4492935982947064e-16,1.0,6.432490598706546e-16,1.0
26,2012-01-06,52.01,2.765,218.235,7.669,2012,1,1,6,1,0.49999999999999994,0.8660254037844387,0.12053668025532305,0.992708874098054
26,2012-01-13,47.98,2.823,222.064,8.81,2012,1,2,13,1,0.49999999999999994,0.8660254037844387,0.23931566428755774,0.970941817426052
26,2012-01-20,59.03,3.25,217.825,8.946,2012,1,3,20,1,0.49999999999999994,0.8660254037844387,0.3546048870425356,0.9350162426854148
26,2012-01-27,55.73,2.838,219.762,9.195,2012,1,4,27,1,0.49999999999999994,0.8660254037844387,0.4647231720437685,0.8854560256532099
26,2012-02-03,63.75,3.647,220.594,9.012,2012,2,5,34,1,0.8660254037844386,0.5000000000000001,0.5680647467311558,0.8229838658936564
26,2012-02-10,65.37,3.761,222.666,10.013,2012,2,6,41,1,0.8660254037844386,0.5000000000000001,0.6631226582407952,0.7485107481711011
26,2012-02-17,66.86,3.666,219.168,9.471,2012,2,7,48,1,0.8660254037844386,0.5000000000000001,0.7485107481711011,0.6631226582407953
26,2012-02-24,67.73,3.618,221.07,9.459,2012,2,8,55,1,0.8660254037844386,0.5000000000000001,0.8229838658936564,0.5680647467311559
26,2012-03-02,79.42,4.125,219.758,9.132,2012,3,9,62,1,1.0,6.123233995736766e-17,0.8854560256532099,0.4647231720437686
26,2012-03-09,71.16,3.866,218.892,10.353,2012,3,10,69,1,1.0,6.123233995736766e-17,0.9350162426854148,0.35460488704253557
26,2012-03-16,67.82,3.585,220.563,10.037,2012,3,11,76,1,1.0,6.123233995736766e-17,0.970941817426052,0.23931566428755804
26,2012-03-23,85.28,4.039,219.887,9.936,2012,3,12,83,1,1.0,6.123233995736766e-17,0.992708874098054,0.120536680255323
26,2012-03-30,71.22,3.822,221.752,9.975,2012,3,13,90,1,1.0,6.123233995736766e-17,1.0,-1.6081226496766366e-16
26,2012-04-06,74.93,4.117,217.677,10.401,2012,4,14,97,2,0.8660254037844387,-0.4999999999999998,0.992708874098054,-0.12053668025532288
26,2012-04-13,77.43,3.497,216.941,10.307,2012,4,15,104,2,0.8660254037844387,-0.4999999999999998,0.9709418174260521,-0.2393156642875575
26,2012-04-20,75.1,3.858,222.073,10.291,2012,4,16,111,2,0.8660254037844387,-0.4999999999999998,0.9350162426854148,-0.35460488704253545
26,2012-04-27,76.84,3.867,219.763,9.578,2012,4,17,118,2,0.8660254037844387,-0.4999999999999998,0.8854560256532099,-0.4647231720437685
26,2012-05-04,68.52,4.155,220.028,9.216,2012,5,18,125,2,0.49999999999999994,-0.8660254037844387,0.8229838658936565,-0.5680647467311557
26,2012-05-11,71.37,3.709,220.111,10.268,2012,5,19,132,2,0.49999999999999994,-0.8660254037844387,0.7485107481711013,-0.663122658240795
26,2012-05-18,67.39,3.212,219.745,9.305,2012,5,20,139,2,0.49999999999999994,-0.8660254037844387,0.6631226582407952,-0.7485107481711012
26,2012-05-25,61.78,3.665,218.646,9.232,2012,5,21,146,2,0.49999999999999994,-0.8660254037844387,0.5680647467311558,-0.8229838658936564
26,2012-06-01,64.61,3.27,223.521,7.798,2012,6,22,153,2,1.2246467991473532e-16,-1.0,0.46472317204376906,-0.8854560256532096
26,2012-06-08,57.49,3.326,220.398,8.643,2012,6,23,160,2,1.2246467991473532e-16,-1.0,0.35460488704253584,-0.9350162426854147
26,2012-06-15,43.78,2.629,219.572,9.257,2012,6,24,167,2,1.2246467991473532e-16,-1.0,0.23931566428755768,-0.970941817426052
26,2012-06-22,49.43,2.648,218.657,8.284,2012,6,25,174,2,1.2246467991473532e-16,-1.0,0.12053668025532308,-0.992708874098054
26,2012-06-29,48.24,2.788,218.6,8.386,2012,6,26,181,2,1.2246467991473532e-16,-1.0,-3.216245299353273e-16,-1.0
26,2012-07-06,34.03,2.703,222.327,7.159,2012,7,27,188,3,-0.4999999999999997,-0.8660254037844388,-0.12053668025532283,-0.992708874098054
26,2012-07-13,41.8,2.3,219.406,7.753,2012,7,28,195,3,-0.4999999999999997,-0.8660254037844388,-0.23931566428755743,-0.9709418174260521
26,2012-07-20,28.89,1.879,221.183,7.583,2012,7,29,202,3,-0.4999999999999997,-0.8660254037844388,-0.3546048870425356,-0.9350162426854148
26,2012-07-27,29.01,1.695,219.479,7.091,2012,7,30,209,3,-0.4999999999999997,-0.8660254037844388,-0.46472317204376806,-0.8854560256532101
26,2012-08-03,28.4,1.873,221.689,6.523,2012,8,31,216,3,-0.8660254037844385,-0.5000000000000004,-0.5680647467311556,-0.8229838658936566
26,2012-08-10,27.14,1.81,221.971,6.512,2012,8,32,223,3,-0.8660254037844385,-0.5000000000000004,-0.663122658240795,-0.7485107481711013
26,2012-08-17,14.91,1.452,214.236,6.581,2012,8,33,230,3,-0.8660254037844385,-0.5000000000000004,-0.7485107481711011,-0.6631226582407952
26,2012-08-24,25.0,1.259,223.707,6.42,2012,8,34,237,3,-0.8660254037844385,-0.5000000000000004,-0.8229838658936564,-0.5680647467311559
26,2012-08-31,10.94,1.056,218.395,5.823,2012,8,35,244,3,-0.8660254037844385,-0.5000000000000004,-0.8854560256532096,-0.4647231720437691
26,2012-09-07,17.05,1.206,217.067,6.266,2012,9,36,251,3,-1.0,-1.8369701987210297e-16,-0.9350162426854147,-0.3546048870425359
26,2012-09-14,17.28,0.979,220.521,5.994,2012,9,37,258,3,-1.0,-1.8369701987210297e-16,-0.970941817426052,-0.23931566428755774
26,2012-09-21,8.6,1.078,219.179,5.795,2012,9,38,265,3,-1.0,-1.8369701987210297e-16,-0.992708874098054,-0.12053668025532357
26,2012-09-28,20.34,1.06,221.887,5.47,2012,9,39,272,3,-1.0,-1.8369701987210297e-16,-1.0,-1.8369701987210297e-16
26,2012-10-05,11.16,1.274,220.091,5.907,2012,10,40,279,4,-0.8660254037844386,0.5000000000000001,-0.992708874098054,0.1205366802553232
26,2012-10-12,15.47,1.084,222.137,6.043,2012,10,41,286,4,-0.8660254037844386,0.5000000000000001,-0.9709418174260521,0.23931566428755738
26,2012-10-19,12.57,0.941,218.678,6.549,2012,10,42,293,4,-0.8660254037844386,0.5000000000000001,-0.9350162426854148,0.35460488704253557
26,2012-10-26,16.62,1.146,220.299,6.358,2012,10,43,300,4,-0.8660254037844386,0.5000000000000001,-0.8854560256532101,0.464723172043768
27,2010-02-05,63.99,3.215,210.754,9.808,2010,2,5,36,1,0.8660254037844386,0.5000000000000001,0.5680647467311558,0.8229838658936564
27,2010-02-12,62.96,3.669,212.945,9.993,2010,2,6,43,1,0.8660254037844386,0.5000000000000001,0.6631226582407952,0.7485107481711011
27,2010-02-19,70.85,3.645,212.26,9.434,2010,2,7,50,1,0.8660254037844386,0.5000000000000001,0.7485107481711011,0.6631226582407953
27,2010-02-26,65.14,3.665,210.936,9.917,2010,2,8,57,1,0.8660254037844386,0.5000000000000001,0.8229838658936564,0.5680647467311559
27,2010-03-05,74.76,3.967,211.421,9.042,2010,3,9,64,1,1.0,6.123233995736766e-17,0.8854560256532099,0.4647231720437686
27,2010-03-12,69.8,4.274,210.518,10.083,2010,3,10,71,1,1.0,6.123233995736766e-17,0.9350162426854148,0.35460488704253557
27,2010-03-19,75.13,4.168,210.107,9.759,2010,3,11,78,1,1.0,6.123233995736766e-17,0.970941817426052,0.23931566428755804
27,2010-03-26,68.13,4.287,211.763,10.432,2010,3,12,85,1,1.0,6.123233995736766e-17,0.992708874098054,0.120536680255323
27,2010-04-02,74.61,3.875,213.256,10.154,2010,4,13,92,2,0.8660254037844387,-0.4999999999999998,1.0,-1.6081226496766366e-16
27,2010-04-09,74.22,4.039,210.009,10.46,2010,4,14,99,2,0.8660254037844387,-0.4999999999999998,0.992708874098054,-0.12053668025532288
27,2010-04-16,78.5,4.099,210.586,10.032,2010,4,15,106,2,0.8660254037844387,-0.4999999999999998,0.9709418174260521,-0.2393156642875575
27,2010-04-23,82.02,4.151,209.458,9.642,2010,4,16,113,2,0.8660254037844387,-0.4999999999999998,0.9350162426854148,-0.35460488704253545
27,2010-04-30,74.44,4.199,209.03,9.125,2010,4,17,120,2,0.8660254037844387,-0.4999999999999998,0.8854560256532099,-0.4647231720437685
27,2010-05-07,69.26,3.626,211.182,9.951,2010,5,18,127,2,0.49999999999999994,-0.8660254037844387,0.8229838658936565,-0.5680647467311557
27,2010-05-14,73.1,3.485,212.207,9.512,2010,5,19,134,2,0.49999999999999994,-0.8660254037844387,0.7485107481711013,-0.663122658240795
27,2010-05-21,66.94,3.44,211.447,9.37,2010,5,20,141,2,0.49999999999999994,-0.8660254037844387,0.6631226582407952,-0.7485107481711012
27,2010-05-28,68.13,3.123,209.605,8.863,2010,5,21,148,2,0.49999999999999994,-0.8660254037844387,0.5680647467311558,-0.8229838658936564
27,2010-06-04,63.45,3.095,207.407,8.765,2010,6,22,155,2,1.2246467991473532e-16,-1.0,0.46472317204376906,-0.8854560256532096
27,2010-06-11,57.94,3.373,213.426,8.094,2010,6,23,162,2,1.2246467991473532e-16,-1.0,0.35460488704253584,-0.9350162426854147
27,2010-06-18,52.96,2.679,208.466,8.301,2010,6,24,169,2,1.2246467991473532e-16,-1.0,0.23931566428755768,-0.970941817426052
27,2010-06-25,40.72,2.629,209.021,8.259,2010,6,25,176,2,1.2246467991473532e-16,-1.0,0.12053668025532308,-0.992708874098054
27,2010-07-02,39.14,2.332,209.29,6.938,2010,7,26,183,3,-0.4999999999999997,-0.8660254037844388,-3.216245299353273e-16,-1.0
27,2010-07-09,41.54,2.126,211.57,7.728,2010,7,27,190,3,-0.4999999999999997,-0.8660254037844388,-0.12053668025532283,-0.992708874098054
27,2010-07-16,34.3,2.284,208.478,7.206,2010,7,28,197,3,-0.4999999999999997,-0.8660254037844388,-0.23931566428755743,-0.9709418174260521
27,2010-07-23,37.3,1.939,207.197,6.839,2010,7,29,204,3,-0.4999999999999997,-0.8660254037844388,-0.3546048870425356,-0.9350162426854148
27,2010-07-30,32.42,1.839,213.399,6.13,2010,7,30,211,3,-0.4999999999999997,-0.8660254037844388,-0.46472317204376806,-0.8854560256532101
27,2010-08-06,28.66,1.874,209.645,6.015,2010,8,31,218,3,-0.8660254037844385,-0.5000000000000004,-0.5680647467311556,-0.8229838658936566
27,2010-08-13,25.71,1.267,211.961,6.296,2010,8,32,225,3,-0.8660254037844385,-0.5000000000000004,-0.663122658240795,-0.7485107481711013
27,2010-08-20,21.54,1.387,209.06,6.165,2010,8,33,232,3,-0.8660254037844385,-0.5000000000000004,-0.7485107481711011,-0.6631226582407952
27,2010-08-27,27.54,1.318,211.01,5.692,2010,8,34,239,3,-0.8660254037844385,-0.5000000000000004,-0.8229838658936564,-0.5680647467311559
27,2010-09-03,17.23,1.15,206.922,6.617,2010,9,35,246,3,-1.0,-1.8369701987210297e-16,-0.8854560256532096,-0.4647231720437691
27,2010-09-10,23.35,1.026,206.436,5.781,2010,9,36,253,3,-1.0,-1.8369701987210297e-16,-0.9350162426854147,-0.3546048870425359
27,2010-09-17,11.69,0.945,210.766,6.547,2010,9,37,260,3,-1.0,-1.8369701987210297e-16,-0.970941817426052,-0.23931566428755774
27,2010-09-24,11.51,1.199,208.698,5.891,2010,9,38,267,3,-1.0,-1.8369701987210297e-16,-0.992708874098054,-0.12053668025532357
27,2010-10-01,22.45,1.133,213.465,5.483,2010,10,39,274,4,-0.8660254037844386,0.5000000000000001,-1.0,-1.8369701987210297e-16
27,2010-10-08,28.96,0.766,210.75,6.118,2010,10,40,281,4,-0.8660254037844386,0.5000000000000001,-0.992708874098054,0.1205366802553232
27,2010-10-15,8.23,0.677,209.934,6.009,2010,10,41,288,4,-0.8660254037844386,0.5000000000000001,-0.9709418174260521,0.23931566428755738
27,2010-10-22,26.49,0.675,207.864,5.959,2010,10,42,295,4,-0.8660254037844386,0.5000000000000001,-0.9350162426854148,0.35460488704253557
27,2010-10-29,21.47,1.453,212.38,6.334,2010,10,43,302,4,-0.8660254037844386,0.5000000000000001,-0.8854560256532101,0.464723172043768
27,2010-11-05,23.92,1.361,213.317,6.189,2010,11,44,309,4,-0.5000000000000004,0.8660254037844384,-0.822983865893657,0.5680647467311548
27,2010-11-12,26.4,1.405,211.223,6.208,2010,11,45,316,4,-0.5000000000000004,0.8660254037844384,-0.7485107481711011,0.6631226582407952
27,2010-11-19,19.5,1.616,212.506,6.621,2010,11,46,323,4,-0.5000000000000004,0.8660254037844384,-0.6631226582407955,0.7485107481711007
27,2010-11-26,31.34,1.749,208.345,6.817,2010,11,47,330,4,-0.5000000000000004,0.8660254037844384,-0.5680647467311559,0.8229838658936564
27,2010-12-03,26.67,1.665,210.786,7.262,2010,12,48,337,4,-2.4492935982947064e-16,1.0,-0.4647231720437684,0.88545602565321
27,2010-12-10,33.77,1.86,210.842,7.143,2010,12,49,344,4,-2.4492935982947064e-16,1.0,-0.35460488704253595,0.9350162426854147
27,2010-12-17,30.93,2.49,211.743,7.704,2010,12,50,351,4,-2.4492935982947064e-16,1.0,-0.2393156642875578,0.970941817426052
27,2010-12-24,45.3,2.121,211.59,7.877,2010,12,51,358,4,-2.4492935982947064e-16,1.0,-0.12053668025532363,0.992708874098054
27,2010-12-31,41.91,2.446,209.234,7.767,2010,12,52,365,4,-2.4492935982947064e-16,1.0,6.432490598706546e-16,1.0
27,2011-01-07,50.9,2.788,221.287,7.488,2011,1,1,7,1,0.49999999999999994,0.8660254037844387,0.12053668025532305,0.992708874098054
27,2011-01-14,53.84,2.715,218.156,8.007,2011,1,2,14,1,0.49999999999999994,0.8660254037844387,0.23931566428755774,0.970941817426052
27,2011-01-21,65.81,3.078,214.315,8.562,2011,1,3,21,1,0.49999999999999994,0.8660254037844387,0.3546048870425356,0.9350162426854148
27,2011-01-28,64.87,3.245,215.703,8.758,2011,1,4,28,1,0.49999999999999994,0.8660254037844387,0.4647231720437685,0.8854560256532099
27,2011-02-04,70.24,3.261,216.304,9.292,2011,2,5,35,1,0.8660254037844386,0.5000000000000001,0.5680647467311558,0.8229838658936564
27,2011-02-11,73.17,3.609,212.682,10.004,2011,2,6,42,1,0.8660254037844386,0.5000000000000001,0.6631226582407952,0.7485107481711011
27,2011-02-18,72.24,3.281,217.676,9.32,2011,2,7,49,1,0.8660254037844386,0.5000000000000001,0.7485107481711011,0.6631226582407953
27,2011-02-25,78.81,3.468,213.959,9.934,2011,2,8,56,1,0.8660254037844386,0.5000000000000001,0.8229838658936564,0.5680647467311559
27,2011-03-04,77.21,3.833,214.773,10.01,2011,3,9,63,1,1.0,6.123233995736766e-17,0.8854560256532099,0.4647231720437686
27,2011-03-11,75.74,4.148,214.446,10.348,2011,3,10,70,1,1.0,6.123233995736766e-17,0.9350162426854148,0.35460488704253557
27,2011-03-18,70.49,3.906,215.239,9.824,2011,3,11,77,1,1.0,6.123233995736766e-17,0.970941817426052,0.23931566428755804
27,2011-03-25,76.81,3.869,217.485,8.975,2011,3,12,84,1,1.0,6.123233995736766e-17,0.992708874098054,0.120536680255323
27,2011-04-01,76.97,4.046,213.098,10.568,2011,4,13,91,2,0.8660254037844387,-0.4999999999999998,1.0,-1.6081226496766366e-16
27,2011-04-08,67.27,4.051,216.878,10.207,2011,4,14,98,2,0.8660254037844387,-0.4999999999999998,0.992708874098054,-0.12053668025532288
27,2011-04-15,74.79,3.641,216.601,9.86,2011,4,15,105,2,0.8660254037844387,-0.4999999999999998,0.9709418174260521,-0.2393156642875575
27,2011-04-22,85.54,3.881,215.667,9.179,2011,4,16,112,2,0.8660254037844387,-0.4999999999999998,0.9350162426854148,-0.35460488704253545
27,2011-04-29,74.9,3.702,216.093,10.133,2011,4,17,119,2,0.8660254037844387,-0.4999999999999998,0.8854560256532099,-0.4647231720437685
27,2011-05-06,75.49,3.751,211.13,9.752,2011,5,18,126,2,0.49999999999999994,-0.8660254037844387,0.8229838658936565,-0.5680647467311557
27,2011-05-13,72.65,3.545,216.462,9.278,2011,5,19,133,2,0.49999999999999994,-0.8660254037844387,0.7485107481711013,-0.663122658240795
27,2011-05-20,57.24,3.489,213.915,8.941,2011,5,20,140,2,0.49999999999999994,-0.8660254037844387,0.6631226582407952,-0.7485107481711012
27,2011-05-27,60.84,3.332,217.254,9.251,2011,5,21,147,2,0.49999999999999994,-0.8660254037844387,0.5680647467311558,-0.8229838658936564
27,2011-06-03,54.52,2.934,218.944,8.942,2011,6,22,154,2,1.2246467991473532e-16,-1.0,0.46472317204376906,-0.8854560256532096
27,2011-06-10,59.66,3.363,214.712,9.166,2011,6,23,161,2,1.2246467991473532e-16,-1.0,0.35460488704253584,-0.9350162426854147
27,2011-06-17,46.64,2.643,214.896,8.405,2011,6,24,168,2,1.2246467991473532e-16,-1.0,0.23931566428755768,-0.970941817426052
27,2011-06-24,57.04,2.897,214.137,8.594,2011,6,25,175,2,1.2246467991473532e-16,-1.0,0.12053668025532308,-0.992708874098054
27,2011-07-01,40.7,2.669,213.276,7.731,2011,7,26,182,3,-0.4999999999999997,-0.8660254037844388,-3.216245299353273e-16,-1.0
27,2011-07-08,46.28,2.467,213.942,7.813,2011,7,27,189,3,-0.4999999999999997,-0.8660254037844388,-0.12053668025532283,-0.992708874098054
27,2011-07-15,38.03,2.345,216.668,7.942,2011,7,28,196,3,-0.4999999999999997,-0.8660254037844388,-0.23931566428755743,-0.9709418174260521
27,2011-07-22,40.03,2.144,215.654,6.521,2011,7,29,203,3,-0.4999999999999997,-0.8660254037844388,-0.3546048870425356,-0.9350162426854148
27,2011-07-29,34.16,1.877,216.466,7.725,2011,7,30,210,3,-0.4999999999999997,-0.8660254037844388,-0.46472317204376806,-0.8854560256532101
27,2011-08-05,28.39,1.752,218.311,7.084,2011,8,31,217,3,-0.8660254037844385,-0.5000000000000004,-0.5680647467311556,-0.8229838658936566
27,2011-08-12,28.54,1.832,211.984,6.302,2011,8,32,224,3,-0.8660254037844385,-0.5000000000000004,-0.663122658240795,-0.7485107481711013
27,2011-08-19,17.09,1.357,218.044,6.522,2011,8,33,231,3,-0.8660254037844385,-0.5000000000000004,-0.7485107481711011,-0.6631226582407952
27,2011-08-26,22.36,1.169,208.986,6.492,2011,8,34,238,3,-0.8660254037844385,-0.5000000000000004,-0.8229838658936564,-0.5680647467311559
27,2011-09-02,24.98,1.214,214.805,6.885,2011,9,35,245,3,-1.0,-1.8369701987210297e-16,-0.8854560256532096,-0.4647231720437691
27,2011-09-09,8.28,0.99,214.211,5.324,2011,9,36,252,3,-1.0,-1.8369701987210297e-16,-0.9350162426854147,-0.3546048870425359
27,2011-09-16,20.05,0.647,217.962,5.835,2011,9,37,259,3,-1.0,-1.8369701987210297e-16,-0.970941817426052,-0.23931566428755774
27,2011-09-23,15.41,1.139,211.92,7.579,2011,9,38,266,3,-1.0,-1.8369701987210297e-16,-0.992708874098054,-0.12053668025532357
27,2011-09-30,13.8,0.759,214.01,5.968,2011,9,39,273,3,-1.0,-1.8369701987210297e-16,-1.0,-1.8369701987210297e-16
27,2011-10-07,10.52,1.045,216.477,5.148,2011,10,40,280,4,-0.8660254037844386,0.5000000000000001,-0.992708874098054,0.1205366802553232
27,2011-10-14,16.81,1.29,214.086,5.556,2011,10,41,287,4,-0.8660254037844386,0.5000000000000001,-0.9709418174260521,0.23931566428755738
27,2011-10-21,11.66,0.989,214.673,4.826,2011,10,42,294,4,-0.8660254037844386,0.5000000000000001,-0.9350162426854148,0.35460488704253557
27,2011-10-28,18.56,1.237,213.143,6.528,2011,10,43,301,4,-0.8660254037844386,0.5000000000000001,-0.8854560256532101,0.464723172043768
27,2011-11-04,23.35,1.218,216.351,6.121,2011,11,44,308,4,-0.5000000000000004,0.8660254037844384,-0.822983865893657,0.5680647467311548
27,2011-11-11,26.73,1.002,213.994,6.33,2011,11,45,315,4,-0.5000000000000004,0.8660254037844384,-0.7485107481711011,0.6631226582407952
27,2011-11-18,22.28,1.368,214.597,6.541,2011,11,46,322,4,-0.5000000000000004,0.8660254037844384,-0.6631226582407955,0.7485107481711007
27,2011-11-25,30.14,1.431,213.501,6.856,2011,11,47,329,4,-0.5000000000000004,0.8660254037844384,-0.5680647467311559,0.8229838658936564
27,2011-12-02,38.38,1.857,217.994,7.427,2011,12,48,336,4,-2.4492935982947064e-16,1.0,-0.4647231720437684,0.88545602565321
27,2011-12-09,39.32,1.852,211.38,6.919,2011,12,49,343,4,-2.4492935982947064e-16,1.0,-0.35460488704253595,0.9350162426854147
27,2011-12-16,34.39,2.057,214.342,7.511,2011,12,50,350,4,-2.4492935982947064e-16,1.0,-0.2393156642875578,0.970941817426052
27,2011-12-23,35.0,2.195,215.222,7.295,2011,12,51,357,4,-2.4492935982947064e-16,1.0,-0.12053668025532363,0.992708874098054
27,2011-12-30,49.13,2.638,215.598,8.285,2011,12,52,364,4,-2.4492935982947064e-16,1.0,6.432490598706546e-16,1.0
27,2012-01-06,45.94,2.668,220.512,8.423,2012,1,1,6,1,0.49999999999999994,0.8660254037844387,0.12053668025532305,0.992708874098054
27,2012-01-13,61.44,2.778,219.525,9.126,2012,1,2,13,1,0.49999999999999994,0.8660254037844387,0.23931566428755774,0.970941817426052
27,2012-01-20,61.63,3.166,220.863,8.45,2012,1,3,20,1,0.49999999999999994,0.8660254037844387,0.3546048870425356,0.9350162426854148
27,2012-01-27,58.73,3.033,220.169,8.679,2012,1,4,27,1,0.49999999999999994,0.8660254037844387,0.4647231720437685,0.8854560256532099
27,2012-02-03,66.16,3.399,219.302,8.697,2012,2,5,34,1,0.8660254037844386,0.5000000000000001,0.5680647467311558,0.8229838658936564
27,2012-02-10,61.79,3.787,222.049,8.78,2012,2,6,41,1,0.8660254037844386,0.5000000000000001,0.6631226582407952,0.7485107481711011
27,2012-02-17,70.48,3.853,221.667,9.308,2012,2,7,48,1,0.8660254037844386,0.5000000000000001,0.7485107481711011,0.6631226582407953
27,2012-02-24,75.47,3.961,221.521,10.24,2012,2,8,55,1,0.8660254037844386,0.5000000000000001,0.8229838658936564,0.5680647467311559
27,2012-03-02,72.22,3.599,220.191,10.1,2012,3,9,62,1,1.0,6.123233995736766e-17,0.8854560256532099,0.4647231720437686
27,2012-03-09,67.71,3.937,220.767,8.864,2012,3,10,69,1,1.0,6.123233995736766e-17,0.9350162426854148,0.35460488704253557
27,2012-03-16,68.54,4.089,218.83,10.67,2012,3,11,76,1,1.0,6.123233995736766e-17,0.970941817426052,0.23931566428755804
27,2012-03-23,69.53,3.902,217.565,10.265,2012,3,12,83,1,1.0,6.123233995736766e-17,0.992708874098054,0.120536680255323
27,2012-03-30,69.05,4.322,218.255,9.911,2012,3,13,90,1,1.0,6.123233995736766e-17,1.0,-1.6081226496766366e-16
27,2012-04-06,76.31,3.886,217.784,10.275,2012,4,14,97,2,0.8660254037844387,-0.4999999999999998,0.992708874098054,-0.12053668025532288
27,2012-04-13,81.92,3.897,219.012,9.421,2012,4,15,104,2,0.8660254037844387,-0.4999999999999998,0.9709418174260521,-0.2393156642875575
27,2012-04-20,79.15,3.724,222.21,9.231,2012,4,16,111,2,0.8660254037844387,-0.4999999999999998,0.9350162426854148,-0.35460488704253545
27,2012-04-27,68.7,4.051,224.416,9.299,2012,4,17,118,2,0.8660254037844387,-0.4999999999999998,0.8854560256532099,-0.4647231720437685
27,2012-05-04,69.7,3.782,213.989,10.092,2012,5,18,125,2,0.49999999999999994,-0.8660254037844387,0.8229838658936565,-0.5680647467311557
27,2012-05-11,69.59,3.793,218.709,10.221,2012,5,19,132,2,0.49999999999999994,-0.8660254037844387,0.7485107481711013,-0.663122658240795
27,2012-05-18,72.79,3.337,220.983,9.459,2012,5,20,139,2,0.49999999999999994,-0.8660254037844387,0.6631226582407952,-0.7485107481711012
27,2012-05-25,61.22,3.597,222.384,8.626,2012,5,21,146,2,0.49999999999999994,-0.8660254037844387,0.5680647467311558,-0.8229838658936564
27,2012-06-01,47.89,3.346,218.327,9.0,2012,6,22,153,2,1.2246467991473532e-16,-1.0,0.46472317204376906,-0.8854560256532096
27,2012-06-08,50.79,3.174,220.533,9.155,2012,6,23,160,2,1.2246467991473532e-16,-1.0,0.35460488704253584,-0.9350162426854147
27,2012-06-15,54.04,2.763,219.792,7.884,2012,6,24,167,2,1.2246467991473532e-16,-1.0,0.23931566428755768,-0.970941817426052
27,2012-06-22,58.76,2.884,220.022,9.222,2012,6,25,174,2,1.2246467991473532e-16,-1.0,0.12053668025532308,-0.992708874098054
27,2012-06-29,53.35,2.322,217.655,8.261,2012,6,26,181,2,1.2246467991473532e-16,-1.0,-3.216245299353273e-16,-1.0
27,2012-07-06,41.54,2.589,219.809,7.96,2012,7,27,188,3,-0.4999999999999997,-0.8660254037844388,-0.12053668025532283,-0.992708874098054
27,2012-07-13,37.75,2.029,219.821,7.376,2012,7,28,195,3,-0.4999999999999997,-0.8660254037844388,-0.23931566428755743,-0.9709418174260521
27,2012-07-20,34.28,2.093,221.332,7.75,2012,7,29,202,3,-0.4999999999999997,-0.8660254037844388,-0.3546048870425356,-0.9350162426854148
27,2012-07-27,28.37,1.922,220.763,7.33,2012,7,30,209,3,-0.4999999999999997,-0.8660254037844388,-0.46472317204376806,-0.8854560256532101
27,2012-08-03,29.2,1.437,220.655,7.634,2012,8,31,216,3,-0.8660254037844385,-0.5000000000000004,-0.5680647467311556,-0.8229838658936566
27,2012-08-10,29.91,1.353,220.821,7.122,2012,8,32,223,3,-0.8660254037844385,-0.5000000000000004,-0.663122658240795,-0.7485107481711013
27,2012-08-17,25.81,1.562,219.807,5.679,2012,8,33,230,3,-0.8660254037844385,-0.5000000000000004,-0.7485107481711011,-0.6631226582407952
27,2012-08-24,23.45,1.05,220.364,6.842,2012,8,34,237,3,-0.8660254037844385,-0.5000000000000004,-0.8229838658936564,-0.5680647467311559
27,2012-08-31,18.6,1.305,222.108,5.838,2012,8,35,244,3,-0.8660254037844385,-0.5000000000000004,-0.8854560256532096,-0.4647231720437691
27,2012-09-07,21.39,1.178,219.392,6.668,2012,9,36,251,3,-1.0,-1.8369701987210297e-16,-0.9350162426854147,-0.3546048870425359
27,2012-09-14,7.86,0.881,220.719,5.196,2012,9,37,258,3,-1.0,-1.8369701987210297e-16,-0.970941817426052,-0.23931566428755774
27,2012-09-21,15.92,1.026,219.229,5.831,2012,9,38,265,3,-1.0,-1.8369701987210297e-16,-0.992708874098054,-0.12053668025532357
27,2012-09-28,14.31,0.892,222.954,6.008,2012,9,39,272,3,-1.0,-1.8369701987210297e-16,-1.0,-1.8369701987210297e-16
27,2012-10-05,21.52,1.151,220.916,5.056,2012,10,40,279,4,-0.8660254037844386,0.5000000000000001,-0.992708874098054,0.1205366802553232
27,2012-10-12,14.83,1.176,222.584,5.373,2012,10,41,286,4,-0.8660254037844386,0.5000000000000001,-0.9709418174260521,0.23931566428755738
27,2012-10-19,13.6,1.055,218.196,5.623,2012,10,42,293,4,-0.8660254037844386,0.5000000000000001,-0.9350162426854148,0.35460488704253557
27,2012-10-26,21.83,1.319,222.86,7.093,2012,10,43,300,4,-0.8660254037844386,0.5000000000000001,-0.8854560256532101,0.464723172043768
28,2010-02-05,66.85,3.157,206.64,8.831,2010,2,5,36,1,0.8660254037844386,0.5000000000000001,0.5680647467311558,0.8229838658936564
28,2010-02-12,67.97,3.598,208.123,8.921,2010,2,6,43,1,0.8660254037844386,0.5000000000000001,0.6631226582407952,0.7485107481711011
28,2010-02-19,59.19,3.555,212.28,10.238,2010,2,7,50,1,0.8660254037844386,0.5000000000000001,0.7485107481711011,0.6631226582407953
28,2010-02-26,71.87,4.274,209.99,9.395,2010,2,8,57,1,0.8660254037844386,0.5000000000000001,0.8229838658936564,0.5680647467311559
28,2010-03-05,62.86,3.701,207.194,9.957,2010,3,9,64,1,1.0,6.123233995736766e-17,0.8854560256532099,0.4647231720437686
28,2010-03-12,73.37,3.992,209.55,10.216,2010,3,10,71,1,1.0,6.123233995736766e-17,0.9350162426854148,0.35460488704253557
28,2010-03-19,81.25,3.994,208.856,9.142,2010,3,11,78,1,1.0,6.123233995736766e-17,0.970941817426052,0.23931566428755804
28,2010-03-26,68.07,3.993,210.967,10.47,2010,3,12,85,1,1.0,6.123233995736766e-17,0.992708874098054,0.120536680255323
28,2010-04-02,77.67,3.95,207.575,10.05,2010,4,13,92,2,0.8660254037844387,-0.4999999999999998,1.0,-1.6081226496766366e-16
28,2010-04-09,69.05,3.958,209.557,10.129,2010,4,14,99,2,0.8660254037844387,-0.4999999999999998,0.992708874098054,-0.12053668025532288
28,2010-04-16,72.37,3.923,213.168,9.883,2010,4,15,106,2,0.8660254037844387,-0.4999999999999998,0.9709418174260521,-0.2393156642875575
28,2010-04-23,71.31,3.815,211.666,9.978,2010,4,16,113,2,0.8660254037844387,-0.4999999999999998,0.9350162426854148,-0.35460488704253545
28,2010-04-30,79.38,3.915,206.019,9.715,2010,4,17,120,2,0.8660254037844387,-0.4999999999999998,0.8854560256532099,-0.4647231720437685
28,2010-05-07,62.78,3.847,208.954,9.63,2010,5,18,127,2,0.49999999999999994,-0.8660254037844387,0.8229838658936565,-0.5680647467311557
28,2010-05-14,64.23,3.416,209.793,9.853,2010,5,19,134,2,0.49999999999999994,-0.8660254037844387,0.7485107481711013,-0.663122658240795
28,2010-05-21,58.0,3.317,209.367,9.482,2010,5,20,141,2,0.49999999999999994,-0.8660254037844387,0.6631226582407952,-0.7485107481711012
28,2010-05-28,59.87,3.066,210.675,8.64,2010,5,21,148,2,0.49999999999999994,-0.8660254037844387,0.5680647467311558,-0.8229838658936564
28,2010-06-04,53.06,3.507,210.502,10.205,2010,6,22,155,2,1.2246467991473532e-16,-1.0,0.46472317204376906,-0.8854560256532096
28,2010-06-11,49.22,3.032,210.158,9.122,2010,6,23,162,2,1.2246467991473532e-16,-1.0,0.35460488704253584,-0.9350162426854147
28,2010-06-18,43.71,2.755,210.831,7.607,2010,6,24,169,2,1.2246467991473532e-16,-1.0,0.23931566428755768,-0.970941817426052
28,2010-06-25,41.49,3.229,206.973,7.312,2010,6,25,176,2,1.2246467991473532e-16,-1.0,0.12053668025532308,-0.992708874098054
28,2010-07-02,38.36,2.624,211.833,8.483,2010,7,26,183,3,-0.4999999999999997,-0.8660254037844388,-3.216245299353273e-16,-1.0
28,2010-07-09,37.85,2.305,212.603,8.118,2010,7,27,190,3,-0.4999999999999997,-0.8660254037844388,-0.12053668025532283,-0.992708874098054
28,2010-07-16,43.47,2.285,212.366,8.125,2010,7,28,197,3,-0.4999999999999997,-0.8660254037844388,-0.23931566428755743,-0.9709418174260521
28,2010-07-23,32.62,2.171,207.494,8.116,2010,7,29,204,3,-0.4999999999999997,-0.8660254037844388,-0.3546048870425356,-0.9350162426854148
28,2010-07-30,42.64,1.868,210.253,7.326,2010,7,30,211,3,-0.4999999999999997,-0.8660254037844388,-0.46472317204376806,-0.8854560256532101
28,2010-08-06,31.94,1.722,212.851,6.53,2010,8,31,218,3,-0.8660254037844385,-0.5000000000000004,-0.5680647467311556,-0.8229838658936566
28,2010-08-13,19.6,1.616,211.406,6.008,2010,8,32,225,3,-0.8660254037844385,-0.5000000000000004,-0.663122658240795,-0.7485107481711013
28,2010-08-20,21.03,0.959,212.05,6.514,2010,8,33,232,3,-0.8660254037844385,-0.5000000000000004,-0.7485107481711011,-0.6631226582407952
28,2010-08-27,27.92,1.061,208.969,6.267,2010,8,34,239,3,-0.8660254037844385,-0.5000000000000004,-0.8229838658936564,-0.5680647467311559
28,2010-09-03,14.12,1.358,209.846,5.798,2010,9,35,246,3,-1.0,-1.8369701987210297e-16,-0.8854560256532096,-0.4647231720437691
28,2010-09-10,13.48,0.904,212.3,6.512,2010,9,36,253,3,-1.0,-1.8369701987210297e-16,-0.9350162426854147,-0.3546048870425359
28,2010-09-17,9.95,0.748,209.981,5.855,2010,9,37,260,3,-1.0,-1.8369701987210297e-16,-0.970941817426052,-0.23931566428755774
28,2010-09-24,13.22,0.997,210.115,5.847,2010,9,38,267,3,-1.0,-1.8369701987210297e-16,-0.992708874098054,-0.12053668025532357
28,2010-10-01,21.69,1.165,211.66,6.338,2010,10,39,274,4,-0.8660254037844386,0.5000000000000001,-1.0,-1.8369701987210297e-16
28,2010-10-08,16.15,1.009,212.407,5.861,2010,10,40,281,4,-0.8660254037844386,0.5000000000000001,-0.992708874098054,0.1205366802553232
28,2010-10-15,14.26,0.971,210.508,5.348,2010,10,41,288,4,-0.8660254037844386,0.5000000000000001,-0.9709418174260521,0.23931566428755738
28,2010-10-22,10.61,0.924,208.369,5.807,2010,10,42,295,4,-0.8660254037844386,0.5000000000000001,-0.9350162426854148,0.35460488704253557
28,2010-10-29,23.76,0.925,208.867,6.692,2010,10,43,302,4,-0.8660254037844386,0.5000000000000001,-0.8854560256532101,0.464723172043768
28,2010-11-05,19.28,1.476,209.09,6.744,2010,11,44,309,4,-0.5000000000000004,0.8660254037844384,-0.822983865893657,0.5680647467311548
28,2010-11-12,27.39,1.35,210.619,6.465,2010,11,45,316,4,-0.5000000000000004,0.8660254037844384,-0.7485107481711011,0.6631226582407952
28,2010-11-19,26.06,1.493,213.704,7.171,2010,11,46,323,4,-0.5000000000000004,0.8660254037844384,-0.6631226582407955,0.7485107481711007
28,2010-11-26,27.55,1.637,209.496,7.281,2010,11,47,330,4,-0.5000000000000004,0.8660254037844384,-0.5680647467311559,0.8229838658936564
28,2010-12-03,27.47,1.785,214.5,7.768,2010,12,48,337,4,-2.4492935982947064e-16,1.0,-0.4647231720437684,0.88545602565321
28,2010-12-10,38.42,1.889,209.045,7.281,2010,12,49,344,4,-2.4492935982947064e-16,1.0,-0.35460488704253595,0.9350162426854147
28,2010-12-17,45.46,1.745,207.188,7.864,2010,12,50,351,4,-2.4492935982947064e-16,1.0,-0.2393156642875578,0.970941817426052
28,2010-12-24,43.33,2.364,211.285,7.082,2010,12,51,358,4,-2.4492935982947064e-16,1.0,-0.12053668025532363,0.992708874098054
28,2010-12-31,47.92,2.712,208.203,7.903,2010,12,52,365,4,-2.4492935982947064e-16,1.0,6.432490598706546e-16,1.0
28,2011-01-07,44.94,2.604,215.797,9.055,2011,1,1,7,1,0.49999999999999994,0.8660254037844387,0.12053668025532305,0.992708874098054
28,2011-01-14,58.74,2.6,213.809,8.497,2011,1,2,14,1,0.49999999999999994,0.8660254037844387,0.23931566428755774,0.970941817426052
28,2011-01-21,66.14,3.06,216.02,9.952,2011,1,3,21,1,0.49999999999999994,0.8660254037844387,0.3546048870425356,0.9350162426854148
28,2011-01-28,59.77,3.0,211.418,8.794,2011,1,4,28,1,0.49999999999999994,0.8660254037844387,0.4647231720437685,0.8854560256532099
28,2011-02-04,65.98,3.547,213.113,8.985,2011,2,5,35,1,0.8660254037844386,0.5000000000000001,0.5680647467311558,0.8229838658936564
28,2011-02-11,58.82,4.009,215.128,10.103,2011,2,6,42,1,0.8660254037844386,0.5000000000000001,0.6631226582407952,0.7485107481711011
28,2011-02-18,65.24,3.775,213.543,10.617,2011,2,7,49,1,0.8660254037844386,0.5000000000000001,0.7485107481711011,0.6631226582407953
28,2011-02-25,67.82,3.727,211.168,9.542,2011,2,8,56,1,0.8660254037844386,0.5000000000000001,0.8229838658936564,0.5680647467311559
28,2011-03-04,72.51,3.453,217.999,9.38,2011,3,9,63,1,1.0,6.123233995736766e-17,0.8854560256532099,0.4647231720437686
28,2011-03-11,59.51,3.935,217.013,9.432,2011,3,10,70,1,1.0,6.123233995736766e-17,0.9350162426854148,0.35460488704253557
28,2011-03-18,63.97,4.016,213.222,9.756,2011,3,11,77,1,1.0,6.123233995736766e-17,0.970941817426052,0.23931566428755804
28,2011-03-25,71.4,3.97,213.922,10.471,2011,3,12,84,1,1.0,6.123233995736766e-17,0.992708874098054,0.120536680255323
28,2011-04-01,75.37,3.916,215.002,10.203,2011,4,13,91,2,0.8660254037844387,-0.4999999999999998,1.0,-1.6081226496766366e-16
28,2011-04-08,73.15,3.876,214.74,9.623,2011,4,14,98,2,0.8660254037844387,-0.4999999999999998,0.992708874098054,-0.12053668025532288
28,2011-04-15,78.87,3.936,217.739,10.578,2011,4,15,105,2,0.8660254037844387,-0.4999999999999998,0.9709418174260521,-0.2393156642875575
28,2011-04-22,69.67,3.905,213.738,9.554,2011,4,16,112,2,0.8660254037844387,-0.4999999999999998,0.9350162426854148,-0.35460488704253545
28,2011-04-29,71.91,3.988,217.589,9.555,2011,4,17,119,2,0.8660254037844387,-0.4999999999999998,0.8854560256532099,-0.4647231720437685
28,2011-05-06,64.39,4.213,216.006,10.212,2011,5,18,126,2,0.49999999999999994,-0.8660254037844387,0.8229838658936565,-0.5680647467311557
28,2011-05-13,65.57,3.795,214.012,8.79,2011,5,19,133,2,0.49999999999999994,-0.8660254037844387,0.7485107481711013,-0.663122658240795
28,2011-05-20,66.53,3.456,214.423,9.741,2011,5,20,140,2,0.49999999999999994,-0.8660254037844387,0.6631226582407952,-0.7485107481711012
28,2011-05-27,58.94,3.331,214.118,9.025,2011,5,21,147,2,0.49999999999999994,-0.8660254037844387,0.5680647467311558,-0.8229838658936564
28,2011-06-03,56.85,3.212,212.849,8.023,2011,6,22,154,2,1.2246467991473532e-16,-1.0,0.46472317204376906,-0.8854560256532096
28,2011-06-10,60.83,2.754,216.689,8.401,2011,6,23,161,2,1.2246467991473532e-16,-1.0,0.35460488704253584,-0.9350162426854147
28,2011-06-17,53.2,2.805,215.83,9.036,2011,6,24,168,2,1.2246467991473532e-16,-1.0,0.23931566428755768,-0.970941817426052
28,2011-06-24,49.6,2.885,214.189,7.805,2011,6,25,175,2,1.2246467991473532e-16,-1.0,0.12053668025532308,-0.992708874098054
28,2011-07-01,47.72,2.376,215.821,8.448,2011,7,26,182,3,-0.4999999999999997,-0.8660254037844388,-3.216245299353273e-16,-1.0
28,2011-07-08,39.18,2.407,216.93,7.469,2011,7,27,189,3,-0.4999999999999997,-0.8660254037844388,-0.12053668025532283,-0.992708874098054
28,2011-07-15,31.46,2.053,215.445,7.09,2011,7,28,196,3,-0.4999999999999997,-0.8660254037844388,-0.23931566428755743,-0.9709418174260521
28,2011-07-22,41.27,2.063,212.872,7.537,2011,7,29,203,3,-0.4999999999999997,-0.8660254037844388,-0.3546048870425356,-0.9350162426854148
28,2011-07-29,32.22,1.758,212.97,6.451,2011,7,30,210,3,-0.4999999999999997,-0.8660254037844388,-0.46472317204376806,-0.8854560256532101
28,2011-08-05,22.39,1.559,211.668,6.749,2011,8,31,217,3,-0.8660254037844385,-0.5000000000000004,-0.5680647467311556,-0.8229838658936566
28,2011-08-12,22.62,1.414,214.472,6.738,2011,8,32,224,3,-0.8660254037844385,-0.5000000000000004,-0.663122658240795,-0.7485107481711013
28,2011-08-19,23.09,1.515,208.825,7.604,2011,8,33,231,3,-0.8660254037844385,-0.5000000000000004,-0.7485107481711011,-0.6631226582407952
28,2011-08-26,9.6,0.815,213.858,6.356,2011,8,34,238,3,-0.8660254037844385,-0.5000000000000004,-0.8229838658936564,-0.5680647467311559
28,2011-09-02,25.71,1.461,212.947,5.948,2011,9,35,245,3,-1.0,-1.8369701987210297e-16,-0.8854560256532096,-0.4647231720437691
28,2011-09-09,10.55,0.838,215.475,7.027,2011,9,36,252,3,-1.0,-1.8369701987210297e-16,-0.9350162426854147,-0.3546048870425359
28,2011-09-16,2.69,1.0,215.688,6.616,2011,9,37,259,3,-1.0,-1.8369701987210297e-16,-0.970941817426052,-0.23931566428755774
28,2011-09-23,13.61,1.182,214.285,6.564,2011,9,38,266,3,-1.0,-1.8369701987210297e-16,-0.992708874098054,-0.12053668025532357
28,2011-09-30,13.1,0.949,217.775,5.43,2011,9,39,273,3,-1.0,-1.8369701987210297e-16,-1.0,-1.8369701987210297e-16
28,2011-10-07,26.63,0.932,216.654,6.999,2011,10,40,280,4,-0.8660254037844386,0.5000000000000001,-0.992708874098054,0.1205366802553232
28,2011-10-14,11.39,1.005,213.764,6.439,2011,10,41,287,4,-0.8660254037844386,0.5000000000000001,-0.9709418174260521,0.23931566428755738
28,2011-10-21,18.03,1.201,213.185,5.443,2011,10,42,294,4,-0.8660254037844386,0.5000000000000001,-0.9350162426854148,0.35460488704253557
28,2011-10-28,11.87,1.268,213.835,5.679,2011,10,43,301,4,-0.8660254037844386,0.5000000000000001,-0.8854560256532101,0.464723172043768
28,2011-11-04,16.94,1.062,213.828,6.893,2011,11,44,308,4,-0.5000000000000004,0.8660254037844384,-0.822983865893657,0.5680647467311548
28,2011-11-11,22.05,1.044,211.457,7.149,2011,11,45,315,4,-0.5000000000000004,0.8660254037844384,-0.7485107481711011,0.6631226582407952
28,2011-11-18,20.9,1.632,216.6,6.249,2011,11,46,322,4,-0.5000000000000004,0.8660254037844384,-0.6631226582407955,0.7485107481711007
28,2011-11-25,24.46,1.713,213.292,6.564,2011,11,47,329,4,-0.5000000000000004,0.8660254037844384,-0.5680647467311559,0.8229838658936564
28,2011-12-02,39.43,1.536,213.554,6.652,2011,12,48,336,4,-2.4492935982947064e-16,1.0,-0.4647231720437684,0.88545602565321
28,2011-12-09,39.29,2.317,214.204,7.615,2011,12,49,343,4,-2.4492935982947064e-16,1.0,-0.35460488704253595,0.9350162426854147
28,2011-12-16,36.26,2.295,215.619,7.523,2011,12,50,350,4,-2.4492935982947064e-16,1.0,-0.2393156642875578,0.970941817426052
28,2011-12-23,36.04,2.27,213.706,7.645,2011,12,51,357,4,-2.4492935982947064e-16,1.0,-0.12053668025532363,0.992708874098054
28,2011-12-30,55.09,2.63,217.007,7.592,2011,12,52,364,4,-2.4492935982947064e-16,1.0,6.432490598706546e-16,1.0
28,2012-01-06,38.08,2.84,220.269,8.026,2012,1,1,6,1,0.49999999999999994,0.8660254037844387,0.12053668025532305,0.992708874098054
28,2012-01-13,56.24,2.99,220.28,7.44,2012,1,2,13,1,0.49999999999999994,0.8660254037844387,0.23931566428755774,0.970941817426052
28,2012-01-20,50.42,2.885,218.963,9.678,2012,1,3,20,1,0.49999999999999994,0.8660254037844387,0.3546048870425356,0.9350162426854148
28,2012-01-27,60.68,2.976,217.23,8.164,2012,1,4,27,1,0.49999999999999994,0.8660254037844387,0.4647231720437685,0.8854560256532099
28,2012-02-03,59.58,3.274,218.093,9.159,2012,2,5,34,1,0.8660254037844386,0.5000000000000001,0.5680647467311558,0.8229838658936564
28,2012-02-10,61.1,3.452,216.127,9.394,2012,2,6,41,1,0.8660254037844386,0.5000000000000001,0.6631226582407952,0.7485107481711011
28,2012-02-17,68.43,3.759,218.473,9.17,2012,2,7,48,1,0.8660254037844386,0.5000000000000001,0.7485107481711011,0.6631226582407953
28,2012-02-24,70.79,3.691,215.879,9.02,2012,2,8,55,1,0.8660254037844386,0.5000000000000001,0.8229838658936564,0.5680647467311559
28,2012-03-02,71.84,3.762,217.701,8.95,2012,3,9,62,1,1.0,6.123233995736766e-17,0.8854560256532099,0.4647231720437686
28,2012-03-09,77.19,3.27,219.834,10.815,2012,3,10,69,1,1.0,6.123233995736766e-17,0.9350162426854148,0.35460488704253557
28,2012-03-16,75.89,4.274,219.487,9.393,2012,3,11,76,1,1.0,6.123233995736766e-17,0.970941817426052,0.23931566428755804
28,2012-03-23,75.61,3.852,223.499,10.632,2012,3,12,83,1,1.0,6.123233995736766e-17,0.992708874098054,0.120536680255323
28,2012-03-30,77.13,3.909,218.107,10.236,2012,3,13,90,1,1.0,6.123233995736766e-17,1.0,-1.6081226496766366e-16
28,2012-04-06,81.67,4.273,218.445,10.079,2012,4,14,97,2,0.8660254037844387,-0.4999999999999998,0.992708874098054,-0.12053668025532288
28,2012-04-13,75.62,4.016,220.052,9.743,2012,4,15,104,2,0.8660254037844387,-0.4999999999999998,0.9709418174260521,-0.2393156642875575
28,2012-04-20,80.47,3.794,217.803,10.031,2012,4,16,111,2,0.8660254037844387,-0.4999999999999998,0.9350162426854148,-0.35460488704253545
28,2012-04-27,75.95,3.569,220.789,9.683,2012,4,17,118,2,0.8660254037844387,-0.4999999999999998,0.8854560256532099,-0.4647231720437685
28,2012-05-04,63.28,4.059,220.015,10.622,2012,5,18,125,2,0.49999999999999994,-0.8660254037844387,0.8229838658936565,-0.5680647467311557
28,2012-05-11,70.17,3.542,220.023,9.759,2012,5,19,132,2,0.49999999999999994,-0.8660254037844387,0.7485107481711013,-0.663122658240795
28,2012-05-18,74.68,3.414,222.034,9.426,2012,5,20,139,2,0.49999999999999994,-0.8660254037844387,0.6631226582407952,-0.7485107481711012
28,2012-05-25,56.64,3.631,221.282,9.541,2012,5,21,146,2,0.49999999999999994,-0.8660254037844387,0.5680647467311558,-0.8229838658936564
28,2012-06-01,62.96,3.463,216.448,9.662,2012,6,22,153,2,1.2246467991473532e-16,-1.0,0.46472317204376906,-0.8854560256532096
28,2012-06-08,62.31,3.368,219.37,8.333,2012,6,23,160,2,1.2246467991473532e-16,-1.0,0.35460488704253584,-0.9350162426854147
28,2012-06-15,57.05,3.198,223.847,8.385,2012,6,24,167,2,1.2246467991473532e-16,-1.0,0.23931566428755768,-0.970941817426052
28,2012-06-22,49.88,2.651,219.868,7.419,2012,6,25,174,2,1.2246467991473532e-16,-1.0,0.12053668025532308,-0.992708874098054
28,2012-06-29,43.08,2.629,221.399,8.519,2012,6,26,181,2,1.2246467991473532e-16,-1.0,-3.216245299353273e-16,-1.0
28,2012-07-06,40.7,2.5,217.603,8.027,2012,7,27,188,3,-0.4999999999999997,-0.8660254037844388,-0.12053668025532283,-0.992708874098054
28,2012-07-13,31.97,2.322,221.249,6.599,2012,7,28,195,3,-0.4999999999999997,-0.8660254037844388,-0.23931566428755743,-0.9709418174260521
28,2012-07-20,33.7,1.723,213.549,7.692,2012,7,29,202,3,-0.4999999999999997,-0.8660254037844388,-0.3546048870425356,-0.9350162426854148
28,2012-07-27,27.79,1.682,223.147,6.931,2012,7,30,209,3,-0.4999999999999997,-0.8660254037844388,-0.46472317204376806,-0.8854560256532101
28,2012-08-03,29.29,1.643,220.405,7.054,2012,8,31,216,3,-0.8660254037844385,-0.5000000000000004,-0.5680647467311556,-0.8229838658936566
28,2012-08-10,24.98,1.878,223.169,6.424,2012,8,32,223,3,-0.8660254037844385,-0.5000000000000004,-0.663122658240795,-0.7485107481711013
28,2012-08-17,21.77,1.531,220.184,6.51,2012,8,33,230,3,-0.8660254037844385,-0.5000000000000004,-0.7485107481711011,-0.6631226582407952
28,2012-08-24,18.18,1.189,224.082,5.463,2012,8,34,237,3,-0.8660254037844385,-0.5000000000000004,-0.8229838658936564,-0.5680647467311559
28,2012-08-31,17.43,1.144,220.856,6.346,2012,8,35,244,3,-0.8660254037844385,-0.5000000000000004,-0.8854560256532096,-0.4647231720437691
28,2012-09-07,13.22,1.554,220.282,5.768,2012,9,36,251,3,-1.0,-1.8369701987210297e-16,-0.9350162426854147,-0.3546048870425359
28,2012-09-14,15.68,1.336,218.714,5.417,2012,9,37,258,3,-1.0,-1.8369701987210297e-16,-0.970941817426052,-0.23931566428755774
28,2012-09-21,14.15,1.259,219.081,6.242,2012,9,38,265,3,-1.0,-1.8369701987210297e-16,-0.992708874098054,-0.12053668025532357
28,2012-09-28,16.69,0.732,221.532,5.654,2012,9,39,272,3,-1.0,-1.8369701987210297e-16,-1.0,-1.8369701987210297e-16
28,2012-10-05,19.99,0.843,222.267,6.826,2012,10,40,279,4,-0.8660254037844386,0.5000000000000001,-0.992708874098054,0.1205366802553232
28,2012-10-12,17.76,1.126,217.292,5.324,2012,10,41,286,4,-0.8660254037844386,0.5000000000000001,-0.9709418174260521,0.23931566428755738
28,2012-10-19,18.78,1.184,220.216,5.134,2012,10,42,293,4,-0.8660254037844386,0.5000000000000001,-0.9350162426854148,0.35460488704253557
28,2012-10-26,12.51,1.05,219.868,5.782,2012,10,43,300,4,-0.8660254037844386,0.5000000000000001,-0.8854560256532101,0.464723172043768
29,2010-02-05,55.84,3.146,208.567,8.664,2010,2,5,36,1,0.8660254037844386,0.5000000000000001,0.5680647467311558,0.8229838658936564
29,2010-02-12,61.45,3.444,205.614,8.687,2010,2,6,43,1,0.8660254037844386,0.5000000000000001,0.6631226582407952,0.7485107481711011
29,2010-02-19,71.44,3.932,210.247,10.016,2010,2,7,50,1,0.8660254037844386,0.5000000000000001,0.7485107481711011,0.6631226582407953
29,2010-02-26,77.08,3.439,211.777,10.154,2010,2,8,57,1,0.8660254037844386,0.5000000000000001,0.8229838658936564,0.5680647467311559
29,2010-03-05,70.68,3.678,211.926,9.524,2010,3,9,64,1,1.0,6.123233995736766e-17,0.8854560256532099,0.4647231720437686
29,2010-03-12,69.86,3.873,211.589,10.787,2010,3,10,71,1,1.0,6.123233995736766e-17,0.9350162426854148,0.35460488704253557
29,2010-03-19,85.32,3.948,209.751,9.995,2010,3,11,78,1,1.0,6.123233995736766e-17,0.970941817426052,0.23931566428755804
29,2010-03-26,76.91,4.009,210.753,9.898,2010,3,12,85,1,1.0,6.123233995736766e-17,0.992708874098054,0.120536680255323
29,2010-04-02,72.89,3.913,210.367,9.808,2010,4,13,92,2,0.8660254037844387,-0.4999999999999998,1.0,-1.6081226496766366e-16
29,2010-04-09,76.24,3.747,211.521,10.424,2010,4,14,99,2,0.8660254037844387,-0.4999999999999998,0.992708874098054,-0.12053668025532288
29,2010-04-16,69.66,4.161,207.414,10.396,2010,4,15,106,2,0.8660254037844387,-0.4999999999999998,0.9709418174260521,-0.2393156642875575
29,2010-04-23,70.81,3.849,211.489,10.283,2010,4,16,113,2,0.8660254037844387,-0.4999999999999998,0.9350162426854148,-0.35460488704253545
29,2010-04-30,74.06,4.03,208.792,9.531,2010,4,17,120,2,0.8660254037844387,-0.4999999999999998,0.8854560256532099,-0.4647231720437685
29,2010-05-07,68.46,3.334,211.399,9.813,2010,5,18,127,2,0.49999999999999994,-0.8660254037844387,0.8229838658936565,-0.5680647467311557
29,2010-05-14,57.63,3.425,209.465,8.927,2010,5,19,134,2,0.49999999999999994,-0.8660254037844387,0.7485107481711013,-0.663122658240795
29,2010-05-21,61.19,3.554,209.263,9.754,2010,5,20,141,2,0.49999999999999994,-0.8660254037844387,0.6631226582407952,-0.7485107481711012
29,2010-05-28,68.42,3.397,211.556,9.494,2010,5,21,148,2,0.49999999999999994,-0.8660254037844387,0.5680647467311558,-0.8229838658936564
29,2010-06-04,60.05,2.948,214.147,8.095,2010,6,22,155,2,1.2246467991473532e-16,-1.0,0.46472317204376906,-0.8854560256532096
29,2010-06-11,49.47,2.884,208.78,8.383,2010,6,23,162,2,1.2246467991473532e-16,-1.0,0.35460488704253584,-0.9350162426854147
29,2010-06-18,46.83,2.945,213.264,8.574,2010,6,24,169,2,1.2246467991473532e-16,-1.0,0.23931566428755768,-0.970941817426052
29,2010-06-25,49.36,2.462,209.198,7.589,2010,6,25,176,2,1.2246467991473532e-16,-1.0,0.12053668025532308,-0.992708874098054
29,2010-07-02,55.4,2.409,206.305,7.588,2010,7,26,183,3,-0.4999999999999997,-0.8660254037844388,-3.216245299353273e-16,-1.0
29,2010-07-09,49.18,2.048,210.553,7.556,2010,7,27,190,3,-0.4999999999999997,-0.8660254037844388,-0.12053668025532283,-0.992708874098054
29,2010-07-16,31.19,2.283,212.839,6.769,2010,7,28,197,3,-0.4999999999999997,-0.8660254037844388,-0.23931566428755743,-0.9709418174260521
29,2010-07-23,34.67,1.867,206.853,7.452,2010,7,29,204,3,-0.4999999999999997,-0.8660254037844388,-0.3546048870425356,-0.9350162426854148
29,2010-07-30,39.13,1.926,207.043,6.927,2010,7,30,211,3,-0.4999999999999997,-0.8660254037844388,-0.46472317204376806,-0.8854560256532101
29,2010-08-06,31.93,1.604,210.69,6.964,2010,8,31,218,3,-0.8660254037844385,-0.5000000000000004,-0.5680647467311556,-0.8229838658936566
29,2010-08-13,31.23,1.52,208.556,6.218,2010,8,32,225,3,-0.8660254037844385,-0.5000000000000004,-0.663122658240795,-0.7485107481711013
29,2010-08-20,17.92,1.552,213.758,6.672,2010,8,33,232,3,-0.8660254037844385,-0.5000000000000004,-0.7485107481711011,-0.6631226582407952
29,2010-08-27,23.05,1.17,206.95,6.264,2010,8,34,239,3,-0.8660254037844385,-0.5000000000000004,-0.8229838658936564,-0.5680647467311559
29,2010-09-03,4.01,1.295,209.227,6.535,2010,9,35,246,3,-1.0,-1.8369701987210297e-16,-0.8854560256532096,-0.4647231720437691
29,2010-09-10,11.56,0.953,209.453,6.184,2010,9,36,253,3,-1.0,-1.8369701987210297e-16,-0.9350162426854147,-0.3546048870425359
29,2010-09-17,19.24,0.739,210.607,5.477,2010,9,37,260,3,-1.0,-1.8369701987210297e-16,-0.970941817426052,-0.23931566428755774
29,2010-09-24,15.64,1.144,208.781,6.346,2010,9,38,267,3,-1.0,-1.8369701987210297e-16,-0.992708874098054,-0.12053668025532357
29,2010-10-01,18.35,1.152,211.602,5.287,2010,10,39,274,4,-0.8660254037844386,0.5000000000000001,-1.0,-1.8369701987210297e-16
29,2010-10-08,14.04,1.052,210.265,6.297,2010,10,40,281,4,-0.8660254037844386,0.5000000000000001,-0.992708874098054,0.1205366802553232
29,2010-10-15,15.33,1.117,209.231,6.126,2010,10,41,288,4,-0.8660254037844386,0.5000000000000001,-0.9709418174260521,0.23931566428755738
29,2010-10-22,21.98,1.188,208.396,6.473,2010,10,42,295,4,-0.8660254037844386,0.5000000000000001,-0.9350162426854148,0.35460488704253557
29,2010-10-29,15.22,1.161,212.888,5.742,2010,10,43,302,4,-0.8660254037844386,0.5000000000000001,-0.8854560256532101,0.464723172043768
29,2010-11-05,21.68,1.638,208.002,6.705,2010,11,44,309,4,-0.5000000000000004,0.8660254037844384,-0.822983865893657,0.5680647467311548
29,2010-11-12,13.64,1.325,212.743,6.572,2010,11,45,316,4,-0.5000000000000004,0.8660254037844384,-0.7485107481711011,0.6631226582407952
29,2010-11-19,22.6,1.414,211.652,6.498,2010,11,46,323,4,-0.5000000000000004,0.8660254037844384,-0.6631226582407955,0.7485107481711007
29,2010-11-26,22.94,1.768,211.399,7.255,2010,11,47,330,4,-0.5000000000000004,0.8660254037844384,-0.5680647467311559,0.8229838658936564
29,2010-12-03,27.23,1.689,210.531,6.578,2010,12,48,337,4,-2.4492935982947064e-16,1.0,-0.4647231720437684,0.88545602565321
29,2010-12-10,41.68,2.069,210.647,6.692,2010,12,49,344,4,-2.4492935982947064e-16,1.0,-0.35460488704253595,0.9350162426854147
29,2010-12-17,39.11,1.919,211.891,7.311,2010,12,50,351,4,-2.4492935982947064e-16,1.0,-0.2393156642875578,0.970941817426052
29,2010-12-24,54.87,2.418,212.374,8.091,2010,12,51,358,4,-2.4492935982947064e-16,1.0,-0.12053668025532363,0.992708874098054
29,2010-12-31,44.57,2.63,207.089,8.514,2010,12,52,365,4,-2.4492935982947064e-16,1.0,6.432490598706546e-16,1.0
29,2011-01-07,58.38,2.967,215.249,8.005,2011,1,1,7,1,0.49999999999999994,0.8660254037844387,0.12053668025532305,0.992708874098054
29,2011-01-14,56.31,2.782,210.921,7.564,2011,1,2,14,1,0.49999999999999994,0.8660254037844387,0.23931566428755774,0.970941817426052
29,2011-01-21,60.49,3.122,215.177,8.272,2011,1,3,21,1,0.49999999999999994,0.8660254037844387,0.3546048870425356,0.9350162426854148
29,2011-01-28,55.42,2.899,210.088,9.331,2011,1,4,28,1,0.49999999999999994,0.8660254037844387,0.4647231720437685,0.8854560256532099
29,2011-02-04,64.72,3.34,214.053,8.015,2011,2,5,35,1,0.8660254037844386,0.5000000000000001,0.5680647467311558,0.8229838658936564
29,2011-02-11,65.69,3.685,217.326,9.118,2011,2,6,42,1,0.8660254037844386,0.5000000000000001,0.6631226582407952,0.7485107481711011
29,2011-02-18,58.97,3.818,213.202,8.99,2011,2,7,49,1,0.8660254037844386,0.5000000000000001,0.7485107481711011,0.6631226582407953
29,2011-02-25,60.39,3.657,216.104,9.948,2011,2,8,56,1,0.8660254037844386,0.5000000000000001,0.8229838658936564,0.5680647467311559
29,2011-03-04,69.62,3.568,215.252,10.322,2011,3,9,63,1,1.0,6.123233995736766e-17,0.8854560256532099,0.4647231720437686
29,2011-03-11,69.67,3.538,211.075,10.119,2011,3,10,70,1,1.0,6.123233995736766e-17,0.9350162426854148,0.35460488704253557
29,2011-03-18,73.35,4.071,212.988,9.33,2011,3,11,77,1,1.0,6.123233995736766e-17,0.970941817426052,0.23931566428755804
29,2011-03-25,82.33,3.608,210.402,10.71,2011,3,12,84,1,1.0,6.123233995736766e-17,0.992708874098054,0.120536680255323
29,2011-04-01,73.3,3.641,214.673,10.838,2011,4,13,91,2,0.8660254037844387,-0.4999999999999998,1.0,-1.6081226496766366e-16
29,2011-04-08,74.61,3.985,213.722,9.877,2011,4,14,98,2,0.8660254037844387,-0.4999999999999998,0.992708874098054,-0.12053668025532288
29,2011-04-15,74.8,3.973,214.58,9.684,2011,4,15,105,2,0.8660254037844387,-0.4999999999999998,0.9709418174260521,-0.2393156642875575
29,2011-04-22,69.83,3.645,211.488,10.312,2011,4,16,112,2,0.8660254037844387,-0.4999999999999998,0.9350162426854148,-0.35460488704253545
29,2011-04-29,64.75,4.046,217.807,9.812,2011,4,17,119,2,0.8660254037844387,-0.4999999999999998,0.8854560256532099,-0.4647231720437685
29,2011-05-06,68.97,3.276,214.208,9.697,2011,5,18,126,2,0.49999999999999994,-0.8660254037844387,0.8229838658936565,-0.5680647467311557
29,2011-05-13,67.33,3.988,212.667,8.632,2011,5,19,133,2,0.49999999999999994,-0.8660254037844387,0.7485107481711013,-0.663122658240795
29,2011-05-20,64.61,3.443,219.127,9.717,2011,5,20,140,2,0.49999999999999994,-0.8660254037844387,0.6631226582407952,-0.7485107481711012
29,2011-05-27,66.43,3.392,212.049,8.853,2011,5,21,147,2,0.49999999999999994,-0.8660254037844387,0.5680647467311558,-0.8229838658936564
29,2011-06-03,50.79,3.114,215.168,9.232,2011,6,22,154,2,1.2246467991473532e-16,-1.0,0.46472317204376906,-0.8854560256532096
29,2011-06-10,55.29,3.078,214.532,8.355,2011,6,23,161,2,1.2246467991473532e-16,-1.0,0.35460488704253584,-0.9350162426854147
29,2011-06-17,44.33,2.845,214.432,8.887,2011,6,24,168,2,1.2246467991473532e-16,-1.0,0.23931566428755768,-0.970941817426052
29,2011-06-24,41.52,2.731,216.334,8.56,2011,6,25,175,2,1.2246467991473532e-16,-1.0,0.12053668025532308,-0.992708874098054
29,2011-07-01,57.54,2.61,214.791,7.793,2011,7,26,182,3,-0.4999999999999997,-0.8660254037844388,-3.216245299353273e-16,-1.0
29,2011-07-08,45.92,2.449,214.932,8.013,2011,7,27,189,3,-0.4999999999999997,-0.8660254037844388,-0.12053668025532283,-0.992708874098054
29,2011-07-15,35.54,2.401,213.207,7.429,2011,7,28,196,3,-0.4999999999999997,-0.8660254037844388,-0.23931566428755743,-0.9709418174260521
29,2011-07-22,32.7,2.005,218.461,7.772,2011,7,29,203,3,-0.4999999999999997,-0.8660254037844388,-0.3546048870425356,-0.9350162426854148
29,2011-07-29,27.3,1.786,211.579,6.931,2011,7,30,210,3,-0.4999999999999997,-0.8660254037844388,-0.46472317204376806,-0.8854560256532101
29,2011-08-05,32.84,1.581,212.376,6.716,2011,8,31,217,3,-0.8660254037844385,-0.5000000000000004,-0.5680647467311556,-0.8229838658936566
29,2011-08-12,33.85,1.649,214.35,5.627,2011,8,32,224,3,-0.8660254037844385,-0.5000000000000004,-0.663122658240795,-0.7485107481711013
29,2011-08-19,26.48,1.603,215.236,6.07,2011,8,33,231,3,-0.8660254037844385,-0.5000000000000004,-0.7485107481711011,-0.6631226582407952
29,2011-08-26,29.92,1.192,211.903,6.473,2011,8,34,238,3,-0.8660254037844385,-0.5000000000000004,-0.8229838658936564,-0.5680647467311559
29,2011-09-02,14.37,1.02,218.791,6.304,2011,9,35,245,3,-1.0,-1.8369701987210297e-16,-0.8854560256532096,-0.4647231720437691
29,2011-09-09,22.89,0.908,214.197,5.816,2011,9,36,252,3,-1.0,-1.8369701987210297e-16,-0.9350162426854147,-0.3546048870425359
29,2011-09-16,22.59,1.015,214.274,5.476,2011,9,37,259,3,-1.0,-1.8369701987210297e-16,-0.970941817426052,-0.23931566428755774
29,2011-09-23,20.81,1.132,215.746,5.354,2011,9,38,266,3,-1.0,-1.8369701987210297e-16,-0.992708874098054,-0.12053668025532357
29,2011-09-30,14.42,1.103,215.627,5.657,2011,9,39,273,3,-1.0,-1.8369701987210297e-16,-1.0,-1.8369701987210297e-16
29,2011-10-07,10.76,1.101,213.278,5.869,2011,10,40,280,4,-0.8660254037844386,0.5000000000000001,-0.992708874098054,0.1205366802553232
29,2011-10-14,9.39,1.072,214.623,6.319,2011,10,41,287,4,-0.8660254037844386,0.5000000000000001,-0.9709418174260521,0.23931566428755738
29,2011-10-21,15.72,0.941,217.306,7.316,2011,10,42,294,4,-0.8660254037844386,0.5000000000000001,-0.9350162426854148,0.35460488704253557
29,2011-10-28,29.82,1.145,214.208,6.175,2011,10,43,301,4,-0.8660254037844386,0.5000000000000001,-0.8854560256532101,0.464723172043768
29,2011-11-04,14.9,0.942,217.536,6.667,2011,11,44,308,4,-0.5000000000000004,0.8660254037844384,-0.822983865893657,0.5680647467311548
29,2011-11-11,24.53,1.192,214.508,7.385,2011,11,45,315,4,-0.5000000000000004,0.8660254037844384,-0.7485107481711011,0.6631226582407952
29,2011-11-18,27.38,1.401,216.009,6.168,2011,11,46,322,4,-0.5000000000000004,0.8660254037844384,-0.6631226582407955,0.7485107481711007
29,2011-11-25,22.82,1.629,213.75,7.425,2011,11,47,329,4,-0.5000000000000004,0.8660254037844384,-0.5680647467311559,0.8229838658936564
29,2011-12-02,33.74,1.657,214.612,7.623,2011,12,48,336,4,-2.4492935982947064e-16,1.0,-0.4647231720437684,0.88545602565321
29,2011-12-09,27.76,2.005,216.259,7.66,2011,12,49,343,4,-2.4492935982947064e-16,1.0,-0.35460488704253595,0.9350162426854147
29,2011-12-16,43.06,1.997,215.685,8.592,2011,12,50,350,4,-2.4492935982947064e-16,1.0,-0.2393156642875578,0.970941817426052
29,2011-12-23,41.3,2.437,212.686,7.207,2011,12,51,357,4,-2.4492935982947064e-16,1.0,-0.12053668025532363,0.992708874098054
29,2011-12-30,45.43,2.4,215.358,8.322,2011,12,52,364,4,-2.4492935982947064e-16,1.0,6.432490598706546e-16,1.0
29,2012-01-06,49.46,2.249,220.878,7.889,2012,1,1,6,1,0.49999999999999994,0.8660254037844387,0.12053668025532305,0.992708874098054
29,2012-01-13,47.83,2.656,217.163,8.115,2012,1,2,13,1,0.49999999999999994,0.8660254037844387,0.23931566428755774,0.970941817426052
29,2012-01-20,56.12,2.737,224.007,8.505,2012,1,3,20,1,0.49999999999999994,0.8660254037844387,0.3546048870425356,0.9350162426854148
29,2012-01-27,60.42,3.227,222.395,9.594,2012,1,4,27,1,0.49999999999999994,0.8660254037844387,0.4647231720437685,0.8854560256532099
29,2012-02-03,58.11,3.219,223.557,8.662,2012,2,5,34,1,0.8660254037844386,0.5000000000000001,0.5680647467311558,0.8229838658936564
29,2012-02-10,66.22,3.484,218.512,8.238,2012,2,6,41,1,0.8660254037844386,0.5000000000000001,0.6631226582407952,0.7485107481711011
29,2012-02-17,74.86,3.656,218.606,9.582,2012,2,7,48,1,0.8660254037844386,0.5000000000000001,0.7485107481711011,0.6631226582407953
29,2012-02-24,73.34,3.826,216.768,9.422,2012,2,8,55,1,0.8660254037844386,0.5000000000000001,0.8229838658936564,0.5680647467311559
29,2012-03-02,70.22,4.191,219.487,9.576,2012,3,9,62,1,1.0,6.123233995736766e-17,0.8854560256532099,0.4647231720437686
29,2012-03-09,78.23,4.151,218.314,9.465,2012,3,10,69,1,1.0,6.123233995736766e-17,0.9350162426854148,0.35460488704253557
29,2012-03-16,75.37,4.038,217.96,10.616,2012,3,11,76,1,1.0,6.123233995736766e-17,0.970941817426052,0.23931566428755804
29,2012-03-23,86.3,3.815,221.912,9.761,2012,3,12,83,1,1.0,6.123233995736766e-17,0.992708874098054,0.120536680255323
29,2012-03-30,83.42,4.076,220.543,9.872,2012,3,13,90,1,1.0,6.123233995736766e-17,1.0,-1.6081226496766366e-16
29,2012-04-06,74.38,3.991,222.029,9.522,2012,4,14,97,2,0.8660254037844387,-0.4999999999999998,0.992708874098054,-0.12053668025532288
29,2012-04-13,70.41,4.143,217.338,9.624,2012,4,15,104,2,0.8660254037844387,-0.4999999999999998,0.9709418174260521,-0.2393156642875575
29,2012-04-20,68.22,3.974,219.055,10.597,2012,4,16,111,2,0.8660254037844387,-0.4999999999999998,0.9350162426854148,-0.35460488704253545
29,2012-04-27,73.69,3.944,220.553,9.802,2012,4,17,118,2,0.8660254037844387,-0.4999999999999998,0.8854560256532099,-0.4647231720437685
29,2012-05-04,72.22,3.942,220.169,9.64,2012,5,18,125,2,0.49999999999999994,-0.8660254037844387,0.8229838658936565,-0.5680647467311557
29,2012-05-11,59.36,3.571,217.631,9.827,2012,5,19,132,2,0.49999999999999994,-0.8660254037844387,0.7485107481711013,-0.663122658240795
29,2012-05-18,67.33,3.469,221.292,9.277,2012,5,20,139,2,0.49999999999999994,-0.8660254037844387,0.6631226582407952,-0.7485107481711012
29,2012-05-25,54.12,3.366,221.392,9.185,2012,5,21,146,2,0.49999999999999994,-0.8660254037844387,0.5680647467311558,-0.8229838658936564
29,2012-06-01,52.54,3.245,218.759,8.547,2012,6,22,153,2,1.2246467991473532e-16,-1.0,0.46472317204376906,-0.8854560256532096
29,2012-06-08,55.12,3.21,222.285,8.902,2012,6,23,160,2,1.2246467991473532e-16,-1.0,0.35460488704253584,-0.9350162426854147
29,2012-06-15,49.36,3.079,221.012,9.089,2012,6,24,167,2,1.2246467991473532e-16,-1.0,0.23931566428755768,-0.970941817426052
29,2012-06-22,49.5,2.698,220.98,8.603,2012,6,25,174,2,1.2246467991473532e-16,-1.0,0.12053668025532308,-0.992708874098054
29,2012-06-29,43.42,2.041,218.178,7.755,2012,6,26,181,2,1.2246467991473532e-16,-1.0,-3.216245299353273e-16,-1.0
29,2012-07-06,41.17,2.482,218.58,7.536,2012,7,27,188,3,-0.4999999999999997,-0.8660254037844388,-0.12053668025532283,-0.992708874098054
29,2012-07-13,34.46,2.68,219.285,7.166,2012,7,28,195,3,-0.4999999999999997,-0.8660254037844388,-0.23931566428755743,-0.9709418174260521
29,2012-07-20,34.76,1.99,216.676,7.86,2012,7,29,202,3,-0.4999999999999997,-0.8660254037844388,-0.3546048870425356,-0.9350162426854148
29,2012-07-27,26.58,1.866,221.239,6.962,2012,7,30,209,3,-0.4999999999999997,-0.8660254037844388,-0.46472317204376806,-0.8854560256532101
29,2012-08-03,26.21,1.789,223.829,7.184,2012,8,31,216,3,-0.8660254037844385,-0.5000000000000004,-0.5680647467311556,-0.8229838658936566
29,2012-08-10,19.47,1.176,222.712,6.431,2012,8,32,223,3,-0.8660254037844385,-0.5000000000000004,-0.663122658240795,-0.7485107481711013
29,2012-08-17,16.98,1.541,218.896,6.657,2012,8,33,230,3,-0.8660254037844385,-0.5000000000000004,-0.7485107481711011,-0.6631226582407952
29,2012-08-24,16.87,1.2,219.921,7.362,2012,8,34,237,3,-0.8660254037844385,-0.5000000000000004,-0.8229838658936564,-0.5680647467311559
29,2012-08-31,17.86,1.097,217.256,6.662,2012,8,35,244,3,-0.8660254037844385,-0.5000000000000004,-0.8854560256532096,-0.4647231720437691
29,2012-09-07,19.56,1.059,219.462,6.052,2012,9,36,251,3,-1.0,-1.8369701987210297e-16,-0.9350162426854147,-0.3546048870425359
29,2012-09-14,6.72,1.112,220.846,6.293,2012,9,37,258,3,-1.0,-1.8369701987210297e-16,-0.970941817426052,-0.23931566428755774
29,2012-09-21,9.45,1.2,221.043,5.225,2012,9,38,265,3,-1.0,-1.8369701987210297e-16,-0.992708874098054,-0.12053668025532357
29,2012-09-28,14.46,1.078,218.0,6.171,2012,9,39,272,3,-1.0,-1.8369701987210297e-16,-1.0,-1.8369701987210297e-16
29,2012-10-05,14.86,0.459,218.991,6.324,2012,10,40,279,4,-0.8660254037844386,0.5000000000000001,-0.992708874098054,0.1205366802553232
29,2012-10-12,20.14,0.891,220.156,6.317,2012,10,41,286,4,-0.8660254037844386,0.5000000000000001,-0.9709418174260521,0.23931566428755738
29,2012-10-19,25.81,0.953,219.489,6.035,2012,10,42,293,4,-0.8660254037844386,0.5000000000000001,-0.9350162426854148,0.35460488704253557
29,2012-10-26,15.66,0.864,220.682,6.358,2012,10,43,300,4,-0.8660254037844386,0.5000000000000001,-0.8854560256532101,0.464723172043768
30,2010-02-05,67.7,3.569,213.464,9.243,2010,2,5,36,1,0.8660254037844386,0.5000000000000001,0.5680647467311558,0.8229838658936564
30,2010-02-12,68.87,3.655,209.964,9.436,2010,2,6,43,1,0.8660254037844386,0.5000000000000001,0.6631226582407952,0.7485107481711011
30,2010-02-19,70.25,3.649,211.642,9.903,2010,2,7,50,1,0.8660254037844386,0.5000000000000001,0.7485107481711011,0.6631226582407953
30,2010-02-26,67.47,3.946,210.442,9.712,2010,2,8,57,1,0.8660254037844386,0.5000000000000001,0.8229838658936564,0.5680647467311559
30,2010-03-05,72.77,3.838,207.564,9.615,2010,3,9,64,1,1.0,6.123233995736766e-17,0.8854560256532099,0.4647231720437686
30,2010-03-12,78.45,4.065,209.494,9.802,2010,3,10,71,1,1.0,6.123233995736766e-17,0.9350162426854148,0.35460488704253557
30,2010-03-19,74.8,3.837,210.371,10.484,2010,3,11,78,1,1.0,6.123233995736766e-17,0.970941817426052,0.23931566428755804
30,2010-03-26,76.35,4.234,211.555,9.468,2010,3,12,85,1,1.0,6.123233995736766e-17,0.992708874098054,0.120536680255323
30,2010-04-02,80.74,4.107,207.48,9.646,2010,4,13,92,2,0.8660254037844387,-0.4999999999999998,1.0,-1.6081226496766366e-16
30,2010-04-09,86.66,3.912,208.523,9.629,2010,4,14,99,2,0.8660254037844387,-0.4999999999999998,0.992708874098054,-0.12053668025532288
30,2010-04-16,77.51,3.785,210.658,9.422,2010,4,15,106,2,0.8660254037844387,-0.4999999999999998,0.9709418174260521,-0.2393156642875575
30,2010-04-23,83.75,3.622,207.73,9.982,2010,4,16,113,2,0.8660254037844387,-0.4999999999999998,0.9350162426854148,-0.35460488704253545
30,2010-04-30,71.12,4.119,206.854,9.679,2010,4,17,120,2,0.8660254037844387,-0.4999999999999998,0.8854560256532099,-0.4647231720437685
30,2010-05-07,67.48,4.057,207.919,10.233,2010,5,18,127,2,0.49999999999999994,-0.8660254037844387,0.8229838658936565,-0.5680647467311557
30,2010-05-14,54.27,3.675,209.583,9.476,2010,5,19,134,2,0.49999999999999994,-0.8660254037844387,0.7485107481711013,-0.663122658240795
30,2010-05-21,66.2,3.63,209.075,9.832,2010,5,20,141,2,0.49999999999999994,-0.8660254037844387,0.6631226582407952,-0.7485107481711012
30,2010-05-28,63.58,3.148,206.849,8.901,2010,5,21,148,2,0.49999999999999994,-0.8660254037844387,0.5680647467311558,-0.8229838658936564
30,2010-06-04,59.08,3.171,213.98,9.606,2010,6,22,155,2,1.2246467991473532e-16,-1.0,0.46472317204376906,-0.8854560256532096
30,2010-06-11,56.91,2.812,207.453,8.991,2010,6,23,162,2,1.2246467991473532e-16,-1.0,0.35460488704253584,-0.9350162426854147
30,2010-06-18,45.16,2.82,209.235,7.669,2010,6,24,169,2,1.2246467991473532e-16,-1.0,0.23931566428755768,-0.970941817426052
30,2010-06-25,52.07,2.655,210.548,7.436,2010,6,25,176,2,1.2246467991473532e-16,-1.0,0.12053668025532308,-0.992708874098054
30,2010-07-02,39.87,2.45,210.732,8.102,2010,7,26,183,3,-0.4999999999999997,-0.8660254037844388,-3.216245299353273e-16,-1.0
30,2010-07-09,34.16,2.116,210.856,7.158,2010,7,27,190,3,-0.4999999999999997,-0.8660254037844388,-0.12053668025532283,-0.992708874098054
30,2010-07-16,44.56,2.013,211.518,7.94,2010,7,28,197,3,-0.4999999999999997,-0.8660254037844388,-0.23931566428755743,-0.9709418174260521
30,2010-07-23,40.68,2.136,209.89,7.418,2010,7,29,204,3,-0.4999999999999997,-0.8660254037844388,-0.3546048870425356,-0.9350162426854148
30,2010-07-30,18.9,1.66,208.726,6.983,2010,7,30,211,3,-0.4999999999999997,-0.8660254037844388,-0.46472317204376806,-0.8854560256532101
30,2010-08-06,31.0,1.721,208.21,6.855,2010,8,31,218,3,-0.8660254037844385,-0.5000000000000004,-0.5680647467311556,-0.8229838658936566
30,2010-08-13,19.91,1.695,212.493,7.654,2010,8,32,225,3,-0.8660254037844385,-0.5000000000000004,-0.663122658240795,-0.7485107481711013
30,2010-08-20,27.23,1.369,209.919,6.521,2010,8,33,232,3,-0.8660254037844385,-0.5000000000000004,-0.7485107481711011,-0.6631226582407952
30,2010-08-27,18.96,1.195,207.362,5.916,2010,8,34,239,3,-0.8660254037844385,-0.5000000000000004,-0.8229838658936564,-0.5680647467311559
30,2010-09-03,25.15,1.274,209.968,6.181,2010,9,35,246,3,-1.0,-1.8369701987210297e-16,-0.8854560256532096,-0.4647231720437691
30,2010-09-10,22.06,0.933,213.532,5.999,2010,9,36,253,3,-1.0,-1.8369701987210297e-16,-0.9350162426854147,-0.3546048870425359
30,2010-09-17,11.96,1.278,212.687,5.952,2010,9,37,260,3,-1.0,-1.8369701987210297e-16,-0.970941817426052,-0.23931566428755774
30,2010-09-24,16.23,1.339,206.937,5.02,2010,9,38,267,3,-1.0,-1.8369701987210297e-16,-0.992708874098054,-0.12053668025532357
30,2010-10-01,15.72,0.886,213.088,6.801,2010,10,39,274,4,-0.8660254037844386,0.5000000000000001,-1.0,-1.8369701987210297e-16
30,2010-10-08,13.71,0.692,211.779,6.909,2010,10,40,281,4,-0.8660254037844386,0.5000000000000001,-0.992708874098054,0.1205366802553232
30,2010-10-15,15.13,0.928,211.808,6.142,2010,10,41,288,4,-0.8660254037844386,0.5000000000000001,-0.9709418174260521,0.23931566428755738
30,2010-10-22,20.05,1.018,209.838,6.854,2010,10,42,295,4,-0.8660254037844386,0.5000000000000001,-0.9350162426854148,0.35460488704253557
30,2010-10-29,16.9,1.109,208.278,7.002,2010,10,43,302,4,-0.8660254037844386,0.5000000000000001,-0.8854560256532101,0.464723172043768
30,2010-11-05,27.07,1.106,209.982,6.131,2010,11,44,309,4,-0.5000000000000004,0.8660254037844384,-0.822983865893657,0.5680647467311548
30,2010-11-12,18.97,1.456,211.206,6.105,2010,11,45,316,4,-0.5000000000000004,0.8660254037844384,-0.7485107481711011,0.6631226582407952
30,2010-11-19,20.33,1.612,209.649,5.876,2010,11,46,323,4,-0.5000000000000004,0.8660254037844384,-0.6631226582407955,0.7485107481711007
30,2010-11-26,32.56,1.835,210.116,6.255,2010,11,47,330,4,-0.5000000000000004,0.8660254037844384,-0.5680647467311559,0.8229838658936564
30,2010-12-03,30.09,1.99,208.205,6.209,2010,12,48,337,4,-2.4492935982947064e-16,1.0,-0.4647231720437684,0.88545602565321
30,2010-12-10,36.18,2.125,212.71,6.785,2010,12,49,344,4,-2.4492935982947064e-16,1.0,-0.35460488704253595,0.9350162426854147
30,2010-12-17,42.33,2.008,212.795,8.521,2010,12,50,351,4,-2.4492935982947064e-16,1.0,-0.2393156642875578,0.970941817426052
30,2010-12-24,47.23,2.149,210.649,6.997,2010,12,51,358,4,-2.4492935982947064e-16,1.0,-0.12053668025532363,0.992708874098054
30,2010-12-31,35.5,2.263,212.021,7.425,2010,12,52,365,4,-2.4492935982947064e-16,1.0,6.432490598706546e-16,1.0
30,2011-01-07,54.54,2.876,216.3,8.595,2011,1,1,7,1,0.49999999999999994,0.8660254037844387,0.12053668025532305,0.992708874098054
30,2011-01-14,56.9,2.888,216.702,9.82,2011,1,2,14,1,0.49999999999999994,0.8660254037844387,0.23931566428755774,0.970941817426052
30,2011-01-21,51.56,3.073,214.522,8.777,2011,1,3,21,1,0.49999999999999994,0.8660254037844387,0.3546048870425356,0.9350162426854148
30,2011-01-28,60.02,3.31,215.784,9.844,2011,1,4,28,1,0.49999999999999994,0.8660254037844387,0.4647231720437685,0.8854560256532099
30,2011-02-04,60.35,3.119,217.789,9.059,2011,2,5,35,1,0.8660254037844386,0.5000000000000001,0.5680647467311558,0.8229838658936564
30,2011-02-11,64.57,3.473,218.733,10.225,2011,2,6,42,1,0.8660254037844386,0.5000000000000001,0.6631226582407952,0.7485107481711011
30,2011-02-18,61.27,3.724,213.231,9.574,2011,2,7,49,1,0.8660254037844386,0.5000000000000001,0.7485107481711011,0.6631226582407953
30,2011-02-25,77.03,3.505,216.023,9.144,2011,2,8,56,1,0.8660254037844386,0.5000000000000001,0.8229838658936564,0.5680647467311559
30,2011-03-04,81.5,3.473,216.22,10.118,2011,3,9,63,1,1.0,6.123233995736766e-17,0.8854560256532099,0.4647231720437686
30,2011-03-11,70.17,3.852,214.564,9.453,2011,3,10,70,1,1.0,6.123233995736766e-17,0.9350162426854148,0.35460488704253557
30,2011-03-18,79.55,3.874,218.957,10.022,2011,3,11,77,1,1.0,6.123233995736766e-17,0.970941817426052,0.23931566428755804
30,2011-03-25,81.75,3.781,215.374,10.095,2011,3,12,84,1,1.0,6.123233995736766e-17,0.992708874098054,0.120536680255323
30,2011-04-01,79.57,3.973,218.582,10.333,2011,4,13,91,2,0.8660254037844387,-0.4999999999999998,1.0,-1.6081226496766366e-16
30,2011-04-08,66.94,4.023,213.81,9.756,2011,4,14,98,2,0.8660254037844387,-0.4999999999999998,0.992708874098054,-0.12053668025532288
30,2011-04-15,72.69,4.007,217.973,9.721,2011,4,15,105,2,0.8660254037844387,-0.4999999999999998,0.9709418174260521,-0.2393156642875575
30,2011-04-22,76.51,3.986,214.906,10.388,2011,4,16,112,2,0.8660254037844387,-0.4999999999999998,0.9350162426854148,-0.35460488704253545
30,2011-04-29,68.63,3.77,214.019,10.23,2011,4,17,119,2,0.8660254037844387,-0.4999999999999998,0.8854560256532099,-0.4647231720437685
30,2011-05-06,73.96,3.853,216.082,10.094,2011,5,18,126,2,0.49999999999999994,-0.8660254037844387,0.8229838658936565,-0.5680647467311557
30,2011-05-13,66.22,3.65,214.124,10.097,2011,5,19,133,2,0.49999999999999994,-0.8660254037844387,0.7485107481711013,-0.663122658240795
30,2011-05-20,59.47,3.685,215.051,9.761,2011,5,20,140,2,0.49999999999999994,-0.8660254037844387,0.6631226582407952,-0.7485107481711012
30,2011-05-27,62.64,3.253,211.434,8.124,2011,5,21,147,2,0.49999999999999994,-0.8660254037844387,0.5680647467311558,-0.8229838658936564
30,2011-06-03,51.82,3.436,213.115,8.832,2011,6,22,154,2,1.2246467991473532e-16,-1.0,0.46472317204376906,-0.8854560256532096
30,2011-06-10,58.99,2.694,213.756,8.392,2011,6,23,161,2,1.2246467991473532e-16,-1.0,0.35460488704253584,-0.9350162426854147
30,2011-06-17,51.53,2.881,215.103,7.786,2011,6,24,168,2,1.2246467991473532e-16,-1.0,0.23931566428755768,-0.970941817426052
30,2011-06-24,60.34,2.724,216.182,8.623,2011,6,25,175,2,1.2246467991473532e-16,-1.0,0.12053668025532308,-0.992708874098054
30,2011-07-01,40.95,2.23,214.607,8.756,2011,7,26,182,3,-0.4999999999999997,-0.8660254037844388,-3.216245299353273e-16,-1.0
30,2011-07-08,39.49,2.382,214.201,7.033,2011,7,27,189,3,-0.4999999999999997,-0.8660254037844388,-0.12053668025532283,-0.992708874098054
30,2011-07-15,40.13,2.079,211.942,7.316,2011,7,28,196,3,-0.4999999999999997,-0.8660254037844388,-0.23931566428755743,-0.9709418174260521
30,2011-07-22,34.91,2.226,218.627,7.141,2011,7,29,203,3,-0.4999999999999997,-0.8660254037844388,-0.3546048870425356,-0.9350162426854148
30,2011-07-29,23.29,1.947,219.292,8.139,2011,7,30,210,3,-0.4999999999999997,-0.8660254037844388,-0.46472317204376806,-0.8854560256532101
30,2011-08-05,26.03,1.34,215.102,7.142,2011,8,31,217,3,-0.8660254037844385,-0.5000000000000004,-0.5680647467311556,-0.8229838658936566
30,2011-08-12,19.94,0.972,217.541,6.76,2011,8,32,224,3,-0.8660254037844385,-0.5000000000000004,-0.663122658240795,-0.7485107481711013
30,2011-08-19,25.79,1.465,214.556,6.006,2011,8,33,231,3,-0.8660254037844385,-0.5000000000000004,-0.7485107481711011,-0.6631226582407952
30,2011-08-26,16.86,1.339,217.112,5.881,2011,8,34,238,3,-0.8660254037844385,-0.5000000000000004,-0.8229838658936564,-0.5680647467311559
30,2011-09-02,20.62,0.925,214.087,6.822,2011,9,35,245,3,-1.0,-1.8369701987210297e-16,-0.8854560256532096,-0.4647231720437691
30,2011-09-09,18.78,1.175,217.9,5.564,2011,9,36,252,3,-1.0,-1.8369701987210297e-16,-0.9350162426854147,-0.3546048870425359
30,2011-09-16,3.35,0.928,216.142,5.949,2011,9,37,259,3,-1.0,-1.8369701987210297e-16,-0.970941817426052,-0.23931566428755774
30,2011-09-23,16.53,0.938,215.037,5.694,2011,9,38,266,3,-1.0,-1.8369701987210297e-16,-0.992708874098054,-0.12053668025532357
30,2011-09-30,12.9,1.209,212.953,7.165,2011,9,39,273,3,-1.0,-1.8369701987210297e-16,-1.0,-1.8369701987210297e-16
30,2011-10-07,19.63,1.063,219.59,6.449,2011,10,40,280,4,-0.8660254037844386,0.5000000000000001,-0.992708874098054,0.1205366802553232
30,2011-10-14,12.62,0.9,215.491,5.906,2011,10,41,287,4,-0.8660254037844386,0.5000000000000001,-0.9709418174260521,0.23931566428755738
30,2011-10-21,17.21,1.325,213.117,5.764,2011,10,42,294,4,-0.8660254037844386,0.5000000000000001,-0.9350162426854148,0.35460488704253557
30,2011-10-28,22.43,1.3,214.191,6.719,2011,10,43,301,4,-0.8660254037844386,0.5000000000000001,-0.8854560256532101,0.464723172043768
30,2011-11-04,26.83,1.32,214.54,5.566,2011,11,44,308,4,-0.5000000000000004,0.8660254037844384,-0.822983865893657,0.5680647467311548
30,2011-11-11,21.44,1.214,214.749,6.778,2011,11,45,315,4,-0.5000000000000004,0.8660254037844384,-0.7485107481711011,0.6631226582407952
30,2011-11-18,28.23,1.382,212.127,6.807,2011,11,46,322,4,-0.5000000000000004,0.8660254037844384,-0.6631226582407955,0.7485107481711007
30,2011-11-25,15.91,1.75,217.695,6.687,2011,11,47,329,4,-0.5000000000000004,0.8660254037844384,-0.5680647467311559,0.8229838658936564
30,2011-12-02,24.94,1.891,212.998,6.998,2011,12,48,336,4,-2.4492935982947064e-16,1.0,-0.4647231720437684,0.88545602565321
30,2011-12-09,33.78,1.879,213.98,7.486,2011,12,49,343,4,-2.4492935982947064e-16,1.0,-0.35460488704253595,0.9350162426854147
30,2011-12-16,34.72,1.859,213.732,7.142,2011,12,50,350,4,-2.4492935982947064e-16,1.0,-0.2393156642875578,0.970941817426052
30,2011-12-23,37.07,2.614,216.849,7.436,2011,12,51,357,4,-2.4492935982947064e-16,1.0,-0.12053668025532363,0.992708874098054
30,2011-12-30,59.96,2.499,214.662,7.95,2011,12,52,364,4,-2.4492935982947064e-16,1.0,6.432490598706546e-16,1.0
30,2012-01-06,38.14,2.766,216.583,8.568,2012,1,1,6,1,0.49999999999999994,0.8660254037844387,0.12053668025532305,0.992708874098054
30,2012-01-13,46.37,3.058,219.255,9.386,2012,1,2,13,1,0.49999999999999994,0.8660254037844387,0.23931566428755774,0.970941817426052
30,2012-01-20,53.09,3.076,216.762,8.627,2012,1,3,20,1,0.49999999999999994,0.8660254037844387,0.3546048870425356,0.9350162426854148
30,2012-01-27,64.46,3.678,221.619,8.995,2012,1,4,27,1,0.49999999999999994,0.8660254037844387,0.4647231720437685,0.8854560256532099
30,2012-02-03,65.97,3.261,222.597,9.111,2012,2,5,34,1,0.8660254037844386,0.5000000000000001,0.5680647467311558,0.8229838658936564
30,2012-02-10,72.05,3.408,221.167,9.392,2012,2,6,41,1,0.8660254037844386,0.5000000000000001,0.6631226582407952,0.7485107481711011
30,2012-02-17,73.16,4.088,219.632,9.479,2012,2,7,48,1,0.8660254037844386,0.5000000000000001,0.7485107481711011,0.6631226582407953
30,2012-02-24,79.93,3.647,219.547,10.179,2012,2,8,55,1,0.8660254037844386,0.5000000000000001,0.8229838658936564,0.5680647467311559
30,2012-03-02,66.87,3.72,221.41,9.729,2012,3,9,62,1,1.0,6.123233995736766e-17,0.8854560256532099,0.4647231720437686
30,2012-03-09,69.01,3.819,224.223,9.851,2012,3,10,69,1,1.0,6.123233995736766e-17,0.9350162426854148,0.35460488704253557
30,2012-03-16,69.36,3.986,217.704,10.01,2012,3,11,76,1,1.0,6.123233995736766e-17,0.970941817426052,0.23931566428755804
30,2012-03-23,79.19,3.974,221.072,9.848,2012,3,12,83,1,1.0,6.123233995736766e-17,0.992708874098054,0.120536680255323
30,2012-03-30,74.14,4.051,220.94,8.886,2012,3,13,90,1,1.0,6.123233995736766e-17,1.0,-1.6081226496766366e-16
30,2012-04-06,81.09,3.99,220.945,9.553,2012,4,14,97,2,0.8660254037844387,-0.4999999999999998,0.992708874098054,-0.12053668025532288
30,2012-04-13,70.05,3.842,223.235,9.719,2012,4,15,104,2,0.8660254037844387,-0.4999999999999998,0.9709418174260521,-0.2393156642875575
30,2012-04-20,85.94,3.975,222.581,9.782,2012,4,16,111,2,0.8660254037844387,-0.4999999999999998,0.9350162426854148,-0.35460488704253545
30,2012-04-27,74.25,3.828,220.363,9.496,2012,4,17,118,2,0.8660254037844387,-0.4999999999999998,0.8854560256532099,-0.4647231720437685
30,2012-05-04,70.19,3.584,218.773,9.514,2012,5,18,125,2,0.49999999999999994,-0.8660254037844387,0.8229838658936565,-0.5680647467311557
30,2012-05-11,66.94,3.658,222.541,9.439,2012,5,19,132,2,0.49999999999999994,-0.8660254037844387,0.7485107481711013,-0.663122658240795
30,2012-05-18,69.52,3.224,221.105,9.286,2012,5,20,139,2,0.49999999999999994,-0.8660254037844387,0.6631226582407952,-0.7485107481711012
30,2012-05-25,70.32,3.176,219.719,9.249,2012,5,21,146,2,0.49999999999999994,-0.8660254037844387,0.5680647467311558,-0.8229838658936564
30,2012-06-01,54.83,3.22,217.278,8.898,2012,6,22,153,2,1.2246467991473532e-16,-1.0,0.46472317204376906,-0.8854560256532096
30,2012-06-08,56.23,3.311,218.949,9.066,2012,6,23,160,2,1.2246467991473532e-16,-1.0,0.35460488704253584,-0.9350162426854147
30,2012-06-15,45.41,2.722,220.326,7.859,2012,6,24,167,2,1.2246467991473532e-16,-1.0,0.23931566428755768,-0.970941817426052
30,2012-06-22,38.18,2.65,217.553,7.999,2012,6,25,174,2,1.2246467991473532e-16,-1.0,0.12053668025532308,-0.992708874098054
30,2012-06-29,33.09,2.41,219.426,8.744,2012,6,26,181,2,1.2246467991473532e-16,-1.0,-3.216245299353273e-16,-1.0
30,2012-07-06,42.78,2.223,221.744,6.837,2012,7,27,188,3,-0.4999999999999997,-0.8660254037844388,-0.12053668025532283,-0.992708874098054
30,2012-07-13,38.86,1.94,219.946,7.658,2012,7,28,195,3,-0.4999999999999997,-0.8660254037844388,-0.23931566428755743,-0.9709418174260521
30,2012-07-20,30.98,2.138,219.716,7.562,2012,7,29,202,3,-0.4999999999999997,-0.8660254037844388,-0.3546048870425356,-0.9350162426854148
30,2012-07-27,37.18,1.964,218.578,7.856,2012,7,30,209,3,-0.4999999999999997,-0.8660254037844388,-0.46472317204376806,-0.8854560256532101
30,2012-08-03,16.86,1.515,221.217,7.149,2012,8,31,216,3,-0.8660254037844385,-0.5000000000000004,-0.5680647467311556,-0.8229838658936566
30,2012-08-10,26.07,1.242,219.962,7.139,2012,8,32,223,3,-0.8660254037844385,-0.5000000000000004,-0.663122658240795,-0.7485107481711013
30,2012-08-17,29.85,1.308,220.286,5.948,2012,8,33,230,3,-0.8660254037844385,-0.5000000000000004,-0.7485107481711011,-0.6631226582407952
30,2012-08-24,19.34,1.132,220.781,6.329,2012,8,34,237,3,-0.8660254037844385,-0.5000000000000004,-0.8229838658936564,-0.5680647467311559
30,2012-08-31,9.05,1.461,216.594,6.714,2012,8,35,244,3,-0.8660254037844385,-0.5000000000000004,-0.8854560256532096,-0.4647231720437691
30,2012-09-07,15.26,0.981,217.307,5.931,2012,9,36,251,3,-1.0,-1.8369701987210297e-16,-0.9350162426854147,-0.3546048870425359
30,2012-09-14,8.61,0.993,220.266,6.041,2012,9,37,258,3,-1.0,-1.8369701987210297e-16,-0.970941817426052,-0.23931566428755774
30,2012-09-21,2.29,0.944,219.501,6.373,2012,9,38,265,3,-1.0,-1.8369701987210297e-16,-0.992708874098054,-0.12053668025532357
30,2012-09-28,4.87,0.804,219.997,6.375,2012,9,39,272,3,-1.0,-1.8369701987210297e-16,-1.0,-1.8369701987210297e-16
30,2012-10-05,8.65,1.324,219.392,6.053,2012,10,40,279,4,-0.8660254037844386,0.5000000000000001,-0.992708874098054,0.1205366802553232
30,2012-10-12,14.12,1.028,218.274,6.236,2012,10,41,286,4,-0.8660254037844386,0.5000000000000001,-0.9709418174260521,0.23931566428755738
30,2012-10-19,18.63,0.847,221.169,5.641,2012,10,42,293,4,-0.8660254037844386,0.5000000000000001,-0.9350162426854148,0.35460488704253557
30,2012-10-26,25.05,1.435,219.167,5.502,2012,10,43,300,4,-0.8660254037844386,0.5000000000000001,-0.8854560256532101,0.464723172043768
31,2010-02-05,61.53,2.772,214.247,9.5,2010,2,5,36,1,0.8660254037844386,0.5000000000000001,0.5680647467311558,0.8229838658936564
31,2010-02-12,59.96,3.504,202.558,8.579,2010,2,6,43,1,0.8660254037844386,0.5000000000000001,0.6631226582407952,0.7485107481711011
31,2010-02-19,68.06,3.681,213.609,8.696,2010,2,7,50,1,0.8660254037844386,0.5000000000000001,0.7485107481711011,0.6631226582407953
31,2010-02-26,70.55,3.441,209.403,10.064,2010,2,8,57,1,0.8660254037844386,0.5000000000000001,0.8229838658936564,0.5680647467311559
31,2010-03-05,74.23,3.607,211.185,9.388,2010,3,9,64,1,1.0,6.123233995736766e-17,0.8854560256532099,0.4647231720437686
31,2010-03-12,76.97,4.07,211.525,10.382,2010,3,10,71,1,1.0,6.123233995736766e-17,0.9350162426854148,0.35460488704253557
31,2010-03-19,70.43,3.899,208.286,9.879,2010,3,11,78,1,1.0,6.123233995736766e-17,0.970941817426052,0.23931566428755804
31,2010-03-26,70.5,3.708,211.168,10.338,2010,3,12,85,1,1.0,6.123233995736766e-17,0.992708874098054,0.120536680255323
31,2010-04-02,74.0,3.681,212.61,10.734,2010,4,13,92,2,0.8660254037844387,-0.4999999999999998,1.0,-1.6081226496766366e-16
31,2010-04-09,82.77,4.228,208.701,9.298,2010,4,14,99,2,0.8660254037844387,-0.4999999999999998,0.992708874098054,-0.12053668025532288
31,2010-04-16,70.56,4.202,214.092,10.57,2010,4,15,106,2,0.8660254037844387,-0.4999999999999998,0.9709418174260521,-0.2393156642875575
31,2010-04-23,73.24,3.429,210.501,9.582,2010,4,16,113,2,0.8660254037844387,-0.4999999999999998,0.9350162426854148,-0.35460488704253545
31,2010-04-30,73.26,3.776,208.042,9.867,2010,4,17,120,2,0.8660254037844387,-0.4999999999999998,0.8854560256532099,-0.4647231720437685
31,2010-05-07,74.94,4.096,208.626,9.896,2010,5,18,127,2,0.49999999999999994,-0.8660254037844387,0.8229838658936565,-0.5680647467311557
31,2010-05-14,71.73,3.829,212.474,10.63,2010,5,19,134,2,0.49999999999999994,-0.8660254037844387,0.7485107481711013,-0.663122658240795
31,2010-05-21,63.11,3.658,209.14,9.167,2010,5,20,141,2,0.49999999999999994,-0.8660254037844387,0.6631226582407952,-0.7485107481711012
31,2010-05-28,59.75,3.41,209.823,9.518,2010,5,21,148,2,0.49999999999999994,-0.8660254037844387,0.5680647467311558,-0.8229838658936564
31,2010-06-04,58.43,3.237,209.926,9.505,2010,6,22,155,2,1.2246467991473532e-16,-1.0,0.46472317204376906,-0.8854560256532096
31,2010-06-11,50.66,3.082,213.561,7.842,2010,6,23,162,2,1.2246467991473532e-16,-1.0,0.35460488704253584,-0.9350162426854147
31,2010-06-18,45.44,2.583,208.53,7.864,2010,6,24,169,2,1.2246467991473532e-16,-1.0,0.23931566428755768,-0.970941817426052
31,2010-06-25,48.54,2.706,212.871,8.566,2010,6,25,176,2,1.2246467991473532e-16,-1.0,0.12053668025532308,-0.992708874098054
31,2010-07-02,41.52,2.44,210.401,8.157,2010,7,26,183,3,-0.4999999999999997,-0.8660254037844388,-3.216245299353273e-16,-1.0
31,2010-07-09,40.69,2.407,207.155,7.016,2010,7,27,190,3,-0.4999999999999997,-0.8660254037844388,-0.12053668025532283,-0.992708874098054
31,2010-07-16,35.31,2.274,207.758,7.461,2010,7,28,197,3,-0.4999999999999997,-0.8660254037844388,-0.23931566428755743,-0.9709418174260521
31,2010-07-23,38.42,1.918,213.078,7.559,2010,7,29,204,3,-0.4999999999999997,-0.8660254037844388,-0.3546048870425356,-0.9350162426854148
31,2010-07-30,31.43,2.037,210.592,6.705,2010,7,30,211,3,-0.4999999999999997,-0.8660254037844388,-0.46472317204376806,-0.8854560256532101
31,2010-08-06,30.64,1.621,207.518,7.108,2010,8,31,218,3,-0.8660254037844385,-0.5000000000000004,-0.5680647467311556,-0.8229838658936566
31,2010-08-13,25.07,1.417,211.492,6.686,2010,8,32,225,3,-0.8660254037844385,-0.5000000000000004,-0.663122658240795,-0.7485107481711013
31,2010-08-20,32.53,1.289,211.863,6.56,2010,8,33,232,3,-0.8660254037844385,-0.5000000000000004,-0.7485107481711011,-0.6631226582407952
31,2010-08-27,23.81,1.235,210.944,6.54,2010,8,34,239,3,-0.8660254037844385,-0.5000000000000004,-0.8229838658936564,-0.5680647467311559
31,2010-09-03,17.52,1.226,211.881,5.992,2010,9,35,246,3,-1.0,-1.8369701987210297e-16,-0.8854560256532096,-0.4647231720437691
31,2010-09-10,14.62,1.017,210.575,6.842,2010,9,36,253,3,-1.0,-1.8369701987210297e-16,-0.9350162426854147,-0.3546048870425359
31,2010-09-17,16.59,0.958,209.234,5.948,2010,9,37,260,3,-1.0,-1.8369701987210297e-16,-0.970941817426052,-0.23931566428755774
31,2010-09-24,21.97,0.865,210.988,6.874,2010,9,38,267,3,-1.0,-1.8369701987210297e-16,-0.992708874098054,-0.12053668025532357
31,2010-10-01,10.7,0.866,208.308,5.935,2010,10,39,274,4,-0.8660254037844386,0.5000000000000001,-1.0,-1.8369701987210297e-16
31,2010-10-08,21.33,1.372,208.996,5.954,2010,10,40,281,4,-0.8660254037844386,0.5000000000000001,-0.992708874098054,0.1205366802553232
31,2010-10-15,16.06,1.131,211.915,6.38,2010,10,41,288,4,-0.8660254037844386,0.5000000000000001,-0.9709418174260521,0.23931566428755738
31,2010-10-22,11.82,0.868,211.316,7.277,2010,10,42,295,4,-0.8660254037844386,0.5000000000000001,-0.9350162426854148,0.35460488704253557
31,2010-10-29,25.59,0.986,211.179,6.779,2010,10,43,302,4,-0.8660254037844386,0.5000000000000001,-0.8854560256532101,0.464723172043768
31,2010-11-05,30.6,1.303,211.455,6.422,2010,11,44,309,4,-0.5000000000000004,0.8660254037844384,-0.822983865893657,0.5680647467311548
31,2010-11-12,24.72,1.408,209.184,6.988,2010,11,45,316,4,-0.5000000000000004,0.8660254037844384,-0.7485107481711011,0.6631226582407952
31,2010-11-19,21.6,1.803,209.621,5.67,2010,11,46,323,4,-0.5000000000000004,0.8660254037844384,-0.6631226582407955,0.7485107481711007
31,2010-11-26,20.23,1.443,208.806,7.129,2010,11,47,330,4,-0.5000000000000004,0.8660254037844384,-0.5680647467311559,0.8229838658936564
31,2010-12-03,22.36,1.737,210.821,6.426,2010,12,48,337,4,-2.4492935982947064e-16,1.0,-0.4647231720437684,0.88545602565321
31,2010-12-10,34.32,2.347,211.527,7.717,2010,12,49,344,4,-2.4492935982947064e-16,1.0,-0.35460488704253595,0.9350162426854147
31,2010-12-17,36.45,1.971,207.713,6.665,2010,12,50,351,4,-2.4492935982947064e-16,1.0,-0.2393156642875578,0.970941817426052
31,2010-12-24,45.97,2.464,209.499,7.325,2010,12,51,358,4,-2.4492935982947064e-16,1.0,-0.12053668025532363,0.992708874098054
31,2010-12-31,49.95,2.487,213.393,8.131,2010,12,52,365,4,-2.4492935982947064e-16,1.0,6.432490598706546e-16,1.0
31,2011-01-07,48.75,2.868,218.542,8.48,2011,1,1,7,1,0.49999999999999994,0.8660254037844387,0.12053668025532305,0.992708874098054
31,2011-01-14,52.1,3.047,215.284,8.586,2011,1,2,14,1,0.49999999999999994,0.8660254037844387,0.23931566428755774,0.970941817426052
31,2011-01-21,59.53,3.2,213.189,9.192,2011,1,3,21,1,0.49999999999999994,0.8660254037844387,0.3546048870425356,0.9350162426854148
31,2011-01-28,59.07,3.151,215.142,9.997,2011,1,4,28,1,0.49999999999999994,0.8660254037844387,0.4647231720437685,0.8854560256532099
31,2011-02-04,67.5,3.542,215.483,9.425,2011,2,5,35,1,0.8660254037844386,0.5000000000000001,0.5680647467311558,0.8229838658936564
31,2011-02-11,64.37,3.307,215.932,9.56,2011,2,6,42,1,0.8660254037844386,0.5000000000000001,0.6631226582407952,0.7485107481711011
31,2011-02-18,68.06,3.392,218.125,9.75,2011,2,7,49,1,0.8660254037844386,0.5000000000000001,0.7485107481711011,0.6631226582407953
31,2011-02-25,70.03,4.051,213.724,9.628,2011,2,8,56,1,0.8660254037844386,0.5000000000000001,0.8229838658936564,0.5680647467311559
31,2011-03-04,69.28,3.89,213.799,9.739,2011,3,9,63,1,1.0,6.123233995736766e-17,0.8854560256532099,0.4647231720437686
31,2011-03-11,76.98,3.824,216.132,10.122,2011,3,10,70,1,1.0,6.123233995736766e-17,0.9350162426854148,0.35460488704253557
31,2011-03-18,79.81,4.138,212.384,9.685,2011,3,11,77,1,1.0,6.123233995736766e-17,0.970941817426052,0.23931566428755804
31,2011-03-25,80.36,4.042,215.806,10.252,2011,3,12,84,1,1.0,6.123233995736766e-17,0.992708874098054,0.120536680255323
31,2011-04-01,77.98,4.126,214.585,10.389,2011,4,13,91,2,0.8660254037844387,-0.4999999999999998,1.0,-1.6081226496766366e-16
31,2011-04-08,73.11,4.319,213.73,10.087,2011,4,14,98,2,0.8660254037844387,-0.4999999999999998,0.992708874098054,-0.12053668025532288
31,2011-04-15,77.03,4.367,209.595,9.9,2011,4,15,105,2,0.8660254037844387,-0.4999999999999998,0.9709418174260521,-0.2393156642875575
31,2011-04-22,68.47,3.804,216.982,10.079,2011,4,16,112,2,0.8660254037844387,-0.4999999999999998,0.9350162426854148,-0.35460488704253545
31,2011-04-29,80.12,3.897,219.351,10.297,2011,4,17,119,2,0.8660254037844387,-0.4999999999999998,0.8854560256532099,-0.4647231720437685
31,2011-05-06,77.72,3.475,214.282,10.585,2011,5,18,126,2,0.49999999999999994,-0.8660254037844387,0.8229838658936565,-0.5680647467311557
31,2011-05-13,62.53,3.6,213.675,9.964,2011,5,19,133,2,0.49999999999999994,-0.8660254037844387,0.7485107481711013,-0.663122658240795
31,2011-05-20,67.14,3.653,212.013,9.633,2011,5,20,140,2,0.49999999999999994,-0.8660254037844387,0.6631226582407952,-0.7485107481711012
31,2011-05-27,67.08,3.488,220.492,8.951,2011,5,21,147,2,0.49999999999999994,-0.8660254037844387,0.5680647467311558,-0.8229838658936564
31,2011-06-03,61.83,3.378,215.958,9.635,2011,6,22,154,2,1.2246467991473532e-16,-1.0,0.46472317204376906,-0.8854560256532096
31,2011-06-10,59.42,3.456,215.365,8.534,2011,6,23,161,2,1.2246467991473532e-16,-1.0,0.35460488704253584,-0.9350162426854147
31,2011-06-17,44.76,3.234,215.086,8.778,2011,6,24,168,2,1.2246467991473532e-16,-1.0,0.23931566428755768,-0.970941817426052
31,2011-06-24,47.79,2.622,213.732,8.41,2011,6,25,175,2,1.2246467991473532e-16,-1.0,0.12053668025532308,-0.992708874098054
31,2011-07-01,49.86,2.179,213.018,8.188,2011,7,26,182,3,-0.4999999999999997,-0.8660254037844388,-3.216245299353273e-16,-1.0
31,2011-07-08,39.14,2.47,214.971,7.201,2011,7,27,189,3,-0.4999999999999997,-0.8660254037844388,-0.12053668025532283,-0.992708874098054
31,2011-07-15,42.91,2.268,215.698,7.883,2011,7,28,196,3,-0.4999999999999997,-0.8660254037844388,-0.23931566428755743,-0.9709418174260521
31,2011-07-22,25.62,1.755,218.013,8.35,2011,7,29,203,3,-0.4999999999999997,-0.8660254037844388,-0.3546048870425356,-0.9350162426854148
31,2011-07-29,35.17,1.747,216.031,7.998,2011,7,30,210,3,-0.4999999999999997,-0.8660254037844388,-0.46472317204376806,-0.8854560256532101
31,2011-08-05,18.31,1.737,218.487,7.285,2011,8,31,217,3,-0.8660254037844385,-0.5000000000000004,-0.5680647467311556,-0.8229838658936566
31,2011-08-12,21.78,1.407,215.318,6.543,2011,8,32,224,3,-0.8660254037844385,-0.5000000000000004,-0.663122658240795,-0.7485107481711013
31,2011-08-19,20.33,1.346,216.638,6.46,2011,8,33,231,3,-0.8660254037844385,-0.5000000000000004,-0.7485107481711011,-0.6631226582407952
31,2011-08-26,23.55,1.309,217.855,5.889,2011,8,34,238,3,-0.8660254037844385,-0.5000000000000004,-0.8229838658936564,-0.5680647467311559
31,2011-09-02,20.56,1.029,216.987,5.937,2011,9,35,245,3,-1.0,-1.8369701987210297e-16,-0.8854560256532096,-0.4647231720437691
31,2011-09-09,13.72,1.455,215.248,5.473,2011,9,36,252,3,-1.0,-1.8369701987210297e-16,-0.9350162426854147,-0.3546048870425359
31,2011-09-16,18.7,0.925,216.015,5.565,2011,9,37,259,3,-1.0,-1.8369701987210297e-16,-0.970941817426052,-0.23931566428755774
31,2011-09-23,11.75,0.859,213.275,6.324,2011,9,38,266,3,-1.0,-1.8369701987210297e-16,-0.992708874098054,-0.12053668025532357
31,2011-09-30,15.61,1.066,213.918,6.37,2011,9,39,273,3,-1.0,-1.8369701987210297e-16,-1.0,-1.8369701987210297e-16
31,2011-10-07,11.82,0.936,212.178,6.304,2011,10,40,280,4,-0.8660254037844386,0.5000000000000001,-0.992708874098054,0.1205366802553232
31,2011-10-14,13.92,0.784,217.121,6.149,2011,10,41,287,4,-0.8660254037844386,0.5000000000000001,-0.9709418174260521,0.23931566428755738
31,2011-10-21,17.96,0.901,211.912,6.679,2011,10,42,294,4,-0.8660254037844386,0.5000000000000001,-0.9350162426854148,0.35460488704253557
31,2011-10-28,14.8,1.151,211.724,5.034,2011,10,43,301,4,-0.8660254037844386,0.5000000000000001,-0.8854560256532101,0.464723172043768
31,2011-11-04,17.63,1.656,213.079,6.899,2011,11,44,308,4,-0.5000000000000004,0.8660254037844384,-0.822983865893657,0.5680647467311548
31,2011-11-11,19.31,1.752,215.378,6.987,2011,11,45,315,4,-0.5000000000000004,0.8660254037844384,-0.7485107481711011,0.6631226582407952
31,2011-11-18,22.96,1.27,213.728,7.111,2011,11,46,322,4,-0.5000000000000004,0.8660254037844384,-0.6631226582407955,0.7485107481711007
31,2011-11-25,27.49,1.777,214.71,6.029,2011,11,47,329,4,-0.5000000000000004,0.8660254037844384,-0.5680647467311559,0.8229838658936564
31,2011-12-02,34.1,1.847,219.131,6.721,2011,12,48,336,4,-2.4492935982947064e-16,1.0,-0.4647231720437684,0.88545602565321
31,2011-12-09,32.4,1.836,213.761,7.376,2011,12,49,343,4,-2.4492935982947064e-16,1.0,-0.35460488704253595,0.9350162426854147
31,2011-12-16,39.23,2.396,212.534,7.128,2011,12,50,350,4,-2.4492935982947064e-16,1.0,-0.2393156642875578,0.970941817426052
31,2011-12-23,34.48,2.166,218.593,7.755,2011,12,51,357,4,-2.4492935982947064e-16,1.0,-0.12053668025532363,0.992708874098054
31,2011-12-30,54.73,2.622,214.442,8.653,2011,12,52,364,4,-2.4492935982947064e-16,1.0,6.432490598706546e-16,1.0
31,2012-01-06,50.36,2.9,223.473,7.396,2012,1,1,6,1,0.49999999999999994,0.8660254037844387,0.12053668025532305,0.992708874098054
31,2012-01-13,51.4,2.421,221.331,8.229,2012,1,2,13,1,0.49999999999999994,0.8660254037844387,0.23931566428755774,0.970941817426052
31,2012-01-20,54.41,2.748,220.632,8.449,2012,1,3,20,1,0.49999999999999994,0.8660254037844387,0.3546048870425356,0.9350162426854148
31,2012-01-27,54.33,3.017,222.015,8.98,2012,1,4,27,1,0.49999999999999994,0.8660254037844387,0.4647231720437685,0.8854560256532099
31,2012-02-03,53.16,3.432,216.529,8.801,2012,2,5,34,1,0.8660254037844386,0.5000000000000001,0.5680647467311558,0.8229838658936564
31,2012-02-10,52.04,3.648,221.092,9.183,2012,2,6,41,1,0.8660254037844386,0.5000000000000001,0.6631226582407952,0.7485107481711011
31,2012-02-17,69.16,3.621,219.795,10.148,2012,2,7,48,1,0.8660254037844386,0.5000000000000001,0.7485107481711011,0.6631226582407953
31,2012-02-24,65.66,3.781,218.626,9.671,2012,2,8,55,1,0.8660254037844386,0.5000000000000001,0.8229838658936564,0.5680647467311559
31,2012-03-02,63.15,3.85,222.148,9.431,2012,3,9,62,1,1.0,6.123233995736766e-17,0.8854560256532099,0.4647231720437686
31,2012-03-09,76.03,3.927,215.944,9.564,2012,3,10,69,1,1.0,6.123233995736766e-17,0.9350162426854148,0.35460488704253557
31,2012-03-16,83.79,4.049,224.417,9.963,2012,3,11,76,1,1.0,6.123233995736766e-17,0.970941817426052,0.23931566428755804
31,2012-03-23,70.37,3.601,221.119,10.704,2012,3,12,83,1,1.0,6.123233995736766e-17,0.992708874098054,0.120536680255323
31,2012-03-30,84.7,3.814,221.534,10.036,2012,3,13,90,1,1.0,6.123233995736766e-17,1.0,-1.6081226496766366e-16
31,2012-04-06,68.86,3.664,219.956,9.136,2012,4,14,97,2,0.8660254037844387,-0.4999999999999998,0.992708874098054,-0.12053668025532288
31,2012-04-13,73.43,4.025,220.182,9.676,2012,4,15,104,2,0.8660254037844387,-0.4999999999999998,0.9709418174260521,-0.2393156642875575
31,2012-04-20,78.67,4.167,219.823,9.433,2012,4,16,111,2,0.8660254037844387,-0.4999999999999998,0.9350162426854148,-0.35460488704253545
31,2012-04-27,70.26,3.716,220.725,10.188,2012,4,17,118,2,0.8660254037844387,-0.4999999999999998,0.8854560256532099,-0.4647231720437685
31,2012-05-04,76.91,3.751,219.336,9.608,2012,5,18,125,2,0.49999999999999994,-0.8660254037844387,0.8229838658936565,-0.5680647467311557
31,2012-05-11,68.73,3.427,222.458,9.418,2012,5,19,132,2,0.49999999999999994,-0.8660254037844387,0.7485107481711013,-0.663122658240795
31,2012-05-18,70.81,3.629,216.86,9.128,2012,5,20,139,2,0.49999999999999994,-0.8660254037844387,0.6631226582407952,-0.7485107481711012
31,2012-05-25,55.76,3.833,220.465,9.72,2012,5,21,146,2,0.49999999999999994,-0.8660254037844387,0.5680647467311558,-0.8229838658936564
31,2012-06-01,60.85,2.772,217.833,9.24,2012,6,22,153,2,1.2246467991473532e-16,-1.0,0.46472317204376906,-0.8854560256532096
31,2012-06-08,49.29,3.249,222.402,8.976,2012,6,23,160,2,1.2246467991473532e-16,-1.0,0.35460488704253584,-0.9350162426854147
31,2012-06-15,55.24,2.988,221.769,7.998,2012,6,24,167,2,1.2246467991473532e-16,-1.0,0.23931566428755768,-0.970941817426052
31,2012-06-22,48.99,2.855,221.704,9.317,2012,6,25,174,2,1.2246467991473532e-16,-1.0,0.12053668025532308,-0.992708874098054
31,2012-06-29,47.7,2.537,222.021,8.258,2012,6,26,181,2,1.2246467991473532e-16,-1.0,-3.216245299353273e-16,-1.0
31,2012-07-06,40.51,2.815,219.926,8.077,2012,7,27,188,3,-0.4999999999999997,-0.8660254037844388,-0.12053668025532283,-0.992708874098054
31,2012-07-13,37.01,2.239,219.502,7.007,2012,7,28,195,3,-0.4999999999999997,-0.8660254037844388,-0.23931566428755743,-0.9709418174260521
31,2012-07-20,24.64,2.034,221.189,7.335,2012,7,29,202,3,-0.4999999999999997,-0.8660254037844388,-0.3546048870425356,-0.9350162426854148
31,2012-07-27,35.48,1.805,221.792,7.576,2012,7,30,209,3,-0.4999999999999997,-0.8660254037844388,-0.46472317204376806,-0.8854560256532101
31,2012-08-03,24.34,1.581,217.898,6.562,2012,8,31,216,3,-0.8660254037844385,-0.5000000000000004,-0.5680647467311556,-0.8229838658936566
31,2012-08-10,33.59,1.674,220.161,6.314,2012,8,32,223,3,-0.8660254037844385,-0.5000000000000004,-0.663122658240795,-0.7485107481711013
31,2012-08-17,14.34,1.439,220.178,5.798,2012,8,33,230,3,-0.8660254037844385,-0.5000000000000004,-0.7485107481711011,-0.6631226582407952
31,2012-08-24,23.96,1.523,220.426,7.146,2012,8,34,237,3,-0.8660254037844385,-0.5000000000000004,-0.8229838658936564,-0.5680647467311559
31,2012-08-31,25.83,1.336,219.088,5.602,2012,8,35,244,3,-0.8660254037844385,-0.5000000000000004,-0.8854560256532096,-0.4647231720437691
31,2012-09-07,20.16,1.211,223.904,6.679,2012,9,36,251,3,-1.0,-1.8369701987210297e-16,-0.9350162426854147,-0.3546048870425359
31,2012-09-14,14.36,0.97,218.251,6.162,2012,9,37,258,3,-1.0,-1.8369701987210297e-16,-0.970941817426052,-0.23931566428755774
31,2012-09-21,12.13,1.453,220.796,5.023,2012,9,38,265,3,-1.0,-1.8369701987210297e-16,-0.992708874098054,-0.12053668025532357
31,2012-09-28,12.24,1.211,218.926,5.848,2012,9,39,272,3,-1.0,-1.8369701987210297e-16,-1.0,-1.8369701987210297e-16
31,2012-10-05,20.76,0.675,217.436,6.628,2012,10,40,279,4,-0.8660254037844386,0.5000000000000001,-0.992708874098054,0.1205366802553232
31,2012-10-12,18.17,1.228,220.539,6.755,2012,10,41,286,4,-0.8660254037844386,0.5000000000000001,-0.9709418174260521,0.23931566428755738
31,2012-10-19,16.8,0.912,221.998,5.995,2012,10,42,293,4,-0.8660254037844386,0.5000000000000001,-0.9350162426854148,0.35460488704253557
31,2012-10-26,13.58,1.204,218.493,5.687,2012,10,43,300,4,-0.8660254037844386,0.5000000000000001,-0.8854560256532101,0.464723172043768
32,2010-02-05,55.26,3.321,209.303,8.365,2010,2,5,36,1,0.8660254037844386,0.5000000000000001,0.5680647467311558,0.8229838658936564
32,2010-02-12,66.26,3.543,212.823,9.676,2010,2,6,43,1,0.8660254037844386,0.5000000000000001,0.6631226582407952,0.7485107481711011
32,2010-02-19,59.19,3.722,211.817,8.991,2010,2,7,50,1,0.8660254037844386,0.5000000000000001,0.7485107481711011,0.6631226582407953
32,2010-02-26,66.73,3.867,209.512,10.265,2010,2,8,57,1,0.8660254037844386,0.5000000000000001,0.8229838658936564,0.5680647467311559
32,2010-03-05,75.73,3.903,210.215,10.455,2010,3,9,64,1,1.0,6.123233995736766e-17,0.8854560256532099,0.4647231720437686
32,2010-03-12,71.36,4.096,208.805,10.029,2010,3,10,71,1,1.0,6.123233995736766e-17,0.9350162426854148,0.35460488704253557
32,2010-03-19,74.06,4.028,208.96,10.143,2010,3,11,78,1,1.0,6.123233995736766e-17,0.970941817426052,0.23931566428755804
32,2010-03-26,79.63,3.857,211.712,10.254,2010,3,12,85,1,1.0,6.123233995736766e-17,0.992708874098054,0.120536680255323
32,2010-04-02,72.1,3.897,211.153,9.883,2010,4,13,92,2,0.8660254037844387,-0.4999999999999998,1.0,-1.6081226496766366e-16
32,2010-04-09,63.33,4.061,212.945,9.852,2010,4,14,99,2,0.8660254037844387,-0.4999999999999998,0.992708874098054,-0.12053668025532288
32,2010-04-16,70.74,3.914,211.815,10.258,2010,4,15,106,2,0.8660254037844387,-0.4999999999999998,0.9709418174260521,-0.2393156642875575
32,2010-04-23,80.56,4.172,209.285,10.307,2010,4,16,113,2,0.8660254037844387,-0.4999999999999998,0.9350162426854148,-0.35460488704253545
32,2010-04-30,77.08,3.638,209.896,10.298,2010,4,17,120,2,0.8660254037844387,-0.4999999999999998,0.8854560256532099,-0.4647231720437685
32,2010-05-07,74.34,3.633,210.39,10.43,2010,5,18,127,2,0.49999999999999994,-0.8660254037844387,0.8229838658936565,-0.5680647467311557
32,2010-05-14,66.31,3.613,208.562,8.413,2010,5,19,134,2,0.49999999999999994,-0.8660254037844387,0.7485107481711013,-0.663122658240795
32,2010-05-21,70.04,3.436,208.851,8.438,2010,5,20,141,2,0.49999999999999994,-0.8660254037844387,0.6631226582407952,-0.7485107481711012
32,2010-05-28,63.91,3.46,209.736,8.571,2010,5,21,148,2,0.49999999999999994,-0.8660254037844387,0.5680647467311558,-0.8229838658936564
32,2010-06-04,62.0,3.67,211.851,8.212,2010,6,22,155,2,1.2246467991473532e-16,-1.0,0.46472317204376906,-0.8854560256532096
32,2010-06-11,52.88,2.909,210.382,9.118,2010,6,23,162,2,1.2246467991473532e-16,-1.0,0.35460488704253584,-0.9350162426854147
32,2010-06-18,54.65,2.962,214.085,7.685,2010,6,24,169,2,1.2246467991473532e-16,-1.0,0.23931566428755768,-0.970941817426052
32,2010-06-25,41.36,2.591,207.242,7.558,2010,6,25,176,2,1.2246467991473532e-16,-1.0,0.12053668025532308,-0.992708874098054
32,2010-07-02,39.45,2.405,209.936,8.884,2010,7,26,183,3,-0.4999999999999997,-0.8660254037844388,-3.216245299353273e-16,-1.0
32,2010-07-09,26.32,2.497,207.931,7.66,2010,7,27,190,3,-0.4999999999999997,-0.8660254037844388,-0.12053668025532283,-0.992708874098054
32,2010-07-16,41.34,2.362,212.796,6.959,2010,7,28,197,3,-0.4999999999999997,-0.8660254037844388,-0.23931566428755743,-0.9709418174260521
32,2010-07-23,31.92,2.053,209.793,6.914,2010,7,29,204,3,-0.4999999999999997,-0.8660254037844388,-0.3546048870425356,-0.9350162426854148
32,2010-07-30,31.79,1.622,210.167,7.064,2010,7,30,211,3,-0.4999999999999997,-0.8660254037844388,-0.46472317204376806,-0.8854560256532101
32,2010-08-06,20.74,1.506,210.125,6.376,2010,8,31,218,3,-0.8660254037844385,-0.5000000000000004,-0.5680647467311556,-0.8229838658936566
32,2010-08-13,23.3,1.345,210.564,6.903,2010,8,32,225,3,-0.8660254037844385,-0.5000000000000004,-0.663122658240795,-0.7485107481711013
32,2010-08-20,36.37,1.577,210.775,6.518,2010,8,33,232,3,-0.8660254037844385,-0.5000000000000004,-0.7485107481711011,-0.6631226582407952
32,2010-08-27,15.67,1.662,210.074,6.764,2010,8,34,239,3,-0.8660254037844385,-0.5000000000000004,-0.8229838658936564,-0.5680647467311559
32,2010-09-03,27.62,1.284,208.338,5.952,2010,9,35,246,3,-1.0,-1.8369701987210297e-16,-0.8854560256532096,-0.4647231720437691
32,2010-09-10,20.87,1.177,211.131,6.205,2010,9,36,253,3,-1.0,-1.8369701987210297e-16,-0.9350162426854147,-0.3546048870425359
32,2010-09-17,21.45,0.925,207.449,6.32,2010,9,37,260,3,-1.0,-1.8369701987210297e-16,-0.970941817426052,-0.23931566428755774
32,2010-09-24,15.08,1.373,208.471,5.226,2010,9,38,267,3,-1.0,-1.8369701987210297e-16,-0.992708874098054,-0.12053668025532357
32,2010-10-01,6.95,0.971,208.151,5.735,2010,10,39,274,4,-0.8660254037844386,0.5000000000000001,-1.0,-1.8369701987210297e-16
32,2010-10-08,11.74,1.234,209.848,5.161,2010,10,40,281,4,-0.8660254037844386,0.5000000000000001,-0.992708874098054,0.1205366802553232
32,2010-10-15,24.98,1.429,208.149,6.261,2010,10,41,288,4,-0.8660254037844386,0.5000000000000001,-0.9709418174260521,0.23931566428755738
32,2010-10-22,14.67,1.173,209.881,6.673,2010,10,42,295,4,-0.8660254037844386,0.5000000000000001,-0.9350162426854148,0.35460488704253557
32,2010-10-29,22.39,0.924,210.122,6.327,2010,10,43,302,4,-0.8660254037844386,0.5000000000000001,-0.8854560256532101,0.464723172043768
32,2010-11-05,16.22,1.292,208.392,6.129,2010,11,44,309,4,-0.5000000000000004,0.8660254037844384,-0.822983865893657,0.5680647467311548
32,2010-11-12,15.27,1.431,209.275,7.278,2010,11,45,316,4,-0.5000000000000004,0.8660254037844384,-0.7485107481711011,0.6631226582407952
32,2010-11-19,35.6,1.969,207.736,6.494,2010,11,46,323,4,-0.5000000000000004,0.8660254037844384,-0.6631226582407955,0.7485107481711007
32,2010-11-26,23.43,1.56,210.282,6.79,2010,11,47,330,4,-0.5000000000000004,0.8660254037844384,-0.5680647467311559,0.8229838658936564
32,2010-12-03,31.14,1.912,210.123,6.766,2010,12,48,337,4,-2.4492935982947064e-16,1.0,-0.4647231720437684,0.88545602565321
32,2010-12-10,32.07,1.728,206.007,6.858,2010,12,49,344,4,-2.4492935982947064e-16,1.0,-0.35460488704253595,0.9350162426854147
32,2010-12-17,39.2,2.286,205.961,7.713,2010,12,50,351,4,-2.4492935982947064e-16,1.0,-0.2393156642875578,0.970941817426052
32,2010-12-24,43.85,2.423,207.788,6.945,2010,12,51,358,4,-2.4492935982947064e-16,1.0,-0.12053668025532363,0.992708874098054
32,2010-12-31,47.87,2.466,210.442,7.664,2010,12,52,365,4,-2.4492935982947064e-16,1.0,6.432490598706546e-16,1.0
32,2011-01-07,50.33,2.728,218.18,9.162,2011,1,1,7,1,0.49999999999999994,0.8660254037844387,0.12053668025532305,0.992708874098054
32,2011-01-14,61.99,3.098,214.294,7.555,2011,1,2,14,1,0.49999999999999994,0.8660254037844387,0.23931566428755774,0.970941817426052
32,2011-01-21,56.91,3.129,212.901,8.606,2011,1,3,21,1,0.49999999999999994,0.8660254037844387,0.3546048870425356,0.9350162426854148
32,2011-01-28,50.85,2.926,213.211,8.937,2011,1,4,28,1,0.49999999999999994,0.8660254037844387,0.4647231720437685,0.8854560256532099
32,2011-02-04,57.71,3.38,210.544,8.208,2011,2,5,35,1,0.8660254037844386,0.5000000000000001,0.5680647467311558,0.8229838658936564
32,2011-02-11,59.62,3.415,215.005,9.261,2011,2,6,42,1,0.8660254037844386,0.5000000000000001,0.6631226582407952,0.7485107481711011
32,2011-02-18,68.72,3.421,213.527,9.102,2011,2,7,49,1,0.8660254037844386,0.5000000000000001,0.7485107481711011,0.6631226582407953
32,2011-02-25,74.51,3.824,213.604,9.918,2011,2,8,56,1,0.8660254037844386,0.5000000000000001,0.8229838658936564,0.5680647467311559
32,2011-03-04,74.04,4.239,214.586,10.038,2011,3,9,63,1,1.0,6.123233995736766e-17,0.8854560256532099,0.4647231720437686
32,2011-03-11,75.6,3.738,212.99,10.211,2011,3,10,70,1,1.0,6.123233995736766e-17,0.9350162426854148,0.35460488704253557
32,2011-03-18,79.82,4.089,216.669,9.854,2011,3,11,77,1,1.0,6.123233995736766e-17,0.970941817426052,0.23931566428755804
32,2011-03-25,68.93,4.092,212.188,9.663,2011,3,12,84,1,1.0,6.123233995736766e-17,0.992708874098054,0.120536680255323
32,2011-04-01,60.72,4.182,212.952,9.634,2011,4,13,91,2,0.8660254037844387,-0.4999999999999998,1.0,-1.6081226496766366e-16
32,2011-04-08,74.76,3.987,213.791,9.79,2011,4,14,98,2,0.8660254037844387,-0.4999999999999998,0.992708874098054,-0.12053668025532288
32,2011-04-15,73.48,4.106,211.361,10.377,2011,4,15,105,2,0.8660254037844387,-0.4999999999999998,0.9709418174260521,-0.2393156642875575
32,2011-04-22,72.88,3.675,213.203,9.414,2011,4,16,112,2,0.8660254037844387,-0.4999999999999998,0.9350162426854148,-0.35460488704253545
32,2011-04-29,71.82,3.877,213.304,10.304,2011,4,17,119,2,0.8660254037844387,-0.4999999999999998,0.8854560256532099,-0.4647231720437685
32,2011-05-06,71.46,4.029,214.08,9.662,2011,5,18,126,2,0.49999999999999994,-0.8660254037844387,0.8229838658936565,-0.5680647467311557
32,2011-05-13,68.97,3.307,212.811,9.642,2011,5,19,133,2,0.49999999999999994,-0.8660254037844387,0.7485107481711013,-0.663122658240795
32,2011-05-20,61.36,3.34,214.554,9.476,2011,5,20,140,2,0.49999999999999994,-0.8660254037844387,0.6631226582407952,-0.7485107481711012
32,2011-05-27,60.43,3.317,217.091,9.678,2011,5,21,147,2,0.49999999999999994,-0.8660254037844387,0.5680647467311558,-0.8229838658936564
32,2011-06-03,58.52,3.414,215.484,9.666,2011,6,22,154,2,1.2246467991473532e-16,-1.0,0.46472317204376906,-0.8854560256532096
32,2011-06-10,58.36,3.205,215.334,7.811,2011,6,23,161,2,1.2246467991473532e-16,-1.0,0.35460488704253584,-0.9350162426854147
32,2011-06-17,48.92,3.059,214.593,9.512,2011,6,24,168,2,1.2246467991473532e-16,-1.0,0.23931566428755768,-0.970941817426052
32,2011-06-24,43.96,2.765,214.524,7.842,2011,6,25,175,2,1.2246467991473532e-16,-1.0,0.12053668025532308,-0.992708874098054
32,2011-07-01,42.52,2.646,214.732,7.27,2011,7,26,182,3,-0.4999999999999997,-0.8660254037844388,-3.216245299353273e-16,-1.0
32,2011-07-08,42.69,2.297,215.323,7.755,2011,7,27,189,3,-0.4999999999999997,-0.8660254037844388,-0.12053668025532283,-0.992708874098054
32,2011-07-15,37.59,2.154,211.611,7.806,2011,7,28,196,3,-0.4999999999999997,-0.8660254037844388,-0.23931566428755743,-0.9709418174260521
32,2011-07-22,29.56,1.924,212.783,7.062,2011,7,29,203,3,-0.4999999999999997,-0.8660254037844388,-0.3546048870425356,-0.9350162426854148
32,2011-07-29,25.3,1.641,211.331,6.947,2011,7,30,210,3,-0.4999999999999997,-0.8660254037844388,-0.46472317204376806,-0.8854560256532101
32,2011-08-05,25.97,1.509,211.954,6.272,2011,8,31,217,3,-0.8660254037844385,-0.5000000000000004,-0.5680647467311556,-0.8229838658936566
32,2011-08-12,27.35,1.466,219.62,6.772,2011,8,32,224,3,-0.8660254037844385,-0.5000000000000004,-0.663122658240795,-0.7485107481711013
32,2011-08-19,22.15,1.141,216.075,5.876,2011,8,33,231,3,-0.8660254037844385,-0.5000000000000004,-0.7485107481711011,-0.6631226582407952
32,2011-08-26,13.73,1.602,215.371,7.254,2011,8,34,238,3,-0.8660254037844385,-0.5000000000000004,-0.8229838658936564,-0.5680647467311559
32,2011-09-02,18.36,1.263,216.185,6.25,2011,9,35,245,3,-1.0,-1.8369701987210297e-16,-0.8854560256532096,-0.4647231720437691
32,2011-09-09,14.52,1.119,212.394,5.938,2011,9,36,252,3,-1.0,-1.8369701987210297e-16,-0.9350162426854147,-0.3546048870425359
32,2011-09-16,21.25,0.886,217.064,5.69,2011,9,37,259,3,-1.0,-1.8369701987210297e-16,-0.970941817426052,-0.23931566428755774
32,2011-09-23,12.74,0.785,214.981,6.154,2011,9,38,266,3,-1.0,-1.8369701987210297e-16,-0.992708874098054,-0.12053668025532357
32,2011-09-30,12.86,1.068,213.72,6.412,2011,9,39,273,3,-1.0,-1.8369701987210297e-16,-1.0,-1.8369701987210297e-16
32,2011-10-07,24.82,1.229,213.946,6.541,2011,10,40,280,4,-0.8660254037844386,0.5000000000000001,-0.992708874098054,0.1205366802553232
32,2011-10-14,22.36,0.874,217.841,6.094,2011,10,41,287,4,-0.8660254037844386,0.5000000000000001,-0.9709418174260521,0.23931566428755738
32,2011-10-21,16.8,1.095,213.766,5.734,2011,10,42,294,4,-0.8660254037844386,0.5000000000000001,-0.9350162426854148,0.35460488704253557
32,2011-10-28,22.29,0.671,215.55,6.857,2011,10,43,301,4,-0.8660254037844386,0.5000000000000001,-0.8854560256532101,0.464723172043768
32,2011-11-04,12.21,1.058,215.874,5.113,2011,11,44,308,4,-0.5000000000000004,0.8660254037844384,-0.822983865893657,0.5680647467311548
32,2011-11-11,25.57,1.536,213.897,5.512,2011,11,45,315,4,-0.5000000000000004,0.8660254037844384,-0.7485107481711011,0.6631226582407952
32,2011-11-18,24.94,1.191,213.816,6.362,2011,11,46,322,4,-0.5000000000000004,0.8660254037844384,-0.6631226582407955,0.7485107481711007
32,2011-11-25,27.52,1.992,216.109,7.325,2011,11,47,329,4,-0.5000000000000004,0.8660254037844384,-0.5680647467311559,0.8229838658936564
32,2011-12-02,23.5,1.771,218.839,7.825,2011,12,48,336,4,-2.4492935982947064e-16,1.0,-0.4647231720437684,0.88545602565321
32,2011-12-09,40.99,2.109,214.643,7.342,2011,12,49,343,4,-2.4492935982947064e-16,1.0,-0.35460488704253595,0.9350162426854147
32,2011-12-16,29.71,1.944,214.643,6.773,2011,12,50,350,4,-2.4492935982947064e-16,1.0,-0.2393156642875578,0.970941817426052
32,2011-12-23,38.57,2.624,214.546,7.905,2011,12,51,357,4,-2.4492935982947064e-16,1.0,-0.12053668025532363,0.992708874098054
32,2011-12-30,48.71,2.414,215.333,8.408,2011,12,52,364,4,-2.4492935982947064e-16,1.0,6.432490598706546e-16,1.0
32,2012-01-06,54.14,2.746,223.41,8.332,2012,1,1,6,1,0.49999999999999994,0.8660254037844387,0.12053668025532305,0.992708874098054
32,2012-01-13,49.27,2.879,214.431,7.534,2012,1,2,13,1,0.49999999999999994,0.8660254037844387,0.23931566428755774,0.970941817426052
32,2012-01-20,49.41,3.189,218.919,9.07,2012,1,3,20,1,0.49999999999999994,0.8660254037844387,0.3546048870425356,0.9350162426854148
32,2012-01-27,53.15,3.215,220.834,8.292,2012,1,4,27,1,0.49999999999999994,0.8660254037844387,0.4647231720437685,0.8854560256532099
32,2012-02-03,61.73,3.579,218.867,9.36,2012,2,5,34,1,0.8660254037844386,0.5000000000000001,0.5680647467311558,0.8229838658936564
32,2012-02-10,65.69,3.508,221.811,9.21,2012,2,6,41,1,0.8660254037844386,0.5000000000000001,0.6631226582407952,0.7485107481711011
32,2012-02-17,62.91,3.611,219.627,9.121,2012,2,7,48,1,0.8660254037844386,0.5000000000000001,0.7485107481711011,0.6631226582407953
32,2012-02-24,73.0,3.821,223.846,9.404,2012,2,8,55,1,0.8660254037844386,0.5000000000000001,0.8229838658936564,0.5680647467311559
32,2012-03-02,61.56,4.024,222.725,9.338,2012,3,9,62,1,1.0,6.123233995736766e-17,0.8854560256532099,0.4647231720437686
32,2012-03-09,65.86,3.933,218.005,10.25,2012,3,10,69,1,1.0,6.123233995736766e-17,0.9350162426854148,0.35460488704253557
32,2012-03-16,81.59,4.051,222.529,10.596,2012,3,11,76,1,1.0,6.123233995736766e-17,0.970941817426052,0.23931566428755804
32,2012-03-23,69.77,4.21,223.379,9.545,2012,3,12,83,1,1.0,6.123233995736766e-17,0.992708874098054,0.120536680255323
32,2012-03-30,83.92,4.04,216.676,10.405,2012,3,13,90,1,1.0,6.123233995736766e-17,1.0,-1.6081226496766366e-16
32,2012-04-06,75.52,3.913,217.646,10.169,2012,4,14,97,2,0.8660254037844387,-0.4999999999999998,0.992708874098054,-0.12053668025532288
32,2012-04-13,73.5,4.065,216.287,9.703,2012,4,15,104,2,0.8660254037844387,-0.4999999999999998,0.9709418174260521,-0.2393156642875575
32,2012-04-20,73.58,3.89,222.675,9.797,2012,4,16,111,2,0.8660254037844387,-0.4999999999999998,0.9350162426854148,-0.35460488704253545
32,2012-04-27,60.66,3.662,220.862,9.787,2012,4,17,118,2,0.8660254037844387,-0.4999999999999998,0.8854560256532099,-0.4647231720437685
32,2012-05-04,73.45,3.728,220.547,10.812,2012,5,18,125,2,0.49999999999999994,-0.8660254037844387,0.8229838658936565,-0.5680647467311557
32,2012-05-11,58.36,3.719,218.415,9.697,2012,5,19,132,2,0.49999999999999994,-0.8660254037844387,0.7485107481711013,-0.663122658240795
32,2012-05-18,63.05,3.9,222.346,9.408,2012,5,20,139,2,0.49999999999999994,-0.8660254037844387,0.6631226582407952,-0.7485107481711012
32,2012-05-25,66.67,3.694,221.366,9.896,2012,5,21,146,2,0.49999999999999994,-0.8660254037844387,0.5680647467311558,-0.8229838658936564
32,2012-06-01,57.36,3.301,220.445,9.775,2012,6,22,153,2,1.2246467991473532e-16,-1.0,0.46472317204376906,-0.8854560256532096
32,2012-06-08,51.66,3.189,224.747,9.166,2012,6,23,160,2,1.2246467991473532e-16,-1.0,0.35460488704253584,-0.9350162426854147
32,2012-06-15,52.44,2.932,219.541,9.147,2012,6,24,167,2,1.2246467991473532e-16,-1.0,0.23931566428755768,-0.970941817426052
32,2012-06-22,52.28,2.887,219.686,6.899,2012,6,25,174,2,1.2246467991473532e-16,-1.0,0.12053668025532308,-0.992708874098054
32,2012-06-29,47.68,2.242,223.673,7.922,2012,6,26,181,2,1.2246467991473532e-16,-1.0,-3.216245299353273e-16,-1.0
32,2012-07-06,40.26,2.625,221.225,8.181,2012,7,27,188,3,-0.4999999999999997,-0.8660254037844388,-0.12053668025532283,-0.992708874098054
32,2012-07-13,41.48,2.087,215.954,8.247,2012,7,28,195,3,-0.4999999999999997,-0.8660254037844388,-0.23931566428755743,-0.9709418174260521
32,2012-07-20,33.44,1.94,219.046,6.253,2012,7,29,202,3,-0.4999999999999997,-0.8660254037844388,-0.3546048870425356,-0.9350162426854148
32,2012-07-27,39.52,2.18,218.936,7.169,2012,7,30,209,3,-0.4999999999999997,-0.8660254037844388,-0.46472317204376806,-0.8854560256532101
32,2012-08-03,32.41,1.858,223.607,6.839,2012,8,31,216,3,-0.8660254037844385,-0.5000000000000004,-0.5680647467311556,-0.8229838658936566
32,2012-08-10,37.49,1.26,219.92,6.423,2012,8,32,223,3,-0.8660254037844385,-0.5000000000000004,-0.663122658240795,-0.7485107481711013
32,2012-08-17,19.05,1.227,221.048,7.02,2012,8,33,230,3,-0.8660254037844385,-0.5000000000000004,-0.7485107481711011,-0.6631226582407952
32,2012-08-24,10.09,1.401,218.968,5.991,2012,8,34,237,3,-0.8660254037844385,-0.5000000000000004,-0.8229838658936564,-0.5680647467311559
32,2012-08-31,25.37,1.397,219.882,6.302,2012,8,35,244,3,-0.8660254037844385,-0.5000000000000004,-0.8854560256532096,-0.4647231720437691
32,2012-09-07,12.83,1.241,222.352,5.162,2012,9,36,251,3,-1.0,-1.8369701987210297e-16,-0.9350162426854147,-0.3546048870425359
32,2012-09-14,13.6,0.78,217.925,5.205,2012,9,37,258,3,-1.0,-1.8369701987210297e-16,-0.970941817426052,-0.23931566428755774
32,2012-09-21,18.28,0.983,216.718,6.168,2012,9,38,265,3,-1.0,-1.8369701987210297e-16,-0.992708874098054,-0.12053668025532357
32,2012-09-28,13.2,1.039,222.345,5.777,2012,9,39,272,3,-1.0,-1.8369701987210297e-16,-1.0,-1.8369701987210297e-16
32,2012-10-05,21.16,1.134,218.694,5.214,2012,10,40,279,4,-0.8660254037844386,0.5000000000000001,-0.992708874098054,0.1205366802553232
32,2012-10-12,16.45,0.976,219.334,5.369,2012,10,41,286,4,-0.8660254037844386,0.5000000000000001,-0.9709418174260521,0.23931566428755738
32,2012-10-19,11.2,1.012,217.266,6.86,2012,10,42,293,4,-0.8660254037844386,0.5000000000000001,-0.9350162426854148,0.35460488704253557
32,2012-10-26,17.76,1.039,222.652,6.687,2012,10,43,300,4,-0.8660254037844386,0.5000000000000001,-0.8854560256532101,0.464723172043768
33,2010-02-05,68.98,3.488,210.796,8.486,2010,2,5,36,1,0.8660254037844386,0.5000000000000001,0.5680647467311558,0.8229838658936564
33,2010-02-12,57.71,3.979,210.446,9.85,2010,2,6,43,1,0.8660254037844386,0.5000000000000001,0.6631226582407952,0.7485107481711011
33,2010-02-19,68.19,3.242,211.293,10.081,2010,2,7,50,1,0.8660254037844386,0.5000000000000001,0.7485107481711011,0.6631226582407953
33,2010-02-26,75.51,3.501,209.84,9.032,2010,2,8,57,1,0.8660254037844386,0.5000000000000001,0.8229838658936564,0.5680647467311559
33,2010-03-05,78.08,4.073,208.237,10.657,2010,3,9,64,1,1.0,6.123233995736766e-17,0.8854560256532099,0.4647231720437686
33,2010-03-12,71.68,3.915,212.284,9.858,2010,3,10,71,1,1.0,6.123233995736766e-17,0.9350162426854148,0.35460488704253557
33,2010-03-19,73.77,4.212,208.757,10.887,2010,3,11,78,1,1.0,6.123233995736766e-17,0.970941817426052,0.23931566428755804
33,2010-03-26,79.82,4.066,207.392,9.468,2010,3,12,85,1,1.0,6.123233995736766e-17,0.992708874098054,0.120536680255323
33,2010-04-02,76.31,3.99,209.182,9.826,2010,4,13,92,2,0.8660254037844387,-0.4999999999999998,1.0,-1.6081226496766366e-16
33,2010-04-09,80.18,3.782,209.878,10.169,2010,4,14,99,2,0.8660254037844387,-0.4999999999999998,0.992708874098054,-0.12053668025532288
33,2010-04-16,73.47,3.932,210.601,10.846,2010,4,15,106,2,0.8660254037844387,-0.4999999999999998,0.9709418174260521,-0.2393156642875575
33,2010-04-23,73.93,4.113,210.909,9.654,2010,4,16,113,2,0.8660254037844387,-0.4999999999999998,0.9350162426854148,-0.35460488704253545
33,2010-04-30,65.45,3.847,208.031,10.021,2010,4,17,120,2,0.8660254037844387,-0.4999999999999998,0.8854560256532099,-0.4647231720437685
33,2010-05-07,64.95,3.872,209.771,9.702,2010,5,18,127,2,0.49999999999999994,-0.8660254037844387,0.8229838658936565,-0.5680647467311557
33,2010-05-14,64.52,3.303,209.806,9.169,2010,5,19,134,2,0.49999999999999994,-0.8660254037844387,0.7485107481711013,-0.663122658240795
33,2010-05-21,64.97,3.98,210.583,9.606,2010,5,20,141,2,0.49999999999999994,-0.8660254037844387,0.6631226582407952,-0.7485107481711012
33,2010-05-28,61.84,3.25,209.485,9.585,2010,5,21,148,2,0.49999999999999994,-0.8660254037844387,0.5680647467311558,-0.8229838658936564
33,2010-06-04,60.88,2.721,209.592,8.783,2010,6,22,155,2,1.2246467991473532e-16,-1.0,0.46472317204376906,-0.8854560256532096
33,2010-06-11,62.35,2.892,209.558,7.477,2010,6,23,162,2,1.2246467991473532e-16,-1.0,0.35460488704253584,-0.9350162426854147
33,2010-06-18,48.58,2.916,209.982,8.422,2010,6,24,169,2,1.2246467991473532e-16,-1.0,0.23931566428755768,-0.970941817426052
33,2010-06-25,50.07,2.645,212.532,7.564,2010,6,25,176,2,1.2246467991473532e-16,-1.0,0.12053668025532308,-0.992708874098054
33,2010-07-02,48.29,2.212,207.735,9.1,2010,7,26,183,3,-0.4999999999999997,-0.8660254037844388,-3.216245299353273e-16,-1.0
33,2010-07-09,46.33,2.236,209.209,7.997,2010,7,27,190,3,-0.4999999999999997,-0.8660254037844388,-0.12053668025532283,-0.992708874098054
33,2010-07-16,39.85,1.589,213.345,8.118,2010,7,28,197,3,-0.4999999999999997,-0.8660254037844388,-0.23931566428755743,-0.9709418174260521
33,2010-07-23,33.93,1.869,208.254,6.776,2010,7,29,204,3,-0.4999999999999997,-0.8660254037844388,-0.3546048870425356,-0.9350162426854148
33,2010-07-30,28.7,1.755,209.718,6.934,2010,7,30,211,3,-0.4999999999999997,-0.8660254037844388,-0.46472317204376806,-0.8854560256532101
33,2010-08-06,31.75,1.779,211.055,6.682,2010,8,31,218,3,-0.8660254037844385,-0.5000000000000004,-0.5680647467311556,-0.8229838658936566
33,2010-08-13,19.38,1.428,207.423,6.941,2010,8,32,225,3,-0.8660254037844385,-0.5000000000000004,-0.663122658240795,-0.7485107481711013
33,2010-08-20,12.66,1.382,209.233,6.085,2010,8,33,232,3,-0.8660254037844385,-0.5000000000000004,-0.7485107481711011,-0.6631226582407952
33,2010-08-27,19.49,1.091,207.383,6.039,2010,8,34,239,3,-0.8660254037844385,-0.5000000000000004,-0.8229838658936564,-0.5680647467311559
33,2010-09-03,27.31,1.172,213.418,5.609,2010,9,35,246,3,-1.0,-1.8369701987210297e-16,-0.8854560256532096,-0.4647231720437691
33,2010-09-10,23.99,0.692,206.804,6.601,2010,9,36,253,3,-1.0,-1.8369701987210297e-16,-0.9350162426854147,-0.3546048870425359
33,2010-09-17,14.33,1.357,212.023,5.862,2010,9,37,260,3,-1.0,-1.8369701987210297e-16,-0.970941817426052,-0.23931566428755774
33,2010-09-24,10.64,0.83,207.472,5.433,2010,9,38,267,3,-1.0,-1.8369701987210297e-16,-0.992708874098054,-0.12053668025532357
33,2010-10-01,13.99,1.095,207.531,5.681,2010,10,39,274,4,-0.8660254037844386,0.5000000000000001,-1.0,-1.8369701987210297e-16
33,2010-10-08,20.5,0.994,212.02,6.117,2010,10,40,281,4,-0.8660254037844386,0.5000000000000001,-0.992708874098054,0.1205366802553232
33,2010-10-15,9.15,0.543,209.866,5.916,2010,10,41,288,4,-0.8660254037844386,0.5000000000000001,-0.9709418174260521,0.23931566428755738
33,2010-10-22,18.09,1.167,208.167,6.026,2010,10,42,295,4,-0.8660254037844386,0.5000000000000001,-0.9350162426854148,0.35460488704253557
33,2010-10-29,25.57,1.432,206.448,5.893,2010,10,43,302,4,-0.8660254037844386,0.5000000000000001,-0.8854560256532101,0.464723172043768
33,2010-11-05,21.49,1.072,208.47,6.664,2010,11,44,309,4,-0.5000000000000004,0.8660254037844384,-0.822983865893657,0.5680647467311548
33,2010-11-12,16.89,1.427,210.665,7.355,2010,11,45,316,4,-0.5000000000000004,0.8660254037844384,-0.7485107481711011,0.6631226582407952
33,2010-11-19,21.75,1.455,211.229,6.746,2010,11,46,323,4,-0.5000000000000004,0.8660254037844384,-0.6631226582407955,0.7485107481711007
33,2010-11-26,18.45,1.597,211.428,6.657,2010,11,47,330,4,-0.5000000000000004,0.8660254037844384,-0.5680647467311559,0.8229838658936564
33,2010-12-03,26.92,2.002,205.004,6.462,2010,12,48,337,4,-2.4492935982947064e-16,1.0,-0.4647231720437684,0.88545602565321
33,2010-12-10,33.1,2.183,208.508,6.764,2010,12,49,344,4,-2.4492935982947064e-16,1.0,-0.35460488704253595,0.9350162426854147
33,2010-12-17,42.48,2.243,210.837,8.335,2010,12,50,351,4,-2.4492935982947064e-16,1.0,-0.2393156642875578,0.970941817426052
33,2010-12-24,33.96,2.263,206.664,7.907,2010,12,51,358,4,-2.4492935982947064e-16,1.0,-0.12053668025532363,0.992708874098054
33,2010-12-31,47.89,2.47,211.359,7.478,2010,12,52,365,4,-2.4492935982947064e-16,1.0,6.432490598706546e-16,1.0
33,2011-01-07,50.22,2.908,214.214,8.464,2011,1,1,7,1,0.49999999999999994,0.8660254037844387,0.12053668025532305,0.992708874098054
33,2011-01-14,56.0,2.837,214.67,9.015,2011,1,2,14,1,0.49999999999999994,0.8660254037844387,0.23931566428755774,0.970941817426052
33,2011-01-21,53.22,3.232,216.667,8.6,2011,1,3,21,1,0.49999999999999994,0.8660254037844387,0.3546048870425356,0.9350162426854148
33,2011-01-28,59.4,3.112,212.779,9.029,2011,1,4,28,1,0.49999999999999994,0.8660254037844387,0.4647231720437685,0.8854560256532099
33,2011-02-04,60.25,3.159,218.736,8.802,2011,2,5,35,1,0.8660254037844386,0.5000000000000001,0.5680647467311558,0.8229838658936564
33,2011-02-11,64.4,3.567,215.559,9.292,2011,2,6,42,1,0.8660254037844386,0.5000000000000001,0.6631226582407952,0.7485107481711011
33,2011-02-18,62.76,3.447,213.285,9.395,2011,2,7,49,1,0.8660254037844386,0.5000000000000001,0.7485107481711011,0.6631226582407953
33,2011-02-25,71.17,3.81,215.813,9.449,2011,2,8,56,1,0.8660254037844386,0.5000000000000001,0.8229838658936564,0.5680647467311559
33,2011-03-04,67.71,3.941,212.875,9.961,2011,3,9,63,1,1.0,6.123233995736766e-17,0.8854560256532099,0.4647231720437686
33,2011-03-11,77.73,3.931,213.45,10.243,2011,3,10,70,1,1.0,6.123233995736766e-17,0.9350162426854148,0.35460488704253557
33,2011-03-18,81.51,3.776,215.412,9.434,2011,3,11,77,1,1.0,6.123233995736766e-17,0.970941817426052,0.23931566428755804
33,2011-03-25,70.94,3.911,215.903,10.272,2011,3,12,84,1,1.0,6.123233995736766e-17,0.992708874098054,0.120536680255323
33,2011-04-01,81.12,4.458,214.722,9.543,2011,4,13,91,2,0.8660254037844387,-0.4999999999999998,1.0,-1.6081226496766366e-16
33,2011-04-08,73.25,3.682,212.768,8.863,2011,4,14,98,2,0.8660254037844387,-0.4999999999999998,0.992708874098054,-0.12053668025532288
33,2011-04-15,73.37,3.968,212.154,9.842,2011,4,15,105,2,0.8660254037844387,-0.4999999999999998,0.9709418174260521,-0.2393156642875575
33,2011-04-22,76.73,3.955,216.582,9.444,2011,4,16,112,2,0.8660254037844387,-0.4999999999999998,0.9350162426854148,-0.35460488704253545
33,2011-04-29,80.91,4.045,215.163,9.412,2011,4,17,119,2,0.8660254037844387,-0.4999999999999998,0.8854560256532099,-0.4647231720437685
33,2011-05-06,70.32,3.747,213.093,9.349,2011,5,18,126,2,0.49999999999999994,-0.8660254037844387,0.8229838658936565,-0.5680647467311557
33,2011-05-13,74.79,3.609,215.471,9.03,2011,5,19,133,2,0.49999999999999994,-0.8660254037844387,0.7485107481711013,-0.663122658240795
33,2011-05-20,69.7,3.753,212.813,8.44,2011,5,20,140,2,0.49999999999999994,-0.8660254037844387,0.6631226582407952,-0.7485107481711012
33,2011-05-27,62.98,3.475,214.925,8.625,2011,5,21,147,2,0.49999999999999994,-0.8660254037844387,0.5680647467311558,-0.8229838658936564
33,2011-06-03,58.71,3.31,211.865,8.828,2011,6,22,154,2,1.2246467991473532e-16,-1.0,0.46472317204376906,-0.8854560256532096
33,2011-06-10,53.28,2.803,216.106,8.813,2011,6,23,161,2,1.2246467991473532e-16,-1.0,0.35460488704253584,-0.9350162426854147
33,2011-06-17,56.59,3.004,214.478,8.431,2011,6,24,168,2,1.2246467991473532e-16,-1.0,0.23931566428755768,-0.970941817426052
33,2011-06-24,53.42,2.815,213.023,7.716,2011,6,25,175,2,1.2246467991473532e-16,-1.0,0.12053668025532308,-0.992708874098054
33,2011-07-01,45.74,2.619,215.086,7.688,2011,7,26,182,3,-0.4999999999999997,-0.8660254037844388,-3.216245299353273e-16,-1.0
33,2011-07-08,48.9,2.181,217.092,8.029,2011,7,27,189,3,-0.4999999999999997,-0.8660254037844388,-0.12053668025532283,-0.992708874098054
33,2011-07-15,38.36,1.807,215.43,7.362,2011,7,28,196,3,-0.4999999999999997,-0.8660254037844388,-0.23931566428755743,-0.9709418174260521
33,2011-07-22,42.9,2.096,213.457,7.855,2011,7,29,203,3,-0.4999999999999997,-0.8660254037844388,-0.3546048870425356,-0.9350162426854148
33,2011-07-29,28.4,1.84,215.818,6.81,2011,7,30,210,3,-0.4999999999999997,-0.8660254037844388,-0.46472317204376806,-0.8854560256532101
33,2011-08-05,20.79,1.761,212.214,7.259,2011,8,31,217,3,-0.8660254037844385,-0.5000000000000004,-0.5680647467311556,-0.8229838658936566
33,2011-08-12,28.25,1.361,212.208,6.511,2011,8,32,224,3,-0.8660254037844385,-0.5000000000000004,-0.663122658240795,-0.7485107481711013
33,2011-08-19,21.87,1.342,215.139,6.192,2011,8,33,231,3,-0.8660254037844385,-0.5000000000000004,-0.7485107481711011,-0.6631226582407952
33,2011-08-26,20.77,1.182,215.933,6.406,2011,8,34,238,3,-0.8660254037844385,-0.5000000000000004,-0.8229838658936564,-0.5680647467311559
33,2011-09-02,16.19,1.151,211.511,6.445,2011,9,35,245,3,-1.0,-1.8369701987210297e-16,-0.8854560256532096,-0.4647231720437691
33,2011-09-09,20.32,1.029,214.677,4.547,2011,9,36,252,3,-1.0,-1.8369701987210297e-16,-0.9350162426854147,-0.3546048870425359
33,2011-09-16,15.29,1.271,210.343,6.425,2011,9,37,259,3,-1.0,-1.8369701987210297e-16,-0.970941817426052,-0.23931566428755774
33,2011-09-23,19.14,0.791,216.521,4.605,2011,9,38,266,3,-1.0,-1.8369701987210297e-16,-0.992708874098054,-0.12053668025532357
33,2011-09-30,7.23,1.152,213.167,5.878,2011,9,39,273,3,-1.0,-1.8369701987210297e-16,-1.0,-1.8369701987210297e-16
33,2011-10-07,19.3,1.135,213.081,5.879,2011,10,40,280,4,-0.8660254037844386,0.5000000000000001,-0.992708874098054,0.1205366802553232
33,2011-10-14,12.56,1.125,211.31,6.408,2011,10,41,287,4,-0.8660254037844386,0.5000000000000001,-0.9709418174260521,0.23931566428755738
33,2011-10-21,16.19,0.846,217.728,5.829,2011,10,42,294,4,-0.8660254037844386,0.5000000000000001,-0.9350162426854148,0.35460488704253557
33,2011-10-28,23.41,1.321,214.564,5.265,2011,10,43,301,4,-0.8660254037844386,0.5000000000000001,-0.8854560256532101,0.464723172043768
33,2011-11-04,24.66,1.508,213.256,6.196,2011,11,44,308,4,-0.5000000000000004,0.8660254037844384,-0.822983865893657,0.5680647467311548
33,2011-11-11,24.16,1.166,215.221,7.889,2011,11,45,315,4,-0.5000000000000004,0.8660254037844384,-0.7485107481711011,0.6631226582407952
33,2011-11-18,27.23,1.829,214.073,6.346,2011,11,46,322,4,-0.5000000000000004,0.8660254037844384,-0.6631226582407955,0.7485107481711007
33,2011-11-25,29.42,1.719,214.858,6.667,2011,11,47,329,4,-0.5000000000000004,0.8660254037844384,-0.5680647467311559,0.8229838658936564
33,2011-12-02,34.39,1.975,214.807,7.331,2011,12,48,336,4,-2.4492935982947064e-16,1.0,-0.4647231720437684,0.88545602565321
33,2011-12-09,31.61,2.203,216.571,6.568,2011,12,49,343,4,-2.4492935982947064e-16,1.0,-0.35460488704253595,0.9350162426854147
33,2011-12-16,40.63,2.262,216.427,7.844,2011,12,50,350,4,-2.4492935982947064e-16,1.0,-0.2393156642875578,0.970941817426052
33,2011-12-23,31.3,2.586,217.005,7.945,2011,12,51,357,4,-2.4492935982947064e-16,1.0,-0.12053668025532363,0.992708874098054
33,2011-12-30,40.61,2.302,212.02,7.031,2011,12,52,364,4,-2.4492935982947064e-16,1.0,6.432490598706546e-16,1.0
33,2012-01-06,38.0,2.488,218.961,7.844,2012,1,1,6,1,0.49999999999999994,0.8660254037844387,0.12053668025532305,0.992708874098054
33,2012-01-13,51.56,2.989,219.542,7.628,2012,1,2,13,1,0.49999999999999994,0.8660254037844387,0.23931566428755774,0.970941817426052
33,2012-01-20,47.7,3.103,219.187,9.549,2012,1,3,20,1,0.49999999999999994,0.8660254037844387,0.3546048870425356,0.9350162426854148
33,2012-01-27,52.55,3.227,222.516,7.784,2012,1,4,27,1,0.49999999999999994,0.8660254037844387,0.4647231720437685,0.8854560256532099
33,2012-02-03,67.89,3.262,220.879,8.735,2012,2,5,34,1,0.8660254037844386,0.5000000000000001,0.5680647467311558,0.8229838658936564
33,2012-02-10,69.84,3.384,218.645,9.916,2012,2,6,41,1,0.8660254037844386,0.5000000000000001,0.6631226582407952,0.7485107481711011
33,2012-02-17,69.13,3.704,218.501,8.956,2012,2,7,48,1,0.8660254037844386,0.5000000000000001,0.7485107481711011,0.6631226582407953
33,2012-02-24,67.44,3.698,220.876,10.14,2012,2,8,55,1,0.8660254037844386,0.5000000000000001,0.8229838658936564,0.5680647467311559
33,2012-03-02,68.58,3.938,219.321,9.417,2012,3,9,62,1,1.0,6.123233995736766e-17,0.8854560256532099,0.4647231720437686
33,2012-03-09,79.04,3.927,219.327,10.482,2012,3,10,69,1,1.0,6.123233995736766e-17,0.9350162426854148,0.35460488704253557
33,2012-03-16,74.2,3.758,221.168,9.856,2012,3,11,76,1,1.0,6.123233995736766e-17,0.970941817426052,0.23931566428755804
33,2012-03-23,75.9,3.727,218.358,10.91,2012,3,12,83,1,1.0,6.123233995736766e-17,0.992708874098054,0.120536680255323
33,2012-03-30,82.81,4.129,221.76,9.736,2012,3,13,90,1,1.0,6.123233995736766e-17,1.0,-1.6081226496766366e-16
33,2012-04-06,68.4,3.897,219.811,9.594,2012,4,14,97,2,0.8660254037844387,-0.4999999999999998,0.992708874098054,-0.12053668025532288
33,2012-04-13,67.24,3.854,223.988,9.781,2012,4,15,104,2,0.8660254037844387,-0.4999999999999998,0.9709418174260521,-0.2393156642875575
33,2012-04-20,75.25,3.997,220.975,10.42,2012,4,16,111,2,0.8660254037844387,-0.4999999999999998,0.9350162426854148,-0.35460488704253545
33,2012-04-27,70.62,4.156,218.179,10.407,2012,4,17,118,2,0.8660254037844387,-0.4999999999999998,0.8854560256532099,-0.4647231720437685
33,2012-05-04,70.78,4.048,222.269,8.721,2012,5,18,125,2,0.49999999999999994,-0.8660254037844387,0.8229838658936565,-0.5680647467311557
33,2012-05-11,69.95,3.778,216.288,9.525,2012,5,19,132,2,0.49999999999999994,-0.8660254037844387,0.7485107481711013,-0.663122658240795
33,2012-05-18,67.24,3.48,220.099,9.546,2012,5,20,139,2,0.49999999999999994,-0.8660254037844387,0.6631226582407952,-0.7485107481711012
33,2012-05-25,61.64,3.572,219.182,9.782,2012,5,21,146,2,0.49999999999999994,-0.8660254037844387,0.5680647467311558,-0.8229838658936564
33,2012-06-01,62.51,3.186,220.43,10.403,2012,6,22,153,2,1.2246467991473532e-16,-1.0,0.46472317204376906,-0.8854560256532096
33,2012-06-08,56.88,3.017,219.233,9.043,2012,6,23,160,2,1.2246467991473532e-16,-1.0,0.35460488704253584,-0.9350162426854147
33,2012-06-15,54.91,2.956,221.337,8.138,2012,6,24,167,2,1.2246467991473532e-16,-1.0,0.23931566428755768,-0.970941817426052
33,2012-06-22,53.47,2.832,218.07,7.859,2012,6,25,174,2,1.2246467991473532e-16,-1.0,0.12053668025532308,-0.992708874098054
33,2012-06-29,49.52,2.657,222.065,8.276,2012,6,26,181,2,1.2246467991473532e-16,-1.0,-3.216245299353273e-16,-1.0
33,2012-07-06,36.45,2.567,220.2,7.856,2012,7,27,188,3,-0.4999999999999997,-0.8660254037844388,-0.12053668025532283,-0.992708874098054
33,2012-07-13,41.29,1.974,219.727,7.444,2012,7,28,195,3,-0.4999999999999997,-0.8660254037844388,-0.23931566428755743,-0.9709418174260521
33,2012-07-20,27.17,2.313,221.695,8.353,2012,7,29,202,3,-0.4999999999999997,-0.8660254037844388,-0.3546048870425356,-0.9350162426854148
33,2012-07-27,30.12,1.839,224.966,7.533,2012,7,30,209,3,-0.4999999999999997,-0.8660254037844388,-0.46472317204376806,-0.8854560256532101
33,2012-08-03,33.12,1.807,219.95,5.887,2012,8,31,216,3,-0.8660254037844385,-0.5000000000000004,-0.5680647467311556,-0.8229838658936566
33,2012-08-10,16.23,1.067,217.84,6.33,2012,8,32,223,3,-0.8660254037844385,-0.5000000000000004,-0.663122658240795,-0.7485107481711013
33,2012-08-17,24.04,1.533,217.935,6.446,2012,8,33,230,3,-0.8660254037844385,-0.5000000000000004,-0.7485107481711011,-0.6631226582407952
33,2012-08-24,21.27,1.217,218.663,5.824,2012,8,34,237,3,-0.8660254037844385,-0.5000000000000004,-0.8229838658936564,-0.5680647467311559
33,2012-08-31,24.96,1.358,218.642,6.901,2012,8,35,244,3,-0.8660254037844385,-0.5000000000000004,-0.8854560256532096,-0.4647231720437691
33,2012-09-07,18.48,1.281,218.854,6.251,2012,9,36,251,3,-1.0,-1.8369701987210297e-16,-0.9350162426854147,-0.3546048870425359
33,2012-09-14,15.78,1.216,219.841,6.223,2012,9,37,258,3,-1.0,-1.8369701987210297e-16,-0.970941817426052,-0.23931566428755774
33,2012-09-21,8.59,1.182,217.404,5.98,2012,9,38,265,3,-1.0,-1.8369701987210297e-16,-0.992708874098054,-0.12053668025532357
33,2012-09-28,18.68,1.226,218.431,6.803,2012,9,39,272,3,-1.0,-1.8369701987210297e-16,-1.0,-1.8369701987210297e-16
33,2012-10-05,23.1,1.549,218.483,5.727,2012,10,40,279,4,-0.8660254037844386,0.5000000000000001,-0.992708874098054,0.1205366802553232
33,2012-10-12,8.28,0.938,222.039,5.914,2012,10,41,286,4,-0.8660254037844386,0.5000000000000001,-0.9709418174260521,0.23931566428755738
33,2012-10-19,16.82,1.083,217.488,6.924,2012,10,42,293,4,-0.8660254037844386,0.5000000000000001,-0.9350162426854148,0.35460488704253557
33,2012-10-26,16.84,1.519,223.106,6.063,2012,10,43,300,4,-0.8660254037844386,0.5000000000000001,-0.8854560256532101,0.464723172043768
34,2010-02-05,68.69,3.205,208.976,8.638,2010,2,5,36,1,0.8660254037844386,0.5000000000000001,0.5680647467311558,0.8229838658936564
34,2010-02-12,69.62,3.572,213.087,9.077,2010,2,6,43,1,0.8660254037844386,0.5000000000000001,0.6631226582407952,0.7485107481711011
34,2010-02-19,78.76,3.625,206.695,10.033,2010,2,7,50,1,0.8660254037844386,0.5000000000000001,0.7485107481711011,0.6631226582407953
34,2010-02-26,71.88,3.581,208.946,9.803,2010,2,8,57,1,0.8660254037844386,0.5000000000000001,0.8229838658936564,0.5680647467311559
34,2010-03-05,69.22,4.012,209.136,9.312,2010,3,9,64,1,1.0,6.123233995736766e-17,0.8854560256532099,0.4647231720437686
34,2010-03-12,68.5,3.767,202.361,9.915,2010,3,10,71,1,1.0,6.123233995736766e-17,0.9350162426854148,0.35460488704253557
34,2010-03-19,72.77,3.826,207.356,10.673,2010,3,11,78,1,1.0,6.123233995736766e-17,0.970941817426052,0.23931566428755804
34,2010-03-26,81.27,3.982,211.313,9.899,2010,3,12,85,1,1.0,6.123233995736766e-17,0.992708874098054,0.120536680255323
34,2010-04-02,69.22,3.597,210.629,9.712,2010,4,13,92,2,0.8660254037844387,-0.4999999999999998,1.0,-1.6081226496766366e-16
34,2010-04-09,73.58,3.874,209.538,9.548,2010,4,14,99,2,0.8660254037844387,-0.4999999999999998,0.992708874098054,-0.12053668025532288
34,2010-04-16,73.82,4.174,211.344,10.647,2010,4,15,106,2,0.8660254037844387,-0.4999999999999998,0.9709418174260521,-0.2393156642875575
34,2010-04-23,80.45,4.073,208.901,10.458,2010,4,16,113,2,0.8660254037844387,-0.4999999999999998,0.9350162426854148,-0.35460488704253545
34,2010-04-30,70.72,3.792,210.388,9.403,2010,4,17,120,2,0.8660254037844387,-0.4999999999999998,0.8854560256532099,-0.4647231720437685
34,2010-05-07,70.87,3.339,210.298,11.051,2010,5,18,127,2,0.49999999999999994,-0.8660254037844387,0.8229838658936565,-0.5680647467311557
34,2010-05-14,63.59,3.734,210.839,9.324,2010,5,19,134,2,0.49999999999999994,-0.8660254037844387,0.7485107481711013,-0.663122658240795
34,2010-05-21,67.49,3.131,208.787,9.773,2010,5,20,141,2,0.49999999999999994,-0.8660254037844387,0.6631226582407952,-0.7485107481711012
34,2010-05-28,63.94,3.499,205.612,8.206,2010,5,21,148,2,0.49999999999999994,-0.8660254037844387,0.5680647467311558,-0.8229838658936564
34,2010-06-04,64.04,3.137,212.128,8.94,2010,6,22,155,2,1.2246467991473532e-16,-1.0,0.46472317204376906,-0.8854560256532096
34,2010-06-11,59.18,2.761,209.747,9.006,2010,6,23,162,2,1.2246467991473532e-16,-1.0,0.35460488704253584,-0.9350162426854147
34,2010-06-18,57.8,2.831,211.386,8.536,2010,6,24,169,2,1.2246467991473532e-16,-1.0,0.23931566428755768,-0.970941817426052
34,2010-06-25,49.87,2.603,211.964,8.868,2010,6,25,176,2,1.2246467991473532e-16,-1.0,0.12053668025532308,-0.992708874098054
34,2010-07-02,45.16,2.437,210.25,8.255,2010,7,26,183,3,-0.4999999999999997,-0.8660254037844388,-3.216245299353273e-16,-1.0
34,2010-07-09,44.11,2.127,212.174,7.975,2010,7,27,190,3,-0.4999999999999997,-0.8660254037844388,-0.12053668025532283,-0.992708874098054
34,2010-07-16,41.23,2.411,210.87,8.541,2010,7,28,197,3,-0.4999999999999997,-0.8660254037844388,-0.23931566428755743,-0.9709418174260521
34,2010-07-23,35.47,2.036,211.019,7.157,2010,7,29,204,3,-0.4999999999999997,-0.8660254037844388,-0.3546048870425356,-0.9350162426854148
34,2010-07-30,25.99,2.101,209.969,6.572,2010,7,30,211,3,-0.4999999999999997,-0.8660254037844388,-0.46472317204376806,-0.8854560256532101
34,2010-08-06,29.4,1.984,208.135,6.762,2010,8,31,218,3,-0.8660254037844385,-0.5000000000000004,-0.5680647467311556,-0.8229838658936566
34,2010-08-13,21.5,1.57,208.209,6.045,2010,8,32,225,3,-0.8660254037844385,-0.5000000000000004,-0.663122658240795,-0.7485107481711013
34,2010-08-20,22.62,1.289,209.373,6.629,2010,8,33,232,3,-0.8660254037844385,-0.5000000000000004,-0.7485107481711011,-0.6631226582407952
34,2010-08-27,21.99,1.316,209.809,5.558,2010,8,34,239,3,-0.8660254037844385,-0.5000000000000004,-0.8229838658936564,-0.5680647467311559
34,2010-09-03,20.44,1.195,209.181,6.936,2010,9,35,246,3,-1.0,-1.8369701987210297e-16,-0.8854560256532096,-0.4647231720437691
34,2010-09-10,12.22,1.07,210.933,6.354,2010,9,36,253,3,-1.0,-1.8369701987210297e-16,-0.9350162426854147,-0.3546048870425359
34,2010-09-17,22.47,1.008,210.151,6.852,2010,9,37,260,3,-1.0,-1.8369701987210297e-16,-0.970941817426052,-0.23931566428755774
34,2010-09-24,22.42,1.0,212.086,5.195,2010,9,38,267,3,-1.0,-1.8369701987210297e-16,-0.992708874098054,-0.12053668025532357
34,2010-10-01,3.65,1.147,210.929,6.319,2010,10,39,274,4,-0.8660254037844386,0.5000000000000001,-1.0,-1.8369701987210297e-16
34,2010-10-08,15.75,1.339,210.256,6.832,2010,10,40,281,4,-0.8660254037844386,0.5000000000000001,-0.992708874098054,0.1205366802553232
34,2010-10-15,19.56,1.154,208.408,7.196,2010,10,41,288,4,-0.8660254037844386,0.5000000000000001,-0.9709418174260521,0.23931566428755738
34,2010-10-22,14.63,1.148,205.667,5.951,2010,10,42,295,4,-0.8660254037844386,0.5000000000000001,-0.9350162426854148,0.35460488704253557
34,2010-10-29,16.47,1.38,211.365,4.715,2010,10,43,302,4,-0.8660254037844386,0.5000000000000001,-0.8854560256532101,0.464723172043768
34,2010-11-05,12.71,1.326,206.619,6.22,2010,11,44,309,4,-0.5000000000000004,0.8660254037844384,-0.822983865893657,0.5680647467311548
34,2010-11-12,17.73,1.661,211.456,6.147,2010,11,45,316,4,-0.5000000000000004,0.8660254037844384,-0.7485107481711011,0.6631226582407952
34,2010-11-19,29.13,1.811,210.782,6.626,2010,11,46,323,4,-0.5000000000000004,0.8660254037844384,-0.6631226582407955,0.7485107481711007
34,2010-11-26,25.56,1.577,207.075,6.658,2010,11,47,330,4,-0.5000000000000004,0.8660254037844384,-0.5680647467311559,0.8229838658936564
34,2010-12-03,24.57,2.015,214.923,6.769,2010,12,48,337,4,-2.4492935982947064e-16,1.0,-0.4647231720437684,0.88545602565321
34,2010-12-10,33.73,1.992,209.146,6.913,2010,12,49,344,4,-2.4492935982947064e-16,1.0,-0.35460488704253595,0.9350162426854147
34,2010-12-17,35.19,2.067,213.713,7.112,2010,12,50,351,4,-2.4492935982947064e-16,1.0,-0.2393156642875578,0.970941817426052
34,2010-12-24,39.17,2.251,210.69,7.472,2010,12,51,358,4,-2.4492935982947064e-16,1.0,-0.12053668025532363,0.992708874098054
34,2010-12-31,43.03,2.434,209.475,9.22,2010,12,52,365,4,-2.4492935982947064e-16,1.0,6.432490598706546e-16,1.0
34,2011-01-07,61.19,2.839,216.085,8.2,2011,1,1,7,1,0.49999999999999994,0.8660254037844387,0.12053668025532305,0.992708874098054
34,2011-01-14,43.98,2.516,214.679,8.114,2011,1,2,14,1,0.49999999999999994,0.8660254037844387,0.23931566428755774,0.970941817426052
34,2011-01-21,66.3,3.396,219.658,8.878,2011,1,3,21,1,0.49999999999999994,0.8660254037844387,0.3546048870425356,0.9350162426854148
34,2011-01-28,54.84,3.318,215.936,9.843,2011,1,4,28,1,0.49999999999999994,0.8660254037844387,0.4647231720437685,0.8854560256532099
34,2011-02-04,58.88,3.428,216.561,9.099,2011,2,5,35,1,0.8660254037844386,0.5000000000000001,0.5680647467311558,0.8229838658936564
34,2011-02-11,66.71,3.74,216.495,9.87,2011,2,6,42,1,0.8660254037844386,0.5000000000000001,0.6631226582407952,0.7485107481711011
34,2011-02-18,73.93,3.397,216.307,8.97,2011,2,7,49,1,0.8660254037844386,0.5000000000000001,0.7485107481711011,0.6631226582407953
34,2011-02-25,76.37,4.007,213.412,9.807,2011,2,8,56,1,0.8660254037844386,0.5000000000000001,0.8229838658936564,0.5680647467311559
34,2011-03-04,68.58,3.756,217.412,9.591,2011,3,9,63,1,1.0,6.123233995736766e-17,0.8854560256532099,0.4647231720437686
34,2011-03-11,63.77,3.793,210.541,9.583,2011,3,10,70,1,1.0,6.123233995736766e-17,0.9350162426854148,0.35460488704253557
34,2011-03-18,74.87,4.061,212.463,10.664,2011,3,11,77,1,1.0,6.123233995736766e-17,0.970941817426052,0.23931566428755804
34,2011-03-25,71.75,3.981,214.733,9.788,2011,3,12,84,1,1.0,6.123233995736766e-17,0.992708874098054,0.120536680255323
34,2011-04-01,74.42,3.895,213.752,9.935,2011,4,13,91,2,0.8660254037844387,-0.4999999999999998,1.0,-1.6081226496766366e-16
34,2011-04-08,63.61,3.747,211.397,10.235,2011,4,14,98,2,0.8660254037844387,-0.4999999999999998,0.992708874098054,-0.12053668025532288
34,2011-04-15,79.33,3.805,218.153,10.555,2011,4,15,105,2,0.8660254037844387,-0.4999999999999998,0.9709418174260521,-0.2393156642875575
34,2011-04-22,74.99,3.977,215.094,10.269,2011,4,16,112,2,0.8660254037844387,-0.4999999999999998,0.9350162426854148,-0.35460488704253545
34,2011-04-29,67.06,4.198,214.024,9.749,2011,4,17,119,2,0.8660254037844387,-0.4999999999999998,0.8854560256532099,-0.4647231720437685
34,2011-05-06,64.12,3.675,214.498,9.228,2011,5,18,126,2,0.49999999999999994,-0.8660254037844387,0.8229838658936565,-0.5680647467311557
34,2011-05-13,71.3,3.494,216.142,8.899,2011,5,19,133,2,0.49999999999999994,-0.8660254037844387,0.7485107481711013,-0.663122658240795
34,2011-05-20,64.42,3.729,212.317,8.987,2011,5,20,140,2,0.49999999999999994,-0.8660254037844387,0.6631226582407952,-0.7485107481711012
34,2011-05-27,68.91,3.35,214.721,8.977,2011,5,21,147,2,0.49999999999999994,-0.8660254037844387,0.5680647467311558,-0.8229838658936564
34,2011-06-03,62.93,2.862,215.368,8.105,2011,6,22,154,2,1.2246467991473532e-16,-1.0,0.46472317204376906,-0.8854560256532096
34,2011-06-10,56.96,2.741,212.095,8.364,2011,6,23,161,2,1.2246467991473532e-16,-1.0,0.35460488704253584,-0.9350162426854147
34,2011-06-17,35.5,2.869,217.185,8.17,2011,6,24,168,2,1.2246467991473532e-16,-1.0,0.23931566428755768,-0.970941817426052
34,2011-06-24,43.86,3.098,213.923,7.795,2011,6,25,175,2,1.2246467991473532e-16,-1.0,0.12053668025532308,-0.992708874098054
34,2011-07-01,39.67,2.71,214.753,8.441,2011,7,26,182,3,-0.4999999999999997,-0.8660254037844388,-3.216245299353273e-16,-1.0
34,2011-07-08,42.12,2.34,211.573,7.529,2011,7,27,189,3,-0.4999999999999997,-0.8660254037844388,-0.12053668025532283,-0.992708874098054
34,2011-07-15,32.95,2.098,214.76,6.78,2011,7,28,196,3,-0.4999999999999997,-0.8660254037844388,-0.23931566428755743,-0.9709418174260521
34,2011-07-22,37.59,1.868,217.305,7.464,2011,7,29,203,3,-0.4999999999999997,-0.8660254037844388,-0.3546048870425356,-0.9350162426854148
34,2011-07-29,33.13,1.818,218.111,7.121,2011,7,30,210,3,-0.4999999999999997,-0.8660254037844388,-0.46472317204376806,-0.8854560256532101
34,2011-08-05,29.25,1.959,213.96,7.305,2011,8,31,217,3,-0.8660254037844385,-0.5000000000000004,-0.5680647467311556,-0.8229838658936566
34,2011-08-12,31.4,1.582,217.037,6.553,2011,8,32,224,3,-0.8660254037844385,-0.5000000000000004,-0.663122658240795,-0.7485107481711013
34,2011-08-19,30.0,1.306,212.415,6.081,2011,8,33,231,3,-0.8660254037844385,-0.5000000000000004,-0.7485107481711011,-0.6631226582407952
34,2011-08-26,27.37,1.691,217.802,6.716,2011,8,34,238,3,-0.8660254037844385,-0.5000000000000004,-0.8229838658936564,-0.5680647467311559
34,2011-09-02,19.73,1.169,215.832,6.616,2011,9,35,245,3,-1.0,-1.8369701987210297e-16,-0.8854560256532096,-0.4647231720437691
34,2011-09-09,24.94,0.988,215.148,5.935,2011,9,36,252,3,-1.0,-1.8369701987210297e-16,-0.9350162426854147,-0.3546048870425359
34,2011-09-16,20.26,0.975,212.713,6.208,2011,9,37,259,3,-1.0,-1.8369701987210297e-16,-0.970941817426052,-0.23931566428755774
34,2011-09-23,18.25,0.845,214.474,5.893,2011,9,38,266,3,-1.0,-1.8369701987210297e-16,-0.992708874098054,-0.12053668025532357
34,2011-09-30,19.7,1.041,213.411,5.605,2011,9,39,273,3,-1.0,-1.8369701987210297e-16,-1.0,-1.8369701987210297e-16
34,2011-10-07,17.06,1.061,218.717,6.162,2011,10,40,280,4,-0.8660254037844386,0.5000000000000001,-0.992708874098054,0.1205366802553232
34,2011-10-14,14.91,1.184,216.626,5.532,2011,10,41,287,4,-0.8660254037844386,0.5000000000000001,-0.9709418174260521,0.23931566428755738
34,2011-10-21,23.53,1.283,215.264,4.92,2011,10,42,294,4,-0.8660254037844386,0.5000000000000001,-0.9350162426854148,0.35460488704253557
34,2011-10-28,19.74,1.158,216.121,5.805,2011,10,43,301,4,-0.8660254037844386,0.5000000000000001,-0.8854560256532101,0.464723172043768
34,2011-11-04,22.22,1.255,216.775,6.717,2011,11,44,308,4,-0.5000000000000004,0.8660254037844384,-0.822983865893657,0.5680647467311548
34,2011-11-11,19.89,1.593,215.164,5.893,2011,11,45,315,4,-0.5000000000000004,0.8660254037844384,-0.7485107481711011,0.6631226582407952
34,2011-11-18,28.57,1.751,214.669,6.981,2011,11,46,322,4,-0.5000000000000004,0.8660254037844384,-0.6631226582407955,0.7485107481711007
34,2011-11-25,35.75,1.57,210.91,6.404,2011,11,47,329,4,-0.5000000000000004,0.8660254037844384,-0.5680647467311559,0.8229838658936564
34,2011-12-02,40.18,1.606,215.153,6.382,2011,12,48,336,4,-2.4492935982947064e-16,1.0,-0.4647231720437684,0.88545602565321
34,2011-12-09,39.69,2.053,210.691,6.713,2011,12,49,343,4,-2.4492935982947064e-16,1.0,-0.35460488704253595,0.9350162426854147
34,2011-12-16,53.05,1.967,214.48,7.596,2011,12,50,350,4,-2.4492935982947064e-16,1.0,-0.2393156642875578,0.970941817426052
34,2011-12-23,43.54,2.283,216.052,7.909,2011,12,51,357,4,-2.4492935982947064e-16,1.0,-0.12053668025532363,0.992708874098054
34,2011-12-30,37.0,2.57,212.488,7.789,2011,12,52,364,4,-2.4492935982947064e-16,1.0,6.432490598706546e-16,1.0
34,2012-01-06,49.43,2.715,220.422,7.215,2012,1,1,6,1,0.49999999999999994,0.8660254037844387,0.12053668025532305,0.992708874098054
34,2012-01-13,52.87,2.738,219.24,8.24,2012,1,2,13,1,0.49999999999999994,0.8660254037844387,0.23931566428755774,0.970941817426052
34,2012-01-20,51.33,3.199,217.796,9.565,2012,1,3,20,1,0.49999999999999994,0.8660254037844387,0.3546048870425356,0.9350162426854148
34,2012-01-27,67.39,3.224,219.434,9.16,2012,1,4,27,1,0.49999999999999994,0.8660254037844387,0.4647231720437685,0.8854560256532099
34,2012-02-03,54.96,3.497,219.42,8.941,2012,2,5,34,1,0.8660254037844386,0.5000000000000001,0.5680647467311558,0.8229838658936564
34,2012-02-10,73.39,3.379,219.997,9.178,2012,2,6,41,1,0.8660254037844386,0.5000000000000001,0.6631226582407952,0.7485107481711011
34,2012-02-17,69.78,3.94,219.184,9.416,2012,2,7,48,1,0.8660254037844386,0.5000000000000001,0.7485107481711011,0.6631226582407953
34,2012-02-24,70.9,3.822,217.308,10.114,2012,2,8,55,1,0.8660254037844386,0.5000000000000001,0.8229838658936564,0.5680647467311559
34,2012-03-02,79.83,3.887,219.743,9.594,2012,3,9,62,1,1.0,6.123233995736766e-17,0.8854560256532099,0.4647231720437686
34,2012-03-09,77.51,3.736,217.797,9.834,2012,3,10,69,1,1.0,6.123233995736766e-17,0.9350162426854148,0.35460488704253557
34,2012-03-16,77.89,4.449,219.605,10.799,2012,3,11,76,1,1.0,6.123233995736766e-17,0.970941817426052,0.23931566428755804
34,2012-03-23,78.22,3.883,219.616,9.628,2012,3,12,83,1,1.0,6.123233995736766e-17,0.992708874098054,0.120536680255323
34,2012-03-30,66.02,3.694,223.747,9.489,2012,3,13,90,1,1.0,6.123233995736766e-17,1.0,-1.6081226496766366e-16
34,2012-04-06,81.83,4.002,221.337,9.567,2012,4,14,97,2,0.8660254037844387,-0.4999999999999998,0.992708874098054,-0.12053668025532288
34,2012-04-13,82.35,3.622,216.763,9.8,2012,4,15,104,2,0.8660254037844387,-0.4999999999999998,0.9709418174260521,-0.2393156642875575
34,2012-04-20,67.54,4.061,218.506,9.558,2012,4,16,111,2,0.8660254037844387,-0.4999999999999998,0.9350162426854148,-0.35460488704253545
34,2012-04-27,69.11,3.777,218.24,9.478,2012,4,17,118,2,0.8660254037844387,-0.4999999999999998,0.8854560256532099,-0.4647231720437685
34,2012-05-04,72.17,3.719,217.213,9.458,2012,5,18,125,2,0.49999999999999994,-0.8660254037844387,0.8229838658936565,-0.5680647467311557
34,2012-05-11,76.27,3.704,220.697,9.463,2012,5,19,132,2,0.49999999999999994,-0.8660254037844387,0.7485107481711013,-0.663122658240795
34,2012-05-18,60.0,3.557,221.638,9.114,2012,5,20,139,2,0.49999999999999994,-0.8660254037844387,0.6631226582407952,-0.7485107481711012
34,2012-05-25,62.14,3.476,218.227,9.312,2012,5,21,146,2,0.49999999999999994,-0.8660254037844387,0.5680647467311558,-0.8229838658936564
34,2012-06-01,65.62,3.018,219.929,8.353,2012,6,22,153,2,1.2246467991473532e-16,-1.0,0.46472317204376906,-0.8854560256532096
34,2012-06-08,51.84,2.821,216.491,8.286,2012,6,23,160,2,1.2246467991473532e-16,-1.0,0.35460488704253584,-0.9350162426854147
34,2012-06-15,49.42,3.011,223.371,8.366,2012,6,24,167,2,1.2246467991473532e-16,-1.0,0.23931566428755768,-0.970941817426052
34,2012-06-22,42.9,2.829,217.303,8.673,2012,6,25,174,2,1.2246467991473532e-16,-1.0,0.12053668025532308,-0.992708874098054
34,2012-06-29,47.31,2.721,221.655,7.904,2012,6,26,181,2,1.2246467991473532e-16,-1.0,-3.216245299353273e-16,-1.0
34,2012-07-06,35.74,2.461,217.792,7.481,2012,7,27,188,3,-0.4999999999999997,-0.8660254037844388,-0.12053668025532283,-0.992708874098054
34,2012-07-13,42.68,2.213,221.59,7.377,2012,7,28,195,3,-0.4999999999999997,-0.8660254037844388,-0.23931566428755743,-0.9709418174260521
34,2012-07-20,37.25,2.066,218.294,7.48,2012,7,29,202,3,-0.4999999999999997,-0.8660254037844388,-0.3546048870425356,-0.9350162426854148
34,2012-07-27,37.77,1.711,221.358,6.337,2012,7,30,209,3,-0.4999999999999997,-0.8660254037844388,-0.46472317204376806,-0.8854560256532101
34,2012-08-03,22.59,1.808,217.232,6.992,2012,8,31,216,3,-0.8660254037844385,-0.5000000000000004,-0.5680647467311556,-0.8229838658936566
34,2012-08-10,20.49,1.487,217.853,7.057,2012,8,32,223,3,-0.8660254037844385,-0.5000000000000004,-0.663122658240795,-0.7485107481711013
34,2012-08-17,21.39,1.813,217.537,6.448,2012,8,33,230,3,-0.8660254037844385,-0.5000000000000004,-0.7485107481711011,-0.6631226582407952
34,2012-08-24,25.15,1.253,219.856,5.673,2012,8,34,237,3,-0.8660254037844385,-0.5000000000000004,-0.8229838658936564,-0.5680647467311559
34,2012-08-31,8.64,0.954,217.24,7.181,2012,8,35,244,3,-0.8660254037844385,-0.5000000000000004,-0.8854560256532096,-0.4647231720437691
34,2012-09-07,19.14,1.121,222.716,5.729,2012,9,36,251,3,-1.0,-1.8369701987210297e-16,-0.9350162426854147,-0.3546048870425359
34,2012-09-14,12.11,1.098,220.768,5.727,2012,9,37,258,3,-1.0,-1.8369701987210297e-16,-0.970941817426052,-0.23931566428755774
34,2012-09-21,17.88,0.918,220.34,6.642,2012,9,38,265,3,-1.0,-1.8369701987210297e-16,-0.992708874098054,-0.12053668025532357
34,2012-09-28,17.57,1.093,218.532,5.398,2012,9,39,272,3,-1.0,-1.8369701987210297e-16,-1.0,-1.8369701987210297e-16
34,2012-10-05,11.96,1.087,218.652,5.89,2012,10,40,279,4,-0.8660254037844386,0.5000000000000001,-0.992708874098054,0.1205366802553232
34,2012-10-12,7.34,0.859,221.7,6.62,2012,10,41,286,4,-0.8660254037844386,0.5000000000000001,-0.9709418174260521,0.23931566428755738
34,2012-10-19,16.6,1.569,216.585,4.952,2012,10,42,293,4,-0.8660254037844386,0.5000000000000001,-0.9350162426854148,0.35460488704253557
34,2012-10-26,11.97,1.038,218.519,6.003,2012,10,43,300,4,-0.8660254037844386,0.5000000000000001,-0.8854560256532101,0.464723172043768
35,2010-02-05,53.28,3.165,210.137,9.198,2010,2,5,36,1,0.8660254037844386,0.5000000000000001,0.5680647467311558,0.8229838658936564
35,2010-02-12,59.66,3.826,208.923,9.919,2010,2,6,43,1,0.8660254037844386,0.5000000000000001,0.6631226582407952,0.7485107481711011
35,2010-02-19,72.96,3.614,204.635,10.112,2010,2,7,50,1,0.8660254037844386,0.5000000000000001,0.7485107481711011,0.6631226582407953
35,2010-02-26,74.92,3.713,210.056,10.141,2010,2,8,57,1,0.8660254037844386,0.5000000000000001,0.8229838658936564,0.5680647467311559
35,2010-03-05,71.02,4.022,213.638,9.994,2010,3,9,64,1,1.0,6.123233995736766e-17,0.8854560256532099,0.4647231720437686
35,2010-03-12,85.43,3.771,212.911,9.699,2010,3,10,71,1,1.0,6.123233995736766e-17,0.9350162426854148,0.35460488704253557
35,2010-03-19,81.84,3.739,209.32,9.274,2010,3,11,78,1,1.0,6.123233995736766e-17,0.970941817426052,0.23931566428755804
35,2010-03-26,83.43,3.758,209.148,10.397,2010,3,12,85,1,1.0,6.123233995736766e-17,0.992708874098054,0.120536680255323
35,2010-04-02,72.49,3.588,213.97,9.321,2010,4,13,92,2,0.8660254037844387,-0.4999999999999998,1.0,-1.6081226496766366e-16
35,2010-04-09,72.11,4.003,211.376,11.314,2010,4,14,99,2,0.8660254037844387,-0.4999999999999998,0.992708874098054,-0.12053668025532288
35,2010-04-16,74.81,3.84,211.892,9.953,2010,4,15,106,2,0.8660254037844387,-0.4999999999999998,0.9709418174260521,-0.2393156642875575
35,2010-04-23,62.14,4.016,213.219,10.247,2010,4,16,113,2,0.8660254037844387,-0.4999999999999998,0.9350162426854148,-0.35460488704253545
35,2010-04-30,69.86,3.846,210.82,9.47,2010,4,17,120,2,0.8660254037844387,-0.4999999999999998,0.8854560256532099,-0.4647231720437685
35,2010-05-07,74.0,3.634,209.522,9.617,2010,5,18,127,2,0.49999999999999994,-0.8660254037844387,0.8229838658936565,-0.5680647467311557
35,2010-05-14,63.72,3.565,211.384,8.451,2010,5,19,134,2,0.49999999999999994,-0.8660254037844387,0.7485107481711013,-0.663122658240795
35,2010-05-21,61.84,3.68,209.023,10.489,2010,5,20,141,2,0.49999999999999994,-0.8660254037844387,0.6631226582407952,-0.7485107481711012
35,2010-05-28,68.07,3.703,208.619,8.684,2010,5,21,148,2,0.49999999999999994,-0.8660254037844387,0.5680647467311558,-0.8229838658936564
35,2010-06-04,62.21,3.326,208.944,9.224,2010,6,22,155,2,1.2246467991473532e-16,-1.0,0.46472317204376906,-0.8854560256532096
35,2010-06-11,63.01,3.06,211.585,7.968,2010,6,23,162,2,1.2246467991473532e-16,-1.0,0.35460488704253584,-0.9350162426854147
35,2010-06-18,49.25,3.131,207.573,8.564,2010,6,24,169,2,1.2246467991473532e-16,-1.0,0.23931566428755768,-0.970941817426052
35,2010-06-25,40.04,2.825,207.657,7.758,2010,6,25,176,2,1.2246467991473532e-16,-1.0,0.12053668025532308,-0.992708874098054
35,2010-07-02,57.19,2.533,210.796,8.145,2010,7,26,183,3,-0.4999999999999997,-0.8660254037844388,-3.216245299353273e-16,-1.0
35,2010-07-09,41.99,2.681,207.786,7.921,2010,7,27,190,3,-0.4999999999999997,-0.8660254037844388,-0.12053668025532283,-0.992708874098054
35,2010-07-16,46.11,1.872,207.285,7.433,2010,7,28,197,3,-0.4999999999999997,-0.8660254037844388,-0.23931566428755743,-0.9709418174260521
35,2010-07-23,37.37,1.94,211.071,7.341,2010,7,29,204,3,-0.4999999999999997,-0.8660254037844388,-0.3546048870425356,-0.9350162426854148
35,2010-07-30,29.07,1.969,209.946,6.948,2010,7,30,211,3,-0.4999999999999997,-0.8660254037844388,-0.46472317204376806,-0.8854560256532101
35,2010-08-06,22.14,1.557,209.586,7.687,2010,8,31,218,3,-0.8660254037844385,-0.5000000000000004,-0.5680647467311556,-0.8229838658936566
35,2010-08-13,32.15,1.219,205.912,6.344,2010,8,32,225,3,-0.8660254037844385,-0.5000000000000004,-0.663122658240795,-0.7485107481711013
35,2010-08-20,19.34,1.338,213.289,5.939,2010,8,33,232,3,-0.8660254037844385,-0.5000000000000004,-0.7485107481711011,-0.6631226582407952
35,2010-08-27,29.8,1.342,212.663,5.758,2010,8,34,239,3,-0.8660254037844385,-0.5000000000000004,-0.8229838658936564,-0.5680647467311559
35,2010-09-03,13.53,1.144,211.587,7.366,2010,9,35,246,3,-1.0,-1.8369701987210297e-16,-0.8854560256532096,-0.4647231720437691
35,2010-09-10,13.06,1.124,207.453,6.267,2010,9,36,253,3,-1.0,-1.8369701987210297e-16,-0.9350162426854147,-0.3546048870425359
35,2010-09-17,12.93,1.178,209.171,6.252,2010,9,37,260,3,-1.0,-1.8369701987210297e-16,-0.970941817426052,-0.23931566428755774
35,2010-09-24,5.95,0.677,208.009,5.719,2010,9,38,267,3,-1.0,-1.8369701987210297e-16,-0.992708874098054,-0.12053668025532357
35,2010-10-01,18.66,1.095,208.048,6.543,2010,10,39,274,4,-0.8660254037844386,0.5000000000000001,-1.0,-1.8369701987210297e-16
35,2010-10-08,19.85,0.958,207.857,5.877,2010,10,40,281,4,-0.8660254037844386,0.5000000000000001,-0.992708874098054,0.1205366802553232
35,2010-10-15,15.07,0.871,209.851,6.729,2010,10,41,288,4,-0.8660254037844386,0.5000000000000001,-0.9709418174260521,0.23931566428755738
35,2010-10-22,21.47,1.071,209.461,6.699,2010,10,42,295,4,-0.8660254037844386,0.5000000000000001,-0.9350162426854148,0.35460488704253557
35,2010-10-29,14.26,1.204,210.002,5.882,2010,10,43,302,4,-0.8660254037844386,0.5000000000000001,-0.8854560256532101,0.464723172043768
35,2010-11-05,20.21,1.511,209.254,6.442,2010,11,44,309,4,-0.5000000000000004,0.8660254037844384,-0.822983865893657,0.5680647467311548
35,2010-11-12,17.23,1.621,209.669,6.544,2010,11,45,316,4,-0.5000000000000004,0.8660254037844384,-0.7485107481711011,0.6631226582407952
35,2010-11-19,26.93,1.357,208.29,7.494,2010,11,46,323,4,-0.5000000000000004,0.8660254037844384,-0.6631226582407955,0.7485107481711007
35,2010-11-26,32.61,1.371,209.236,7.501,2010,11,47,330,4,-0.5000000000000004,0.8660254037844384,-0.5680647467311559,0.8229838658936564
35,2010-12-03,35.97,1.667,211.698,7.617,2010,12,48,337,4,-2.4492935982947064e-16,1.0,-0.4647231720437684,0.88545602565321
35,2010-12-10,29.54,1.565,213.509,7.633,2010,12,49,344,4,-2.4492935982947064e-16,1.0,-0.35460488704253595,0.9350162426854147
35,2010-12-17,38.93,1.939,209.575,7.444,2010,12,50,351,4,-2.4492935982947064e-16,1.0,-0.2393156642875578,0.970941817426052
35,2010-12-24,51.23,2.844,208.672,8.344,2010,12,51,358,4,-2.4492935982947064e-16,1.0,-0.12053668025532363,0.992708874098054
35,2010-12-31,51.33,2.6,211.504,7.98,2010,12,52,365,4,-2.4492935982947064e-16,1.0,6.432490598706546e-16,1.0
35,2011-01-07,52.29,2.705,215.002,8.186,2011,1,1,7,1,0.49999999999999994,0.8660254037844387,0.12053668025532305,0.992708874098054
35,2011-01-14,51.27,2.843,213.495,8.669,2011,1,2,14,1,0.49999999999999994,0.8660254037844387,0.23931566428755774,0.970941817426052
35,2011-01-21,58.26,2.821,216.217,8.103,2011,1,3,21,1,0.49999999999999994,0.8660254037844387,0.3546048870425356,0.9350162426854148
35,2011-01-28,59.57,2.838,218.957,8.351,2011,1,4,28,1,0.49999999999999994,0.8660254037844387,0.4647231720437685,0.8854560256532099
35,2011-02-04,67.72,3.394,212.81,9.094,2011,2,5,35,1,0.8660254037844386,0.5000000000000001,0.5680647467311558,0.8229838658936564
35,2011-02-11,62.82,3.56,216.808,8.802,2011,2,6,42,1,0.8660254037844386,0.5000000000000001,0.6631226582407952,0.7485107481711011
35,2011-02-18,69.76,3.609,216.658,8.706,2011,2,7,49,1,0.8660254037844386,0.5000000000000001,0.7485107481711011,0.6631226582407953
35,2011-02-25,68.34,3.8,218.522,9.162,2011,2,8,56,1,0.8660254037844386,0.5000000000000001,0.8229838658936564,0.5680647467311559
35,2011-03-04,65.58,3.95,213.248,9.752,2011,3,9,63,1,1.0,6.123233995736766e-17,0.8854560256532099,0.4647231720437686
35,2011-03-11,75.06,3.636,214.708,9.748,2011,3,10,70,1,1.0,6.123233995736766e-17,0.9350162426854148,0.35460488704253557
35,2011-03-18,75.62,3.941,214.465,10.625,2011,3,11,77,1,1.0,6.123233995736766e-17,0.970941817426052,0.23931566428755804
35,2011-03-25,71.55,3.813,216.248,10.003,2011,3,12,84,1,1.0,6.123233995736766e-17,0.992708874098054,0.120536680255323
35,2011-04-01,79.93,4.066,215.26,9.907,2011,4,13,91,2,0.8660254037844387,-0.4999999999999998,1.0,-1.6081226496766366e-16
35,2011-04-08,71.42,3.839,219.235,10.351,2011,4,14,98,2,0.8660254037844387,-0.4999999999999998,0.992708874098054,-0.12053668025532288
35,2011-04-15,72.43,3.775,216.835,9.156,2011,4,15,105,2,0.8660254037844387,-0.4999999999999998,0.9709418174260521,-0.2393156642875575
35,2011-04-22,73.42,3.949,213.146,10.578,2011,4,16,112,2,0.8660254037844387,-0.4999999999999998,0.9350162426854148,-0.35460488704253545
35,2011-04-29,71.32,3.864,213.334,9.64,2011,4,17,119,2,0.8660254037844387,-0.4999999999999998,0.8854560256532099,-0.4647231720437685
35,2011-05-06,69.38,3.825,218.112,10.112,2011,5,18,126,2,0.49999999999999994,-0.8660254037844387,0.8229838658936565,-0.5680647467311557
35,2011-05-13,58.81,3.507,219.802,10.09,2011,5,19,133,2,0.49999999999999994,-0.8660254037844387,0.7485107481711013,-0.663122658240795
35,2011-05-20,57.94,3.709,216.122,9.35,2011,5,20,140,2,0.49999999999999994,-0.8660254037844387,0.6631226582407952,-0.7485107481711012
35,2011-05-27,68.7,3.349,212.247,8.71,2011,5,21,147,2,0.49999999999999994,-0.8660254037844387,0.5680647467311558,-0.8229838658936564
35,2011-06-03,59.1,3.44,213.623,8.619,2011,6,22,154,2,1.2246467991473532e-16,-1.0,0.46472317204376906,-0.8854560256532096
35,2011-06-10,62.0,3.306,215.171,9.079,2011,6,23,161,2,1.2246467991473532e-16,-1.0,0.35460488704253584,-0.9350162426854147
35,2011-06-17,47.82,2.76,215.952,7.882,2011,6,24,168,2,1.2246467991473532e-16,-1.0,0.23931566428755768,-0.970941817426052
35,2011-06-24,46.24,2.849,214.892,7.857,2011,6,25,175,2,1.2246467991473532e-16,-1.0,0.12053668025532308,-0.992708874098054
35,2011-07-01,32.97,2.733,212.577,8.635,2011,7,26,182,3,-0.4999999999999997,-0.8660254037844388,-3.216245299353273e-16,-1.0
35,2011-07-08,43.15,2.673,214.636,8.425,2011,7,27,189,3,-0.4999999999999997,-0.8660254037844388,-0.12053668025532283,-0.992708874098054
35,2011-07-15,37.42,2.148,216.719,7.247,2011,7,28,196,3,-0.4999999999999997,-0.8660254037844388,-0.23931566428755743,-0.9709418174260521
35,2011-07-22,33.78,2.381,217.693,7.671,2011,7,29,203,3,-0.4999999999999997,-0.8660254037844388,-0.3546048870425356,-0.9350162426854148
35,2011-07-29,32.31,1.837,215.924,7.965,2011,7,30,210,3,-0.4999999999999997,-0.8660254037844388,-0.46472317204376806,-0.8854560256532101
35,2011-08-05,25.21,1.939,216.819,7.145,2011,8,31,217,3,-0.8660254037844385,-0.5000000000000004,-0.5680647467311556,-0.8229838658936566
35,2011-08-12,25.15,1.735,215.796,6.663,2011,8,32,224,3,-0.8660254037844385,-0.5000000000000004,-0.663122658240795,-0.7485107481711013
35,2011-08-19,22.04,1.3,213.024,5.9,2011,8,33,231,3,-0.8660254037844385,-0.5000000000000004,-0.7485107481711011,-0.6631226582407952
35,2011-08-26,16.53,1.337,214.925,6.499,2011,8,34,238,3,-0.8660254037844385,-0.5000000000000004,-0.8229838658936564,-0.5680647467311559
35,2011-09-02,14.71,1.167,215.448,6.865,2011,9,35,245,3,-1.0,-1.8369701987210297e-16,-0.8854560256532096,-0.4647231720437691
35,2011-09-09,16.86,0.991,216.775,5.027,2011,9,36,252,3,-1.0,-1.8369701987210297e-16,-0.9350162426854147,-0.3546048870425359
35,2011-09-16,23.5,1.204,213.823,5.568,2011,9,37,259,3,-1.0,-1.8369701987210297e-16,-0.970941817426052,-0.23931566428755774
35,2011-09-23,16.07,1.068,217.103,5.812,2011,9,38,266,3,-1.0,-1.8369701987210297e-16,-0.992708874098054,-0.12053668025532357
35,2011-09-30,16.78,1.282,215.73,5.801,2011,9,39,273,3,-1.0,-1.8369701987210297e-16,-1.0,-1.8369701987210297e-16
35,2011-10-07,13.73,1.188,218.422,6.35,2011,10,40,280,4,-0.8660254037844386,0.5000000000000001,-0.992708874098054,0.1205366802553232
35,2011-10-14,17.35,0.851,215.565,6.284,2011,10,41,287,4,-0.8660254037844386,0.5000000000000001,-0.9709418174260521,0.23931566428755738
35,2011-10-21,12.47,1.114,213.826,6.054,2011,10,42,294,4,-0.8660254037844386,0.5000000000000001,-0.9350162426854148,0.35460488704253557
35,2011-10-28,14.81,1.001,212.561,5.981,2011,10,43,301,4,-0.8660254037844386,0.5000000000000001,-0.8854560256532101,0.464723172043768
35,2011-11-04,19.82,1.334,217.716,6.799,2011,11,44,308,4,-0.5000000000000004,0.8660254037844384,-0.822983865893657,0.5680647467311548
35,2011-11-11,19.34,1.731,218.23,6.588,2011,11,45,315,4,-0.5000000000000004,0.8660254037844384,-0.7485107481711011,0.6631226582407952
35,2011-11-18,20.11,1.61,217.81,6.343,2011,11,46,322,4,-0.5000000000000004,0.8660254037844384,-0.6631226582407955,0.7485107481711007
35,2011-11-25,33.69,1.862,214.409,6.343,2011,11,47,329,4,-0.5000000000000004,0.8660254037844384,-0.5680647467311559,0.8229838658936564
35,2011-12-02,26.8,1.526,216.979,7.443,2011,12,48,336,4,-2.4492935982947064e-16,1.0,-0.4647231720437684,0.88545602565321
35,2011-12-09,35.62,2.588,217.278,7.528,2011,12,49,343,4,-2.4492935982947064e-16,1.0,-0.35460488704253595,0.9350162426854147
35,2011-12-16,42.81,2.236,215.578,7.421,2011,12,50,350,4,-2.4492935982947064e-16,1.0,-0.2393156642875578,0.970941817426052
35,2011-12-23,38.05,2.489,212.642,8.274,2011,12,51,357,4,-2.4492935982947064e-16,1.0,-0.12053668025532363,0.992708874098054
35,2011-12-30,48.34,2.384,217.974,7.859,2011,12,52,364,4,-2.4492935982947064e-16,1.0,6.432490598706546e-16,1.0
35,2012-01-06,49.14,2.138,221.893,8.957,2012,1,1,6,1,0.49999999999999994,0.8660254037844387,0.12053668025532305,0.992708874098054
35,2012-01-13,51.17,2.797,220.416,7.811,2012,1,2,13,1,0.49999999999999994,0.8660254037844387,0.23931566428755774,0.970941817426052
35,2012-01-20,50.5,3.311,221.059,8.538,2012,1,3,20,1,0.49999999999999994,0.8660254037844387,0.3546048870425356,0.9350162426854148
35,2012-01-27,59.45,2.865,221.69,8.75,2012,1,4,27,1,0.49999999999999994,0.8660254037844387,0.4647231720437685,0.8854560256532099
35,2012-02-03,60.77,3.107,218.579,10.163,2012,2,5,34,1,0.8660254037844386,0.5000000000000001,0.5680647467311558,0.8229838658936564
35,2012-02-10,70.02,3.541,218.622,8.705,2012,2,6,41,1,0.8660254037844386,0.5000000000000001,0.6631226582407952,0.7485107481711011
35,2012-02-17,70.61,3.806,219.22,9.511,2012,2,7,48,1,0.8660254037844386,0.5000000000000001,0.7485107481711011,0.6631226582407953
35,2012-02-24,65.65,3.514,221.583,9.655,2012,2,8,55,1,0.8660254037844386,0.5000000000000001,0.8229838658936564,0.5680647467311559
35,2012-03-02,82.67,3.874,221.83,9.817,2012,3,9,62,1,1.0,6.123233995736766e-17,0.8854560256532099,0.4647231720437686
35,2012-03-09,76.43,4.041,219.108,10.373,2012,3,10,69,1,1.0,6.123233995736766e-17,0.9350162426854148,0.35460488704253557
35,2012-03-16,73.31,4.21,221.742,10.63,2012,3,11,76,1,1.0,6.123233995736766e-17,0.970941817426052,0.23931566428755804
35,2012-03-23,77.03,3.901,221.168,9.692,2012,3,12,83,1,1.0,6.123233995736766e-17,0.992708874098054,0.120536680255323
35,2012-03-30,78.58,4.276,217.487,9.311,2012,3,13,90,1,1.0,6.123233995736766e-17,1.0,-1.6081226496766366e-16
35,2012-04-06,77.62,4.148,217.139,10.315,2012,4,14,97,2,0.8660254037844387,-0.4999999999999998,0.992708874098054,-0.12053668025532288
35,2012-04-13,72.85,3.975,218.866,9.926,2012,4,15,104,2,0.8660254037844387,-0.4999999999999998,0.9709418174260521,-0.2393156642875575
35,2012-04-20,74.2,3.763,217.513,9.972,2012,4,16,111,2,0.8660254037844387,-0.4999999999999998,0.9350162426854148,-0.35460488704253545
35,2012-04-27,73.08,3.621,221.228,9.857,2012,4,17,118,2,0.8660254037844387,-0.4999999999999998,0.8854560256532099,-0.4647231720437685
35,2012-05-04,74.52,3.836,220.785,9.035,2012,5,18,125,2,0.49999999999999994,-0.8660254037844387,0.8229838658936565,-0.5680647467311557
35,2012-05-11,63.89,3.644,221.338,8.625,2012,5,19,132,2,0.49999999999999994,-0.8660254037844387,0.7485107481711013,-0.663122658240795
35,2012-05-18,68.72,3.649,220.333,9.729,2012,5,20,139,2,0.49999999999999994,-0.8660254037844387,0.6631226582407952,-0.7485107481711012
35,2012-05-25,57.06,3.59,219.584,9.918,2012,5,21,146,2,0.49999999999999994,-0.8660254037844387,0.5680647467311558,-0.8229838658936564
35,2012-06-01,67.45,3.414,218.676,8.455,2012,6,22,153,2,1.2246467991473532e-16,-1.0,0.46472317204376906,-0.8854560256532096
35,2012-06-08,54.49,3.411,216.978,8.982,2012,6,23,160,2,1.2246467991473532e-16,-1.0,0.35460488704253584,-0.9350162426854147
35,2012-06-15,54.47,2.803,221.034,8.17,2012,6,24,167,2,1.2246467991473532e-16,-1.0,0.23931566428755768,-0.970941817426052
35,2012-06-22,59.25,2.722,222.606,9.19,2012,6,25,174,2,1.2246467991473532e-16,-1.0,0.12053668025532308,-0.992708874098054
35,2012-06-29,44.83,2.196,220.748,7.886,2012,6,26,181,2,1.2246467991473532e-16,-1.0,-3.216245299353273e-16,-1.0
35,2012-07-06,32.25,2.053,218.396,7.695,2012,7,27,188,3,-0.4999999999999997,-0.8660254037844388,-0.12053668025532283,-0.992708874098054
35,2012-07-13,24.11,1.982,217.245,7.287,2012,7,28,195,3,-0.4999999999999997,-0.8660254037844388,-0.23931566428755743,-0.9709418174260521
35,2012-07-20,25.96,2.029,221.071,7.201,2012,7,29,202,3,-0.4999999999999997,-0.8660254037844388,-0.3546048870425356,-0.9350162426854148
35,2012-07-27,42.14,1.781,220.22,6.511,2012,7,30,209,3,-0.4999999999999997,-0.8660254037844388,-0.46472317204376806,-0.8854560256532101
35,2012-08-03,23.42,1.741,219.075,7.009,2012,8,31,216,3,-0.8660254037844385,-0.5000000000000004,-0.5680647467311556,-0.8229838658936566
35,2012-08-10,25.05,1.52,219.417,6.318,2012,8,32,223,3,-0.8660254037844385,-0.5000000000000004,-0.663122658240795,-0.7485107481711013
35,2012-08-17,17.81,1.512,216.077,7.261,2012,8,33,230,3,-0.8660254037844385,-0.5000000000000004,-0.7485107481711011,-0.6631226582407952
35,2012-08-24,18.01,0.958,219.603,6.382,2012,8,34,237,3,-0.8660254037844385,-0.5000000000000004,-0.8229838658936564,-0.5680647467311559
35,2012-08-31,18.83,1.389,216.728,6.296,2012,8,35,244,3,-0.8660254037844385,-0.5000000000000004,-0.8854560256532096,-0.4647231720437691
35,2012-09-07,25.67,1.268,220.55,5.658,2012,9,36,251,3,-1.0,-1.8369701987210297e-16,-0.9350162426854147,-0.3546048870425359
35,2012-09-14,18.78,1.205,220.11,5.955,2012,9,37,258,3,-1.0,-1.8369701987210297e-16,-0.970941817426052,-0.23931566428755774
35,2012-09-21,18.18,0.793,220.808,7.047,2012,9,38,265,3,-1.0,-1.8369701987210297e-16,-0.992708874098054,-0.12053668025532357
35,2012-09-28,3.1,0.899,219.776,6.303,2012,9,39,272,3,-1.0,-1.8369701987210297e-16,-1.0,-1.8369701987210297e-16
35,2012-10-05,19.71,1.012,218.79,5.591,2012,10,40,279,4,-0.8660254037844386,0.5000000000000001,-0.992708874098054,0.1205366802553232
35,2012-10-12,14.92,1.198,219.962,5.8,2012,10,41,286,4,-0.8660254037844386,0.5000000000000001,-0.9709418174260521,0.23931566428755738
35,2012-10-19,17.44,0.988,217.411,7.03,2012,10,42,293,4,-0.8660254037844386,0.5000000000000001,-0.9350162426854148,0.35460488704253557
35,2012-10-26,17.59,1.344,219.708,6.796,2012,10,43,300,4,-0.8660254037844386,0.5000000000000001,-0.8854560256532101,0.464723172043768
36,2010-02-05,57.93,3.589,208.339,10.225,2010,2,5,36,1,0.8660254037844386,0.5000000000000001,0.5680647467311558,0.8229838658936564
36,2010-02-12,69.28,3.572,210.838,9.043,2010,2,6,43,1,0.8660254037844386,0.5000000000000001,0.6631226582407952,0.7485107481711011
36,2010-02-19,71.42,3.454,207.235,9.728,2010,2,7,50,1,0.8660254037844386,0.5000000000000001,0.7485107481711011,0.6631226582407953
36,2010-02-26,65.22,3.835,213.301,10.313,2010,2,8,57,1,0.8660254037844386,0.5000000000000001,0.8229838658936564,0.5680647467311559
36,2010-03-05,72.22,4.09,209.514,9.462,2010,3,9,64,1,1.0,6.123233995736766e-17,0.8854560256532099,0.4647231720437686
36,2010-03-12,78.15,3.971,208.575,9.823,2010,3,10,71,1,1.0,6.123233995736766e-17,0.9350162426854148,0.35460488704253557
36,2010-03-19,80.9,3.746,208.804,10.01,2010,3,11,78,1,1.0,6.123233995736766e-17,0.970941817426052,0.23931566428755804
36,2010-03-26,80.49,4.206,210.729,9.165,2010,3,12,85,1,1.0,6.123233995736766e-17,0.992708874098054,0.120536680255323
36,2010-04-02,70.32,4.116,208.387,9.494,2010,4,13,92,2,0.8660254037844387,-0.4999999999999998,1.0,-1.6081226496766366e-16
36,2010-04-09,80.43,4.06,211.179,9.522,2010,4,14,99,2,0.8660254037844387,-0.4999999999999998,0.992708874098054,-0.12053668025532288
36,2010-04-16,68.89,3.841,208.568,10.767,2010,4,15,106,2,0.8660254037844387,-0.4999999999999998,0.9709418174260521,-0.2393156642875575
36,2010-04-23,74.66,3.62,208.748,9.218,2010,4,16,113,2,0.8660254037844387,-0.4999999999999998,0.9350162426854148,-0.35460488704253545
36,2010-04-30,74.09,3.731,208.361,10.511,2010,4,17,120,2,0.8660254037844387,-0.4999999999999998,0.8854560256532099,-0.4647231720437685
36,2010-05-07,67.35,3.41,211.32,8.217,2010,5,18,127,2,0.49999999999999994,-0.8660254037844387,0.8229838658936565,-0.5680647467311557
36,2010-05-14,67.63,3.835,210.988,9.267,2010,5,19,134,2,0.49999999999999994,-0.8660254037844387,0.7485107481711013,-0.663122658240795
36,2010-05-21,63.38,3.253,209.205,8.816,2010,5,20,141,2,0.49999999999999994,-0.8660254037844387,0.6631226582407952,-0.7485107481711012
36,2010-05-28,63.98,3.512,208.63,8.856,2010,5,21,148,2,0.49999999999999994,-0.8660254037844387,0.5680647467311558,-0.8229838658936564
36,2010-06-04,60.91,3.083,208.384,9.0,2010,6,22,155,2,1.2246467991473532e-16,-1.0,0.46472317204376906,-0.8854560256532096
36,2010-06-11,54.5,3.099,209.235,8.693,2010,6,23,162,2,1.2246467991473532e-16,-1.0,0.35460488704253584,-0.9350162426854147
36,2010-06-18,51.47,2.602,211.488,8.655,2010,6,24,169,2,1.2246467991473532e-16,-1.0,0.23931566428755768,-0.970941817426052
36,2010-06-25,50.91,2.655,210.405,8.102,2010,6,25,176,2,1.2246467991473532e-16,-1.0,0.12053668025532308,-0.992708874098054
36,2010-07-02,49.73,2.967,207.602,7.909,2010,7,26,183,3,-0.4999999999999997,-0.8660254037844388,-3.216245299353273e-16,-1.0
36,2010-07-09,42.26,2.672,206.481,7.842,2010,7,27,190,3,-0.4999999999999997,-0.8660254037844388,-0.12053668025532283,-0.992708874098054
36,2010-07-16,35.92,2.287,209.996,7.719,2010,7,28,197,3,-0.4999999999999997,-0.8660254037844388,-0.23931566428755743,-0.9709418174260521
36,2010-07-23,33.75,2.098,210.126,7.223,2010,7,29,204,3,-0.4999999999999997,-0.8660254037844388,-0.3546048870425356,-0.9350162426854148
36,2010-07-30,28.37,1.542,211.761,7.508,2010,7,30,211,3,-0.4999999999999997,-0.8660254037844388,-0.46472317204376806,-0.8854560256532101
36,2010-08-06,27.11,1.775,210.784,6.859,2010,8,31,218,3,-0.8660254037844385,-0.5000000000000004,-0.5680647467311556,-0.8229838658936566
36,2010-08-13,23.92,1.491,208.836,5.732,2010,8,32,225,3,-0.8660254037844385,-0.5000000000000004,-0.663122658240795,-0.7485107481711013
36,2010-08-20,27.16,1.364,211.475,5.671,2010,8,33,232,3,-0.8660254037844385,-0.5000000000000004,-0.7485107481711011,-0.6631226582407952
36,2010-08-27,24.78,1.151,210.6,7.437,2010,8,34,239,3,-0.8660254037844385,-0.5000000000000004,-0.8229838658936564,-0.5680647467311559
36,2010-09-03,12.68,0.854,212.298,6.051,2010,9,35,246,3,-1.0,-1.8369701987210297e-16,-0.8854560256532096,-0.4647231720437691
36,2010-09-10,10.93,0.963,209.448,6.22,2010,9,36,253,3,-1.0,-1.8369701987210297e-16,-0.9350162426854147,-0.3546048870425359
36,2010-09-17,18.57,1.084,210.162,5.854,2010,9,37,260,3,-1.0,-1.8369701987210297e-16,-0.970941817426052,-0.23931566428755774
36,2010-09-24,14.01,0.65,210.66,5.086,2010,9,38,267,3,-1.0,-1.8369701987210297e-16,-0.992708874098054,-0.12053668025532357
36,2010-10-01,10.94,0.855,208.111,6.358,2010,10,39,274,4,-0.8660254037844386,0.5000000000000001,-1.0,-1.8369701987210297e-16
36,2010-10-08,5.99,0.791,209.961,5.915,2010,10,40,281,4,-0.8660254037844386,0.5000000000000001,-0.992708874098054,0.1205366802553232
36,2010-10-15,10.6,1.554,210.359,6.375,2010,10,41,288,4,-0.8660254037844386,0.5000000000000001,-0.9709418174260521,0.23931566428755738
36,2010-10-22,11.28,0.902,210.31,6.885,2010,10,42,295,4,-0.8660254037844386,0.5000000000000001,-0.9350162426854148,0.35460488704253557
36,2010-10-29,12.9,1.068,208.883,5.768,2010,10,43,302,4,-0.8660254037844386,0.5000000000000001,-0.8854560256532101,0.464723172043768
36,2010-11-05,18.74,1.31,208.656,6.795,2010,11,44,309,4,-0.5000000000000004,0.8660254037844384,-0.822983865893657,0.5680647467311548
36,2010-11-12,27.99,1.75,212.068,6.425,2010,11,45,316,4,-0.5000000000000004,0.8660254037844384,-0.7485107481711011,0.6631226582407952
36,2010-11-19,20.19,1.572,209.618,6.756,2010,11,46,323,4,-0.5000000000000004,0.8660254037844384,-0.6631226582407955,0.7485107481711007
36,2010-11-26,30.79,1.875,212.764,7.081,2010,11,47,330,4,-0.5000000000000004,0.8660254037844384,-0.5680647467311559,0.8229838658936564
36,2010-12-03,38.71,1.778,211.845,7.137,2010,12,48,337,4,-2.4492935982947064e-16,1.0,-0.4647231720437684,0.88545602565321
36,2010-12-10,45.99,1.945,207.213,7.539,2010,12,49,344,4,-2.4492935982947064e-16,1.0,-0.35460488704253595,0.9350162426854147
36,2010-12-17,40.24,2.115,210.482,8.288,2010,12,50,351,4,-2.4492935982947064e-16,1.0,-0.2393156642875578,0.970941817426052
36,2010-12-24,38.09,2.132,212.419,7.937,2010,12,51,358,4,-2.4492935982947064e-16,1.0,-0.12053668025532363,0.992708874098054
36,2010-12-31,48.56,2.535,209.996,8.625,2010,12,52,365,4,-2.4492935982947064e-16,1.0,6.432490598706546e-16,1.0
36,2011-01-07,38.61,2.801,212.311,8.689,2011,1,1,7,1,0.49999999999999994,0.8660254037844387,0.12053668025532305,0.992708874098054
36,2011-01-14,53.06,2.809,214.563,8.116,2011,1,2,14,1,0.49999999999999994,0.8660254037844387,0.23931566428755774,0.970941817426052
36,2011-01-21,55.65,3.084,216.892,8.416,2011,1,3,21,1,0.49999999999999994,0.8660254037844387,0.3546048870425356,0.9350162426854148
36,2011-01-28,61.03,3.239,213.828,8.269,2011,1,4,28,1,0.49999999999999994,0.8660254037844387,0.4647231720437685,0.8854560256532099
36,2011-02-04,64.16,3.311,215.475,9.347,2011,2,5,35,1,0.8660254037844386,0.5000000000000001,0.5680647467311558,0.8229838658936564
36,2011-02-11,67.46,3.253,214.009,9.503,2011,2,6,42,1,0.8660254037844386,0.5000000000000001,0.6631226582407952,0.7485107481711011
36,2011-02-18,66.06,3.622,213.392,9.742,2011,2,7,49,1,0.8660254037844386,0.5000000000000001,0.7485107481711011,0.6631226582407953
36,2011-02-25,82.09,3.664,214.148,9.797,2011,2,8,56,1,0.8660254037844386,0.5000000000000001,0.8229838658936564,0.5680647467311559
36,2011-03-04,68.19,3.701,213.056,9.54,2011,3,9,63,1,1.0,6.123233995736766e-17,0.8854560256532099,0.4647231720437686
36,2011-03-11,75.65,3.648,214.793,10.202,2011,3,10,70,1,1.0,6.123233995736766e-17,0.9350162426854148,0.35460488704253557
36,2011-03-18,74.88,3.901,212.985,9.506,2011,3,11,77,1,1.0,6.123233995736766e-17,0.970941817426052,0.23931566428755804
36,2011-03-25,71.28,4.152,212.088,9.554,2011,3,12,84,1,1.0,6.123233995736766e-17,0.992708874098054,0.120536680255323
36,2011-04-01,80.02,4.009,214.493,9.713,2011,4,13,91,2,0.8660254037844387,-0.4999999999999998,1.0,-1.6081226496766366e-16
36,2011-04-08,75.41,3.839,217.136,9.695,2011,4,14,98,2,0.8660254037844387,-0.4999999999999998,0.992708874098054,-0.12053668025532288
36,2011-04-15,70.92,4.226,213.937,9.818,2011,4,15,105,2,0.8660254037844387,-0.4999999999999998,0.9709418174260521,-0.2393156642875575
36,2011-04-22,73.14,4.011,216.208,9.407,2011,4,16,112,2,0.8660254037844387,-0.4999999999999998,0.9350162426854148,-0.35460488704253545
36,2011-04-29,70.2,3.992,215.051,9.556,2011,4,17,119,2,0.8660254037844387,-0.4999999999999998,0.8854560256532099,-0.4647231720437685
36,2011-05-06,59.43,3.744,217.133,9.618,2011,5,18,126,2,0.49999999999999994,-0.8660254037844387,0.8229838658936565,-0.5680647467311557
36,2011-05-13,73.42,3.347,216.013,9.455,2011,5,19,133,2,0.49999999999999994,-0.8660254037844387,0.7485107481711013,-0.663122658240795
36,2011-05-20,70.89,3.55,216.498,8.763,2011,5,20,140,2,0.49999999999999994,-0.8660254037844387,0.6631226582407952,-0.7485107481711012
36,2011-05-27,56.69,3.504,213.111,8.548,2011,5,21,147,2,0.49999999999999994,-0.8660254037844387,0.5680647467311558,-0.8229838658936564
36,2011-06-03,63.31,2.859,218.09,9.31,2011,6,22,154,2,1.2246467991473532e-16,-1.0,0.46472317204376906,-0.8854560256532096
36,2011-06-10,59.37,3.171,214.749,8.565,2011,6,23,161,2,1.2246467991473532e-16,-1.0,0.35460488704253584,-0.9350162426854147
36,2011-06-17,53.21,3.009,214.363,7.123,2011,6,24,168,2,1.2246467991473532e-16,-1.0,0.23931566428755768,-0.970941817426052
36,2011-06-24,46.3,2.453,214.706,8.224,2011,6,25,175,2,1.2246467991473532e-16,-1.0,0.12053668025532308,-0.992708874098054
36,2011-07-01,37.93,2.467,215.25,8.505,2011,7,26,182,3,-0.4999999999999997,-0.8660254037844388,-3.216245299353273e-16,-1.0
36,2011-07-08,31.47,1.952,219.032,8.377,2011,7,27,189,3,-0.4999999999999997,-0.8660254037844388,-0.12053668025532283,-0.992708874098054
36,2011-07-15,35.64,2.36,212.546,7.413,2011,7,28,196,3,-0.4999999999999997,-0.8660254037844388,-0.23931566428755743,-0.9709418174260521
36,2011-07-22,40.42,1.754,217.237,7.371,2011,7,29,203,3,-0.4999999999999997,-0.8660254037844388,-0.3546048870425356,-0.9350162426854148
36,2011-07-29,30.94,1.726,212.857,6.806,2011,7,30,210,3,-0.4999999999999997,-0.8660254037844388,-0.46472317204376806,-0.8854560256532101
36,2011-08-05,22.17,1.681,215.421,6.843,2011,8,31,217,3,-0.8660254037844385,-0.5000000000000004,-0.5680647467311556,-0.8229838658936566
36,2011-08-12,33.36,1.733,218.239,7.24,2011,8,32,224,3,-0.8660254037844385,-0.5000000000000004,-0.663122658240795,-0.7485107481711013
36,2011-08-19,18.24,1.031,211.846,6.211,2011,8,33,231,3,-0.8660254037844385,-0.5000000000000004,-0.7485107481711011,-0.6631226582407952
36,2011-08-26,16.73,1.615,218.402,6.751,2011,8,34,238,3,-0.8660254037844385,-0.5000000000000004,-0.8229838658936564,-0.5680647467311559
36,2011-09-02,15.98,1.5,215.989,6.069,2011,9,35,245,3,-1.0,-1.8369701987210297e-16,-0.8854560256532096,-0.4647231720437691
36,2011-09-09,13.54,1.342,214.924,5.909,2011,9,36,252,3,-1.0,-1.8369701987210297e-16,-0.9350162426854147,-0.3546048870425359
36,2011-09-16,12.11,1.14,216.922,5.85,2011,9,37,259,3,-1.0,-1.8369701987210297e-16,-0.970941817426052,-0.23931566428755774
36,2011-09-23,7.74,0.755,213.963,5.076,2011,9,38,266,3,-1.0,-1.8369701987210297e-16,-0.992708874098054,-0.12053668025532357
36,2011-09-30,19.02,1.014,212.672,6.038,2011,9,39,273,3,-1.0,-1.8369701987210297e-16,-1.0,-1.8369701987210297e-16
36,2011-10-07,22.86,0.923,214.529,6.187,2011,10,40,280,4,-0.8660254037844386,0.5000000000000001,-0.992708874098054,0.1205366802553232
36,2011-10-14,24.34,0.956,211.676,4.713,2011,10,41,287,4,-0.8660254037844386,0.5000000000000001,-0.9709418174260521,0.23931566428755738
36,2011-10-21,12.05,0.797,211.79,6.222,2011,10,42,294,4,-0.8660254037844386,0.5000000000000001,-0.9350162426854148,0.35460488704253557
36,2011-10-28,8.43,1.3,217.078,6.285,2011,10,43,301,4,-0.8660254037844386,0.5000000000000001,-0.8854560256532101,0.464723172043768
36,2011-11-04,22.47,1.103,213.425,6.306,2011,11,44,308,4,-0.5000000000000004,0.8660254037844384,-0.822983865893657,0.5680647467311548
36,2011-11-11,21.35,1.642,213.376,5.65,2011,11,45,315,4,-0.5000000000000004,0.8660254037844384,-0.7485107481711011,0.6631226582407952
36,2011-11-18,24.86,1.242,214.095,7.503,2011,11,46,322,4,-0.5000000000000004,0.8660254037844384,-0.6631226582407955,0.7485107481711007
36,2011-11-25,27.24,1.729,214.56,7.097,2011,11,47,329,4,-0.5000000000000004,0.8660254037844384,-0.5680647467311559,0.8229838658936564
36,2011-12-02,29.82,1.732,214.506,7.799,2011,12,48,336,4,-2.4492935982947064e-16,1.0,-0.4647231720437684,0.88545602565321
36,2011-12-09,35.74,2.093,218.57,6.63,2011,12,49,343,4,-2.4492935982947064e-16,1.0,-0.35460488704253595,0.9350162426854147
36,2011-12-16,27.48,2.312,216.453,6.943,2011,12,50,350,4,-2.4492935982947064e-16,1.0,-0.2393156642875578,0.970941817426052
36,2011-12-23,40.64,2.367,215.195,6.919,2011,12,51,357,4,-2.4492935982947064e-16,1.0,-0.12053668025532363,0.992708874098054
36,2011-12-30,44.88,2.328,215.215,8.625,2011,12,52,364,4,-2.4492935982947064e-16,1.0,6.432490598706546e-16,1.0
36,2012-01-06,46.55,2.491,220.545,7.903,2012,1,1,6,1,0.49999999999999994,0.8660254037844387,0.12053668025532305,0.992708874098054
36,2012-01-13,46.48,3.077,222.89,9.135,2012,1,2,13,1,0.49999999999999994,0.8660254037844387,0.23931566428755774,0.970941817426052
36,2012-01-20,61.03,3.06,218.332,8.784,2012,1,3,20,1,0.49999999999999994,0.8660254037844387,0.3546048870425356,0.9350162426854148
36,2012-01-27,53.85,2.938,219.324,8.877,2012,1,4,27,1,0.49999999999999994,0.8660254037844387,0.4647231720437685,0.8854560256532099
36,2012-02-03,63.16,3.32,219.271,9.183,2012,2,5,34,1,0.8660254037844386,0.5000000000000001,0.5680647467311558,0.8229838658936564
36,2012-02-10,63.28,3.816,221.095,8.797,2012,2,6,41,1,0.8660254037844386,0.5000000000000001,0.6631226582407952,0.7485107481711011
36,2012-02-17,74.8,3.659,222.373,8.748,2012,2,7,48,1,0.8660254037844386,0.5000000000000001,0.7485107481711011,0.6631226582407953
36,2012-02-24,66.62,3.705,218.185,10.407,2012,2,8,55,1,0.8660254037844386,0.5000000000000001,0.8229838658936564,0.5680647467311559
36,2012-03-02,77.13,3.707,225.348,9.158,2012,3,9,62,1,1.0,6.123233995736766e-17,0.8854560256532099,0.4647231720437686
36,2012-03-09,77.86,3.484,216.88,10.19,2012,3,10,69,1,1.0,6.123233995736766e-17,0.9350162426854148,0.35460488704253557
36,2012-03-16,70.83,4.143,217.103,10.602,2012,3,11,76,1,1.0,6.123233995736766e-17,0.970941817426052,0.23931566428755804
36,2012-03-23,75.77,3.785,219.959,10.721,2012,3,12,83,1,1.0,6.123233995736766e-17,0.992708874098054,0.120536680255323
36,2012-03-30,75.93,3.924,219.958,10.263,2012,3,13,90,1,1.0,6.123233995736766e-17,1.0,-1.6081226496766366e-16
36,2012-04-06,74.83,4.107,222.814,10.206,2012,4,14,97,2,0.8660254037844387,-0.4999999999999998,0.992708874098054,-0.12053668025532288
36,2012-04-13,78.26,4.147,221.708,9.419,2012,4,15,104,2,0.8660254037844387,-0.4999999999999998,0.9709418174260521,-0.2393156642875575
36,2012-04-20,72.06,4.326,218.55,9.913,2012,4,16,111,2,0.8660254037844387,-0.4999999999999998,0.9350162426854148,-0.35460488704253545
36,2012-04-27,67.77,3.618,219.32,9.731,2012,4,17,118,2,0.8660254037844387,-0.4999999999999998,0.8854560256532099,-0.4647231720437685
36,2012-05-04,62.85,3.716,217.049,9.249,2012,5,18,125,2,0.49999999999999994,-0.8660254037844387,0.8229838658936565,-0.5680647467311557
36,2012-05-11,66.5,3.847,221.098,8.909,2012,5,19,132,2,0.49999999999999994,-0.8660254037844387,0.7485107481711013,-0.663122658240795
36,2012-05-18,60.09,3.636,222.272,9.602,2012,5,20,139,2,0.49999999999999994,-0.8660254037844387,0.6631226582407952,-0.7485107481711012
36,2012-05-25,68.78,3.347,222.961,8.933,2012,5,21,146,2,0.49999999999999994,-0.8660254037844387,0.5680647467311558,-0.8229838658936564
36,2012-06-01,57.28,3.131,217.425,9.481,2012,6,22,153,2,1.2246467991473532e-16,-1.0,0.46472317204376906,-0.8854560256532096
36,2012-06-08,52.94,2.789,216.838,9.14,2012,6,23,160,2,1.2246467991473532e-16,-1.0,0.35460488704253584,-0.9350162426854147
36,2012-06-15,56.89,2.945,220.943,8.445,2012,6,24,167,2,1.2246467991473532e-16,-1.0,0.23931566428755768,-0.970941817426052
36,2012-06-22,42.72,3.091,222.166,8.333,2012,6,25,174,2,1.2246467991473532e-16,-1.0,0.12053668025532308,-0.992708874098054
36,2012-06-29,41.86,2.656,218.431,7.888,2012,6,26,181,2,1.2246467991473532e-16,-1.0,-3.216245299353273e-16,-1.0
36,2012-07-06,47.08,2.542,216.084,7.689,2012,7,27,188,3,-0.4999999999999997,-0.8660254037844388,-0.12053668025532283,-0.992708874098054
36,2012-07-13,37.66,2.469,218.985,8.35,2012,7,28,195,3,-0.4999999999999997,-0.8660254037844388,-0.23931566428755743,-0.9709418174260521
36,2012-07-20,31.75,1.864,222.401,7.603,2012,7,29,202,3,-0.4999999999999997,-0.8660254037844388,-0.3546048870425356,-0.9350162426854148
36,2012-07-27,33.75,1.714,223.618,6.778,2012,7,30,209,3,-0.4999999999999997,-0.8660254037844388,-0.46472317204376806,-0.8854560256532101
36,2012-08-03,33.93,2.071,221.464,7.563,2012,8,31,216,3,-0.8660254037844385,-0.5000000000000004,-0.5680647467311556,-0.8229838658936566
36,2012-08-10,30.35,1.622,217.26,7.153,2012,8,32,223,3,-0.8660254037844385,-0.5000000000000004,-0.663122658240795,-0.7485107481711013
36,2012-08-17,26.22,1.281,219.514,6.229,2012,8,33,230,3,-0.8660254037844385,-0.5000000000000004,-0.7485107481711011,-0.6631226582407952
36,2012-08-24,16.21,1.331,220.534,5.833,2012,8,34,237,3,-0.8660254037844385,-0.5000000000000004,-0.8229838658936564,-0.5680647467311559
36,2012-08-31,17.08,1.037,221.808,7.183,2012,8,35,244,3,-0.8660254037844385,-0.5000000000000004,-0.8854560256532096,-0.4647231720437691
36,2012-09-07,16.58,0.686,220.075,6.344,2012,9,36,251,3,-1.0,-1.8369701987210297e-16,-0.9350162426854147,-0.3546048870425359
36,2012-09-14,20.66,1.27,220.822,5.697,2012,9,37,258,3,-1.0,-1.8369701987210297e-16,-0.970941817426052,-0.23931566428755774
36,2012-09-21,13.13,0.8,221.275,5.686,2012,9,38,265,3,-1.0,-1.8369701987210297e-16,-0.992708874098054,-0.12053668025532357
36,2012-09-28,15.76,0.697,218.264,5.764,2012,9,39,272,3,-1.0,-1.8369701987210297e-16,-1.0,-1.8369701987210297e-16
36,2012-10-05,16.57,0.604,219.032,5.868,2012,10,40,279,4,-0.8660254037844386,0.5000000000000001,-0.992708874098054,0.1205366802553232
36,2012-10-12,12.61,0.917,215.381,6.332,2012,10,41,286,4,-0.8660254037844386,0.5000000000000001,-0.9709418174260521,0.23931566428755738
36,2012-10-19,18.68,1.254,220.24,5.717,2012,10,42,293,4,-0.8660254037844386,0.5000000000000001,-0.9350162426854148,0.35460488704253557
36,2012-10-26,16.76,1.026,219.705,5.66,2012,10,43,300,4,-0.8660254037844386,0.5000000000000001,-0.8854560256532101,0.464723172043768
37,2010-02-05,65.12,3.251,209.295,8.722,2010,2,5,36,1,0.8660254037844386,0.5000000000000001,0.5680647467311558,0.8229838658936564
37,2010-02-12,62.03,3.936,212.195,9.185,2010,2,6,43,1,0.8660254037844386,0.5000000000000001,0.6631226582407952,0.7485107481711011
37,2010-02-19,68.0,3.988,209.038,8.969,2010,2,7,50,1,0.8660254037844386,0.5000000000000001,0.7485107481711011,0.6631226582407953
37,2010-02-26,72.15,3.767,210.614,9.861,2010,2,8,57,1,0.8660254037844386,0.5000000000000001,0.8229838658936564,0.5680647467311559
37,2010-03-05,73.47,3.764,211.101,9.92,2010,3,9,64,1,1.0,6.123233995736766e-17,0.8854560256532099,0.4647231720437686
37,2010-03-12,79.66,3.705,210.917,9.376,2010,3,10,71,1,1.0,6.123233995736766e-17,0.9350162426854148,0.35460488704253557
37,2010-03-19,78.89,3.713,207.576,9.31,2010,3,11,78,1,1.0,6.123233995736766e-17,0.970941817426052,0.23931566428755804
37,2010-03-26,85.44,3.455,212.041,9.645,2010,3,12,85,1,1.0,6.123233995736766e-17,0.992708874098054,0.120536680255323
37,2010-04-02,92.41,4.24,208.539,8.92,2010,4,13,92,2,0.8660254037844387,-0.4999999999999998,1.0,-1.6081226496766366e-16
37,2010-04-09,67.4,3.868,210.618,9.853,2010,4,14,99,2,0.8660254037844387,-0.4999999999999998,0.992708874098054,-0.12053668025532288
37,2010-04-16,74.62,4.064,211.1,9.861,2010,4,15,106,2,0.8660254037844387,-0.4999999999999998,0.9709418174260521,-0.2393156642875575
37,2010-04-23,69.27,4.105,212.016,9.179,2010,4,16,113,2,0.8660254037844387,-0.4999999999999998,0.9350162426854148,-0.35460488704253545
37,2010-04-30,69.45,3.692,209.377,9.712,2010,4,17,120,2,0.8660254037844387,-0.4999999999999998,0.8854560256532099,-0.4647231720437685
37,2010-05-07,62.44,3.936,211.163,9.377,2010,5,18,127,2,0.49999999999999994,-0.8660254037844387,0.8229838658936565,-0.5680647467311557
37,2010-05-14,69.17,3.859,207.733,8.736,2010,5,19,134,2,0.49999999999999994,-0.8660254037844387,0.7485107481711013,-0.663122658240795
37,2010-05-21,61.87,3.741,209.451,9.936,2010,5,20,141,2,0.49999999999999994,-0.8660254037844387,0.6631226582407952,-0.7485107481711012
37,2010-05-28,56.18,3.08,205.447,9.44,2010,5,21,148,2,0.49999999999999994,-0.8660254037844387,0.5680647467311558,-0.8229838658936564
37,2010-06-04,56.96,3.286,209.765,8.377,2010,6,22,155,2,1.2246467991473532e-16,-1.0,0.46472317204376906,-0.8854560256532096
37,2010-06-11,50.12,3.296,213.18,8.68,2010,6,23,162,2,1.2246467991473532e-16,-1.0,0.35460488704253584,-0.9350162426854147
37,2010-06-18,51.13,3.007,212.38,8.711,2010,6,24,169,2,1.2246467991473532e-16,-1.0,0.23931566428755768,-0.970941817426052
37,2010-06-25,52.2,3.138,208.42,7.571,2010,6,25,176,2,1.2246467991473532e-16,-1.0,0.12053668025532308,-0.992708874098054
37,2010-07-02,46.17,2.596,209.227,8.233,2010,7,26,183,3,-0.4999999999999997,-0.8660254037844388,-3.216245299353273e-16,-1.0
37,2010-07-09,34.35,1.702,210.629,7.407,2010,7,27,190,3,-0.4999999999999997,-0.8660254037844388,-0.12053668025532283,-0.992708874098054
37,2010-07-16,37.39,1.882,207.545,7.572,2010,7,28,197,3,-0.4999999999999997,-0.8660254037844388,-0.23931566428755743,-0.9709418174260521
37,2010-07-23,29.81,1.917,210.711,7.355,2010,7,29,204,3,-0.4999999999999997,-0.8660254037844388,-0.3546048870425356,-0.9350162426854148
37,2010-07-30,24.1,1.983,209.988,7.019,2010,7,30,211,3,-0.4999999999999997,-0.8660254037844388,-0.46472317204376806,-0.8854560256532101
37,2010-08-06,29.2,1.234,209.96,6.484,2010,8,31,218,3,-0.8660254037844385,-0.5000000000000004,-0.5680647467311556,-0.8229838658936566
37,2010-08-13,29.36,1.483,209.989,6.892,2010,8,32,225,3,-0.8660254037844385,-0.5000000000000004,-0.663122658240795,-0.7485107481711013
37,2010-08-20,19.39,1.383,207.916,6.867,2010,8,33,232,3,-0.8660254037844385,-0.5000000000000004,-0.7485107481711011,-0.6631226582407952
37,2010-08-27,21.91,1.437,209.493,5.875,2010,8,34,239,3,-0.8660254037844385,-0.5000000000000004,-0.8229838658936564,-0.5680647467311559
37,2010-09-03,22.02,1.455,205.61,5.114,2010,9,35,246,3,-1.0,-1.8369701987210297e-16,-0.8854560256532096,-0.4647231720437691
37,2010-09-10,23.82,1.257,208.73,7.021,2010,9,36,253,3,-1.0,-1.8369701987210297e-16,-0.9350162426854147,-0.3546048870425359
37,2010-09-17,15.72,0.84,210.508,5.249,2010,9,37,260,3,-1.0,-1.8369701987210297e-16,-0.970941817426052,-0.23931566428755774
37,2010-09-24,-1.47,0.713,209.007,6.352,2010,9,38,267,3,-1.0,-1.8369701987210297e-16,-0.992708874098054,-0.12053668025532357
37,2010-10-01,13.29,1.086,210.488,5.816,2010,10,39,274,4,-0.8660254037844386,0.5000000000000001,-1.0,-1.8369701987210297e-16
37,2010-10-08,23.09,1.172,214.413,6.914,2010,10,40,281,4,-0.8660254037844386,0.5000000000000001,-0.992708874098054,0.1205366802553232
37,2010-10-15,16.23,1.007,207.785,5.966,2010,10,41,288,4,-0.8660254037844386,0.5000000000000001,-0.9709418174260521,0.23931566428755738
37,2010-10-22,9.82,1.1,209.263,5.511,2010,10,42,295,4,-0.8660254037844386,0.5000000000000001,-0.9350162426854148,0.35460488704253557
37,2010-10-29,22.55,1.059,209.924,6.222,2010,10,43,302,4,-0.8660254037844386,0.5000000000000001,-0.8854560256532101,0.464723172043768
37,2010-11-05,19.88,1.342,209.12,6.147,2010,11,44,309,4,-0.5000000000000004,0.8660254037844384,-0.822983865893657,0.5680647467311548
37,2010-11-12,29.69,1.066,210.416,6.484,2010,11,45,316,4,-0.5000000000000004,0.8660254037844384,-0.7485107481711011,0.6631226582407952
37,2010-11-19,30.5,1.324,209.377,6.954,2010,11,46,323,4,-0.5000000000000004,0.8660254037844384,-0.6631226582407955,0.7485107481711007
37,2010-11-26,28.47,1.825,211.254,6.842,2010,11,47,330,4,-0.5000000000000004,0.8660254037844384,-0.5680647467311559,0.8229838658936564
37,2010-12-03,32.64,1.757,209.986,7.52,2010,12,48,337,4,-2.4492935982947064e-16,1.0,-0.4647231720437684,0.88545602565321
37,2010-12-10,34.48,2.25,211.741,7.471,2010,12,49,344,4,-2.4492935982947064e-16,1.0,-0.35460488704253595,0.9350162426854147
37,2010-12-17,46.89,1.662,210.484,8.174,2010,12,50,351,4,-2.4492935982947064e-16,1.0,-0.2393156642875578,0.970941817426052
37,2010-12-24,36.05,2.382,211.079,7.869,2010,12,51,358,4,-2.4492935982947064e-16,1.0,-0.12053668025532363,0.992708874098054
37,2010-12-31,46.26,2.216,211.119,8.467,2010,12,52,365,4,-2.4492935982947064e-16,1.0,6.432490598706546e-16,1.0
37,2011-01-07,44.17,2.581,211.94,8.244,2011,1,1,7,1,0.49999999999999994,0.8660254037844387,0.12053668025532305,0.992708874098054
37,2011-01-14,54.61,2.771,215.609,8.452,2011,1,2,14,1,0.49999999999999994,0.8660254037844387,0.23931566428755774,0.970941817426052
37,2011-01-21,65.04,2.912,211.154,8.963,2011,1,3,21,1,0.49999999999999994,0.8660254037844387,0.3546048870425356,0.9350162426854148
37,2011-01-28,61.56,3.383,216.147,8.969,2011,1,4,28,1,0.49999999999999994,0.8660254037844387,0.4647231720437685,0.8854560256532099
37,2011-02-04,63.88,3.11,215.227,8.706,2011,2,5,35,1,0.8660254037844386,0.5000000000000001,0.5680647467311558,0.8229838658936564
37,2011-02-11,57.7,3.595,217.096,10.05,2011,2,6,42,1,0.8660254037844386,0.5000000000000001,0.6631226582407952,0.7485107481711011
37,2011-02-18,63.44,3.565,214.808,10.168,2011,2,7,49,1,0.8660254037844386,0.5000000000000001,0.7485107481711011,0.6631226582407953
37,2011-02-25,68.38,3.703,217.263,10.03,2011,2,8,56,1,0.8660254037844386,0.5000000000000001,0.8229838658936564,0.5680647467311559
37,2011-03-04,74.22,3.386,216.197,10.188,2011,3,9,63,1,1.0,6.123233995736766e-17,0.8854560256532099,0.4647231720437686
37,2011-03-11,72.33,3.606,218.571,9.572,2011,3,10,70,1,1.0,6.123233995736766e-17,0.9350162426854148,0.35460488704253557
37,2011-03-18,65.66,4.167,214.367,9.895,2011,3,11,77,1,1.0,6.123233995736766e-17,0.970941817426052,0.23931566428755804
37,2011-03-25,79.12,4.096,214.985,10.092,2011,3,12,84,1,1.0,6.123233995736766e-17,0.992708874098054,0.120536680255323
37,2011-04-01,71.76,3.783,213.585,8.998,2011,4,13,91,2,0.8660254037844387,-0.4999999999999998,1.0,-1.6081226496766366e-16
37,2011-04-08,87.82,4.354,216.857,10.456,2011,4,14,98,2,0.8660254037844387,-0.4999999999999998,0.992708874098054,-0.12053668025532288
37,2011-04-15,78.13,4.054,215.076,9.965,2011,4,15,105,2,0.8660254037844387,-0.4999999999999998,0.9709418174260521,-0.2393156642875575
37,2011-04-22,70.87,4.029,212.208,10.588,2011,4,16,112,2,0.8660254037844387,-0.4999999999999998,0.9350162426854148,-0.35460488704253545
37,2011-04-29,73.11,4.298,218.587,10.277,2011,4,17,119,2,0.8660254037844387,-0.4999999999999998,0.8854560256532099,-0.4647231720437685
37,2011-05-06,64.33,3.814,217.312,10.119,2011,5,18,126,2,0.49999999999999994,-0.8660254037844387,0.8229838658936565,-0.5680647467311557
37,2011-05-13,61.27,3.674,212.576,9.178,2011,5,19,133,2,0.49999999999999994,-0.8660254037844387,0.7485107481711013,-0.663122658240795
37,2011-05-20,67.97,3.502,219.271,9.49,2011,5,20,140,2,0.49999999999999994,-0.8660254037844387,0.6631226582407952,-0.7485107481711012
37,2011-05-27,70.4,3.423,215.128,8.941,2011,5,21,147,2,0.49999999999999994,-0.8660254037844387,0.5680647467311558,-0.8229838658936564
37,2011-06-03,63.13,2.981,214.448,9.16,2011,6,22,154,2,1.2246467991473532e-16,-1.0,0.46472317204376906,-0.8854560256532096
37,2011-06-10,59.96,3.169,216.684,9.198,2011,6,23,161,2,1.2246467991473532e-16,-1.0,0.35460488704253584,-0.9350162426854147
37,2011-06-17,54.2,2.985,212.38,8.179,2011,6,24,168,2,1.2246467991473532e-16,-1.0,0.23931566428755768,-0.970941817426052
37,2011-06-24,39.47,2.752,215.253,8.366,2011,6,25,175,2,1.2246467991473532e-16,-1.0,0.12053668025532308,-0.992708874098054
37,2011-07-01,55.64,2.445,212.23,7.922,2011,7,26,182,3,-0.4999999999999997,-0.8660254037844388,-3.216245299353273e-16,-1.0
37,2011-07-08,43.68,2.287,215.676,6.909,2011,7,27,189,3,-0.4999999999999997,-0.8660254037844388,-0.12053668025532283,-0.992708874098054
37,2011-07-15,42.15,1.976,213.775,7.455,2011,7,28,196,3,-0.4999999999999997,-0.8660254037844388,-0.23931566428755743,-0.9709418174260521
37,2011-07-22,21.81,1.867,211.823,7.221,2011,7,29,203,3,-0.4999999999999997,-0.8660254037844388,-0.3546048870425356,-0.9350162426854148
37,2011-07-29,30.96,1.717,217.825,7.836,2011,7,30,210,3,-0.4999999999999997,-0.8660254037844388,-0.46472317204376806,-0.8854560256532101
37,2011-08-05,24.73,1.678,213.184,6.733,2011,8,31,217,3,-0.8660254037844385,-0.5000000000000004,-0.5680647467311556,-0.8229838658936566
37,2011-08-12,18.14,1.241,218.31,5.884,2011,8,32,224,3,-0.8660254037844385,-0.5000000000000004,-0.663122658240795,-0.7485107481711013
37,2011-08-19,23.11,1.08,217.318,6.954,2011,8,33,231,3,-0.8660254037844385,-0.5000000000000004,-0.7485107481711011,-0.6631226582407952
37,2011-08-26,13.55,1.537,211.405,6.489,2011,8,34,238,3,-0.8660254037844385,-0.5000000000000004,-0.8229838658936564,-0.5680647467311559
37,2011-09-02,23.03,1.184,213.069,5.644,2011,9,35,245,3,-1.0,-1.8369701987210297e-16,-0.8854560256532096,-0.4647231720437691
37,2011-09-09,12.77,0.968,218.776,6.024,2011,9,36,252,3,-1.0,-1.8369701987210297e-16,-0.9350162426854147,-0.3546048870425359
37,2011-09-16,13.85,1.058,210.565,6.141,2011,9,37,259,3,-1.0,-1.8369701987210297e-16,-0.970941817426052,-0.23931566428755774
37,2011-09-23,20.94,1.099,213.889,6.01,2011,9,38,266,3,-1.0,-1.8369701987210297e-16,-0.992708874098054,-0.12053668025532357
37,2011-09-30,17.45,0.406,215.407,7.167,2011,9,39,273,3,-1.0,-1.8369701987210297e-16,-1.0,-1.8369701987210297e-16
37,2011-10-07,31.95,0.939,213.568,6.327,2011,10,40,280,4,-0.8660254037844386,0.5000000000000001,-0.992708874098054,0.1205366802553232
37,2011-10-14,13.4,1.054,218.317,6.53,2011,10,41,287,4,-0.8660254037844386,0.5000000000000001,-0.9709418174260521,0.23931566428755738
37,2011-10-21,16.39,0.878,211.9,6.531,2011,10,42,294,4,-0.8660254037844386,0.5000000000000001,-0.9350162426854148,0.35460488704253557
37,2011-10-28,24.6,1.165,218.054,7.136,2011,10,43,301,4,-0.8660254037844386,0.5000000000000001,-0.8854560256532101,0.464723172043768
37,2011-11-04,20.39,1.319,213.853,6.177,2011,11,44,308,4,-0.5000000000000004,0.8660254037844384,-0.822983865893657,0.5680647467311548
37,2011-11-11,34.59,1.416,216.331,7.06,2011,11,45,315,4,-0.5000000000000004,0.8660254037844384,-0.7485107481711011,0.6631226582407952
37,2011-11-18,36.65,1.165,212.969,6.802,2011,11,46,322,4,-0.5000000000000004,0.8660254037844384,-0.6631226582407955,0.7485107481711007
37,2011-11-25,32.4,1.644,212.366,6.586,2011,11,47,329,4,-0.5000000000000004,0.8660254037844384,-0.5680647467311559,0.8229838658936564
37,2011-12-02,27.94,1.566,214.33,6.912,2011,12,48,336,4,-2.4492935982947064e-16,1.0,-0.4647231720437684,0.88545602565321
37,2011-12-09,25.67,1.968,212.369,7.089,2011,12,49,343,4,-2.4492935982947064e-16,1.0,-0.35460488704253595,0.9350162426854147
37,2011-12-16,27.32,2.137,216.687,7.339,2011,12,50,350,4,-2.4492935982947064e-16,1.0,-0.2393156642875578,0.970941817426052
37,2011-12-23,38.05,2.215,212.677,6.535,2011,12,51,357,4,-2.4492935982947064e-16,1.0,-0.12053668025532363,0.992708874098054
37,2011-12-30,44.94,2.399,213.529,8.683,2011,12,52,364,4,-2.4492935982947064e-16,1.0,6.432490598706546e-16,1.0
37,2012-01-06,47.05,2.697,221.782,8.215,2012,1,1,6,1,0.49999999999999994,0.8660254037844387,0.12053668025532305,0.992708874098054
37,2012-01-13,53.22,3.064,219.204,8.195,2012,1,2,13,1,0.49999999999999994,0.8660254037844387,0.23931566428755774,0.970941817426052
37,2012-01-20,45.31,2.835,219.638,8.931,2012,1,3,20,1,0.49999999999999994,0.8660254037844387,0.3546048870425356,0.9350162426854148
37,2012-01-27,60.88,3.401,223.329,8.875,2012,1,4,27,1,0.49999999999999994,0.8660254037844387,0.4647231720437685,0.8854560256532099
37,2012-02-03,54.83,3.175,222.294,8.547,2012,2,5,34,1,0.8660254037844386,0.5000000000000001,0.5680647467311558,0.8229838658936564
37,2012-02-10,59.38,3.59,221.375,9.492,2012,2,6,41,1,0.8660254037844386,0.5000000000000001,0.6631226582407952,0.7485107481711011
37,2012-02-17,64.19,3.734,220.18,9.699,2012,2,7,48,1,0.8660254037844386,0.5000000000000001,0.7485107481711011,0.6631226582407953
37,2012-02-24,76.15,3.524,216.702,9.985,2012,2,8,55,1,0.8660254037844386,0.5000000000000001,0.8229838658936564,0.5680647467311559
37,2012-03-02,64.41,3.775,220.913,10.265,2012,3,9,62,1,1.0,6.123233995736766e-17,0.8854560256532099,0.4647231720437686
37,2012-03-09,74.48,3.747,217.176,10.171,2012,3,10,69,1,1.0,6.123233995736766e-17,0.9350162426854148,0.35460488704253557
37,2012-03-16,72.85,3.801,219.379,9.32,2012,3,11,76,1,1.0,6.123233995736766e-17,0.970941817426052,0.23931566428755804
37,2012-03-23,69.28,4.254,219.96,10.258,2012,3,12,83,1,1.0,6.123233995736766e-17,0.992708874098054,0.120536680255323
37,2012-03-30,69.94,4.012,222.624,8.955,2012,3,13,90,1,1.0,6.123233995736766e-17,1.0,-1.6081226496766366e-16
37,2012-04-06,77.79,3.974,220.307,9.374,2012,4,14,97,2,0.8660254037844387,-0.4999999999999998,0.992708874098054,-0.12053668025532288
37,2012-04-13,83.35,3.699,218.194,10.192,2012,4,15,104,2,0.8660254037844387,-0.4999999999999998,0.9709418174260521,-0.2393156642875575
37,2012-04-20,69.94,3.891,220.277,9.54,2012,4,16,111,2,0.8660254037844387,-0.4999999999999998,0.9350162426854148,-0.35460488704253545
37,2012-04-27,71.46,4.15,219.863,9.556,2012,4,17,118,2,0.8660254037844387,-0.4999999999999998,0.8854560256532099,-0.4647231720437685
37,2012-05-04,72.12,3.764,219.463,9.771,2012,5,18,125,2,0.49999999999999994,-0.8660254037844387,0.8229838658936565,-0.5680647467311557
37,2012-05-11,67.96,4.062,221.12,9.164,2012,5,19,132,2,0.49999999999999994,-0.8660254037844387,0.7485107481711013,-0.663122658240795
37,2012-05-18,67.59,3.495,218.036,9.335,2012,5,20,139,2,0.49999999999999994,-0.8660254037844387,0.6631226582407952,-0.7485107481711012
37,2012-05-25,65.74,4.036,220.883,9.235,2012,5,21,146,2,0.49999999999999994,-0.8660254037844387,0.5680647467311558,-0.8229838658936564
37,2012-06-01,49.18,3.208,219.586,8.979,2012,6,22,153,2,1.2246467991473532e-16,-1.0,0.46472317204376906,-0.8854560256532096
37,2012-06-08,56.7,2.765,216.286,9.305,2012,6,23,160,2,1.2246467991473532e-16,-1.0,0.35460488704253584,-0.9350162426854147
37,2012-06-15,54.47,2.771,224.701,9.066,2012,6,24,167,2,1.2246467991473532e-16,-1.0,0.23931566428755768,-0.970941817426052
37,2012-06-22,48.04,2.661,221.143,8.183,2012,6,25,174,2,1.2246467991473532e-16,-1.0,0.12053668025532308,-0.992708874098054
37,2012-06-29,44.89,2.457,216.753,7.986,2012,6,26,181,2,1.2246467991473532e-16,-1.0,-3.216245299353273e-16,-1.0
37,2012-07-06,40.63,2.41,220.624,7.716,2012,7,27,188,3,-0.4999999999999997,-0.8660254037844388,-0.12053668025532283,-0.992708874098054
37,2012-07-13,34.3,2.359,218.908,8.08,2012,7,28,195,3,-0.4999999999999997,-0.8660254037844388,-0.23931566428755743,-0.9709418174260521
37,2012-07-20,26.2,2.017,220.265,7.241,2012,7,29,202,3,-0.4999999999999997,-0.8660254037844388,-0.3546048870425356,-0.9350162426854148
37,2012-07-27,31.64,1.713,220.269,8.023,2012,7,30,209,3,-0.4999999999999997,-0.8660254037844388,-0.46472317204376806,-0.8854560256532101
37,2012-08-03,23.39,1.594,220.245,6.813,2012,8,31,216,3,-0.8660254037844385,-0.5000000000000004,-0.5680647467311556,-0.8229838658936566
37,2012-08-10,34.59,1.518,219.304,7.885,2012,8,32,223,3,-0.8660254037844385,-0.5000000000000004,-0.663122658240795,-0.7485107481711013
37,2012-08-17,21.22,1.233,221.025,6.824,2012,8,33,230,3,-0.8660254037844385,-0.5000000000000004,-0.7485107481711011,-0.6631226582407952
37,2012-08-24,8.07,1.023,216.648,6.063,2012,8,34,237,3,-0.8660254037844385,-0.5000000000000004,-0.8229838658936564,-0.5680647467311559
37,2012-08-31,26.59,1.452,218.674,6.671,2012,8,35,244,3,-0.8660254037844385,-0.5000000000000004,-0.8854560256532096,-0.4647231720437691
37,2012-09-07,9.52,1.395,221.586,5.825,2012,9,36,251,3,-1.0,-1.8369701987210297e-16,-0.9350162426854147,-0.3546048870425359
37,2012-09-14,6.83,1.067,220.327,6.595,2012,9,37,258,3,-1.0,-1.8369701987210297e-16,-0.970941817426052,-0.23931566428755774
37,2012-09-21,14.19,0.98,221.314,6.204,2012,9,38,265,3,-1.0,-1.8369701987210297e-16,-0.992708874098054,-0.12053668025532357
37,2012-09-28,13.37,0.782,219.551,6.32,2012,9,39,272,3,-1.0,-1.8369701987210297e-16,-1.0,-1.8369701987210297e-16
37,2012-10-05,18.34,0.619,218.922,6.144,2012,10,40,279,4,-0.8660254037844386,0.5000000000000001,-0.992708874098054,0.1205366802553232
37,2012-10-12,13.65,0.847,219.637,6.894,2012,10,41,286,4,-0.8660254037844386,0.5000000000000001,-0.9709418174260521,0.23931566428755738
37,2012-10-19,15.02,1.035,223.811,5.788,2012,10,42,293,4,-0.8660254037844386,0.5000000000000001,-0.9350162426854148,0.35460488704253557
37,2012-10-26,18.85,1.437,220.197,6.654,2012,10,43,300,4,-0.8660254037844386,0.5000000000000001,-0.8854560256532101,0.464723172043768
38,2010-02-05,64.89,3.556,209.025,8.892,2010,2,5,36,1,0.8660254037844386,0.5000000000000001,0.5680647467311558,0.8229838658936564
38,2010-02-12,60.43,3.698,210.351,9.961,2010,2,6,43,1,0.8660254037844386,0.5000000000000001,0.6631226582407952,0.7485107481711011
38,2010-02-19,71.82,3.586,207.673,9.214,2010,2,7,50,1,0.8660254037844386,0.5000000000000001,0.7485107481711011,0.6631226582407953
38,2010-02-26,68.75,3.749,211.112,9.83,2010,2,8,57,1,0.8660254037844386,0.5000000000000001,0.8229838658936564,0.5680647467311559
38,2010-03-05,73.0,4.36,210.115,9.574,2010,3,9,64,1,1.0,6.123233995736766e-17,0.8854560256532099,0.4647231720437686
38,2010-03-12,76.73,3.583,211.656,9.469,2010,3,10,71,1,1.0,6.123233995736766e-17,0.9350162426854148,0.35460488704253557
38,2010-03-19,71.49,4.12,206.529,10.332,2010,3,11,78,1,1.0,6.123233995736766e-17,0.970941817426052,0.23931566428755804
38,2010-03-26,83.22,3.739,209.332,10.173,2010,3,12,85,1,1.0,6.123233995736766e-17,0.992708874098054,0.120536680255323
38,2010-04-02,80.11,3.971,210.587,9.836,2010,4,13,92,2,0.8660254037844387,-0.4999999999999998,1.0,-1.6081226496766366e-16
38,2010-04-09,79.05,4.088,211.617,9.324,2010,4,14,99,2,0.8660254037844387,-0.4999999999999998,0.992708874098054,-0.12053668025532288
38,2010-04-16,78.83,4.039,211.255,10.22,2010,4,15,106,2,0.8660254037844387,-0.4999999999999998,0.9709418174260521,-0.2393156642875575
38,2010-04-23,71.59,3.708,209.639,9.223,2010,4,16,113,2,0.8660254037844387,-0.4999999999999998,0.9350162426854148,-0.35460488704253545
38,2010-04-30,70.99,3.541,208.131,9.823,2010,4,17,120,2,0.8660254037844387,-0.4999999999999998,0.8854560256532099,-0.4647231720437685
38,2010-05-07,73.55,3.646,207.717,9.346,2010,5,18,127,2,0.49999999999999994,-0.8660254037844387,0.8229838658936565,-0.5680647467311557
38,2010-05-14,65.63,3.536,211.414,9.683,2010,5,19,134,2,0.49999999999999994,-0.8660254037844387,0.7485107481711013,-0.663122658240795
38,2010-05-21,68.28,3.452,208.717,10.263,2010,5,20,141,2,0.49999999999999994,-0.8660254037844387,0.6631226582407952,-0.7485107481711012
38,2010-05-28,67.39,3.448,211.358,9.296,2010,5,21,148,2,0.49999999999999994,-0.8660254037844387,0.5680647467311558,-0.8229838658936564
38,2010-06-04,55.95,3.258,208.261,9.259,2010,6,22,155,2,1.2246467991473532e-16,-1.0,0.46472317204376906,-0.8854560256532096
38,2010-06-11,50.35,2.897,207.04,8.042,2010,6,23,162,2,1.2246467991473532e-16,-1.0,0.35460488704253584,-0.9350162426854147
38,2010-06-18,52.68,3.259,203.376,8.361,2010,6,24,169,2,1.2246467991473532e-16,-1.0,0.23931566428755768,-0.970941817426052
38,2010-06-25,48.69,2.932,209.87,7.706,2010,6,25,176,2,1.2246467991473532e-16,-1.0,0.12053668025532308,-0.992708874098054
38,2010-07-02,35.56,2.563,208.13,7.921,2010,7,26,183,3,-0.4999999999999997,-0.8660254037844388,-3.216245299353273e-16,-1.0
38,2010-07-09,37.72,2.244,211.232,7.863,2010,7,27,190,3,-0.4999999999999997,-0.8660254037844388,-0.12053668025532283,-0.992708874098054
38,2010-07-16,37.75,1.578,208.708,6.654,2010,7,28,197,3,-0.4999999999999997,-0.8660254037844388,-0.23931566428755743,-0.9709418174260521
38,2010-07-23,31.28,1.887,208.048,7.208,2010,7,29,204,3,-0.4999999999999997,-0.8660254037844388,-0.3546048870425356,-0.9350162426854148
38,2010-07-30,26.25,1.761,210.448,6.876,2010,7,30,211,3,-0.4999999999999997,-0.8660254037844388,-0.46472317204376806,-0.8854560256532101
38,2010-08-06,25.61,1.028,208.432,6.5,2010,8,31,218,3,-0.8660254037844385,-0.5000000000000004,-0.5680647467311556,-0.8229838658936566
38,2010-08-13,24.48,1.799,206.879,6.353,2010,8,32,225,3,-0.8660254037844385,-0.5000000000000004,-0.663122658240795,-0.7485107481711013
38,2010-08-20,25.94,1.468,209.178,6.519,2010,8,33,232,3,-0.8660254037844385,-0.5000000000000004,-0.7485107481711011,-0.6631226582407952
38,2010-08-27,22.38,1.175,213.603,6.155,2010,8,34,239,3,-0.8660254037844385,-0.5000000000000004,-0.8229838658936564,-0.5680647467311559
38,2010-09-03,20.99,1.325,209.721,6.369,2010,9,35,246,3,-1.0,-1.8369701987210297e-16,-0.8854560256532096,-0.4647231720437691
38,2010-09-10,18.56,1.551,207.947,6.188,2010,9,36,253,3,-1.0,-1.8369701987210297e-16,-0.9350162426854147,-0.3546048870425359
38,2010-09-17,11.28,1.221,211.131,6.331,2010,9,37,260,3,-1.0,-1.8369701987210297e-16,-0.970941817426052,-0.23931566428755774
38,2010-09-24,13.69,1.25,210.891,6.861,2010,9,38,267,3,-1.0,-1.8369701987210297e-16,-0.992708874098054,-0.12053668025532357
38,2010-10-01,18.81,1.165,209.007,5.671,2010,10,39,274,4,-0.8660254037844386,0.5000000000000001,-1.0,-1.8369701987210297e-16
38,2010-10-08,12.15,1.128,206.661,5.799,2010,10,40,281,4,-0.8660254037844386,0.5000000000000001,-0.992708874098054,0.1205366802553232
38,2010-10-15,22.58,1.042,211.692,5.477,2010,10,41,288,4,-0.8660254037844386,0.5000000000000001,-0.9709418174260521,0.23931566428755738
38,2010-10-22,21.47,1.291,211.772,6.086,2010,10,42,295,4,-0.8660254037844386,0.5000000000000001,-0.9350162426854148,0.35460488704253557
38,2010-10-29,12.12,1.246,208.439,5.741,2010,10,43,302,4,-0.8660254037844386,0.5000000000000001,-0.8854560256532101,0.464723172043768
38,2010-11-05,22.21,1.553,209.507,5.607,2010,11,44,309,4,-0.5000000000000004,0.8660254037844384,-0.822983865893657,0.5680647467311548
38,2010-11-12,19.53,0.995,210.588,6.904,2010,11,45,316,4,-0.5000000000000004,0.8660254037844384,-0.7485107481711011,0.6631226582407952
38,2010-11-19,15.75,1.519,208.047,7.225,2010,11,46,323,4,-0.5000000000000004,0.8660254037844384,-0.6631226582407955,0.7485107481711007
38,2010-11-26,27.34,1.842,209.384,5.96,2010,11,47,330,4,-0.5000000000000004,0.8660254037844384,-0.5680647467311559,0.8229838658936564
38,2010-12-03,32.18,1.762,209.275,7.603,2010,12,48,337,4,-2.4492935982947064e-16,1.0,-0.4647231720437684,0.88545602565321
38,2010-12-10,33.62,2.292,209.075,6.974,2010,12,49,344,4,-2.4492935982947064e-16,1.0,-0.35460488704253595,0.9350162426854147
38,2010-12-17,39.32,2.09,210.906,7.192,2010,12,50,351,4,-2.4492935982947064e-16,1.0,-0.2393156642875578,0.970941817426052
38,2010-12-24,40.69,2.551,214.003,7.6,2010,12,51,358,4,-2.4492935982947064e-16,1.0,-0.12053668025532363,0.992708874098054
38,2010-12-31,42.96,2.961,208.897,8.539,2010,12,52,365,4,-2.4492935982947064e-16,1.0,6.432490598706546e-16,1.0
38,2011-01-07,57.83,2.851,213.64,8.094,2011,1,1,7,1,0.49999999999999994,0.8660254037844387,0.12053668025532305,0.992708874098054
38,2011-01-14,60.62,2.731,214.572,7.794,2011,1,2,14,1,0.49999999999999994,0.8660254037844387,0.23931566428755774,0.970941817426052
38,2011-01-21,53.2,2.96,213.072,8.364,2011,1,3,21,1,0.49999999999999994,0.8660254037844387,0.3546048870425356,0.9350162426854148
38,2011-01-28,54.53,2.959,216.636,8.674,2011,1,4,28,1,0.49999999999999994,0.8660254037844387,0.4647231720437685,0.8854560256532099
38,2011-02-04,56.01,3.35,214.373,8.572,2011,2,5,35,1,0.8660254037844386,0.5000000000000001,0.5680647467311558,0.8229838658936564
38,2011-02-11,70.04,3.38,212.459,9.354,2011,2,6,42,1,0.8660254037844386,0.5000000000000001,0.6631226582407952,0.7485107481711011
38,2011-02-18,73.79,3.759,212.258,9.493,2011,2,7,49,1,0.8660254037844386,0.5000000000000001,0.7485107481711011,0.6631226582407953
38,2011-02-25,67.18,3.951,215.093,9.278,2011,2,8,56,1,0.8660254037844386,0.5000000000000001,0.8229838658936564,0.5680647467311559
38,2011-03-04,66.07,4.13,215.986,9.617,2011,3,9,63,1,1.0,6.123233995736766e-17,0.8854560256532099,0.4647231720437686
38,2011-03-11,63.7,3.728,211.714,9.417,2011,3,10,70,1,1.0,6.123233995736766e-17,0.9350162426854148,0.35460488704253557
38,2011-03-18,71.65,4.291,216.59,8.983,2011,3,11,77,1,1.0,6.123233995736766e-17,0.970941817426052,0.23931566428755804
38,2011-03-25,75.15,4.076,215.732,9.285,2011,3,12,84,1,1.0,6.123233995736766e-17,0.992708874098054,0.120536680255323
38,2011-04-01,68.35,3.79,214.163,9.822,2011,4,13,91,2,0.8660254037844387,-0.4999999999999998,1.0,-1.6081226496766366e-16
38,2011-04-08,75.25,3.998,219.191,9.669,2011,4,14,98,2,0.8660254037844387,-0.4999999999999998,0.992708874098054,-0.12053668025532288
38,2011-04-15,75.12,4.082,214.392,8.843,2011,4,15,105,2,0.8660254037844387,-0.4999999999999998,0.9709418174260521,-0.2393156642875575
38,2011-04-22,75.23,3.802,215.433,9.494,2011,4,16,112,2,0.8660254037844387,-0.4999999999999998,0.9350162426854148,-0.35460488704253545
38,2011-04-29,64.04,3.916,214.854,10.209,2011,4,17,119,2,0.8660254037844387,-0.4999999999999998,0.8854560256532099,-0.4647231720437685
38,2011-05-06,69.72,3.488,213.316,8.823,2011,5,18,126,2,0.49999999999999994,-0.8660254037844387,0.8229838658936565,-0.5680647467311557
38,2011-05-13,71.93,3.835,215.012,8.968,2011,5,19,133,2,0.49999999999999994,-0.8660254037844387,0.7485107481711013,-0.663122658240795
38,2011-05-20,65.69,3.511,213.621,8.87,2011,5,20,140,2,0.49999999999999994,-0.8660254037844387,0.6631226582407952,-0.7485107481711012
38,2011-05-27,59.92,3.306,214.754,9.343,2011,5,21,147,2,0.49999999999999994,-0.8660254037844387,0.5680647467311558,-0.8229838658936564
38,2011-06-03,58.45,3.369,215.28,8.132,2011,6,22,154,2,1.2246467991473532e-16,-1.0,0.46472317204376906,-0.8854560256532096
38,2011-06-10,54.23,3.3,213.29,9.319,2011,6,23,161,2,1.2246467991473532e-16,-1.0,0.35460488704253584,-0.9350162426854147
38,2011-06-17,53.12,3.088,217.775,8.866,2011,6,24,168,2,1.2246467991473532e-16,-1.0,0.23931566428755768,-0.970941817426052
38,2011-06-24,56.68,2.896,212.03,8.242,2011,6,25,175,2,1.2246467991473532e-16,-1.0,0.12053668025532308,-0.992708874098054
38,2011-07-01,35.16,2.52,215.951,8.555,2011,7,26,182,3,-0.4999999999999997,-0.8660254037844388,-3.216245299353273e-16,-1.0
38,2011-07-08,45.64,2.33,215.625,7.855,2011,7,27,189,3,-0.4999999999999997,-0.8660254037844388,-0.12053668025532283,-0.992708874098054
38,2011-07-15,33.42,1.97,214.783,7.521,2011,7,28,196,3,-0.4999999999999997,-0.8660254037844388,-0.23931566428755743,-0.9709418174260521
38,2011-07-22,32.57,1.949,212.009,7.371,2011,7,29,203,3,-0.4999999999999997,-0.8660254037844388,-0.3546048870425356,-0.9350162426854148
38,2011-07-29,31.94,1.515,212.352,7.351,2011,7,30,210,3,-0.4999999999999997,-0.8660254037844388,-0.46472317204376806,-0.8854560256532101
38,2011-08-05,27.73,2.134,217.318,7.269,2011,8,31,217,3,-0.8660254037844385,-0.5000000000000004,-0.5680647467311556,-0.8229838658936566
38,2011-08-12,26.75,1.628,213.0,5.9,2011,8,32,224,3,-0.8660254037844385,-0.5000000000000004,-0.663122658240795,-0.7485107481711013
38,2011-08-19,35.03,1.376,213.859,6.259,2011,8,33,231,3,-0.8660254037844385,-0.5000000000000004,-0.7485107481711011,-0.6631226582407952
38,2011-08-26,24.58,1.146,212.052,7.461,2011,8,34,238,3,-0.8660254037844385,-0.5000000000000004,-0.8229838658936564,-0.5680647467311559
38,2011-09-02,18.49,1.168,214.539,6.181,2011,9,35,245,3,-1.0,-1.8369701987210297e-16,-0.8854560256532096,-0.4647231720437691
38,2011-09-09,15.05,0.72,212.636,6.174,2011,9,36,252,3,-1.0,-1.8369701987210297e-16,-0.9350162426854147,-0.3546048870425359
38,2011-09-16,13.95,0.714,211.218,6.24,2011,9,37,259,3,-1.0,-1.8369701987210297e-16,-0.970941817426052,-0.23931566428755774
38,2011-09-23,26.17,1.135,215.741,5.248,2011,9,38,266,3,-1.0,-1.8369701987210297e-16,-0.992708874098054,-0.12053668025532357
38,2011-09-30,9.02,0.979,217.198,6.575,2011,9,39,273,3,-1.0,-1.8369701987210297e-16,-1.0,-1.8369701987210297e-16
38,2011-10-07,10.72,1.18,216.252,6.283,2011,10,40,280,4,-0.8660254037844386,0.5000000000000001,-0.992708874098054,0.1205366802553232
38,2011-10-14,22.49,1.422,217.688,6.288,2011,10,41,287,4,-0.8660254037844386,0.5000000000000001,-0.9709418174260521,0.23931566428755738
38,2011-10-21,19.23,1.126,216.839,6.24,2011,10,42,294,4,-0.8660254037844386,0.5000000000000001,-0.9350162426854148,0.35460488704253557
38,2011-10-28,21.8,1.183,216.55,6.32,2011,10,43,301,4,-0.8660254037844386,0.5000000000000001,-0.8854560256532101,0.464723172043768
38,2011-11-04,14.96,1.145,214.332,5.453,2011,11,44,308,4,-0.5000000000000004,0.8660254037844384,-0.822983865893657,0.5680647467311548
38,2011-11-11,27.4,1.135,214.553,6.731,2011,11,45,315,4,-0.5000000000000004,0.8660254037844384,-0.7485107481711011,0.6631226582407952
38,2011-11-18,24.97,1.435,214.915,6.753,2011,11,46,322,4,-0.5000000000000004,0.8660254037844384,-0.6631226582407955,0.7485107481711007
38,2011-11-25,23.3,1.527,216.566,7.109,2011,11,47,329,4,-0.5000000000000004,0.8660254037844384,-0.5680647467311559,0.8229838658936564
38,2011-12-02,25.99,1.609,216.607,7.244,2011,12,48,336,4,-2.4492935982947064e-16,1.0,-0.4647231720437684,0.88545602565321
38,2011-12-09,27.15,1.936,213.928,7.911,2011,12,49,343,4,-2.4492935982947064e-16,1.0,-0.35460488704253595,0.9350162426854147
38,2011-12-16,34.24,2.367,213.93,7.729,2011,12,50,350,4,-2.4492935982947064e-16,1.0,-0.2393156642875578,0.970941817426052
38,2011-12-23,44.68,2.246,212.381,7.659,2011,12,51,357,4,-2.4492935982947064e-16,1.0,-0.12053668025532363,0.992708874098054
38,2011-12-30,45.49,2.524,215.026,7.828,2011,12,52,364,4,-2.4492935982947064e-16,1.0,6.432490598706546e-16,1.0
38,2012-01-06,45.71,2.398,216.819,8.205,2012,1,1,6,1,0.49999999999999994,0.8660254037844387,0.12053668025532305,0.992708874098054
38,2012-01-13,46.49,2.459,217.193,9.38,2012,1,2,13,1,0.49999999999999994,0.8660254037844387,0.23931566428755774,0.970941817426052
38,2012-01-20,59.84,2.738,222.321,8.345,2012,1,3,20,1,0.49999999999999994,0.8660254037844387,0.3546048870425356,0.9350162426854148
38,2012-01-27,55.59,2.744,220.911,8.201,2012,1,4,27,1,0.49999999999999994,0.8660254037844387,0.4647231720437685,0.8854560256532099
38,2012-02-03,60.27,3.25,219.113,10.034,2012,2,5,34,1,0.8660254037844386,0.5000000000000001,0.5680647467311558,0.8229838658936564
38,2012-02-10,72.22,3.449,223.193,9.013,2012,2,6,41,1,0.8660254037844386,0.5000000000000001,0.6631226582407952,0.7485107481711011
38,2012-02-17,64.74,3.658,220.535,10.22,2012,2,7,48,1,0.8660254037844386,0.5000000000000001,0.7485107481711011,0.6631226582407953
38,2012-02-24,67.45,3.866,220.03,9.885,2012,2,8,55,1,0.8660254037844386,0.5000000000000001,0.8229838658936564,0.5680647467311559
38,2012-03-02,76.2,3.899,220.163,9.951,2012,3,9,62,1,1.0,6.123233995736766e-17,0.8854560256532099,0.4647231720437686
38,2012-03-09,70.37,3.927,219.734,9.89,2012,3,10,69,1,1.0,6.123233995736766e-17,0.9350162426854148,0.35460488704253557
38,2012-03-16,79.01,3.801,217.684,9.905,2012,3,11,76,1,1.0,6.123233995736766e-17,0.970941817426052,0.23931566428755804
38,2012-03-23,72.76,3.682,218.131,9.88,2012,3,12,83,1,1.0,6.123233995736766e-17,0.992708874098054,0.120536680255323
38,2012-03-30,77.38,4.107,220.733,9.872,2012,3,13,90,1,1.0,6.123233995736766e-17,1.0,-1.6081226496766366e-16
38,2012-04-06,77.74,3.99,219.474,10.009,2012,4,14,97,2,0.8660254037844387,-0.4999999999999998,0.992708874098054,-0.12053668025532288
38,2012-04-13,82.79,4.228,218.037,9.178,2012,4,15,104,2,0.8660254037844387,-0.4999999999999998,0.9709418174260521,-0.2393156642875575
38,2012-04-20,77.15,3.671,220.368,9.855,2012,4,16,111,2,0.8660254037844387,-0.4999999999999998,0.9350162426854148,-0.35460488704253545
38,2012-04-27,71.46,3.702,219.025,9.936,2012,4,17,118,2,0.8660254037844387,-0.4999999999999998,0.8854560256532099,-0.4647231720437685
38,2012-05-04,75.84,3.689,220.165,9.749,2012,5,18,125,2,0.49999999999999994,-0.8660254037844387,0.8229838658936565,-0.5680647467311557
38,2012-05-11,67.93,3.398,221.805,10.759,2012,5,19,132,2,0.49999999999999994,-0.8660254037844387,0.7485107481711013,-0.663122658240795
38,2012-05-18,60.57,3.418,218.988,9.034,2012,5,20,139,2,0.49999999999999994,-0.8660254037844387,0.6631226582407952,-0.7485107481711012
38,2012-05-25,63.63,3.32,220.799,8.929,2012,5,21,146,2,0.49999999999999994,-0.8660254037844387,0.5680647467311558,-0.8229838658936564
38,2012-06-01,62.28,2.744,218.452,9.288,2012,6,22,153,2,1.2246467991473532e-16,-1.0,0.46472317204376906,-0.8854560256532096
38,2012-06-08,50.54,3.289,219.159,8.961,2012,6,23,160,2,1.2246467991473532e-16,-1.0,0.35460488704253584,-0.9350162426854147
38,2012-06-15,50.92,3.019,220.172,8.572,2012,6,24,167,2,1.2246467991473532e-16,-1.0,0.23931566428755768,-0.970941817426052
38,2012-06-22,45.35,2.585,222.366,7.565,2012,6,25,174,2,1.2246467991473532e-16,-1.0,0.12053668025532308,-0.992708874098054
38,2012-06-29,51.05,2.352,221.275,7.971,2012,6,26,181,2,1.2246467991473532e-16,-1.0,-3.216245299353273e-16,-1.0
38,2012-07-06,44.7,2.682,219.278,8.036,2012,7,27,188,3,-0.4999999999999997,-0.8660254037844388,-0.12053668025532283,-0.992708874098054
38,2012-07-13,36.04,2.132,219.178,7.801,2012,7,28,195,3,-0.4999999999999997,-0.8660254037844388,-0.23931566428755743,-0.9709418174260521
38,2012-07-20,33.77,1.876,221.08,6.728,2012,7,29,202,3,-0.4999999999999997,-0.8660254037844388,-0.3546048870425356,-0.9350162426854148
38,2012-07-27,31.33,1.988,222.064,6.281,2012,7,30,209,3,-0.4999999999999997,-0.8660254037844388,-0.46472317204376806,-0.8854560256532101
38,2012-08-03,24.64,1.354,219.771,7.679,2012,8,31,216,3,-0.8660254037844385,-0.5000000000000004,-0.5680647467311556,-0.8229838658936566
38,2012-08-10,24.78,2.157,217.544,6.922,2012,8,32,223,3,-0.8660254037844385,-0.5000000000000004,-0.663122658240795,-0.7485107481711013
38,2012-08-17,26.84,1.196,219.527,6.144,2012,8,33,230,3,-0.8660254037844385,-0.5000000000000004,-0.7485107481711011,-0.6631226582407952
38,2012-08-24,23.82,1.069,222.118,6.459,2012,8,34,237,3,-0.8660254037844385,-0.5000000000000004,-0.8229838658936564,-0.5680647467311559
38,2012-08-31,25.86,1.302,217.525,6.497,2012,8,35,244,3,-0.8660254037844385,-0.5000000000000004,-0.8854560256532096,-0.4647231720437691
38,2012-09-07,13.83,0.933,217.327,6.704,2012,9,36,251,3,-1.0,-1.8369701987210297e-16,-0.9350162426854147,-0.3546048870425359
38,2012-09-14,14.09,0.927,220.056,5.797,2012,9,37,258,3,-1.0,-1.8369701987210297e-16,-0.970941817426052,-0.23931566428755774
38,2012-09-21,19.88,1.018,219.516,6.404,2012,9,38,265,3,-1.0,-1.8369701987210297e-16,-0.992708874098054,-0.12053668025532357
38,2012-09-28,17.06,1.083,219.459,6.818,2012,9,39,272,3,-1.0,-1.8369701987210297e-16,-1.0,-1.8369701987210297e-16
38,2012-10-05,17.46,1.477,221.542,5.992,2012,10,40,279,4,-0.8660254037844386,0.5000000000000001,-0.992708874098054,0.1205366802553232
38,2012-10-12,14.72,0.625,218.826,5.894,2012,10,41,286,4,-0.8660254037844386,0.5000000000000001,-0.9709418174260521,0.23931566428755738
38,2012-10-19,16.67,0.982,222.649,6.425,2012,10,42,293,4,-0.8660254037844386,0.5000000000000001,-0.9350162426854148,0.35460488704253557
38,2012-10-26,18.5,1.211,219.326,6.498,2012,10,43,300,4,-0.8660254037844386,0.5000000000000001,-0.8854560256532101,0.464723172043768
39,2010-02-05,58.36,3.296,210.224,9.422,2010,2,5,36,1,0.8660254037844386,0.5000000000000001,0.5680647467311558,0.8229838658936564
39,2010-02-12,65.8,3.597,207.799,9.737,2010,2,6,43,1,0.8660254037844386,0.5000000000000001,0.6631226582407952,0.7485107481711011
39,2010-02-19,68.7,3.553,208.637,8.35,2010,2,7,50,1,0.8660254037844386,0.5000000000000001,0.7485107481711011,0.6631226582407953
39,2010-02-26,67.04,3.677,212.372,10.656,2010,2,8,57,1,0.8660254037844386,0.5000000000000001,0.8229838658936564,0.5680647467311559
39,2010-03-05,70.78,3.674,209.837,9.381,2010,3,9,64,1,1.0,6.123233995736766e-17,0.8854560256532099,0.4647231720437686
39,2010-03-12,65.64,3.673,207.667,10.483,2010,3,10,71,1,1.0,6.123233995736766e-17,0.9350162426854148,0.35460488704253557
39,2010-03-19,70.6,3.907,211.77,9.835,2010,3,11,78,1,1.0,6.123233995736766e-17,0.970941817426052,0.23931566428755804
39,2010-03-26,70.43,3.852,209.791,9.848,2010,3,12,85,1,1.0,6.123233995736766e-17,0.992708874098054,0.120536680255323
39,2010-04-02,72.13,3.987,209.934,10.866,2010,4,13,92,2,0.8660254037844387,-0.4999999999999998,1.0,-1.6081226496766366e-16
39,2010-04-09,72.37,3.988,210.311,10.965,2010,4,14,99,2,0.8660254037844387,-0.4999999999999998,0.992708874098054,-0.12053668025532288
39,2010-04-16,64.25,4.034,209.295,10.123,2010,4,15,106,2,0.8660254037844387,-0.4999999999999998,0.9709418174260521,-0.2393156642875575
39,2010-04-23,73.65,3.628,207.905,9.818,2010,4,16,113,2,0.8660254037844387,-0.4999999999999998,0.9350162426854148,-0.35460488704253545
39,2010-04-30,61.49,3.81,206.828,9.598,2010,4,17,120,2,0.8660254037844387,-0.4999999999999998,0.8854560256532099,-0.4647231720437685
39,2010-05-07,74.42,3.472,207.213,9.828,2010,5,18,127,2,0.49999999999999994,-0.8660254037844387,0.8229838658936565,-0.5680647467311557
39,2010-05-14,66.88,3.538,208.764,8.961,2010,5,19,134,2,0.49999999999999994,-0.8660254037844387,0.7485107481711013,-0.663122658240795
39,2010-05-21,64.13,3.42,209.041,9.533,2010,5,20,141,2,0.49999999999999994,-0.8660254037844387,0.6631226582407952,-0.7485107481711012
39,2010-05-28,57.43,3.16,212.659,9.425,2010,5,21,148,2,0.49999999999999994,-0.8660254037844387,0.5680647467311558,-0.8229838658936564
39,2010-06-04,58.31,3.155,211.599,8.549,2010,6,22,155,2,1.2246467991473532e-16,-1.0,0.46472317204376906,-0.8854560256532096
39,2010-06-11,54.92,2.848,212.379,8.737,2010,6,23,162,2,1.2246467991473532e-16,-1.0,0.35460488704253584,-0.9350162426854147
39,2010-06-18,42.39,2.564,211.216,8.647,2010,6,24,169,2,1.2246467991473532e-16,-1.0,0.23931566428755768,-0.970941817426052
39,2010-06-25,45.05,2.857,213.23,7.918,2010,6,25,176,2,1.2246467991473532e-16,-1.0,0.12053668025532308,-0.992708874098054
39,2010-07-02,42.14,3.036,210.157,7.805,2010,7,26,183,3,-0.4999999999999997,-0.8660254037844388,-3.216245299353273e-16,-1.0
39,2010-07-09,41.58,2.288,212.813,8.256,2010,7,27,190,3,-0.4999999999999997,-0.8660254037844388,-0.12053668025532283,-0.992708874098054
39,2010-07-16,39.83,1.927,212.818,7.081,2010,7,28,197,3,-0.4999999999999997,-0.8660254037844388,-0.23931566428755743,-0.9709418174260521
39,2010-07-23,42.15,2.034,211.436,7.205,2010,7,29,204,3,-0.4999999999999997,-0.8660254037844388,-0.3546048870425356,-0.9350162426854148
39,2010-07-30,41.18,1.901,213.516,7.682,2010,7,30,211,3,-0.4999999999999997,-0.8660254037844388,-0.46472317204376806,-0.8854560256532101
39,2010-08-06,27.04,1.907,213.7,6.973,2010,8,31,218,3,-0.8660254037844385,-0.5000000000000004,-0.5680647467311556,-0.8229838658936566
39,2010-08-13,23.77,1.743,213.214,7.438,2010,8,32,225,3,-0.8660254037844385,-0.5000000000000004,-0.663122658240795,-0.7485107481711013
39,2010-08-20,21.22,1.055,210.247,6.321,2010,8,33,232,3,-0.8660254037844385,-0.5000000000000004,-0.7485107481711011,-0.6631226582407952
39,2010-08-27,20.08,1.229,210.57,6.005,2010,8,34,239,3,-0.8660254037844385,-0.5000000000000004,-0.8229838658936564,-0.5680647467311559
39,2010-09-03,19.01,1.538,211.29,6.124,2010,9,35,246,3,-1.0,-1.8369701987210297e-16,-0.8854560256532096,-0.4647231720437691
39,2010-09-10,21.63,1.046,206.674,5.617,2010,9,36,253,3,-1.0,-1.8369701987210297e-16,-0.9350162426854147,-0.3546048870425359
39,2010-09-17,19.61,0.841,209.972,6.653,2010,9,37,260,3,-1.0,-1.8369701987210297e-16,-0.970941817426052,-0.23931566428755774
39,2010-09-24,19.57,1.013,209.433,6.999,2010,9,38,267,3,-1.0,-1.8369701987210297e-16,-0.992708874098054,-0.12053668025532357
39,2010-10-01,13.79,1.046,211.029,5.945,2010,10,39,274,4,-0.8660254037844386,0.5000000000000001,-1.0,-1.8369701987210297e-16
39,2010-10-08,20.77,1.234,207.857,5.396,2010,10,40,281,4,-0.8660254037844386,0.5000000000000001,-0.992708874098054,0.1205366802553232
39,2010-10-15,13.37,1.364,209.432,5.248,2010,10,41,288,4,-0.8660254037844386,0.5000000000000001,-0.9709418174260521,0.23931566428755738
39,2010-10-22,23.33,0.964,208.775,6.518,2010,10,42,295,4,-0.8660254037844386,0.5000000000000001,-0.9350162426854148,0.35460488704253557
39,2010-10-29,12.5,1.036,207.987,7.839,2010,10,43,302,4,-0.8660254037844386,0.5000000000000001,-0.8854560256532101,0.464723172043768
39,2010-11-05,22.23,1.512,210.915,6.906,2010,11,44,309,4,-0.5000000000000004,0.8660254037844384,-0.822983865893657,0.5680647467311548
39,2010-11-12,27.78,1.153,209.863,7.185,2010,11,45,316,4,-0.5000000000000004,0.8660254037844384,-0.7485107481711011,0.6631226582407952
39,2010-11-19,29.02,1.568,210.188,6.902,2010,11,46,323,4,-0.5000000000000004,0.8660254037844384,-0.6631226582407955,0.7485107481711007
39,2010-11-26,25.31,1.525,210.16,6.661,2010,11,47,330,4,-0.5000000000000004,0.8660254037844384,-0.5680647467311559,0.8229838658936564
39,2010-12-03,34.87,2.129,207.824,5.899,2010,12,48,337,4,-2.4492935982947064e-16,1.0,-0.4647231720437684,0.88545602565321
39,2010-12-10,34.89,2.007,210.022,6.814,2010,12,49,344,4,-2.4492935982947064e-16,1.0,-0.35460488704253595,0.9350162426854147
39,2010-12-17,48.2,2.54,207.486,7.145,2010,12,50,351,4,-2.4492935982947064e-16,1.0,-0.2393156642875578,0.970941817426052
39,2010-12-24,30.62,2.419,208.185,7.831,2010,12,51,358,4,-2.4492935982947064e-16,1.0,-0.12053668025532363,0.992708874098054
39,2010-12-31,48.83,2.376,208.431,8.212,2010,12,52,365,4,-2.4492935982947064e-16,1.0,6.432490598706546e-16,1.0
39,2011-01-07,46.1,2.707,215.048,8.584,2011,1,1,7,1,0.49999999999999994,0.8660254037844387,0.12053668025532305,0.992708874098054
39,2011-01-14,57.44,2.93,214.777,8.775,2011,1,2,14,1,0.49999999999999994,0.8660254037844387,0.23931566428755774,0.970941817426052
39,2011-01-21,54.58,2.96,216.023,7.953,2011,1,3,21,1,0.49999999999999994,0.8660254037844387,0.3546048870425356,0.9350162426854148
39,2011-01-28,64.06,3.127,215.766,9.393,2011,1,4,28,1,0.49999999999999994,0.8660254037844387,0.4647231720437685,0.8854560256532099
39,2011-02-04,56.37,3.306,214.496,8.448,2011,2,5,35,1,0.8660254037844386,0.5000000000000001,0.5680647467311558,0.8229838658936564
39,2011-02-11,60.46,3.353,212.352,8.948,2011,2,6,42,1,0.8660254037844386,0.5000000000000001,0.6631226582407952,0.7485107481711011
39,2011-02-18,70.46,3.388,217.705,8.703,2011,2,7,49,1,0.8660254037844386,0.5000000000000001,0.7485107481711011,0.6631226582407953
39,2011-02-25,72.95,3.675,209.751,9.626,2011,2,8,56,1,0.8660254037844386,0.5000000000000001,0.8229838658936564,0.5680647467311559
39,2011-03-04,70.69,3.487,214.188,10.008,2011,3,9,63,1,1.0,6.123233995736766e-17,0.8854560256532099,0.4647231720437686
39,2011-03-11,68.91,3.662,215.089,10.202,2011,3,10,70,1,1.0,6.123233995736766e-17,0.9350162426854148,0.35460488704253557
39,2011-03-18,70.9,3.831,218.469,9.221,2011,3,11,77,1,1.0,6.123233995736766e-17,0.970941817426052,0.23931566428755804
39,2011-03-25,74.54,3.843,218.802,10.958,2011,3,12,84,1,1.0,6.123233995736766e-17,0.992708874098054,0.120536680255323
39,2011-04-01,67.23,4.124,218.184,10.872,2011,4,13,91,2,0.8660254037844387,-0.4999999999999998,1.0,-1.6081226496766366e-16
39,2011-04-08,74.44,3.97,215.268,10.935,2011,4,14,98,2,0.8660254037844387,-0.4999999999999998,0.992708874098054,-0.12053668025532288
39,2011-04-15,70.13,4.126,215.197,9.259,2011,4,15,105,2,0.8660254037844387,-0.4999999999999998,0.9709418174260521,-0.2393156642875575
39,2011-04-22,76.07,3.885,215.352,9.235,2011,4,16,112,2,0.8660254037844387,-0.4999999999999998,0.9350162426854148,-0.35460488704253545
39,2011-04-29,67.18,3.476,217.713,10.16,2011,4,17,119,2,0.8660254037844387,-0.4999999999999998,0.8854560256532099,-0.4647231720437685
39,2011-05-06,65.71,3.398,214.451,10.011,2011,5,18,126,2,0.49999999999999994,-0.8660254037844387,0.8229838658936565,-0.5680647467311557
39,2011-05-13,64.62,3.402,218.584,9.755,2011,5,19,133,2,0.49999999999999994,-0.8660254037844387,0.7485107481711013,-0.663122658240795
39,2011-05-20,72.58,3.584,213.803,9.872,2011,5,20,140,2,0.49999999999999994,-0.8660254037844387,0.6631226582407952,-0.7485107481711012
39,2011-05-27,63.75,3.603,213.399,9.397,2011,5,21,147,2,0.49999999999999994,-0.8660254037844387,0.5680647467311558,-0.8229838658936564
39,2011-06-03,62.12,3.339,210.653,8.659,2011,6,22,154,2,1.2246467991473532e-16,-1.0,0.46472317204376906,-0.8854560256532096
39,2011-06-10,51.84,3.11,212.308,9.39,2011,6,23,161,2,1.2246467991473532e-16,-1.0,0.35460488704253584,-0.9350162426854147
39,2011-06-17,41.87,2.511,214.667,9.171,2011,6,24,168,2,1.2246467991473532e-16,-1.0,0.23931566428755768,-0.970941817426052
39,2011-06-24,49.23,2.655,209.238,9.236,2011,6,25,175,2,1.2246467991473532e-16,-1.0,0.12053668025532308,-0.992708874098054
39,2011-07-01,53.46,2.537,215.649,8.663,2011,7,26,182,3,-0.4999999999999997,-0.8660254037844388,-3.216245299353273e-16,-1.0
39,2011-07-08,43.65,2.316,214.042,7.739,2011,7,27,189,3,-0.4999999999999997,-0.8660254037844388,-0.12053668025532283,-0.992708874098054
39,2011-07-15,34.92,2.219,213.276,7.683,2011,7,28,196,3,-0.4999999999999997,-0.8660254037844388,-0.23931566428755743,-0.9709418174260521
39,2011-07-22,36.2,1.99,213.613,7.345,2011,7,29,203,3,-0.4999999999999997,-0.8660254037844388,-0.3546048870425356,-0.9350162426854148
39,2011-07-29,27.43,1.8,214.817,7.052,2011,7,30,210,3,-0.4999999999999997,-0.8660254037844388,-0.46472317204376806,-0.8854560256532101
39,2011-08-05,28.44,1.657,211.67,6.836,2011,8,31,217,3,-0.8660254037844385,-0.5000000000000004,-0.5680647467311556,-0.8229838658936566
39,2011-08-12,24.31,1.693,215.288,5.582,2011,8,32,224,3,-0.8660254037844385,-0.5000000000000004,-0.663122658240795,-0.7485107481711013
39,2011-08-19,23.7,1.218,219.401,6.672,2011,8,33,231,3,-0.8660254037844385,-0.5000000000000004,-0.7485107481711011,-0.6631226582407952
39,2011-08-26,23.41,1.487,217.768,6.994,2011,8,34,238,3,-0.8660254037844385,-0.5000000000000004,-0.8229838658936564,-0.5680647467311559
39,2011-09-02,21.14,1.018,214.123,5.901,2011,9,35,245,3,-1.0,-1.8369701987210297e-16,-0.8854560256532096,-0.4647231720437691
39,2011-09-09,19.96,1.185,211.306,5.79,2011,9,36,252,3,-1.0,-1.8369701987210297e-16,-0.9350162426854147,-0.3546048870425359
39,2011-09-16,18.8,1.115,214.336,6.184,2011,9,37,259,3,-1.0,-1.8369701987210297e-16,-0.970941817426052,-0.23931566428755774
39,2011-09-23,12.3,0.893,215.865,6.163,2011,9,38,266,3,-1.0,-1.8369701987210297e-16,-0.992708874098054,-0.12053668025532357
39,2011-09-30,15.39,1.285,216.647,6.799,2011,9,39,273,3,-1.0,-1.8369701987210297e-16,-1.0,-1.8369701987210297e-16
39,2011-10-07,11.3,0.879,217.026,6.637,2011,10,40,280,4,-0.8660254037844386,0.5000000000000001,-0.992708874098054,0.1205366802553232
39,2011-10-14,12.1,1.259,214.442,5.631,2011,10,41,287,4,-0.8660254037844386,0.5000000000000001,-0.9709418174260521,0.23931566428755738
39,2011-10-21,8.94,1.161,216.206,7.133,2011,10,42,294,4,-0.8660254037844386,0.5000000000000001,-0.9350162426854148,0.35460488704253557
39,2011-10-28,20.34,1.182,215.424,6.902,2011,10,43,301,4,-0.8660254037844386,0.5000000000000001,-0.8854560256532101,0.464723172043768
39,2011-11-04,26.08,0.746,213.227,6.92,2011,11,44,308,4,-0.5000000000000004,0.8660254037844384,-0.822983865893657,0.5680647467311548
39,2011-11-11,17.0,1.341,213.154,5.425,2011,11,45,315,4,-0.5000000000000004,0.8660254037844384,-0.7485107481711011,0.6631226582407952
39,2011-11-18,23.67,1.616,213.645,6.182,2011,11,46,322,4,-0.5000000000000004,0.8660254037844384,-0.6631226582407955,0.7485107481711007
39,2011-11-25,20.83,1.595,212.681,7.417,2011,11,47,329,4,-0.5000000000000004,0.8660254037844384,-0.5680647467311559,0.8229838658936564
39,2011-12-02,35.88,1.667,217.032,7.167,2011,12,48,336,4,-2.4492935982947064e-16,1.0,-0.4647231720437684,0.88545602565321
39,2011-12-09,29.66,1.635,216.04,6.757,2011,12,49,343,4,-2.4492935982947064e-16,1.0,-0.35460488704253595,0.9350162426854147
39,2011-12-16,40.78,2.044,216.227,7.355,2011,12,50,350,4,-2.4492935982947064e-16,1.0,-0.2393156642875578,0.970941817426052
39,2011-12-23,30.35,2.054,214.308,7.43,2011,12,51,357,4,-2.4492935982947064e-16,1.0,-0.12053668025532363,0.992708874098054
39,2011-12-30,40.77,2.501,213.483,7.598,2011,12,52,364,4,-2.4492935982947064e-16,1.0,6.432490598706546e-16,1.0
39,2012-01-06,44.64,2.63,218.558,7.616,2012,1,1,6,1,0.49999999999999994,0.8660254037844387,0.12053668025532305,0.992708874098054
39,2012-01-13,54.6,3.149,217.576,7.872,2012,1,2,13,1,0.49999999999999994,0.8660254037844387,0.23931566428755774,0.970941817426052
39,2012-01-20,52.86,2.916,221.706,8.084,2012,1,3,20,1,0.49999999999999994,0.8660254037844387,0.3546048870425356,0.9350162426854148
39,2012-01-27,53.84,3.403,223.457,7.858,2012,1,4,27,1,0.49999999999999994,0.8660254037844387,0.4647231720437685,0.8854560256532099
39,2012-02-03,58.55,3.549,222.043,9.389,2012,2,5,34,1,0.8660254037844386,0.5000000000000001,0.5680647467311558,0.8229838658936564
39,2012-02-10,64.97,3.484,218.423,9.128,2012,2,6,41,1,0.8660254037844386,0.5000000000000001,0.6631226582407952,0.7485107481711011
39,2012-02-17,63.12,3.632,218.076,9.507,2012,2,7,48,1,0.8660254037844386,0.5000000000000001,0.7485107481711011,0.6631226582407953
39,2012-02-24,74.18,3.968,219.199,10.29,2012,2,8,55,1,0.8660254037844386,0.5000000000000001,0.8229838658936564,0.5680647467311559
39,2012-03-02,75.14,3.53,216.622,9.754,2012,3,9,62,1,1.0,6.123233995736766e-17,0.8854560256532099,0.4647231720437686
39,2012-03-09,74.67,3.764,220.415,9.789,2012,3,10,69,1,1.0,6.123233995736766e-17,0.9350162426854148,0.35460488704253557
39,2012-03-16,70.13,4.014,220.675,10.531,2012,3,11,76,1,1.0,6.123233995736766e-17,0.970941817426052,0.23931566428755804
39,2012-03-23,67.7,4.034,221.567,10.83,2012,3,12,83,1,1.0,6.123233995736766e-17,0.992708874098054,0.120536680255323
39,2012-03-30,82.65,3.598,218.847,10.323,2012,3,13,90,1,1.0,6.123233995736766e-17,1.0,-1.6081226496766366e-16
39,2012-04-06,70.99,4.088,222.171,10.031,2012,4,14,97,2,0.8660254037844387,-0.4999999999999998,0.992708874098054,-0.12053668025532288
39,2012-04-13,68.77,4.015,220.089,9.768,2012,4,15,104,2,0.8660254037844387,-0.4999999999999998,0.9709418174260521,-0.2393156642875575
39,2012-04-20,70.5,4.051,218.194,9.875,2012,4,16,111,2,0.8660254037844387,-0.4999999999999998,0.9350162426854148,-0.35460488704253545
39,2012-04-27,67.99,4.109,225.726,10.713,2012,4,17,118,2,0.8660254037844387,-0.4999999999999998,0.8854560256532099,-0.4647231720437685
39,2012-05-04,74.4,3.508,219.72,10.187,2012,5,18,125,2,0.49999999999999994,-0.8660254037844387,0.8229838658936565,-0.5680647467311557
39,2012-05-11,70.8,3.689,216.22,9.085,2012,5,19,132,2,0.49999999999999994,-0.8660254037844387,0.7485107481711013,-0.663122658240795
39,2012-05-18,64.7,3.462,219.792,9.661,2012,5,20,139,2,0.49999999999999994,-0.8660254037844387,0.6631226582407952,-0.7485107481711012
39,2012-05-25,67.48,3.187,220.964,9.048,2012,5,21,146,2,0.49999999999999994,-0.8660254037844387,0.5680647467311558,-0.8229838658936564
39,2012-06-01,52.06,3.085,218.505,9.154,2012,6,22,153,2,1.2246467991473532e-16,-1.0,0.46472317204376906,-0.8854560256532096
39,2012-06-08,59.57,3.333,222.983,7.831,2012,6,23,160,2,1.2246467991473532e-16,-1.0,0.35460488704253584,-0.9350162426854147
39,2012-06-15,45.8,2.88,220.102,8.655,2012,6,24,167,2,1.2246467991473532e-16,-1.0,0.23931566428755768,-0.970941817426052
39,2012-06-22,49.33,2.501,220.526,8.061,2012,6,25,174,2,1.2246467991473532e-16,-1.0,0.12053668025532308,-0.992708874098054
39,2012-06-29,49.84,2.648,224.219,7.677,2012,6,26,181,2,1.2246467991473532e-16,-1.0,-3.216245299353273e-16,-1.0
39,2012-07-06,45.63,2.466,218.56,7.272,2012,7,27,188,3,-0.4999999999999997,-0.8660254037844388,-0.12053668025532283,-0.992708874098054
39,2012-07-13,35.04,2.31,216.841,7.84,2012,7,28,195,3,-0.4999999999999997,-0.8660254037844388,-0.23931566428755743,-0.9709418174260521
39,2012-07-20,27.05,2.002,219.903,7.154,2012,7,29,202,3,-0.4999999999999997,-0.8660254037844388,-0.3546048870425356,-0.9350162426854148
39,2012-07-27,27.76,1.937,218.136,5.96,2012,7,30,209,3,-0.4999999999999997,-0.8660254037844388,-0.46472317204376806,-0.8854560256532101
39,2012-08-03,30.42,1.382,217.88,6.748,2012,8,31,216,3,-0.8660254037844385,-0.5000000000000004,-0.5680647467311556,-0.8229838658936566
39,2012-08-10,33.96,1.83,220.697,6.199,2012,8,32,223,3,-0.8660254037844385,-0.5000000000000004,-0.663122658240795,-0.7485107481711013
39,2012-08-17,22.17,0.822,221.581,6.755,2012,8,33,230,3,-0.8660254037844385,-0.5000000000000004,-0.7485107481711011,-0.6631226582407952
39,2012-08-24,25.76,1.576,217.421,7.081,2012,8,34,237,3,-0.8660254037844385,-0.5000000000000004,-0.8229838658936564,-0.5680647467311559
39,2012-08-31,19.15,1.314,220.303,5.792,2012,8,35,244,3,-0.8660254037844385,-0.5000000000000004,-0.8854560256532096,-0.4647231720437691
39,2012-09-07,17.21,1.047,222.398,6.2,2012,9,36,251,3,-1.0,-1.8369701987210297e-16,-0.9350162426854147,-0.3546048870425359
39,2012-09-14,16.12,0.861,217.655,5.801,2012,9,37,258,3,-1.0,-1.8369701987210297e-16,-0.970941817426052,-0.23931566428755774
39,2012-09-21,9.95,1.181,222.896,6.409,2012,9,38,265,3,-1.0,-1.8369701987210297e-16,-0.992708874098054,-0.12053668025532357
39,2012-09-28,25.08,0.895,221.347,5.441,2012,9,39,272,3,-1.0,-1.8369701987210297e-16,-1.0,-1.8369701987210297e-16
39,2012-10-05,11.33,0.854,218.953,5.863,2012,10,40,279,4,-0.8660254037844386,0.5000000000000001,-0.992708874098054,0.1205366802553232
39,2012-10-12,13.0,0.631,219.572,6.848,2012,10,41,286,4,-0.8660254037844386,0.5000000000000001,-0.9709418174260521,0.23931566428755738
39,2012-10-19,15.87,1.411,216.868,6.612,2012,10,42,293,4,-0.8660254037844386,0.5000000000000001,-0.9350162426854148,0.35460488704253557
39,2012-10-26,19.1,1.147,217.742,6.147,2012,10,43,300,4,-0.8660254037844386,0.5000000000000001,-0.8854560256532101,0.464723172043768
40,2010-02-05,49.29,3.389,209.765,9.083,2010,2,5,36,1,0.8660254037844386,0.5000000000000001,0.5680647467311558,0.8229838658936564
40,2010-02-12,68.97,3.366,212.086,9.685,2010,2,6,43,1,0.8660254037844386,0.5000000000000001,0.6631226582407952,0.7485107481711011
40,2010-02-19,72.12,3.806,211.853,9.127,2010,2,7,50,1,0.8660254037844386,0.5000000000000001,0.7485107481711011,0.6631226582407953
40,2010-02-26,63.45,3.693,209.126,9.023,2010,2,8,57,1,0.8660254037844386,0.5000000000000001,0.8229838658936564,0.5680647467311559
40,2010-03-05,68.3,3.721,206.202,9.687,2010,3,9,64,1,1.0,6.123233995736766e-17,0.8854560256532099,0.4647231720437686
40,2010-03-12,85.35,3.639,211.222,9.964,2010,3,10,71,1,1.0,6.123233995736766e-17,0.9350162426854148,0.35460488704253557
40,2010-03-19,71.33,4.042,210.274,9.59,2010,3,11,78,1,1.0,6.123233995736766e-17,0.970941817426052,0.23931566428755804
40,2010-03-26,77.87,4.026,209.118,9.744,2010,3,12,85,1,1.0,6.123233995736766e-17,0.992708874098054,0.120536680255323
40,2010-04-02,76.61,3.592,209.583,10.007,2010,4,13,92,2,0.8660254037844387,-0.4999999999999998,1.0,-1.6081226496766366e-16
40,2010-04-09,79.93,3.765,207.73,10.471,2010,4,14,99,2,0.8660254037844387,-0.4999999999999998,0.992708874098054,-0.12053668025532288
40,2010-04-16,80.45,4.019,208.875,9.291,2010,4,15,106,2,0.8660254037844387,-0.4999999999999998,0.9709418174260521,-0.2393156642875575
40,2010-04-23,78.17,3.496,211.156,9.455,2010,4,16,113,2,0.8660254037844387,-0.4999999999999998,0.9350162426854148,-0.35460488704253545
40,2010-04-30,65.45,3.864,211.726,9.137,2010,4,17,120,2,0.8660254037844387,-0.4999999999999998,0.8854560256532099,-0.4647231720437685
40,2010-05-07,74.44,4.0,208.211,9.778,2010,5,18,127,2,0.49999999999999994,-0.8660254037844387,0.8229838658936565,-0.5680647467311557
40,2010-05-14,53.35,3.869,209.85,9.606,2010,5,19,134,2,0.49999999999999994,-0.8660254037844387,0.7485107481711013,-0.663122658240795
40,2010-05-21,68.64,3.536,210.306,9.582,2010,5,20,141,2,0.49999999999999994,-0.8660254037844387,0.6631226582407952,-0.7485107481711012
40,2010-05-28,56.78,3.392,209.119,8.26,2010,5,21,148,2,0.49999999999999994,-0.8660254037844387,0.5680647467311558,-0.8229838658936564
40,2010-06-04,52.6,3.126,211.199,9.822,2010,6,22,155,2,1.2246467991473532e-16,-1.0,0.46472317204376906,-0.8854560256532096
40,2010-06-11,51.68,3.244,210.218,8.672,2010,6,23,162,2,1.2246467991473532e-16,-1.0,0.35460488704253584,-0.9350162426854147
40,2010-06-18,54.2,2.956,212.139,9.492,2010,6,24,169,2,1.2246467991473532e-16,-1.0,0.23931566428755768,-0.970941817426052
40,2010-06-25,46.53,2.766,207.011,8.356,2010,6,25,176,2,1.2246467991473532e-16,-1.0,0.12053668025532308,-0.992708874098054
40,2010-07-02,42.85,2.472,210.953,9.461,2010,7,26,183,3,-0.4999999999999997,-0.8660254037844388,-3.216245299353273e-16,-1.0
40,2010-07-09,41.74,2.293,209.193,7.159,2010,7,27,190,3,-0.4999999999999997,-0.8660254037844388,-0.12053668025532283,-0.992708874098054
40,2010-07-16,39.85,2.055,209.092,6.893,2010,7,28,197,3,-0.4999999999999997,-0.8660254037844388,-0.23931566428755743,-0.9709418174260521
40,2010-07-23,38.16,1.798,209.576,7.628,2010,7,29,204,3,-0.4999999999999997,-0.8660254037844388,-0.3546048870425356,-0.9350162426854148
40,2010-07-30,30.59,1.657,211.912,7.557,2010,7,30,211,3,-0.4999999999999997,-0.8660254037844388,-0.46472317204376806,-0.8854560256532101
40,2010-08-06,29.61,1.727,209.611,7.447,2010,8,31,218,3,-0.8660254037844385,-0.5000000000000004,-0.5680647467311556,-0.8229838658936566
40,2010-08-13,30.89,1.488,211.699,6.041,2010,8,32,225,3,-0.8660254037844385,-0.5000000000000004,-0.663122658240795,-0.7485107481711013
40,2010-08-20,16.05,1.703,210.464,6.517,2010,8,33,232,3,-0.8660254037844385,-0.5000000000000004,-0.7485107481711011,-0.6631226582407952
40,2010-08-27,14.66,1.341,209.587,6.155,2010,8,34,239,3,-0.8660254037844385,-0.5000000000000004,-0.8229838658936564,-0.5680647467311559
40,2010-09-03,11.61,1.584,214.335,6.961,2010,9,35,246,3,-1.0,-1.8369701987210297e-16,-0.8854560256532096,-0.4647231720437691
40,2010-09-10,9.89,0.719,207.935,5.509,2010,9,36,253,3,-1.0,-1.8369701987210297e-16,-0.9350162426854147,-0.3546048870425359
40,2010-09-17,19.24,0.943,210.624,5.269,2010,9,37,260,3,-1.0,-1.8369701987210297e-16,-0.970941817426052,-0.23931566428755774
40,2010-09-24,15.86,0.882,214.716,5.887,2010,9,38,267,3,-1.0,-1.8369701987210297e-16,-0.992708874098054,-0.12053668025532357
40,2010-10-01,14.75,1.255,210.336,5.335,2010,10,39,274,4,-0.8660254037844386,0.5000000000000001,-1.0,-1.8369701987210297e-16
40,2010-10-08,17.29,1.027,212.506,5.231,2010,10,40,281,4,-0.8660254037844386,0.5000000000000001,-0.992708874098054,0.1205366802553232
40,2010-10-15,17.76,1.137,211.577,5.17,2010,10,41,288,4,-0.8660254037844386,0.5000000000000001,-0.9709418174260521,0.23931566428755738
40,2010-10-22,11.89,1.056,213.862,6.633,2010,10,42,295,4,-0.8660254037844386,0.5000000000000001,-0.9350162426854148,0.35460488704253557
40,2010-10-29,22.76,1.023,210.873,6.901,2010,10,43,302,4,-0.8660254037844386,0.5000000000000001,-0.8854560256532101,0.464723172043768
40,2010-11-05,14.47,1.439,212.386,6.318,2010,11,44,309,4,-0.5000000000000004,0.8660254037844384,-0.822983865893657,0.5680647467311548
40,2010-11-12,26.7,1.437,207.493,6.609,2010,11,45,316,4,-0.5000000000000004,0.8660254037844384,-0.7485107481711011,0.6631226582407952
40,2010-11-19,34.75,1.249,210.972,6.996,2010,11,46,323,4,-0.5000000000000004,0.8660254037844384,-0.6631226582407955,0.7485107481711007
40,2010-11-26,21.79,2.424,205.541,6.64,2010,11,47,330,4,-0.5000000000000004,0.8660254037844384,-0.5680647467311559,0.8229838658936564
40,2010-12-03,36.66,1.708,206.15,6.907,2010,12,48,337,4,-2.4492935982947064e-16,1.0,-0.4647231720437684,0.88545602565321
40,2010-12-10,31.93,2.312,211.511,6.711,2010,12,49,344,4,-2.4492935982947064e-16,1.0,-0.35460488704253595,0.9350162426854147
40,2010-12-17,39.87,1.855,207.66,8.433,2010,12,50,351,4,-2.4492935982947064e-16,1.0,-0.2393156642875578,0.970941817426052
40,2010-12-24,46.24,2.308,208.313,7.804,2010,12,51,358,4,-2.4492935982947064e-16,1.0,-0.12053668025532363,0.992708874098054
40,2010-12-31,37.56,2.764,209.624,8.068,2010,12,52,365,4,-2.4492935982947064e-16,1.0,6.432490598706546e-16,1.0
40,2011-01-07,52.69,2.809,213.888,7.495,2011,1,1,7,1,0.49999999999999994,0.8660254037844387,0.12053668025532305,0.992708874098054
40,2011-01-14,53.69,2.905,212.197,8.485,2011,1,2,14,1,0.49999999999999994,0.8660254037844387,0.23931566428755774,0.970941817426052
40,2011-01-21,56.31,3.075,214.225,8.056,2011,1,3,21,1,0.49999999999999994,0.8660254037844387,0.3546048870425356,0.9350162426854148
40,2011-01-28,66.24,3.331,215.754,9.777,2011,1,4,28,1,0.49999999999999994,0.8660254037844387,0.4647231720437685,0.8854560256532099
40,2011-02-04,62.62,3.144,218.394,9.152,2011,2,5,35,1,0.8660254037844386,0.5000000000000001,0.5680647467311558,0.8229838658936564
40,2011-02-11,67.94,3.488,216.587,10.063,2011,2,6,42,1,0.8660254037844386,0.5000000000000001,0.6631226582407952,0.7485107481711011
40,2011-02-18,71.36,3.484,216.695,8.247,2011,2,7,49,1,0.8660254037844386,0.5000000000000001,0.7485107481711011,0.6631226582407953
40,2011-02-25,65.86,3.594,213.873,9.714,2011,2,8,56,1,0.8660254037844386,0.5000000000000001,0.8229838658936564,0.5680647467311559
40,2011-03-04,70.78,3.622,215.924,10.346,2011,3,9,63,1,1.0,6.123233995736766e-17,0.8854560256532099,0.4647231720437686
40,2011-03-11,77.32,3.437,214.748,10.235,2011,3,10,70,1,1.0,6.123233995736766e-17,0.9350162426854148,0.35460488704253557
40,2011-03-18,77.56,3.795,212.269,10.348,2011,3,11,77,1,1.0,6.123233995736766e-17,0.970941817426052,0.23931566428755804
40,2011-03-25,74.82,3.996,213.989,10.67,2011,3,12,84,1,1.0,6.123233995736766e-17,0.992708874098054,0.120536680255323
40,2011-04-01,65.95,3.87,217.117,10.014,2011,4,13,91,2,0.8660254037844387,-0.4999999999999998,1.0,-1.6081226496766366e-16
40,2011-04-08,84.09,3.834,213.504,9.257,2011,4,14,98,2,0.8660254037844387,-0.4999999999999998,0.992708874098054,-0.12053668025532288
40,2011-04-15,78.68,4.001,214.798,9.531,2011,4,15,105,2,0.8660254037844387,-0.4999999999999998,0.9709418174260521,-0.2393156642875575
40,2011-04-22,83.98,4.041,212.583,9.247,2011,4,16,112,2,0.8660254037844387,-0.4999999999999998,0.9350162426854148,-0.35460488704253545
40,2011-04-29,69.22,3.62,214.528,9.942,2011,4,17,119,2,0.8660254037844387,-0.4999999999999998,0.8854560256532099,-0.4647231720437685
40,2011-05-06,74.76,3.879,217.004,9.407,2011,5,18,126,2,0.49999999999999994,-0.8660254037844387,0.8229838658936565,-0.5680647467311557
40,2011-05-13,67.34,3.489,216.188,9.999,2011,5,19,133,2,0.49999999999999994,-0.8660254037844387,0.7485107481711013,-0.663122658240795
40,2011-05-20,58.48,2.937,216.266,9.94,2011,5,20,140,2,0.49999999999999994,-0.8660254037844387,0.6631226582407952,-0.7485107481711012
40,2011-05-27,73.02,3.127,217.755,7.599,2011,5,21,147,2,0.49999999999999994,-0.8660254037844387,0.5680647467311558,-0.8229838658936564
40,2011-06-03,63.5,3.124,213.508,9.443,2011,6,22,154,2,1.2246467991473532e-16,-1.0,0.46472317204376906,-0.8854560256532096
40,2011-06-10,56.16,2.913,215.058,8.474,2011,6,23,161,2,1.2246467991473532e-16,-1.0,0.35460488704253584,-0.9350162426854147
40,2011-06-17,57.49,2.609,211.76,7.824,2011,6,24,168,2,1.2246467991473532e-16,-1.0,0.23931566428755768,-0.970941817426052
40,2011-06-24,48.54,2.826,215.381,7.516,2011,6,25,175,2,1.2246467991473532e-16,-1.0,0.12053668025532308,-0.992708874098054
40,2011-07-01,40.74,2.805,214.277,8.771,2011,7,26,182,3,-0.4999999999999997,-0.8660254037844388,-3.216245299353273e-16,-1.0
40,2011-07-08,45.73,2.304,214.269,7.432,2011,7,27,189,3,-0.4999999999999997,-0.8660254037844388,-0.12053668025532283,-0.992708874098054
40,2011-07-15,32.94,2.07,219.652,7.94,2011,7,28,196,3,-0.4999999999999997,-0.8660254037844388,-0.23931566428755743,-0.9709418174260521
40,2011-07-22,31.34,2.381,212.965,6.754,2011,7,29,203,3,-0.4999999999999997,-0.8660254037844388,-0.3546048870425356,-0.9350162426854148
40,2011-07-29,28.6,1.903,213.551,7.205,2011,7,30,210,3,-0.4999999999999997,-0.8660254037844388,-0.46472317204376806,-0.8854560256532101
40,2011-08-05,25.75,1.588,214.749,6.364,2011,8,31,217,3,-0.8660254037844385,-0.5000000000000004,-0.5680647467311556,-0.8229838658936566
40,2011-08-12,25.64,1.68,220.543,6.85,2011,8,32,224,3,-0.8660254037844385,-0.5000000000000004,-0.663122658240795,-0.7485107481711013
40,2011-08-19,22.51,1.258,215.858,7.698,2011,8,33,231,3,-0.8660254037844385,-0.5000000000000004,-0.7485107481711011,-0.6631226582407952
40,2011-08-26,22.97,1.333,214.786,5.383,2011,8,34,238,3,-0.8660254037844385,-0.5000000000000004,-0.8229838658936564,-0.5680647467311559
40,2011-09-02,16.63,1.485,217.781,6.284,2011,9,35,245,3,-1.0,-1.8369701987210297e-16,-0.8854560256532096,-0.4647231720437691
40,2011-09-09,20.53,1.154,213.949,6.765,2011,9,36,252,3,-1.0,-1.8369701987210297e-16,-0.9350162426854147,-0.3546048870425359
40,2011-09-16,11.15,1.158,213.995,6.172,2011,9,37,259,3,-1.0,-1.8369701987210297e-16,-0.970941817426052,-0.23931566428755774
40,2011-09-23,12.45,1.1,214.026,6.258,2011,9,38,266,3,-1.0,-1.8369701987210297e-16,-0.992708874098054,-0.12053668025532357
40,2011-09-30,12.29,0.991,213.612,6.154,2011,9,39,273,3,-1.0,-1.8369701987210297e-16,-1.0,-1.8369701987210297e-16
40,2011-10-07,19.48,1.003,214.733,4.919,2011,10,40,280,4,-0.8660254037844386,0.5000000000000001,-0.992708874098054,0.1205366802553232
40,2011-10-14,9.64,1.164,215.326,5.653,2011,10,41,287,4,-0.8660254037844386,0.5000000000000001,-0.9709418174260521,0.23931566428755738
40,2011-10-21,19.26,0.964,216.138,6.534,2011,10,42,294,4,-0.8660254037844386,0.5000000000000001,-0.9350162426854148,0.35460488704253557
40,2011-10-28,21.6,1.308,216.854,6.449,2011,10,43,301,4,-0.8660254037844386,0.5000000000000001,-0.8854560256532101,0.464723172043768
40,2011-11-04,20.93,1.162,216.669,6.534,2011,11,44,308,4,-0.5000000000000004,0.8660254037844384,-0.822983865893657,0.5680647467311548
40,2011-11-11,18.58,1.287,212.911,7.36,2011,11,45,315,4,-0.5000000000000004,0.8660254037844384,-0.7485107481711011,0.6631226582407952
40,2011-11-18,23.02,0.975,217.183,7.122,2011,11,46,322,4,-0.5000000000000004,0.8660254037844384,-0.6631226582407955,0.7485107481711007
40,2011-11-25,20.71,1.713,215.173,6.689,2011,11,47,329,4,-0.5000000000000004,0.8660254037844384,-0.5680647467311559,0.8229838658936564
40,2011-12-02,43.98,2.032,214.426,7.897,2011,12,48,336,4,-2.4492935982947064e-16,1.0,-0.4647231720437684,0.88545602565321
40,2011-12-09,31.89,1.958,212.056,7.382,2011,12,49,343,4,-2.4492935982947064e-16,1.0,-0.35460488704253595,0.9350162426854147
40,2011-12-16,44.8,1.767,215.264,7.248,2011,12,50,350,4,-2.4492935982947064e-16,1.0,-0.2393156642875578,0.970941817426052
40,2011-12-23,32.16,2.537,212.058,9.15,2011,12,51,357,4,-2.4492935982947064e-16,1.0,-0.12053668025532363,0.992708874098054
40,2011-12-30,47.03,2.459,212.081,8.449,2011,12,52,364,4,-2.4492935982947064e-16,1.0,6.432490598706546e-16,1.0
40,2012-01-06,53.4,2.678,218.632,7.641,2012,1,1,6,1,0.49999999999999994,0.8660254037844387,0.12053668025532305,0.992708874098054
40,2012-01-13,55.28,2.832,218.337,7.859,2012,1,2,13,1,0.49999999999999994,0.8660254037844387,0.23931566428755774,0.970941817426052
40,2012-01-20,57.1,2.496,219.865,9.197,2012,1,3,20,1,0.49999999999999994,0.8660254037844387,0.3546048870425356,0.9350162426854148
40,2012-01-27,60.01,3.376,218.168,8.616,2012,1,4,27,1,0.49999999999999994,0.8660254037844387,0.4647231720437685,0.8854560256532099
40,2012-02-03,58.46,3.419,218.568,9.079,2012,2,5,34,1,0.8660254037844386,0.5000000000000001,0.5680647467311558,0.8229838658936564
40,2012-02-10,65.17,3.71,222.226,8.826,2012,2,6,41,1,0.8660254037844386,0.5000000000000001,0.6631226582407952,0.7485107481711011
40,2012-02-17,66.12,3.638,222.351,8.94,2012,2,7,48,1,0.8660254037844386,0.5000000000000001,0.7485107481711011,0.6631226582407953
40,2012-02-24,72.47,3.757,218.479,9.173,2012,2,8,55,1,0.8660254037844386,0.5000000000000001,0.8229838658936564,0.5680647467311559
40,2012-03-02,68.97,3.768,220.659,9.549,2012,3,9,62,1,1.0,6.123233995736766e-17,0.8854560256532099,0.4647231720437686
40,2012-03-09,67.65,3.826,223.766,10.702,2012,3,10,69,1,1.0,6.123233995736766e-17,0.9350162426854148,0.35460488704253557
40,2012-03-16,72.24,3.878,221.122,10.262,2012,3,11,76,1,1.0,6.123233995736766e-17,0.970941817426052,0.23931566428755804
40,2012-03-23,75.0,3.779,220.989,9.893,2012,3,12,83,1,1.0,6.123233995736766e-17,0.992708874098054,0.120536680255323
40,2012-03-30,78.64,4.09,218.145,10.083,2012,3,13,90,1,1.0,6.123233995736766e-17,1.0,-1.6081226496766366e-16
40,2012-04-06,74.59,4.402,218.975,10.57,2012,4,14,97,2,0.8660254037844387,-0.4999999999999998,0.992708874098054,-0.12053668025532288
40,2012-04-13,67.48,3.976,215.671,9.885,2012,4,15,104,2,0.8660254037844387,-0.4999999999999998,0.9709418174260521,-0.2393156642875575
40,2012-04-20,77.46,3.672,218.907,9.508,2012,4,16,111,2,0.8660254037844387,-0.4999999999999998,0.9350162426854148,-0.35460488704253545
40,2012-04-27,71.6,3.668,221.709,10.167,2012,4,17,118,2,0.8660254037844387,-0.4999999999999998,0.8854560256532099,-0.4647231720437685
40,2012-05-04,63.68,3.89,219.538,9.643,2012,5,18,125,2,0.49999999999999994,-0.8660254037844387,0.8229838658936565,-0.5680647467311557
40,2012-05-11,65.21,3.731,221.343,8.706,2012,5,19,132,2,0.49999999999999994,-0.8660254037844387,0.7485107481711013,-0.663122658240795
40,2012-05-18,74.62,3.564,222.453,9.438,2012,5,20,139,2,0.49999999999999994,-0.8660254037844387,0.6631226582407952,-0.7485107481711012
40,2012-05-25,67.58,3.276,217.987,8.995,2012,5,21,146,2,0.49999999999999994,-0.8660254037844387,0.5680647467311558,-0.8229838658936564
40,2012-06-01,71.74,3.498,218.474,8.562,2012,6,22,153,2,1.2246467991473532e-16,-1.0,0.46472317204376906,-0.8854560256532096
40,2012-06-08,57.85,3.092,219.062,8.935,2012,6,23,160,2,1.2246467991473532e-16,-1.0,0.35460488704253584,-0.9350162426854147
40,2012-06-15,57.49,2.948,220.716,8.429,2012,6,24,167,2,1.2246467991473532e-16,-1.0,0.23931566428755768,-0.970941817426052
40,2012-06-22,41.5,2.706,222.158,7.239,2012,6,25,174,2,1.2246467991473532e-16,-1.0,0.12053668025532308,-0.992708874098054
40,2012-06-29,40.1,2.39,219.806,7.93,2012,6,26,181,2,1.2246467991473532e-16,-1.0,-3.216245299353273e-16,-1.0
40,2012-07-06,48.21,2.377,219.543,7.555,2012,7,27,188,3,-0.4999999999999997,-0.8660254037844388,-0.12053668025532283,-0.992708874098054
40,2012-07-13,37.99,2.383,220.098,7.066,2012,7,28,195,3,-0.4999999999999997,-0.8660254037844388,-0.23931566428755743,-0.9709418174260521
40,2012-07-20,27.5,2.416,217.477,8.156,2012,7,29,202,3,-0.4999999999999997,-0.8660254037844388,-0.3546048870425356,-0.9350162426854148
40,2012-07-27,27.61,1.901,220.513,6.663,2012,7,30,209,3,-0.4999999999999997,-0.8660254037844388,-0.46472317204376806,-0.8854560256532101
40,2012-08-03,34.87,1.605,219.795,6.727,2012,8,31,216,3,-0.8660254037844385,-0.5000000000000004,-0.5680647467311556,-0.8229838658936566
40,2012-08-10,22.32,1.355,219.245,5.57,2012,8,32,223,3,-0.8660254037844385,-0.5000000000000004,-0.663122658240795,-0.7485107481711013
40,2012-08-17,20.04,1.48,220.718,6.572,2012,8,33,230,3,-0.8660254037844385,-0.5000000000000004,-0.7485107481711011,-0.6631226582407952
40,2012-08-24,26.15,1.073,220.252,6.445,2012,8,34,237,3,-0.8660254037844385,-0.5000000000000004,-0.8229838658936564,-0.5680647467311559
40,2012-08-31,13.97,0.858,219.854,6.233,2012,8,35,244,3,-0.8660254037844385,-0.5000000000000004,-0.8854560256532096,-0.4647231720437691
40,2012-09-07,13.03,1.168,220.479,6.254,2012,9,36,251,3,-1.0,-1.8369701987210297e-16,-0.9350162426854147,-0.3546048870425359
40,2012-09-14,17.13,1.162,222.283,6.305,2012,9,37,258,3,-1.0,-1.8369701987210297e-16,-0.970941817426052,-0.23931566428755774
40,2012-09-21,11.83,0.955,221.187,5.934,2012,9,38,265,3,-1.0,-1.8369701987210297e-16,-0.992708874098054,-0.12053668025532357
40,2012-09-28,14.24,0.855,222.262,5.314,2012,9,39,272,3,-1.0,-1.8369701987210297e-16,-1.0,-1.8369701987210297e-16
40,2012-10-05,21.24,0.987,220.078,5.815,2012,10,40,279,4,-0.8660254037844386,0.5000000000000001,-0.992708874098054,0.1205366802553232
40,2012-10-12,13.13,1.033,217.951,7.452,2012,10,41,286,4,-0.8660254037844386,0.5000000000000001,-0.9709418174260521,0.23931566428755738
40,2012-10-19,17.32,1.038,222.612,6.068,2012,10,42,293,4,-0.8660254037844386,0.5000000000000001,-0.9350162426854148,0.35460488704253557
40,2012-10-26,14.82,0.802,219.035,6.785,2012,10,43,300,4,-0.8660254037844386,0.5000000000000001,-0.8854560256532101,0.464723172043768
41,2010-02-05,59.24,3.339,214.14,8.498,2010,2,5,36,1,0.8660254037844386,0.5000000000000001,0.5680647467311558,0.8229838658936564
41,2010-02-12,57.22,3.473,213.303,8.306,2010,2,6,43,1,0.8660254037844386,0.5000000000000001,0.6631226582407952,0.7485107481711011
41,2010-02-19,63.33,3.919,214.58,9.517,2010,2,7,50,1,0.8660254037844386,0.5000000000000001,0.7485107481711011,0.6631226582407953
41,2010-02-26,67.25,3.959,208.928,9.813,2010,2,8,57,1,0.8660254037844386,0.5000000000000001,0.8229838658936564,0.5680647467311559
41,2010-03-05,76.21,3.789,205.685,10.173,2010,3,9,64,1,1.0,6.123233995736766e-17,0.8854560256532099,0.4647231720437686
41,2010-03-12,78.89,3.974,212.806,9.538,2010,3,10,71,1,1.0,6.123233995736766e-17,0.9350162426854148,0.35460488704253557
41,2010-03-19,71.86,3.929,209.241,9.436,2010,3,11,78,1,1.0,6.123233995736766e-17,0.970941817426052,0.23931566428755804
41,2010-03-26,69.93,3.763,209.94,10.03,2010,3,12,85,1,1.0,6.123233995736766e-17,0.992708874098054,0.120536680255323
41,2010-04-02,68.25,3.702,208.745,9.583,2010,4,13,92,2,0.8660254037844387,-0.4999999999999998,1.0,-1.6081226496766366e-16
41,2010-04-09,73.45,4.007,213.304,9.209,2010,4,14,99,2,0.8660254037844387,-0.4999999999999998,0.992708874098054,-0.12053668025532288
41,2010-04-16,71.6,4.059,209.98,9.837,2010,4,15,106,2,0.8660254037844387,-0.4999999999999998,0.9709418174260521,-0.2393156642875575
41,2010-04-23,83.7,3.57,208.625,10.193,2010,4,16,113,2,0.8660254037844387,-0.4999999999999998,0.9350162426854148,-0.35460488704253545
41,2010-04-30,71.93,3.693,212.512,10.006,2010,4,17,120,2,0.8660254037844387,-0.4999999999999998,0.8854560256532099,-0.4647231720437685
41,2010-05-07,73.4,3.85,208.548,9.2,2010,5,18,127,2,0.49999999999999994,-0.8660254037844387,0.8229838658936565,-0.5680647467311557
41,2010-05-14,76.52,3.326,210.142,9.415,2010,5,19,134,2,0.49999999999999994,-0.8660254037844387,0.7485107481711013,-0.663122658240795
41,2010-05-21,64.97,3.733,211.529,9.389,2010,5,20,141,2,0.49999999999999994,-0.8660254037844387,0.6631226582407952,-0.7485107481711012
41,2010-05-28,45.8,3.613,212.181,8.316,2010,5,21,148,2,0.49999999999999994,-0.8660254037844387,0.5680647467311558,-0.8229838658936564
41,2010-06-04,60.3,2.974,213.216,9.26,2010,6,22,155,2,1.2246467991473532e-16,-1.0,0.46472317204376906,-0.8854560256532096
41,2010-06-11,57.37,3.033,209.886,8.391,2010,6,23,162,2,1.2246467991473532e-16,-1.0,0.35460488704253584,-0.9350162426854147
41,2010-06-18,56.93,2.485,211.939,8.558,2010,6,24,169,2,1.2246467991473532e-16,-1.0,0.23931566428755768,-0.970941817426052
41,2010-06-25,47.78,2.822,209.461,7.985,2010,6,25,176,2,1.2246467991473532e-16,-1.0,0.12053668025532308,-0.992708874098054
41,2010-07-02,46.13,2.682,213.933,8.544,2010,7,26,183,3,-0.4999999999999997,-0.8660254037844388,-3.216245299353273e-16,-1.0
41,2010-07-09,45.11,2.361,211.554,7.398,2010,7,27,190,3,-0.4999999999999997,-0.8660254037844388,-0.12053668025532283,-0.992708874098054
41,2010-07-16,46.98,2.341,211.767,7.071,2010,7,28,197,3,-0.4999999999999997,-0.8660254037844388,-0.23931566428755743,-0.9709418174260521
41,2010-07-23,39.34,2.012,210.517,7.787,2010,7,29,204,3,-0.4999999999999997,-0.8660254037844388,-0.3546048870425356,-0.9350162426854148
41,2010-07-30,32.66,1.945,208.854,6.47,2010,7,30,211,3,-0.4999999999999997,-0.8660254037844388,-0.46472317204376806,-0.8854560256532101
41,2010-08-06,31.84,1.429,212.159,6.121,2010,8,31,218,3,-0.8660254037844385,-0.5000000000000004,-0.5680647467311556,-0.8229838658936566
41,2010-08-13,23.71,1.4,206.895,6.049,2010,8,32,225,3,-0.8660254037844385,-0.5000000000000004,-0.663122658240795,-0.7485107481711013
41,2010-08-20,28.04,1.458,209.35,6.943,2010,8,33,232,3,-0.8660254037844385,-0.5000000000000004,-0.7485107481711011,-0.6631226582407952
41,2010-08-27,23.11,1.455,210.902,6.186,2010,8,34,239,3,-0.8660254037844385,-0.5000000000000004,-0.8229838658936564,-0.5680647467311559
41,2010-09-03,18.05,0.791,208.565,5.691,2010,9,35,246,3,-1.0,-1.8369701987210297e-16,-0.8854560256532096,-0.4647231720437691
41,2010-09-10,18.5,1.279,209.415,5.967,2010,9,36,253,3,-1.0,-1.8369701987210297e-16,-0.9350162426854147,-0.3546048870425359
41,2010-09-17,14.99,1.023,207.157,5.751,2010,9,37,260,3,-1.0,-1.8369701987210297e-16,-0.970941817426052,-0.23931566428755774
41,2010-09-24,13.57,1.137,209.467,6.671,2010,9,38,267,3,-1.0,-1.8369701987210297e-16,-0.992708874098054,-0.12053668025532357
41,2010-10-01,9.4,0.934,213.357,5.895,2010,10,39,274,4,-0.8660254037844386,0.5000000000000001,-1.0,-1.8369701987210297e-16
41,2010-10-08,15.68,1.298,212.163,5.541,2010,10,40,281,4,-0.8660254037844386,0.5000000000000001,-0.992708874098054,0.1205366802553232
41,2010-10-15,15.68,0.934,212.51,6.035,2010,10,41,288,4,-0.8660254037844386,0.5000000000000001,-0.9709418174260521,0.23931566428755738
41,2010-10-22,9.02,0.707,209.269,6.078,2010,10,42,295,4,-0.8660254037844386,0.5000000000000001,-0.9350162426854148,0.35460488704253557
41,2010-10-29,26.73,1.265,207.868,6.454,2010,10,43,302,4,-0.8660254037844386,0.5000000000000001,-0.8854560256532101,0.464723172043768
41,2010-11-05,17.0,1.525,211.005,7.09,2010,11,44,309,4,-0.5000000000000004,0.8660254037844384,-0.822983865893657,0.5680647467311548
41,2010-11-12,20.39,1.201,210.198,7.052,2010,11,45,316,4,-0.5000000000000004,0.8660254037844384,-0.7485107481711011,0.6631226582407952
41,2010-11-19,17.21,1.541,211.224,6.59,2010,11,46,323,4,-0.5000000000000004,0.8660254037844384,-0.6631226582407955,0.7485107481711007
41,2010-11-26,29.07,1.359,211.488,6.827,2010,11,47,330,4,-0.5000000000000004,0.8660254037844384,-0.5680647467311559,0.8229838658936564
41,2010-12-03,36.46,1.732,209.747,7.159,2010,12,48,337,4,-2.4492935982947064e-16,1.0,-0.4647231720437684,0.88545602565321
41,2010-12-10,33.48,2.159,210.357,7.278,2010,12,49,344,4,-2.4492935982947064e-16,1.0,-0.35460488704253595,0.9350162426854147
41,2010-12-17,37.84,1.979,208.232,7.678,2010,12,50,351,4,-2.4492935982947064e-16,1.0,-0.2393156642875578,0.970941817426052
41,2010-12-24,40.68,2.252,208.929,7.629,2010,12,51,358,4,-2.4492935982947064e-16,1.0,-0.12053668025532363,0.992708874098054
41,2010-12-31,47.91,2.549,211.381,8.528,2010,12,52,365,4,-2.4492935982947064e-16,1.0,6.432490598706546e-16,1.0
41,2011-01-07,43.14,2.481,211.474,8.641,2011,1,1,7,1,0.49999999999999994,0.8660254037844387,0.12053668025532305,0.992708874098054
41,2011-01-14,54.54,2.814,214.537,8.515,2011,1,2,14,1,0.49999999999999994,0.8660254037844387,0.23931566428755774,0.970941817426052
41,2011-01-21,55.28,2.948,209.414,9.754,2011,1,3,21,1,0.49999999999999994,0.8660254037844387,0.3546048870425356,0.9350162426854148
41,2011-01-28,61.63,3.414,212.196,8.869,2011,1,4,28,1,0.49999999999999994,0.8660254037844387,0.4647231720437685,0.8854560256532099
41,2011-02-04,57.84,3.227,210.983,8.894,2011,2,5,35,1,0.8660254037844386,0.5000000000000001,0.5680647467311558,0.8229838658936564
41,2011-02-11,68.11,3.36,214.366,8.264,2011,2,6,42,1,0.8660254037844386,0.5000000000000001,0.6631226582407952,0.7485107481711011
41,2011-02-18,62.67,3.784,215.403,8.673,2011,2,7,49,1,0.8660254037844386,0.5000000000000001,0.7485107481711011,0.6631226582407953
41,2011-02-25,71.23,3.677,213.274,9.345,2011,2,8,56,1,0.8660254037844386,0.5000000000000001,0.8229838658936564,0.5680647467311559
41,2011-03-04,70.34,3.787,215.812,9.623,2011,3,9,63,1,1.0,6.123233995736766e-17,0.8854560256532099,0.4647231720437686
41,2011-03-11,72.65,3.566,216.673,9.826,2011,3,10,70,1,1.0,6.123233995736766e-17,0.9350162426854148,0.35460488704253557
41,2011-03-18,81.35,3.845,212.451,10.161,2011,3,11,77,1,1.0,6.123233995736766e-17,0.970941817426052,0.23931566428755804
41,2011-03-25,75.99,3.944,214.361,10.594,2011,3,12,84,1,1.0,6.123233995736766e-17,0.992708874098054,0.120536680255323
41,2011-04-01,80.28,4.186,215.753,10.341,2011,4,13,91,2,0.8660254037844387,-0.4999999999999998,1.0,-1.6081226496766366e-16
41,2011-04-08,78.41,4.073,215.106,9.582,2011,4,14,98,2,0.8660254037844387,-0.4999999999999998,0.992708874098054,-0.12053668025532288
41,2011-04-15,82.2,3.873,213.713,10.368,2011,4,15,105,2,0.8660254037844387,-0.4999999999999998,0.9709418174260521,-0.2393156642875575
41,2011-04-22,68.81,3.726,215.361,10.732,2011,4,16,112,2,0.8660254037844387,-0.4999999999999998,0.9350162426854148,-0.35460488704253545
41,2011-04-29,83.64,3.477,216.585,10.593,2011,4,17,119,2,0.8660254037844387,-0.4999999999999998,0.8854560256532099,-0.4647231720437685
41,2011-05-06,63.95,3.635,214.195,9.257,2011,5,18,126,2,0.49999999999999994,-0.8660254037844387,0.8229838658936565,-0.5680647467311557
41,2011-05-13,64.39,3.736,215.668,10.415,2011,5,19,133,2,0.49999999999999994,-0.8660254037844387,0.7485107481711013,-0.663122658240795
41,2011-05-20,61.45,3.804,215.816,10.146,2011,5,20,140,2,0.49999999999999994,-0.8660254037844387,0.6631226582407952,-0.7485107481711012
41,2011-05-27,57.42,3.233,215.184,9.414,2011,5,21,147,2,0.49999999999999994,-0.8660254037844387,0.5680647467311558,-0.8229838658936564
41,2011-06-03,55.12,3.27,216.189,8.772,2011,6,22,154,2,1.2246467991473532e-16,-1.0,0.46472317204376906,-0.8854560256532096
41,2011-06-10,61.16,2.675,214.051,8.048,2011,6,23,161,2,1.2246467991473532e-16,-1.0,0.35460488704253584,-0.9350162426854147
41,2011-06-17,55.43,2.781,217.449,8.914,2011,6,24,168,2,1.2246467991473532e-16,-1.0,0.23931566428755768,-0.970941817426052
41,2011-06-24,54.95,2.733,213.059,9.112,2011,6,25,175,2,1.2246467991473532e-16,-1.0,0.12053668025532308,-0.992708874098054
41,2011-07-01,47.64,2.312,214.761,7.496,2011,7,26,182,3,-0.4999999999999997,-0.8660254037844388,-3.216245299353273e-16,-1.0
41,2011-07-08,32.35,2.594,213.48,8.157,2011,7,27,189,3,-0.4999999999999997,-0.8660254037844388,-0.12053668025532283,-0.992708874098054
41,2011-07-15,33.91,1.579,213.971,7.466,2011,7,28,196,3,-0.4999999999999997,-0.8660254037844388,-0.23931566428755743,-0.9709418174260521
41,2011-07-22,41.33,1.826,212.334,8.029,2011,7,29,203,3,-0.4999999999999997,-0.8660254037844388,-0.3546048870425356,-0.9350162426854148
41,2011-07-29,26.16,1.862,211.408,6.106,2011,7,30,210,3,-0.4999999999999997,-0.8660254037844388,-0.46472317204376806,-0.8854560256532101
41,2011-08-05,35.51,1.987,213.726,7.01,2011,8,31,217,3,-0.8660254037844385,-0.5000000000000004,-0.5680647467311556,-0.8229838658936566
41,2011-08-12,26.65,1.76,216.892,6.3,2011,8,32,224,3,-0.8660254037844385,-0.5000000000000004,-0.663122658240795,-0.7485107481711013
41,2011-08-19,18.03,1.357,215.604,6.23,2011,8,33,231,3,-0.8660254037844385,-0.5000000000000004,-0.7485107481711011,-0.6631226582407952
41,2011-08-26,25.04,1.231,218.348,6.843,2011,8,34,238,3,-0.8660254037844385,-0.5000000000000004,-0.8229838658936564,-0.5680647467311559
41,2011-09-02,29.34,1.147,214.121,5.724,2011,9,35,245,3,-1.0,-1.8369701987210297e-16,-0.8854560256532096,-0.4647231720437691
41,2011-09-09,17.13,1.466,213.477,5.817,2011,9,36,252,3,-1.0,-1.8369701987210297e-16,-0.9350162426854147,-0.3546048870425359
41,2011-09-16,15.4,1.156,214.339,5.963,2011,9,37,259,3,-1.0,-1.8369701987210297e-16,-0.970941817426052,-0.23931566428755774
41,2011-09-23,4.98,0.912,215.714,6.113,2011,9,38,266,3,-1.0,-1.8369701987210297e-16,-0.992708874098054,-0.12053668025532357
41,2011-09-30,20.93,1.124,215.279,5.61,2011,9,39,273,3,-1.0,-1.8369701987210297e-16,-1.0,-1.8369701987210297e-16
41,2011-10-07,23.4,1.034,216.538,5.37,2011,10,40,280,4,-0.8660254037844386,0.5000000000000001,-0.992708874098054,0.1205366802553232
41,2011-10-14,17.8,1.127,213.847,6.009,2011,10,41,287,4,-0.8660254037844386,0.5000000000000001,-0.9709418174260521,0.23931566428755738
41,2011-10-21,13.23,1.177,214.92,5.599,2011,10,42,294,4,-0.8660254037844386,0.5000000000000001,-0.9350162426854148,0.35460488704253557
41,2011-10-28,13.27,0.866,214.982,6.121,2011,10,43,301,4,-0.8660254037844386,0.5000000000000001,-0.8854560256532101,0.464723172043768
41,2011-11-04,17.44,1.097,218.13,6.327,2011,11,44,308,4,-0.5000000000000004,0.8660254037844384,-0.822983865893657,0.5680647467311548
41,2011-11-11,24.31,1.53,217.352,6.887,2011,11,45,315,4,-0.5000000000000004,0.8660254037844384,-0.7485107481711011,0.6631226582407952
41,2011-11-18,23.74,1.359,216.855,6.491,2011,11,46,322,4,-0.5000000000000004,0.8660254037844384,-0.6631226582407955,0.7485107481711007
41,2011-11-25,20.15,1.561,216.387,7.097,2011,11,47,329,4,-0.5000000000000004,0.8660254037844384,-0.5680647467311559,0.8229838658936564
41,2011-12-02,35.46,2.16,213.877,7.238,2011,12,48,336,4,-2.4492935982947064e-16,1.0,-0.4647231720437684,0.88545602565321
41,2011-12-09,19.69,2.205,214.649,7.959,2011,12,49,343,4,-2.4492935982947064e-16,1.0,-0.35460488704253595,0.9350162426854147
41,2011-12-16,43.77,2.162,216.81,7.161,2011,12,50,350,4,-2.4492935982947064e-16,1.0,-0.2393156642875578,0.970941817426052
41,2011-12-23,48.66,2.295,215.601,7.809,2011,12,51,357,4,-2.4492935982947064e-16,1.0,-0.12053668025532363,0.992708874098054
41,2011-12-30,37.71,2.349,212.108,8.914,2011,12,52,364,4,-2.4492935982947064e-16,1.0,6.432490598706546e-16,1.0
41,2012-01-06,49.93,2.547,216.967,8.126,2012,1,1,6,1,0.49999999999999994,0.8660254037844387,0.12053668025532305,0.992708874098054
41,2012-01-13,55.91,2.373,218.585,8.121,2012,1,2,13,1,0.49999999999999994,0.8660254037844387,0.23931566428755774,0.970941817426052
41,2012-01-20,53.76,3.086,222.03,9.242,2012,1,3,20,1,0.49999999999999994,0.8660254037844387,0.3546048870425356,0.9350162426854148
41,2012-01-27,62.35,3.433,220.654,8.743,2012,1,4,27,1,0.49999999999999994,0.8660254037844387,0.4647231720437685,0.8854560256532099
41,2012-02-03,63.01,3.315,221.68,9.081,2012,2,5,34,1,0.8660254037844386,0.5000000000000001,0.5680647467311558,0.8229838658936564
41,2012-02-10,68.07,3.59,218.924,8.852,2012,2,6,41,1,0.8660254037844386,0.5000000000000001,0.6631226582407952,0.7485107481711011
41,2012-02-17,74.0,3.599,219.828,9.884,2012,2,7,48,1,0.8660254037844386,0.5000000000000001,0.7485107481711011,0.6631226582407953
41,2012-02-24,74.92,3.905,219.062,9.213,2012,2,8,55,1,0.8660254037844386,0.5000000000000001,0.8229838658936564,0.5680647467311559
41,2012-03-02,63.01,4.034,221.654,8.785,2012,3,9,62,1,1.0,6.123233995736766e-17,0.8854560256532099,0.4647231720437686
41,2012-03-09,73.39,4.051,219.752,9.702,2012,3,10,69,1,1.0,6.123233995736766e-17,0.9350162426854148,0.35460488704253557
41,2012-03-16,76.3,4.168,219.166,10.203,2012,3,11,76,1,1.0,6.123233995736766e-17,0.970941817426052,0.23931566428755804
41,2012-03-23,76.88,3.864,218.714,9.646,2012,3,12,83,1,1.0,6.123233995736766e-17,0.992708874098054,0.120536680255323
41,2012-03-30,79.38,4.136,219.571,9.833,2012,3,13,90,1,1.0,6.123233995736766e-17,1.0,-1.6081226496766366e-16
41,2012-04-06,70.12,3.987,223.509,10.639,2012,4,14,97,2,0.8660254037844387,-0.4999999999999998,0.992708874098054,-0.12053668025532288
41,2012-04-13,78.83,4.147,220.484,10.083,2012,4,15,104,2,0.8660254037844387,-0.4999999999999998,0.9709418174260521,-0.2393156642875575
41,2012-04-20,72.25,3.639,222.85,9.336,2012,4,16,111,2,0.8660254037844387,-0.4999999999999998,0.9350162426854148,-0.35460488704253545
41,2012-04-27,61.19,3.547,219.742,10.643,2012,4,17,118,2,0.8660254037844387,-0.4999999999999998,0.8854560256532099,-0.4647231720437685
41,2012-05-04,74.49,4.009,219.899,9.464,2012,5,18,125,2,0.49999999999999994,-0.8660254037844387,0.8229838658936565,-0.5680647467311557
41,2012-05-11,60.11,3.928,221.398,10.615,2012,5,19,132,2,0.49999999999999994,-0.8660254037844387,0.7485107481711013,-0.663122658240795
41,2012-05-18,63.33,3.563,220.744,8.768,2012,5,20,139,2,0.49999999999999994,-0.8660254037844387,0.6631226582407952,-0.7485107481711012
41,2012-05-25,60.52,3.447,223.201,10.027,2012,5,21,146,2,0.49999999999999994,-0.8660254037844387,0.5680647467311558,-0.8229838658936564
41,2012-06-01,61.44,3.537,220.21,9.579,2012,6,22,153,2,1.2246467991473532e-16,-1.0,0.46472317204376906,-0.8854560256532096
41,2012-06-08,60.2,3.314,216.72,8.572,2012,6,23,160,2,1.2246467991473532e-16,-1.0,0.35460488704253584,-0.9350162426854147
41,2012-06-15,55.4,2.895,218.619,8.537,2012,6,24,167,2,1.2246467991473532e-16,-1.0,0.23931566428755768,-0.970941817426052
41,2012-06-22,37.14,2.529,219.063,8.997,2012,6,25,174,2,1.2246467991473532e-16,-1.0,0.12053668025532308,-0.992708874098054
41,2012-06-29,49.25,2.428,215.3,8.531,2012,6,26,181,2,1.2246467991473532e-16,-1.0,-3.216245299353273e-16,-1.0
41,2012-07-06,43.31,2.618,221.051,7.781,2012,7,27,188,3,-0.4999999999999997,-0.8660254037844388,-0.12053668025532283,-0.992708874098054
41,2012-07-13,40.99,2.031,218.547,9.058,2012,7,28,195,3,-0.4999999999999997,-0.8660254037844388,-0.23931566428755743,-0.9709418174260521
41,2012-07-20,41.22,1.907,220.912,6.614,2012,7,29,202,3,-0.4999999999999997,-0.8660254037844388,-0.3546048870425356,-0.9350162426854148
41,2012-07-27,27.05,1.666,219.727,6.35,2012,7,30,209,3,-0.4999999999999997,-0.8660254037844388,-0.46472317204376806,-0.8854560256532101
41,2012-08-03,27.55,1.628,222.104,6.581,2012,8,31,216,3,-0.8660254037844385,-0.5000000000000004,-0.5680647467311556,-0.8229838658936566
41,2012-08-10,39.1,1.725,220.135,5.817,2012,8,32,223,3,-0.8660254037844385,-0.5000000000000004,-0.663122658240795,-0.7485107481711013
41,2012-08-17,22.29,1.164,222.608,6.896,2012,8,33,230,3,-0.8660254037844385,-0.5000000000000004,-0.7485107481711011,-0.6631226582407952
41,2012-08-24,22.7,1.528,223.074,6.098,2012,8,34,237,3,-0.8660254037844385,-0.5000000000000004,-0.8229838658936564,-0.5680647467311559
41,2012-08-31,16.67,1.182,219.314,6.516,2012,8,35,244,3,-0.8660254037844385,-0.5000000000000004,-0.8854560256532096,-0.4647231720437691
41,2012-09-07,14.27,1.219,219.467,6.415,2012,9,36,251,3,-1.0,-1.8369701987210297e-16,-0.9350162426854147,-0.3546048870425359
41,2012-09-14,9.79,0.796,221.023,6.021,2012,9,37,258,3,-1.0,-1.8369701987210297e-16,-0.970941817426052,-0.23931566428755774
41,2012-09-21,18.74,0.665,220.041,5.871,2012,9,38,265,3,-1.0,-1.8369701987210297e-16,-0.992708874098054,-0.12053668025532357
41,2012-09-28,12.64,0.907,220.832,6.387,2012,9,39,272,3,-1.0,-1.8369701987210297e-16,-1.0,-1.8369701987210297e-16
41,2012-10-05,15.47,0.984,217.436,5.515,2012,10,40,279,4,-0.8660254037844386,0.5000000000000001,-0.992708874098054,0.1205366802553232
41,2012-10-12,11.75,0.831,219.927,5.803,2012,10,41,286,4,-0.8660254037844386,0.5000000000000001,-0.9709418174260521,0.23931566428755738
41,2012-10-19,15.34,1.347,221.365,6.367,2012,10,42,293,4,-0.8660254037844386,0.5000000000000001,-0.9350162426854148,0.35460488704253557
41,2012-10-26,16.27,1.61,219.977,6.111,2012,10,43,300,4,-0.8660254037844386,0.5000000000000001,-0.8854560256532101,0.464723172043768
42,2010-02-05,58.36,3.428,212.253,8.583,2010,2,5,36,1,0.8660254037844386,0.5000000000000001,0.5680647467311558,0.8229838658936564
42,2010-02-12,63.09,3.553,211.981,9.965,2010,2,6,43,1,0.8660254037844386,0.5000000000000001,0.6631226582407952,0.7485107481711011
42,2010-02-19,76.46,3.779,210.49,9.238,2010,2,7,50,1,0.8660254037844386,0.5000000000000001,0.7485107481711011,0.6631226582407953
42,2010-02-26,66.53,4.023,208.333,9.233,2010,2,8,57,1,0.8660254037844386,0.5000000000000001,0.8229838658936564,0.5680647467311559
42,2010-03-05,73.78,3.913,209.192,9.804,2010,3,9,64,1,1.0,6.123233995736766e-17,0.8854560256532099,0.4647231720437686
42,2010-03-12,70.27,3.959,210.453,9.496,2010,3,10,71,1,1.0,6.123233995736766e-17,0.9350162426854148,0.35460488704253557
42,2010-03-19,71.1,4.109,209.068,10.202,2010,3,11,78,1,1.0,6.123233995736766e-17,0.970941817426052,0.23931566428755804
42,2010-03-26,82.59,3.947,210.982,9.14,2010,3,12,85,1,1.0,6.123233995736766e-17,0.992708874098054,0.120536680255323
42,2010-04-02,80.13,3.992,208.532,9.896,2010,4,13,92,2,0.8660254037844387,-0.4999999999999998,1.0,-1.6081226496766366e-16
42,2010-04-09,71.48,4.184,210.679,9.785,2010,4,14,99,2,0.8660254037844387,-0.4999999999999998,0.992708874098054,-0.12053668025532288
42,2010-04-16,72.3,4.319,211.196,9.652,2010,4,15,106,2,0.8660254037844387,-0.4999999999999998,0.9709418174260521,-0.2393156642875575
42,2010-04-23,72.16,4.022,208.597,9.765,2010,4,16,113,2,0.8660254037844387,-0.4999999999999998,0.9350162426854148,-0.35460488704253545
42,2010-04-30,81.44,4.205,209.227,9.111,2010,4,17,120,2,0.8660254037844387,-0.4999999999999998,0.8854560256532099,-0.4647231720437685
42,2010-05-07,63.52,3.836,206.87,8.92,2010,5,18,127,2,0.49999999999999994,-0.8660254037844387,0.8229838658936565,-0.5680647467311557
42,2010-05-14,71.36,3.569,211.166,9.935,2010,5,19,134,2,0.49999999999999994,-0.8660254037844387,0.7485107481711013,-0.663122658240795
42,2010-05-21,58.51,3.603,208.166,9.408,2010,5,20,141,2,0.49999999999999994,-0.8660254037844387,0.6631226582407952,-0.7485107481711012
42,2010-05-28,61.92,3.406,214.205,9.374,2010,5,21,148,2,0.49999999999999994,-0.8660254037844387,0.5680647467311558,-0.8229838658936564
42,2010-06-04,52.03,2.806,210.431,9.47,2010,6,22,155,2,1.2246467991473532e-16,-1.0,0.46472317204376906,-0.8854560256532096
42,2010-06-11,45.73,2.811,208.771,8.503,2010,6,23,162,2,1.2246467991473532e-16,-1.0,0.35460488704253584,-0.9350162426854147
42,2010-06-18,56.71,2.925,210.457,7.628,2010,6,24,169,2,1.2246467991473532e-16,-1.0,0.23931566428755768,-0.970941817426052
42,2010-06-25,39.75,2.429,211.11,7.789,2010,6,25,176,2,1.2246467991473532e-16,-1.0,0.12053668025532308,-0.992708874098054
42,2010-07-02,43.98,2.833,213.83,7.619,2010,7,26,183,3,-0.4999999999999997,-0.8660254037844388,-3.216245299353273e-16,-1.0
42,2010-07-09,38.26,2.271,210.335,8.443,2010,7,27,190,3,-0.4999999999999997,-0.8660254037844388,-0.12053668025532283,-0.992708874098054
42,2010-07-16,43.37,2.292,210.172,7.536,2010,7,28,197,3,-0.4999999999999997,-0.8660254037844388,-0.23931566428755743,-0.9709418174260521
42,2010-07-23,46.91,1.642,211.055,6.981,2010,7,29,204,3,-0.4999999999999997,-0.8660254037844388,-0.3546048870425356,-0.9350162426854148
42,2010-07-30,26.7,1.764,212.558,7.447,2010,7,30,211,3,-0.4999999999999997,-0.8660254037844388,-0.46472317204376806,-0.8854560256532101
42,2010-08-06,19.69,1.675,213.562,7.468,2010,8,31,218,3,-0.8660254037844385,-0.5000000000000004,-0.5680647467311556,-0.8229838658936566
42,2010-08-13,27.21,1.348,211.909,6.728,2010,8,32,225,3,-0.8660254037844385,-0.5000000000000004,-0.663122658240795,-0.7485107481711013
42,2010-08-20,17.26,1.559,207.543,5.909,2010,8,33,232,3,-0.8660254037844385,-0.5000000000000004,-0.7485107481711011,-0.6631226582407952
42,2010-08-27,21.02,1.694,211.54,6.029,2010,8,34,239,3,-0.8660254037844385,-0.5000000000000004,-0.8229838658936564,-0.5680647467311559
42,2010-09-03,21.98,1.2,206.137,5.857,2010,9,35,246,3,-1.0,-1.8369701987210297e-16,-0.8854560256532096,-0.4647231720437691
42,2010-09-10,8.48,1.404,212.437,6.697,2010,9,36,253,3,-1.0,-1.8369701987210297e-16,-0.9350162426854147,-0.3546048870425359
42,2010-09-17,17.62,1.024,206.499,5.276,2010,9,37,260,3,-1.0,-1.8369701987210297e-16,-0.970941817426052,-0.23931566428755774
42,2010-09-24,12.84,1.122,208.87,6.144,2010,9,38,267,3,-1.0,-1.8369701987210297e-16,-0.992708874098054,-0.12053668025532357
42,2010-10-01,17.56,1.246,211.625,6.147,2010,10,39,274,4,-0.8660254037844386,0.5000000000000001,-1.0,-1.8369701987210297e-16
42,2010-10-08,17.57,0.718,209.665,6.401,2010,10,40,281,4,-0.8660254037844386,0.5000000000000001,-0.992708874098054,0.1205366802553232
42,2010-10-15,21.94,0.999,211.598,5.559,2010,10,41,288,4,-0.8660254037844386,0.5000000000000001,-0.9709418174260521,0.23931566428755738
42,2010-10-22,19.44,1.149,210.739,5.66,2010,10,42,295,4,-0.8660254037844386,0.5000000000000001,-0.9350162426854148,0.35460488704253557
42,2010-10-29,21.91,1.17,209.644,6.6,2010,10,43,302,4,-0.8660254037844386,0.5000000000000001,-0.8854560256532101,0.464723172043768
42,2010-11-05,23.68,1.138,210.459,7.267,2010,11,44,309,4,-0.5000000000000004,0.8660254037844384,-0.822983865893657,0.5680647467311548
42,2010-11-12,21.98,1.477,211.229,6.753,2010,11,45,316,4,-0.5000000000000004,0.8660254037844384,-0.7485107481711011,0.6631226582407952
42,2010-11-19,29.32,1.745,206.89,6.202,2010,11,46,323,4,-0.5000000000000004,0.8660254037844384,-0.6631226582407955,0.7485107481711007
42,2010-11-26,21.02,1.71,209.567,6.345,2010,11,47,330,4,-0.5000000000000004,0.8660254037844384,-0.5680647467311559,0.8229838658936564
42,2010-12-03,26.63,1.682,210.179,7.183,2010,12,48,337,4,-2.4492935982947064e-16,1.0,-0.4647231720437684,0.88545602565321
42,2010-12-10,33.26,1.934,212.252,7.82,2010,12,49,344,4,-2.4492935982947064e-16,1.0,-0.35460488704253595,0.9350162426854147
42,2010-12-17,31.85,2.445,212.702,8.127,2010,12,50,351,4,-2.4492935982947064e-16,1.0,-0.2393156642875578,0.970941817426052
42,2010-12-24,45.06,2.252,208.156,7.291,2010,12,51,358,4,-2.4492935982947064e-16,1.0,-0.12053668025532363,0.992708874098054
42,2010-12-31,43.06,2.81,205.201,8.581,2010,12,52,365,4,-2.4492935982947064e-16,1.0,6.432490598706546e-16,1.0
42,2011-01-07,51.9,2.589,216.942,8.538,2011,1,1,7,1,0.49999999999999994,0.8660254037844387,0.12053668025532305,0.992708874098054
42,2011-01-14,51.83,3.178,213.981,8.084,2011,1,2,14,1,0.49999999999999994,0.8660254037844387,0.23931566428755774,0.970941817426052
42,2011-01-21,58.11,2.893,213.369,8.559,2011,1,3,21,1,0.49999999999999994,0.8660254037844387,0.3546048870425356,0.9350162426854148
42,2011-01-28,59.51,3.496,216.093,9.848,2011,1,4,28,1,0.49999999999999994,0.8660254037844387,0.4647231720437685,0.8854560256532099
42,2011-02-04,60.86,3.464,215.094,8.989,2011,2,5,35,1,0.8660254037844386,0.5000000000000001,0.5680647467311558,0.8229838658936564
42,2011-02-11,64.56,3.603,214.911,9.078,2011,2,6,42,1,0.8660254037844386,0.5000000000000001,0.6631226582407952,0.7485107481711011
42,2011-02-18,73.49,3.812,215.075,9.604,2011,2,7,49,1,0.8660254037844386,0.5000000000000001,0.7485107481711011,0.6631226582407953
42,2011-02-25,69.02,3.325,214.684,9.436,2011,2,8,56,1,0.8660254037844386,0.5000000000000001,0.8229838658936564,0.5680647467311559
42,2011-03-04,80.07,3.219,217.107,9.615,2011,3,9,63,1,1.0,6.123233995736766e-17,0.8854560256532099,0.4647231720437686
42,2011-03-11,77.12,4.257,214.418,10.46,2011,3,10,70,1,1.0,6.123233995736766e-17,0.9350162426854148,0.35460488704253557
42,2011-03-18,70.17,3.483,215.569,9.604,2011,3,11,77,1,1.0,6.123233995736766e-17,0.970941817426052,0.23931566428755804
42,2011-03-25,78.75,3.643,214.089,9.604,2011,3,12,84,1,1.0,6.123233995736766e-17,0.992708874098054,0.120536680255323
42,2011-04-01,65.47,3.933,219.422,9.572,2011,4,13,91,2,0.8660254037844387,-0.4999999999999998,1.0,-1.6081226496766366e-16
42,2011-04-08,70.94,3.937,218.865,10.775,2011,4,14,98,2,0.8660254037844387,-0.4999999999999998,0.992708874098054,-0.12053668025532288
42,2011-04-15,73.68,4.052,215.802,10.65,2011,4,15,105,2,0.8660254037844387,-0.4999999999999998,0.9709418174260521,-0.2393156642875575
42,2011-04-22,72.29,4.094,216.367,9.595,2011,4,16,112,2,0.8660254037844387,-0.4999999999999998,0.9350162426854148,-0.35460488704253545
42,2011-04-29,68.44,4.201,216.899,9.475,2011,4,17,119,2,0.8660254037844387,-0.4999999999999998,0.8854560256532099,-0.4647231720437685
42,2011-05-06,70.94,3.497,215.903,9.91,2011,5,18,126,2,0.49999999999999994,-0.8660254037844387,0.8229838658936565,-0.5680647467311557
42,2011-05-13,67.73,3.674,219.174,9.083,2011,5,19,133,2,0.49999999999999994,-0.8660254037844387,0.7485107481711013,-0.663122658240795
42,2011-05-20,58.51,3.626,216.19,9.526,2011,5,20,140,2,0.49999999999999994,-0.8660254037844387,0.6631226582407952,-0.7485107481711012
42,2011-05-27,53.26,2.988,212.435,9.301,2011,5,21,147,2,0.49999999999999994,-0.8660254037844387,0.5680647467311558,-0.8229838658936564
42,2011-06-03,67.99,3.361,212.759,9.189,2011,6,22,154,2,1.2246467991473532e-16,-1.0,0.46472317204376906,-0.8854560256532096
42,2011-06-10,61.79,3.257,217.668,8.338,2011,6,23,161,2,1.2246467991473532e-16,-1.0,0.35460488704253584,-0.9350162426854147
42,2011-06-17,62.08,2.517,214.747,8.286,2011,6,24,168,2,1.2246467991473532e-16,-1.0,0.23931566428755768,-0.970941817426052
42,2011-06-24,49.6,2.829,213.374,8.388,2011,6,25,175,2,1.2246467991473532e-16,-1.0,0.12053668025532308,-0.992708874098054
42,2011-07-01,46.94,2.56,214.986,8.361,2011,7,26,182,3,-0.4999999999999997,-0.8660254037844388,-3.216245299353273e-16,-1.0
42,2011-07-08,42.12,2.241,214.501,7.326,2011,7,27,189,3,-0.4999999999999997,-0.8660254037844388,-0.12053668025532283,-0.992708874098054
42,2011-07-15,53.97,1.933,214.999,7.676,2011,7,28,196,3,-0.4999999999999997,-0.8660254037844388,-0.23931566428755743,-0.9709418174260521
42,2011-07-22,34.74,1.666,212.379,7.268,2011,7,29,203,3,-0.4999999999999997,-0.8660254037844388,-0.3546048870425356,-0.9350162426854148
42,2011-07-29,29.15,1.63,215.786,6.553,2011,7,30,210,3,-0.4999999999999997,-0.8660254037844388,-0.46472317204376806,-0.8854560256532101
42,2011-08-05,29.0,1.713,214.32,6.65,2011,8,31,217,3,-0.8660254037844385,-0.5000000000000004,-0.5680647467311556,-0.8229838658936566
42,2011-08-12,20.15,1.22,216.049,6.586,2011,8,32,224,3,-0.8660254037844385,-0.5000000000000004,-0.663122658240795,-0.7485107481711013
42,2011-08-19,23.68,1.191,212.671,6.654,2011,8,33,231,3,-0.8660254037844385,-0.5000000000000004,-0.7485107481711011,-0.6631226582407952
42,2011-08-26,19.12,1.447,214.611,6.68,2011,8,34,238,3,-0.8660254037844385,-0.5000000000000004,-0.8229838658936564,-0.5680647467311559
42,2011-09-02,21.79,1.072,214.438,6.566,2011,9,35,245,3,-1.0,-1.8369701987210297e-16,-0.8854560256532096,-0.4647231720437691
42,2011-09-09,15.11,1.041,218.438,5.603,2011,9,36,252,3,-1.0,-1.8369701987210297e-16,-0.9350162426854147,-0.3546048870425359
42,2011-09-16,21.11,1.005,216.234,5.92,2011,9,37,259,3,-1.0,-1.8369701987210297e-16,-0.970941817426052,-0.23931566428755774
42,2011-09-23,13.79,1.01,214.051,6.287,2011,9,38,266,3,-1.0,-1.8369701987210297e-16,-0.992708874098054,-0.12053668025532357
42,2011-09-30,17.53,0.881,212.732,5.621,2011,9,39,273,3,-1.0,-1.8369701987210297e-16,-1.0,-1.8369701987210297e-16
42,2011-10-07,13.94,0.96,216.541,6.08,2011,10,40,280,4,-0.8660254037844386,0.5000000000000001,-0.992708874098054,0.1205366802553232
42,2011-10-14,9.42,0.849,211.628,5.268,2011,10,41,287,4,-0.8660254037844386,0.5000000000000001,-0.9709418174260521,0.23931566428755738
42,2011-10-21,7.4,1.134,215.673,5.254,2011,10,42,294,4,-0.8660254037844386,0.5000000000000001,-0.9350162426854148,0.35460488704253557
42,2011-10-28,13.53,0.949,217.9,6.526,2011,10,43,301,4,-0.8660254037844386,0.5000000000000001,-0.8854560256532101,0.464723172043768
42,2011-11-04,16.16,1.227,213.242,5.821,2011,11,44,308,4,-0.5000000000000004,0.8660254037844384,-0.822983865893657,0.5680647467311548
42,2011-11-11,20.63,1.227,215.458,6.92,2011,11,45,315,4,-0.5000000000000004,0.8660254037844384,-0.7485107481711011,0.6631226582407952
42,2011-11-18,17.78,1.502,213.247,7.125,2011,11,46,322,4,-0.5000000000000004,0.8660254037844384,-0.6631226582407955,0.7485107481711007
42,2011-11-25,18.21,1.443,214.476,6.827,2011,11,47,329,4,-0.5000000000000004,0.8660254037844384,-0.5680647467311559,0.8229838658936564
42,2011-12-02,34.51,1.798,215.117,6.794,2011,12,48,336,4,-2.4492935982947064e-16,1.0,-0.4647231720437684,0.88545602565321
42,2011-12-09,35.72,2.301,215.579,7.485,2011,12,49,343,4,-2.4492935982947064e-16,1.0,-0.35460488704253595,0.9350162426854147
42,2011-12-16,33.32,2.242,214.933,6.909,2011,12,50,350,4,-2.4492935982947064e-16,1.0,-0.2393156642875578,0.970941817426052
42,2011-12-23,40.8,2.246,216.145,7.771,2011,12,51,357,4,-2.4492935982947064e-16,1.0,-0.12053668025532363,0.992708874098054
42,2011-12-30,41.83,2.276,214.893,7.157,2011,12,52,364,4,-2.4492935982947064e-16,1.0,6.432490598706546e-16,1.0
42,2012-01-06,51.49,2.761,219.299,8.833,2012,1,1,6,1,0.49999999999999994,0.8660254037844387,0.12053668025532305,0.992708874098054
42,2012-01-13,48.96,2.838,221.245,9.102,2012,1,2,13,1,0.49999999999999994,0.8660254037844387,0.23931566428755774,0.970941817426052
42,2012-01-20,48.83,3.078,221.821,8.506,2012,1,3,20,1,0.49999999999999994,0.8660254037844387,0.3546048870425356,0.9350162426854148
42,2012-01-27,51.11,3.155,221.731,8.839,2012,1,4,27,1,0.49999999999999994,0.8660254037844387,0.4647231720437685,0.8854560256532099
42,2012-02-03,62.86,3.283,218.193,9.027,2012,2,5,34,1,0.8660254037844386,0.5000000000000001,0.5680647467311558,0.8229838658936564
42,2012-02-10,61.54,3.687,221.036,9.577,2012,2,6,41,1,0.8660254037844386,0.5000000000000001,0.6631226582407952,0.7485107481711011
42,2012-02-17,70.52,3.767,220.133,8.83,2012,2,7,48,1,0.8660254037844386,0.5000000000000001,0.7485107481711011,0.6631226582407953
42,2012-02-24,64.67,3.98,222.832,9.049,2012,2,8,55,1,0.8660254037844386,0.5000000000000001,0.8229838658936564,0.5680647467311559
42,2012-03-02,65.63,4.007,220.15,9.328,2012,3,9,62,1,1.0,6.123233995736766e-17,0.8854560256532099,0.4647231720437686
42,2012-03-09,73.4,4.057,220.607,10.088,2012,3,10,69,1,1.0,6.123233995736766e-17,0.9350162426854148,0.35460488704253557
42,2012-03-16,64.93,3.755,217.466,10.03,2012,3,11,76,1,1.0,6.123233995736766e-17,0.970941817426052,0.23931566428755804
42,2012-03-23,73.02,3.774,217.509,9.595,2012,3,12,83,1,1.0,6.123233995736766e-17,0.992708874098054,0.120536680255323
42,2012-03-30,75.08,3.695,219.246,10.381,2012,3,13,90,1,1.0,6.123233995736766e-17,1.0,-1.6081226496766366e-16
42,2012-04-06,77.61,4.022,220.106,9.361,2012,4,14,97,2,0.8660254037844387,-0.4999999999999998,0.992708874098054,-0.12053668025532288
42,2012-04-13,72.32,3.871,217.84,9.885,2012,4,15,104,2,0.8660254037844387,-0.4999999999999998,0.9709418174260521,-0.2393156642875575
42,2012-04-20,76.89,4.059,221.784,9.706,2012,4,16,111,2,0.8660254037844387,-0.4999999999999998,0.9350162426854148,-0.35460488704253545
42,2012-04-27,67.68,3.916,219.734,10.515,2012,4,17,118,2,0.8660254037844387,-0.4999999999999998,0.8854560256532099,-0.4647231720437685
42,2012-05-04,72.56,3.986,223.223,9.827,2012,5,18,125,2,0.49999999999999994,-0.8660254037844387,0.8229838658936565,-0.5680647467311557
42,2012-05-11,74.16,3.82,219.924,10.386,2012,5,19,132,2,0.49999999999999994,-0.8660254037844387,0.7485107481711013,-0.663122658240795
42,2012-05-18,67.29,3.418,225.08,9.461,2012,5,20,139,2,0.49999999999999994,-0.8660254037844387,0.6631226582407952,-0.7485107481711012
42,2012-05-25,65.98,3.641,221.355,9.893,2012,5,21,146,2,0.49999999999999994,-0.8660254037844387,0.5680647467311558,-0.8229838658936564
42,2012-06-01,66.6,3.515,222.695,8.649,2012,6,22,153,2,1.2246467991473532e-16,-1.0,0.46472317204376906,-0.8854560256532096
42,2012-06-08,52.61,3.288,218.011,8.84,2012,6,23,160,2,1.2246467991473532e-16,-1.0,0.35460488704253584,-0.9350162426854147
42,2012-06-15,57.05,2.882,218.323,8.502,2012,6,24,167,2,1.2246467991473532e-16,-1.0,0.23931566428755768,-0.970941817426052
42,2012-06-22,52.74,2.627,221.323,7.99,2012,6,25,174,2,1.2246467991473532e-16,-1.0,0.12053668025532308,-0.992708874098054
42,2012-06-29,39.39,2.473,216.734,8.268,2012,6,26,181,2,1.2246467991473532e-16,-1.0,-3.216245299353273e-16,-1.0
42,2012-07-06,45.77,2.512,223.133,7.441,2012,7,27,188,3,-0.4999999999999997,-0.8660254037844388,-0.12053668025532283,-0.992708874098054
42,2012-07-13,43.89,1.95,217.678,7.45,2012,7,28,195,3,-0.4999999999999997,-0.8660254037844388,-0.23931566428755743,-0.9709418174260521
42,2012-07-20,35.85,2.191,218.899,7.075,2012,7,29,202,3,-0.4999999999999997,-0.8660254037844388,-0.3546048870425356,-0.9350162426854148
42,2012-07-27,30.44,2.154,218.27,7.734,2012,7,30,209,3,-0.4999999999999997,-0.8660254037844388,-0.46472317204376806,-0.8854560256532101
42,2012-08-03,29.71,1.538,218.469,7.385,2012,8,31,216,3,-0.8660254037844385,-0.5000000000000004,-0.5680647467311556,-0.8229838658936566
42,2012-08-10,21.64,1.611,216.292,7.662,2012,8,32,223,3,-0.8660254037844385,-0.5000000000000004,-0.663122658240795,-0.7485107481711013
42,2012-08-17,23.85,1.271,220.139,6.364,2012,8,33,230,3,-0.8660254037844385,-0.5000000000000004,-0.7485107481711011,-0.6631226582407952
42,2012-08-24,15.31,1.027,221.361,6.161,2012,8,34,237,3,-0.8660254037844385,-0.5000000000000004,-0.8229838658936564,-0.5680647467311559
42,2012-08-31,15.17,1.319,217.139,5.939,2012,8,35,244,3,-0.8660254037844385,-0.5000000000000004,-0.8854560256532096,-0.4647231720437691
42,2012-09-07,20.29,0.959,219.494,6.699,2012,9,36,251,3,-1.0,-1.8369701987210297e-16,-0.9350162426854147,-0.3546048870425359
42,2012-09-14,16.49,1.253,220.464,6.263,2012,9,37,258,3,-1.0,-1.8369701987210297e-16,-0.970941817426052,-0.23931566428755774
42,2012-09-21,18.44,1.117,218.389,5.731,2012,9,38,265,3,-1.0,-1.8369701987210297e-16,-0.992708874098054,-0.12053668025532357
42,2012-09-28,13.34,1.341,221.569,6.673,2012,9,39,272,3,-1.0,-1.8369701987210297e-16,-1.0,-1.8369701987210297e-16
42,2012-10-05,16.4,1.092,221.972,6.119,2012,10,40,279,4,-0.8660254037844386,0.5000000000000001,-0.992708874098054,0.1205366802553232
42,2012-10-12,5.99,1.226,222.708,6.262,2012,10,41,286,4,-0.8660254037844386,0.5000000000000001,-0.9709418174260521,0.23931566428755738
42,2012-10-19,23.47,1.153,217.821,5.785,2012,10,42,293,4,-0.8660254037844386,0.5000000000000001,-0.9350162426854148,0.35460488704253557
42,2012-10-26,19.41,1.181,220.919,6.689,2012,10,43,300,4,-0.8660254037844386,0.5000000000000001,-0.8854560256532101,0.464723172043768
43,2010-02-05,60.78,3.579,210.499,8.553,2010,2,5,36,1,0.8660254037844386,0.5000000000000001,0.5680647467311558,0.8229838658936564
43,2010-02-12,62.25,3.275,207.307,9.499,2010,2,6,43,1,0.8660254037844386,0.5000000000000001,0.6631226582407952,0.7485107481711011
43,2010-02-19,73.3,3.792,209.59,9.788,2010,2,7,50,1,0.8660254037844386,0.5000000000000001,0.7485107481711011,0.6631226582407953
43,2010-02-26,72.85,3.874,211.84,9.092,2010,2,8,57,1,0.8660254037844386,0.5000000000000001,0.8229838658936564,0.5680647467311559
43,2010-03-05,66.57,3.632,209.987,9.179,2010,3,9,64,1,1.0,6.123233995736766e-17,0.8854560256532099,0.4647231720437686
43,2010-03-12,83.02,4.134,210.012,9.439,2010,3,10,71,1,1.0,6.123233995736766e-17,0.9350162426854148,0.35460488704253557
43,2010-03-19,74.02,3.991,208.421,9.478,2010,3,11,78,1,1.0,6.123233995736766e-17,0.970941817426052,0.23931566428755804
43,2010-03-26,71.15,4.131,212.123,10.034,2010,3,12,85,1,1.0,6.123233995736766e-17,0.992708874098054,0.120536680255323
43,2010-04-02,72.71,3.869,209.269,10.768,2010,4,13,92,2,0.8660254037844387,-0.4999999999999998,1.0,-1.6081226496766366e-16
43,2010-04-09,73.74,4.346,208.357,9.803,2010,4,14,99,2,0.8660254037844387,-0.4999999999999998,0.992708874098054,-0.12053668025532288
43,2010-04-16,71.81,4.025,211.307,9.897,2010,4,15,106,2,0.8660254037844387,-0.4999999999999998,0.9709418174260521,-0.2393156642875575
43,2010-04-23,78.39,4.02,212.046,9.504,2010,4,16,113,2,0.8660254037844387,-0.4999999999999998,0.9350162426854148,-0.35460488704253545
43,2010-04-30,69.59,4.123,210.214,10.079,2010,4,17,120,2,0.8660254037844387,-0.4999999999999998,0.8854560256532099,-0.4647231720437685
43,2010-05-07,65.52,3.624,210.046,9.595,2010,5,18,127,2,0.49999999999999994,-0.8660254037844387,0.8229838658936565,-0.5680647467311557
43,2010-05-14,64.29,3.228,210.374,10.279,2010,5,19,134,2,0.49999999999999994,-0.8660254037844387,0.7485107481711013,-0.663122658240795
43,2010-05-21,60.3,3.672,210.089,9.025,2010,5,20,141,2,0.49999999999999994,-0.8660254037844387,0.6631226582407952,-0.7485107481711012
43,2010-05-28,59.8,3.063,208.445,9.102,2010,5,21,148,2,0.49999999999999994,-0.8660254037844387,0.5680647467311558,-0.8229838658936564
43,2010-06-04,60.79,3.061,208.819,8.941,2010,6,22,155,2,1.2246467991473532e-16,-1.0,0.46472317204376906,-0.8854560256532096
43,2010-06-11,61.77,3.041,209.452,9.043,2010,6,23,162,2,1.2246467991473532e-16,-1.0,0.35460488704253584,-0.9350162426854147
43,2010-06-18,51.87,2.655,205.439,8.221,2010,6,24,169,2,1.2246467991473532e-16,-1.0,0.23931566428755768,-0.970941817426052
43,2010-06-25,39.26,2.699,212.511,8.083,2010,6,25,176,2,1.2246467991473532e-16,-1.0,0.12053668025532308,-0.992708874098054
43,2010-07-02,50.82,2.538,210.992,7.96,2010,7,26,183,3,-0.4999999999999997,-0.8660254037844388,-3.216245299353273e-16,-1.0
43,2010-07-09,41.75,2.633,209.968,7.618,2010,7,27,190,3,-0.4999999999999997,-0.8660254037844388,-0.12053668025532283,-0.992708874098054
43,2010-07-16,30.59,2.034,208.696,7.406,2010,7,28,197,3,-0.4999999999999997,-0.8660254037844388,-0.23931566428755743,-0.9709418174260521
43,2010-07-23,29.56,1.967,209.042,6.952,2010,7,29,204,3,-0.4999999999999997,-0.8660254037844388,-0.3546048870425356,-0.9350162426854148
43,2010-07-30,42.26,1.805,209.289,7.46,2010,7,30,211,3,-0.4999999999999997,-0.8660254037844388,-0.46472317204376806,-0.8854560256532101
43,2010-08-06,22.28,2.175,212.53,7.123,2010,8,31,218,3,-0.8660254037844385,-0.5000000000000004,-0.5680647467311556,-0.8229838658936566
43,2010-08-13,28.83,1.354,208.182,6.642,2010,8,32,225,3,-0.8660254037844385,-0.5000000000000004,-0.663122658240795,-0.7485107481711013
43,2010-08-20,30.23,1.166,206.926,6.28,2010,8,33,232,3,-0.8660254037844385,-0.5000000000000004,-0.7485107481711011,-0.6631226582407952
43,2010-08-27,18.42,1.191,210.836,6.008,2010,8,34,239,3,-0.8660254037844385,-0.5000000000000004,-0.8229838658936564,-0.5680647467311559
43,2010-09-03,16.47,1.242,209.94,6.813,2010,9,35,246,3,-1.0,-1.8369701987210297e-16,-0.8854560256532096,-0.4647231720437691
43,2010-09-10,24.17,0.889,208.969,5.963,2010,9,36,253,3,-1.0,-1.8369701987210297e-16,-0.9350162426854147,-0.3546048870425359
43,2010-09-17,24.85,0.849,210.694,5.294,2010,9,37,260,3,-1.0,-1.8369701987210297e-16,-0.970941817426052,-0.23931566428755774
43,2010-09-24,3.51,1.225,211.789,6.065,2010,9,38,267,3,-1.0,-1.8369701987210297e-16,-0.992708874098054,-0.12053668025532357
43,2010-10-01,15.68,1.359,208.543,5.657,2010,10,39,274,4,-0.8660254037844386,0.5000000000000001,-1.0,-1.8369701987210297e-16
43,2010-10-08,19.18,0.621,207.211,6.295,2010,10,40,281,4,-0.8660254037844386,0.5000000000000001,-0.992708874098054,0.1205366802553232
43,2010-10-15,18.2,1.362,210.65,6.039,2010,10,41,288,4,-0.8660254037844386,0.5000000000000001,-0.9709418174260521,0.23931566428755738
43,2010-10-22,20.93,1.07,210.909,5.705,2010,10,42,295,4,-0.8660254037844386,0.5000000000000001,-0.9350162426854148,0.35460488704253557
43,2010-10-29,16.32,1.304,210.282,6.367,2010,10,43,302,4,-0.8660254037844386,0.5000000000000001,-0.8854560256532101,0.464723172043768
43,2010-11-05,17.06,1.184,208.381,7.026,2010,11,44,309,4,-0.5000000000000004,0.8660254037844384,-0.822983865893657,0.5680647467311548
43,2010-11-12,12.55,1.271,207.461,6.386,2010,11,45,316,4,-0.5000000000000004,0.8660254037844384,-0.7485107481711011,0.6631226582407952
43,2010-11-19,27.64,1.696,211.49,6.339,2010,11,46,323,4,-0.5000000000000004,0.8660254037844384,-0.6631226582407955,0.7485107481711007
43,2010-11-26,27.58,1.935,207.362,7.316,2010,11,47,330,4,-0.5000000000000004,0.8660254037844384,-0.5680647467311559,0.8229838658936564
43,2010-12-03,26.43,1.823,211.859,6.432,2010,12,48,337,4,-2.4492935982947064e-16,1.0,-0.4647231720437684,0.88545602565321
43,2010-12-10,30.95,1.835,209.663,7.12,2010,12,49,344,4,-2.4492935982947064e-16,1.0,-0.35460488704253595,0.9350162426854147
43,2010-12-17,40.41,1.716,210.685,7.203,2010,12,50,351,4,-2.4492935982947064e-16,1.0,-0.2393156642875578,0.970941817426052
43,2010-12-24,37.7,2.328,208.878,7.755,2010,12,51,358,4,-2.4492935982947064e-16,1.0,-0.12053668025532363,0.992708874098054
43,2010-12-31,43.46,2.466,211.548,8.32,2010,12,52,365,4,-2.4492935982947064e-16,1.0,6.432490598706546e-16,1.0
43,2011-01-07,47.53,2.408,214.532,8.117,2011,1,1,7,1,0.49999999999999994,0.8660254037844387,0.12053668025532305,0.992708874098054
43,2011-01-14,49.98,2.917,217.415,8.501,2011,1,2,14,1,0.49999999999999994,0.8660254037844387,0.23931566428755774,0.970941817426052
43,2011-01-21,55.23,2.982,214.842,9.1,2011,1,3,21,1,0.49999999999999994,0.8660254037844387,0.3546048870425356,0.9350162426854148
43,2011-01-28,49.79,3.209,212.511,8.427,2011,1,4,28,1,0.49999999999999994,0.8660254037844387,0.4647231720437685,0.8854560256532099
43,2011-02-04,62.93,3.031,216.999,8.527,2011,2,5,35,1,0.8660254037844386,0.5000000000000001,0.5680647467311558,0.8229838658936564
43,2011-02-11,72.99,3.532,216.765,8.678,2011,2,6,42,1,0.8660254037844386,0.5000000000000001,0.6631226582407952,0.7485107481711011
43,2011-02-18,77.34,3.632,211.802,10.053,2011,2,7,49,1,0.8660254037844386,0.5000000000000001,0.7485107481711011,0.6631226582407953
43,2011-02-25,67.54,3.857,215.171,8.742,2011,2,8,56,1,0.8660254037844386,0.5000000000000001,0.8229838658936564,0.5680647467311559
43,2011-03-04,73.85,4.07,215.681,10.241,2011,3,9,63,1,1.0,6.123233995736766e-17,0.8854560256532099,0.4647231720437686
43,2011-03-11,68.04,4.107,211.002,9.704,2011,3,10,70,1,1.0,6.123233995736766e-17,0.9350162426854148,0.35460488704253557
43,2011-03-18,76.94,3.744,212.189,10.152,2011,3,11,77,1,1.0,6.123233995736766e-17,0.970941817426052,0.23931566428755804
43,2011-03-25,74.7,3.904,216.786,10.562,2011,3,12,84,1,1.0,6.123233995736766e-17,0.992708874098054,0.120536680255323
43,2011-04-01,78.5,3.756,216.057,9.356,2011,4,13,91,2,0.8660254037844387,-0.4999999999999998,1.0,-1.6081226496766366e-16
43,2011-04-08,72.64,4.094,214.658,10.3,2011,4,14,98,2,0.8660254037844387,-0.4999999999999998,0.992708874098054,-0.12053668025532288
43,2011-04-15,73.83,3.884,213.448,10.079,2011,4,15,105,2,0.8660254037844387,-0.4999999999999998,0.9709418174260521,-0.2393156642875575
43,2011-04-22,74.44,3.681,218.262,9.926,2011,4,16,112,2,0.8660254037844387,-0.4999999999999998,0.9350162426854148,-0.35460488704253545
43,2011-04-29,75.78,3.481,217.348,9.5,2011,4,17,119,2,0.8660254037844387,-0.4999999999999998,0.8854560256532099,-0.4647231720437685
43,2011-05-06,66.11,3.717,215.475,9.573,2011,5,18,126,2,0.49999999999999994,-0.8660254037844387,0.8229838658936565,-0.5680647467311557
43,2011-05-13,72.39,3.501,218.276,9.844,2011,5,19,133,2,0.49999999999999994,-0.8660254037844387,0.7485107481711013,-0.663122658240795
43,2011-05-20,62.85,3.508,215.129,8.551,2011,5,20,140,2,0.49999999999999994,-0.8660254037844387,0.6631226582407952,-0.7485107481711012
43,2011-05-27,60.52,3.449,215.59,9.651,2011,5,21,147,2,0.49999999999999994,-0.8660254037844387,0.5680647467311558,-0.8229838658936564
43,2011-06-03,59.5,3.248,218.125,8.283,2011,6,22,154,2,1.2246467991473532e-16,-1.0,0.46472317204376906,-0.8854560256532096
43,2011-06-10,54.09,2.697,216.905,7.975,2011,6,23,161,2,1.2246467991473532e-16,-1.0,0.35460488704253584,-0.9350162426854147
43,2011-06-17,56.01,2.865,214.331,8.27,2011,6,24,168,2,1.2246467991473532e-16,-1.0,0.23931566428755768,-0.970941817426052
43,2011-06-24,54.17,2.868,212.977,8.61,2011,6,25,175,2,1.2246467991473532e-16,-1.0,0.12053668025532308,-0.992708874098054
43,2011-07-01,50.47,2.391,215.92,8.399,2011,7,26,182,3,-0.4999999999999997,-0.8660254037844388,-3.216245299353273e-16,-1.0
43,2011-07-08,43.89,2.025,215.061,7.089,2011,7,27,189,3,-0.4999999999999997,-0.8660254037844388,-0.12053668025532283,-0.992708874098054
43,2011-07-15,35.54,2.263,214.36,7.428,2011,7,28,196,3,-0.4999999999999997,-0.8660254037844388,-0.23931566428755743,-0.9709418174260521
43,2011-07-22,42.59,1.928,214.309,7.243,2011,7,29,203,3,-0.4999999999999997,-0.8660254037844388,-0.3546048870425356,-0.9350162426854148
43,2011-07-29,33.45,1.374,216.124,7.179,2011,7,30,210,3,-0.4999999999999997,-0.8660254037844388,-0.46472317204376806,-0.8854560256532101
43,2011-08-05,34.36,1.856,217.433,7.37,2011,8,31,217,3,-0.8660254037844385,-0.5000000000000004,-0.5680647467311556,-0.8229838658936566
43,2011-08-12,23.53,1.73,215.361,6.444,2011,8,32,224,3,-0.8660254037844385,-0.5000000000000004,-0.663122658240795,-0.7485107481711013
43,2011-08-19,16.03,1.023,215.534,6.977,2011,8,33,231,3,-0.8660254037844385,-0.5000000000000004,-0.7485107481711011,-0.6631226582407952
43,2011-08-26,20.62,1.224,211.757,6.171,2011,8,34,238,3,-0.8660254037844385,-0.5000000000000004,-0.8229838658936564,-0.5680647467311559
43,2011-09-02,20.99,1.275,216.911,5.848,2011,9,35,245,3,-1.0,-1.8369701987210297e-16,-0.8854560256532096,-0.4647231720437691
43,2011-09-09,21.84,0.868,215.671,5.946,2011,9,36,252,3,-1.0,-1.8369701987210297e-16,-0.9350162426854147,-0.3546048870425359
43,2011-09-16,12.47,1.144,215.185,6.114,2011,9,37,259,3,-1.0,-1.8369701987210297e-16,-0.970941817426052,-0.23931566428755774
43,2011-09-23,24.9,1.147,216.235,7.018,2011,9,38,266,3,-1.0,-1.8369701987210297e-16,-0.992708874098054,-0.12053668025532357
43,2011-09-30,19.12,0.76,213.917,5.67,2011,9,39,273,3,-1.0,-1.8369701987210297e-16,-1.0,-1.8369701987210297e-16
43,2011-10-07,17.39,1.074,213.167,6.46,2011,10,40,280,4,-0.8660254037844386,0.5000000000000001,-0.992708874098054,0.1205366802553232
43,2011-10-14,2.05,1.355,214.57,4.636,2011,10,41,287,4,-0.8660254037844386,0.5000000000000001,-0.9709418174260521,0.23931566428755738
43,2011-10-21,17.25,1.215,214.728,6.56,2011,10,42,294,4,-0.8660254037844386,0.5000000000000001,-0.9350162426854148,0.35460488704253557
43,2011-10-28,13.36,1.243,216.624,5.913,2011,10,43,301,4,-0.8660254037844386,0.5000000000000001,-0.8854560256532101,0.464723172043768
43,2011-11-04,22.2,0.983,212.994,6.897,2011,11,44,308,4,-0.5000000000000004,0.8660254037844384,-0.822983865893657,0.5680647467311548
43,2011-11-11,16.23,1.624,215.597,6.667,2011,11,45,315,4,-0.5000000000000004,0.8660254037844384,-0.7485107481711011,0.6631226582407952
43,2011-11-18,31.09,1.524,218.103,5.877,2011,11,46,322,4,-0.5000000000000004,0.8660254037844384,-0.6631226582407955,0.7485107481711007
43,2011-11-25,39.63,1.832,210.676,7.467,2011,11,47,329,4,-0.5000000000000004,0.8660254037844384,-0.5680647467311559,0.8229838658936564
43,2011-12-02,26.58,1.611,209.808,7.197,2011,12,48,336,4,-2.4492935982947064e-16,1.0,-0.4647231720437684,0.88545602565321
43,2011-12-09,26.13,1.8,215.515,7.634,2011,12,49,343,4,-2.4492935982947064e-16,1.0,-0.35460488704253595,0.9350162426854147
43,2011-12-16,46.63,2.131,215.564,8.152,2011,12,50,350,4,-2.4492935982947064e-16,1.0,-0.2393156642875578,0.970941817426052
43,2011-12-23,46.21,2.285,211.811,7.808,2011,12,51,357,4,-2.4492935982947064e-16,1.0,-0.12053668025532363,0.992708874098054
43,2011-12-30,43.63,2.704,216.357,8.234,2011,12,52,364,4,-2.4492935982947064e-16,1.0,6.432490598706546e-16,1.0
43,2012-01-06,50.51,2.81,219.973,8.653,2012,1,1,6,1,0.49999999999999994,0.8660254037844387,0.12053668025532305,0.992708874098054
43,2012-01-13,55.54,2.901,221.351,7.675,2012,1,2,13,1,0.49999999999999994,0.8660254037844387,0.23931566428755774,0.970941817426052
43,2012-01-20,57.75,3.014,221.348,9.332,2012,1,3,20,1,0.49999999999999994,0.8660254037844387,0.3546048870425356,0.9350162426854148
43,2012-01-27,60.96,3.167,219.363,9.035,2012,1,4,27,1,0.49999999999999994,0.8660254037844387,0.4647231720437685,0.8854560256532099
43,2012-02-03,67.53,3.478,220.987,9.532,2012,2,5,34,1,0.8660254037844386,0.5000000000000001,0.5680647467311558,0.8229838658936564
43,2012-02-10,67.05,3.689,219.472,9.689,2012,2,6,41,1,0.8660254037844386,0.5000000000000001,0.6631226582407952,0.7485107481711011
43,2012-02-17,75.48,3.4,221.194,10.584,2012,2,7,48,1,0.8660254037844386,0.5000000000000001,0.7485107481711011,0.6631226582407953
43,2012-02-24,72.49,3.734,217.307,9.35,2012,2,8,55,1,0.8660254037844386,0.5000000000000001,0.8229838658936564,0.5680647467311559
43,2012-03-02,71.46,4.0,219.05,10.473,2012,3,9,62,1,1.0,6.123233995736766e-17,0.8854560256532099,0.4647231720437686
43,2012-03-09,64.32,3.99,218.507,10.235,2012,3,10,69,1,1.0,6.123233995736766e-17,0.9350162426854148,0.35460488704253557
43,2012-03-16,75.35,3.903,217.493,10.153,2012,3,11,76,1,1.0,6.123233995736766e-17,0.970941817426052,0.23931566428755804
43,2012-03-23,78.31,4.007,220.377,9.437,2012,3,12,83,1,1.0,6.123233995736766e-17,0.992708874098054,0.120536680255323
43,2012-03-30,76.83,4.259,214.885,10.63,2012,3,13,90,1,1.0,6.123233995736766e-17,1.0,-1.6081226496766366e-16
43,2012-04-06,70.47,3.856,219.134,10.075,2012,4,14,97,2,0.8660254037844387,-0.4999999999999998,0.992708874098054,-0.12053668025532288
43,2012-04-13,71.57,4.03,221.315,9.414,2012,4,15,104,2,0.8660254037844387,-0.4999999999999998,0.9709418174260521,-0.2393156642875575
43,2012-04-20,65.55,3.806,220.055,9.686,2012,4,16,111,2,0.8660254037844387,-0.4999999999999998,0.9350162426854148,-0.35460488704253545
43,2012-04-27,67.22,3.695,217.474,10.249,2012,4,17,118,2,0.8660254037844387,-0.4999999999999998,0.8854560256532099,-0.4647231720437685
43,2012-05-04,77.53,3.578,223.224,9.596,2012,5,18,125,2,0.49999999999999994,-0.8660254037844387,0.8229838658936565,-0.5680647467311557
43,2012-05-11,68.69,3.699,220.928,9.809,2012,5,19,132,2,0.49999999999999994,-0.8660254037844387,0.7485107481711013,-0.663122658240795
43,2012-05-18,69.6,3.766,220.754,9.263,2012,5,20,139,2,0.49999999999999994,-0.8660254037844387,0.6631226582407952,-0.7485107481711012
43,2012-05-25,56.47,3.369,217.638,8.653,2012,5,21,146,2,0.49999999999999994,-0.8660254037844387,0.5680647467311558,-0.8229838658936564
43,2012-06-01,68.74,3.154,221.304,8.604,2012,6,22,153,2,1.2246467991473532e-16,-1.0,0.46472317204376906,-0.8854560256532096
43,2012-06-08,55.83,2.834,220.499,8.131,2012,6,23,160,2,1.2246467991473532e-16,-1.0,0.35460488704253584,-0.9350162426854147
43,2012-06-15,48.5,3.238,220.237,8.096,2012,6,24,167,2,1.2246467991473532e-16,-1.0,0.23931566428755768,-0.970941817426052
43,2012-06-22,54.8,2.698,220.773,8.839,2012,6,25,174,2,1.2246467991473532e-16,-1.0,0.12053668025532308,-0.992708874098054
43,2012-06-29,40.48,2.908,219.428,8.215,2012,6,26,181,2,1.2246467991473532e-16,-1.0,-3.216245299353273e-16,-1.0
43,2012-07-06,38.18,2.41,217.2,7.836,2012,7,27,188,3,-0.4999999999999997,-0.8660254037844388,-0.12053668025532283,-0.992708874098054
43,2012-07-13,33.54,2.223,217.421,7.601,2012,7,28,195,3,-0.4999999999999997,-0.8660254037844388,-0.23931566428755743,-0.9709418174260521
43,2012-07-20,44.42,2.105,221.088,6.692,2012,7,29,202,3,-0.4999999999999997,-0.8660254037844388,-0.3546048870425356,-0.9350162426854148
43,2012-07-27,30.98,1.62,221.919,7.336,2012,7,30,209,3,-0.4999999999999997,-0.8660254037844388,-0.46472317204376806,-0.8854560256532101
43,2012-08-03,25.58,1.819,220.919,7.467,2012,8,31,216,3,-0.8660254037844385,-0.5000000000000004,-0.5680647467311556,-0.8229838658936566
43,2012-08-10,31.67,1.192,217.517,6.663,2012,8,32,223,3,-0.8660254037844385,-0.5000000000000004,-0.663122658240795,-0.7485107481711013
43,2012-08-17,27.19,1.216,213.262,5.588,2012,8,33,230,3,-0.8660254037844385,-0.5000000000000004,-0.7485107481711011,-0.6631226582407952
43,2012-08-24,20.49,1.213,222.087,5.527,2012,8,34,237,3,-0.8660254037844385,-0.5000000000000004,-0.8229838658936564,-0.5680647467311559
43,2012-08-31,22.97,1.41,220.953,6.098,2012,8,35,244,3,-0.8660254037844385,-0.5000000000000004,-0.8854560256532096,-0.4647231720437691
43,2012-09-07,12.84,1.038,220.746,5.949,2012,9,36,251,3,-1.0,-1.8369701987210297e-16,-0.9350162426854147,-0.3546048870425359
43,2012-09-14,10.41,1.071,220.301,5.997,2012,9,37,258,3,-1.0,-1.8369701987210297e-16,-0.970941817426052,-0.23931566428755774
43,2012-09-21,22.84,0.881,221.513,6.068,2012,9,38,265,3,-1.0,-1.8369701987210297e-16,-0.992708874098054,-0.12053668025532357
43,2012-09-28,9.49,1.181,219.262,6.848,2012,9,39,272,3,-1.0,-1.8369701987210297e-16,-1.0,-1.8369701987210297e-16
43,2012-10-05,10.15,1.097,220.314,6.883,2012,10,40,279,4,-0.8660254037844386,0.5000000000000001,-0.992708874098054,0.1205366802553232
43,2012-10-12,16.22,0.974,218.848,5.585,2012,10,41,286,4,-0.8660254037844386,0.5000000000000001,-0.9709418174260521,0.23931566428755738
43,2012-10-19,17.8,1.124,222.025,5.695,2012,10,42,293,4,-0.8660254037844386,0.5000000000000001,-0.9350162426854148,0.35460488704253557
43,2012-10-26,22.4,1.089,220.364,7.307,2012,10,43,300,4,-0.8660254037844386,0.5000000000000001,-0.8854560256532101,0.464723172043768
44,2010-02-05,62.92,3.183,206.547,9.472,2010,2,5,36,1,0.8660254037844386,0.5000000000000001,0.5680647467311558,0.8229838658936564
44,2010-02-12,64.06,3.219,207.247,9.313,2010,2,6,43,1,0.8660254037844386,0.5000000000000001,0.6631226582407952,0.7485107481711011
44,2010-02-19,66.96,3.527,212.398,9.398,2010,2,7,50,1,0.8660254037844386,0.5000000000000001,0.7485107481711011,0.6631226582407953
44,2010-02-26,75.1,3.854,208.751,9.217,2010,2,8,57,1,0.8660254037844386,0.5000000000000001,0.8229838658936564,0.5680647467311559
44,2010-03-05,66.29,3.95,210.196,8.693,2010,3,9,64,1,1.0,6.123233995736766e-17,0.8854560256532099,0.4647231720437686
44,2010-03-12,62.73,3.812,207.792,9.884,2010,3,10,71,1,1.0,6.123233995736766e-17,0.9350162426854148,0.35460488704253557
44,2010-03-19,65.01,4.057,209.684,9.902,2010,3,11,78,1,1.0,6.123233995736766e-17,0.970941817426052,0.23931566428755804
44,2010-03-26,70.61,3.513,208.694,10.616,2010,3,12,85,1,1.0,6.123233995736766e-17,0.992708874098054,0.120536680255323
44,2010-04-02,76.8,4.019,210.571,9.541,2010,4,13,92,2,0.8660254037844387,-0.4999999999999998,1.0,-1.6081226496766366e-16
44,2010-04-09,84.13,4.164,209.62,10.101,2010,4,14,99,2,0.8660254037844387,-0.4999999999999998,0.992708874098054,-0.12053668025532288
44,2010-04-16,71.58,4.105,209.139,10.056,2010,4,15,106,2,0.8660254037844387,-0.4999999999999998,0.9709418174260521,-0.2393156642875575
44,2010-04-23,76.61,3.88,210.178,9.807,2010,4,16,113,2,0.8660254037844387,-0.4999999999999998,0.9350162426854148,-0.35460488704253545
44,2010-04-30,71.59,3.973,207.526,9.601,2010,4,17,120,2,0.8660254037844387,-0.4999999999999998,0.8854560256532099,-0.4647231720437685
44,2010-05-07,77.47,3.669,211.124,9.417,2010,5,18,127,2,0.49999999999999994,-0.8660254037844387,0.8229838658936565,-0.5680647467311557
44,2010-05-14,71.83,3.532,210.432,9.523,2010,5,19,134,2,0.49999999999999994,-0.8660254037844387,0.7485107481711013,-0.663122658240795
44,2010-05-21,56.68,3.19,208.303,9.065,2010,5,20,141,2,0.49999999999999994,-0.8660254037844387,0.6631226582407952,-0.7485107481711012
44,2010-05-28,62.95,3.292,207.704,9.755,2010,5,21,148,2,0.49999999999999994,-0.8660254037844387,0.5680647467311558,-0.8229838658936564
44,2010-06-04,58.98,3.097,209.401,8.836,2010,6,22,155,2,1.2246467991473532e-16,-1.0,0.46472317204376906,-0.8854560256532096
44,2010-06-11,58.86,3.157,210.764,8.332,2010,6,23,162,2,1.2246467991473532e-16,-1.0,0.35460488704253584,-0.9350162426854147
44,2010-06-18,46.04,3.536,209.287,8.768,2010,6,24,169,2,1.2246467991473532e-16,-1.0,0.23931566428755768,-0.970941817426052
44,2010-06-25,46.89,2.391,210.715,8.643,2010,6,25,176,2,1.2246467991473532e-16,-1.0,0.12053668025532308,-0.992708874098054
44,2010-07-02,49.83,2.593,210.067,7.741,2010,7,26,183,3,-0.4999999999999997,-0.8660254037844388,-3.216245299353273e-16,-1.0
44,2010-07-09,40.01,2.359,210.021,6.793,2010,7,27,190,3,-0.4999999999999997,-0.8660254037844388,-0.12053668025532283,-0.992708874098054
44,2010-07-16,37.6,2.124,207.367,7.354,2010,7,28,197,3,-0.4999999999999997,-0.8660254037844388,-0.23931566428755743,-0.9709418174260521
44,2010-07-23,36.45,2.038,210.746,7.667,2010,7,29,204,3,-0.4999999999999997,-0.8660254037844388,-0.3546048870425356,-0.9350162426854148
44,2010-07-30,22.34,1.928,213.783,7.165,2010,7,30,211,3,-0.4999999999999997,-0.8660254037844388,-0.46472317204376806,-0.8854560256532101
44,2010-08-06,19.76,1.418,206.136,6.855,2010,8,31,218,3,-0.8660254037844385,-0.5000000000000004,-0.5680647467311556,-0.8229838658936566
44,2010-08-13,27.97,1.41,209.887,7.024,2010,8,32,225,3,-0.8660254037844385,-0.5000000000000004,-0.663122658240795,-0.7485107481711013
44,2010-08-20,23.08,1.55,211.108,5.411,2010,8,33,232,3,-0.8660254037844385,-0.5000000000000004,-0.7485107481711011,-0.6631226582407952
44,2010-08-27,16.96,1.216,210.325,6.699,2010,8,34,239,3,-0.8660254037844385,-0.5000000000000004,-0.8229838658936564,-0.5680647467311559
44,2010-09-03,20.22,1.406,211.377,6.712,2010,9,35,246,3,-1.0,-1.8369701987210297e-16,-0.8854560256532096,-0.4647231720437691
44,2010-09-10,11.8,1.303,209.248,6.405,2010,9,36,253,3,-1.0,-1.8369701987210297e-16,-0.9350162426854147,-0.3546048870425359
44,2010-09-17,18.69,0.971,211.558,6.549,2010,9,37,260,3,-1.0,-1.8369701987210297e-16,-0.970941817426052,-0.23931566428755774
44,2010-09-24,6.62,0.968,208.342,5.687,2010,9,38,267,3,-1.0,-1.8369701987210297e-16,-0.992708874098054,-0.12053668025532357
44,2010-10-01,14.39,1.252,206.665,6.06,2010,10,39,274,4,-0.8660254037844386,0.5000000000000001,-1.0,-1.8369701987210297e-16
44,2010-10-08,16.91,1.098,207.037,6.157,2010,10,40,281,4,-0.8660254037844386,0.5000000000000001,-0.992708874098054,0.1205366802553232
44,2010-10-15,8.7,1.162,209.134,6.098,2010,10,41,288,4,-0.8660254037844386,0.5000000000000001,-0.9709418174260521,0.23931566428755738
44,2010-10-22,17.21,1.149,208.917,6.453,2010,10,42,295,4,-0.8660254037844386,0.5000000000000001,-0.9350162426854148,0.35460488704253557
44,2010-10-29,24.24,1.301,207.158,6.221,2010,10,43,302,4,-0.8660254037844386,0.5000000000000001,-0.8854560256532101,0.464723172043768
44,2010-11-05,19.53,1.251,208.869,7.223,2010,11,44,309,4,-0.5000000000000004,0.8660254037844384,-0.822983865893657,0.5680647467311548
44,2010-11-12,21.95,1.536,208.636,7.643,2010,11,45,316,4,-0.5000000000000004,0.8660254037844384,-0.7485107481711011,0.6631226582407952
44,2010-11-19,16.28,1.386,206.863,6.961,2010,11,46,323,4,-0.5000000000000004,0.8660254037844384,-0.6631226582407955,0.7485107481711007
44,2010-11-26,25.18,1.642,207.675,7.478,2010,11,47,330,4,-0.5000000000000004,0.8660254037844384,-0.5680647467311559,0.8229838658936564
44,2010-12-03,24.87,2.065,212.167,6.805,2010,12,48,337,4,-2.4492935982947064e-16,1.0,-0.4647231720437684,0.88545602565321
44,2010-12-10,29.31,1.863,207.955,7.866,2010,12,49,344,4,-2.4492935982947064e-16,1.0,-0.35460488704253595,0.9350162426854147
44,2010-12-17,34.15,2.097,210.532,7.067,2010,12,50,351,4,-2.4492935982947064e-16,1.0,-0.2393156642875578,0.970941817426052
44,2010-12-24,49.76,2.352,212.849,7.797,2010,12,51,358,4,-2.4492935982947064e-16,1.0,-0.12053668025532363,0.992708874098054
44,2010-12-31,43.5,2.419,210.968,8.211,2010,12,52,365,4,-2.4492935982947064e-16,1.0,6.432490598706546e-16,1.0
44,2011-01-07,63.06,2.981,213.062,7.742,2011,1,1,7,1,0.49999999999999994,0.8660254037844387,0.12053668025532305,0.992708874098054
44,2011-01-14,51.04,2.871,216.747,7.896,2011,1,2,14,1,0.49999999999999994,0.8660254037844387,0.23931566428755774,0.970941817426052
44,2011-01-21,51.17,3.255,221.229,8.538,2011,1,3,21,1,0.49999999999999994,0.8660254037844387,0.3546048870425356,0.9350162426854148
44,2011-01-28,55.27,3.462,216.545,9.35,2011,1,4,28,1,0.49999999999999994,0.8660254037844387,0.4647231720437685,0.8854560256532099
44,2011-02-04,58.88,3.645,212.081,9.46,2011,2,5,35,1,0.8660254037844386,0.5000000000000001,0.5680647467311558,0.8229838658936564
44,2011-02-11,55.14,3.446,216.714,9.65,2011,2,6,42,1,0.8660254037844386,0.5000000000000001,0.6631226582407952,0.7485107481711011
44,2011-02-18,61.62,3.637,218.548,9.361,2011,2,7,49,1,0.8660254037844386,0.5000000000000001,0.7485107481711011,0.6631226582407953
44,2011-02-25,73.15,3.679,214.496,9.741,2011,2,8,56,1,0.8660254037844386,0.5000000000000001,0.8229838658936564,0.5680647467311559
44,2011-03-04,69.5,3.585,214.362,9.249,2011,3,9,63,1,1.0,6.123233995736766e-17,0.8854560256532099,0.4647231720437686
44,2011-03-11,76.3,3.925,212.71,9.486,2011,3,10,70,1,1.0,6.123233995736766e-17,0.9350162426854148,0.35460488704253557
44,2011-03-18,83.64,3.903,211.56,10.06,2011,3,11,77,1,1.0,6.123233995736766e-17,0.970941817426052,0.23931566428755804
44,2011-03-25,66.48,4.256,211.637,10.647,2011,3,12,84,1,1.0,6.123233995736766e-17,0.992708874098054,0.120536680255323
44,2011-04-01,70.37,4.04,218.718,10.504,2011,4,13,91,2,0.8660254037844387,-0.4999999999999998,1.0,-1.6081226496766366e-16
44,2011-04-08,71.19,4.034,214.076,10.053,2011,4,14,98,2,0.8660254037844387,-0.4999999999999998,0.992708874098054,-0.12053668025532288
44,2011-04-15,81.22,4.005,214.544,9.885,2011,4,15,105,2,0.8660254037844387,-0.4999999999999998,0.9709418174260521,-0.2393156642875575
44,2011-04-22,68.4,3.896,214.443,9.825,2011,4,16,112,2,0.8660254037844387,-0.4999999999999998,0.9350162426854148,-0.35460488704253545
44,2011-04-29,64.58,3.997,214.823,10.047,2011,4,17,119,2,0.8660254037844387,-0.4999999999999998,0.8854560256532099,-0.4647231720437685
44,2011-05-06,73.66,3.598,214.257,9.265,2011,5,18,126,2,0.49999999999999994,-0.8660254037844387,0.8229838658936565,-0.5680647467311557
44,2011-05-13,67.87,3.569,217.855,8.817,2011,5,19,133,2,0.49999999999999994,-0.8660254037844387,0.7485107481711013,-0.663122658240795
44,2011-05-20,68.98,3.459,212.907,8.967,2011,5,20,140,2,0.49999999999999994,-0.8660254037844387,0.6631226582407952,-0.7485107481711012
44,2011-05-27,51.69,3.35,219.573,9.287,2011,5,21,147,2,0.49999999999999994,-0.8660254037844387,0.5680647467311558,-0.8229838658936564
44,2011-06-03,60.35,3.101,216.555,9.254,2011,6,22,154,2,1.2246467991473532e-16,-1.0,0.46472317204376906,-0.8854560256532096
44,2011-06-10,54.85,2.884,215.912,8.729,2011,6,23,161,2,1.2246467991473532e-16,-1.0,0.35460488704253584,-0.9350162426854147
44,2011-06-17,49.41,2.896,216.721,9.322,2011,6,24,168,2,1.2246467991473532e-16,-1.0,0.23931566428755768,-0.970941817426052
44,2011-06-24,38.9,2.902,215.045,9.122,2011,6,25,175,2,1.2246467991473532e-16,-1.0,0.12053668025532308,-0.992708874098054
44,2011-07-01,48.09,2.626,212.625,7.873,2011,7,26,182,3,-0.4999999999999997,-0.8660254037844388,-3.216245299353273e-16,-1.0
44,2011-07-08,43.89,2.322,214.422,7.975,2011,7,27,189,3,-0.4999999999999997,-0.8660254037844388,-0.12053668025532283,-0.992708874098054
44,2011-07-15,41.31,2.224,220.459,7.883,2011,7,28,196,3,-0.4999999999999997,-0.8660254037844388,-0.23931566428755743,-0.9709418174260521
44,2011-07-22,35.06,2.286,217.622,7.837,2011,7,29,203,3,-0.4999999999999997,-0.8660254037844388,-0.3546048870425356,-0.9350162426854148
44,2011-07-29,33.41,1.958,217.044,7.078,2011,7,30,210,3,-0.4999999999999997,-0.8660254037844388,-0.46472317204376806,-0.8854560256532101
44,2011-08-05,19.82,1.674,216.476,7.26,2011,8,31,217,3,-0.8660254037844385,-0.5000000000000004,-0.5680647467311556,-0.8229838658936566
44,2011-08-12,25.18,1.576,213.144,6.681,2011,8,32,224,3,-0.8660254037844385,-0.5000000000000004,-0.663122658240795,-0.7485107481711013
44,2011-08-19,25.85,1.139,213.29,6.679,2011,8,33,231,3,-0.8660254037844385,-0.5000000000000004,-0.7485107481711011,-0.6631226582407952
44,2011-08-26,14.38,1.174,215.394,6.561,2011,8,34,238,3,-0.8660254037844385,-0.5000000000000004,-0.8229838658936564,-0.5680647467311559
44,2011-09-02,24.27,1.538,215.399,6.833,2011,9,35,245,3,-1.0,-1.8369701987210297e-16,-0.8854560256532096,-0.4647231720437691
44,2011-09-09,19.56,0.914,213.741,6.031,2011,9,36,252,3,-1.0,-1.8369701987210297e-16,-0.9350162426854147,-0.3546048870425359
44,2011-09-16,15.52,1.248,214.123,6.014,2011,9,37,259,3,-1.0,-1.8369701987210297e-16,-0.970941817426052,-0.23931566428755774
44,2011-09-23,18.17,1.363,216.721,5.906,2011,9,38,266,3,-1.0,-1.8369701987210297e-16,-0.992708874098054,-0.12053668025532357
44,2011-09-30,16.28,1.017,213.108,6.39,2011,9,39,273,3,-1.0,-1.8369701987210297e-16,-1.0,-1.8369701987210297e-16
44,2011-10-07,8.36,1.034,215.421,5.845,2011,10,40,280,4,-0.8660254037844386,0.5000000000000001,-0.992708874098054,0.1205366802553232
44,2011-10-14,6.49,0.651,217.443,5.861,2011,10,41,287,4,-0.8660254037844386,0.5000000000000001,-0.9709418174260521,0.23931566428755738
44,2011-10-21,11.05,0.977,216.262,6.874,2011,10,42,294,4,-0.8660254037844386,0.5000000000000001,-0.9350162426854148,0.35460488704253557
44,2011-10-28,27.38,1.165,214.472,6.492,2011,10,43,301,4,-0.8660254037844386,0.5000000000000001,-0.8854560256532101,0.464723172043768
44,2011-11-04,12.15,0.94,213.368,6.94,2011,11,44,308,4,-0.5000000000000004,0.8660254037844384,-0.822983865893657,0.5680647467311548
44,2011-11-11,19.29,1.547,218.097,6.317,2011,11,45,315,4,-0.5000000000000004,0.8660254037844384,-0.7485107481711011,0.6631226582407952
44,2011-11-18,23.97,1.686,211.297,6.793,2011,11,46,322,4,-0.5000000000000004,0.8660254037844384,-0.6631226582407955,0.7485107481711007
44,2011-11-25,26.19,1.84,215.11,6.314,2011,11,47,329,4,-0.5000000000000004,0.8660254037844384,-0.5680647467311559,0.8229838658936564
44,2011-12-02,27.88,1.562,216.196,6.272,2011,12,48,336,4,-2.4492935982947064e-16,1.0,-0.4647231720437684,0.88545602565321
44,2011-12-09,37.81,2.2,213.232,6.614,2011,12,49,343,4,-2.4492935982947064e-16,1.0,-0.35460488704253595,0.9350162426854147
44,2011-12-16,36.3,2.499,215.678,7.274,2011,12,50,350,4,-2.4492935982947064e-16,1.0,-0.2393156642875578,0.970941817426052
44,2011-12-23,39.95,2.588,215.014,5.856,2011,12,51,357,4,-2.4492935982947064e-16,1.0,-0.12053668025532363,0.992708874098054
44,2011-12-30,39.95,2.721,216.717,8.64,2011,12,52,364,4,-2.4492935982947064e-16,1.0,6.432490598706546e-16,1.0
44,2012-01-06,46.8,2.891,216.025,8.318,2012,1,1,6,1,0.49999999999999994,0.8660254037844387,0.12053668025532305,0.992708874098054
44,2012-01-13,49.94,3.014,215.307,9.626,2012,1,2,13,1,0.49999999999999994,0.8660254037844387,0.23931566428755774,0.970941817426052
44,2012-01-20,63.05,3.088,218.249,8.766,2012,1,3,20,1,0.49999999999999994,0.8660254037844387,0.3546048870425356,0.9350162426854148
44,2012-01-27,57.18,3.214,223.194,8.229,2012,1,4,27,1,0.49999999999999994,0.8660254037844387,0.4647231720437685,0.8854560256532099
44,2012-02-03,62.29,3.074,225.689,9.231,2012,2,5,34,1,0.8660254037844386,0.5000000000000001,0.5680647467311558,0.8229838658936564
44,2012-02-10,63.75,3.327,216.021,8.772,2012,2,6,41,1,0.8660254037844386,0.5000000000000001,0.6631226582407952,0.7485107481711011
44,2012-02-17,64.77,3.634,224.13,8.844,2012,2,7,48,1,0.8660254037844386,0.5000000000000001,0.7485107481711011,0.6631226582407953
44,2012-02-24,71.35,3.445,221.666,9.47,2012,2,8,55,1,0.8660254037844386,0.5000000000000001,0.8229838658936564,0.5680647467311559
44,2012-03-02,69.81,3.815,218.546,10.169,2012,3,9,62,1,1.0,6.123233995736766e-17,0.8854560256532099,0.4647231720437686
44,2012-03-09,80.31,3.647,220.347,9.943,2012,3,10,69,1,1.0,6.123233995736766e-17,0.9350162426854148,0.35460488704253557
44,2012-03-16,63.7,4.0,217.864,10.08,2012,3,11,76,1,1.0,6.123233995736766e-17,0.970941817426052,0.23931566428755804
44,2012-03-23,68.3,3.821,220.542,9.861,2012,3,12,83,1,1.0,6.123233995736766e-17,0.992708874098054,0.120536680255323
44,2012-03-30,79.36,3.939,218.476,10.129,2012,3,13,90,1,1.0,6.123233995736766e-17,1.0,-1.6081226496766366e-16
44,2012-04-06,75.64,4.297,218.698,10.801,2012,4,14,97,2,0.8660254037844387,-0.4999999999999998,0.992708874098054,-0.12053668025532288
44,2012-04-13,72.36,3.975,215.144,9.839,2012,4,15,104,2,0.8660254037844387,-0.4999999999999998,0.9709418174260521,-0.2393156642875575
44,2012-04-20,69.74,4.03,217.995,9.462,2012,4,16,111,2,0.8660254037844387,-0.4999999999999998,0.9350162426854148,-0.35460488704253545
44,2012-04-27,62.29,3.915,222.293,9.953,2012,4,17,118,2,0.8660254037844387,-0.4999999999999998,0.8854560256532099,-0.4647231720437685
44,2012-05-04,81.04,3.705,220.889,8.644,2012,5,18,125,2,0.49999999999999994,-0.8660254037844387,0.8229838658936565,-0.5680647467311557
44,2012-05-11,65.39,3.591,219.675,9.835,2012,5,19,132,2,0.49999999999999994,-0.8660254037844387,0.7485107481711013,-0.663122658240795
44,2012-05-18,55.89,3.225,221.748,9.533,2012,5,20,139,2,0.49999999999999994,-0.8660254037844387,0.6631226582407952,-0.7485107481711012
44,2012-05-25,59.14,3.379,220.136,9.872,2012,5,21,146,2,0.49999999999999994,-0.8660254037844387,0.5680647467311558,-0.8229838658936564
44,2012-06-01,57.66,3.108,220.625,8.575,2012,6,22,153,2,1.2246467991473532e-16,-1.0,0.46472317204376906,-0.8854560256532096
44,2012-06-08,56.43,2.871,219.825,7.835,2012,6,23,160,2,1.2246467991473532e-16,-1.0,0.35460488704253584,-0.9350162426854147
44,2012-06-15,46.71,2.626,221.822,8.093,2012,6,24,167,2,1.2246467991473532e-16,-1.0,0.23931566428755768,-0.970941817426052
44,2012-06-22,51.87,2.768,220.069,9.04,2012,6,25,174,2,1.2246467991473532e-16,-1.0,0.12053668025532308,-0.992708874098054
44,2012-06-29,47.74,2.654,221.283,7.748,2012,6,26,181,2,1.2246467991473532e-16,-1.0,-3.216245299353273e-16,-1.0
44,2012-07-06,37.11,2.151,216.052,7.041,2012,7,27,188,3,-0.4999999999999997,-0.8660254037844388,-0.12053668025532283,-0.992708874098054
44,2012-07-13,43.13,2.152,224.173,6.984,2012,7,28,195,3,-0.4999999999999997,-0.8660254037844388,-0.23931566428755743,-0.9709418174260521
44,2012-07-20,40.03,2.28,220.932,7.463,2012,7,29,202,3,-0.4999999999999997,-0.8660254037844388,-0.3546048870425356,-0.9350162426854148
44,2012-07-27,31.73,1.947,219.695,7.048,2012,7,30,209,3,-0.4999999999999997,-0.8660254037844388,-0.46472317204376806,-0.8854560256532101
44,2012-08-03,36.53,1.561,219.839,6.791,2012,8,31,216,3,-0.8660254037844385,-0.5000000000000004,-0.5680647467311556,-0.8229838658936566
44,2012-08-10,25.49,1.704,221.219,7.093,2012,8,32,223,3,-0.8660254037844385,-0.5000000000000004,-0.663122658240795,-0.7485107481711013
44,2012-08-17,18.72,1.147,217.106,6.417,2012,8,33,230,3,-0.8660254037844385,-0.5000000000000004,-0.7485107481711011,-0.6631226582407952
44,2012-08-24,23.62,1.267,219.937,6.07,2012,8,34,237,3,-0.8660254037844385,-0.5000000000000004,-0.8229838658936564,-0.5680647467311559
44,2012-08-31,18.72,1.245,220.875,7.168,2012,8,35,244,3,-0.8660254037844385,-0.5000000000000004,-0.8854560256532096,-0.4647231720437691
44,2012-09-07,23.47,1.067,220.834,6.2,2012,9,36,251,3,-1.0,-1.8369701987210297e-16,-0.9350162426854147,-0.3546048870425359
44,2012-09-14,25.96,1.242,216.993,5.884,2012,9,37,258,3,-1.0,-1.8369701987210297e-16,-0.970941817426052,-0.23931566428755774
44,2012-09-21,19.15,1.187,220.606,6.233,2012,9,38,265,3,-1.0,-1.8369701987210297e-16,-0.992708874098054,-0.12053668025532357
44,2012-09-28,21.22,1.019,219.76,5.629,2012,9,39,272,3,-1.0,-1.8369701987210297e-16,-1.0,-1.8369701987210297e-16
44,2012-10-05,21.35,0.82,221.394,6.076,2012,10,40,279,4,-0.8660254037844386,0.5000000000000001,-0.992708874098054,0.1205366802553232
44,2012-10-12,15.13,1.028,222.302,5.548,2012,10,41,286,4,-0.8660254037844386,0.5000000000000001,-0.9709418174260521,0.23931566428755738
44,2012-10-19,13.18,1.362,220.935,6.493,2012,10,42,293,4,-0.8660254037844386,0.5000000000000001,-0.9350162426854148,0.35460488704253557
44,2012-10-26,16.25,1.422,219.516,5.644,2012,10,43,300,4,-0.8660254037844386,0.5000000000000001,-0.8854560256532101,0.464723172043768
45,2010-02-05,63.07,3.148,208.76,8.863,2010,2,5,36,1,0.8660254037844386,0.5000000000000001,0.5680647467311558,0.8229838658936564
45,2010-02-12,65.36,3.572,211.549,8.878,2010,2,6,43,1,0.8660254037844386,0.5000000000000001,0.6631226582407952,0.7485107481711011
45,2010-02-19,71.66,3.53,209.986,8.309,2010,2,7,50,1,0.8660254037844386,0.5000000000000001,0.7485107481711011,0.6631226582407953
45,2010-02-26,61.84,3.876,205.063,8.781,2010,2,8,57,1,0.8660254037844386,0.5000000000000001,0.8229838658936564,0.5680647467311559
45,2010-03-05,69.77,3.635,207.017,9.681,2010,3,9,64,1,1.0,6.123233995736766e-17,0.8854560256532099,0.4647231720437686
45,2010-03-12,76.13,3.962,210.137,9.307,2010,3,10,71,1,1.0,6.123233995736766e-17,0.9350162426854148,0.35460488704253557
45,2010-03-19,82.7,4.12,211.92,9.877,2010,3,11,78,1,1.0,6.123233995736766e-17,0.970941817426052,0.23931566428755804
45,2010-03-26,71.56,3.82,209.892,9.796,2010,3,12,85,1,1.0,6.123233995736766e-17,0.992708874098054,0.120536680255323
45,2010-04-02,72.8,4.023,206.46,10.452,2010,4,13,92,2,0.8660254037844387,-0.4999999999999998,1.0,-1.6081226496766366e-16
45,2010-04-09,75.11,3.944,210.684,10.246,2010,4,14,99,2,0.8660254037844387,-0.4999999999999998,0.992708874098054,-0.12053668025532288
45,2010-04-16,77.43,4.214,210.989,9.878,2010,4,15,106,2,0.8660254037844387,-0.4999999999999998,0.9709418174260521,-0.2393156642875575
45,2010-04-23,69.07,3.949,210.548,9.76,2010,4,16,113,2,0.8660254037844387,-0.4999999999999998,0.9350162426854148,-0.35460488704253545
45,2010-04-30,74.35,3.717,212.791,10.564,2010,4,17,120,2,0.8660254037844387,-0.4999999999999998,0.8854560256532099,-0.4647231720437685
45,2010-05-07,75.81,3.732,208.739,9.999,2010,5,18,127,2,0.49999999999999994,-0.8660254037844387,0.8229838658936565,-0.5680647467311557
45,2010-05-14,75.75,3.498,211.601,9.347,2010,5,19,134,2,0.49999999999999994,-0.8660254037844387,0.7485107481711013,-0.663122658240795
45,2010-05-21,60.33,2.995,212.6,9.138,2010,5,20,141,2,0.49999999999999994,-0.8660254037844387,0.6631226582407952,-0.7485107481711012
45,2010-05-28,56.13,3.478,208.569,9.05,2010,5,21,148,2,0.49999999999999994,-0.8660254037844387,0.5680647467311558,-0.8229838658936564
45,2010-06-04,64.05,3.302,205.923,8.452,2010,6,22,155,2,1.2246467991473532e-16,-1.0,0.46472317204376906,-0.8854560256532096
45,2010-06-11,57.97,3.069,211.12,8.852,2010,6,23,162,2,1.2246467991473532e-16,-1.0,0.35460488704253584,-0.9350162426854147
45,2010-06-18,50.55,3.073,208.935,8.082,2010,6,24,169,2,1.2246467991473532e-16,-1.0,0.23931566428755768,-0.970941817426052
45,2010-06-25,51.89,2.614,212.854,7.527,2010,6,25,176,2,1.2246467991473532e-16,-1.0,0.12053668025532308,-0.992708874098054
45,2010-07-02,41.8,2.816,213.597,8.142,2010,7,26,183,3,-0.4999999999999997,-0.8660254037844388,-3.216245299353273e-16,-1.0
45,2010-07-09,41.74,2.418,210.026,6.992,2010,7,27,190,3,-0.4999999999999997,-0.8660254037844388,-0.12053668025532283,-0.992708874098054
45,2010-07-16,43.74,2.387,210.234,7.142,2010,7,28,197,3,-0.4999999999999997,-0.8660254037844388,-0.23931566428755743,-0.9709418174260521
45,2010-07-23,34.74,2.315,208.023,6.791,2010,7,29,204,3,-0.4999999999999997,-0.8660254037844388,-0.3546048870425356,-0.9350162426854148
45,2010-07-30,34.29,1.47,209.191,7.368,2010,7,30,211,3,-0.4999999999999997,-0.8660254037844388,-0.46472317204376806,-0.8854560256532101
45,2010-08-06,25.32,1.496,210.142,7.301,2010,8,31,218,3,-0.8660254037844385,-0.5000000000000004,-0.5680647467311556,-0.8229838658936566
45,2010-08-13,25.85,1.444,208.873,6.54,2010,8,32,225,3,-0.8660254037844385,-0.5000000000000004,-0.663122658240795,-0.7485107481711013
45,2010-08-20,28.39,0.982,208.039,6.333,2010,8,33,232,3,-0.8660254037844385,-0.5000000000000004,-0.7485107481711011,-0.6631226582407952
45,2010-08-27,15.4,1.565,211.931,5.963,2010,8,34,239,3,-0.8660254037844385,-0.5000000000000004,-0.8229838658936564,-0.5680647467311559
45,2010-09-03,18.62,1.16,209.151,6.255,2010,9,35,246,3,-1.0,-1.8369701987210297e-16,-0.8854560256532096,-0.4647231720437691
45,2010-09-10,21.76,1.38,209.895,6.92,2010,9,36,253,3,-1.0,-1.8369701987210297e-16,-0.9350162426854147,-0.3546048870425359
45,2010-09-17,14.05,0.946,209.399,6.167,2010,9,37,260,3,-1.0,-1.8369701987210297e-16,-0.970941817426052,-0.23931566428755774
45,2010-09-24,26.92,1.247,210.347,5.679,2010,9,38,267,3,-1.0,-1.8369701987210297e-16,-0.992708874098054,-0.12053668025532357
45,2010-10-01,11.1,1.598,209.121,6.082,2010,10,39,274,4,-0.8660254037844386,0.5000000000000001,-1.0,-1.8369701987210297e-16
45,2010-10-08,12.12,0.899,207.131,5.911,2010,10,40,281,4,-0.8660254037844386,0.5000000000000001,-0.992708874098054,0.1205366802553232
45,2010-10-15,16.6,0.98,206.435,5.388,2010,10,41,288,4,-0.8660254037844386,0.5000000000000001,-0.9709418174260521,0.23931566428755738
45,2010-10-22,19.77,0.718,210.196,6.168,2010,10,42,295,4,-0.8660254037844386,0.5000000000000001,-0.9350162426854148,0.35460488704253557
45,2010-10-29,20.36,1.105,209.203,6.423,2010,10,43,302,4,-0.8660254037844386,0.5000000000000001,-0.8854560256532101,0.464723172043768
45,2010-11-05,24.15,1.261,209.587,6.69,2010,11,44,309,4,-0.5000000000000004,0.8660254037844384,-0.822983865893657,0.5680647467311548
45,2010-11-12,26.37,1.491,210.716,6.558,2010,11,45,316,4,-0.5000000000000004,0.8660254037844384,-0.7485107481711011,0.6631226582407952
45,2010-11-19,29.62,1.566,212.073,6.625,2010,11,46,323,4,-0.5000000000000004,0.8660254037844384,-0.6631226582407955,0.7485107481711007
45,2010-11-26,31.97,2.026,212.124,6.187,2010,11,47,330,4,-0.5000000000000004,0.8660254037844384,-0.5680647467311559,0.8229838658936564
45,2010-12-03,31.09,1.991,208.968,7.178,2010,12,48,337,4,-2.4492935982947064e-16,1.0,-0.4647231720437684,0.88545602565321
45,2010-12-10,29.99,2.03,210.269,7.128,2010,12,49,344,4,-2.4492935982947064e-16,1.0,-0.35460488704253595,0.9350162426854147
45,2010-12-17,43.93,2.081,207.124,7.496,2010,12,50,351,4,-2.4492935982947064e-16,1.0,-0.2393156642875578,0.970941817426052
45,2010-12-24,49.84,2.326,210.67,8.074,2010,12,51,358,4,-2.4492935982947064e-16,1.0,-0.12053668025532363,0.992708874098054
45,2010-12-31,41.45,2.516,210.936,8.781,2010,12,52,365,4,-2.4492935982947064e-16,1.0,6.432490598706546e-16,1.0
45,2011-01-07,51.68,2.829,213.045,7.971,2011,1,1,7,1,0.49999999999999994,0.8660254037844387,0.12053668025532305,0.992708874098054
45,2011-01-14,50.2,2.982,215.549,7.803,2011,1,2,14,1,0.49999999999999994,0.8660254037844387,0.23931566428755774,0.970941817426052
45,2011-01-21,44.77,3.149,216.526,9.186,2011,1,3,21,1,0.49999999999999994,0.8660254037844387,0.3546048870425356,0.9350162426854148
45,2011-01-28,59.49,3.106,213.206,9.089,2011,1,4,28,1,0.49999999999999994,0.8660254037844387,0.4647231720437685,0.8854560256532099
45,2011-02-04,66.25,2.944,212.756,9.381,2011,2,5,35,1,0.8660254037844386,0.5000000000000001,0.5680647467311558,0.8229838658936564
45,2011-02-11,65.43,3.467,211.937,8.685,2011,2,6,42,1,0.8660254037844386,0.5000000000000001,0.6631226582407952,0.7485107481711011
45,2011-02-18,75.48,3.895,216.097,10.47,2011,2,7,49,1,0.8660254037844386,0.5000000000000001,0.7485107481711011,0.6631226582407953
45,2011-02-25,71.59,3.384,215.526,9.18,2011,2,8,56,1,0.8660254037844386,0.5000000000000001,0.8229838658936564,0.5680647467311559
45,2011-03-04,68.83,3.864,215.213,10.054,2011,3,9,63,1,1.0,6.123233995736766e-17,0.8854560256532099,0.4647231720437686
45,2011-03-11,72.04,4.066,212.747,10.007,2011,3,10,70,1,1.0,6.123233995736766e-17,0.9350162426854148,0.35460488704253557
45,2011-03-18,73.11,3.679,215.995,10.952,2011,3,11,77,1,1.0,6.123233995736766e-17,0.970941817426052,0.23931566428755804
45,2011-03-25,71.68,3.977,215.272,9.664,2011,3,12,84,1,1.0,6.123233995736766e-17,0.992708874098054,0.120536680255323
45,2011-04-01,83.72,3.811,217.11,9.699,2011,4,13,91,2,0.8660254037844387,-0.4999999999999998,1.0,-1.6081226496766366e-16
45,2011-04-08,72.31,4.061,213.183,10.817,2011,4,14,98,2,0.8660254037844387,-0.4999999999999998,0.992708874098054,-0.12053668025532288
45,2011-04-15,79.51,4.146,217.65,10.775,2011,4,15,105,2,0.8660254037844387,-0.4999999999999998,0.9709418174260521,-0.2393156642875575
45,2011-04-22,79.56,3.911,209.825,8.883,2011,4,16,112,2,0.8660254037844387,-0.4999999999999998,0.9350162426854148,-0.35460488704253545
45,2011-04-29,65.16,3.9,212.378,10.536,2011,4,17,119,2,0.8660254037844387,-0.4999999999999998,0.8854560256532099,-0.4647231720437685
45,2011-05-06,61.29,3.528,215.395,10.32,2011,5,18,126,2,0.49999999999999994,-0.8660254037844387,0.8229838658936565,-0.5680647467311557
45,2011-05-13,69.47,3.682,212.145,9.78,2011,5,19,133,2,0.49999999999999994,-0.8660254037844387,0.7485107481711013,-0.663122658240795
45,2011-05-20,63.12,3.674,216.654,9.992,2011,5,20,140,2,0.49999999999999994,-0.8660254037844387,0.6631226582407952,-0.7485107481711012
45,2011-05-27,60.4,3.31,217.92,9.432,2011,5,21,147,2,0.49999999999999994,-0.8660254037844387,0.5680647467311558,-0.8229838658936564
45,2011-06-03,54.82,3.41,216.722,9.219,2011,6,22,154,2,1.2246467991473532e-16,-1.0,0.46472317204376906,-0.8854560256532096
45,2011-06-10,68.03,3.071,214.513,9.516,2011,6,23,161,2,1.2246467991473532e-16,-1.0,0.35460488704253584,-0.9350162426854147
45,2011-06-17,55.97,2.719,218.272,8.912,2011,6,24,168,2,1.2246467991473532e-16,-1.0,0.23931566428755768,-0.970941817426052
45,2011-06-24,59.58,2.746,216.814,8.046,2011,6,25,175,2,1.2246467991473532e-16,-1.0,0.12053668025532308,-0.992708874098054
45,2011-07-01,56.18,2.729,212.688,7.885,2011,7,26,182,3,-0.4999999999999997,-0.8660254037844388,-3.216245299353273e-16,-1.0
45,2011-07-08,51.39,2.184,217.274,7.804,2011,7,27,189,3,-0.4999999999999997,-0.8660254037844388,-0.12053668025532283,-0.992708874098054
45,2011-07-15,32.42,2.467,217.692,7.073,2011,7,28,196,3,-0.4999999999999997,-0.8660254037844388,-0.23931566428755743,-0.9709418174260521
45,2011-07-22,33.59,1.924,218.286,7.057,2011,7,29,203,3,-0.4999999999999997,-0.8660254037844388,-0.3546048870425356,-0.9350162426854148
45,2011-07-29,37.03,1.645,211.784,6.812,2011,7,30,210,3,-0.4999999999999997,-0.8660254037844388,-0.46472317204376806,-0.8854560256532101
45,2011-08-05,31.77,1.404,215.71,6.573,2011,8,31,217,3,-0.8660254037844385,-0.5000000000000004,-0.5680647467311556,-0.8229838658936566
45,2011-08-12,14.6,1.429,214.246,7.04,2011,8,32,224,3,-0.8660254037844385,-0.5000000000000004,-0.663122658240795,-0.7485107481711013
45,2011-08-19,31.45,1.283,216.441,5.942,2011,8,33,231,3,-0.8660254037844385,-0.5000000000000004,-0.7485107481711011,-0.6631226582407952
45,2011-08-26,19.62,1.616,215.502,6.683,2011,8,34,238,3,-0.8660254037844385,-0.5000000000000004,-0.8229838658936564,-0.5680647467311559
45,2011-09-02,16.6,1.28,212.28,6.871,2011,9,35,245,3,-1.0,-1.8369701987210297e-16,-0.8854560256532096,-0.4647231720437691
45,2011-09-09,21.75,0.991,214.147,5.444,2011,9,36,252,3,-1.0,-1.8369701987210297e-16,-0.9350162426854147,-0.3546048870425359
45,2011-09-16,9.07,1.079,216.993,5.672,2011,9,37,259,3,-1.0,-1.8369701987210297e-16,-0.970941817426052,-0.23931566428755774
45,2011-09-23,11.86,1.048,216.891,6.29,2011,9,38,266,3,-1.0,-1.8369701987210297e-16,-0.992708874098054,-0.12053668025532357
45,2011-09-30,9.36,0.779,213.518,6.667,2011,9,39,273,3,-1.0,-1.8369701987210297e-16,-1.0,-1.8369701987210297e-16
45,2011-10-07,19.5,0.96,216.2,5.591,2011,10,40,280,4,-0.8660254037844386,0.5000000000000001,-0.992708874098054,0.1205366802553232
45,2011-10-14,13.59,0.708,214.442,4.739,2011,10,41,287,4,-0.8660254037844386,0.5000000000000001,-0.9709418174260521,0.23931566428755738
45,2011-10-21,13.02,0.905,214.532,5.677,2011,10,42,294,4,-0.8660254037844386,0.5000000000000001,-0.9350162426854148,0.35460488704253557
45,2011-10-28,14.41,1.214,212.815,6.447,2011,10,43,301,4,-0.8660254037844386,0.5000000000000001,-0.8854560256532101,0.464723172043768
45,2011-11-04,27.92,1.723,211.953,5.864,2011,11,44,308,4,-0.5000000000000004,0.8660254037844384,-0.822983865893657,0.5680647467311548
45,2011-11-11,22.17,1.193,215.518,6.128,2011,11,45,315,4,-0.5000000000000004,0.8660254037844384,-0.7485107481711011,0.6631226582407952
45,2011-11-18,11.13,1.212,216.584,6.014,2011,11,46,322,4,-0.5000000000000004,0.8660254037844384,-0.6631226582407955,0.7485107481711007
45,2011-11-25,30.85,2.084,212.958,7.842,2011,11,47,329,4,-0.5000000000000004,0.8660254037844384,-0.5680647467311559,0.8229838658936564
45,2011-12-02,25.66,1.773,216.658,6.539,2011,12,48,336,4,-2.4492935982947064e-16,1.0,-0.4647231720437684,0.88545602565321
45,2011-12-09,33.62,2.072,213.6,6.55,2011,12,49,343,4,-2.4492935982947064e-16,1.0,-0.35460488704253595,0.9350162426854147
45,2011-12-16,35.06,2.226,212.501,8.242,2011,12,50,350,4,-2.4492935982947064e-16,1.0,-0.2393156642875578,0.970941817426052
45,2011-12-23,36.07,2.405,213.173,8.937,2011,12,51,357,4,-2.4492935982947064e-16,1.0,-0.12053668025532363,0.992708874098054
45,2011-12-30,50.63,2.667,216.554,7.298,2011,12,52,364,4,-2.4492935982947064e-16,1.0,6.432490598706546e-16,1.0
45,2012-01-06,41.29,3.201,216.27,7.55,2012,1,1,6,1,0.49999999999999994,0.8660254037844387,0.12053668025532305,0.992708874098054
45,2012-01-13,44.01,2.914,218.16,9.472,2012,1,2,13,1,0.49999999999999994,0.8660254037844387,0.23931566428755774,0.970941817426052
45,2012-01-20,52.84,2.768,219.771,9.183,2012,1,3,20,1,0.49999999999999994,0.8660254037844387,0.3546048870425356,0.9350162426854148
45,2012-01-27,60.53,3.105,222.394,8.274,2012,1,4,27,1,0.49999999999999994,0.8660254037844387,0.4647231720437685,0.8854560256532099
45,2012-02-03,55.95,3.489,217.582,8.707,2012,2,5,34,1,0.8660254037844386,0.5000000000000001,0.5680647467311558,0.8229838658936564
45,2012-02-10,65.1,3.5,219.871,8.818,2012,2,6,41,1,0.8660254037844386,0.5000000000000001,0.6631226582407952,0.7485107481711011
45,2012-02-17,63.41,3.473,223.569,9.171,2012,2,7,48,1,0.8660254037844386,0.5000000000000001,0.7485107481711011,0.6631226582407953
45,2012-02-24,69.27,3.863,220.678,9.654,2012,2,8,55,1,0.8660254037844386,0.5000000000000001,0.8229838658936564,0.5680647467311559
45,2012-03-02,67.32,3.996,222.728,9.03,2012,3,9,62,1,1.0,6.123233995736766e-17,0.8854560256532099,0.4647231720437686
45,2012-03-09,74.17,4.013,220.132,9.559,2012,3,10,69,1,1.0,6.123233995736766e-17,0.9350162426854148,0.35460488704253557
45,2012-03-16,70.77,4.044,217.9,10.474,2012,3,11,76,1,1.0,6.123233995736766e-17,0.970941817426052,0.23931566428755804
45,2012-03-23,59.73,4.236,216.857,9.983,2012,3,12,83,1,1.0,6.123233995736766e-17,0.992708874098054,0.120536680255323
45,2012-03-30,80.83,3.819,220.587,10.423,2012,3,13,90,1,1.0,6.123233995736766e-17,1.0,-1.6081226496766366e-16
45,2012-04-06,79.58,3.798,224.439,10.103,2012,4,14,97,2,0.8660254037844387,-0.4999999999999998,0.992708874098054,-0.12053668025532288
45,2012-04-13,74.8,3.834,221.732,9.799,2012,4,15,104,2,0.8660254037844387,-0.4999999999999998,0.9709418174260521,-0.2393156642875575
45,2012-04-20,72.58,3.777,218.77,9.762,2012,4,16,111,2,0.8660254037844387,-0.4999999999999998,0.9350162426854148,-0.35460488704253545
45,2012-04-27,73.97,3.727,219.344,9.532,2012,4,17,118,2,0.8660254037844387,-0.4999999999999998,0.8854560256532099,-0.4647231720437685
45,2012-05-04,69.56,3.68,221.164,8.857,2012,5,18,125,2,0.49999999999999994,-0.8660254037844387,0.8229838658936565,-0.5680647467311557
45,2012-05-11,70.15,3.573,220.315,9.966,2012,5,19,132,2,0.49999999999999994,-0.8660254037844387,0.7485107481711013,-0.663122658240795
45,2012-05-18,62.97,3.579,219.667,8.603,2012,5,20,139,2,0.49999999999999994,-0.8660254037844387,0.6631226582407952,-0.7485107481711012
45,2012-05-25,63.79,3.245,217.958,10.062,2012,5,21,146,2,0.49999999999999994,-0.8660254037844387,0.5680647467311558,-0.8229838658936564
45,2012-06-01,57.22,3.209,222.326,8.826,2012,6,22,153,2,1.2246467991473532e-16,-1.0,0.46472317204376906,-0.8854560256532096
45,2012-06-08,59.71,3.372,221.6,8.541,2012,6,23,160,2,1.2246467991473532e-16,-1.0,0.35460488704253584,-0.9350162426854147
45,2012-06-15,48.78,3.296,218.013,9.449,2012,6,24,167,2,1.2246467991473532e-16,-1.0,0.23931566428755768,-0.970941817426052
45,2012-06-22,45.66,2.457,220.338,7.681,2012,6,25,174,2,1.2246467991473532e-16,-1.0,0.12053668025532308,-0.992708874098054
45,2012-06-29,46.34,2.328,219.254,8.214,2012,6,26,181,2,1.2246467991473532e-16,-1.0,-3.216245299353273e-16,-1.0
45,2012-07-06,32.15,2.414,220.039,8.123,2012,7,27,188,3,-0.4999999999999997,-0.8660254037844388,-0.12053668025532283,-0.992708874098054
45,2012-07-13,36.49,2.031,217.388,8.148,2012,7,28,195,3,-0.4999999999999997,-0.8660254037844388,-0.23931566428755743,-0.9709418174260521
45,2012-07-20,30.87,1.94,222.188,7.772,2012,7,29,202,3,-0.4999999999999997,-0.8660254037844388,-0.3546048870425356,-0.9350162426854148
45,2012-07-27,34.56,1.963,216.923,7.541,2012,7,30,209,3,-0.4999999999999997,-0.8660254037844388,-0.46472317204376806,-0.8854560256532101
45,2012-08-03,25.96,1.902,219.77,6.675,2012,8,31,216,3,-0.8660254037844385,-0.5000000000000004,-0.5680647467311556,-0.8229838658936566
45,2012-08-10,25.14,1.767,221.37,7.155,2012,8,32,223,3,-0.8660254037844385,-0.5000000000000004,-0.663122658240795,-0.7485107481711013
45,2012-08-17,21.11,1.509,219.262,6.086,2012,8,33,230,3,-0.8660254037844385,-0.5000000000000004,-0.7485107481711011,-0.6631226582407952
45,2012-08-24,10.78,1.173,222.299,7.232,2012,8,34,237,3,-0.8660254037844385,-0.5000000000000004,-0.8229838658936564,-0.5680647467311559
45,2012-08-31,12.48,1.402,216.133,5.956,2012,8,35,244,3,-0.8660254037844385,-0.5000000000000004,-0.8854560256532096,-0.4647231720437691
45,2012-09-07,22.36,0.649,223.315,6.106,2012,9,36,251,3,-1.0,-1.8369701987210297e-16,-0.9350162426854147,-0.3546048870425359
45,2012-09-14,23.13,0.732,220.486,5.842,2012,9,37,258,3,-1.0,-1.8369701987210297e-16,-0.970941817426052,-0.23931566428755774
45,2012-09-21,19.71,0.808,219.265,5.704,2012,9,38,265,3,-1.0,-1.8369701987210297e-16,-0.992708874098054,-0.12053668025532357
45,2012-09-28,15.4,0.692,220.483,6.892,2012,9,39,272,3,-1.0,-1.8369701987210297e-16,-1.0,-1.8369701987210297e-16
45,2012-10-05,18.11,1.021,224.439,5.516,2012,10,40,279,4,-0.8660254037844386,0.5000000000000001,-0.992708874098054,0.1205366802553232
45,2012-10-12,7.97,0.933,217.496,5.623,2012,10,41,286,4,-0.8660254037844386,0.5000000000000001,-0.9709418174260521,0.23931566428755738
45,2012-10-19,17.89,1.085,217.73,5.213,2012,10,42,293,4,-0.8660254037844386,0.5000000000000001,-0.9350162426854148,0.35460488704253557
45,2012-10-26,15.9,0.99,220.256,7.011,2012,10,43,300,4,-0.8660254037844386,0.5000000000000001,-0.8854560256532101,0.464723172043768
